ISO-10303-21;
HEADER;
FILE_DESCRIPTION(('Open CASCADE Model'),'2;1');
FILE_NAME('Open CASCADE Shape Model','2026-04-14T19:02:17',('Author'),(
    'Open CASCADE'),'Open CASCADE STEP processor 7.5','Open CASCADE 7.5'
  ,'Unknown');
FILE_SCHEMA(('AUTOMOTIVE_DESIGN { 1 0 10303 214 1 1 1 1 }'));
ENDSEC;
DATA;
#1 = APPLICATION_PROTOCOL_DEFINITION('international standard',
  'automotive_design',2000,#2);
#2 = APPLICATION_CONTEXT(
  'core data for automotive mechanical design processes');
#3 = SHAPE_DEFINITION_REPRESENTATION(#4,#10);
#4 = PRODUCT_DEFINITION_SHAPE('','',#5);
#5 = PRODUCT_DEFINITION('design','',#6,#9);
#6 = PRODUCT_DEFINITION_FORMATION('','',#7);
#7 = PRODUCT('CQ assembly','CQ assembly','',(#8));
#8 = PRODUCT_CONTEXT('',#2,'mechanical');
#9 = PRODUCT_DEFINITION_CONTEXT('part definition',#2,'design');
#10 = SHAPE_REPRESENTATION('',(#11,#15),#19);
#11 = AXIS2_PLACEMENT_3D('',#12,#13,#14);
#12 = CARTESIAN_POINT('',(0.,0.,0.));
#13 = DIRECTION('',(0.,0.,1.));
#14 = DIRECTION('',(1.,0.,-0.));
#15 = AXIS2_PLACEMENT_3D('',#16,#17,#18);
#16 = CARTESIAN_POINT('',(0.,0.,0.));
#17 = DIRECTION('',(0.,0.,1.));
#18 = DIRECTION('',(1.,0.,-0.));
#19 = ( GEOMETRIC_REPRESENTATION_CONTEXT(3) 
GLOBAL_UNCERTAINTY_ASSIGNED_CONTEXT((#23)) GLOBAL_UNIT_ASSIGNED_CONTEXT(
(#20,#21,#22)) REPRESENTATION_CONTEXT('Context #1',
  '3D Context with UNIT and UNCERTAINTY') );
#20 = ( LENGTH_UNIT() NAMED_UNIT(*) SI_UNIT(.MILLI.,.METRE.) );
#21 = ( NAMED_UNIT(*) PLANE_ANGLE_UNIT() SI_UNIT($,.RADIAN.) );
#22 = ( NAMED_UNIT(*) SI_UNIT($,.STERADIAN.) SOLID_ANGLE_UNIT() );
#23 = UNCERTAINTY_MEASURE_WITH_UNIT(LENGTH_MEASURE(1.E-07),#20,
  'distance_accuracy_value','confusion accuracy');
#24 = PRODUCT_RELATED_PRODUCT_CATEGORY('part',$,(#7));
#25 = SHAPE_DEFINITION_REPRESENTATION(#26,#32);
#26 = PRODUCT_DEFINITION_SHAPE('','',#27);
#27 = PRODUCT_DEFINITION('design','',#28,#31);
#28 = PRODUCT_DEFINITION_FORMATION('','',#29);
#29 = PRODUCT('74a538f8-3834-11f1-91ad-0e5883e669a9',
  '74a538f8-3834-11f1-91ad-0e5883e669a9','',(#30));
#30 = PRODUCT_CONTEXT('',#2,'mechanical');
#31 = PRODUCT_DEFINITION_CONTEXT('part definition',#2,'design');
#32 = SHAPE_REPRESENTATION('',(#11,#33,#37,#41,#45,#49,#53,#57,#61,#65,
    #69,#73,#77,#81,#85,#89),#93);
#33 = AXIS2_PLACEMENT_3D('',#34,#35,#36);
#34 = CARTESIAN_POINT('',(0.,0.,0.));
#35 = DIRECTION('',(0.,0.,1.));
#36 = DIRECTION('',(1.,0.,-0.));
#37 = AXIS2_PLACEMENT_3D('',#38,#39,#40);
#38 = CARTESIAN_POINT('',(0.,0.,0.));
#39 = DIRECTION('',(0.,0.,1.));
#40 = DIRECTION('',(1.,0.,-0.));
#41 = AXIS2_PLACEMENT_3D('',#42,#43,#44);
#42 = CARTESIAN_POINT('',(0.,0.,5.));
#43 = DIRECTION('',(0.,0.,1.));
#44 = DIRECTION('',(1.,0.,-0.));
#45 = AXIS2_PLACEMENT_3D('',#46,#47,#48);
#46 = CARTESIAN_POINT('',(42.,0.,16.76));
#47 = DIRECTION('',(0.,-1.224646799147E-16,-1.));
#48 = DIRECTION('',(1.,0.,0.));
#49 = AXIS2_PLACEMENT_3D('',#50,#51,#52);
#50 = CARTESIAN_POINT('',(42.,0.,0.));
#51 = DIRECTION('',(0.,0.,1.));
#52 = DIRECTION('',(1.,0.,-0.));
#53 = AXIS2_PLACEMENT_3D('',#54,#55,#56);
#54 = CARTESIAN_POINT('',(21.,36.373066958946,16.76));
#55 = DIRECTION('',(0.,-1.224646799147E-16,-1.));
#56 = DIRECTION('',(1.,0.,0.));
#57 = AXIS2_PLACEMENT_3D('',#58,#59,#60);
#58 = CARTESIAN_POINT('',(21.,36.373066958946,0.));
#59 = DIRECTION('',(0.,0.,1.));
#60 = DIRECTION('',(1.,0.,-0.));
#61 = AXIS2_PLACEMENT_3D('',#62,#63,#64);
#62 = CARTESIAN_POINT('',(-21.,36.373066958946,16.76));
#63 = DIRECTION('',(0.,-1.224646799147E-16,-1.));
#64 = DIRECTION('',(1.,0.,0.));
#65 = AXIS2_PLACEMENT_3D('',#66,#67,#68);
#66 = CARTESIAN_POINT('',(-21.,36.373066958946,0.));
#67 = DIRECTION('',(0.,0.,1.));
#68 = DIRECTION('',(1.,0.,-0.));
#69 = AXIS2_PLACEMENT_3D('',#70,#71,#72);
#70 = CARTESIAN_POINT('',(-42.,5.143516556419E-15,16.76));
#71 = DIRECTION('',(0.,-1.224646799147E-16,-1.));
#72 = DIRECTION('',(1.,0.,0.));
#73 = AXIS2_PLACEMENT_3D('',#74,#75,#76);
#74 = CARTESIAN_POINT('',(-42.,5.143516556419E-15,0.));
#75 = DIRECTION('',(0.,0.,1.));
#76 = DIRECTION('',(1.,0.,-0.));
#77 = AXIS2_PLACEMENT_3D('',#78,#79,#80);
#78 = CARTESIAN_POINT('',(-21.,-36.37306695894,16.76));
#79 = DIRECTION('',(0.,-1.224646799147E-16,-1.));
#80 = DIRECTION('',(1.,0.,0.));
#81 = AXIS2_PLACEMENT_3D('',#82,#83,#84);
#82 = CARTESIAN_POINT('',(-21.,-36.37306695894,0.));
#83 = DIRECTION('',(0.,0.,1.));
#84 = DIRECTION('',(1.,0.,-0.));
#85 = AXIS2_PLACEMENT_3D('',#86,#87,#88);
#86 = CARTESIAN_POINT('',(21.,-36.37306695894,16.76));
#87 = DIRECTION('',(0.,-1.224646799147E-16,-1.));
#88 = DIRECTION('',(1.,0.,0.));
#89 = AXIS2_PLACEMENT_3D('',#90,#91,#92);
#90 = CARTESIAN_POINT('',(21.,-36.37306695894,0.));
#91 = DIRECTION('',(0.,0.,1.));
#92 = DIRECTION('',(1.,0.,-0.));
#93 = ( GEOMETRIC_REPRESENTATION_CONTEXT(3) 
GLOBAL_UNCERTAINTY_ASSIGNED_CONTEXT((#97)) GLOBAL_UNIT_ASSIGNED_CONTEXT(
(#94,#95,#96)) REPRESENTATION_CONTEXT('Context #1',
  '3D Context with UNIT and UNCERTAINTY') );
#94 = ( LENGTH_UNIT() NAMED_UNIT(*) SI_UNIT(.MILLI.,.METRE.) );
#95 = ( NAMED_UNIT(*) PLANE_ANGLE_UNIT() SI_UNIT($,.RADIAN.) );
#96 = ( NAMED_UNIT(*) SI_UNIT($,.STERADIAN.) SOLID_ANGLE_UNIT() );
#97 = UNCERTAINTY_MEASURE_WITH_UNIT(LENGTH_MEASURE(1.E-07),#94,
  'distance_accuracy_value','confusion accuracy');
#98 = SHAPE_REPRESENTATION('',(#11),#99);
#99 = ( GEOMETRIC_REPRESENTATION_CONTEXT(3) 
GLOBAL_UNCERTAINTY_ASSIGNED_CONTEXT((#103)) GLOBAL_UNIT_ASSIGNED_CONTEXT
((#100,#101,#102)) REPRESENTATION_CONTEXT('Context #1',
  '3D Context with UNIT and UNCERTAINTY') );
#100 = ( LENGTH_UNIT() NAMED_UNIT(*) SI_UNIT(.MILLI.,.METRE.) );
#101 = ( NAMED_UNIT(*) PLANE_ANGLE_UNIT() SI_UNIT($,.RADIAN.) );
#102 = ( NAMED_UNIT(*) SI_UNIT($,.STERADIAN.) SOLID_ANGLE_UNIT() );
#103 = UNCERTAINTY_MEASURE_WITH_UNIT(LENGTH_MEASURE(1.E-07),#100,
  'distance_accuracy_value','confusion accuracy');
#104 = SHAPE_DEFINITION_REPRESENTATION(#105,#98);
#105 = PRODUCT_DEFINITION_SHAPE('','',#106);
#106 = PRODUCT_DEFINITION('design','',#107,#110);
#107 = PRODUCT_DEFINITION_FORMATION('','',#108);
#108 = PRODUCT('74a538f8-3834-11f1-91ad-0e5883e669a9_part',
  '74a538f8-3834-11f1-91ad-0e5883e669a9_part','',(#109));
#109 = PRODUCT_CONTEXT('',#2,'mechanical');
#110 = PRODUCT_DEFINITION_CONTEXT('part definition',#2,'design');
#111 = CONTEXT_DEPENDENT_SHAPE_REPRESENTATION(#112,#114);
#112 = ( REPRESENTATION_RELATIONSHIP('','',#98,#32) 
REPRESENTATION_RELATIONSHIP_WITH_TRANSFORMATION(#113) 
SHAPE_REPRESENTATION_RELATIONSHIP() );
#113 = ITEM_DEFINED_TRANSFORMATION('','',#11,#33);
#114 = PRODUCT_DEFINITION_SHAPE('Placement','Placement of an item',#115
  );
#115 = NEXT_ASSEMBLY_USAGE_OCCURRENCE('1','','',#27,#106,$);
#116 = PRODUCT_RELATED_PRODUCT_CATEGORY('part',$,(#108));
#117 = SHAPE_DEFINITION_REPRESENTATION(#118,#124);
#118 = PRODUCT_DEFINITION_SHAPE('','',#119);
#119 = PRODUCT_DEFINITION('design','',#120,#123);
#120 = PRODUCT_DEFINITION_FORMATION('','',#121);
#121 = PRODUCT('plate_0','plate_0','',(#122));
#122 = PRODUCT_CONTEXT('',#2,'mechanical');
#123 = PRODUCT_DEFINITION_CONTEXT('part definition',#2,'design');
#124 = SHAPE_REPRESENTATION('',(#11,#125),#129);
#125 = AXIS2_PLACEMENT_3D('',#126,#127,#128);
#126 = CARTESIAN_POINT('',(0.,0.,0.));
#127 = DIRECTION('',(0.,0.,1.));
#128 = DIRECTION('',(1.,0.,-0.));
#129 = ( GEOMETRIC_REPRESENTATION_CONTEXT(3) 
GLOBAL_UNCERTAINTY_ASSIGNED_CONTEXT((#133)) GLOBAL_UNIT_ASSIGNED_CONTEXT
((#130,#131,#132)) REPRESENTATION_CONTEXT('Context #1',
  '3D Context with UNIT and UNCERTAINTY') );
#130 = ( LENGTH_UNIT() NAMED_UNIT(*) SI_UNIT(.MILLI.,.METRE.) );
#131 = ( NAMED_UNIT(*) PLANE_ANGLE_UNIT() SI_UNIT($,.RADIAN.) );
#132 = ( NAMED_UNIT(*) SI_UNIT($,.STERADIAN.) SOLID_ANGLE_UNIT() );
#133 = UNCERTAINTY_MEASURE_WITH_UNIT(LENGTH_MEASURE(1.E-07),#130,
  'distance_accuracy_value','confusion accuracy');
#134 = ADVANCED_BREP_SHAPE_REPRESENTATION('',(#11,#135),#761);
#135 = MANIFOLD_SOLID_BREP('',#136);
#136 = CLOSED_SHELL('',(#137,#225,#415,#599,#626,#653,#680,#707,#734));
#137 = ADVANCED_FACE('',(#138),#152,.T.);
#138 = FACE_BOUND('',#139,.F.);
#139 = EDGE_LOOP('',(#140,#170,#197,#198));
#140 = ORIENTED_EDGE('',*,*,#141,.T.);
#141 = EDGE_CURVE('',#142,#144,#146,.T.);
#142 = VERTEX_POINT('',#143);
#143 = CARTESIAN_POINT('',(60.,0.,0.));
#144 = VERTEX_POINT('',#145);
#145 = CARTESIAN_POINT('',(60.,0.,5.));
#146 = SEAM_CURVE('',#147,(#151,#163),.PCURVE_S1.);
#147 = LINE('',#148,#149);
#148 = CARTESIAN_POINT('',(60.,0.,0.));
#149 = VECTOR('',#150,1.);
#150 = DIRECTION('',(0.,0.,1.));
#151 = PCURVE('',#152,#157);
#152 = CYLINDRICAL_SURFACE('',#153,60.);
#153 = AXIS2_PLACEMENT_3D('',#154,#155,#156);
#154 = CARTESIAN_POINT('',(0.,0.,0.));
#155 = DIRECTION('',(-0.,-0.,-1.));
#156 = DIRECTION('',(1.,0.,0.));
#157 = DEFINITIONAL_REPRESENTATION('',(#158),#162);
#158 = LINE('',#159,#160);
#159 = CARTESIAN_POINT('',(-0.,0.));
#160 = VECTOR('',#161,1.);
#161 = DIRECTION('',(-0.,-1.));
#162 = ( GEOMETRIC_REPRESENTATION_CONTEXT(2) 
PARAMETRIC_REPRESENTATION_CONTEXT() REPRESENTATION_CONTEXT('2D SPACE',''
  ) );
#163 = PCURVE('',#152,#164);
#164 = DEFINITIONAL_REPRESENTATION('',(#165),#169);
#165 = LINE('',#166,#167);
#166 = CARTESIAN_POINT('',(-6.28318530718,0.));
#167 = VECTOR('',#168,1.);
#168 = DIRECTION('',(-0.,-1.));
#169 = ( GEOMETRIC_REPRESENTATION_CONTEXT(2) 
PARAMETRIC_REPRESENTATION_CONTEXT() REPRESENTATION_CONTEXT('2D SPACE',''
  ) );
#170 = ORIENTED_EDGE('',*,*,#171,.T.);
#171 = EDGE_CURVE('',#144,#144,#172,.T.);
#172 = SURFACE_CURVE('',#173,(#178,#185),.PCURVE_S1.);
#173 = CIRCLE('',#174,60.);
#174 = AXIS2_PLACEMENT_3D('',#175,#176,#177);
#175 = CARTESIAN_POINT('',(0.,0.,5.));
#176 = DIRECTION('',(0.,0.,1.));
#177 = DIRECTION('',(1.,0.,0.));
#178 = PCURVE('',#152,#179);
#179 = DEFINITIONAL_REPRESENTATION('',(#180),#184);
#180 = LINE('',#181,#182);
#181 = CARTESIAN_POINT('',(-0.,-5.));
#182 = VECTOR('',#183,1.);
#183 = DIRECTION('',(-1.,0.));
#184 = ( GEOMETRIC_REPRESENTATION_CONTEXT(2) 
PARAMETRIC_REPRESENTATION_CONTEXT() REPRESENTATION_CONTEXT('2D SPACE',''
  ) );
#185 = PCURVE('',#186,#191);
#186 = PLANE('',#187);
#187 = AXIS2_PLACEMENT_3D('',#188,#189,#190);
#188 = CARTESIAN_POINT('',(-2.917205616084E-15,4.679120177894E-16,5.));
#189 = DIRECTION('',(0.,0.,1.));
#190 = DIRECTION('',(1.,0.,-0.));
#191 = DEFINITIONAL_REPRESENTATION('',(#192),#196);
#192 = CIRCLE('',#193,60.);
#193 = AXIS2_PLACEMENT_2D('',#194,#195);
#194 = CARTESIAN_POINT('',(2.917205616084E-15,-4.679120177894E-16));
#195 = DIRECTION('',(1.,0.));
#196 = ( GEOMETRIC_REPRESENTATION_CONTEXT(2) 
PARAMETRIC_REPRESENTATION_CONTEXT() REPRESENTATION_CONTEXT('2D SPACE',''
  ) );
#197 = ORIENTED_EDGE('',*,*,#141,.F.);
#198 = ORIENTED_EDGE('',*,*,#199,.F.);
#199 = EDGE_CURVE('',#142,#142,#200,.T.);
#200 = SURFACE_CURVE('',#201,(#206,#213),.PCURVE_S1.);
#201 = CIRCLE('',#202,60.);
#202 = AXIS2_PLACEMENT_3D('',#203,#204,#205);
#203 = CARTESIAN_POINT('',(0.,0.,0.));
#204 = DIRECTION('',(0.,0.,1.));
#205 = DIRECTION('',(1.,0.,0.));
#206 = PCURVE('',#152,#207);
#207 = DEFINITIONAL_REPRESENTATION('',(#208),#212);
#208 = LINE('',#209,#210);
#209 = CARTESIAN_POINT('',(-0.,0.));
#210 = VECTOR('',#211,1.);
#211 = DIRECTION('',(-1.,0.));
#212 = ( GEOMETRIC_REPRESENTATION_CONTEXT(2) 
PARAMETRIC_REPRESENTATION_CONTEXT() REPRESENTATION_CONTEXT('2D SPACE',''
  ) );
#213 = PCURVE('',#214,#219);
#214 = PLANE('',#215);
#215 = AXIS2_PLACEMENT_3D('',#216,#217,#218);
#216 = CARTESIAN_POINT('',(-2.917205616084E-15,4.679120177894E-16,0.));
#217 = DIRECTION('',(0.,0.,1.));
#218 = DIRECTION('',(1.,0.,-0.));
#219 = DEFINITIONAL_REPRESENTATION('',(#220),#224);
#220 = CIRCLE('',#221,60.);
#221 = AXIS2_PLACEMENT_2D('',#222,#223);
#222 = CARTESIAN_POINT('',(2.917205616084E-15,-4.679120177894E-16));
#223 = DIRECTION('',(1.,0.));
#224 = ( GEOMETRIC_REPRESENTATION_CONTEXT(2) 
PARAMETRIC_REPRESENTATION_CONTEXT() REPRESENTATION_CONTEXT('2D SPACE',''
  ) );
#225 = ADVANCED_FACE('',(#226,#229,#260,#291,#322,#353,#384),#214,.F.);
#226 = FACE_BOUND('',#227,.F.);
#227 = EDGE_LOOP('',(#228));
#228 = ORIENTED_EDGE('',*,*,#199,.T.);
#229 = FACE_BOUND('',#230,.F.);
#230 = EDGE_LOOP('',(#231));
#231 = ORIENTED_EDGE('',*,*,#232,.F.);
#232 = EDGE_CURVE('',#233,#233,#235,.T.);
#233 = VERTEX_POINT('',#234);
#234 = CARTESIAN_POINT('',(-20.,-34.64101615137,0.));
#235 = SURFACE_CURVE('',#236,(#241,#248),.PCURVE_S1.);
#236 = CIRCLE('',#237,5.);
#237 = AXIS2_PLACEMENT_3D('',#238,#239,#240);
#238 = CARTESIAN_POINT('',(-17.5,-30.31088913245,0.));
#239 = DIRECTION('',(0.,0.,1.));
#240 = DIRECTION('',(-0.5,-0.866025403784,0.));
#241 = PCURVE('',#214,#242);
#242 = DEFINITIONAL_REPRESENTATION('',(#243),#247);
#243 = CIRCLE('',#244,5.);
#244 = AXIS2_PLACEMENT_2D('',#245,#246);
#245 = CARTESIAN_POINT('',(-17.5,-30.31088913245));
#246 = DIRECTION('',(-0.5,-0.866025403784));
#247 = ( GEOMETRIC_REPRESENTATION_CONTEXT(2) 
PARAMETRIC_REPRESENTATION_CONTEXT() REPRESENTATION_CONTEXT('2D SPACE',''
  ) );
#248 = PCURVE('',#249,#254);
#249 = CYLINDRICAL_SURFACE('',#250,5.);
#250 = AXIS2_PLACEMENT_3D('',#251,#252,#253);
#251 = CARTESIAN_POINT('',(-17.5,-30.31088913245,-115.0000002));
#252 = DIRECTION('',(-0.,-0.,-1.));
#253 = DIRECTION('',(-0.5,-0.866025403784,0.));
#254 = DEFINITIONAL_REPRESENTATION('',(#255),#259);
#255 = LINE('',#256,#257);
#256 = CARTESIAN_POINT('',(-6.28318530718,-115.0000002));
#257 = VECTOR('',#258,1.);
#258 = DIRECTION('',(-1.,-0.));
#259 = ( GEOMETRIC_REPRESENTATION_CONTEXT(2) 
PARAMETRIC_REPRESENTATION_CONTEXT() REPRESENTATION_CONTEXT('2D SPACE',''
  ) );
#260 = FACE_BOUND('',#261,.F.);
#261 = EDGE_LOOP('',(#262));
#262 = ORIENTED_EDGE('',*,*,#263,.F.);
#263 = EDGE_CURVE('',#264,#264,#266,.T.);
#264 = VERTEX_POINT('',#265);
#265 = CARTESIAN_POINT('',(20.,-34.64101615137,0.));
#266 = SURFACE_CURVE('',#267,(#272,#279),.PCURVE_S1.);
#267 = CIRCLE('',#268,5.);
#268 = AXIS2_PLACEMENT_3D('',#269,#270,#271);
#269 = CARTESIAN_POINT('',(17.5,-30.31088913245,0.));
#270 = DIRECTION('',(-0.,0.,1.));
#271 = DIRECTION('',(0.5,-0.866025403784,0.));
#272 = PCURVE('',#214,#273);
#273 = DEFINITIONAL_REPRESENTATION('',(#274),#278);
#274 = CIRCLE('',#275,5.);
#275 = AXIS2_PLACEMENT_2D('',#276,#277);
#276 = CARTESIAN_POINT('',(17.5,-30.31088913245));
#277 = DIRECTION('',(0.5,-0.866025403784));
#278 = ( GEOMETRIC_REPRESENTATION_CONTEXT(2) 
PARAMETRIC_REPRESENTATION_CONTEXT() REPRESENTATION_CONTEXT('2D SPACE',''
  ) );
#279 = PCURVE('',#280,#285);
#280 = CYLINDRICAL_SURFACE('',#281,5.);
#281 = AXIS2_PLACEMENT_3D('',#282,#283,#284);
#282 = CARTESIAN_POINT('',(17.5,-30.31088913245,-115.0000002));
#283 = DIRECTION('',(0.,0.,-1.));
#284 = DIRECTION('',(0.5,-0.866025403784,0.));
#285 = DEFINITIONAL_REPRESENTATION('',(#286),#290);
#286 = LINE('',#287,#288);
#287 = CARTESIAN_POINT('',(-6.28318530718,-115.0000002));
#288 = VECTOR('',#289,1.);
#289 = DIRECTION('',(-1.,-0.));
#290 = ( GEOMETRIC_REPRESENTATION_CONTEXT(2) 
PARAMETRIC_REPRESENTATION_CONTEXT() REPRESENTATION_CONTEXT('2D SPACE',''
  ) );
#291 = FACE_BOUND('',#292,.F.);
#292 = EDGE_LOOP('',(#293));
#293 = ORIENTED_EDGE('',*,*,#294,.F.);
#294 = EDGE_CURVE('',#295,#295,#297,.T.);
#295 = VERTEX_POINT('',#296);
#296 = CARTESIAN_POINT('',(40.,0.,0.));
#297 = SURFACE_CURVE('',#298,(#303,#310),.PCURVE_S1.);
#298 = CIRCLE('',#299,5.);
#299 = AXIS2_PLACEMENT_3D('',#300,#301,#302);
#300 = CARTESIAN_POINT('',(35.,4.218847493576E-15,0.));
#301 = DIRECTION('',(-0.,0.,1.));
#302 = DIRECTION('',(1.,-8.437694987151E-16,0.));
#303 = PCURVE('',#214,#304);
#304 = DEFINITIONAL_REPRESENTATION('',(#305),#309);
#305 = CIRCLE('',#306,5.);
#306 = AXIS2_PLACEMENT_2D('',#307,#308);
#307 = CARTESIAN_POINT('',(35.,3.750935475786E-15));
#308 = DIRECTION('',(1.,-8.437694987151E-16));
#309 = ( GEOMETRIC_REPRESENTATION_CONTEXT(2) 
PARAMETRIC_REPRESENTATION_CONTEXT() REPRESENTATION_CONTEXT('2D SPACE',''
  ) );
#310 = PCURVE('',#311,#316);
#311 = CYLINDRICAL_SURFACE('',#312,5.);
#312 = AXIS2_PLACEMENT_3D('',#313,#314,#315);
#313 = CARTESIAN_POINT('',(35.,0.,-115.0000002));
#314 = DIRECTION('',(-0.,-0.,-1.));
#315 = DIRECTION('',(1.,0.,0.));
#316 = DEFINITIONAL_REPRESENTATION('',(#317),#321);
#317 = LINE('',#318,#319);
#318 = CARTESIAN_POINT('',(-6.28318530718,-115.0000002));
#319 = VECTOR('',#320,1.);
#320 = DIRECTION('',(-1.,-0.));
#321 = ( GEOMETRIC_REPRESENTATION_CONTEXT(2) 
PARAMETRIC_REPRESENTATION_CONTEXT() REPRESENTATION_CONTEXT('2D SPACE',''
  ) );
#322 = FACE_BOUND('',#323,.F.);
#323 = EDGE_LOOP('',(#324));
#324 = ORIENTED_EDGE('',*,*,#325,.F.);
#325 = EDGE_CURVE('',#326,#326,#328,.T.);
#326 = VERTEX_POINT('',#327);
#327 = CARTESIAN_POINT('',(-40.,4.898587196589E-15,0.));
#328 = SURFACE_CURVE('',#329,(#334,#341),.PCURVE_S1.);
#329 = CIRCLE('',#330,5.);
#330 = AXIS2_PLACEMENT_3D('',#331,#332,#333);
#331 = CARTESIAN_POINT('',(-35.,2.22044604925E-16,0.));
#332 = DIRECTION('',(0.,0.,1.));
#333 = DIRECTION('',(-1.,9.353085183329E-16,0.));
#334 = PCURVE('',#214,#335);
#335 = DEFINITIONAL_REPRESENTATION('',(#336),#340);
#336 = CIRCLE('',#337,5.);
#337 = AXIS2_PLACEMENT_2D('',#338,#339);
#338 = CARTESIAN_POINT('',(-35.,-2.458674128644E-16));
#339 = DIRECTION('',(-1.,9.353085183329E-16));
#340 = ( GEOMETRIC_REPRESENTATION_CONTEXT(2) 
PARAMETRIC_REPRESENTATION_CONTEXT() REPRESENTATION_CONTEXT('2D SPACE',''
  ) );
#341 = PCURVE('',#342,#347);
#342 = CYLINDRICAL_SURFACE('',#343,5.);
#343 = AXIS2_PLACEMENT_3D('',#344,#345,#346);
#344 = CARTESIAN_POINT('',(-35.,4.286263797016E-15,-115.0000002));
#345 = DIRECTION('',(-0.,-0.,-1.));
#346 = DIRECTION('',(-1.,1.224646799147E-16,0.));
#347 = DEFINITIONAL_REPRESENTATION('',(#348),#352);
#348 = LINE('',#349,#350);
#349 = CARTESIAN_POINT('',(-6.28318530718,-115.0000002));
#350 = VECTOR('',#351,1.);
#351 = DIRECTION('',(-1.,-0.));
#352 = ( GEOMETRIC_REPRESENTATION_CONTEXT(2) 
PARAMETRIC_REPRESENTATION_CONTEXT() REPRESENTATION_CONTEXT('2D SPACE',''
  ) );
#353 = FACE_BOUND('',#354,.F.);
#354 = EDGE_LOOP('',(#355));
#355 = ORIENTED_EDGE('',*,*,#356,.F.);
#356 = EDGE_CURVE('',#357,#357,#359,.T.);
#357 = VERTEX_POINT('',#358);
#358 = CARTESIAN_POINT('',(-20.,34.641016151378,0.));
#359 = SURFACE_CURVE('',#360,(#365,#372),.PCURVE_S1.);
#360 = CIRCLE('',#361,5.);
#361 = AXIS2_PLACEMENT_3D('',#362,#363,#364);
#362 = CARTESIAN_POINT('',(-17.5,30.310889132455,0.));
#363 = DIRECTION('',(0.,0.,1.));
#364 = DIRECTION('',(-0.5,0.866025403784,0.));
#365 = PCURVE('',#214,#366);
#366 = DEFINITIONAL_REPRESENTATION('',(#367),#371);
#367 = CIRCLE('',#368,5.);
#368 = AXIS2_PLACEMENT_2D('',#369,#370);
#369 = CARTESIAN_POINT('',(-17.5,30.310889132455));
#370 = DIRECTION('',(-0.5,0.866025403784));
#371 = ( GEOMETRIC_REPRESENTATION_CONTEXT(2) 
PARAMETRIC_REPRESENTATION_CONTEXT() REPRESENTATION_CONTEXT('2D SPACE',''
  ) );
#372 = PCURVE('',#373,#378);
#373 = CYLINDRICAL_SURFACE('',#374,5.);
#374 = AXIS2_PLACEMENT_3D('',#375,#376,#377);
#375 = CARTESIAN_POINT('',(-17.5,30.310889132455,-115.0000002));
#376 = DIRECTION('',(-0.,-0.,-1.));
#377 = DIRECTION('',(-0.5,0.866025403784,0.));
#378 = DEFINITIONAL_REPRESENTATION('',(#379),#383);
#379 = LINE('',#380,#381);
#380 = CARTESIAN_POINT('',(-6.28318530718,-115.0000002));
#381 = VECTOR('',#382,1.);
#382 = DIRECTION('',(-1.,-0.));
#383 = ( GEOMETRIC_REPRESENTATION_CONTEXT(2) 
PARAMETRIC_REPRESENTATION_CONTEXT() REPRESENTATION_CONTEXT('2D SPACE',''
  ) );
#384 = FACE_BOUND('',#385,.F.);
#385 = EDGE_LOOP('',(#386));
#386 = ORIENTED_EDGE('',*,*,#387,.F.);
#387 = EDGE_CURVE('',#388,#388,#390,.T.);
#388 = VERTEX_POINT('',#389);
#389 = CARTESIAN_POINT('',(20.,34.641016151378,0.));
#390 = SURFACE_CURVE('',#391,(#396,#403),.PCURVE_S1.);
#391 = CIRCLE('',#392,5.);
#392 = AXIS2_PLACEMENT_3D('',#393,#394,#395);
#393 = CARTESIAN_POINT('',(17.5,30.310889132455,0.));
#394 = DIRECTION('',(0.,-0.,1.));
#395 = DIRECTION('',(0.5,0.866025403784,0.));
#396 = PCURVE('',#214,#397);
#397 = DEFINITIONAL_REPRESENTATION('',(#398),#402);
#398 = CIRCLE('',#399,5.);
#399 = AXIS2_PLACEMENT_2D('',#400,#401);
#400 = CARTESIAN_POINT('',(17.5,30.310889132455));
#401 = DIRECTION('',(0.5,0.866025403784));
#402 = ( GEOMETRIC_REPRESENTATION_CONTEXT(2) 
PARAMETRIC_REPRESENTATION_CONTEXT() REPRESENTATION_CONTEXT('2D SPACE',''
  ) );
#403 = PCURVE('',#404,#409);
#404 = CYLINDRICAL_SURFACE('',#405,5.);
#405 = AXIS2_PLACEMENT_3D('',#406,#407,#408);
#406 = CARTESIAN_POINT('',(17.5,30.310889132455,-115.0000002));
#407 = DIRECTION('',(0.,0.,-1.));
#408 = DIRECTION('',(0.5,0.866025403784,0.));
#409 = DEFINITIONAL_REPRESENTATION('',(#410),#414);
#410 = LINE('',#411,#412);
#411 = CARTESIAN_POINT('',(-6.28318530718,-115.0000002));
#412 = VECTOR('',#413,1.);
#413 = DIRECTION('',(-1.,-0.));
#414 = ( GEOMETRIC_REPRESENTATION_CONTEXT(2) 
PARAMETRIC_REPRESENTATION_CONTEXT() REPRESENTATION_CONTEXT('2D SPACE',''
  ) );
#415 = ADVANCED_FACE('',(#416,#419,#449,#479,#509,#539,#569),#186,.T.);
#416 = FACE_BOUND('',#417,.T.);
#417 = EDGE_LOOP('',(#418));
#418 = ORIENTED_EDGE('',*,*,#171,.T.);
#419 = FACE_BOUND('',#420,.T.);
#420 = EDGE_LOOP('',(#421));
#421 = ORIENTED_EDGE('',*,*,#422,.T.);
#422 = EDGE_CURVE('',#423,#423,#425,.T.);
#423 = VERTEX_POINT('',#424);
#424 = CARTESIAN_POINT('',(-20.,-34.64101615137,5.));
#425 = SURFACE_CURVE('',#426,(#431,#442),.PCURVE_S1.);
#426 = CIRCLE('',#427,5.);
#427 = AXIS2_PLACEMENT_3D('',#428,#429,#430);
#428 = CARTESIAN_POINT('',(-17.5,-30.31088913245,5.));
#429 = DIRECTION('',(-0.,0.,-1.));
#430 = DIRECTION('',(-0.5,-0.866025403784,0.));
#431 = PCURVE('',#186,#432);
#432 = DEFINITIONAL_REPRESENTATION('',(#433),#441);
#433 = ( BOUNDED_CURVE() B_SPLINE_CURVE(2,(#434,#435,#436,#437,#438,#439
,#440),.UNSPECIFIED.,.T.,.F.) B_SPLINE_CURVE_WITH_KNOTS((1,2,2,2,2,1),(
    -2.094395102393,0.,2.094395102393,4.188790204786,6.28318530718,
8.377580409573),.UNSPECIFIED.) CURVE() GEOMETRIC_REPRESENTATION_ITEM() 
RATIONAL_B_SPLINE_CURVE((1.,0.5,1.,0.5,1.,0.5,1.)) REPRESENTATION_ITEM(
  '') );
#434 = CARTESIAN_POINT('',(-20.,-34.64101615137));
#435 = CARTESIAN_POINT('',(-27.5,-30.31088913245));
#436 = CARTESIAN_POINT('',(-20.,-25.98076211353));
#437 = CARTESIAN_POINT('',(-12.5,-21.65063509461));
#438 = CARTESIAN_POINT('',(-12.5,-30.31088913245));
#439 = CARTESIAN_POINT('',(-12.5,-38.9711431703));
#440 = CARTESIAN_POINT('',(-20.,-34.64101615137));
#441 = ( GEOMETRIC_REPRESENTATION_CONTEXT(2) 
PARAMETRIC_REPRESENTATION_CONTEXT() REPRESENTATION_CONTEXT('2D SPACE',''
  ) );
#442 = PCURVE('',#249,#443);
#443 = DEFINITIONAL_REPRESENTATION('',(#444),#448);
#444 = LINE('',#445,#446);
#445 = CARTESIAN_POINT('',(-6.28318530718,-120.0000002));
#446 = VECTOR('',#447,1.);
#447 = DIRECTION('',(1.,-0.));
#448 = ( GEOMETRIC_REPRESENTATION_CONTEXT(2) 
PARAMETRIC_REPRESENTATION_CONTEXT() REPRESENTATION_CONTEXT('2D SPACE',''
  ) );
#449 = FACE_BOUND('',#450,.T.);
#450 = EDGE_LOOP('',(#451));
#451 = ORIENTED_EDGE('',*,*,#452,.T.);
#452 = EDGE_CURVE('',#453,#453,#455,.T.);
#453 = VERTEX_POINT('',#454);
#454 = CARTESIAN_POINT('',(20.,-34.64101615137,5.));
#455 = SURFACE_CURVE('',#456,(#461,#472),.PCURVE_S1.);
#456 = CIRCLE('',#457,5.);
#457 = AXIS2_PLACEMENT_3D('',#458,#459,#460);
#458 = CARTESIAN_POINT('',(17.5,-30.31088913245,5.));
#459 = DIRECTION('',(0.,0.,-1.));
#460 = DIRECTION('',(0.5,-0.866025403784,0.));
#461 = PCURVE('',#186,#462);
#462 = DEFINITIONAL_REPRESENTATION('',(#463),#471);
#463 = ( BOUNDED_CURVE() B_SPLINE_CURVE(2,(#464,#465,#466,#467,#468,#469
,#470),.UNSPECIFIED.,.T.,.F.) B_SPLINE_CURVE_WITH_KNOTS((1,2,2,2,2,1),(
    -2.094395102393,0.,2.094395102393,4.188790204786,6.28318530718,
8.377580409573),.UNSPECIFIED.) CURVE() GEOMETRIC_REPRESENTATION_ITEM() 
RATIONAL_B_SPLINE_CURVE((1.,0.5,1.,0.5,1.,0.5,1.)) REPRESENTATION_ITEM(
  '') );
#464 = CARTESIAN_POINT('',(20.,-34.64101615137));
#465 = CARTESIAN_POINT('',(12.5,-38.9711431703));
#466 = CARTESIAN_POINT('',(12.5,-30.31088913245));
#467 = CARTESIAN_POINT('',(12.5,-21.65063509461));
#468 = CARTESIAN_POINT('',(20.,-25.98076211353));
#469 = CARTESIAN_POINT('',(27.5,-30.31088913245));
#470 = CARTESIAN_POINT('',(20.,-34.64101615137));
#471 = ( GEOMETRIC_REPRESENTATION_CONTEXT(2) 
PARAMETRIC_REPRESENTATION_CONTEXT() REPRESENTATION_CONTEXT('2D SPACE',''
  ) );
#472 = PCURVE('',#280,#473);
#473 = DEFINITIONAL_REPRESENTATION('',(#474),#478);
#474 = LINE('',#475,#476);
#475 = CARTESIAN_POINT('',(-6.28318530718,-120.0000002));
#476 = VECTOR('',#477,1.);
#477 = DIRECTION('',(1.,-0.));
#478 = ( GEOMETRIC_REPRESENTATION_CONTEXT(2) 
PARAMETRIC_REPRESENTATION_CONTEXT() REPRESENTATION_CONTEXT('2D SPACE',''
  ) );
#479 = FACE_BOUND('',#480,.T.);
#480 = EDGE_LOOP('',(#481));
#481 = ORIENTED_EDGE('',*,*,#482,.T.);
#482 = EDGE_CURVE('',#483,#483,#485,.T.);
#483 = VERTEX_POINT('',#484);
#484 = CARTESIAN_POINT('',(40.,0.,5.));
#485 = SURFACE_CURVE('',#486,(#491,#502),.PCURVE_S1.);
#486 = CIRCLE('',#487,5.);
#487 = AXIS2_PLACEMENT_3D('',#488,#489,#490);
#488 = CARTESIAN_POINT('',(35.,0.,5.));
#489 = DIRECTION('',(0.,0.,-1.));
#490 = DIRECTION('',(1.,0.,0.));
#491 = PCURVE('',#186,#492);
#492 = DEFINITIONAL_REPRESENTATION('',(#493),#501);
#493 = ( BOUNDED_CURVE() B_SPLINE_CURVE(2,(#494,#495,#496,#497,#498,#499
,#500),.UNSPECIFIED.,.T.,.F.) B_SPLINE_CURVE_WITH_KNOTS((1,2,2,2,2,1),(
    -2.094395102393,0.,2.094395102393,4.188790204786,6.28318530718,
8.377580409573),.UNSPECIFIED.) CURVE() GEOMETRIC_REPRESENTATION_ITEM() 
RATIONAL_B_SPLINE_CURVE((1.,0.5,1.,0.5,1.,0.5,1.)) REPRESENTATION_ITEM(
  '') );
#494 = CARTESIAN_POINT('',(40.,-4.679120177894E-16));
#495 = CARTESIAN_POINT('',(40.,-8.660254037844));
#496 = CARTESIAN_POINT('',(32.5,-4.330127018922));
#497 = CARTESIAN_POINT('',(25.,-1.692558816937E-15));
#498 = CARTESIAN_POINT('',(32.5,4.330127018922));
#499 = CARTESIAN_POINT('',(40.,8.660254037844));
#500 = CARTESIAN_POINT('',(40.,-4.679120177894E-16));
#501 = ( GEOMETRIC_REPRESENTATION_CONTEXT(2) 
PARAMETRIC_REPRESENTATION_CONTEXT() REPRESENTATION_CONTEXT('2D SPACE',''
  ) );
#502 = PCURVE('',#311,#503);
#503 = DEFINITIONAL_REPRESENTATION('',(#504),#508);
#504 = LINE('',#505,#506);
#505 = CARTESIAN_POINT('',(-6.28318530718,-120.0000002));
#506 = VECTOR('',#507,1.);
#507 = DIRECTION('',(1.,-0.));
#508 = ( GEOMETRIC_REPRESENTATION_CONTEXT(2) 
PARAMETRIC_REPRESENTATION_CONTEXT() REPRESENTATION_CONTEXT('2D SPACE',''
  ) );
#509 = FACE_BOUND('',#510,.T.);
#510 = EDGE_LOOP('',(#511));
#511 = ORIENTED_EDGE('',*,*,#512,.T.);
#512 = EDGE_CURVE('',#513,#513,#515,.T.);
#513 = VERTEX_POINT('',#514);
#514 = CARTESIAN_POINT('',(-40.,4.898587196589E-15,5.));
#515 = SURFACE_CURVE('',#516,(#521,#532),.PCURVE_S1.);
#516 = CIRCLE('',#517,5.);
#517 = AXIS2_PLACEMENT_3D('',#518,#519,#520);
#518 = CARTESIAN_POINT('',(-35.,4.286263797016E-15,5.));
#519 = DIRECTION('',(-0.,0.,-1.));
#520 = DIRECTION('',(-1.,1.224646799147E-16,0.));
#521 = PCURVE('',#186,#522);
#522 = DEFINITIONAL_REPRESENTATION('',(#523),#531);
#523 = ( BOUNDED_CURVE() B_SPLINE_CURVE(2,(#524,#525,#526,#527,#528,#529
,#530),.UNSPECIFIED.,.T.,.F.) B_SPLINE_CURVE_WITH_KNOTS((1,2,2,2,2,1),(
    -2.094395102393,0.,2.094395102393,4.188790204786,6.28318530718,
8.377580409573),.UNSPECIFIED.) CURVE() GEOMETRIC_REPRESENTATION_ITEM() 
RATIONAL_B_SPLINE_CURVE((1.,0.5,1.,0.5,1.,0.5,1.)) REPRESENTATION_ITEM(
  '') );
#524 = CARTESIAN_POINT('',(-40.,4.4306751788E-15));
#525 = CARTESIAN_POINT('',(-40.,8.660254037844));
#526 = CARTESIAN_POINT('',(-32.5,4.330127018922));
#527 = CARTESIAN_POINT('',(-25.,3.818351779226E-15));
#528 = CARTESIAN_POINT('',(-32.5,-4.330127018922));
#529 = CARTESIAN_POINT('',(-40.,-8.660254037844));
#530 = CARTESIAN_POINT('',(-40.,4.4306751788E-15));
#531 = ( GEOMETRIC_REPRESENTATION_CONTEXT(2) 
PARAMETRIC_REPRESENTATION_CONTEXT() REPRESENTATION_CONTEXT('2D SPACE',''
  ) );
#532 = PCURVE('',#342,#533);
#533 = DEFINITIONAL_REPRESENTATION('',(#534),#538);
#534 = LINE('',#535,#536);
#535 = CARTESIAN_POINT('',(-6.28318530718,-120.0000002));
#536 = VECTOR('',#537,1.);
#537 = DIRECTION('',(1.,-0.));
#538 = ( GEOMETRIC_REPRESENTATION_CONTEXT(2) 
PARAMETRIC_REPRESENTATION_CONTEXT() REPRESENTATION_CONTEXT('2D SPACE',''
  ) );
#539 = FACE_BOUND('',#540,.T.);
#540 = EDGE_LOOP('',(#541));
#541 = ORIENTED_EDGE('',*,*,#542,.T.);
#542 = EDGE_CURVE('',#543,#543,#545,.T.);
#543 = VERTEX_POINT('',#544);
#544 = CARTESIAN_POINT('',(-20.,34.641016151378,5.));
#545 = SURFACE_CURVE('',#546,(#551,#562),.PCURVE_S1.);
#546 = CIRCLE('',#547,5.);
#547 = AXIS2_PLACEMENT_3D('',#548,#549,#550);
#548 = CARTESIAN_POINT('',(-17.5,30.310889132455,5.));
#549 = DIRECTION('',(-0.,0.,-1.));
#550 = DIRECTION('',(-0.5,0.866025403784,0.));
#551 = PCURVE('',#186,#552);
#552 = DEFINITIONAL_REPRESENTATION('',(#553),#561);
#553 = ( BOUNDED_CURVE() B_SPLINE_CURVE(2,(#554,#555,#556,#557,#558,#559
,#560),.UNSPECIFIED.,.T.,.F.) B_SPLINE_CURVE_WITH_KNOTS((1,2,2,2,2,1),(
    -2.094395102393,0.,2.094395102393,4.188790204786,6.28318530718,
8.377580409573),.UNSPECIFIED.) CURVE() GEOMETRIC_REPRESENTATION_ITEM() 
RATIONAL_B_SPLINE_CURVE((1.,0.5,1.,0.5,1.,0.5,1.)) REPRESENTATION_ITEM(
  '') );
#554 = CARTESIAN_POINT('',(-20.,34.641016151378));
#555 = CARTESIAN_POINT('',(-12.5,38.9711431703));
#556 = CARTESIAN_POINT('',(-12.5,30.310889132455));
#557 = CARTESIAN_POINT('',(-12.5,21.650635094611));
#558 = CARTESIAN_POINT('',(-20.,25.980762113533));
#559 = CARTESIAN_POINT('',(-27.5,30.310889132455));
#560 = CARTESIAN_POINT('',(-20.,34.641016151378));
#561 = ( GEOMETRIC_REPRESENTATION_CONTEXT(2) 
PARAMETRIC_REPRESENTATION_CONTEXT() REPRESENTATION_CONTEXT('2D SPACE',''
  ) );
#562 = PCURVE('',#373,#563);
#563 = DEFINITIONAL_REPRESENTATION('',(#564),#568);
#564 = LINE('',#565,#566);
#565 = CARTESIAN_POINT('',(-6.28318530718,-120.0000002));
#566 = VECTOR('',#567,1.);
#567 = DIRECTION('',(1.,-0.));
#568 = ( GEOMETRIC_REPRESENTATION_CONTEXT(2) 
PARAMETRIC_REPRESENTATION_CONTEXT() REPRESENTATION_CONTEXT('2D SPACE',''
  ) );
#569 = FACE_BOUND('',#570,.T.);
#570 = EDGE_LOOP('',(#571));
#571 = ORIENTED_EDGE('',*,*,#572,.T.);
#572 = EDGE_CURVE('',#573,#573,#575,.T.);
#573 = VERTEX_POINT('',#574);
#574 = CARTESIAN_POINT('',(20.,34.641016151378,5.));
#575 = SURFACE_CURVE('',#576,(#581,#592),.PCURVE_S1.);
#576 = CIRCLE('',#577,5.);
#577 = AXIS2_PLACEMENT_3D('',#578,#579,#580);
#578 = CARTESIAN_POINT('',(17.5,30.310889132455,5.));
#579 = DIRECTION('',(0.,0.,-1.));
#580 = DIRECTION('',(0.5,0.866025403784,0.));
#581 = PCURVE('',#186,#582);
#582 = DEFINITIONAL_REPRESENTATION('',(#583),#591);
#583 = ( BOUNDED_CURVE() B_SPLINE_CURVE(2,(#584,#585,#586,#587,#588,#589
,#590),.UNSPECIFIED.,.T.,.F.) B_SPLINE_CURVE_WITH_KNOTS((1,2,2,2,2,1),(
    -2.094395102393,0.,2.094395102393,4.188790204786,6.28318530718,
8.377580409573),.UNSPECIFIED.) CURVE() GEOMETRIC_REPRESENTATION_ITEM() 
RATIONAL_B_SPLINE_CURVE((1.,0.5,1.,0.5,1.,0.5,1.)) REPRESENTATION_ITEM(
  '') );
#584 = CARTESIAN_POINT('',(20.,34.641016151378));
#585 = CARTESIAN_POINT('',(27.5,30.310889132455));
#586 = CARTESIAN_POINT('',(20.,25.980762113533));
#587 = CARTESIAN_POINT('',(12.5,21.650635094611));
#588 = CARTESIAN_POINT('',(12.5,30.310889132455));
#589 = CARTESIAN_POINT('',(12.5,38.9711431703));
#590 = CARTESIAN_POINT('',(20.,34.641016151378));
#591 = ( GEOMETRIC_REPRESENTATION_CONTEXT(2) 
PARAMETRIC_REPRESENTATION_CONTEXT() REPRESENTATION_CONTEXT('2D SPACE',''
  ) );
#592 = PCURVE('',#404,#593);
#593 = DEFINITIONAL_REPRESENTATION('',(#594),#598);
#594 = LINE('',#595,#596);
#595 = CARTESIAN_POINT('',(-6.28318530718,-120.0000002));
#596 = VECTOR('',#597,1.);
#597 = DIRECTION('',(1.,-0.));
#598 = ( GEOMETRIC_REPRESENTATION_CONTEXT(2) 
PARAMETRIC_REPRESENTATION_CONTEXT() REPRESENTATION_CONTEXT('2D SPACE',''
  ) );
#599 = ADVANCED_FACE('',(#600),#249,.F.);
#600 = FACE_BOUND('',#601,.T.);
#601 = EDGE_LOOP('',(#602,#603,#624,#625));
#602 = ORIENTED_EDGE('',*,*,#232,.F.);
#603 = ORIENTED_EDGE('',*,*,#604,.T.);
#604 = EDGE_CURVE('',#233,#423,#605,.T.);
#605 = SEAM_CURVE('',#606,(#610,#617),.PCURVE_S1.);
#606 = LINE('',#607,#608);
#607 = CARTESIAN_POINT('',(-20.,-34.64101615137,-115.0000002));
#608 = VECTOR('',#609,1.);
#609 = DIRECTION('',(0.,0.,1.));
#610 = PCURVE('',#249,#611);
#611 = DEFINITIONAL_REPRESENTATION('',(#612),#616);
#612 = LINE('',#613,#614);
#613 = CARTESIAN_POINT('',(-0.,0.));
#614 = VECTOR('',#615,1.);
#615 = DIRECTION('',(-0.,-1.));
#616 = ( GEOMETRIC_REPRESENTATION_CONTEXT(2) 
PARAMETRIC_REPRESENTATION_CONTEXT() REPRESENTATION_CONTEXT('2D SPACE',''
  ) );
#617 = PCURVE('',#249,#618);
#618 = DEFINITIONAL_REPRESENTATION('',(#619),#623);
#619 = LINE('',#620,#621);
#620 = CARTESIAN_POINT('',(-6.28318530718,0.));
#621 = VECTOR('',#622,1.);
#622 = DIRECTION('',(-0.,-1.));
#623 = ( GEOMETRIC_REPRESENTATION_CONTEXT(2) 
PARAMETRIC_REPRESENTATION_CONTEXT() REPRESENTATION_CONTEXT('2D SPACE',''
  ) );
#624 = ORIENTED_EDGE('',*,*,#422,.F.);
#625 = ORIENTED_EDGE('',*,*,#604,.F.);
#626 = ADVANCED_FACE('',(#627),#280,.F.);
#627 = FACE_BOUND('',#628,.T.);
#628 = EDGE_LOOP('',(#629,#630,#651,#652));
#629 = ORIENTED_EDGE('',*,*,#263,.F.);
#630 = ORIENTED_EDGE('',*,*,#631,.T.);
#631 = EDGE_CURVE('',#264,#453,#632,.T.);
#632 = SEAM_CURVE('',#633,(#637,#644),.PCURVE_S1.);
#633 = LINE('',#634,#635);
#634 = CARTESIAN_POINT('',(20.,-34.64101615137,-115.0000002));
#635 = VECTOR('',#636,1.);
#636 = DIRECTION('',(0.,0.,1.));
#637 = PCURVE('',#280,#638);
#638 = DEFINITIONAL_REPRESENTATION('',(#639),#643);
#639 = LINE('',#640,#641);
#640 = CARTESIAN_POINT('',(-0.,0.));
#641 = VECTOR('',#642,1.);
#642 = DIRECTION('',(-0.,-1.));
#643 = ( GEOMETRIC_REPRESENTATION_CONTEXT(2) 
PARAMETRIC_REPRESENTATION_CONTEXT() REPRESENTATION_CONTEXT('2D SPACE',''
  ) );
#644 = PCURVE('',#280,#645);
#645 = DEFINITIONAL_REPRESENTATION('',(#646),#650);
#646 = LINE('',#647,#648);
#647 = CARTESIAN_POINT('',(-6.28318530718,0.));
#648 = VECTOR('',#649,1.);
#649 = DIRECTION('',(-0.,-1.));
#650 = ( GEOMETRIC_REPRESENTATION_CONTEXT(2) 
PARAMETRIC_REPRESENTATION_CONTEXT() REPRESENTATION_CONTEXT('2D SPACE',''
  ) );
#651 = ORIENTED_EDGE('',*,*,#452,.F.);
#652 = ORIENTED_EDGE('',*,*,#631,.F.);
#653 = ADVANCED_FACE('',(#654),#311,.F.);
#654 = FACE_BOUND('',#655,.T.);
#655 = EDGE_LOOP('',(#656,#657,#678,#679));
#656 = ORIENTED_EDGE('',*,*,#294,.F.);
#657 = ORIENTED_EDGE('',*,*,#658,.T.);
#658 = EDGE_CURVE('',#295,#483,#659,.T.);
#659 = SEAM_CURVE('',#660,(#664,#671),.PCURVE_S1.);
#660 = LINE('',#661,#662);
#661 = CARTESIAN_POINT('',(40.,0.,-115.0000002));
#662 = VECTOR('',#663,1.);
#663 = DIRECTION('',(0.,0.,1.));
#664 = PCURVE('',#311,#665);
#665 = DEFINITIONAL_REPRESENTATION('',(#666),#670);
#666 = LINE('',#667,#668);
#667 = CARTESIAN_POINT('',(-0.,0.));
#668 = VECTOR('',#669,1.);
#669 = DIRECTION('',(-0.,-1.));
#670 = ( GEOMETRIC_REPRESENTATION_CONTEXT(2) 
PARAMETRIC_REPRESENTATION_CONTEXT() REPRESENTATION_CONTEXT('2D SPACE',''
  ) );
#671 = PCURVE('',#311,#672);
#672 = DEFINITIONAL_REPRESENTATION('',(#673),#677);
#673 = LINE('',#674,#675);
#674 = CARTESIAN_POINT('',(-6.28318530718,0.));
#675 = VECTOR('',#676,1.);
#676 = DIRECTION('',(-0.,-1.));
#677 = ( GEOMETRIC_REPRESENTATION_CONTEXT(2) 
PARAMETRIC_REPRESENTATION_CONTEXT() REPRESENTATION_CONTEXT('2D SPACE',''
  ) );
#678 = ORIENTED_EDGE('',*,*,#482,.F.);
#679 = ORIENTED_EDGE('',*,*,#658,.F.);
#680 = ADVANCED_FACE('',(#681),#342,.F.);
#681 = FACE_BOUND('',#682,.T.);
#682 = EDGE_LOOP('',(#683,#684,#705,#706));
#683 = ORIENTED_EDGE('',*,*,#325,.F.);
#684 = ORIENTED_EDGE('',*,*,#685,.T.);
#685 = EDGE_CURVE('',#326,#513,#686,.T.);
#686 = SEAM_CURVE('',#687,(#691,#698),.PCURVE_S1.);
#687 = LINE('',#688,#689);
#688 = CARTESIAN_POINT('',(-40.,4.898587196589E-15,-115.0000002));
#689 = VECTOR('',#690,1.);
#690 = DIRECTION('',(0.,0.,1.));
#691 = PCURVE('',#342,#692);
#692 = DEFINITIONAL_REPRESENTATION('',(#693),#697);
#693 = LINE('',#694,#695);
#694 = CARTESIAN_POINT('',(-0.,0.));
#695 = VECTOR('',#696,1.);
#696 = DIRECTION('',(-0.,-1.));
#697 = ( GEOMETRIC_REPRESENTATION_CONTEXT(2) 
PARAMETRIC_REPRESENTATION_CONTEXT() REPRESENTATION_CONTEXT('2D SPACE',''
  ) );
#698 = PCURVE('',#342,#699);
#699 = DEFINITIONAL_REPRESENTATION('',(#700),#704);
#700 = LINE('',#701,#702);
#701 = CARTESIAN_POINT('',(-6.28318530718,0.));
#702 = VECTOR('',#703,1.);
#703 = DIRECTION('',(-0.,-1.));
#704 = ( GEOMETRIC_REPRESENTATION_CONTEXT(2) 
PARAMETRIC_REPRESENTATION_CONTEXT() REPRESENTATION_CONTEXT('2D SPACE',''
  ) );
#705 = ORIENTED_EDGE('',*,*,#512,.F.);
#706 = ORIENTED_EDGE('',*,*,#685,.F.);
#707 = ADVANCED_FACE('',(#708),#373,.F.);
#708 = FACE_BOUND('',#709,.T.);
#709 = EDGE_LOOP('',(#710,#711,#732,#733));
#710 = ORIENTED_EDGE('',*,*,#356,.F.);
#711 = ORIENTED_EDGE('',*,*,#712,.T.);
#712 = EDGE_CURVE('',#357,#543,#713,.T.);
#713 = SEAM_CURVE('',#714,(#718,#725),.PCURVE_S1.);
#714 = LINE('',#715,#716);
#715 = CARTESIAN_POINT('',(-20.,34.641016151378,-115.0000002));
#716 = VECTOR('',#717,1.);
#717 = DIRECTION('',(0.,0.,1.));
#718 = PCURVE('',#373,#719);
#719 = DEFINITIONAL_REPRESENTATION('',(#720),#724);
#720 = LINE('',#721,#722);
#721 = CARTESIAN_POINT('',(-0.,0.));
#722 = VECTOR('',#723,1.);
#723 = DIRECTION('',(-0.,-1.));
#724 = ( GEOMETRIC_REPRESENTATION_CONTEXT(2) 
PARAMETRIC_REPRESENTATION_CONTEXT() REPRESENTATION_CONTEXT('2D SPACE',''
  ) );
#725 = PCURVE('',#373,#726);
#726 = DEFINITIONAL_REPRESENTATION('',(#727),#731);
#727 = LINE('',#728,#729);
#728 = CARTESIAN_POINT('',(-6.28318530718,0.));
#729 = VECTOR('',#730,1.);
#730 = DIRECTION('',(-0.,-1.));
#731 = ( GEOMETRIC_REPRESENTATION_CONTEXT(2) 
PARAMETRIC_REPRESENTATION_CONTEXT() REPRESENTATION_CONTEXT('2D SPACE',''
  ) );
#732 = ORIENTED_EDGE('',*,*,#542,.F.);
#733 = ORIENTED_EDGE('',*,*,#712,.F.);
#734 = ADVANCED_FACE('',(#735),#404,.F.);
#735 = FACE_BOUND('',#736,.T.);
#736 = EDGE_LOOP('',(#737,#738,#759,#760));
#737 = ORIENTED_EDGE('',*,*,#387,.F.);
#738 = ORIENTED_EDGE('',*,*,#739,.T.);
#739 = EDGE_CURVE('',#388,#573,#740,.T.);
#740 = SEAM_CURVE('',#741,(#745,#752),.PCURVE_S1.);
#741 = LINE('',#742,#743);
#742 = CARTESIAN_POINT('',(20.,34.641016151378,-115.0000002));
#743 = VECTOR('',#744,1.);
#744 = DIRECTION('',(0.,0.,1.));
#745 = PCURVE('',#404,#746);
#746 = DEFINITIONAL_REPRESENTATION('',(#747),#751);
#747 = LINE('',#748,#749);
#748 = CARTESIAN_POINT('',(-0.,0.));
#749 = VECTOR('',#750,1.);
#750 = DIRECTION('',(-0.,-1.));
#751 = ( GEOMETRIC_REPRESENTATION_CONTEXT(2) 
PARAMETRIC_REPRESENTATION_CONTEXT() REPRESENTATION_CONTEXT('2D SPACE',''
  ) );
#752 = PCURVE('',#404,#753);
#753 = DEFINITIONAL_REPRESENTATION('',(#754),#758);
#754 = LINE('',#755,#756);
#755 = CARTESIAN_POINT('',(-6.28318530718,0.));
#756 = VECTOR('',#757,1.);
#757 = DIRECTION('',(-0.,-1.));
#758 = ( GEOMETRIC_REPRESENTATION_CONTEXT(2) 
PARAMETRIC_REPRESENTATION_CONTEXT() REPRESENTATION_CONTEXT('2D SPACE',''
  ) );
#759 = ORIENTED_EDGE('',*,*,#572,.F.);
#760 = ORIENTED_EDGE('',*,*,#739,.F.);
#761 = ( GEOMETRIC_REPRESENTATION_CONTEXT(3) 
GLOBAL_UNCERTAINTY_ASSIGNED_CONTEXT((#765)) GLOBAL_UNIT_ASSIGNED_CONTEXT
((#762,#763,#764)) REPRESENTATION_CONTEXT('Context #1',
  '3D Context with UNIT and UNCERTAINTY') );
#762 = ( LENGTH_UNIT() NAMED_UNIT(*) SI_UNIT(.MILLI.,.METRE.) );
#763 = ( NAMED_UNIT(*) PLANE_ANGLE_UNIT() SI_UNIT($,.RADIAN.) );
#764 = ( NAMED_UNIT(*) SI_UNIT($,.STERADIAN.) SOLID_ANGLE_UNIT() );
#765 = UNCERTAINTY_MEASURE_WITH_UNIT(LENGTH_MEASURE(1.E-07),#762,
  'distance_accuracy_value','confusion accuracy');
#766 = SHAPE_DEFINITION_REPRESENTATION(#767,#134);
#767 = PRODUCT_DEFINITION_SHAPE('','',#768);
#768 = PRODUCT_DEFINITION('design','',#769,#772);
#769 = PRODUCT_DEFINITION_FORMATION('','',#770);
#770 = PRODUCT('plate_0_part','plate_0_part','',(#771));
#771 = PRODUCT_CONTEXT('',#2,'mechanical');
#772 = PRODUCT_DEFINITION_CONTEXT('part definition',#2,'design');
#773 = CONTEXT_DEPENDENT_SHAPE_REPRESENTATION(#774,#776);
#774 = ( REPRESENTATION_RELATIONSHIP('','',#134,#124) 
REPRESENTATION_RELATIONSHIP_WITH_TRANSFORMATION(#775) 
SHAPE_REPRESENTATION_RELATIONSHIP() );
#775 = ITEM_DEFINED_TRANSFORMATION('','',#11,#125);
#776 = PRODUCT_DEFINITION_SHAPE('Placement','Placement of an item',#777
  );
#777 = NEXT_ASSEMBLY_USAGE_OCCURRENCE('2','','',#119,#768,$);
#778 = PRODUCT_RELATED_PRODUCT_CATEGORY('part',$,(#770));
#779 = CONTEXT_DEPENDENT_SHAPE_REPRESENTATION(#780,#782);
#780 = ( REPRESENTATION_RELATIONSHIP('','',#124,#32) 
REPRESENTATION_RELATIONSHIP_WITH_TRANSFORMATION(#781) 
SHAPE_REPRESENTATION_RELATIONSHIP() );
#781 = ITEM_DEFINED_TRANSFORMATION('','',#11,#37);
#782 = PRODUCT_DEFINITION_SHAPE('Placement','Placement of an item',#783
  );
#783 = NEXT_ASSEMBLY_USAGE_OCCURRENCE('3','','',#27,#119,$);
#784 = PRODUCT_RELATED_PRODUCT_CATEGORY('part',$,(#121));
#785 = SHAPE_DEFINITION_REPRESENTATION(#786,#792);
#786 = PRODUCT_DEFINITION_SHAPE('','',#787);
#787 = PRODUCT_DEFINITION('design','',#788,#791);
#788 = PRODUCT_DEFINITION_FORMATION('','',#789);
#789 = PRODUCT('flange_1','flange_1','',(#790));
#790 = PRODUCT_CONTEXT('',#2,'mechanical');
#791 = PRODUCT_DEFINITION_CONTEXT('part definition',#2,'design');
#792 = SHAPE_REPRESENTATION('',(#11,#793),#797);
#793 = AXIS2_PLACEMENT_3D('',#794,#795,#796);
#794 = CARTESIAN_POINT('',(0.,0.,0.));
#795 = DIRECTION('',(0.,0.,1.));
#796 = DIRECTION('',(1.,0.,-0.));
#797 = ( GEOMETRIC_REPRESENTATION_CONTEXT(3) 
GLOBAL_UNCERTAINTY_ASSIGNED_CONTEXT((#801)) GLOBAL_UNIT_ASSIGNED_CONTEXT
((#798,#799,#800)) REPRESENTATION_CONTEXT('Context #1',
  '3D Context with UNIT and UNCERTAINTY') );
#798 = ( LENGTH_UNIT() NAMED_UNIT(*) SI_UNIT(.MILLI.,.METRE.) );
#799 = ( NAMED_UNIT(*) PLANE_ANGLE_UNIT() SI_UNIT($,.RADIAN.) );
#800 = ( NAMED_UNIT(*) SI_UNIT($,.STERADIAN.) SOLID_ANGLE_UNIT() );
#801 = UNCERTAINTY_MEASURE_WITH_UNIT(LENGTH_MEASURE(1.E-07),#798,
  'distance_accuracy_value','confusion accuracy');
#802 = ADVANCED_BREP_SHAPE_REPRESENTATION('',(#11,#803),#2457);
#803 = MANIFOLD_SOLID_BREP('',#804);
#804 = CLOSED_SHELL('',(#805,#893,#946,#1167,#1392,#1447,#1502,#1557,
    #1612,#1662,#1717,#1772,#1825,#1878,#1931,#1984,#2009,#2062,#2115,
    #2145,#2175,#2205,#2235,#2265,#2295,#2322,#2349,#2376,#2403,#2430));
#805 = ADVANCED_FACE('',(#806),#820,.T.);
#806 = FACE_BOUND('',#807,.F.);
#807 = EDGE_LOOP('',(#808,#838,#865,#866));
#808 = ORIENTED_EDGE('',*,*,#809,.T.);
#809 = EDGE_CURVE('',#810,#812,#814,.T.);
#810 = VERTEX_POINT('',#811);
#811 = CARTESIAN_POINT('',(60.,0.,0.));
#812 = VERTEX_POINT('',#813);
#813 = CARTESIAN_POINT('',(60.,0.,14.25));
#814 = SEAM_CURVE('',#815,(#819,#831),.PCURVE_S1.);
#815 = LINE('',#816,#817);
#816 = CARTESIAN_POINT('',(60.,0.,0.));
#817 = VECTOR('',#818,1.);
#818 = DIRECTION('',(0.,0.,1.));
#819 = PCURVE('',#820,#825);
#820 = CYLINDRICAL_SURFACE('',#821,60.);
#821 = AXIS2_PLACEMENT_3D('',#822,#823,#824);
#822 = CARTESIAN_POINT('',(0.,0.,0.));
#823 = DIRECTION('',(-0.,-0.,-1.));
#824 = DIRECTION('',(1.,0.,0.));
#825 = DEFINITIONAL_REPRESENTATION('',(#826),#830);
#826 = LINE('',#827,#828);
#827 = CARTESIAN_POINT('',(-0.,0.));
#828 = VECTOR('',#829,1.);
#829 = DIRECTION('',(-0.,-1.));
#830 = ( GEOMETRIC_REPRESENTATION_CONTEXT(2) 
PARAMETRIC_REPRESENTATION_CONTEXT() REPRESENTATION_CONTEXT('2D SPACE',''
  ) );
#831 = PCURVE('',#820,#832);
#832 = DEFINITIONAL_REPRESENTATION('',(#833),#837);
#833 = LINE('',#834,#835);
#834 = CARTESIAN_POINT('',(-6.28318530718,0.));
#835 = VECTOR('',#836,1.);
#836 = DIRECTION('',(-0.,-1.));
#837 = ( GEOMETRIC_REPRESENTATION_CONTEXT(2) 
PARAMETRIC_REPRESENTATION_CONTEXT() REPRESENTATION_CONTEXT('2D SPACE',''
  ) );
#838 = ORIENTED_EDGE('',*,*,#839,.T.);
#839 = EDGE_CURVE('',#812,#812,#840,.T.);
#840 = SURFACE_CURVE('',#841,(#846,#853),.PCURVE_S1.);
#841 = CIRCLE('',#842,60.);
#842 = AXIS2_PLACEMENT_3D('',#843,#844,#845);
#843 = CARTESIAN_POINT('',(0.,0.,14.25));
#844 = DIRECTION('',(0.,0.,1.));
#845 = DIRECTION('',(1.,0.,-0.));
#846 = PCURVE('',#820,#847);
#847 = DEFINITIONAL_REPRESENTATION('',(#848),#852);
#848 = LINE('',#849,#850);
#849 = CARTESIAN_POINT('',(-0.,-14.25));
#850 = VECTOR('',#851,1.);
#851 = DIRECTION('',(-1.,0.));
#852 = ( GEOMETRIC_REPRESENTATION_CONTEXT(2) 
PARAMETRIC_REPRESENTATION_CONTEXT() REPRESENTATION_CONTEXT('2D SPACE',''
  ) );
#853 = PCURVE('',#854,#859);
#854 = CONICAL_SURFACE('',#855,60.,0.785398163397);
#855 = AXIS2_PLACEMENT_3D('',#856,#857,#858);
#856 = CARTESIAN_POINT('',(0.,0.,14.25));
#857 = DIRECTION('',(-0.,-0.,-1.));
#858 = DIRECTION('',(1.,0.,0.));
#859 = DEFINITIONAL_REPRESENTATION('',(#860),#864);
#860 = LINE('',#861,#862);
#861 = CARTESIAN_POINT('',(-0.,-0.));
#862 = VECTOR('',#863,1.);
#863 = DIRECTION('',(-1.,-0.));
#864 = ( GEOMETRIC_REPRESENTATION_CONTEXT(2) 
PARAMETRIC_REPRESENTATION_CONTEXT() REPRESENTATION_CONTEXT('2D SPACE',''
  ) );
#865 = ORIENTED_EDGE('',*,*,#809,.F.);
#866 = ORIENTED_EDGE('',*,*,#867,.F.);
#867 = EDGE_CURVE('',#810,#810,#868,.T.);
#868 = SURFACE_CURVE('',#869,(#874,#881),.PCURVE_S1.);
#869 = CIRCLE('',#870,60.);
#870 = AXIS2_PLACEMENT_3D('',#871,#872,#873);
#871 = CARTESIAN_POINT('',(0.,0.,0.));
#872 = DIRECTION('',(0.,0.,1.));
#873 = DIRECTION('',(1.,0.,0.));
#874 = PCURVE('',#820,#875);
#875 = DEFINITIONAL_REPRESENTATION('',(#876),#880);
#876 = LINE('',#877,#878);
#877 = CARTESIAN_POINT('',(-0.,0.));
#878 = VECTOR('',#879,1.);
#879 = DIRECTION('',(-1.,0.));
#880 = ( GEOMETRIC_REPRESENTATION_CONTEXT(2) 
PARAMETRIC_REPRESENTATION_CONTEXT() REPRESENTATION_CONTEXT('2D SPACE',''
  ) );
#881 = PCURVE('',#882,#887);
#882 = PLANE('',#883);
#883 = AXIS2_PLACEMENT_3D('',#884,#885,#886);
#884 = CARTESIAN_POINT('',(-2.917205616084E-15,4.679120177894E-16,0.));
#885 = DIRECTION('',(0.,0.,1.));
#886 = DIRECTION('',(1.,0.,-0.));
#887 = DEFINITIONAL_REPRESENTATION('',(#888),#892);
#888 = CIRCLE('',#889,60.);
#889 = AXIS2_PLACEMENT_2D('',#890,#891);
#890 = CARTESIAN_POINT('',(2.917205616084E-15,-4.679120177894E-16));
#891 = DIRECTION('',(1.,0.));
#892 = ( GEOMETRIC_REPRESENTATION_CONTEXT(2) 
PARAMETRIC_REPRESENTATION_CONTEXT() REPRESENTATION_CONTEXT('2D SPACE',''
  ) );
#893 = ADVANCED_FACE('',(#894),#854,.T.);
#894 = FACE_BOUND('',#895,.T.);
#895 = EDGE_LOOP('',(#896,#917,#918,#919));
#896 = ORIENTED_EDGE('',*,*,#897,.F.);
#897 = EDGE_CURVE('',#812,#898,#900,.T.);
#898 = VERTEX_POINT('',#899);
#899 = CARTESIAN_POINT('',(59.25,0.,15.));
#900 = SEAM_CURVE('',#901,(#905,#911),.PCURVE_S1.);
#901 = LINE('',#902,#903);
#902 = CARTESIAN_POINT('',(60.,0.,14.25));
#903 = VECTOR('',#904,1.);
#904 = DIRECTION('',(-0.707106781187,0.,0.707106781187));
#905 = PCURVE('',#854,#906);
#906 = DEFINITIONAL_REPRESENTATION('',(#907),#910);
#907 = B_SPLINE_CURVE_WITH_KNOTS('',1,(#908,#909),.UNSPECIFIED.,.F.,.F.,
  (2,2),(0.,1.06066017178),.PIECEWISE_BEZIER_KNOTS.);
#908 = CARTESIAN_POINT('',(0.,0.));
#909 = CARTESIAN_POINT('',(0.,-0.75));
#910 = ( GEOMETRIC_REPRESENTATION_CONTEXT(2) 
PARAMETRIC_REPRESENTATION_CONTEXT() REPRESENTATION_CONTEXT('2D SPACE',''
  ) );
#911 = PCURVE('',#854,#912);
#912 = DEFINITIONAL_REPRESENTATION('',(#913),#916);
#913 = B_SPLINE_CURVE_WITH_KNOTS('',1,(#914,#915),.UNSPECIFIED.,.F.,.F.,
  (2,2),(0.,1.06066017178),.PIECEWISE_BEZIER_KNOTS.);
#914 = CARTESIAN_POINT('',(-6.28318530718,0.));
#915 = CARTESIAN_POINT('',(-6.28318530718,-0.75));
#916 = ( GEOMETRIC_REPRESENTATION_CONTEXT(2) 
PARAMETRIC_REPRESENTATION_CONTEXT() REPRESENTATION_CONTEXT('2D SPACE',''
  ) );
#917 = ORIENTED_EDGE('',*,*,#839,.T.);
#918 = ORIENTED_EDGE('',*,*,#897,.T.);
#919 = ORIENTED_EDGE('',*,*,#920,.F.);
#920 = EDGE_CURVE('',#898,#898,#921,.T.);
#921 = SURFACE_CURVE('',#922,(#927,#934),.PCURVE_S1.);
#922 = CIRCLE('',#923,59.25);
#923 = AXIS2_PLACEMENT_3D('',#924,#925,#926);
#924 = CARTESIAN_POINT('',(0.,0.,15.));
#925 = DIRECTION('',(0.,0.,1.));
#926 = DIRECTION('',(1.,0.,-0.));
#927 = PCURVE('',#854,#928);
#928 = DEFINITIONAL_REPRESENTATION('',(#929),#933);
#929 = LINE('',#930,#931);
#930 = CARTESIAN_POINT('',(-0.,-0.75));
#931 = VECTOR('',#932,1.);
#932 = DIRECTION('',(-1.,-0.));
#933 = ( GEOMETRIC_REPRESENTATION_CONTEXT(2) 
PARAMETRIC_REPRESENTATION_CONTEXT() REPRESENTATION_CONTEXT('2D SPACE',''
  ) );
#934 = PCURVE('',#935,#940);
#935 = PLANE('',#936);
#936 = AXIS2_PLACEMENT_3D('',#937,#938,#939);
#937 = CARTESIAN_POINT('',(-2.917205616084E-15,4.679120177894E-16,15.));
#938 = DIRECTION('',(0.,0.,1.));
#939 = DIRECTION('',(1.,0.,-0.));
#940 = DEFINITIONAL_REPRESENTATION('',(#941),#945);
#941 = CIRCLE('',#942,59.25);
#942 = AXIS2_PLACEMENT_2D('',#943,#944);
#943 = CARTESIAN_POINT('',(2.917205616084E-15,-4.679120177894E-16));
#944 = DIRECTION('',(1.,0.));
#945 = ( GEOMETRIC_REPRESENTATION_CONTEXT(2) 
PARAMETRIC_REPRESENTATION_CONTEXT() REPRESENTATION_CONTEXT('2D SPACE',''
  ) );
#946 = ADVANCED_FACE('',(#947,#950,#981,#1012,#1043,#1074,#1105,#1136),
  #882,.F.);
#947 = FACE_BOUND('',#948,.F.);
#948 = EDGE_LOOP('',(#949));
#949 = ORIENTED_EDGE('',*,*,#867,.T.);
#950 = FACE_BOUND('',#951,.F.);
#951 = EDGE_LOOP('',(#952));
#952 = ORIENTED_EDGE('',*,*,#953,.F.);
#953 = EDGE_CURVE('',#954,#954,#956,.T.);
#954 = VERTEX_POINT('',#955);
#955 = CARTESIAN_POINT('',(-24.,-41.56921938165,0.));
#956 = SURFACE_CURVE('',#957,(#962,#969),.PCURVE_S1.);
#957 = CIRCLE('',#958,6.);
#958 = AXIS2_PLACEMENT_3D('',#959,#960,#961);
#959 = CARTESIAN_POINT('',(-21.,-36.37306695894,0.));
#960 = DIRECTION('',(0.,0.,1.));
#961 = DIRECTION('',(-0.5,-0.866025403784,0.));
#962 = PCURVE('',#882,#963);
#963 = DEFINITIONAL_REPRESENTATION('',(#964),#968);
#964 = CIRCLE('',#965,6.);
#965 = AXIS2_PLACEMENT_2D('',#966,#967);
#966 = CARTESIAN_POINT('',(-21.,-36.37306695894));
#967 = DIRECTION('',(-0.5,-0.866025403784));
#968 = ( GEOMETRIC_REPRESENTATION_CONTEXT(2) 
PARAMETRIC_REPRESENTATION_CONTEXT() REPRESENTATION_CONTEXT('2D SPACE',''
  ) );
#969 = PCURVE('',#970,#975);
#970 = CYLINDRICAL_SURFACE('',#971,6.);
#971 = AXIS2_PLACEMENT_3D('',#972,#973,#974);
#972 = CARTESIAN_POINT('',(-21.,-36.37306695894,-105.0000002));
#973 = DIRECTION('',(-0.,-0.,-1.));
#974 = DIRECTION('',(-0.5,-0.866025403784,0.));
#975 = DEFINITIONAL_REPRESENTATION('',(#976),#980);
#976 = LINE('',#977,#978);
#977 = CARTESIAN_POINT('',(-6.28318530718,-105.0000002));
#978 = VECTOR('',#979,1.);
#979 = DIRECTION('',(-1.,-0.));
#980 = ( GEOMETRIC_REPRESENTATION_CONTEXT(2) 
PARAMETRIC_REPRESENTATION_CONTEXT() REPRESENTATION_CONTEXT('2D SPACE',''
  ) );
#981 = FACE_BOUND('',#982,.F.);
#982 = EDGE_LOOP('',(#983));
#983 = ORIENTED_EDGE('',*,*,#984,.F.);
#984 = EDGE_CURVE('',#985,#985,#987,.T.);
#985 = VERTEX_POINT('',#986);
#986 = CARTESIAN_POINT('',(24.,-41.56921938165,0.));
#987 = SURFACE_CURVE('',#988,(#993,#1000),.PCURVE_S1.);
#988 = CIRCLE('',#989,6.);
#989 = AXIS2_PLACEMENT_3D('',#990,#991,#992);
#990 = CARTESIAN_POINT('',(21.,-36.37306695894,0.));
#991 = DIRECTION('',(-0.,0.,1.));
#992 = DIRECTION('',(0.5,-0.866025403784,0.));
#993 = PCURVE('',#882,#994);
#994 = DEFINITIONAL_REPRESENTATION('',(#995),#999);
#995 = CIRCLE('',#996,6.);
#996 = AXIS2_PLACEMENT_2D('',#997,#998);
#997 = CARTESIAN_POINT('',(21.,-36.37306695894));
#998 = DIRECTION('',(0.5,-0.866025403784));
#999 = ( GEOMETRIC_REPRESENTATION_CONTEXT(2) 
PARAMETRIC_REPRESENTATION_CONTEXT() REPRESENTATION_CONTEXT('2D SPACE',''
  ) );
#1000 = PCURVE('',#1001,#1006);
#1001 = CYLINDRICAL_SURFACE('',#1002,6.);
#1002 = AXIS2_PLACEMENT_3D('',#1003,#1004,#1005);
#1003 = CARTESIAN_POINT('',(21.,-36.37306695894,-105.0000002));
#1004 = DIRECTION('',(0.,0.,-1.));
#1005 = DIRECTION('',(0.5,-0.866025403784,0.));
#1006 = DEFINITIONAL_REPRESENTATION('',(#1007),#1011);
#1007 = LINE('',#1008,#1009);
#1008 = CARTESIAN_POINT('',(-6.28318530718,-105.0000002));
#1009 = VECTOR('',#1010,1.);
#1010 = DIRECTION('',(-1.,-0.));
#1011 = ( GEOMETRIC_REPRESENTATION_CONTEXT(2) 
PARAMETRIC_REPRESENTATION_CONTEXT() REPRESENTATION_CONTEXT('2D SPACE',''
  ) );
#1012 = FACE_BOUND('',#1013,.F.);
#1013 = EDGE_LOOP('',(#1014));
#1014 = ORIENTED_EDGE('',*,*,#1015,.F.);
#1015 = EDGE_CURVE('',#1016,#1016,#1018,.T.);
#1016 = VERTEX_POINT('',#1017);
#1017 = CARTESIAN_POINT('',(-48.,5.878304635907E-15,0.));
#1018 = SURFACE_CURVE('',#1019,(#1024,#1031),.PCURVE_S1.);
#1019 = CIRCLE('',#1020,6.);
#1020 = AXIS2_PLACEMENT_3D('',#1021,#1022,#1023);
#1021 = CARTESIAN_POINT('',(-42.,1.7763568394E-15,0.));
#1022 = DIRECTION('',(0.,0.,1.));
#1023 = DIRECTION('',(-1.,6.836579660845E-16,0.));
#1024 = PCURVE('',#882,#1025);
#1025 = DEFINITIONAL_REPRESENTATION('',(#1026),#1030);
#1026 = CIRCLE('',#1027,6.);
#1027 = AXIS2_PLACEMENT_2D('',#1028,#1029);
#1028 = CARTESIAN_POINT('',(-42.,1.308444821611E-15));
#1029 = DIRECTION('',(-1.,6.836579660845E-16));
#1030 = ( GEOMETRIC_REPRESENTATION_CONTEXT(2) 
PARAMETRIC_REPRESENTATION_CONTEXT() REPRESENTATION_CONTEXT('2D SPACE',''
  ) );
#1031 = PCURVE('',#1032,#1037);
#1032 = CYLINDRICAL_SURFACE('',#1033,6.);
#1033 = AXIS2_PLACEMENT_3D('',#1034,#1035,#1036);
#1034 = CARTESIAN_POINT('',(-42.,5.143516556419E-15,-105.0000002));
#1035 = DIRECTION('',(-0.,-0.,-1.));
#1036 = DIRECTION('',(-1.,1.224646799147E-16,0.));
#1037 = DEFINITIONAL_REPRESENTATION('',(#1038),#1042);
#1038 = LINE('',#1039,#1040);
#1039 = CARTESIAN_POINT('',(-6.28318530718,-105.0000002));
#1040 = VECTOR('',#1041,1.);
#1041 = DIRECTION('',(-1.,-0.));
#1042 = ( GEOMETRIC_REPRESENTATION_CONTEXT(2) 
PARAMETRIC_REPRESENTATION_CONTEXT() REPRESENTATION_CONTEXT('2D SPACE',''
  ) );
#1043 = FACE_BOUND('',#1044,.F.);
#1044 = EDGE_LOOP('',(#1045));
#1045 = ORIENTED_EDGE('',*,*,#1046,.F.);
#1046 = EDGE_CURVE('',#1047,#1047,#1049,.T.);
#1047 = VERTEX_POINT('',#1048);
#1048 = CARTESIAN_POINT('',(-24.,41.569219381653,0.));
#1049 = SURFACE_CURVE('',#1050,(#1055,#1062),.PCURVE_S1.);
#1050 = CIRCLE('',#1051,6.);
#1051 = AXIS2_PLACEMENT_3D('',#1052,#1053,#1054);
#1052 = CARTESIAN_POINT('',(-21.,36.373066958946,0.));
#1053 = DIRECTION('',(0.,0.,1.));
#1054 = DIRECTION('',(-0.5,0.866025403784,0.));
#1055 = PCURVE('',#882,#1056);
#1056 = DEFINITIONAL_REPRESENTATION('',(#1057),#1061);
#1057 = CIRCLE('',#1058,6.);
#1058 = AXIS2_PLACEMENT_2D('',#1059,#1060);
#1059 = CARTESIAN_POINT('',(-21.,36.373066958946));
#1060 = DIRECTION('',(-0.5,0.866025403784));
#1061 = ( GEOMETRIC_REPRESENTATION_CONTEXT(2) 
PARAMETRIC_REPRESENTATION_CONTEXT() REPRESENTATION_CONTEXT('2D SPACE',''
  ) );
#1062 = PCURVE('',#1063,#1068);
#1063 = CYLINDRICAL_SURFACE('',#1064,6.);
#1064 = AXIS2_PLACEMENT_3D('',#1065,#1066,#1067);
#1065 = CARTESIAN_POINT('',(-21.,36.373066958946,-105.0000002));
#1066 = DIRECTION('',(-0.,-0.,-1.));
#1067 = DIRECTION('',(-0.5,0.866025403784,0.));
#1068 = DEFINITIONAL_REPRESENTATION('',(#1069),#1073);
#1069 = LINE('',#1070,#1071);
#1070 = CARTESIAN_POINT('',(-6.28318530718,-105.0000002));
#1071 = VECTOR('',#1072,1.);
#1072 = DIRECTION('',(-1.,-0.));
#1073 = ( GEOMETRIC_REPRESENTATION_CONTEXT(2) 
PARAMETRIC_REPRESENTATION_CONTEXT() REPRESENTATION_CONTEXT('2D SPACE',''
  ) );
#1074 = FACE_BOUND('',#1075,.F.);
#1075 = EDGE_LOOP('',(#1076));
#1076 = ORIENTED_EDGE('',*,*,#1077,.F.);
#1077 = EDGE_CURVE('',#1078,#1078,#1080,.T.);
#1078 = VERTEX_POINT('',#1079);
#1079 = CARTESIAN_POINT('',(24.,0.,0.));
#1080 = SURFACE_CURVE('',#1081,(#1086,#1093),.PCURVE_S1.);
#1081 = CIRCLE('',#1082,24.);
#1082 = AXIS2_PLACEMENT_3D('',#1083,#1084,#1085);
#1083 = CARTESIAN_POINT('',(1.570254319844E-15,8.881784197001E-16,0.));
#1084 = DIRECTION('',(-0.,0.,1.));
#1085 = DIRECTION('',(1.,-3.700743415417E-17,0.));
#1086 = PCURVE('',#882,#1087);
#1087 = DEFINITIONAL_REPRESENTATION('',(#1088),#1092);
#1088 = CIRCLE('',#1089,24.);
#1089 = AXIS2_PLACEMENT_2D('',#1090,#1091);
#1090 = CARTESIAN_POINT('',(4.487459935928E-15,4.202664019107E-16));
#1091 = DIRECTION('',(1.,-3.700743415417E-17));
#1092 = ( GEOMETRIC_REPRESENTATION_CONTEXT(2) 
PARAMETRIC_REPRESENTATION_CONTEXT() REPRESENTATION_CONTEXT('2D SPACE',''
  ) );
#1093 = PCURVE('',#1094,#1099);
#1094 = CYLINDRICAL_SURFACE('',#1095,24.);
#1095 = AXIS2_PLACEMENT_3D('',#1096,#1097,#1098);
#1096 = CARTESIAN_POINT('',(0.,0.,-105.0000002));
#1097 = DIRECTION('',(-0.,-0.,-1.));
#1098 = DIRECTION('',(1.,0.,0.));
#1099 = DEFINITIONAL_REPRESENTATION('',(#1100),#1104);
#1100 = LINE('',#1101,#1102);
#1101 = CARTESIAN_POINT('',(-6.28318530718,-105.0000002));
#1102 = VECTOR('',#1103,1.);
#1103 = DIRECTION('',(-1.,-0.));
#1104 = ( GEOMETRIC_REPRESENTATION_CONTEXT(2) 
PARAMETRIC_REPRESENTATION_CONTEXT() REPRESENTATION_CONTEXT('2D SPACE',''
  ) );
#1105 = FACE_BOUND('',#1106,.F.);
#1106 = EDGE_LOOP('',(#1107));
#1107 = ORIENTED_EDGE('',*,*,#1108,.F.);
#1108 = EDGE_CURVE('',#1109,#1109,#1111,.T.);
#1109 = VERTEX_POINT('',#1110);
#1110 = CARTESIAN_POINT('',(48.,0.,0.));
#1111 = SURFACE_CURVE('',#1112,(#1117,#1124),.PCURVE_S1.);
#1112 = CIRCLE('',#1113,6.);
#1113 = AXIS2_PLACEMENT_3D('',#1114,#1115,#1116);
#1114 = CARTESIAN_POINT('',(42.,-2.442490654175E-15,0.));
#1115 = DIRECTION('',(0.,-0.,1.));
#1116 = DIRECTION('',(1.,4.070817756959E-16,0.));
#1117 = PCURVE('',#882,#1118);
#1118 = DEFINITIONAL_REPRESENTATION('',(#1119),#1123);
#1119 = CIRCLE('',#1120,6.);
#1120 = AXIS2_PLACEMENT_2D('',#1121,#1122);
#1121 = CARTESIAN_POINT('',(42.,-2.910402671965E-15));
#1122 = DIRECTION('',(1.,4.070817756959E-16));
#1123 = ( GEOMETRIC_REPRESENTATION_CONTEXT(2) 
PARAMETRIC_REPRESENTATION_CONTEXT() REPRESENTATION_CONTEXT('2D SPACE',''
  ) );
#1124 = PCURVE('',#1125,#1130);
#1125 = CYLINDRICAL_SURFACE('',#1126,6.);
#1126 = AXIS2_PLACEMENT_3D('',#1127,#1128,#1129);
#1127 = CARTESIAN_POINT('',(42.,0.,-105.0000002));
#1128 = DIRECTION('',(-0.,-0.,-1.));
#1129 = DIRECTION('',(1.,0.,0.));
#1130 = DEFINITIONAL_REPRESENTATION('',(#1131),#1135);
#1131 = LINE('',#1132,#1133);
#1132 = CARTESIAN_POINT('',(-6.28318530718,-105.0000002));
#1133 = VECTOR('',#1134,1.);
#1134 = DIRECTION('',(-1.,-0.));
#1135 = ( GEOMETRIC_REPRESENTATION_CONTEXT(2) 
PARAMETRIC_REPRESENTATION_CONTEXT() REPRESENTATION_CONTEXT('2D SPACE',''
  ) );
#1136 = FACE_BOUND('',#1137,.F.);
#1137 = EDGE_LOOP('',(#1138));
#1138 = ORIENTED_EDGE('',*,*,#1139,.F.);
#1139 = EDGE_CURVE('',#1140,#1140,#1142,.T.);
#1140 = VERTEX_POINT('',#1141);
#1141 = CARTESIAN_POINT('',(24.,41.569219381653,0.));
#1142 = SURFACE_CURVE('',#1143,(#1148,#1155),.PCURVE_S1.);
#1143 = CIRCLE('',#1144,6.);
#1144 = AXIS2_PLACEMENT_3D('',#1145,#1146,#1147);
#1145 = CARTESIAN_POINT('',(21.,36.373066958946,0.));
#1146 = DIRECTION('',(0.,-0.,1.));
#1147 = DIRECTION('',(0.5,0.866025403784,0.));
#1148 = PCURVE('',#882,#1149);
#1149 = DEFINITIONAL_REPRESENTATION('',(#1150),#1154);
#1150 = CIRCLE('',#1151,6.);
#1151 = AXIS2_PLACEMENT_2D('',#1152,#1153);
#1152 = CARTESIAN_POINT('',(21.,36.373066958946));
#1153 = DIRECTION('',(0.5,0.866025403784));
#1154 = ( GEOMETRIC_REPRESENTATION_CONTEXT(2) 
PARAMETRIC_REPRESENTATION_CONTEXT() REPRESENTATION_CONTEXT('2D SPACE',''
  ) );
#1155 = PCURVE('',#1156,#1161);
#1156 = CYLINDRICAL_SURFACE('',#1157,6.);
#1157 = AXIS2_PLACEMENT_3D('',#1158,#1159,#1160);
#1158 = CARTESIAN_POINT('',(21.,36.373066958946,-105.0000002));
#1159 = DIRECTION('',(0.,0.,-1.));
#1160 = DIRECTION('',(0.5,0.866025403784,0.));
#1161 = DEFINITIONAL_REPRESENTATION('',(#1162),#1166);
#1162 = LINE('',#1163,#1164);
#1163 = CARTESIAN_POINT('',(-6.28318530718,-105.0000002));
#1164 = VECTOR('',#1165,1.);
#1165 = DIRECTION('',(-1.,-0.));
#1166 = ( GEOMETRIC_REPRESENTATION_CONTEXT(2) 
PARAMETRIC_REPRESENTATION_CONTEXT() REPRESENTATION_CONTEXT('2D SPACE',''
  ) );
#1167 = ADVANCED_FACE('',(#1168,#1171,#1202,#1233,#1264,#1295,#1330,
    #1361),#935,.T.);
#1168 = FACE_BOUND('',#1169,.T.);
#1169 = EDGE_LOOP('',(#1170));
#1170 = ORIENTED_EDGE('',*,*,#920,.T.);
#1171 = FACE_BOUND('',#1172,.T.);
#1172 = EDGE_LOOP('',(#1173));
#1173 = ORIENTED_EDGE('',*,*,#1174,.F.);
#1174 = EDGE_CURVE('',#1175,#1175,#1177,.T.);
#1175 = VERTEX_POINT('',#1176);
#1176 = CARTESIAN_POINT('',(-26.735,-46.30637834035,15.));
#1177 = SURFACE_CURVE('',#1178,(#1183,#1190),.PCURVE_S1.);
#1178 = CIRCLE('',#1179,11.47);
#1179 = AXIS2_PLACEMENT_3D('',#1180,#1181,#1182);
#1180 = CARTESIAN_POINT('',(-21.,-36.37306695894,15.));
#1181 = DIRECTION('',(0.,0.,1.));
#1182 = DIRECTION('',(-0.5,-0.866025403784,0.));
#1183 = PCURVE('',#935,#1184);
#1184 = DEFINITIONAL_REPRESENTATION('',(#1185),#1189);
#1185 = CIRCLE('',#1186,11.47);
#1186 = AXIS2_PLACEMENT_2D('',#1187,#1188);
#1187 = CARTESIAN_POINT('',(-21.,-36.37306695894));
#1188 = DIRECTION('',(-0.5,-0.866025403784));
#1189 = ( GEOMETRIC_REPRESENTATION_CONTEXT(2) 
PARAMETRIC_REPRESENTATION_CONTEXT() REPRESENTATION_CONTEXT('2D SPACE',''
  ) );
#1190 = PCURVE('',#1191,#1196);
#1191 = CONICAL_SURFACE('',#1192,10.72,0.785398163397);
#1192 = AXIS2_PLACEMENT_3D('',#1193,#1194,#1195);
#1193 = CARTESIAN_POINT('',(-21.,-36.37306695894,14.25));
#1194 = DIRECTION('',(0.,0.,1.));
#1195 = DIRECTION('',(-0.5,-0.866025403784,0.));
#1196 = DEFINITIONAL_REPRESENTATION('',(#1197),#1201);
#1197 = LINE('',#1198,#1199);
#1198 = CARTESIAN_POINT('',(-0.,0.75));
#1199 = VECTOR('',#1200,1.);
#1200 = DIRECTION('',(1.,-0.));
#1201 = ( GEOMETRIC_REPRESENTATION_CONTEXT(2) 
PARAMETRIC_REPRESENTATION_CONTEXT() REPRESENTATION_CONTEXT('2D SPACE',''
  ) );
#1202 = FACE_BOUND('',#1203,.T.);
#1203 = EDGE_LOOP('',(#1204));
#1204 = ORIENTED_EDGE('',*,*,#1205,.F.);
#1205 = EDGE_CURVE('',#1206,#1206,#1208,.T.);
#1206 = VERTEX_POINT('',#1207);
#1207 = CARTESIAN_POINT('',(26.735,-46.30637834035,15.));
#1208 = SURFACE_CURVE('',#1209,(#1214,#1221),.PCURVE_S1.);
#1209 = CIRCLE('',#1210,11.47);
#1210 = AXIS2_PLACEMENT_3D('',#1211,#1212,#1213);
#1211 = CARTESIAN_POINT('',(21.,-36.37306695894,15.));
#1212 = DIRECTION('',(0.,0.,1.));
#1213 = DIRECTION('',(0.5,-0.866025403784,0.));
#1214 = PCURVE('',#935,#1215);
#1215 = DEFINITIONAL_REPRESENTATION('',(#1216),#1220);
#1216 = CIRCLE('',#1217,11.47);
#1217 = AXIS2_PLACEMENT_2D('',#1218,#1219);
#1218 = CARTESIAN_POINT('',(21.,-36.37306695894));
#1219 = DIRECTION('',(0.5,-0.866025403784));
#1220 = ( GEOMETRIC_REPRESENTATION_CONTEXT(2) 
PARAMETRIC_REPRESENTATION_CONTEXT() REPRESENTATION_CONTEXT('2D SPACE',''
  ) );
#1221 = PCURVE('',#1222,#1227);
#1222 = CONICAL_SURFACE('',#1223,10.72,0.785398163397);
#1223 = AXIS2_PLACEMENT_3D('',#1224,#1225,#1226);
#1224 = CARTESIAN_POINT('',(21.,-36.37306695894,14.25));
#1225 = DIRECTION('',(0.,0.,1.));
#1226 = DIRECTION('',(0.5,-0.866025403784,0.));
#1227 = DEFINITIONAL_REPRESENTATION('',(#1228),#1232);
#1228 = LINE('',#1229,#1230);
#1229 = CARTESIAN_POINT('',(-0.,0.75));
#1230 = VECTOR('',#1231,1.);
#1231 = DIRECTION('',(1.,-0.));
#1232 = ( GEOMETRIC_REPRESENTATION_CONTEXT(2) 
PARAMETRIC_REPRESENTATION_CONTEXT() REPRESENTATION_CONTEXT('2D SPACE',''
  ) );
#1233 = FACE_BOUND('',#1234,.T.);
#1234 = EDGE_LOOP('',(#1235));
#1235 = ORIENTED_EDGE('',*,*,#1236,.F.);
#1236 = EDGE_CURVE('',#1237,#1237,#1239,.T.);
#1237 = VERTEX_POINT('',#1238);
#1238 = CARTESIAN_POINT('',(-53.47,6.548186435041E-15,15.));
#1239 = SURFACE_CURVE('',#1240,(#1245,#1252),.PCURVE_S1.);
#1240 = CIRCLE('',#1241,11.47);
#1241 = AXIS2_PLACEMENT_3D('',#1242,#1243,#1244);
#1242 = CARTESIAN_POINT('',(-42.,5.143516556419E-15,15.));
#1243 = DIRECTION('',(0.,0.,1.));
#1244 = DIRECTION('',(-1.,1.224646799147E-16,0.));
#1245 = PCURVE('',#935,#1246);
#1246 = DEFINITIONAL_REPRESENTATION('',(#1247),#1251);
#1247 = CIRCLE('',#1248,11.47);
#1248 = AXIS2_PLACEMENT_2D('',#1249,#1250);
#1249 = CARTESIAN_POINT('',(-42.,4.675604538629E-15));
#1250 = DIRECTION('',(-1.,1.224646799147E-16));
#1251 = ( GEOMETRIC_REPRESENTATION_CONTEXT(2) 
PARAMETRIC_REPRESENTATION_CONTEXT() REPRESENTATION_CONTEXT('2D SPACE',''
  ) );
#1252 = PCURVE('',#1253,#1258);
#1253 = CONICAL_SURFACE('',#1254,10.72,0.785398163397);
#1254 = AXIS2_PLACEMENT_3D('',#1255,#1256,#1257);
#1255 = CARTESIAN_POINT('',(-42.,5.143516556419E-15,14.25));
#1256 = DIRECTION('',(0.,0.,1.));
#1257 = DIRECTION('',(-1.,1.224646799147E-16,0.));
#1258 = DEFINITIONAL_REPRESENTATION('',(#1259),#1263);
#1259 = LINE('',#1260,#1261);
#1260 = CARTESIAN_POINT('',(-0.,0.75));
#1261 = VECTOR('',#1262,1.);
#1262 = DIRECTION('',(1.,-0.));
#1263 = ( GEOMETRIC_REPRESENTATION_CONTEXT(2) 
PARAMETRIC_REPRESENTATION_CONTEXT() REPRESENTATION_CONTEXT('2D SPACE',''
  ) );
#1264 = FACE_BOUND('',#1265,.T.);
#1265 = EDGE_LOOP('',(#1266));
#1266 = ORIENTED_EDGE('',*,*,#1267,.F.);
#1267 = EDGE_CURVE('',#1268,#1268,#1270,.T.);
#1268 = VERTEX_POINT('',#1269);
#1269 = CARTESIAN_POINT('',(-26.735,46.306378340354,15.));
#1270 = SURFACE_CURVE('',#1271,(#1276,#1283),.PCURVE_S1.);
#1271 = CIRCLE('',#1272,11.47);
#1272 = AXIS2_PLACEMENT_3D('',#1273,#1274,#1275);
#1273 = CARTESIAN_POINT('',(-21.,36.373066958946,15.));
#1274 = DIRECTION('',(0.,0.,1.));
#1275 = DIRECTION('',(-0.5,0.866025403784,0.));
#1276 = PCURVE('',#935,#1277);
#1277 = DEFINITIONAL_REPRESENTATION('',(#1278),#1282);
#1278 = CIRCLE('',#1279,11.47);
#1279 = AXIS2_PLACEMENT_2D('',#1280,#1281);
#1280 = CARTESIAN_POINT('',(-21.,36.373066958946));
#1281 = DIRECTION('',(-0.5,0.866025403784));
#1282 = ( GEOMETRIC_REPRESENTATION_CONTEXT(2) 
PARAMETRIC_REPRESENTATION_CONTEXT() REPRESENTATION_CONTEXT('2D SPACE',''
  ) );
#1283 = PCURVE('',#1284,#1289);
#1284 = CONICAL_SURFACE('',#1285,10.72,0.785398163397);
#1285 = AXIS2_PLACEMENT_3D('',#1286,#1287,#1288);
#1286 = CARTESIAN_POINT('',(-21.,36.373066958946,14.25));
#1287 = DIRECTION('',(0.,0.,1.));
#1288 = DIRECTION('',(-0.5,0.866025403784,0.));
#1289 = DEFINITIONAL_REPRESENTATION('',(#1290),#1294);
#1290 = LINE('',#1291,#1292);
#1291 = CARTESIAN_POINT('',(-0.,0.75));
#1292 = VECTOR('',#1293,1.);
#1293 = DIRECTION('',(1.,-0.));
#1294 = ( GEOMETRIC_REPRESENTATION_CONTEXT(2) 
PARAMETRIC_REPRESENTATION_CONTEXT() REPRESENTATION_CONTEXT('2D SPACE',''
  ) );
#1295 = FACE_BOUND('',#1296,.T.);
#1296 = EDGE_LOOP('',(#1297));
#1297 = ORIENTED_EDGE('',*,*,#1298,.T.);
#1298 = EDGE_CURVE('',#1299,#1299,#1301,.T.);
#1299 = VERTEX_POINT('',#1300);
#1300 = CARTESIAN_POINT('',(24.75,-6.062001655779E-15,15.));
#1301 = SURFACE_CURVE('',#1302,(#1307,#1318),.PCURVE_S1.);
#1302 = CIRCLE('',#1303,24.75);
#1303 = AXIS2_PLACEMENT_3D('',#1304,#1305,#1306);
#1304 = CARTESIAN_POINT('',(0.,0.,15.));
#1305 = DIRECTION('',(0.,-0.,-1.));
#1306 = DIRECTION('',(1.,-2.449293598295E-16,0.));
#1307 = PCURVE('',#935,#1308);
#1308 = DEFINITIONAL_REPRESENTATION('',(#1309),#1317);
#1309 = ( BOUNDED_CURVE() B_SPLINE_CURVE(2,(#1310,#1311,#1312,#1313,
#1314,#1315,#1316),.UNSPECIFIED.,.T.,.F.) B_SPLINE_CURVE_WITH_KNOTS((1,2
    ,2,2,2,1),(-2.094395102393,0.,2.094395102393,4.188790204786,
6.28318530718,8.377580409573),.UNSPECIFIED.) CURVE() 
GEOMETRIC_REPRESENTATION_ITEM() RATIONAL_B_SPLINE_CURVE((1.,0.5,1.,0.5,
1.,0.5,1.)) REPRESENTATION_ITEM('') );
#1310 = CARTESIAN_POINT('',(24.75,-6.529913673569E-15));
#1311 = CARTESIAN_POINT('',(24.75,-42.86825748733));
#1312 = CARTESIAN_POINT('',(-12.375,-21.43412874366));
#1313 = CARTESIAN_POINT('',(-49.5,5.59408963799E-15));
#1314 = CARTESIAN_POINT('',(-12.375,21.434128743665));
#1315 = CARTESIAN_POINT('',(24.75,42.86825748733));
#1316 = CARTESIAN_POINT('',(24.75,-6.529913673569E-15));
#1317 = ( GEOMETRIC_REPRESENTATION_CONTEXT(2) 
PARAMETRIC_REPRESENTATION_CONTEXT() REPRESENTATION_CONTEXT('2D SPACE',''
  ) );
#1318 = PCURVE('',#1319,#1324);
#1319 = CONICAL_SURFACE('',#1320,24.,0.785398163397);
#1320 = AXIS2_PLACEMENT_3D('',#1321,#1322,#1323);
#1321 = CARTESIAN_POINT('',(0.,0.,14.25));
#1322 = DIRECTION('',(0.,0.,1.));
#1323 = DIRECTION('',(1.,-2.449293598295E-16,0.));
#1324 = DEFINITIONAL_REPRESENTATION('',(#1325),#1329);
#1325 = LINE('',#1326,#1327);
#1326 = CARTESIAN_POINT('',(0.,0.75));
#1327 = VECTOR('',#1328,1.);
#1328 = DIRECTION('',(-1.,-0.));
#1329 = ( GEOMETRIC_REPRESENTATION_CONTEXT(2) 
PARAMETRIC_REPRESENTATION_CONTEXT() REPRESENTATION_CONTEXT('2D SPACE',''
  ) );
#1330 = FACE_BOUND('',#1331,.T.);
#1331 = EDGE_LOOP('',(#1332));
#1332 = ORIENTED_EDGE('',*,*,#1333,.F.);
#1333 = EDGE_CURVE('',#1334,#1334,#1336,.T.);
#1334 = VERTEX_POINT('',#1335);
#1335 = CARTESIAN_POINT('',(53.47,0.,15.));
#1336 = SURFACE_CURVE('',#1337,(#1342,#1349),.PCURVE_S1.);
#1337 = CIRCLE('',#1338,11.47);
#1338 = AXIS2_PLACEMENT_3D('',#1339,#1340,#1341);
#1339 = CARTESIAN_POINT('',(42.,0.,15.));
#1340 = DIRECTION('',(0.,0.,1.));
#1341 = DIRECTION('',(1.,0.,-0.));
#1342 = PCURVE('',#935,#1343);
#1343 = DEFINITIONAL_REPRESENTATION('',(#1344),#1348);
#1344 = CIRCLE('',#1345,11.47);
#1345 = AXIS2_PLACEMENT_2D('',#1346,#1347);
#1346 = CARTESIAN_POINT('',(42.,-4.679120177894E-16));
#1347 = DIRECTION('',(1.,0.));
#1348 = ( GEOMETRIC_REPRESENTATION_CONTEXT(2) 
PARAMETRIC_REPRESENTATION_CONTEXT() REPRESENTATION_CONTEXT('2D SPACE',''
  ) );
#1349 = PCURVE('',#1350,#1355);
#1350 = CONICAL_SURFACE('',#1351,10.72,0.785398163397);
#1351 = AXIS2_PLACEMENT_3D('',#1352,#1353,#1354);
#1352 = CARTESIAN_POINT('',(42.,0.,14.25));
#1353 = DIRECTION('',(0.,0.,1.));
#1354 = DIRECTION('',(1.,0.,-0.));
#1355 = DEFINITIONAL_REPRESENTATION('',(#1356),#1360);
#1356 = LINE('',#1357,#1358);
#1357 = CARTESIAN_POINT('',(-0.,0.75));
#1358 = VECTOR('',#1359,1.);
#1359 = DIRECTION('',(1.,-0.));
#1360 = ( GEOMETRIC_REPRESENTATION_CONTEXT(2) 
PARAMETRIC_REPRESENTATION_CONTEXT() REPRESENTATION_CONTEXT('2D SPACE',''
  ) );
#1361 = FACE_BOUND('',#1362,.T.);
#1362 = EDGE_LOOP('',(#1363));
#1363 = ORIENTED_EDGE('',*,*,#1364,.F.);
#1364 = EDGE_CURVE('',#1365,#1365,#1367,.T.);
#1365 = VERTEX_POINT('',#1366);
#1366 = CARTESIAN_POINT('',(26.735,46.306378340354,15.));
#1367 = SURFACE_CURVE('',#1368,(#1373,#1380),.PCURVE_S1.);
#1368 = CIRCLE('',#1369,11.47);
#1369 = AXIS2_PLACEMENT_3D('',#1370,#1371,#1372);
#1370 = CARTESIAN_POINT('',(21.,36.373066958946,15.));
#1371 = DIRECTION('',(0.,0.,1.));
#1372 = DIRECTION('',(0.5,0.866025403784,-0.));
#1373 = PCURVE('',#935,#1374);
#1374 = DEFINITIONAL_REPRESENTATION('',(#1375),#1379);
#1375 = CIRCLE('',#1376,11.47);
#1376 = AXIS2_PLACEMENT_2D('',#1377,#1378);
#1377 = CARTESIAN_POINT('',(21.,36.373066958946));
#1378 = DIRECTION('',(0.5,0.866025403784));
#1379 = ( GEOMETRIC_REPRESENTATION_CONTEXT(2) 
PARAMETRIC_REPRESENTATION_CONTEXT() REPRESENTATION_CONTEXT('2D SPACE',''
  ) );
#1380 = PCURVE('',#1381,#1386);
#1381 = CONICAL_SURFACE('',#1382,10.72,0.785398163397);
#1382 = AXIS2_PLACEMENT_3D('',#1383,#1384,#1385);
#1383 = CARTESIAN_POINT('',(21.,36.373066958946,14.25));
#1384 = DIRECTION('',(0.,0.,1.));
#1385 = DIRECTION('',(0.5,0.866025403784,-0.));
#1386 = DEFINITIONAL_REPRESENTATION('',(#1387),#1391);
#1387 = LINE('',#1388,#1389);
#1388 = CARTESIAN_POINT('',(-0.,0.75));
#1389 = VECTOR('',#1390,1.);
#1390 = DIRECTION('',(1.,-0.));
#1391 = ( GEOMETRIC_REPRESENTATION_CONTEXT(2) 
PARAMETRIC_REPRESENTATION_CONTEXT() REPRESENTATION_CONTEXT('2D SPACE',''
  ) );
#1392 = ADVANCED_FACE('',(#1393),#970,.F.);
#1393 = FACE_BOUND('',#1394,.T.);
#1394 = EDGE_LOOP('',(#1395,#1396,#1419,#1446));
#1395 = ORIENTED_EDGE('',*,*,#953,.F.);
#1396 = ORIENTED_EDGE('',*,*,#1397,.T.);
#1397 = EDGE_CURVE('',#954,#1398,#1400,.T.);
#1398 = VERTEX_POINT('',#1399);
#1399 = CARTESIAN_POINT('',(-24.,-41.56921938165,11.76));
#1400 = SEAM_CURVE('',#1401,(#1405,#1412),.PCURVE_S1.);
#1401 = LINE('',#1402,#1403);
#1402 = CARTESIAN_POINT('',(-24.,-41.56921938165,-105.0000002));
#1403 = VECTOR('',#1404,1.);
#1404 = DIRECTION('',(0.,0.,1.));
#1405 = PCURVE('',#970,#1406);
#1406 = DEFINITIONAL_REPRESENTATION('',(#1407),#1411);
#1407 = LINE('',#1408,#1409);
#1408 = CARTESIAN_POINT('',(-0.,0.));
#1409 = VECTOR('',#1410,1.);
#1410 = DIRECTION('',(-0.,-1.));
#1411 = ( GEOMETRIC_REPRESENTATION_CONTEXT(2) 
PARAMETRIC_REPRESENTATION_CONTEXT() REPRESENTATION_CONTEXT('2D SPACE',''
  ) );
#1412 = PCURVE('',#970,#1413);
#1413 = DEFINITIONAL_REPRESENTATION('',(#1414),#1418);
#1414 = LINE('',#1415,#1416);
#1415 = CARTESIAN_POINT('',(-6.28318530718,0.));
#1416 = VECTOR('',#1417,1.);
#1417 = DIRECTION('',(-0.,-1.));
#1418 = ( GEOMETRIC_REPRESENTATION_CONTEXT(2) 
PARAMETRIC_REPRESENTATION_CONTEXT() REPRESENTATION_CONTEXT('2D SPACE',''
  ) );
#1419 = ORIENTED_EDGE('',*,*,#1420,.T.);
#1420 = EDGE_CURVE('',#1398,#1398,#1421,.T.);
#1421 = SURFACE_CURVE('',#1422,(#1427,#1434),.PCURVE_S1.);
#1422 = CIRCLE('',#1423,6.);
#1423 = AXIS2_PLACEMENT_3D('',#1424,#1425,#1426);
#1424 = CARTESIAN_POINT('',(-21.,-36.37306695894,11.76));
#1425 = DIRECTION('',(0.,0.,1.));
#1426 = DIRECTION('',(-0.5,-0.866025403784,0.));
#1427 = PCURVE('',#970,#1428);
#1428 = DEFINITIONAL_REPRESENTATION('',(#1429),#1433);
#1429 = LINE('',#1430,#1431);
#1430 = CARTESIAN_POINT('',(-6.28318530718,-116.7600002));
#1431 = VECTOR('',#1432,1.);
#1432 = DIRECTION('',(-1.,-0.));
#1433 = ( GEOMETRIC_REPRESENTATION_CONTEXT(2) 
PARAMETRIC_REPRESENTATION_CONTEXT() REPRESENTATION_CONTEXT('2D SPACE',''
  ) );
#1434 = PCURVE('',#1435,#1440);
#1435 = PLANE('',#1436);
#1436 = AXIS2_PLACEMENT_3D('',#1437,#1438,#1439);
#1437 = CARTESIAN_POINT('',(42.,-4.376071228953E-16,11.76));
#1438 = DIRECTION('',(-2.928866507838E-31,2.25477789958E-32,1.));
#1439 = DIRECTION('',(1.,0.,2.928866507838E-31));
#1440 = DEFINITIONAL_REPRESENTATION('',(#1441),#1445);
#1441 = CIRCLE('',#1442,6.);
#1442 = AXIS2_PLACEMENT_2D('',#1443,#1444);
#1443 = CARTESIAN_POINT('',(-63.,-36.37306695894));
#1444 = DIRECTION('',(-0.5,-0.866025403784));
#1445 = ( GEOMETRIC_REPRESENTATION_CONTEXT(2) 
PARAMETRIC_REPRESENTATION_CONTEXT() REPRESENTATION_CONTEXT('2D SPACE',''
  ) );
#1446 = ORIENTED_EDGE('',*,*,#1397,.F.);
#1447 = ADVANCED_FACE('',(#1448),#1001,.F.);
#1448 = FACE_BOUND('',#1449,.T.);
#1449 = EDGE_LOOP('',(#1450,#1451,#1474,#1501));
#1450 = ORIENTED_EDGE('',*,*,#984,.F.);
#1451 = ORIENTED_EDGE('',*,*,#1452,.T.);
#1452 = EDGE_CURVE('',#985,#1453,#1455,.T.);
#1453 = VERTEX_POINT('',#1454);
#1454 = CARTESIAN_POINT('',(24.,-41.56921938165,11.76));
#1455 = SEAM_CURVE('',#1456,(#1460,#1467),.PCURVE_S1.);
#1456 = LINE('',#1457,#1458);
#1457 = CARTESIAN_POINT('',(24.,-41.56921938165,-105.0000002));
#1458 = VECTOR('',#1459,1.);
#1459 = DIRECTION('',(0.,0.,1.));
#1460 = PCURVE('',#1001,#1461);
#1461 = DEFINITIONAL_REPRESENTATION('',(#1462),#1466);
#1462 = LINE('',#1463,#1464);
#1463 = CARTESIAN_POINT('',(-0.,0.));
#1464 = VECTOR('',#1465,1.);
#1465 = DIRECTION('',(-0.,-1.));
#1466 = ( GEOMETRIC_REPRESENTATION_CONTEXT(2) 
PARAMETRIC_REPRESENTATION_CONTEXT() REPRESENTATION_CONTEXT('2D SPACE',''
  ) );
#1467 = PCURVE('',#1001,#1468);
#1468 = DEFINITIONAL_REPRESENTATION('',(#1469),#1473);
#1469 = LINE('',#1470,#1471);
#1470 = CARTESIAN_POINT('',(-6.28318530718,0.));
#1471 = VECTOR('',#1472,1.);
#1472 = DIRECTION('',(-0.,-1.));
#1473 = ( GEOMETRIC_REPRESENTATION_CONTEXT(2) 
PARAMETRIC_REPRESENTATION_CONTEXT() REPRESENTATION_CONTEXT('2D SPACE',''
  ) );
#1474 = ORIENTED_EDGE('',*,*,#1475,.T.);
#1475 = EDGE_CURVE('',#1453,#1453,#1476,.T.);
#1476 = SURFACE_CURVE('',#1477,(#1482,#1489),.PCURVE_S1.);
#1477 = CIRCLE('',#1478,6.);
#1478 = AXIS2_PLACEMENT_3D('',#1479,#1480,#1481);
#1479 = CARTESIAN_POINT('',(21.,-36.37306695894,11.76));
#1480 = DIRECTION('',(-0.,0.,1.));
#1481 = DIRECTION('',(0.5,-0.866025403784,0.));
#1482 = PCURVE('',#1001,#1483);
#1483 = DEFINITIONAL_REPRESENTATION('',(#1484),#1488);
#1484 = LINE('',#1485,#1486);
#1485 = CARTESIAN_POINT('',(-6.28318530718,-116.7600002));
#1486 = VECTOR('',#1487,1.);
#1487 = DIRECTION('',(-1.,-0.));
#1488 = ( GEOMETRIC_REPRESENTATION_CONTEXT(2) 
PARAMETRIC_REPRESENTATION_CONTEXT() REPRESENTATION_CONTEXT('2D SPACE',''
  ) );
#1489 = PCURVE('',#1490,#1495);
#1490 = PLANE('',#1491);
#1491 = AXIS2_PLACEMENT_3D('',#1492,#1493,#1494);
#1492 = CARTESIAN_POINT('',(42.,-4.376071228953E-16,11.76));
#1493 = DIRECTION('',(-2.928866507838E-31,2.25477789958E-32,1.));
#1494 = DIRECTION('',(1.,0.,2.928866507838E-31));
#1495 = DEFINITIONAL_REPRESENTATION('',(#1496),#1500);
#1496 = CIRCLE('',#1497,6.);
#1497 = AXIS2_PLACEMENT_2D('',#1498,#1499);
#1498 = CARTESIAN_POINT('',(-21.,-36.37306695894));
#1499 = DIRECTION('',(0.5,-0.866025403784));
#1500 = ( GEOMETRIC_REPRESENTATION_CONTEXT(2) 
PARAMETRIC_REPRESENTATION_CONTEXT() REPRESENTATION_CONTEXT('2D SPACE',''
  ) );
#1501 = ORIENTED_EDGE('',*,*,#1452,.F.);
#1502 = ADVANCED_FACE('',(#1503),#1032,.F.);
#1503 = FACE_BOUND('',#1504,.T.);
#1504 = EDGE_LOOP('',(#1505,#1506,#1529,#1556));
#1505 = ORIENTED_EDGE('',*,*,#1015,.F.);
#1506 = ORIENTED_EDGE('',*,*,#1507,.T.);
#1507 = EDGE_CURVE('',#1016,#1508,#1510,.T.);
#1508 = VERTEX_POINT('',#1509);
#1509 = CARTESIAN_POINT('',(-48.,5.878304635907E-15,11.76));
#1510 = SEAM_CURVE('',#1511,(#1515,#1522),.PCURVE_S1.);
#1511 = LINE('',#1512,#1513);
#1512 = CARTESIAN_POINT('',(-48.,5.878304635907E-15,-105.0000002));
#1513 = VECTOR('',#1514,1.);
#1514 = DIRECTION('',(0.,0.,1.));
#1515 = PCURVE('',#1032,#1516);
#1516 = DEFINITIONAL_REPRESENTATION('',(#1517),#1521);
#1517 = LINE('',#1518,#1519);
#1518 = CARTESIAN_POINT('',(-0.,0.));
#1519 = VECTOR('',#1520,1.);
#1520 = DIRECTION('',(-0.,-1.));
#1521 = ( GEOMETRIC_REPRESENTATION_CONTEXT(2) 
PARAMETRIC_REPRESENTATION_CONTEXT() REPRESENTATION_CONTEXT('2D SPACE',''
  ) );
#1522 = PCURVE('',#1032,#1523);
#1523 = DEFINITIONAL_REPRESENTATION('',(#1524),#1528);
#1524 = LINE('',#1525,#1526);
#1525 = CARTESIAN_POINT('',(-6.28318530718,0.));
#1526 = VECTOR('',#1527,1.);
#1527 = DIRECTION('',(-0.,-1.));
#1528 = ( GEOMETRIC_REPRESENTATION_CONTEXT(2) 
PARAMETRIC_REPRESENTATION_CONTEXT() REPRESENTATION_CONTEXT('2D SPACE',''
  ) );
#1529 = ORIENTED_EDGE('',*,*,#1530,.T.);
#1530 = EDGE_CURVE('',#1508,#1508,#1531,.T.);
#1531 = SURFACE_CURVE('',#1532,(#1537,#1544),.PCURVE_S1.);
#1532 = CIRCLE('',#1533,6.);
#1533 = AXIS2_PLACEMENT_3D('',#1534,#1535,#1536);
#1534 = CARTESIAN_POINT('',(-42.,1.7763568394E-15,11.76));
#1535 = DIRECTION('',(0.,0.,1.));
#1536 = DIRECTION('',(-1.,6.836579660845E-16,0.));
#1537 = PCURVE('',#1032,#1538);
#1538 = DEFINITIONAL_REPRESENTATION('',(#1539),#1543);
#1539 = LINE('',#1540,#1541);
#1540 = CARTESIAN_POINT('',(-6.28318530718,-116.7600002));
#1541 = VECTOR('',#1542,1.);
#1542 = DIRECTION('',(-1.,-0.));
#1543 = ( GEOMETRIC_REPRESENTATION_CONTEXT(2) 
PARAMETRIC_REPRESENTATION_CONTEXT() REPRESENTATION_CONTEXT('2D SPACE',''
  ) );
#1544 = PCURVE('',#1545,#1550);
#1545 = PLANE('',#1546);
#1546 = AXIS2_PLACEMENT_3D('',#1547,#1548,#1549);
#1547 = CARTESIAN_POINT('',(42.,-4.376071228953E-16,11.76));
#1548 = DIRECTION('',(-2.928866507838E-31,2.25477789958E-32,1.));
#1549 = DIRECTION('',(1.,0.,2.928866507838E-31));
#1550 = DEFINITIONAL_REPRESENTATION('',(#1551),#1555);
#1551 = CIRCLE('',#1552,6.);
#1552 = AXIS2_PLACEMENT_2D('',#1553,#1554);
#1553 = CARTESIAN_POINT('',(-84.,2.213963962296E-15));
#1554 = DIRECTION('',(-1.,6.836579660845E-16));
#1555 = ( GEOMETRIC_REPRESENTATION_CONTEXT(2) 
PARAMETRIC_REPRESENTATION_CONTEXT() REPRESENTATION_CONTEXT('2D SPACE',''
  ) );
#1556 = ORIENTED_EDGE('',*,*,#1507,.F.);
#1557 = ADVANCED_FACE('',(#1558),#1063,.F.);
#1558 = FACE_BOUND('',#1559,.T.);
#1559 = EDGE_LOOP('',(#1560,#1561,#1584,#1611));
#1560 = ORIENTED_EDGE('',*,*,#1046,.F.);
#1561 = ORIENTED_EDGE('',*,*,#1562,.T.);
#1562 = EDGE_CURVE('',#1047,#1563,#1565,.T.);
#1563 = VERTEX_POINT('',#1564);
#1564 = CARTESIAN_POINT('',(-24.,41.569219381653,11.76));
#1565 = SEAM_CURVE('',#1566,(#1570,#1577),.PCURVE_S1.);
#1566 = LINE('',#1567,#1568);
#1567 = CARTESIAN_POINT('',(-24.,41.569219381653,-105.0000002));
#1568 = VECTOR('',#1569,1.);
#1569 = DIRECTION('',(0.,0.,1.));
#1570 = PCURVE('',#1063,#1571);
#1571 = DEFINITIONAL_REPRESENTATION('',(#1572),#1576);
#1572 = LINE('',#1573,#1574);
#1573 = CARTESIAN_POINT('',(-0.,0.));
#1574 = VECTOR('',#1575,1.);
#1575 = DIRECTION('',(-0.,-1.));
#1576 = ( GEOMETRIC_REPRESENTATION_CONTEXT(2) 
PARAMETRIC_REPRESENTATION_CONTEXT() REPRESENTATION_CONTEXT('2D SPACE',''
  ) );
#1577 = PCURVE('',#1063,#1578);
#1578 = DEFINITIONAL_REPRESENTATION('',(#1579),#1583);
#1579 = LINE('',#1580,#1581);
#1580 = CARTESIAN_POINT('',(-6.28318530718,0.));
#1581 = VECTOR('',#1582,1.);
#1582 = DIRECTION('',(-0.,-1.));
#1583 = ( GEOMETRIC_REPRESENTATION_CONTEXT(2) 
PARAMETRIC_REPRESENTATION_CONTEXT() REPRESENTATION_CONTEXT('2D SPACE',''
  ) );
#1584 = ORIENTED_EDGE('',*,*,#1585,.T.);
#1585 = EDGE_CURVE('',#1563,#1563,#1586,.T.);
#1586 = SURFACE_CURVE('',#1587,(#1592,#1599),.PCURVE_S1.);
#1587 = CIRCLE('',#1588,6.);
#1588 = AXIS2_PLACEMENT_3D('',#1589,#1590,#1591);
#1589 = CARTESIAN_POINT('',(-21.,36.373066958946,11.76));
#1590 = DIRECTION('',(0.,0.,1.));
#1591 = DIRECTION('',(-0.5,0.866025403784,0.));
#1592 = PCURVE('',#1063,#1593);
#1593 = DEFINITIONAL_REPRESENTATION('',(#1594),#1598);
#1594 = LINE('',#1595,#1596);
#1595 = CARTESIAN_POINT('',(-6.28318530718,-116.7600002));
#1596 = VECTOR('',#1597,1.);
#1597 = DIRECTION('',(-1.,-0.));
#1598 = ( GEOMETRIC_REPRESENTATION_CONTEXT(2) 
PARAMETRIC_REPRESENTATION_CONTEXT() REPRESENTATION_CONTEXT('2D SPACE',''
  ) );
#1599 = PCURVE('',#1600,#1605);
#1600 = PLANE('',#1601);
#1601 = AXIS2_PLACEMENT_3D('',#1602,#1603,#1604);
#1602 = CARTESIAN_POINT('',(42.,-4.376071228953E-16,11.76));
#1603 = DIRECTION('',(-2.928866507838E-31,2.25477789958E-32,1.));
#1604 = DIRECTION('',(1.,0.,2.928866507838E-31));
#1605 = DEFINITIONAL_REPRESENTATION('',(#1606),#1610);
#1606 = CIRCLE('',#1607,6.);
#1607 = AXIS2_PLACEMENT_2D('',#1608,#1609);
#1608 = CARTESIAN_POINT('',(-63.,36.373066958946));
#1609 = DIRECTION('',(-0.5,0.866025403784));
#1610 = ( GEOMETRIC_REPRESENTATION_CONTEXT(2) 
PARAMETRIC_REPRESENTATION_CONTEXT() REPRESENTATION_CONTEXT('2D SPACE',''
  ) );
#1611 = ORIENTED_EDGE('',*,*,#1562,.F.);
#1612 = ADVANCED_FACE('',(#1613),#1094,.F.);
#1613 = FACE_BOUND('',#1614,.T.);
#1614 = EDGE_LOOP('',(#1615,#1638,#1660,#1661));
#1615 = ORIENTED_EDGE('',*,*,#1616,.T.);
#1616 = EDGE_CURVE('',#1078,#1617,#1619,.T.);
#1617 = VERTEX_POINT('',#1618);
#1618 = CARTESIAN_POINT('',(24.,-5.878304635907E-15,14.25));
#1619 = SEAM_CURVE('',#1620,(#1624,#1631),.PCURVE_S1.);
#1620 = LINE('',#1621,#1622);
#1621 = CARTESIAN_POINT('',(24.,0.,-105.0000002));
#1622 = VECTOR('',#1623,1.);
#1623 = DIRECTION('',(0.,0.,1.));
#1624 = PCURVE('',#1094,#1625);
#1625 = DEFINITIONAL_REPRESENTATION('',(#1626),#1630);
#1626 = LINE('',#1627,#1628);
#1627 = CARTESIAN_POINT('',(-0.,0.));
#1628 = VECTOR('',#1629,1.);
#1629 = DIRECTION('',(-0.,-1.));
#1630 = ( GEOMETRIC_REPRESENTATION_CONTEXT(2) 
PARAMETRIC_REPRESENTATION_CONTEXT() REPRESENTATION_CONTEXT('2D SPACE',''
  ) );
#1631 = PCURVE('',#1094,#1632);
#1632 = DEFINITIONAL_REPRESENTATION('',(#1633),#1637);
#1633 = LINE('',#1634,#1635);
#1634 = CARTESIAN_POINT('',(-6.28318530718,0.));
#1635 = VECTOR('',#1636,1.);
#1636 = DIRECTION('',(-0.,-1.));
#1637 = ( GEOMETRIC_REPRESENTATION_CONTEXT(2) 
PARAMETRIC_REPRESENTATION_CONTEXT() REPRESENTATION_CONTEXT('2D SPACE',''
  ) );
#1638 = ORIENTED_EDGE('',*,*,#1639,.F.);
#1639 = EDGE_CURVE('',#1617,#1617,#1640,.T.);
#1640 = SURFACE_CURVE('',#1641,(#1646,#1653),.PCURVE_S1.);
#1641 = CIRCLE('',#1642,24.);
#1642 = AXIS2_PLACEMENT_3D('',#1643,#1644,#1645);
#1643 = CARTESIAN_POINT('',(0.,0.,14.25));
#1644 = DIRECTION('',(0.,-0.,-1.));
#1645 = DIRECTION('',(1.,-2.449293598295E-16,0.));
#1646 = PCURVE('',#1094,#1647);
#1647 = DEFINITIONAL_REPRESENTATION('',(#1648),#1652);
#1648 = LINE('',#1649,#1650);
#1649 = CARTESIAN_POINT('',(-6.28318530718,-119.2500002));
#1650 = VECTOR('',#1651,1.);
#1651 = DIRECTION('',(1.,-0.));
#1652 = ( GEOMETRIC_REPRESENTATION_CONTEXT(2) 
PARAMETRIC_REPRESENTATION_CONTEXT() REPRESENTATION_CONTEXT('2D SPACE',''
  ) );
#1653 = PCURVE('',#1319,#1654);
#1654 = DEFINITIONAL_REPRESENTATION('',(#1655),#1659);
#1655 = LINE('',#1656,#1657);
#1656 = CARTESIAN_POINT('',(-0.,-0.));
#1657 = VECTOR('',#1658,1.);
#1658 = DIRECTION('',(-1.,-0.));
#1659 = ( GEOMETRIC_REPRESENTATION_CONTEXT(2) 
PARAMETRIC_REPRESENTATION_CONTEXT() REPRESENTATION_CONTEXT('2D SPACE',''
  ) );
#1660 = ORIENTED_EDGE('',*,*,#1616,.F.);
#1661 = ORIENTED_EDGE('',*,*,#1077,.F.);
#1662 = ADVANCED_FACE('',(#1663),#1125,.F.);
#1663 = FACE_BOUND('',#1664,.T.);
#1664 = EDGE_LOOP('',(#1665,#1666,#1689,#1716));
#1665 = ORIENTED_EDGE('',*,*,#1108,.F.);
#1666 = ORIENTED_EDGE('',*,*,#1667,.T.);
#1667 = EDGE_CURVE('',#1109,#1668,#1670,.T.);
#1668 = VERTEX_POINT('',#1669);
#1669 = CARTESIAN_POINT('',(48.,0.,11.76));
#1670 = SEAM_CURVE('',#1671,(#1675,#1682),.PCURVE_S1.);
#1671 = LINE('',#1672,#1673);
#1672 = CARTESIAN_POINT('',(48.,0.,-105.0000002));
#1673 = VECTOR('',#1674,1.);
#1674 = DIRECTION('',(0.,0.,1.));
#1675 = PCURVE('',#1125,#1676);
#1676 = DEFINITIONAL_REPRESENTATION('',(#1677),#1681);
#1677 = LINE('',#1678,#1679);
#1678 = CARTESIAN_POINT('',(-0.,0.));
#1679 = VECTOR('',#1680,1.);
#1680 = DIRECTION('',(-0.,-1.));
#1681 = ( GEOMETRIC_REPRESENTATION_CONTEXT(2) 
PARAMETRIC_REPRESENTATION_CONTEXT() REPRESENTATION_CONTEXT('2D SPACE',''
  ) );
#1682 = PCURVE('',#1125,#1683);
#1683 = DEFINITIONAL_REPRESENTATION('',(#1684),#1688);
#1684 = LINE('',#1685,#1686);
#1685 = CARTESIAN_POINT('',(-6.28318530718,0.));
#1686 = VECTOR('',#1687,1.);
#1687 = DIRECTION('',(-0.,-1.));
#1688 = ( GEOMETRIC_REPRESENTATION_CONTEXT(2) 
PARAMETRIC_REPRESENTATION_CONTEXT() REPRESENTATION_CONTEXT('2D SPACE',''
  ) );
#1689 = ORIENTED_EDGE('',*,*,#1690,.T.);
#1690 = EDGE_CURVE('',#1668,#1668,#1691,.T.);
#1691 = SURFACE_CURVE('',#1692,(#1697,#1704),.PCURVE_S1.);
#1692 = CIRCLE('',#1693,6.);
#1693 = AXIS2_PLACEMENT_3D('',#1694,#1695,#1696);
#1694 = CARTESIAN_POINT('',(42.,-2.442490654175E-15,11.76));
#1695 = DIRECTION('',(0.,-0.,1.));
#1696 = DIRECTION('',(1.,4.070817756959E-16,0.));
#1697 = PCURVE('',#1125,#1698);
#1698 = DEFINITIONAL_REPRESENTATION('',(#1699),#1703);
#1699 = LINE('',#1700,#1701);
#1700 = CARTESIAN_POINT('',(-6.28318530718,-116.7600002));
#1701 = VECTOR('',#1702,1.);
#1702 = DIRECTION('',(-1.,-0.));
#1703 = ( GEOMETRIC_REPRESENTATION_CONTEXT(2) 
PARAMETRIC_REPRESENTATION_CONTEXT() REPRESENTATION_CONTEXT('2D SPACE',''
  ) );
#1704 = PCURVE('',#1705,#1710);
#1705 = PLANE('',#1706);
#1706 = AXIS2_PLACEMENT_3D('',#1707,#1708,#1709);
#1707 = CARTESIAN_POINT('',(42.,-4.376071228953E-16,11.76));
#1708 = DIRECTION('',(-2.928866507838E-31,2.25477789958E-32,1.));
#1709 = DIRECTION('',(1.,0.,2.928866507838E-31));
#1710 = DEFINITIONAL_REPRESENTATION('',(#1711),#1715);
#1711 = CIRCLE('',#1712,6.);
#1712 = AXIS2_PLACEMENT_2D('',#1713,#1714);
#1713 = CARTESIAN_POINT('',(7.105427357601E-15,-2.00488353128E-15));
#1714 = DIRECTION('',(1.,4.070817756959E-16));
#1715 = ( GEOMETRIC_REPRESENTATION_CONTEXT(2) 
PARAMETRIC_REPRESENTATION_CONTEXT() REPRESENTATION_CONTEXT('2D SPACE',''
  ) );
#1716 = ORIENTED_EDGE('',*,*,#1667,.F.);
#1717 = ADVANCED_FACE('',(#1718),#1156,.F.);
#1718 = FACE_BOUND('',#1719,.T.);
#1719 = EDGE_LOOP('',(#1720,#1721,#1744,#1771));
#1720 = ORIENTED_EDGE('',*,*,#1139,.F.);
#1721 = ORIENTED_EDGE('',*,*,#1722,.T.);
#1722 = EDGE_CURVE('',#1140,#1723,#1725,.T.);
#1723 = VERTEX_POINT('',#1724);
#1724 = CARTESIAN_POINT('',(24.,41.569219381653,11.76));
#1725 = SEAM_CURVE('',#1726,(#1730,#1737),.PCURVE_S1.);
#1726 = LINE('',#1727,#1728);
#1727 = CARTESIAN_POINT('',(24.,41.569219381653,-105.0000002));
#1728 = VECTOR('',#1729,1.);
#1729 = DIRECTION('',(0.,0.,1.));
#1730 = PCURVE('',#1156,#1731);
#1731 = DEFINITIONAL_REPRESENTATION('',(#1732),#1736);
#1732 = LINE('',#1733,#1734);
#1733 = CARTESIAN_POINT('',(-0.,0.));
#1734 = VECTOR('',#1735,1.);
#1735 = DIRECTION('',(-0.,-1.));
#1736 = ( GEOMETRIC_REPRESENTATION_CONTEXT(2) 
PARAMETRIC_REPRESENTATION_CONTEXT() REPRESENTATION_CONTEXT('2D SPACE',''
  ) );
#1737 = PCURVE('',#1156,#1738);
#1738 = DEFINITIONAL_REPRESENTATION('',(#1739),#1743);
#1739 = LINE('',#1740,#1741);
#1740 = CARTESIAN_POINT('',(-6.28318530718,0.));
#1741 = VECTOR('',#1742,1.);
#1742 = DIRECTION('',(-0.,-1.));
#1743 = ( GEOMETRIC_REPRESENTATION_CONTEXT(2) 
PARAMETRIC_REPRESENTATION_CONTEXT() REPRESENTATION_CONTEXT('2D SPACE',''
  ) );
#1744 = ORIENTED_EDGE('',*,*,#1745,.T.);
#1745 = EDGE_CURVE('',#1723,#1723,#1746,.T.);
#1746 = SURFACE_CURVE('',#1747,(#1752,#1759),.PCURVE_S1.);
#1747 = CIRCLE('',#1748,6.);
#1748 = AXIS2_PLACEMENT_3D('',#1749,#1750,#1751);
#1749 = CARTESIAN_POINT('',(21.,36.373066958946,11.76));
#1750 = DIRECTION('',(0.,-0.,1.));
#1751 = DIRECTION('',(0.5,0.866025403784,0.));
#1752 = PCURVE('',#1156,#1753);
#1753 = DEFINITIONAL_REPRESENTATION('',(#1754),#1758);
#1754 = LINE('',#1755,#1756);
#1755 = CARTESIAN_POINT('',(-6.28318530718,-116.7600002));
#1756 = VECTOR('',#1757,1.);
#1757 = DIRECTION('',(-1.,-0.));
#1758 = ( GEOMETRIC_REPRESENTATION_CONTEXT(2) 
PARAMETRIC_REPRESENTATION_CONTEXT() REPRESENTATION_CONTEXT('2D SPACE',''
  ) );
#1759 = PCURVE('',#1760,#1765);
#1760 = PLANE('',#1761);
#1761 = AXIS2_PLACEMENT_3D('',#1762,#1763,#1764);
#1762 = CARTESIAN_POINT('',(42.,-4.376071228953E-16,11.76));
#1763 = DIRECTION('',(-2.928866507838E-31,2.25477789958E-32,1.));
#1764 = DIRECTION('',(1.,0.,2.928866507838E-31));
#1765 = DEFINITIONAL_REPRESENTATION('',(#1766),#1770);
#1766 = CIRCLE('',#1767,6.);
#1767 = AXIS2_PLACEMENT_2D('',#1768,#1769);
#1768 = CARTESIAN_POINT('',(-21.,36.373066958946));
#1769 = DIRECTION('',(0.5,0.866025403784));
#1770 = ( GEOMETRIC_REPRESENTATION_CONTEXT(2) 
PARAMETRIC_REPRESENTATION_CONTEXT() REPRESENTATION_CONTEXT('2D SPACE',''
  ) );
#1771 = ORIENTED_EDGE('',*,*,#1722,.F.);
#1772 = ADVANCED_FACE('',(#1773),#1191,.F.);
#1773 = FACE_BOUND('',#1774,.T.);
#1774 = EDGE_LOOP('',(#1775,#1796,#1797,#1798));
#1775 = ORIENTED_EDGE('',*,*,#1776,.F.);
#1776 = EDGE_CURVE('',#1175,#1777,#1779,.T.);
#1777 = VERTEX_POINT('',#1778);
#1778 = CARTESIAN_POINT('',(-26.36,-45.65685928751,14.25));
#1779 = SEAM_CURVE('',#1780,(#1784,#1790),.PCURVE_S1.);
#1780 = LINE('',#1781,#1782);
#1781 = CARTESIAN_POINT('',(-26.36,-45.65685928751,14.25));
#1782 = VECTOR('',#1783,1.);
#1783 = DIRECTION('',(0.353553390593,0.612372435696,-0.707106781187));
#1784 = PCURVE('',#1191,#1785);
#1785 = DEFINITIONAL_REPRESENTATION('',(#1786),#1789);
#1786 = B_SPLINE_CURVE_WITH_KNOTS('',1,(#1787,#1788),.UNSPECIFIED.,.F.,
  .F.,(2,2),(-1.06066017178,0.),.PIECEWISE_BEZIER_KNOTS.);
#1787 = CARTESIAN_POINT('',(0.,0.75));
#1788 = CARTESIAN_POINT('',(0.,0.));
#1789 = ( GEOMETRIC_REPRESENTATION_CONTEXT(2) 
PARAMETRIC_REPRESENTATION_CONTEXT() REPRESENTATION_CONTEXT('2D SPACE',''
  ) );
#1790 = PCURVE('',#1191,#1791);
#1791 = DEFINITIONAL_REPRESENTATION('',(#1792),#1795);
#1792 = B_SPLINE_CURVE_WITH_KNOTS('',1,(#1793,#1794),.UNSPECIFIED.,.F.,
  .F.,(2,2),(-1.06066017178,0.),.PIECEWISE_BEZIER_KNOTS.);
#1793 = CARTESIAN_POINT('',(6.28318530718,0.75));
#1794 = CARTESIAN_POINT('',(6.28318530718,0.));
#1795 = ( GEOMETRIC_REPRESENTATION_CONTEXT(2) 
PARAMETRIC_REPRESENTATION_CONTEXT() REPRESENTATION_CONTEXT('2D SPACE',''
  ) );
#1796 = ORIENTED_EDGE('',*,*,#1174,.T.);
#1797 = ORIENTED_EDGE('',*,*,#1776,.T.);
#1798 = ORIENTED_EDGE('',*,*,#1799,.F.);
#1799 = EDGE_CURVE('',#1777,#1777,#1800,.T.);
#1800 = SURFACE_CURVE('',#1801,(#1806,#1813),.PCURVE_S1.);
#1801 = CIRCLE('',#1802,10.72);
#1802 = AXIS2_PLACEMENT_3D('',#1803,#1804,#1805);
#1803 = CARTESIAN_POINT('',(-21.,-36.37306695894,14.25));
#1804 = DIRECTION('',(0.,0.,1.));
#1805 = DIRECTION('',(-0.5,-0.866025403784,0.));
#1806 = PCURVE('',#1191,#1807);
#1807 = DEFINITIONAL_REPRESENTATION('',(#1808),#1812);
#1808 = LINE('',#1809,#1810);
#1809 = CARTESIAN_POINT('',(0.,-0.));
#1810 = VECTOR('',#1811,1.);
#1811 = DIRECTION('',(1.,-0.));
#1812 = ( GEOMETRIC_REPRESENTATION_CONTEXT(2) 
PARAMETRIC_REPRESENTATION_CONTEXT() REPRESENTATION_CONTEXT('2D SPACE',''
  ) );
#1813 = PCURVE('',#1814,#1819);
#1814 = CYLINDRICAL_SURFACE('',#1815,10.72);
#1815 = AXIS2_PLACEMENT_3D('',#1816,#1817,#1818);
#1816 = CARTESIAN_POINT('',(-21.,-36.37306695894,15.));
#1817 = DIRECTION('',(0.,0.,1.));
#1818 = DIRECTION('',(-0.5,-0.866025403784,0.));
#1819 = DEFINITIONAL_REPRESENTATION('',(#1820),#1824);
#1820 = LINE('',#1821,#1822);
#1821 = CARTESIAN_POINT('',(0.,-0.75));
#1822 = VECTOR('',#1823,1.);
#1823 = DIRECTION('',(1.,0.));
#1824 = ( GEOMETRIC_REPRESENTATION_CONTEXT(2) 
PARAMETRIC_REPRESENTATION_CONTEXT() REPRESENTATION_CONTEXT('2D SPACE',''
  ) );
#1825 = ADVANCED_FACE('',(#1826),#1222,.F.);
#1826 = FACE_BOUND('',#1827,.T.);
#1827 = EDGE_LOOP('',(#1828,#1849,#1850,#1851));
#1828 = ORIENTED_EDGE('',*,*,#1829,.F.);
#1829 = EDGE_CURVE('',#1206,#1830,#1832,.T.);
#1830 = VERTEX_POINT('',#1831);
#1831 = CARTESIAN_POINT('',(26.36,-45.65685928751,14.25));
#1832 = SEAM_CURVE('',#1833,(#1837,#1843),.PCURVE_S1.);
#1833 = LINE('',#1834,#1835);
#1834 = CARTESIAN_POINT('',(26.36,-45.65685928751,14.25));
#1835 = VECTOR('',#1836,1.);
#1836 = DIRECTION('',(-0.353553390593,0.612372435696,-0.707106781187));
#1837 = PCURVE('',#1222,#1838);
#1838 = DEFINITIONAL_REPRESENTATION('',(#1839),#1842);
#1839 = B_SPLINE_CURVE_WITH_KNOTS('',1,(#1840,#1841),.UNSPECIFIED.,.F.,
  .F.,(2,2),(-1.06066017178,0.),.PIECEWISE_BEZIER_KNOTS.);
#1840 = CARTESIAN_POINT('',(-6.628197161941E-16,0.75));
#1841 = CARTESIAN_POINT('',(-6.628197161941E-16,0.));
#1842 = ( GEOMETRIC_REPRESENTATION_CONTEXT(2) 
PARAMETRIC_REPRESENTATION_CONTEXT() REPRESENTATION_CONTEXT('2D SPACE',''
  ) );
#1843 = PCURVE('',#1222,#1844);
#1844 = DEFINITIONAL_REPRESENTATION('',(#1845),#1848);
#1845 = B_SPLINE_CURVE_WITH_KNOTS('',1,(#1846,#1847),.UNSPECIFIED.,.F.,
  .F.,(2,2),(-1.06066017178,0.),.PIECEWISE_BEZIER_KNOTS.);
#1846 = CARTESIAN_POINT('',(6.28318530718,0.75));
#1847 = CARTESIAN_POINT('',(6.28318530718,0.));
#1848 = ( GEOMETRIC_REPRESENTATION_CONTEXT(2) 
PARAMETRIC_REPRESENTATION_CONTEXT() REPRESENTATION_CONTEXT('2D SPACE',''
  ) );
#1849 = ORIENTED_EDGE('',*,*,#1205,.T.);
#1850 = ORIENTED_EDGE('',*,*,#1829,.T.);
#1851 = ORIENTED_EDGE('',*,*,#1852,.F.);
#1852 = EDGE_CURVE('',#1830,#1830,#1853,.T.);
#1853 = SURFACE_CURVE('',#1854,(#1859,#1866),.PCURVE_S1.);
#1854 = CIRCLE('',#1855,10.72);
#1855 = AXIS2_PLACEMENT_3D('',#1856,#1857,#1858);
#1856 = CARTESIAN_POINT('',(21.,-36.37306695894,14.25));
#1857 = DIRECTION('',(0.,0.,1.));
#1858 = DIRECTION('',(0.5,-0.866025403784,0.));
#1859 = PCURVE('',#1222,#1860);
#1860 = DEFINITIONAL_REPRESENTATION('',(#1861),#1865);
#1861 = LINE('',#1862,#1863);
#1862 = CARTESIAN_POINT('',(0.,-0.));
#1863 = VECTOR('',#1864,1.);
#1864 = DIRECTION('',(1.,-0.));
#1865 = ( GEOMETRIC_REPRESENTATION_CONTEXT(2) 
PARAMETRIC_REPRESENTATION_CONTEXT() REPRESENTATION_CONTEXT('2D SPACE',''
  ) );
#1866 = PCURVE('',#1867,#1872);
#1867 = CYLINDRICAL_SURFACE('',#1868,10.72);
#1868 = AXIS2_PLACEMENT_3D('',#1869,#1870,#1871);
#1869 = CARTESIAN_POINT('',(21.,-36.37306695894,15.));
#1870 = DIRECTION('',(-0.,0.,1.));
#1871 = DIRECTION('',(0.5,-0.866025403784,0.));
#1872 = DEFINITIONAL_REPRESENTATION('',(#1873),#1877);
#1873 = LINE('',#1874,#1875);
#1874 = CARTESIAN_POINT('',(6.628197161941E-16,-0.75));
#1875 = VECTOR('',#1876,1.);
#1876 = DIRECTION('',(1.,0.));
#1877 = ( GEOMETRIC_REPRESENTATION_CONTEXT(2) 
PARAMETRIC_REPRESENTATION_CONTEXT() REPRESENTATION_CONTEXT('2D SPACE',''
  ) );
#1878 = ADVANCED_FACE('',(#1879),#1253,.F.);
#1879 = FACE_BOUND('',#1880,.T.);
#1880 = EDGE_LOOP('',(#1881,#1902,#1903,#1904));
#1881 = ORIENTED_EDGE('',*,*,#1882,.F.);
#1882 = EDGE_CURVE('',#1237,#1883,#1885,.T.);
#1883 = VERTEX_POINT('',#1884);
#1884 = CARTESIAN_POINT('',(-52.72,6.456337925105E-15,14.25));
#1885 = SEAM_CURVE('',#1886,(#1890,#1896),.PCURVE_S1.);
#1886 = LINE('',#1887,#1888);
#1887 = CARTESIAN_POINT('',(-52.72,6.456337925105E-15,14.25));
#1888 = VECTOR('',#1889,1.);
#1889 = DIRECTION('',(0.707106781187,-8.659560562355E-17,-0.707106781187
    ));
#1890 = PCURVE('',#1253,#1891);
#1891 = DEFINITIONAL_REPRESENTATION('',(#1892),#1895);
#1892 = B_SPLINE_CURVE_WITH_KNOTS('',1,(#1893,#1894),.UNSPECIFIED.,.F.,
  .F.,(2,2),(-1.06066017178,0.),.PIECEWISE_BEZIER_KNOTS.);
#1893 = CARTESIAN_POINT('',(0.,0.75));
#1894 = CARTESIAN_POINT('',(0.,0.));
#1895 = ( GEOMETRIC_REPRESENTATION_CONTEXT(2) 
PARAMETRIC_REPRESENTATION_CONTEXT() REPRESENTATION_CONTEXT('2D SPACE',''
  ) );
#1896 = PCURVE('',#1253,#1897);
#1897 = DEFINITIONAL_REPRESENTATION('',(#1898),#1901);
#1898 = B_SPLINE_CURVE_WITH_KNOTS('',1,(#1899,#1900),.UNSPECIFIED.,.F.,
  .F.,(2,2),(-1.06066017178,0.),.PIECEWISE_BEZIER_KNOTS.);
#1899 = CARTESIAN_POINT('',(6.28318530718,0.75));
#1900 = CARTESIAN_POINT('',(6.28318530718,0.));
#1901 = ( GEOMETRIC_REPRESENTATION_CONTEXT(2) 
PARAMETRIC_REPRESENTATION_CONTEXT() REPRESENTATION_CONTEXT('2D SPACE',''
  ) );
#1902 = ORIENTED_EDGE('',*,*,#1236,.T.);
#1903 = ORIENTED_EDGE('',*,*,#1882,.T.);
#1904 = ORIENTED_EDGE('',*,*,#1905,.F.);
#1905 = EDGE_CURVE('',#1883,#1883,#1906,.T.);
#1906 = SURFACE_CURVE('',#1907,(#1912,#1919),.PCURVE_S1.);
#1907 = CIRCLE('',#1908,10.72);
#1908 = AXIS2_PLACEMENT_3D('',#1909,#1910,#1911);
#1909 = CARTESIAN_POINT('',(-42.,5.143516556419E-15,14.25));
#1910 = DIRECTION('',(0.,0.,1.));
#1911 = DIRECTION('',(-1.,1.224646799147E-16,0.));
#1912 = PCURVE('',#1253,#1913);
#1913 = DEFINITIONAL_REPRESENTATION('',(#1914),#1918);
#1914 = LINE('',#1915,#1916);
#1915 = CARTESIAN_POINT('',(0.,-0.));
#1916 = VECTOR('',#1917,1.);
#1917 = DIRECTION('',(1.,-0.));
#1918 = ( GEOMETRIC_REPRESENTATION_CONTEXT(2) 
PARAMETRIC_REPRESENTATION_CONTEXT() REPRESENTATION_CONTEXT('2D SPACE',''
  ) );
#1919 = PCURVE('',#1920,#1925);
#1920 = CYLINDRICAL_SURFACE('',#1921,10.72);
#1921 = AXIS2_PLACEMENT_3D('',#1922,#1923,#1924);
#1922 = CARTESIAN_POINT('',(-42.,5.143516556419E-15,15.));
#1923 = DIRECTION('',(0.,0.,1.));
#1924 = DIRECTION('',(-1.,1.224646799147E-16,0.));
#1925 = DEFINITIONAL_REPRESENTATION('',(#1926),#1930);
#1926 = LINE('',#1927,#1928);
#1927 = CARTESIAN_POINT('',(0.,-0.75));
#1928 = VECTOR('',#1929,1.);
#1929 = DIRECTION('',(1.,0.));
#1930 = ( GEOMETRIC_REPRESENTATION_CONTEXT(2) 
PARAMETRIC_REPRESENTATION_CONTEXT() REPRESENTATION_CONTEXT('2D SPACE',''
  ) );
#1931 = ADVANCED_FACE('',(#1932),#1284,.F.);
#1932 = FACE_BOUND('',#1933,.T.);
#1933 = EDGE_LOOP('',(#1934,#1955,#1956,#1957));
#1934 = ORIENTED_EDGE('',*,*,#1935,.F.);
#1935 = EDGE_CURVE('',#1268,#1936,#1938,.T.);
#1936 = VERTEX_POINT('',#1937);
#1937 = CARTESIAN_POINT('',(-26.36,45.656859287516,14.25));
#1938 = SEAM_CURVE('',#1939,(#1943,#1949),.PCURVE_S1.);
#1939 = LINE('',#1940,#1941);
#1940 = CARTESIAN_POINT('',(-26.36,45.656859287516,14.25));
#1941 = VECTOR('',#1942,1.);
#1942 = DIRECTION('',(0.353553390593,-0.612372435696,-0.707106781187));
#1943 = PCURVE('',#1284,#1944);
#1944 = DEFINITIONAL_REPRESENTATION('',(#1945),#1948);
#1945 = B_SPLINE_CURVE_WITH_KNOTS('',1,(#1946,#1947),.UNSPECIFIED.,.F.,
  .F.,(2,2),(-1.06066017178,0.),.PIECEWISE_BEZIER_KNOTS.);
#1946 = CARTESIAN_POINT('',(0.,0.75));
#1947 = CARTESIAN_POINT('',(0.,0.));
#1948 = ( GEOMETRIC_REPRESENTATION_CONTEXT(2) 
PARAMETRIC_REPRESENTATION_CONTEXT() REPRESENTATION_CONTEXT('2D SPACE',''
  ) );
#1949 = PCURVE('',#1284,#1950);
#1950 = DEFINITIONAL_REPRESENTATION('',(#1951),#1954);
#1951 = B_SPLINE_CURVE_WITH_KNOTS('',1,(#1952,#1953),.UNSPECIFIED.,.F.,
  .F.,(2,2),(-1.06066017178,0.),.PIECEWISE_BEZIER_KNOTS.);
#1952 = CARTESIAN_POINT('',(6.28318530718,0.75));
#1953 = CARTESIAN_POINT('',(6.28318530718,0.));
#1954 = ( GEOMETRIC_REPRESENTATION_CONTEXT(2) 
PARAMETRIC_REPRESENTATION_CONTEXT() REPRESENTATION_CONTEXT('2D SPACE',''
  ) );
#1955 = ORIENTED_EDGE('',*,*,#1267,.T.);
#1956 = ORIENTED_EDGE('',*,*,#1935,.T.);
#1957 = ORIENTED_EDGE('',*,*,#1958,.F.);
#1958 = EDGE_CURVE('',#1936,#1936,#1959,.T.);
#1959 = SURFACE_CURVE('',#1960,(#1965,#1972),.PCURVE_S1.);
#1960 = CIRCLE('',#1961,10.72);
#1961 = AXIS2_PLACEMENT_3D('',#1962,#1963,#1964);
#1962 = CARTESIAN_POINT('',(-21.,36.373066958946,14.25));
#1963 = DIRECTION('',(0.,0.,1.));
#1964 = DIRECTION('',(-0.5,0.866025403784,0.));
#1965 = PCURVE('',#1284,#1966);
#1966 = DEFINITIONAL_REPRESENTATION('',(#1967),#1971);
#1967 = LINE('',#1968,#1969);
#1968 = CARTESIAN_POINT('',(0.,-0.));
#1969 = VECTOR('',#1970,1.);
#1970 = DIRECTION('',(1.,-0.));
#1971 = ( GEOMETRIC_REPRESENTATION_CONTEXT(2) 
PARAMETRIC_REPRESENTATION_CONTEXT() REPRESENTATION_CONTEXT('2D SPACE',''
  ) );
#1972 = PCURVE('',#1973,#1978);
#1973 = CYLINDRICAL_SURFACE('',#1974,10.72);
#1974 = AXIS2_PLACEMENT_3D('',#1975,#1976,#1977);
#1975 = CARTESIAN_POINT('',(-21.,36.373066958946,15.));
#1976 = DIRECTION('',(0.,0.,1.));
#1977 = DIRECTION('',(-0.5,0.866025403784,0.));
#1978 = DEFINITIONAL_REPRESENTATION('',(#1979),#1983);
#1979 = LINE('',#1980,#1981);
#1980 = CARTESIAN_POINT('',(0.,-0.75));
#1981 = VECTOR('',#1982,1.);
#1982 = DIRECTION('',(1.,0.));
#1983 = ( GEOMETRIC_REPRESENTATION_CONTEXT(2) 
PARAMETRIC_REPRESENTATION_CONTEXT() REPRESENTATION_CONTEXT('2D SPACE',''
  ) );
#1984 = ADVANCED_FACE('',(#1985),#1319,.F.);
#1985 = FACE_BOUND('',#1986,.F.);
#1986 = EDGE_LOOP('',(#1987,#2006,#2007,#2008));
#1987 = ORIENTED_EDGE('',*,*,#1988,.F.);
#1988 = EDGE_CURVE('',#1299,#1617,#1989,.T.);
#1989 = SEAM_CURVE('',#1990,(#1994,#2000),.PCURVE_S1.);
#1990 = LINE('',#1991,#1992);
#1991 = CARTESIAN_POINT('',(24.,-5.878304635907E-15,14.25));
#1992 = VECTOR('',#1993,1.);
#1993 = DIRECTION('',(-0.707106781187,1.731912112471E-16,-0.707106781187
    ));
#1994 = PCURVE('',#1319,#1995);
#1995 = DEFINITIONAL_REPRESENTATION('',(#1996),#1999);
#1996 = B_SPLINE_CURVE_WITH_KNOTS('',1,(#1997,#1998),.UNSPECIFIED.,.F.,
  .F.,(2,2),(-1.06066017178,0.),.PIECEWISE_BEZIER_KNOTS.);
#1997 = CARTESIAN_POINT('',(0.,0.75));
#1998 = CARTESIAN_POINT('',(0.,0.));
#1999 = ( GEOMETRIC_REPRESENTATION_CONTEXT(2) 
PARAMETRIC_REPRESENTATION_CONTEXT() REPRESENTATION_CONTEXT('2D SPACE',''
  ) );
#2000 = PCURVE('',#1319,#2001);
#2001 = DEFINITIONAL_REPRESENTATION('',(#2002),#2005);
#2002 = B_SPLINE_CURVE_WITH_KNOTS('',1,(#2003,#2004),.UNSPECIFIED.,.F.,
  .F.,(2,2),(-1.06066017178,0.),.PIECEWISE_BEZIER_KNOTS.);
#2003 = CARTESIAN_POINT('',(-6.28318530718,0.75));
#2004 = CARTESIAN_POINT('',(-6.28318530718,0.));
#2005 = ( GEOMETRIC_REPRESENTATION_CONTEXT(2) 
PARAMETRIC_REPRESENTATION_CONTEXT() REPRESENTATION_CONTEXT('2D SPACE',''
  ) );
#2006 = ORIENTED_EDGE('',*,*,#1298,.T.);
#2007 = ORIENTED_EDGE('',*,*,#1988,.T.);
#2008 = ORIENTED_EDGE('',*,*,#1639,.F.);
#2009 = ADVANCED_FACE('',(#2010),#1350,.F.);
#2010 = FACE_BOUND('',#2011,.T.);
#2011 = EDGE_LOOP('',(#2012,#2033,#2034,#2035));
#2012 = ORIENTED_EDGE('',*,*,#2013,.F.);
#2013 = EDGE_CURVE('',#1334,#2014,#2016,.T.);
#2014 = VERTEX_POINT('',#2015);
#2015 = CARTESIAN_POINT('',(52.72,0.,14.25));
#2016 = SEAM_CURVE('',#2017,(#2021,#2027),.PCURVE_S1.);
#2017 = LINE('',#2018,#2019);
#2018 = CARTESIAN_POINT('',(52.72,0.,14.25));
#2019 = VECTOR('',#2020,1.);
#2020 = DIRECTION('',(-0.707106781187,-0.,-0.707106781187));
#2021 = PCURVE('',#1350,#2022);
#2022 = DEFINITIONAL_REPRESENTATION('',(#2023),#2026);
#2023 = B_SPLINE_CURVE_WITH_KNOTS('',1,(#2024,#2025),.UNSPECIFIED.,.F.,
  .F.,(2,2),(-1.06066017178,0.),.PIECEWISE_BEZIER_KNOTS.);
#2024 = CARTESIAN_POINT('',(0.,0.75));
#2025 = CARTESIAN_POINT('',(0.,0.));
#2026 = ( GEOMETRIC_REPRESENTATION_CONTEXT(2) 
PARAMETRIC_REPRESENTATION_CONTEXT() REPRESENTATION_CONTEXT('2D SPACE',''
  ) );
#2027 = PCURVE('',#1350,#2028);
#2028 = DEFINITIONAL_REPRESENTATION('',(#2029),#2032);
#2029 = B_SPLINE_CURVE_WITH_KNOTS('',1,(#2030,#2031),.UNSPECIFIED.,.F.,
  .F.,(2,2),(-1.06066017178,0.),.PIECEWISE_BEZIER_KNOTS.);
#2030 = CARTESIAN_POINT('',(6.28318530718,0.75));
#2031 = CARTESIAN_POINT('',(6.28318530718,0.));
#2032 = ( GEOMETRIC_REPRESENTATION_CONTEXT(2) 
PARAMETRIC_REPRESENTATION_CONTEXT() REPRESENTATION_CONTEXT('2D SPACE',''
  ) );
#2033 = ORIENTED_EDGE('',*,*,#1333,.T.);
#2034 = ORIENTED_EDGE('',*,*,#2013,.T.);
#2035 = ORIENTED_EDGE('',*,*,#2036,.F.);
#2036 = EDGE_CURVE('',#2014,#2014,#2037,.T.);
#2037 = SURFACE_CURVE('',#2038,(#2043,#2050),.PCURVE_S1.);
#2038 = CIRCLE('',#2039,10.72);
#2039 = AXIS2_PLACEMENT_3D('',#2040,#2041,#2042);
#2040 = CARTESIAN_POINT('',(42.,0.,14.25));
#2041 = DIRECTION('',(0.,0.,1.));
#2042 = DIRECTION('',(1.,0.,-0.));
#2043 = PCURVE('',#1350,#2044);
#2044 = DEFINITIONAL_REPRESENTATION('',(#2045),#2049);
#2045 = LINE('',#2046,#2047);
#2046 = CARTESIAN_POINT('',(0.,-0.));
#2047 = VECTOR('',#2048,1.);
#2048 = DIRECTION('',(1.,-0.));
#2049 = ( GEOMETRIC_REPRESENTATION_CONTEXT(2) 
PARAMETRIC_REPRESENTATION_CONTEXT() REPRESENTATION_CONTEXT('2D SPACE',''
  ) );
#2050 = PCURVE('',#2051,#2056);
#2051 = CYLINDRICAL_SURFACE('',#2052,10.72);
#2052 = AXIS2_PLACEMENT_3D('',#2053,#2054,#2055);
#2053 = CARTESIAN_POINT('',(42.,0.,15.));
#2054 = DIRECTION('',(0.,0.,1.));
#2055 = DIRECTION('',(1.,0.,0.));
#2056 = DEFINITIONAL_REPRESENTATION('',(#2057),#2061);
#2057 = LINE('',#2058,#2059);
#2058 = CARTESIAN_POINT('',(0.,-0.75));
#2059 = VECTOR('',#2060,1.);
#2060 = DIRECTION('',(1.,0.));
#2061 = ( GEOMETRIC_REPRESENTATION_CONTEXT(2) 
PARAMETRIC_REPRESENTATION_CONTEXT() REPRESENTATION_CONTEXT('2D SPACE',''
  ) );
#2062 = ADVANCED_FACE('',(#2063),#1381,.F.);
#2063 = FACE_BOUND('',#2064,.T.);
#2064 = EDGE_LOOP('',(#2065,#2086,#2087,#2088));
#2065 = ORIENTED_EDGE('',*,*,#2066,.F.);
#2066 = EDGE_CURVE('',#1365,#2067,#2069,.T.);
#2067 = VERTEX_POINT('',#2068);
#2068 = CARTESIAN_POINT('',(26.36,45.656859287516,14.25));
#2069 = SEAM_CURVE('',#2070,(#2074,#2080),.PCURVE_S1.);
#2070 = LINE('',#2071,#2072);
#2071 = CARTESIAN_POINT('',(26.36,45.656859287516,14.25));
#2072 = VECTOR('',#2073,1.);
#2073 = DIRECTION('',(-0.353553390593,-0.612372435696,-0.707106781187));
#2074 = PCURVE('',#1381,#2075);
#2075 = DEFINITIONAL_REPRESENTATION('',(#2076),#2079);
#2076 = B_SPLINE_CURVE_WITH_KNOTS('',1,(#2077,#2078),.UNSPECIFIED.,.F.,
  .F.,(2,2),(-1.06066017178,0.),.PIECEWISE_BEZIER_KNOTS.);
#2077 = CARTESIAN_POINT('',(0.,0.75));
#2078 = CARTESIAN_POINT('',(0.,0.));
#2079 = ( GEOMETRIC_REPRESENTATION_CONTEXT(2) 
PARAMETRIC_REPRESENTATION_CONTEXT() REPRESENTATION_CONTEXT('2D SPACE',''
  ) );
#2080 = PCURVE('',#1381,#2081);
#2081 = DEFINITIONAL_REPRESENTATION('',(#2082),#2085);
#2082 = B_SPLINE_CURVE_WITH_KNOTS('',1,(#2083,#2084),.UNSPECIFIED.,.F.,
  .F.,(2,2),(-1.06066017178,0.),.PIECEWISE_BEZIER_KNOTS.);
#2083 = CARTESIAN_POINT('',(6.28318530718,0.75));
#2084 = CARTESIAN_POINT('',(6.28318530718,0.));
#2085 = ( GEOMETRIC_REPRESENTATION_CONTEXT(2) 
PARAMETRIC_REPRESENTATION_CONTEXT() REPRESENTATION_CONTEXT('2D SPACE',''
  ) );
#2086 = ORIENTED_EDGE('',*,*,#1364,.T.);
#2087 = ORIENTED_EDGE('',*,*,#2066,.T.);
#2088 = ORIENTED_EDGE('',*,*,#2089,.F.);
#2089 = EDGE_CURVE('',#2067,#2067,#2090,.T.);
#2090 = SURFACE_CURVE('',#2091,(#2096,#2103),.PCURVE_S1.);
#2091 = CIRCLE('',#2092,10.72);
#2092 = AXIS2_PLACEMENT_3D('',#2093,#2094,#2095);
#2093 = CARTESIAN_POINT('',(21.,36.373066958946,14.25));
#2094 = DIRECTION('',(0.,0.,1.));
#2095 = DIRECTION('',(0.5,0.866025403784,-0.));
#2096 = PCURVE('',#1381,#2097);
#2097 = DEFINITIONAL_REPRESENTATION('',(#2098),#2102);
#2098 = LINE('',#2099,#2100);
#2099 = CARTESIAN_POINT('',(0.,-0.));
#2100 = VECTOR('',#2101,1.);
#2101 = DIRECTION('',(1.,-0.));
#2102 = ( GEOMETRIC_REPRESENTATION_CONTEXT(2) 
PARAMETRIC_REPRESENTATION_CONTEXT() REPRESENTATION_CONTEXT('2D SPACE',''
  ) );
#2103 = PCURVE('',#2104,#2109);
#2104 = CYLINDRICAL_SURFACE('',#2105,10.72);
#2105 = AXIS2_PLACEMENT_3D('',#2106,#2107,#2108);
#2106 = CARTESIAN_POINT('',(21.,36.373066958946,15.));
#2107 = DIRECTION('',(0.,-0.,1.));
#2108 = DIRECTION('',(0.5,0.866025403784,0.));
#2109 = DEFINITIONAL_REPRESENTATION('',(#2110),#2114);
#2110 = LINE('',#2111,#2112);
#2111 = CARTESIAN_POINT('',(0.,-0.75));
#2112 = VECTOR('',#2113,1.);
#2113 = DIRECTION('',(1.,0.));
#2114 = ( GEOMETRIC_REPRESENTATION_CONTEXT(2) 
PARAMETRIC_REPRESENTATION_CONTEXT() REPRESENTATION_CONTEXT('2D SPACE',''
  ) );
#2115 = ADVANCED_FACE('',(#2116,#2142),#1435,.T.);
#2116 = FACE_BOUND('',#2117,.T.);
#2117 = EDGE_LOOP('',(#2118));
#2118 = ORIENTED_EDGE('',*,*,#2119,.T.);
#2119 = EDGE_CURVE('',#2120,#2120,#2122,.T.);
#2120 = VERTEX_POINT('',#2121);
#2121 = CARTESIAN_POINT('',(-26.36,-45.65685928751,11.76));
#2122 = SURFACE_CURVE('',#2123,(#2128,#2135),.PCURVE_S1.);
#2123 = CIRCLE('',#2124,10.72);
#2124 = AXIS2_PLACEMENT_3D('',#2125,#2126,#2127);
#2125 = CARTESIAN_POINT('',(-21.,-36.37306695894,11.76));
#2126 = DIRECTION('',(0.,0.,1.));
#2127 = DIRECTION('',(-0.5,-0.866025403784,0.));
#2128 = PCURVE('',#1435,#2129);
#2129 = DEFINITIONAL_REPRESENTATION('',(#2130),#2134);
#2130 = CIRCLE('',#2131,10.72);
#2131 = AXIS2_PLACEMENT_2D('',#2132,#2133);
#2132 = CARTESIAN_POINT('',(-63.,-36.37306695894));
#2133 = DIRECTION('',(-0.5,-0.866025403784));
#2134 = ( GEOMETRIC_REPRESENTATION_CONTEXT(2) 
PARAMETRIC_REPRESENTATION_CONTEXT() REPRESENTATION_CONTEXT('2D SPACE',''
  ) );
#2135 = PCURVE('',#1814,#2136);
#2136 = DEFINITIONAL_REPRESENTATION('',(#2137),#2141);
#2137 = LINE('',#2138,#2139);
#2138 = CARTESIAN_POINT('',(0.,-3.24));
#2139 = VECTOR('',#2140,1.);
#2140 = DIRECTION('',(1.,0.));
#2141 = ( GEOMETRIC_REPRESENTATION_CONTEXT(2) 
PARAMETRIC_REPRESENTATION_CONTEXT() REPRESENTATION_CONTEXT('2D SPACE',''
  ) );
#2142 = FACE_BOUND('',#2143,.T.);
#2143 = EDGE_LOOP('',(#2144));
#2144 = ORIENTED_EDGE('',*,*,#1420,.F.);
#2145 = ADVANCED_FACE('',(#2146,#2172),#1490,.T.);
#2146 = FACE_BOUND('',#2147,.T.);
#2147 = EDGE_LOOP('',(#2148));
#2148 = ORIENTED_EDGE('',*,*,#2149,.T.);
#2149 = EDGE_CURVE('',#2150,#2150,#2152,.T.);
#2150 = VERTEX_POINT('',#2151);
#2151 = CARTESIAN_POINT('',(26.36,-45.65685928751,11.76));
#2152 = SURFACE_CURVE('',#2153,(#2158,#2165),.PCURVE_S1.);
#2153 = CIRCLE('',#2154,10.72);
#2154 = AXIS2_PLACEMENT_3D('',#2155,#2156,#2157);
#2155 = CARTESIAN_POINT('',(21.,-36.37306695894,11.76));
#2156 = DIRECTION('',(-0.,0.,1.));
#2157 = DIRECTION('',(0.5,-0.866025403784,0.));
#2158 = PCURVE('',#1490,#2159);
#2159 = DEFINITIONAL_REPRESENTATION('',(#2160),#2164);
#2160 = CIRCLE('',#2161,10.72);
#2161 = AXIS2_PLACEMENT_2D('',#2162,#2163);
#2162 = CARTESIAN_POINT('',(-21.,-36.37306695894));
#2163 = DIRECTION('',(0.5,-0.866025403784));
#2164 = ( GEOMETRIC_REPRESENTATION_CONTEXT(2) 
PARAMETRIC_REPRESENTATION_CONTEXT() REPRESENTATION_CONTEXT('2D SPACE',''
  ) );
#2165 = PCURVE('',#1867,#2166);
#2166 = DEFINITIONAL_REPRESENTATION('',(#2167),#2171);
#2167 = LINE('',#2168,#2169);
#2168 = CARTESIAN_POINT('',(0.,-3.24));
#2169 = VECTOR('',#2170,1.);
#2170 = DIRECTION('',(1.,0.));
#2171 = ( GEOMETRIC_REPRESENTATION_CONTEXT(2) 
PARAMETRIC_REPRESENTATION_CONTEXT() REPRESENTATION_CONTEXT('2D SPACE',''
  ) );
#2172 = FACE_BOUND('',#2173,.T.);
#2173 = EDGE_LOOP('',(#2174));
#2174 = ORIENTED_EDGE('',*,*,#1475,.F.);
#2175 = ADVANCED_FACE('',(#2176,#2202),#1545,.T.);
#2176 = FACE_BOUND('',#2177,.T.);
#2177 = EDGE_LOOP('',(#2178));
#2178 = ORIENTED_EDGE('',*,*,#2179,.T.);
#2179 = EDGE_CURVE('',#2180,#2180,#2182,.T.);
#2180 = VERTEX_POINT('',#2181);
#2181 = CARTESIAN_POINT('',(-52.72,6.456337925105E-15,11.76));
#2182 = SURFACE_CURVE('',#2183,(#2188,#2195),.PCURVE_S1.);
#2183 = CIRCLE('',#2184,10.72);
#2184 = AXIS2_PLACEMENT_3D('',#2185,#2186,#2187);
#2185 = CARTESIAN_POINT('',(-42.,5.143516556419E-15,11.76));
#2186 = DIRECTION('',(0.,0.,1.));
#2187 = DIRECTION('',(-1.,1.224646799147E-16,0.));
#2188 = PCURVE('',#1545,#2189);
#2189 = DEFINITIONAL_REPRESENTATION('',(#2190),#2194);
#2190 = CIRCLE('',#2191,10.72);
#2191 = AXIS2_PLACEMENT_2D('',#2192,#2193);
#2192 = CARTESIAN_POINT('',(-84.,5.581123679314E-15));
#2193 = DIRECTION('',(-1.,1.224646799147E-16));
#2194 = ( GEOMETRIC_REPRESENTATION_CONTEXT(2) 
PARAMETRIC_REPRESENTATION_CONTEXT() REPRESENTATION_CONTEXT('2D SPACE',''
  ) );
#2195 = PCURVE('',#1920,#2196);
#2196 = DEFINITIONAL_REPRESENTATION('',(#2197),#2201);
#2197 = LINE('',#2198,#2199);
#2198 = CARTESIAN_POINT('',(0.,-3.24));
#2199 = VECTOR('',#2200,1.);
#2200 = DIRECTION('',(1.,0.));
#2201 = ( GEOMETRIC_REPRESENTATION_CONTEXT(2) 
PARAMETRIC_REPRESENTATION_CONTEXT() REPRESENTATION_CONTEXT('2D SPACE',''
  ) );
#2202 = FACE_BOUND('',#2203,.T.);
#2203 = EDGE_LOOP('',(#2204));
#2204 = ORIENTED_EDGE('',*,*,#1530,.F.);
#2205 = ADVANCED_FACE('',(#2206,#2232),#1600,.T.);
#2206 = FACE_BOUND('',#2207,.T.);
#2207 = EDGE_LOOP('',(#2208));
#2208 = ORIENTED_EDGE('',*,*,#2209,.T.);
#2209 = EDGE_CURVE('',#2210,#2210,#2212,.T.);
#2210 = VERTEX_POINT('',#2211);
#2211 = CARTESIAN_POINT('',(-26.36,45.656859287516,11.76));
#2212 = SURFACE_CURVE('',#2213,(#2218,#2225),.PCURVE_S1.);
#2213 = CIRCLE('',#2214,10.72);
#2214 = AXIS2_PLACEMENT_3D('',#2215,#2216,#2217);
#2215 = CARTESIAN_POINT('',(-21.,36.373066958946,11.76));
#2216 = DIRECTION('',(0.,0.,1.));
#2217 = DIRECTION('',(-0.5,0.866025403784,0.));
#2218 = PCURVE('',#1600,#2219);
#2219 = DEFINITIONAL_REPRESENTATION('',(#2220),#2224);
#2220 = CIRCLE('',#2221,10.72);
#2221 = AXIS2_PLACEMENT_2D('',#2222,#2223);
#2222 = CARTESIAN_POINT('',(-63.,36.373066958946));
#2223 = DIRECTION('',(-0.5,0.866025403784));
#2224 = ( GEOMETRIC_REPRESENTATION_CONTEXT(2) 
PARAMETRIC_REPRESENTATION_CONTEXT() REPRESENTATION_CONTEXT('2D SPACE',''
  ) );
#2225 = PCURVE('',#1973,#2226);
#2226 = DEFINITIONAL_REPRESENTATION('',(#2227),#2231);
#2227 = LINE('',#2228,#2229);
#2228 = CARTESIAN_POINT('',(0.,-3.24));
#2229 = VECTOR('',#2230,1.);
#2230 = DIRECTION('',(1.,0.));
#2231 = ( GEOMETRIC_REPRESENTATION_CONTEXT(2) 
PARAMETRIC_REPRESENTATION_CONTEXT() REPRESENTATION_CONTEXT('2D SPACE',''
  ) );
#2232 = FACE_BOUND('',#2233,.T.);
#2233 = EDGE_LOOP('',(#2234));
#2234 = ORIENTED_EDGE('',*,*,#1585,.F.);
#2235 = ADVANCED_FACE('',(#2236,#2262),#1705,.T.);
#2236 = FACE_BOUND('',#2237,.T.);
#2237 = EDGE_LOOP('',(#2238));
#2238 = ORIENTED_EDGE('',*,*,#2239,.T.);
#2239 = EDGE_CURVE('',#2240,#2240,#2242,.T.);
#2240 = VERTEX_POINT('',#2241);
#2241 = CARTESIAN_POINT('',(52.72,0.,11.76));
#2242 = SURFACE_CURVE('',#2243,(#2248,#2255),.PCURVE_S1.);
#2243 = CIRCLE('',#2244,10.72);
#2244 = AXIS2_PLACEMENT_3D('',#2245,#2246,#2247);
#2245 = CARTESIAN_POINT('',(42.,0.,11.76));
#2246 = DIRECTION('',(0.,0.,1.));
#2247 = DIRECTION('',(1.,0.,0.));
#2248 = PCURVE('',#1705,#2249);
#2249 = DEFINITIONAL_REPRESENTATION('',(#2250),#2254);
#2250 = CIRCLE('',#2251,10.72);
#2251 = AXIS2_PLACEMENT_2D('',#2252,#2253);
#2252 = CARTESIAN_POINT('',(7.105427357601E-15,4.376071228953E-16));
#2253 = DIRECTION('',(1.,6.603943472693E-63));
#2254 = ( GEOMETRIC_REPRESENTATION_CONTEXT(2) 
PARAMETRIC_REPRESENTATION_CONTEXT() REPRESENTATION_CONTEXT('2D SPACE',''
  ) );
#2255 = PCURVE('',#2051,#2256);
#2256 = DEFINITIONAL_REPRESENTATION('',(#2257),#2261);
#2257 = LINE('',#2258,#2259);
#2258 = CARTESIAN_POINT('',(0.,-3.24));
#2259 = VECTOR('',#2260,1.);
#2260 = DIRECTION('',(1.,0.));
#2261 = ( GEOMETRIC_REPRESENTATION_CONTEXT(2) 
PARAMETRIC_REPRESENTATION_CONTEXT() REPRESENTATION_CONTEXT('2D SPACE',''
  ) );
#2262 = FACE_BOUND('',#2263,.T.);
#2263 = EDGE_LOOP('',(#2264));
#2264 = ORIENTED_EDGE('',*,*,#1690,.F.);
#2265 = ADVANCED_FACE('',(#2266,#2292),#1760,.T.);
#2266 = FACE_BOUND('',#2267,.T.);
#2267 = EDGE_LOOP('',(#2268));
#2268 = ORIENTED_EDGE('',*,*,#2269,.T.);
#2269 = EDGE_CURVE('',#2270,#2270,#2272,.T.);
#2270 = VERTEX_POINT('',#2271);
#2271 = CARTESIAN_POINT('',(26.36,45.656859287516,11.76));
#2272 = SURFACE_CURVE('',#2273,(#2278,#2285),.PCURVE_S1.);
#2273 = CIRCLE('',#2274,10.72);
#2274 = AXIS2_PLACEMENT_3D('',#2275,#2276,#2277);
#2275 = CARTESIAN_POINT('',(21.,36.373066958946,11.76));
#2276 = DIRECTION('',(0.,-0.,1.));
#2277 = DIRECTION('',(0.5,0.866025403784,0.));
#2278 = PCURVE('',#1760,#2279);
#2279 = DEFINITIONAL_REPRESENTATION('',(#2280),#2284);
#2280 = CIRCLE('',#2281,10.72);
#2281 = AXIS2_PLACEMENT_2D('',#2282,#2283);
#2282 = CARTESIAN_POINT('',(-21.,36.373066958946));
#2283 = DIRECTION('',(0.5,0.866025403784));
#2284 = ( GEOMETRIC_REPRESENTATION_CONTEXT(2) 
PARAMETRIC_REPRESENTATION_CONTEXT() REPRESENTATION_CONTEXT('2D SPACE',''
  ) );
#2285 = PCURVE('',#2104,#2286);
#2286 = DEFINITIONAL_REPRESENTATION('',(#2287),#2291);
#2287 = LINE('',#2288,#2289);
#2288 = CARTESIAN_POINT('',(0.,-3.24));
#2289 = VECTOR('',#2290,1.);
#2290 = DIRECTION('',(1.,0.));
#2291 = ( GEOMETRIC_REPRESENTATION_CONTEXT(2) 
PARAMETRIC_REPRESENTATION_CONTEXT() REPRESENTATION_CONTEXT('2D SPACE',''
  ) );
#2292 = FACE_BOUND('',#2293,.T.);
#2293 = EDGE_LOOP('',(#2294));
#2294 = ORIENTED_EDGE('',*,*,#1745,.F.);
#2295 = ADVANCED_FACE('',(#2296),#1814,.F.);
#2296 = FACE_BOUND('',#2297,.F.);
#2297 = EDGE_LOOP('',(#2298,#2319,#2320,#2321));
#2298 = ORIENTED_EDGE('',*,*,#2299,.T.);
#2299 = EDGE_CURVE('',#1777,#2120,#2300,.T.);
#2300 = SEAM_CURVE('',#2301,(#2305,#2312),.PCURVE_S1.);
#2301 = LINE('',#2302,#2303);
#2302 = CARTESIAN_POINT('',(-26.36,-45.65685928751,15.));
#2303 = VECTOR('',#2304,1.);
#2304 = DIRECTION('',(-0.,-0.,-1.));
#2305 = PCURVE('',#1814,#2306);
#2306 = DEFINITIONAL_REPRESENTATION('',(#2307),#2311);
#2307 = LINE('',#2308,#2309);
#2308 = CARTESIAN_POINT('',(0.,0.));
#2309 = VECTOR('',#2310,1.);
#2310 = DIRECTION('',(0.,-1.));
#2311 = ( GEOMETRIC_REPRESENTATION_CONTEXT(2) 
PARAMETRIC_REPRESENTATION_CONTEXT() REPRESENTATION_CONTEXT('2D SPACE',''
  ) );
#2312 = PCURVE('',#1814,#2313);
#2313 = DEFINITIONAL_REPRESENTATION('',(#2314),#2318);
#2314 = LINE('',#2315,#2316);
#2315 = CARTESIAN_POINT('',(6.28318530718,0.));
#2316 = VECTOR('',#2317,1.);
#2317 = DIRECTION('',(0.,-1.));
#2318 = ( GEOMETRIC_REPRESENTATION_CONTEXT(2) 
PARAMETRIC_REPRESENTATION_CONTEXT() REPRESENTATION_CONTEXT('2D SPACE',''
  ) );
#2319 = ORIENTED_EDGE('',*,*,#2119,.T.);
#2320 = ORIENTED_EDGE('',*,*,#2299,.F.);
#2321 = ORIENTED_EDGE('',*,*,#1799,.F.);
#2322 = ADVANCED_FACE('',(#2323),#1867,.F.);
#2323 = FACE_BOUND('',#2324,.F.);
#2324 = EDGE_LOOP('',(#2325,#2346,#2347,#2348));
#2325 = ORIENTED_EDGE('',*,*,#2326,.T.);
#2326 = EDGE_CURVE('',#1830,#2150,#2327,.T.);
#2327 = SEAM_CURVE('',#2328,(#2332,#2339),.PCURVE_S1.);
#2328 = LINE('',#2329,#2330);
#2329 = CARTESIAN_POINT('',(26.36,-45.65685928751,15.));
#2330 = VECTOR('',#2331,1.);
#2331 = DIRECTION('',(-0.,-0.,-1.));
#2332 = PCURVE('',#1867,#2333);
#2333 = DEFINITIONAL_REPRESENTATION('',(#2334),#2338);
#2334 = LINE('',#2335,#2336);
#2335 = CARTESIAN_POINT('',(0.,0.));
#2336 = VECTOR('',#2337,1.);
#2337 = DIRECTION('',(0.,-1.));
#2338 = ( GEOMETRIC_REPRESENTATION_CONTEXT(2) 
PARAMETRIC_REPRESENTATION_CONTEXT() REPRESENTATION_CONTEXT('2D SPACE',''
  ) );
#2339 = PCURVE('',#1867,#2340);
#2340 = DEFINITIONAL_REPRESENTATION('',(#2341),#2345);
#2341 = LINE('',#2342,#2343);
#2342 = CARTESIAN_POINT('',(6.28318530718,0.));
#2343 = VECTOR('',#2344,1.);
#2344 = DIRECTION('',(0.,-1.));
#2345 = ( GEOMETRIC_REPRESENTATION_CONTEXT(2) 
PARAMETRIC_REPRESENTATION_CONTEXT() REPRESENTATION_CONTEXT('2D SPACE',''
  ) );
#2346 = ORIENTED_EDGE('',*,*,#2149,.T.);
#2347 = ORIENTED_EDGE('',*,*,#2326,.F.);
#2348 = ORIENTED_EDGE('',*,*,#1852,.F.);
#2349 = ADVANCED_FACE('',(#2350),#1920,.F.);
#2350 = FACE_BOUND('',#2351,.F.);
#2351 = EDGE_LOOP('',(#2352,#2373,#2374,#2375));
#2352 = ORIENTED_EDGE('',*,*,#2353,.T.);
#2353 = EDGE_CURVE('',#1883,#2180,#2354,.T.);
#2354 = SEAM_CURVE('',#2355,(#2359,#2366),.PCURVE_S1.);
#2355 = LINE('',#2356,#2357);
#2356 = CARTESIAN_POINT('',(-52.72,6.456337925105E-15,15.));
#2357 = VECTOR('',#2358,1.);
#2358 = DIRECTION('',(-0.,-0.,-1.));
#2359 = PCURVE('',#1920,#2360);
#2360 = DEFINITIONAL_REPRESENTATION('',(#2361),#2365);
#2361 = LINE('',#2362,#2363);
#2362 = CARTESIAN_POINT('',(0.,0.));
#2363 = VECTOR('',#2364,1.);
#2364 = DIRECTION('',(0.,-1.));
#2365 = ( GEOMETRIC_REPRESENTATION_CONTEXT(2) 
PARAMETRIC_REPRESENTATION_CONTEXT() REPRESENTATION_CONTEXT('2D SPACE',''
  ) );
#2366 = PCURVE('',#1920,#2367);
#2367 = DEFINITIONAL_REPRESENTATION('',(#2368),#2372);
#2368 = LINE('',#2369,#2370);
#2369 = CARTESIAN_POINT('',(6.28318530718,0.));
#2370 = VECTOR('',#2371,1.);
#2371 = DIRECTION('',(0.,-1.));
#2372 = ( GEOMETRIC_REPRESENTATION_CONTEXT(2) 
PARAMETRIC_REPRESENTATION_CONTEXT() REPRESENTATION_CONTEXT('2D SPACE',''
  ) );
#2373 = ORIENTED_EDGE('',*,*,#2179,.T.);
#2374 = ORIENTED_EDGE('',*,*,#2353,.F.);
#2375 = ORIENTED_EDGE('',*,*,#1905,.F.);
#2376 = ADVANCED_FACE('',(#2377),#1973,.F.);
#2377 = FACE_BOUND('',#2378,.F.);
#2378 = EDGE_LOOP('',(#2379,#2400,#2401,#2402));
#2379 = ORIENTED_EDGE('',*,*,#2380,.T.);
#2380 = EDGE_CURVE('',#1936,#2210,#2381,.T.);
#2381 = SEAM_CURVE('',#2382,(#2386,#2393),.PCURVE_S1.);
#2382 = LINE('',#2383,#2384);
#2383 = CARTESIAN_POINT('',(-26.36,45.656859287516,15.));
#2384 = VECTOR('',#2385,1.);
#2385 = DIRECTION('',(-0.,-0.,-1.));
#2386 = PCURVE('',#1973,#2387);
#2387 = DEFINITIONAL_REPRESENTATION('',(#2388),#2392);
#2388 = LINE('',#2389,#2390);
#2389 = CARTESIAN_POINT('',(0.,0.));
#2390 = VECTOR('',#2391,1.);
#2391 = DIRECTION('',(0.,-1.));
#2392 = ( GEOMETRIC_REPRESENTATION_CONTEXT(2) 
PARAMETRIC_REPRESENTATION_CONTEXT() REPRESENTATION_CONTEXT('2D SPACE',''
  ) );
#2393 = PCURVE('',#1973,#2394);
#2394 = DEFINITIONAL_REPRESENTATION('',(#2395),#2399);
#2395 = LINE('',#2396,#2397);
#2396 = CARTESIAN_POINT('',(6.28318530718,0.));
#2397 = VECTOR('',#2398,1.);
#2398 = DIRECTION('',(0.,-1.));
#2399 = ( GEOMETRIC_REPRESENTATION_CONTEXT(2) 
PARAMETRIC_REPRESENTATION_CONTEXT() REPRESENTATION_CONTEXT('2D SPACE',''
  ) );
#2400 = ORIENTED_EDGE('',*,*,#2209,.T.);
#2401 = ORIENTED_EDGE('',*,*,#2380,.F.);
#2402 = ORIENTED_EDGE('',*,*,#1958,.F.);
#2403 = ADVANCED_FACE('',(#2404),#2051,.F.);
#2404 = FACE_BOUND('',#2405,.F.);
#2405 = EDGE_LOOP('',(#2406,#2427,#2428,#2429));
#2406 = ORIENTED_EDGE('',*,*,#2407,.T.);
#2407 = EDGE_CURVE('',#2014,#2240,#2408,.T.);
#2408 = SEAM_CURVE('',#2409,(#2413,#2420),.PCURVE_S1.);
#2409 = LINE('',#2410,#2411);
#2410 = CARTESIAN_POINT('',(52.72,0.,15.));
#2411 = VECTOR('',#2412,1.);
#2412 = DIRECTION('',(-0.,-0.,-1.));
#2413 = PCURVE('',#2051,#2414);
#2414 = DEFINITIONAL_REPRESENTATION('',(#2415),#2419);
#2415 = LINE('',#2416,#2417);
#2416 = CARTESIAN_POINT('',(0.,0.));
#2417 = VECTOR('',#2418,1.);
#2418 = DIRECTION('',(0.,-1.));
#2419 = ( GEOMETRIC_REPRESENTATION_CONTEXT(2) 
PARAMETRIC_REPRESENTATION_CONTEXT() REPRESENTATION_CONTEXT('2D SPACE',''
  ) );
#2420 = PCURVE('',#2051,#2421);
#2421 = DEFINITIONAL_REPRESENTATION('',(#2422),#2426);
#2422 = LINE('',#2423,#2424);
#2423 = CARTESIAN_POINT('',(6.28318530718,0.));
#2424 = VECTOR('',#2425,1.);
#2425 = DIRECTION('',(0.,-1.));
#2426 = ( GEOMETRIC_REPRESENTATION_CONTEXT(2) 
PARAMETRIC_REPRESENTATION_CONTEXT() REPRESENTATION_CONTEXT('2D SPACE',''
  ) );
#2427 = ORIENTED_EDGE('',*,*,#2239,.T.);
#2428 = ORIENTED_EDGE('',*,*,#2407,.F.);
#2429 = ORIENTED_EDGE('',*,*,#2036,.F.);
#2430 = ADVANCED_FACE('',(#2431),#2104,.F.);
#2431 = FACE_BOUND('',#2432,.F.);
#2432 = EDGE_LOOP('',(#2433,#2454,#2455,#2456));
#2433 = ORIENTED_EDGE('',*,*,#2434,.T.);
#2434 = EDGE_CURVE('',#2067,#2270,#2435,.T.);
#2435 = SEAM_CURVE('',#2436,(#2440,#2447),.PCURVE_S1.);
#2436 = LINE('',#2437,#2438);
#2437 = CARTESIAN_POINT('',(26.36,45.656859287516,15.));
#2438 = VECTOR('',#2439,1.);
#2439 = DIRECTION('',(-0.,-0.,-1.));
#2440 = PCURVE('',#2104,#2441);
#2441 = DEFINITIONAL_REPRESENTATION('',(#2442),#2446);
#2442 = LINE('',#2443,#2444);
#2443 = CARTESIAN_POINT('',(0.,0.));
#2444 = VECTOR('',#2445,1.);
#2445 = DIRECTION('',(0.,-1.));
#2446 = ( GEOMETRIC_REPRESENTATION_CONTEXT(2) 
PARAMETRIC_REPRESENTATION_CONTEXT() REPRESENTATION_CONTEXT('2D SPACE',''
  ) );
#2447 = PCURVE('',#2104,#2448);
#2448 = DEFINITIONAL_REPRESENTATION('',(#2449),#2453);
#2449 = LINE('',#2450,#2451);
#2450 = CARTESIAN_POINT('',(6.28318530718,0.));
#2451 = VECTOR('',#2452,1.);
#2452 = DIRECTION('',(0.,-1.));
#2453 = ( GEOMETRIC_REPRESENTATION_CONTEXT(2) 
PARAMETRIC_REPRESENTATION_CONTEXT() REPRESENTATION_CONTEXT('2D SPACE',''
  ) );
#2454 = ORIENTED_EDGE('',*,*,#2269,.T.);
#2455 = ORIENTED_EDGE('',*,*,#2434,.F.);
#2456 = ORIENTED_EDGE('',*,*,#2089,.F.);
#2457 = ( GEOMETRIC_REPRESENTATION_CONTEXT(3) 
GLOBAL_UNCERTAINTY_ASSIGNED_CONTEXT((#2461)) 
GLOBAL_UNIT_ASSIGNED_CONTEXT((#2458,#2459,#2460)) REPRESENTATION_CONTEXT
('Context #1','3D Context with UNIT and UNCERTAINTY') );
#2458 = ( LENGTH_UNIT() NAMED_UNIT(*) SI_UNIT(.MILLI.,.METRE.) );
#2459 = ( NAMED_UNIT(*) PLANE_ANGLE_UNIT() SI_UNIT($,.RADIAN.) );
#2460 = ( NAMED_UNIT(*) SI_UNIT($,.STERADIAN.) SOLID_ANGLE_UNIT() );
#2461 = UNCERTAINTY_MEASURE_WITH_UNIT(LENGTH_MEASURE(1.E-07),#2458,
  'distance_accuracy_value','confusion accuracy');
#2462 = SHAPE_DEFINITION_REPRESENTATION(#2463,#802);
#2463 = PRODUCT_DEFINITION_SHAPE('','',#2464);
#2464 = PRODUCT_DEFINITION('design','',#2465,#2468);
#2465 = PRODUCT_DEFINITION_FORMATION('','',#2466);
#2466 = PRODUCT('flange_1_part','flange_1_part','',(#2467));
#2467 = PRODUCT_CONTEXT('',#2,'mechanical');
#2468 = PRODUCT_DEFINITION_CONTEXT('part definition',#2,'design');
#2469 = CONTEXT_DEPENDENT_SHAPE_REPRESENTATION(#2470,#2472);
#2470 = ( REPRESENTATION_RELATIONSHIP('','',#802,#792) 
REPRESENTATION_RELATIONSHIP_WITH_TRANSFORMATION(#2471) 
SHAPE_REPRESENTATION_RELATIONSHIP() );
#2471 = ITEM_DEFINED_TRANSFORMATION('','',#11,#793);
#2472 = PRODUCT_DEFINITION_SHAPE('Placement','Placement of an item',
  #2473);
#2473 = NEXT_ASSEMBLY_USAGE_OCCURRENCE('4','','',#787,#2464,$);
#2474 = PRODUCT_RELATED_PRODUCT_CATEGORY('part',$,(#2466));
#2475 = CONTEXT_DEPENDENT_SHAPE_REPRESENTATION(#2476,#2478);
#2476 = ( REPRESENTATION_RELATIONSHIP('','',#792,#32) 
REPRESENTATION_RELATIONSHIP_WITH_TRANSFORMATION(#2477) 
SHAPE_REPRESENTATION_RELATIONSHIP() );
#2477 = ITEM_DEFINED_TRANSFORMATION('','',#11,#41);
#2478 = PRODUCT_DEFINITION_SHAPE('Placement','Placement of an item',
  #2479);
#2479 = NEXT_ASSEMBLY_USAGE_OCCURRENCE('5','','',#27,#787,$);
#2480 = PRODUCT_RELATED_PRODUCT_CATEGORY('part',$,(#789));
#2481 = SHAPE_DEFINITION_REPRESENTATION(#2482,#2488);
#2482 = PRODUCT_DEFINITION_SHAPE('','',#2483);
#2483 = PRODUCT_DEFINITION('design','',#2484,#2487);
#2484 = PRODUCT_DEFINITION_FORMATION('','',#2485);
#2485 = PRODUCT('auto_bolt_0','auto_bolt_0','',(#2486));
#2486 = PRODUCT_CONTEXT('',#2,'mechanical');
#2487 = PRODUCT_DEFINITION_CONTEXT('part definition',#2,'design');
#2488 = SHAPE_REPRESENTATION('',(#11,#2489),#2493);
#2489 = AXIS2_PLACEMENT_3D('',#2490,#2491,#2492);
#2490 = CARTESIAN_POINT('',(0.,0.,0.));
#2491 = DIRECTION('',(0.,0.,1.));
#2492 = DIRECTION('',(1.,0.,-0.));
#2493 = ( GEOMETRIC_REPRESENTATION_CONTEXT(3) 
GLOBAL_UNCERTAINTY_ASSIGNED_CONTEXT((#2497)) 
GLOBAL_UNIT_ASSIGNED_CONTEXT((#2494,#2495,#2496)) REPRESENTATION_CONTEXT
('Context #1','3D Context with UNIT and UNCERTAINTY') );
#2494 = ( LENGTH_UNIT() NAMED_UNIT(*) SI_UNIT(.MILLI.,.METRE.) );
#2495 = ( NAMED_UNIT(*) PLANE_ANGLE_UNIT() SI_UNIT($,.RADIAN.) );
#2496 = ( NAMED_UNIT(*) SI_UNIT($,.STERADIAN.) SOLID_ANGLE_UNIT() );
#2497 = UNCERTAINTY_MEASURE_WITH_UNIT(LENGTH_MEASURE(1.E-07),#2494,
  'distance_accuracy_value','confusion accuracy');
#2498 = ADVANCED_BREP_SHAPE_REPRESENTATION('',(#11,#2499),#3075);
#2499 = MANIFOLD_SOLID_BREP('',#2500);
#2500 = CLOSED_SHELL('',(#2501,#2621,#2697,#2773,#2882,#2955,#2982,#3009
    ,#3016,#3071));
#2501 = ADVANCED_FACE('',(#2502),#2516,.T.);
#2502 = FACE_BOUND('',#2503,.T.);
#2503 = EDGE_LOOP('',(#2504,#2539,#2567,#2595));
#2504 = ORIENTED_EDGE('',*,*,#2505,.T.);
#2505 = EDGE_CURVE('',#2506,#2508,#2510,.T.);
#2506 = VERTEX_POINT('',#2507);
#2507 = CARTESIAN_POINT('',(9.72,0.,0.));
#2508 = VERTEX_POINT('',#2509);
#2509 = CARTESIAN_POINT('',(9.72,0.,-6.48));
#2510 = SURFACE_CURVE('',#2511,(#2515,#2527),.PCURVE_S1.);
#2511 = LINE('',#2512,#2513);
#2512 = CARTESIAN_POINT('',(9.72,0.,0.));
#2513 = VECTOR('',#2514,1.);
#2514 = DIRECTION('',(-0.,-0.,-1.));
#2515 = PCURVE('',#2516,#2521);
#2516 = PLANE('',#2517);
#2517 = AXIS2_PLACEMENT_3D('',#2518,#2519,#2520);
#2518 = CARTESIAN_POINT('',(9.72,0.,0.));
#2519 = DIRECTION('',(0.866025403784,0.5,-0.));
#2520 = DIRECTION('',(-0.5,0.866025403784,0.));
#2521 = DEFINITIONAL_REPRESENTATION('',(#2522),#2526);
#2522 = LINE('',#2523,#2524);
#2523 = CARTESIAN_POINT('',(0.,0.));
#2524 = VECTOR('',#2525,1.);
#2525 = DIRECTION('',(0.,-1.));
#2526 = ( GEOMETRIC_REPRESENTATION_CONTEXT(2) 
PARAMETRIC_REPRESENTATION_CONTEXT() REPRESENTATION_CONTEXT('2D SPACE',''
  ) );
#2527 = PCURVE('',#2528,#2533);
#2528 = PLANE('',#2529);
#2529 = AXIS2_PLACEMENT_3D('',#2530,#2531,#2532);
#2530 = CARTESIAN_POINT('',(4.86,-8.417766924785,0.));
#2531 = DIRECTION('',(0.866025403784,-0.5,0.));
#2532 = DIRECTION('',(0.5,0.866025403784,0.));
#2533 = DEFINITIONAL_REPRESENTATION('',(#2534),#2538);
#2534 = LINE('',#2535,#2536);
#2535 = CARTESIAN_POINT('',(9.72,0.));
#2536 = VECTOR('',#2537,1.);
#2537 = DIRECTION('',(0.,-1.));
#2538 = ( GEOMETRIC_REPRESENTATION_CONTEXT(2) 
PARAMETRIC_REPRESENTATION_CONTEXT() REPRESENTATION_CONTEXT('2D SPACE',''
  ) );
#2539 = ORIENTED_EDGE('',*,*,#2540,.T.);
#2540 = EDGE_CURVE('',#2508,#2541,#2543,.T.);
#2541 = VERTEX_POINT('',#2542);
#2542 = CARTESIAN_POINT('',(4.86,8.417766924785,-6.48));
#2543 = SURFACE_CURVE('',#2544,(#2548,#2555),.PCURVE_S1.);
#2544 = LINE('',#2545,#2546);
#2545 = CARTESIAN_POINT('',(9.72,0.,-6.48));
#2546 = VECTOR('',#2547,1.);
#2547 = DIRECTION('',(-0.5,0.866025403784,0.));
#2548 = PCURVE('',#2516,#2549);
#2549 = DEFINITIONAL_REPRESENTATION('',(#2550),#2554);
#2550 = LINE('',#2551,#2552);
#2551 = CARTESIAN_POINT('',(0.,-6.48));
#2552 = VECTOR('',#2553,1.);
#2553 = DIRECTION('',(1.,0.));
#2554 = ( GEOMETRIC_REPRESENTATION_CONTEXT(2) 
PARAMETRIC_REPRESENTATION_CONTEXT() REPRESENTATION_CONTEXT('2D SPACE',''
  ) );
#2555 = PCURVE('',#2556,#2561);
#2556 = PLANE('',#2557);
#2557 = AXIS2_PLACEMENT_3D('',#2558,#2559,#2560);
#2558 = CARTESIAN_POINT('',(-1.218351741701E-16,-6.091758708506E-16,
    -6.48));
#2559 = DIRECTION('',(0.,0.,1.));
#2560 = DIRECTION('',(1.,0.,-0.));
#2561 = DEFINITIONAL_REPRESENTATION('',(#2562),#2566);
#2562 = LINE('',#2563,#2564);
#2563 = CARTESIAN_POINT('',(9.72,6.091758708506E-16));
#2564 = VECTOR('',#2565,1.);
#2565 = DIRECTION('',(-0.5,0.866025403784));
#2566 = ( GEOMETRIC_REPRESENTATION_CONTEXT(2) 
PARAMETRIC_REPRESENTATION_CONTEXT() REPRESENTATION_CONTEXT('2D SPACE',''
  ) );
#2567 = ORIENTED_EDGE('',*,*,#2568,.F.);
#2568 = EDGE_CURVE('',#2569,#2541,#2571,.T.);
#2569 = VERTEX_POINT('',#2570);
#2570 = CARTESIAN_POINT('',(4.86,8.417766924785,0.));
#2571 = SURFACE_CURVE('',#2572,(#2576,#2583),.PCURVE_S1.);
#2572 = LINE('',#2573,#2574);
#2573 = CARTESIAN_POINT('',(4.86,8.417766924785,0.));
#2574 = VECTOR('',#2575,1.);
#2575 = DIRECTION('',(-0.,-0.,-1.));
#2576 = PCURVE('',#2516,#2577);
#2577 = DEFINITIONAL_REPRESENTATION('',(#2578),#2582);
#2578 = LINE('',#2579,#2580);
#2579 = CARTESIAN_POINT('',(9.72,0.));
#2580 = VECTOR('',#2581,1.);
#2581 = DIRECTION('',(0.,-1.));
#2582 = ( GEOMETRIC_REPRESENTATION_CONTEXT(2) 
PARAMETRIC_REPRESENTATION_CONTEXT() REPRESENTATION_CONTEXT('2D SPACE',''
  ) );
#2583 = PCURVE('',#2584,#2589);
#2584 = PLANE('',#2585);
#2585 = AXIS2_PLACEMENT_3D('',#2586,#2587,#2588);
#2586 = CARTESIAN_POINT('',(4.86,8.417766924785,0.));
#2587 = DIRECTION('',(1.827527612552E-16,1.,-0.));
#2588 = DIRECTION('',(-1.,1.827527612552E-16,0.));
#2589 = DEFINITIONAL_REPRESENTATION('',(#2590),#2594);
#2590 = LINE('',#2591,#2592);
#2591 = CARTESIAN_POINT('',(0.,0.));
#2592 = VECTOR('',#2593,1.);
#2593 = DIRECTION('',(0.,-1.));
#2594 = ( GEOMETRIC_REPRESENTATION_CONTEXT(2) 
PARAMETRIC_REPRESENTATION_CONTEXT() REPRESENTATION_CONTEXT('2D SPACE',''
  ) );
#2595 = ORIENTED_EDGE('',*,*,#2596,.F.);
#2596 = EDGE_CURVE('',#2506,#2569,#2597,.T.);
#2597 = SURFACE_CURVE('',#2598,(#2602,#2609),.PCURVE_S1.);
#2598 = LINE('',#2599,#2600);
#2599 = CARTESIAN_POINT('',(9.72,0.,0.));
#2600 = VECTOR('',#2601,1.);
#2601 = DIRECTION('',(-0.5,0.866025403784,0.));
#2602 = PCURVE('',#2516,#2603);
#2603 = DEFINITIONAL_REPRESENTATION('',(#2604),#2608);
#2604 = LINE('',#2605,#2606);
#2605 = CARTESIAN_POINT('',(0.,0.));
#2606 = VECTOR('',#2607,1.);
#2607 = DIRECTION('',(1.,0.));
#2608 = ( GEOMETRIC_REPRESENTATION_CONTEXT(2) 
PARAMETRIC_REPRESENTATION_CONTEXT() REPRESENTATION_CONTEXT('2D SPACE',''
  ) );
#2609 = PCURVE('',#2610,#2615);
#2610 = PLANE('',#2611);
#2611 = AXIS2_PLACEMENT_3D('',#2612,#2613,#2614);
#2612 = CARTESIAN_POINT('',(-1.218351741701E-16,-6.091758708506E-16,0.)
  );
#2613 = DIRECTION('',(0.,0.,1.));
#2614 = DIRECTION('',(1.,0.,-0.));
#2615 = DEFINITIONAL_REPRESENTATION('',(#2616),#2620);
#2616 = LINE('',#2617,#2618);
#2617 = CARTESIAN_POINT('',(9.72,6.091758708506E-16));
#2618 = VECTOR('',#2619,1.);
#2619 = DIRECTION('',(-0.5,0.866025403784));
#2620 = ( GEOMETRIC_REPRESENTATION_CONTEXT(2) 
PARAMETRIC_REPRESENTATION_CONTEXT() REPRESENTATION_CONTEXT('2D SPACE',''
  ) );
#2621 = ADVANCED_FACE('',(#2622),#2528,.T.);
#2622 = FACE_BOUND('',#2623,.T.);
#2623 = EDGE_LOOP('',(#2624,#2654,#2675,#2676));
#2624 = ORIENTED_EDGE('',*,*,#2625,.T.);
#2625 = EDGE_CURVE('',#2626,#2628,#2630,.T.);
#2626 = VERTEX_POINT('',#2627);
#2627 = CARTESIAN_POINT('',(4.86,-8.417766924785,0.));
#2628 = VERTEX_POINT('',#2629);
#2629 = CARTESIAN_POINT('',(4.86,-8.417766924785,-6.48));
#2630 = SURFACE_CURVE('',#2631,(#2635,#2642),.PCURVE_S1.);
#2631 = LINE('',#2632,#2633);
#2632 = CARTESIAN_POINT('',(4.86,-8.417766924785,0.));
#2633 = VECTOR('',#2634,1.);
#2634 = DIRECTION('',(-0.,-0.,-1.));
#2635 = PCURVE('',#2528,#2636);
#2636 = DEFINITIONAL_REPRESENTATION('',(#2637),#2641);
#2637 = LINE('',#2638,#2639);
#2638 = CARTESIAN_POINT('',(0.,0.));
#2639 = VECTOR('',#2640,1.);
#2640 = DIRECTION('',(0.,-1.));
#2641 = ( GEOMETRIC_REPRESENTATION_CONTEXT(2) 
PARAMETRIC_REPRESENTATION_CONTEXT() REPRESENTATION_CONTEXT('2D SPACE',''
  ) );
#2642 = PCURVE('',#2643,#2648);
#2643 = PLANE('',#2644);
#2644 = AXIS2_PLACEMENT_3D('',#2645,#2646,#2647);
#2645 = CARTESIAN_POINT('',(-4.86,-8.417766924785,0.));
#2646 = DIRECTION('',(-7.310110450207E-16,-1.,0.));
#2647 = DIRECTION('',(1.,-7.310110450207E-16,0.));
#2648 = DEFINITIONAL_REPRESENTATION('',(#2649),#2653);
#2649 = LINE('',#2650,#2651);
#2650 = CARTESIAN_POINT('',(9.72,0.));
#2651 = VECTOR('',#2652,1.);
#2652 = DIRECTION('',(0.,-1.));
#2653 = ( GEOMETRIC_REPRESENTATION_CONTEXT(2) 
PARAMETRIC_REPRESENTATION_CONTEXT() REPRESENTATION_CONTEXT('2D SPACE',''
  ) );
#2654 = ORIENTED_EDGE('',*,*,#2655,.T.);
#2655 = EDGE_CURVE('',#2628,#2508,#2656,.T.);
#2656 = SURFACE_CURVE('',#2657,(#2661,#2668),.PCURVE_S1.);
#2657 = LINE('',#2658,#2659);
#2658 = CARTESIAN_POINT('',(4.86,-8.417766924785,-6.48));
#2659 = VECTOR('',#2660,1.);
#2660 = DIRECTION('',(0.5,0.866025403784,0.));
#2661 = PCURVE('',#2528,#2662);
#2662 = DEFINITIONAL_REPRESENTATION('',(#2663),#2667);
#2663 = LINE('',#2664,#2665);
#2664 = CARTESIAN_POINT('',(0.,-6.48));
#2665 = VECTOR('',#2666,1.);
#2666 = DIRECTION('',(1.,0.));
#2667 = ( GEOMETRIC_REPRESENTATION_CONTEXT(2) 
PARAMETRIC_REPRESENTATION_CONTEXT() REPRESENTATION_CONTEXT('2D SPACE',''
  ) );
#2668 = PCURVE('',#2556,#2669);
#2669 = DEFINITIONAL_REPRESENTATION('',(#2670),#2674);
#2670 = LINE('',#2671,#2672);
#2671 = CARTESIAN_POINT('',(4.86,-8.417766924785));
#2672 = VECTOR('',#2673,1.);
#2673 = DIRECTION('',(0.5,0.866025403784));
#2674 = ( GEOMETRIC_REPRESENTATION_CONTEXT(2) 
PARAMETRIC_REPRESENTATION_CONTEXT() REPRESENTATION_CONTEXT('2D SPACE',''
  ) );
#2675 = ORIENTED_EDGE('',*,*,#2505,.F.);
#2676 = ORIENTED_EDGE('',*,*,#2677,.F.);
#2677 = EDGE_CURVE('',#2626,#2506,#2678,.T.);
#2678 = SURFACE_CURVE('',#2679,(#2683,#2690),.PCURVE_S1.);
#2679 = LINE('',#2680,#2681);
#2680 = CARTESIAN_POINT('',(4.86,-8.417766924785,0.));
#2681 = VECTOR('',#2682,1.);
#2682 = DIRECTION('',(0.5,0.866025403784,0.));
#2683 = PCURVE('',#2528,#2684);
#2684 = DEFINITIONAL_REPRESENTATION('',(#2685),#2689);
#2685 = LINE('',#2686,#2687);
#2686 = CARTESIAN_POINT('',(0.,0.));
#2687 = VECTOR('',#2688,1.);
#2688 = DIRECTION('',(1.,0.));
#2689 = ( GEOMETRIC_REPRESENTATION_CONTEXT(2) 
PARAMETRIC_REPRESENTATION_CONTEXT() REPRESENTATION_CONTEXT('2D SPACE',''
  ) );
#2690 = PCURVE('',#2610,#2691);
#2691 = DEFINITIONAL_REPRESENTATION('',(#2692),#2696);
#2692 = LINE('',#2693,#2694);
#2693 = CARTESIAN_POINT('',(4.86,-8.417766924785));
#2694 = VECTOR('',#2695,1.);
#2695 = DIRECTION('',(0.5,0.866025403784));
#2696 = ( GEOMETRIC_REPRESENTATION_CONTEXT(2) 
PARAMETRIC_REPRESENTATION_CONTEXT() REPRESENTATION_CONTEXT('2D SPACE',''
  ) );
#2697 = ADVANCED_FACE('',(#2698),#2584,.T.);
#2698 = FACE_BOUND('',#2699,.T.);
#2699 = EDGE_LOOP('',(#2700,#2701,#2724,#2752));
#2700 = ORIENTED_EDGE('',*,*,#2568,.T.);
#2701 = ORIENTED_EDGE('',*,*,#2702,.T.);
#2702 = EDGE_CURVE('',#2541,#2703,#2705,.T.);
#2703 = VERTEX_POINT('',#2704);
#2704 = CARTESIAN_POINT('',(-4.86,8.417766924785,-6.48));
#2705 = SURFACE_CURVE('',#2706,(#2710,#2717),.PCURVE_S1.);
#2706 = LINE('',#2707,#2708);
#2707 = CARTESIAN_POINT('',(4.86,8.417766924785,-6.48));
#2708 = VECTOR('',#2709,1.);
#2709 = DIRECTION('',(-1.,1.827527612552E-16,0.));
#2710 = PCURVE('',#2584,#2711);
#2711 = DEFINITIONAL_REPRESENTATION('',(#2712),#2716);
#2712 = LINE('',#2713,#2714);
#2713 = CARTESIAN_POINT('',(0.,-6.48));
#2714 = VECTOR('',#2715,1.);
#2715 = DIRECTION('',(1.,0.));
#2716 = ( GEOMETRIC_REPRESENTATION_CONTEXT(2) 
PARAMETRIC_REPRESENTATION_CONTEXT() REPRESENTATION_CONTEXT('2D SPACE',''
  ) );
#2717 = PCURVE('',#2556,#2718);
#2718 = DEFINITIONAL_REPRESENTATION('',(#2719),#2723);
#2719 = LINE('',#2720,#2721);
#2720 = CARTESIAN_POINT('',(4.86,8.417766924785));
#2721 = VECTOR('',#2722,1.);
#2722 = DIRECTION('',(-1.,1.827527612552E-16));
#2723 = ( GEOMETRIC_REPRESENTATION_CONTEXT(2) 
PARAMETRIC_REPRESENTATION_CONTEXT() REPRESENTATION_CONTEXT('2D SPACE',''
  ) );
#2724 = ORIENTED_EDGE('',*,*,#2725,.F.);
#2725 = EDGE_CURVE('',#2726,#2703,#2728,.T.);
#2726 = VERTEX_POINT('',#2727);
#2727 = CARTESIAN_POINT('',(-4.86,8.417766924785,0.));
#2728 = SURFACE_CURVE('',#2729,(#2733,#2740),.PCURVE_S1.);
#2729 = LINE('',#2730,#2731);
#2730 = CARTESIAN_POINT('',(-4.86,8.417766924785,0.));
#2731 = VECTOR('',#2732,1.);
#2732 = DIRECTION('',(-0.,-0.,-1.));
#2733 = PCURVE('',#2584,#2734);
#2734 = DEFINITIONAL_REPRESENTATION('',(#2735),#2739);
#2735 = LINE('',#2736,#2737);
#2736 = CARTESIAN_POINT('',(9.72,0.));
#2737 = VECTOR('',#2738,1.);
#2738 = DIRECTION('',(0.,-1.));
#2739 = ( GEOMETRIC_REPRESENTATION_CONTEXT(2) 
PARAMETRIC_REPRESENTATION_CONTEXT() REPRESENTATION_CONTEXT('2D SPACE',''
  ) );
#2740 = PCURVE('',#2741,#2746);
#2741 = PLANE('',#2742);
#2742 = AXIS2_PLACEMENT_3D('',#2743,#2744,#2745);
#2743 = CARTESIAN_POINT('',(-4.86,8.417766924785,0.));
#2744 = DIRECTION('',(-0.866025403784,0.5,0.));
#2745 = DIRECTION('',(-0.5,-0.866025403784,0.));
#2746 = DEFINITIONAL_REPRESENTATION('',(#2747),#2751);
#2747 = LINE('',#2748,#2749);
#2748 = CARTESIAN_POINT('',(0.,0.));
#2749 = VECTOR('',#2750,1.);
#2750 = DIRECTION('',(0.,-1.));
#2751 = ( GEOMETRIC_REPRESENTATION_CONTEXT(2) 
PARAMETRIC_REPRESENTATION_CONTEXT() REPRESENTATION_CONTEXT('2D SPACE',''
  ) );
#2752 = ORIENTED_EDGE('',*,*,#2753,.F.);
#2753 = EDGE_CURVE('',#2569,#2726,#2754,.T.);
#2754 = SURFACE_CURVE('',#2755,(#2759,#2766),.PCURVE_S1.);
#2755 = LINE('',#2756,#2757);
#2756 = CARTESIAN_POINT('',(4.86,8.417766924785,0.));
#2757 = VECTOR('',#2758,1.);
#2758 = DIRECTION('',(-1.,1.827527612552E-16,0.));
#2759 = PCURVE('',#2584,#2760);
#2760 = DEFINITIONAL_REPRESENTATION('',(#2761),#2765);
#2761 = LINE('',#2762,#2763);
#2762 = CARTESIAN_POINT('',(0.,0.));
#2763 = VECTOR('',#2764,1.);
#2764 = DIRECTION('',(1.,0.));
#2765 = ( GEOMETRIC_REPRESENTATION_CONTEXT(2) 
PARAMETRIC_REPRESENTATION_CONTEXT() REPRESENTATION_CONTEXT('2D SPACE',''
  ) );
#2766 = PCURVE('',#2610,#2767);
#2767 = DEFINITIONAL_REPRESENTATION('',(#2768),#2772);
#2768 = LINE('',#2769,#2770);
#2769 = CARTESIAN_POINT('',(4.86,8.417766924785));
#2770 = VECTOR('',#2771,1.);
#2771 = DIRECTION('',(-1.,1.827527612552E-16));
#2772 = ( GEOMETRIC_REPRESENTATION_CONTEXT(2) 
PARAMETRIC_REPRESENTATION_CONTEXT() REPRESENTATION_CONTEXT('2D SPACE',''
  ) );
#2773 = ADVANCED_FACE('',(#2774,#2851),#2610,.T.);
#2774 = FACE_BOUND('',#2775,.T.);
#2775 = EDGE_LOOP('',(#2776,#2777,#2778,#2801,#2829,#2850));
#2776 = ORIENTED_EDGE('',*,*,#2596,.T.);
#2777 = ORIENTED_EDGE('',*,*,#2753,.T.);
#2778 = ORIENTED_EDGE('',*,*,#2779,.T.);
#2779 = EDGE_CURVE('',#2726,#2780,#2782,.T.);
#2780 = VERTEX_POINT('',#2781);
#2781 = CARTESIAN_POINT('',(-9.72,1.190356688771E-15,0.));
#2782 = SURFACE_CURVE('',#2783,(#2787,#2794),.PCURVE_S1.);
#2783 = LINE('',#2784,#2785);
#2784 = CARTESIAN_POINT('',(-4.86,8.417766924785,0.));
#2785 = VECTOR('',#2786,1.);
#2786 = DIRECTION('',(-0.5,-0.866025403784,0.));
#2787 = PCURVE('',#2610,#2788);
#2788 = DEFINITIONAL_REPRESENTATION('',(#2789),#2793);
#2789 = LINE('',#2790,#2791);
#2790 = CARTESIAN_POINT('',(-4.86,8.417766924785));
#2791 = VECTOR('',#2792,1.);
#2792 = DIRECTION('',(-0.5,-0.866025403784));
#2793 = ( GEOMETRIC_REPRESENTATION_CONTEXT(2) 
PARAMETRIC_REPRESENTATION_CONTEXT() REPRESENTATION_CONTEXT('2D SPACE',''
  ) );
#2794 = PCURVE('',#2741,#2795);
#2795 = DEFINITIONAL_REPRESENTATION('',(#2796),#2800);
#2796 = LINE('',#2797,#2798);
#2797 = CARTESIAN_POINT('',(0.,0.));
#2798 = VECTOR('',#2799,1.);
#2799 = DIRECTION('',(1.,0.));
#2800 = ( GEOMETRIC_REPRESENTATION_CONTEXT(2) 
PARAMETRIC_REPRESENTATION_CONTEXT() REPRESENTATION_CONTEXT('2D SPACE',''
  ) );
#2801 = ORIENTED_EDGE('',*,*,#2802,.T.);
#2802 = EDGE_CURVE('',#2780,#2803,#2805,.T.);
#2803 = VERTEX_POINT('',#2804);
#2804 = CARTESIAN_POINT('',(-4.86,-8.417766924785,0.));
#2805 = SURFACE_CURVE('',#2806,(#2810,#2817),.PCURVE_S1.);
#2806 = LINE('',#2807,#2808);
#2807 = CARTESIAN_POINT('',(-9.72,1.190356688771E-15,0.));
#2808 = VECTOR('',#2809,1.);
#2809 = DIRECTION('',(0.5,-0.866025403784,0.));
#2810 = PCURVE('',#2610,#2811);
#2811 = DEFINITIONAL_REPRESENTATION('',(#2812),#2816);
#2812 = LINE('',#2813,#2814);
#2813 = CARTESIAN_POINT('',(-9.72,1.799532559622E-15));
#2814 = VECTOR('',#2815,1.);
#2815 = DIRECTION('',(0.5,-0.866025403784));
#2816 = ( GEOMETRIC_REPRESENTATION_CONTEXT(2) 
PARAMETRIC_REPRESENTATION_CONTEXT() REPRESENTATION_CONTEXT('2D SPACE',''
  ) );
#2817 = PCURVE('',#2818,#2823);
#2818 = PLANE('',#2819);
#2819 = AXIS2_PLACEMENT_3D('',#2820,#2821,#2822);
#2820 = CARTESIAN_POINT('',(-9.72,1.190356688771E-15,0.));
#2821 = DIRECTION('',(-0.866025403784,-0.5,0.));
#2822 = DIRECTION('',(0.5,-0.866025403784,0.));
#2823 = DEFINITIONAL_REPRESENTATION('',(#2824),#2828);
#2824 = LINE('',#2825,#2826);
#2825 = CARTESIAN_POINT('',(0.,0.));
#2826 = VECTOR('',#2827,1.);
#2827 = DIRECTION('',(1.,0.));
#2828 = ( GEOMETRIC_REPRESENTATION_CONTEXT(2) 
PARAMETRIC_REPRESENTATION_CONTEXT() REPRESENTATION_CONTEXT('2D SPACE',''
  ) );
#2829 = ORIENTED_EDGE('',*,*,#2830,.T.);
#2830 = EDGE_CURVE('',#2803,#2626,#2831,.T.);
#2831 = SURFACE_CURVE('',#2832,(#2836,#2843),.PCURVE_S1.);
#2832 = LINE('',#2833,#2834);
#2833 = CARTESIAN_POINT('',(-4.86,-8.417766924785,0.));
#2834 = VECTOR('',#2835,1.);
#2835 = DIRECTION('',(1.,-7.310110450207E-16,0.));
#2836 = PCURVE('',#2610,#2837);
#2837 = DEFINITIONAL_REPRESENTATION('',(#2838),#2842);
#2838 = LINE('',#2839,#2840);
#2839 = CARTESIAN_POINT('',(-4.86,-8.417766924785));
#2840 = VECTOR('',#2841,1.);
#2841 = DIRECTION('',(1.,-7.310110450207E-16));
#2842 = ( GEOMETRIC_REPRESENTATION_CONTEXT(2) 
PARAMETRIC_REPRESENTATION_CONTEXT() REPRESENTATION_CONTEXT('2D SPACE',''
  ) );
#2843 = PCURVE('',#2643,#2844);
#2844 = DEFINITIONAL_REPRESENTATION('',(#2845),#2849);
#2845 = LINE('',#2846,#2847);
#2846 = CARTESIAN_POINT('',(0.,0.));
#2847 = VECTOR('',#2848,1.);
#2848 = DIRECTION('',(1.,0.));
#2849 = ( GEOMETRIC_REPRESENTATION_CONTEXT(2) 
PARAMETRIC_REPRESENTATION_CONTEXT() REPRESENTATION_CONTEXT('2D SPACE',''
  ) );
#2850 = ORIENTED_EDGE('',*,*,#2677,.T.);
#2851 = FACE_BOUND('',#2852,.T.);
#2852 = EDGE_LOOP('',(#2853));
#2853 = ORIENTED_EDGE('',*,*,#2854,.F.);
#2854 = EDGE_CURVE('',#2855,#2855,#2857,.T.);
#2855 = VERTEX_POINT('',#2856);
#2856 = CARTESIAN_POINT('',(5.4,0.,0.));
#2857 = SURFACE_CURVE('',#2858,(#2863,#2870),.PCURVE_S1.);
#2858 = CIRCLE('',#2859,5.4);
#2859 = AXIS2_PLACEMENT_3D('',#2860,#2861,#2862);
#2860 = CARTESIAN_POINT('',(0.,0.,0.));
#2861 = DIRECTION('',(0.,0.,1.));
#2862 = DIRECTION('',(1.,0.,0.));
#2863 = PCURVE('',#2610,#2864);
#2864 = DEFINITIONAL_REPRESENTATION('',(#2865),#2869);
#2865 = CIRCLE('',#2866,5.4);
#2866 = AXIS2_PLACEMENT_2D('',#2867,#2868);
#2867 = CARTESIAN_POINT('',(1.218351741701E-16,6.091758708506E-16));
#2868 = DIRECTION('',(1.,0.));
#2869 = ( GEOMETRIC_REPRESENTATION_CONTEXT(2) 
PARAMETRIC_REPRESENTATION_CONTEXT() REPRESENTATION_CONTEXT('2D SPACE',''
  ) );
#2870 = PCURVE('',#2871,#2876);
#2871 = CYLINDRICAL_SURFACE('',#2872,5.4);
#2872 = AXIS2_PLACEMENT_3D('',#2873,#2874,#2875);
#2873 = CARTESIAN_POINT('',(0.,0.,0.));
#2874 = DIRECTION('',(-0.,-0.,-1.));
#2875 = DIRECTION('',(1.,0.,0.));
#2876 = DEFINITIONAL_REPRESENTATION('',(#2877),#2881);
#2877 = LINE('',#2878,#2879);
#2878 = CARTESIAN_POINT('',(-0.,0.));
#2879 = VECTOR('',#2880,1.);
#2880 = DIRECTION('',(-1.,0.));
#2881 = ( GEOMETRIC_REPRESENTATION_CONTEXT(2) 
PARAMETRIC_REPRESENTATION_CONTEXT() REPRESENTATION_CONTEXT('2D SPACE',''
  ) );
#2882 = ADVANCED_FACE('',(#2883),#2556,.F.);
#2883 = FACE_BOUND('',#2884,.F.);
#2884 = EDGE_LOOP('',(#2885,#2886,#2887,#2910,#2933,#2954));
#2885 = ORIENTED_EDGE('',*,*,#2540,.T.);
#2886 = ORIENTED_EDGE('',*,*,#2702,.T.);
#2887 = ORIENTED_EDGE('',*,*,#2888,.T.);
#2888 = EDGE_CURVE('',#2703,#2889,#2891,.T.);
#2889 = VERTEX_POINT('',#2890);
#2890 = CARTESIAN_POINT('',(-9.72,1.190356688771E-15,-6.48));
#2891 = SURFACE_CURVE('',#2892,(#2896,#2903),.PCURVE_S1.);
#2892 = LINE('',#2893,#2894);
#2893 = CARTESIAN_POINT('',(-4.86,8.417766924785,-6.48));
#2894 = VECTOR('',#2895,1.);
#2895 = DIRECTION('',(-0.5,-0.866025403784,0.));
#2896 = PCURVE('',#2556,#2897);
#2897 = DEFINITIONAL_REPRESENTATION('',(#2898),#2902);
#2898 = LINE('',#2899,#2900);
#2899 = CARTESIAN_POINT('',(-4.86,8.417766924785));
#2900 = VECTOR('',#2901,1.);
#2901 = DIRECTION('',(-0.5,-0.866025403784));
#2902 = ( GEOMETRIC_REPRESENTATION_CONTEXT(2) 
PARAMETRIC_REPRESENTATION_CONTEXT() REPRESENTATION_CONTEXT('2D SPACE',''
  ) );
#2903 = PCURVE('',#2741,#2904);
#2904 = DEFINITIONAL_REPRESENTATION('',(#2905),#2909);
#2905 = LINE('',#2906,#2907);
#2906 = CARTESIAN_POINT('',(-0.,-6.48));
#2907 = VECTOR('',#2908,1.);
#2908 = DIRECTION('',(1.,0.));
#2909 = ( GEOMETRIC_REPRESENTATION_CONTEXT(2) 
PARAMETRIC_REPRESENTATION_CONTEXT() REPRESENTATION_CONTEXT('2D SPACE',''
  ) );
#2910 = ORIENTED_EDGE('',*,*,#2911,.T.);
#2911 = EDGE_CURVE('',#2889,#2912,#2914,.T.);
#2912 = VERTEX_POINT('',#2913);
#2913 = CARTESIAN_POINT('',(-4.86,-8.417766924785,-6.48));
#2914 = SURFACE_CURVE('',#2915,(#2919,#2926),.PCURVE_S1.);
#2915 = LINE('',#2916,#2917);
#2916 = CARTESIAN_POINT('',(-9.72,1.190356688771E-15,-6.48));
#2917 = VECTOR('',#2918,1.);
#2918 = DIRECTION('',(0.5,-0.866025403784,0.));
#2919 = PCURVE('',#2556,#2920);
#2920 = DEFINITIONAL_REPRESENTATION('',(#2921),#2925);
#2921 = LINE('',#2922,#2923);
#2922 = CARTESIAN_POINT('',(-9.72,1.799532559622E-15));
#2923 = VECTOR('',#2924,1.);
#2924 = DIRECTION('',(0.5,-0.866025403784));
#2925 = ( GEOMETRIC_REPRESENTATION_CONTEXT(2) 
PARAMETRIC_REPRESENTATION_CONTEXT() REPRESENTATION_CONTEXT('2D SPACE',''
  ) );
#2926 = PCURVE('',#2818,#2927);
#2927 = DEFINITIONAL_REPRESENTATION('',(#2928),#2932);
#2928 = LINE('',#2929,#2930);
#2929 = CARTESIAN_POINT('',(0.,-6.48));
#2930 = VECTOR('',#2931,1.);
#2931 = DIRECTION('',(1.,0.));
#2932 = ( GEOMETRIC_REPRESENTATION_CONTEXT(2) 
PARAMETRIC_REPRESENTATION_CONTEXT() REPRESENTATION_CONTEXT('2D SPACE',''
  ) );
#2933 = ORIENTED_EDGE('',*,*,#2934,.T.);
#2934 = EDGE_CURVE('',#2912,#2628,#2935,.T.);
#2935 = SURFACE_CURVE('',#2936,(#2940,#2947),.PCURVE_S1.);
#2936 = LINE('',#2937,#2938);
#2937 = CARTESIAN_POINT('',(-4.86,-8.417766924785,-6.48));
#2938 = VECTOR('',#2939,1.);
#2939 = DIRECTION('',(1.,-7.310110450207E-16,0.));
#2940 = PCURVE('',#2556,#2941);
#2941 = DEFINITIONAL_REPRESENTATION('',(#2942),#2946);
#2942 = LINE('',#2943,#2944);
#2943 = CARTESIAN_POINT('',(-4.86,-8.417766924785));
#2944 = VECTOR('',#2945,1.);
#2945 = DIRECTION('',(1.,-7.310110450207E-16));
#2946 = ( GEOMETRIC_REPRESENTATION_CONTEXT(2) 
PARAMETRIC_REPRESENTATION_CONTEXT() REPRESENTATION_CONTEXT('2D SPACE',''
  ) );
#2947 = PCURVE('',#2643,#2948);
#2948 = DEFINITIONAL_REPRESENTATION('',(#2949),#2953);
#2949 = LINE('',#2950,#2951);
#2950 = CARTESIAN_POINT('',(0.,-6.48));
#2951 = VECTOR('',#2952,1.);
#2952 = DIRECTION('',(1.,0.));
#2953 = ( GEOMETRIC_REPRESENTATION_CONTEXT(2) 
PARAMETRIC_REPRESENTATION_CONTEXT() REPRESENTATION_CONTEXT('2D SPACE',''
  ) );
#2954 = ORIENTED_EDGE('',*,*,#2655,.T.);
#2955 = ADVANCED_FACE('',(#2956),#2643,.T.);
#2956 = FACE_BOUND('',#2957,.T.);
#2957 = EDGE_LOOP('',(#2958,#2979,#2980,#2981));
#2958 = ORIENTED_EDGE('',*,*,#2959,.T.);
#2959 = EDGE_CURVE('',#2803,#2912,#2960,.T.);
#2960 = SURFACE_CURVE('',#2961,(#2965,#2972),.PCURVE_S1.);
#2961 = LINE('',#2962,#2963);
#2962 = CARTESIAN_POINT('',(-4.86,-8.417766924785,0.));
#2963 = VECTOR('',#2964,1.);
#2964 = DIRECTION('',(-0.,-0.,-1.));
#2965 = PCURVE('',#2643,#2966);
#2966 = DEFINITIONAL_REPRESENTATION('',(#2967),#2971);
#2967 = LINE('',#2968,#2969);
#2968 = CARTESIAN_POINT('',(0.,0.));
#2969 = VECTOR('',#2970,1.);
#2970 = DIRECTION('',(0.,-1.));
#2971 = ( GEOMETRIC_REPRESENTATION_CONTEXT(2) 
PARAMETRIC_REPRESENTATION_CONTEXT() REPRESENTATION_CONTEXT('2D SPACE',''
  ) );
#2972 = PCURVE('',#2818,#2973);
#2973 = DEFINITIONAL_REPRESENTATION('',(#2974),#2978);
#2974 = LINE('',#2975,#2976);
#2975 = CARTESIAN_POINT('',(9.72,0.));
#2976 = VECTOR('',#2977,1.);
#2977 = DIRECTION('',(0.,-1.));
#2978 = ( GEOMETRIC_REPRESENTATION_CONTEXT(2) 
PARAMETRIC_REPRESENTATION_CONTEXT() REPRESENTATION_CONTEXT('2D SPACE',''
  ) );
#2979 = ORIENTED_EDGE('',*,*,#2934,.T.);
#2980 = ORIENTED_EDGE('',*,*,#2625,.F.);
#2981 = ORIENTED_EDGE('',*,*,#2830,.F.);
#2982 = ADVANCED_FACE('',(#2983),#2741,.T.);
#2983 = FACE_BOUND('',#2984,.T.);
#2984 = EDGE_LOOP('',(#2985,#2986,#2987,#3008));
#2985 = ORIENTED_EDGE('',*,*,#2725,.T.);
#2986 = ORIENTED_EDGE('',*,*,#2888,.T.);
#2987 = ORIENTED_EDGE('',*,*,#2988,.F.);
#2988 = EDGE_CURVE('',#2780,#2889,#2989,.T.);
#2989 = SURFACE_CURVE('',#2990,(#2994,#3001),.PCURVE_S1.);
#2990 = LINE('',#2991,#2992);
#2991 = CARTESIAN_POINT('',(-9.72,1.190356688771E-15,0.));
#2992 = VECTOR('',#2993,1.);
#2993 = DIRECTION('',(-0.,-0.,-1.));
#2994 = PCURVE('',#2741,#2995);
#2995 = DEFINITIONAL_REPRESENTATION('',(#2996),#3000);
#2996 = LINE('',#2997,#2998);
#2997 = CARTESIAN_POINT('',(9.72,0.));
#2998 = VECTOR('',#2999,1.);
#2999 = DIRECTION('',(0.,-1.));
#3000 = ( GEOMETRIC_REPRESENTATION_CONTEXT(2) 
PARAMETRIC_REPRESENTATION_CONTEXT() REPRESENTATION_CONTEXT('2D SPACE',''
  ) );
#3001 = PCURVE('',#2818,#3002);
#3002 = DEFINITIONAL_REPRESENTATION('',(#3003),#3007);
#3003 = LINE('',#3004,#3005);
#3004 = CARTESIAN_POINT('',(0.,0.));
#3005 = VECTOR('',#3006,1.);
#3006 = DIRECTION('',(0.,-1.));
#3007 = ( GEOMETRIC_REPRESENTATION_CONTEXT(2) 
PARAMETRIC_REPRESENTATION_CONTEXT() REPRESENTATION_CONTEXT('2D SPACE',''
  ) );
#3008 = ORIENTED_EDGE('',*,*,#2779,.F.);
#3009 = ADVANCED_FACE('',(#3010),#2818,.T.);
#3010 = FACE_BOUND('',#3011,.T.);
#3011 = EDGE_LOOP('',(#3012,#3013,#3014,#3015));
#3012 = ORIENTED_EDGE('',*,*,#2988,.T.);
#3013 = ORIENTED_EDGE('',*,*,#2911,.T.);
#3014 = ORIENTED_EDGE('',*,*,#2959,.F.);
#3015 = ORIENTED_EDGE('',*,*,#2802,.F.);
#3016 = ADVANCED_FACE('',(#3017),#2871,.T.);
#3017 = FACE_BOUND('',#3018,.F.);
#3018 = EDGE_LOOP('',(#3019,#3042,#3069,#3070));
#3019 = ORIENTED_EDGE('',*,*,#3020,.T.);
#3020 = EDGE_CURVE('',#2855,#3021,#3023,.T.);
#3021 = VERTEX_POINT('',#3022);
#3022 = CARTESIAN_POINT('',(5.4,0.,23.));
#3023 = SEAM_CURVE('',#3024,(#3028,#3035),.PCURVE_S1.);
#3024 = LINE('',#3025,#3026);
#3025 = CARTESIAN_POINT('',(5.4,0.,0.));
#3026 = VECTOR('',#3027,1.);
#3027 = DIRECTION('',(0.,0.,1.));
#3028 = PCURVE('',#2871,#3029);
#3029 = DEFINITIONAL_REPRESENTATION('',(#3030),#3034);
#3030 = LINE('',#3031,#3032);
#3031 = CARTESIAN_POINT('',(-0.,0.));
#3032 = VECTOR('',#3033,1.);
#3033 = DIRECTION('',(-0.,-1.));
#3034 = ( GEOMETRIC_REPRESENTATION_CONTEXT(2) 
PARAMETRIC_REPRESENTATION_CONTEXT() REPRESENTATION_CONTEXT('2D SPACE',''
  ) );
#3035 = PCURVE('',#2871,#3036);
#3036 = DEFINITIONAL_REPRESENTATION('',(#3037),#3041);
#3037 = LINE('',#3038,#3039);
#3038 = CARTESIAN_POINT('',(-6.28318530718,0.));
#3039 = VECTOR('',#3040,1.);
#3040 = DIRECTION('',(-0.,-1.));
#3041 = ( GEOMETRIC_REPRESENTATION_CONTEXT(2) 
PARAMETRIC_REPRESENTATION_CONTEXT() REPRESENTATION_CONTEXT('2D SPACE',''
  ) );
#3042 = ORIENTED_EDGE('',*,*,#3043,.T.);
#3043 = EDGE_CURVE('',#3021,#3021,#3044,.T.);
#3044 = SURFACE_CURVE('',#3045,(#3050,#3057),.PCURVE_S1.);
#3045 = CIRCLE('',#3046,5.4);
#3046 = AXIS2_PLACEMENT_3D('',#3047,#3048,#3049);
#3047 = CARTESIAN_POINT('',(0.,0.,23.));
#3048 = DIRECTION('',(0.,0.,1.));
#3049 = DIRECTION('',(1.,0.,0.));
#3050 = PCURVE('',#2871,#3051);
#3051 = DEFINITIONAL_REPRESENTATION('',(#3052),#3056);
#3052 = LINE('',#3053,#3054);
#3053 = CARTESIAN_POINT('',(-0.,-23.));
#3054 = VECTOR('',#3055,1.);
#3055 = DIRECTION('',(-1.,0.));
#3056 = ( GEOMETRIC_REPRESENTATION_CONTEXT(2) 
PARAMETRIC_REPRESENTATION_CONTEXT() REPRESENTATION_CONTEXT('2D SPACE',''
  ) );
#3057 = PCURVE('',#3058,#3063);
#3058 = PLANE('',#3059);
#3059 = AXIS2_PLACEMENT_3D('',#3060,#3061,#3062);
#3060 = CARTESIAN_POINT('',(1.26614827087E-16,3.279323032744E-17,23.));
#3061 = DIRECTION('',(0.,0.,1.));
#3062 = DIRECTION('',(1.,0.,-0.));
#3063 = DEFINITIONAL_REPRESENTATION('',(#3064),#3068);
#3064 = CIRCLE('',#3065,5.4);
#3065 = AXIS2_PLACEMENT_2D('',#3066,#3067);
#3066 = CARTESIAN_POINT('',(-1.26614827087E-16,-3.279323032744E-17));
#3067 = DIRECTION('',(1.,0.));
#3068 = ( GEOMETRIC_REPRESENTATION_CONTEXT(2) 
PARAMETRIC_REPRESENTATION_CONTEXT() REPRESENTATION_CONTEXT('2D SPACE',''
  ) );
#3069 = ORIENTED_EDGE('',*,*,#3020,.F.);
#3070 = ORIENTED_EDGE('',*,*,#2854,.F.);
#3071 = ADVANCED_FACE('',(#3072),#3058,.T.);
#3072 = FACE_BOUND('',#3073,.T.);
#3073 = EDGE_LOOP('',(#3074));
#3074 = ORIENTED_EDGE('',*,*,#3043,.T.);
#3075 = ( GEOMETRIC_REPRESENTATION_CONTEXT(3) 
GLOBAL_UNCERTAINTY_ASSIGNED_CONTEXT((#3079)) 
GLOBAL_UNIT_ASSIGNED_CONTEXT((#3076,#3077,#3078)) REPRESENTATION_CONTEXT
('Context #1','3D Context with UNIT and UNCERTAINTY') );
#3076 = ( LENGTH_UNIT() NAMED_UNIT(*) SI_UNIT(.MILLI.,.METRE.) );
#3077 = ( NAMED_UNIT(*) PLANE_ANGLE_UNIT() SI_UNIT($,.RADIAN.) );
#3078 = ( NAMED_UNIT(*) SI_UNIT($,.STERADIAN.) SOLID_ANGLE_UNIT() );
#3079 = UNCERTAINTY_MEASURE_WITH_UNIT(LENGTH_MEASURE(1.E-07),#3076,
  'distance_accuracy_value','confusion accuracy');
#3080 = SHAPE_DEFINITION_REPRESENTATION(#3081,#2498);
#3081 = PRODUCT_DEFINITION_SHAPE('','',#3082);
#3082 = PRODUCT_DEFINITION('design','',#3083,#3086);
#3083 = PRODUCT_DEFINITION_FORMATION('','',#3084);
#3084 = PRODUCT('auto_bolt_0_part','auto_bolt_0_part','',(#3085));
#3085 = PRODUCT_CONTEXT('',#2,'mechanical');
#3086 = PRODUCT_DEFINITION_CONTEXT('part definition',#2,'design');
#3087 = CONTEXT_DEPENDENT_SHAPE_REPRESENTATION(#3088,#3090);
#3088 = ( REPRESENTATION_RELATIONSHIP('','',#2498,#2488) 
REPRESENTATION_RELATIONSHIP_WITH_TRANSFORMATION(#3089) 
SHAPE_REPRESENTATION_RELATIONSHIP() );
#3089 = ITEM_DEFINED_TRANSFORMATION('','',#11,#2489);
#3090 = PRODUCT_DEFINITION_SHAPE('Placement','Placement of an item',
  #3091);
#3091 = NEXT_ASSEMBLY_USAGE_OCCURRENCE('6','','',#2483,#3082,$);
#3092 = PRODUCT_RELATED_PRODUCT_CATEGORY('part',$,(#3084));
#3093 = CONTEXT_DEPENDENT_SHAPE_REPRESENTATION(#3094,#3096);
#3094 = ( REPRESENTATION_RELATIONSHIP('','',#2488,#32) 
REPRESENTATION_RELATIONSHIP_WITH_TRANSFORMATION(#3095) 
SHAPE_REPRESENTATION_RELATIONSHIP() );
#3095 = ITEM_DEFINED_TRANSFORMATION('','',#11,#45);
#3096 = PRODUCT_DEFINITION_SHAPE('Placement','Placement of an item',
  #3097);
#3097 = NEXT_ASSEMBLY_USAGE_OCCURRENCE('7','','',#27,#2483,$);
#3098 = PRODUCT_RELATED_PRODUCT_CATEGORY('part',$,(#2485));
#3099 = SHAPE_DEFINITION_REPRESENTATION(#3100,#3106);
#3100 = PRODUCT_DEFINITION_SHAPE('','',#3101);
#3101 = PRODUCT_DEFINITION('design','',#3102,#3105);
#3102 = PRODUCT_DEFINITION_FORMATION('','',#3103);
#3103 = PRODUCT('auto_nut_0','auto_nut_0','',(#3104));
#3104 = PRODUCT_CONTEXT('',#2,'mechanical');
#3105 = PRODUCT_DEFINITION_CONTEXT('part definition',#2,'design');
#3106 = SHAPE_REPRESENTATION('',(#11,#3107),#3111);
#3107 = AXIS2_PLACEMENT_3D('',#3108,#3109,#3110);
#3108 = CARTESIAN_POINT('',(0.,0.,0.));
#3109 = DIRECTION('',(0.,0.,1.));
#3110 = DIRECTION('',(1.,0.,-0.));
#3111 = ( GEOMETRIC_REPRESENTATION_CONTEXT(3) 
GLOBAL_UNCERTAINTY_ASSIGNED_CONTEXT((#3115)) 
GLOBAL_UNIT_ASSIGNED_CONTEXT((#3112,#3113,#3114)) REPRESENTATION_CONTEXT
('Context #1','3D Context with UNIT and UNCERTAINTY') );
#3112 = ( LENGTH_UNIT() NAMED_UNIT(*) SI_UNIT(.MILLI.,.METRE.) );
#3113 = ( NAMED_UNIT(*) PLANE_ANGLE_UNIT() SI_UNIT($,.RADIAN.) );
#3114 = ( NAMED_UNIT(*) SI_UNIT($,.STERADIAN.) SOLID_ANGLE_UNIT() );
#3115 = UNCERTAINTY_MEASURE_WITH_UNIT(LENGTH_MEASURE(1.E-07),#3112,
  'distance_accuracy_value','confusion accuracy');
#3116 = ADVANCED_BREP_SHAPE_REPRESENTATION('',(#11,#3117),#3691);
#3117 = MANIFOLD_SOLID_BREP('',#3118);
#3118 = CLOSED_SHELL('',(#3119,#3239,#3315,#3391,#3504,#3603,#3630,#3657
    ,#3664));
#3119 = ADVANCED_FACE('',(#3120),#3134,.T.);
#3120 = FACE_BOUND('',#3121,.T.);
#3121 = EDGE_LOOP('',(#3122,#3157,#3185,#3213));
#3122 = ORIENTED_EDGE('',*,*,#3123,.T.);
#3123 = EDGE_CURVE('',#3124,#3126,#3128,.T.);
#3124 = VERTEX_POINT('',#3125);
#3125 = CARTESIAN_POINT('',(8.64,0.,0.));
#3126 = VERTEX_POINT('',#3127);
#3127 = CARTESIAN_POINT('',(8.64,0.,-8.64));
#3128 = SURFACE_CURVE('',#3129,(#3133,#3145),.PCURVE_S1.);
#3129 = LINE('',#3130,#3131);
#3130 = CARTESIAN_POINT('',(8.64,0.,0.));
#3131 = VECTOR('',#3132,1.);
#3132 = DIRECTION('',(-0.,-0.,-1.));
#3133 = PCURVE('',#3134,#3139);
#3134 = PLANE('',#3135);
#3135 = AXIS2_PLACEMENT_3D('',#3136,#3137,#3138);
#3136 = CARTESIAN_POINT('',(8.64,0.,0.));
#3137 = DIRECTION('',(0.866025403784,0.5,-0.));
#3138 = DIRECTION('',(-0.5,0.866025403784,0.));
#3139 = DEFINITIONAL_REPRESENTATION('',(#3140),#3144);
#3140 = LINE('',#3141,#3142);
#3141 = CARTESIAN_POINT('',(0.,0.));
#3142 = VECTOR('',#3143,1.);
#3143 = DIRECTION('',(0.,-1.));
#3144 = ( GEOMETRIC_REPRESENTATION_CONTEXT(2) 
PARAMETRIC_REPRESENTATION_CONTEXT() REPRESENTATION_CONTEXT('2D SPACE',''
  ) );
#3145 = PCURVE('',#3146,#3151);
#3146 = PLANE('',#3147);
#3147 = AXIS2_PLACEMENT_3D('',#3148,#3149,#3150);
#3148 = CARTESIAN_POINT('',(4.32,-7.482459488698,0.));
#3149 = DIRECTION('',(0.866025403784,-0.5,0.));
#3150 = DIRECTION('',(0.5,0.866025403784,0.));
#3151 = DEFINITIONAL_REPRESENTATION('',(#3152),#3156);
#3152 = LINE('',#3153,#3154);
#3153 = CARTESIAN_POINT('',(8.64,0.));
#3154 = VECTOR('',#3155,1.);
#3155 = DIRECTION('',(0.,-1.));
#3156 = ( GEOMETRIC_REPRESENTATION_CONTEXT(2) 
PARAMETRIC_REPRESENTATION_CONTEXT() REPRESENTATION_CONTEXT('2D SPACE',''
  ) );
#3157 = ORIENTED_EDGE('',*,*,#3158,.T.);
#3158 = EDGE_CURVE('',#3126,#3159,#3161,.T.);
#3159 = VERTEX_POINT('',#3160);
#3160 = CARTESIAN_POINT('',(4.32,7.482459488698,-8.64));
#3161 = SURFACE_CURVE('',#3162,(#3166,#3173),.PCURVE_S1.);
#3162 = LINE('',#3163,#3164);
#3163 = CARTESIAN_POINT('',(8.64,0.,-8.64));
#3164 = VECTOR('',#3165,1.);
#3165 = DIRECTION('',(-0.5,0.866025403784,0.));
#3166 = PCURVE('',#3134,#3167);
#3167 = DEFINITIONAL_REPRESENTATION('',(#3168),#3172);
#3168 = LINE('',#3169,#3170);
#3169 = CARTESIAN_POINT('',(0.,-8.64));
#3170 = VECTOR('',#3171,1.);
#3171 = DIRECTION('',(1.,0.));
#3172 = ( GEOMETRIC_REPRESENTATION_CONTEXT(2) 
PARAMETRIC_REPRESENTATION_CONTEXT() REPRESENTATION_CONTEXT('2D SPACE',''
  ) );
#3173 = PCURVE('',#3174,#3179);
#3174 = PLANE('',#3175);
#3175 = AXIS2_PLACEMENT_3D('',#3176,#3177,#3178);
#3176 = CARTESIAN_POINT('',(0.,4.111937128241E-16,-8.64));
#3177 = DIRECTION('',(0.,0.,1.));
#3178 = DIRECTION('',(1.,0.,-0.));
#3179 = DEFINITIONAL_REPRESENTATION('',(#3180),#3184);
#3180 = LINE('',#3181,#3182);
#3181 = CARTESIAN_POINT('',(8.64,-4.111937128241E-16));
#3182 = VECTOR('',#3183,1.);
#3183 = DIRECTION('',(-0.5,0.866025403784));
#3184 = ( GEOMETRIC_REPRESENTATION_CONTEXT(2) 
PARAMETRIC_REPRESENTATION_CONTEXT() REPRESENTATION_CONTEXT('2D SPACE',''
  ) );
#3185 = ORIENTED_EDGE('',*,*,#3186,.F.);
#3186 = EDGE_CURVE('',#3187,#3159,#3189,.T.);
#3187 = VERTEX_POINT('',#3188);
#3188 = CARTESIAN_POINT('',(4.32,7.482459488698,0.));
#3189 = SURFACE_CURVE('',#3190,(#3194,#3201),.PCURVE_S1.);
#3190 = LINE('',#3191,#3192);
#3191 = CARTESIAN_POINT('',(4.32,7.482459488698,0.));
#3192 = VECTOR('',#3193,1.);
#3193 = DIRECTION('',(-0.,-0.,-1.));
#3194 = PCURVE('',#3134,#3195);
#3195 = DEFINITIONAL_REPRESENTATION('',(#3196),#3200);
#3196 = LINE('',#3197,#3198);
#3197 = CARTESIAN_POINT('',(8.64,0.));
#3198 = VECTOR('',#3199,1.);
#3199 = DIRECTION('',(0.,-1.));
#3200 = ( GEOMETRIC_REPRESENTATION_CONTEXT(2) 
PARAMETRIC_REPRESENTATION_CONTEXT() REPRESENTATION_CONTEXT('2D SPACE',''
  ) );
#3201 = PCURVE('',#3202,#3207);
#3202 = PLANE('',#3203);
#3203 = AXIS2_PLACEMENT_3D('',#3204,#3205,#3206);
#3204 = CARTESIAN_POINT('',(4.32,7.482459488698,0.));
#3205 = DIRECTION('',(1.02798428206E-16,1.,-0.));
#3206 = DIRECTION('',(-1.,1.02798428206E-16,0.));
#3207 = DEFINITIONAL_REPRESENTATION('',(#3208),#3212);
#3208 = LINE('',#3209,#3210);
#3209 = CARTESIAN_POINT('',(0.,0.));
#3210 = VECTOR('',#3211,1.);
#3211 = DIRECTION('',(0.,-1.));
#3212 = ( GEOMETRIC_REPRESENTATION_CONTEXT(2) 
PARAMETRIC_REPRESENTATION_CONTEXT() REPRESENTATION_CONTEXT('2D SPACE',''
  ) );
#3213 = ORIENTED_EDGE('',*,*,#3214,.F.);
#3214 = EDGE_CURVE('',#3124,#3187,#3215,.T.);
#3215 = SURFACE_CURVE('',#3216,(#3220,#3227),.PCURVE_S1.);
#3216 = LINE('',#3217,#3218);
#3217 = CARTESIAN_POINT('',(8.64,0.,0.));
#3218 = VECTOR('',#3219,1.);
#3219 = DIRECTION('',(-0.5,0.866025403784,0.));
#3220 = PCURVE('',#3134,#3221);
#3221 = DEFINITIONAL_REPRESENTATION('',(#3222),#3226);
#3222 = LINE('',#3223,#3224);
#3223 = CARTESIAN_POINT('',(0.,0.));
#3224 = VECTOR('',#3225,1.);
#3225 = DIRECTION('',(1.,0.));
#3226 = ( GEOMETRIC_REPRESENTATION_CONTEXT(2) 
PARAMETRIC_REPRESENTATION_CONTEXT() REPRESENTATION_CONTEXT('2D SPACE',''
  ) );
#3227 = PCURVE('',#3228,#3233);
#3228 = PLANE('',#3229);
#3229 = AXIS2_PLACEMENT_3D('',#3230,#3231,#3232);
#3230 = CARTESIAN_POINT('',(0.,4.111937128241E-16,0.));
#3231 = DIRECTION('',(0.,0.,1.));
#3232 = DIRECTION('',(1.,0.,-0.));
#3233 = DEFINITIONAL_REPRESENTATION('',(#3234),#3238);
#3234 = LINE('',#3235,#3236);
#3235 = CARTESIAN_POINT('',(8.64,-4.111937128241E-16));
#3236 = VECTOR('',#3237,1.);
#3237 = DIRECTION('',(-0.5,0.866025403784));
#3238 = ( GEOMETRIC_REPRESENTATION_CONTEXT(2) 
PARAMETRIC_REPRESENTATION_CONTEXT() REPRESENTATION_CONTEXT('2D SPACE',''
  ) );
#3239 = ADVANCED_FACE('',(#3240),#3146,.T.);
#3240 = FACE_BOUND('',#3241,.T.);
#3241 = EDGE_LOOP('',(#3242,#3272,#3293,#3294));
#3242 = ORIENTED_EDGE('',*,*,#3243,.T.);
#3243 = EDGE_CURVE('',#3244,#3246,#3248,.T.);
#3244 = VERTEX_POINT('',#3245);
#3245 = CARTESIAN_POINT('',(4.32,-7.482459488698,0.));
#3246 = VERTEX_POINT('',#3247);
#3247 = CARTESIAN_POINT('',(4.32,-7.482459488698,-8.64));
#3248 = SURFACE_CURVE('',#3249,(#3253,#3260),.PCURVE_S1.);
#3249 = LINE('',#3250,#3251);
#3250 = CARTESIAN_POINT('',(4.32,-7.482459488698,0.));
#3251 = VECTOR('',#3252,1.);
#3252 = DIRECTION('',(-0.,-0.,-1.));
#3253 = PCURVE('',#3146,#3254);
#3254 = DEFINITIONAL_REPRESENTATION('',(#3255),#3259);
#3255 = LINE('',#3256,#3257);
#3256 = CARTESIAN_POINT('',(0.,0.));
#3257 = VECTOR('',#3258,1.);
#3258 = DIRECTION('',(0.,-1.));
#3259 = ( GEOMETRIC_REPRESENTATION_CONTEXT(2) 
PARAMETRIC_REPRESENTATION_CONTEXT() REPRESENTATION_CONTEXT('2D SPACE',''
  ) );
#3260 = PCURVE('',#3261,#3266);
#3261 = PLANE('',#3262);
#3262 = AXIS2_PLACEMENT_3D('',#3263,#3264,#3265);
#3263 = CARTESIAN_POINT('',(-4.32,-7.482459488698,0.));
#3264 = DIRECTION('',(-7.195889974422E-16,-1.,0.));
#3265 = DIRECTION('',(1.,-7.195889974422E-16,0.));
#3266 = DEFINITIONAL_REPRESENTATION('',(#3267),#3271);
#3267 = LINE('',#3268,#3269);
#3268 = CARTESIAN_POINT('',(8.64,0.));
#3269 = VECTOR('',#3270,1.);
#3270 = DIRECTION('',(0.,-1.));
#3271 = ( GEOMETRIC_REPRESENTATION_CONTEXT(2) 
PARAMETRIC_REPRESENTATION_CONTEXT() REPRESENTATION_CONTEXT('2D SPACE',''
  ) );
#3272 = ORIENTED_EDGE('',*,*,#3273,.T.);
#3273 = EDGE_CURVE('',#3246,#3126,#3274,.T.);
#3274 = SURFACE_CURVE('',#3275,(#3279,#3286),.PCURVE_S1.);
#3275 = LINE('',#3276,#3277);
#3276 = CARTESIAN_POINT('',(4.32,-7.482459488698,-8.64));
#3277 = VECTOR('',#3278,1.);
#3278 = DIRECTION('',(0.5,0.866025403784,0.));
#3279 = PCURVE('',#3146,#3280);
#3280 = DEFINITIONAL_REPRESENTATION('',(#3281),#3285);
#3281 = LINE('',#3282,#3283);
#3282 = CARTESIAN_POINT('',(0.,-8.64));
#3283 = VECTOR('',#3284,1.);
#3284 = DIRECTION('',(1.,0.));
#3285 = ( GEOMETRIC_REPRESENTATION_CONTEXT(2) 
PARAMETRIC_REPRESENTATION_CONTEXT() REPRESENTATION_CONTEXT('2D SPACE',''
  ) );
#3286 = PCURVE('',#3174,#3287);
#3287 = DEFINITIONAL_REPRESENTATION('',(#3288),#3292);
#3288 = LINE('',#3289,#3290);
#3289 = CARTESIAN_POINT('',(4.32,-7.482459488698));
#3290 = VECTOR('',#3291,1.);
#3291 = DIRECTION('',(0.5,0.866025403784));
#3292 = ( GEOMETRIC_REPRESENTATION_CONTEXT(2) 
PARAMETRIC_REPRESENTATION_CONTEXT() REPRESENTATION_CONTEXT('2D SPACE',''
  ) );
#3293 = ORIENTED_EDGE('',*,*,#3123,.F.);
#3294 = ORIENTED_EDGE('',*,*,#3295,.F.);
#3295 = EDGE_CURVE('',#3244,#3124,#3296,.T.);
#3296 = SURFACE_CURVE('',#3297,(#3301,#3308),.PCURVE_S1.);
#3297 = LINE('',#3298,#3299);
#3298 = CARTESIAN_POINT('',(4.32,-7.482459488698,0.));
#3299 = VECTOR('',#3300,1.);
#3300 = DIRECTION('',(0.5,0.866025403784,0.));
#3301 = PCURVE('',#3146,#3302);
#3302 = DEFINITIONAL_REPRESENTATION('',(#3303),#3307);
#3303 = LINE('',#3304,#3305);
#3304 = CARTESIAN_POINT('',(0.,0.));
#3305 = VECTOR('',#3306,1.);
#3306 = DIRECTION('',(1.,0.));
#3307 = ( GEOMETRIC_REPRESENTATION_CONTEXT(2) 
PARAMETRIC_REPRESENTATION_CONTEXT() REPRESENTATION_CONTEXT('2D SPACE',''
  ) );
#3308 = PCURVE('',#3228,#3309);
#3309 = DEFINITIONAL_REPRESENTATION('',(#3310),#3314);
#3310 = LINE('',#3311,#3312);
#3311 = CARTESIAN_POINT('',(4.32,-7.482459488698));
#3312 = VECTOR('',#3313,1.);
#3313 = DIRECTION('',(0.5,0.866025403784));
#3314 = ( GEOMETRIC_REPRESENTATION_CONTEXT(2) 
PARAMETRIC_REPRESENTATION_CONTEXT() REPRESENTATION_CONTEXT('2D SPACE',''
  ) );
#3315 = ADVANCED_FACE('',(#3316),#3202,.T.);
#3316 = FACE_BOUND('',#3317,.T.);
#3317 = EDGE_LOOP('',(#3318,#3319,#3342,#3370));
#3318 = ORIENTED_EDGE('',*,*,#3186,.T.);
#3319 = ORIENTED_EDGE('',*,*,#3320,.T.);
#3320 = EDGE_CURVE('',#3159,#3321,#3323,.T.);
#3321 = VERTEX_POINT('',#3322);
#3322 = CARTESIAN_POINT('',(-4.32,7.482459488698,-8.64));
#3323 = SURFACE_CURVE('',#3324,(#3328,#3335),.PCURVE_S1.);
#3324 = LINE('',#3325,#3326);
#3325 = CARTESIAN_POINT('',(4.32,7.482459488698,-8.64));
#3326 = VECTOR('',#3327,1.);
#3327 = DIRECTION('',(-1.,1.02798428206E-16,0.));
#3328 = PCURVE('',#3202,#3329);
#3329 = DEFINITIONAL_REPRESENTATION('',(#3330),#3334);
#3330 = LINE('',#3331,#3332);
#3331 = CARTESIAN_POINT('',(0.,-8.64));
#3332 = VECTOR('',#3333,1.);
#3333 = DIRECTION('',(1.,0.));
#3334 = ( GEOMETRIC_REPRESENTATION_CONTEXT(2) 
PARAMETRIC_REPRESENTATION_CONTEXT() REPRESENTATION_CONTEXT('2D SPACE',''
  ) );
#3335 = PCURVE('',#3174,#3336);
#3336 = DEFINITIONAL_REPRESENTATION('',(#3337),#3341);
#3337 = LINE('',#3338,#3339);
#3338 = CARTESIAN_POINT('',(4.32,7.482459488698));
#3339 = VECTOR('',#3340,1.);
#3340 = DIRECTION('',(-1.,1.02798428206E-16));
#3341 = ( GEOMETRIC_REPRESENTATION_CONTEXT(2) 
PARAMETRIC_REPRESENTATION_CONTEXT() REPRESENTATION_CONTEXT('2D SPACE',''
  ) );
#3342 = ORIENTED_EDGE('',*,*,#3343,.F.);
#3343 = EDGE_CURVE('',#3344,#3321,#3346,.T.);
#3344 = VERTEX_POINT('',#3345);
#3345 = CARTESIAN_POINT('',(-4.32,7.482459488698,0.));
#3346 = SURFACE_CURVE('',#3347,(#3351,#3358),.PCURVE_S1.);
#3347 = LINE('',#3348,#3349);
#3348 = CARTESIAN_POINT('',(-4.32,7.482459488698,0.));
#3349 = VECTOR('',#3350,1.);
#3350 = DIRECTION('',(-0.,-0.,-1.));
#3351 = PCURVE('',#3202,#3352);
#3352 = DEFINITIONAL_REPRESENTATION('',(#3353),#3357);
#3353 = LINE('',#3354,#3355);
#3354 = CARTESIAN_POINT('',(8.64,0.));
#3355 = VECTOR('',#3356,1.);
#3356 = DIRECTION('',(0.,-1.));
#3357 = ( GEOMETRIC_REPRESENTATION_CONTEXT(2) 
PARAMETRIC_REPRESENTATION_CONTEXT() REPRESENTATION_CONTEXT('2D SPACE',''
  ) );
#3358 = PCURVE('',#3359,#3364);
#3359 = PLANE('',#3360);
#3360 = AXIS2_PLACEMENT_3D('',#3361,#3362,#3363);
#3361 = CARTESIAN_POINT('',(-4.32,7.482459488698,0.));
#3362 = DIRECTION('',(-0.866025403784,0.5,0.));
#3363 = DIRECTION('',(-0.5,-0.866025403784,0.));
#3364 = DEFINITIONAL_REPRESENTATION('',(#3365),#3369);
#3365 = LINE('',#3366,#3367);
#3366 = CARTESIAN_POINT('',(0.,0.));
#3367 = VECTOR('',#3368,1.);
#3368 = DIRECTION('',(0.,-1.));
#3369 = ( GEOMETRIC_REPRESENTATION_CONTEXT(2) 
PARAMETRIC_REPRESENTATION_CONTEXT() REPRESENTATION_CONTEXT('2D SPACE',''
  ) );
#3370 = ORIENTED_EDGE('',*,*,#3371,.F.);
#3371 = EDGE_CURVE('',#3187,#3344,#3372,.T.);
#3372 = SURFACE_CURVE('',#3373,(#3377,#3384),.PCURVE_S1.);
#3373 = LINE('',#3374,#3375);
#3374 = CARTESIAN_POINT('',(4.32,7.482459488698,0.));
#3375 = VECTOR('',#3376,1.);
#3376 = DIRECTION('',(-1.,1.02798428206E-16,0.));
#3377 = PCURVE('',#3202,#3378);
#3378 = DEFINITIONAL_REPRESENTATION('',(#3379),#3383);
#3379 = LINE('',#3380,#3381);
#3380 = CARTESIAN_POINT('',(0.,0.));
#3381 = VECTOR('',#3382,1.);
#3382 = DIRECTION('',(1.,0.));
#3383 = ( GEOMETRIC_REPRESENTATION_CONTEXT(2) 
PARAMETRIC_REPRESENTATION_CONTEXT() REPRESENTATION_CONTEXT('2D SPACE',''
  ) );
#3384 = PCURVE('',#3228,#3385);
#3385 = DEFINITIONAL_REPRESENTATION('',(#3386),#3390);
#3386 = LINE('',#3387,#3388);
#3387 = CARTESIAN_POINT('',(4.32,7.482459488698));
#3388 = VECTOR('',#3389,1.);
#3389 = DIRECTION('',(-1.,1.02798428206E-16));
#3390 = ( GEOMETRIC_REPRESENTATION_CONTEXT(2) 
PARAMETRIC_REPRESENTATION_CONTEXT() REPRESENTATION_CONTEXT('2D SPACE',''
  ) );
#3391 = ADVANCED_FACE('',(#3392,#3469),#3228,.T.);
#3392 = FACE_BOUND('',#3393,.T.);
#3393 = EDGE_LOOP('',(#3394,#3395,#3396,#3419,#3447,#3468));
#3394 = ORIENTED_EDGE('',*,*,#3214,.T.);
#3395 = ORIENTED_EDGE('',*,*,#3371,.T.);
#3396 = ORIENTED_EDGE('',*,*,#3397,.T.);
#3397 = EDGE_CURVE('',#3344,#3398,#3400,.T.);
#3398 = VERTEX_POINT('',#3399);
#3399 = CARTESIAN_POINT('',(-8.64,1.058094834463E-15,0.));
#3400 = SURFACE_CURVE('',#3401,(#3405,#3412),.PCURVE_S1.);
#3401 = LINE('',#3402,#3403);
#3402 = CARTESIAN_POINT('',(-4.32,7.482459488698,0.));
#3403 = VECTOR('',#3404,1.);
#3404 = DIRECTION('',(-0.5,-0.866025403784,0.));
#3405 = PCURVE('',#3228,#3406);
#3406 = DEFINITIONAL_REPRESENTATION('',(#3407),#3411);
#3407 = LINE('',#3408,#3409);
#3408 = CARTESIAN_POINT('',(-4.32,7.482459488698));
#3409 = VECTOR('',#3410,1.);
#3410 = DIRECTION('',(-0.5,-0.866025403784));
#3411 = ( GEOMETRIC_REPRESENTATION_CONTEXT(2) 
PARAMETRIC_REPRESENTATION_CONTEXT() REPRESENTATION_CONTEXT('2D SPACE',''
  ) );
#3412 = PCURVE('',#3359,#3413);
#3413 = DEFINITIONAL_REPRESENTATION('',(#3414),#3418);
#3414 = LINE('',#3415,#3416);
#3415 = CARTESIAN_POINT('',(0.,0.));
#3416 = VECTOR('',#3417,1.);
#3417 = DIRECTION('',(1.,0.));
#3418 = ( GEOMETRIC_REPRESENTATION_CONTEXT(2) 
PARAMETRIC_REPRESENTATION_CONTEXT() REPRESENTATION_CONTEXT('2D SPACE',''
  ) );
#3419 = ORIENTED_EDGE('',*,*,#3420,.T.);
#3420 = EDGE_CURVE('',#3398,#3421,#3423,.T.);
#3421 = VERTEX_POINT('',#3422);
#3422 = CARTESIAN_POINT('',(-4.32,-7.482459488698,0.));
#3423 = SURFACE_CURVE('',#3424,(#3428,#3435),.PCURVE_S1.);
#3424 = LINE('',#3425,#3426);
#3425 = CARTESIAN_POINT('',(-8.64,1.058094834463E-15,0.));
#3426 = VECTOR('',#3427,1.);
#3427 = DIRECTION('',(0.5,-0.866025403784,0.));
#3428 = PCURVE('',#3228,#3429);
#3429 = DEFINITIONAL_REPRESENTATION('',(#3430),#3434);
#3430 = LINE('',#3431,#3432);
#3431 = CARTESIAN_POINT('',(-8.64,6.469011216392E-16));
#3432 = VECTOR('',#3433,1.);
#3433 = DIRECTION('',(0.5,-0.866025403784));
#3434 = ( GEOMETRIC_REPRESENTATION_CONTEXT(2) 
PARAMETRIC_REPRESENTATION_CONTEXT() REPRESENTATION_CONTEXT('2D SPACE',''
  ) );
#3435 = PCURVE('',#3436,#3441);
#3436 = PLANE('',#3437);
#3437 = AXIS2_PLACEMENT_3D('',#3438,#3439,#3440);
#3438 = CARTESIAN_POINT('',(-8.64,1.058094834463E-15,0.));
#3439 = DIRECTION('',(-0.866025403784,-0.5,0.));
#3440 = DIRECTION('',(0.5,-0.866025403784,0.));
#3441 = DEFINITIONAL_REPRESENTATION('',(#3442),#3446);
#3442 = LINE('',#3443,#3444);
#3443 = CARTESIAN_POINT('',(0.,0.));
#3444 = VECTOR('',#3445,1.);
#3445 = DIRECTION('',(1.,0.));
#3446 = ( GEOMETRIC_REPRESENTATION_CONTEXT(2) 
PARAMETRIC_REPRESENTATION_CONTEXT() REPRESENTATION_CONTEXT('2D SPACE',''
  ) );
#3447 = ORIENTED_EDGE('',*,*,#3448,.T.);
#3448 = EDGE_CURVE('',#3421,#3244,#3449,.T.);
#3449 = SURFACE_CURVE('',#3450,(#3454,#3461),.PCURVE_S1.);
#3450 = LINE('',#3451,#3452);
#3451 = CARTESIAN_POINT('',(-4.32,-7.482459488698,0.));
#3452 = VECTOR('',#3453,1.);
#3453 = DIRECTION('',(1.,-7.195889974422E-16,0.));
#3454 = PCURVE('',#3228,#3455);
#3455 = DEFINITIONAL_REPRESENTATION('',(#3456),#3460);
#3456 = LINE('',#3457,#3458);
#3457 = CARTESIAN_POINT('',(-4.32,-7.482459488698));
#3458 = VECTOR('',#3459,1.);
#3459 = DIRECTION('',(1.,-7.195889974422E-16));
#3460 = ( GEOMETRIC_REPRESENTATION_CONTEXT(2) 
PARAMETRIC_REPRESENTATION_CONTEXT() REPRESENTATION_CONTEXT('2D SPACE',''
  ) );
#3461 = PCURVE('',#3261,#3462);
#3462 = DEFINITIONAL_REPRESENTATION('',(#3463),#3467);
#3463 = LINE('',#3464,#3465);
#3464 = CARTESIAN_POINT('',(0.,0.));
#3465 = VECTOR('',#3466,1.);
#3466 = DIRECTION('',(1.,0.));
#3467 = ( GEOMETRIC_REPRESENTATION_CONTEXT(2) 
PARAMETRIC_REPRESENTATION_CONTEXT() REPRESENTATION_CONTEXT('2D SPACE',''
  ) );
#3468 = ORIENTED_EDGE('',*,*,#3295,.T.);
#3469 = FACE_BOUND('',#3470,.T.);
#3470 = EDGE_LOOP('',(#3471));
#3471 = ORIENTED_EDGE('',*,*,#3472,.T.);
#3472 = EDGE_CURVE('',#3473,#3473,#3475,.T.);
#3473 = VERTEX_POINT('',#3474);
#3474 = CARTESIAN_POINT('',(5.4,0.,0.));
#3475 = SURFACE_CURVE('',#3476,(#3481,#3492),.PCURVE_S1.);
#3476 = CIRCLE('',#3477,5.4);
#3477 = AXIS2_PLACEMENT_3D('',#3478,#3479,#3480);
#3478 = CARTESIAN_POINT('',(0.,0.,0.));
#3479 = DIRECTION('',(0.,0.,-1.));
#3480 = DIRECTION('',(1.,0.,0.));
#3481 = PCURVE('',#3228,#3482);
#3482 = DEFINITIONAL_REPRESENTATION('',(#3483),#3491);
#3483 = ( BOUNDED_CURVE() B_SPLINE_CURVE(2,(#3484,#3485,#3486,#3487,
#3488,#3489,#3490),.UNSPECIFIED.,.T.,.F.) B_SPLINE_CURVE_WITH_KNOTS((1,2
    ,2,2,2,1),(-2.094395102393,0.,2.094395102393,4.188790204786,
6.28318530718,8.377580409573),.UNSPECIFIED.) CURVE() 
GEOMETRIC_REPRESENTATION_ITEM() RATIONAL_B_SPLINE_CURVE((1.,0.5,1.,0.5,
1.,0.5,1.)) REPRESENTATION_ITEM('') );
#3484 = CARTESIAN_POINT('',(5.4,-4.111937128241E-16));
#3485 = CARTESIAN_POINT('',(5.4,-9.353074360872));
#3486 = CARTESIAN_POINT('',(-2.7,-4.676537180436));
#3487 = CARTESIAN_POINT('',(-10.8,-1.733812255903E-15));
#3488 = CARTESIAN_POINT('',(-2.7,4.676537180436));
#3489 = CARTESIAN_POINT('',(5.4,9.353074360872));
#3490 = CARTESIAN_POINT('',(5.4,-4.111937128241E-16));
#3491 = ( GEOMETRIC_REPRESENTATION_CONTEXT(2) 
PARAMETRIC_REPRESENTATION_CONTEXT() REPRESENTATION_CONTEXT('2D SPACE',''
  ) );
#3492 = PCURVE('',#3493,#3498);
#3493 = CYLINDRICAL_SURFACE('',#3494,5.4);
#3494 = AXIS2_PLACEMENT_3D('',#3495,#3496,#3497);
#3495 = CARTESIAN_POINT('',(0.,0.,-17.2800002));
#3496 = DIRECTION('',(-0.,-0.,-1.));
#3497 = DIRECTION('',(1.,0.,0.));
#3498 = DEFINITIONAL_REPRESENTATION('',(#3499),#3503);
#3499 = LINE('',#3500,#3501);
#3500 = CARTESIAN_POINT('',(-6.28318530718,-17.2800002));
#3501 = VECTOR('',#3502,1.);
#3502 = DIRECTION('',(1.,-0.));
#3503 = ( GEOMETRIC_REPRESENTATION_CONTEXT(2) 
PARAMETRIC_REPRESENTATION_CONTEXT() REPRESENTATION_CONTEXT('2D SPACE',''
  ) );
#3504 = ADVANCED_FACE('',(#3505,#3577),#3174,.F.);
#3505 = FACE_BOUND('',#3506,.F.);
#3506 = EDGE_LOOP('',(#3507,#3508,#3509,#3532,#3555,#3576));
#3507 = ORIENTED_EDGE('',*,*,#3158,.T.);
#3508 = ORIENTED_EDGE('',*,*,#3320,.T.);
#3509 = ORIENTED_EDGE('',*,*,#3510,.T.);
#3510 = EDGE_CURVE('',#3321,#3511,#3513,.T.);
#3511 = VERTEX_POINT('',#3512);
#3512 = CARTESIAN_POINT('',(-8.64,1.058094834463E-15,-8.64));
#3513 = SURFACE_CURVE('',#3514,(#3518,#3525),.PCURVE_S1.);
#3514 = LINE('',#3515,#3516);
#3515 = CARTESIAN_POINT('',(-4.32,7.482459488698,-8.64));
#3516 = VECTOR('',#3517,1.);
#3517 = DIRECTION('',(-0.5,-0.866025403784,0.));
#3518 = PCURVE('',#3174,#3519);
#3519 = DEFINITIONAL_REPRESENTATION('',(#3520),#3524);
#3520 = LINE('',#3521,#3522);
#3521 = CARTESIAN_POINT('',(-4.32,7.482459488698));
#3522 = VECTOR('',#3523,1.);
#3523 = DIRECTION('',(-0.5,-0.866025403784));
#3524 = ( GEOMETRIC_REPRESENTATION_CONTEXT(2) 
PARAMETRIC_REPRESENTATION_CONTEXT() REPRESENTATION_CONTEXT('2D SPACE',''
  ) );
#3525 = PCURVE('',#3359,#3526);
#3526 = DEFINITIONAL_REPRESENTATION('',(#3527),#3531);
#3527 = LINE('',#3528,#3529);
#3528 = CARTESIAN_POINT('',(-0.,-8.64));
#3529 = VECTOR('',#3530,1.);
#3530 = DIRECTION('',(1.,0.));
#3531 = ( GEOMETRIC_REPRESENTATION_CONTEXT(2) 
PARAMETRIC_REPRESENTATION_CONTEXT() REPRESENTATION_CONTEXT('2D SPACE',''
  ) );
#3532 = ORIENTED_EDGE('',*,*,#3533,.T.);
#3533 = EDGE_CURVE('',#3511,#3534,#3536,.T.);
#3534 = VERTEX_POINT('',#3535);
#3535 = CARTESIAN_POINT('',(-4.32,-7.482459488698,-8.64));
#3536 = SURFACE_CURVE('',#3537,(#3541,#3548),.PCURVE_S1.);
#3537 = LINE('',#3538,#3539);
#3538 = CARTESIAN_POINT('',(-8.64,1.058094834463E-15,-8.64));
#3539 = VECTOR('',#3540,1.);
#3540 = DIRECTION('',(0.5,-0.866025403784,0.));
#3541 = PCURVE('',#3174,#3542);
#3542 = DEFINITIONAL_REPRESENTATION('',(#3543),#3547);
#3543 = LINE('',#3544,#3545);
#3544 = CARTESIAN_POINT('',(-8.64,6.469011216392E-16));
#3545 = VECTOR('',#3546,1.);
#3546 = DIRECTION('',(0.5,-0.866025403784));
#3547 = ( GEOMETRIC_REPRESENTATION_CONTEXT(2) 
PARAMETRIC_REPRESENTATION_CONTEXT() REPRESENTATION_CONTEXT('2D SPACE',''
  ) );
#3548 = PCURVE('',#3436,#3549);
#3549 = DEFINITIONAL_REPRESENTATION('',(#3550),#3554);
#3550 = LINE('',#3551,#3552);
#3551 = CARTESIAN_POINT('',(0.,-8.64));
#3552 = VECTOR('',#3553,1.);
#3553 = DIRECTION('',(1.,0.));
#3554 = ( GEOMETRIC_REPRESENTATION_CONTEXT(2) 
PARAMETRIC_REPRESENTATION_CONTEXT() REPRESENTATION_CONTEXT('2D SPACE',''
  ) );
#3555 = ORIENTED_EDGE('',*,*,#3556,.T.);
#3556 = EDGE_CURVE('',#3534,#3246,#3557,.T.);
#3557 = SURFACE_CURVE('',#3558,(#3562,#3569),.PCURVE_S1.);
#3558 = LINE('',#3559,#3560);
#3559 = CARTESIAN_POINT('',(-4.32,-7.482459488698,-8.64));
#3560 = VECTOR('',#3561,1.);
#3561 = DIRECTION('',(1.,-7.195889974422E-16,0.));
#3562 = PCURVE('',#3174,#3563);
#3563 = DEFINITIONAL_REPRESENTATION('',(#3564),#3568);
#3564 = LINE('',#3565,#3566);
#3565 = CARTESIAN_POINT('',(-4.32,-7.482459488698));
#3566 = VECTOR('',#3567,1.);
#3567 = DIRECTION('',(1.,-7.195889974422E-16));
#3568 = ( GEOMETRIC_REPRESENTATION_CONTEXT(2) 
PARAMETRIC_REPRESENTATION_CONTEXT() REPRESENTATION_CONTEXT('2D SPACE',''
  ) );
#3569 = PCURVE('',#3261,#3570);
#3570 = DEFINITIONAL_REPRESENTATION('',(#3571),#3575);
#3571 = LINE('',#3572,#3573);
#3572 = CARTESIAN_POINT('',(0.,-8.64));
#3573 = VECTOR('',#3574,1.);
#3574 = DIRECTION('',(1.,0.));
#3575 = ( GEOMETRIC_REPRESENTATION_CONTEXT(2) 
PARAMETRIC_REPRESENTATION_CONTEXT() REPRESENTATION_CONTEXT('2D SPACE',''
  ) );
#3576 = ORIENTED_EDGE('',*,*,#3273,.T.);
#3577 = FACE_BOUND('',#3578,.F.);
#3578 = EDGE_LOOP('',(#3579));
#3579 = ORIENTED_EDGE('',*,*,#3580,.F.);
#3580 = EDGE_CURVE('',#3581,#3581,#3583,.T.);
#3581 = VERTEX_POINT('',#3582);
#3582 = CARTESIAN_POINT('',(5.4,0.,-8.64));
#3583 = SURFACE_CURVE('',#3584,(#3589,#3596),.PCURVE_S1.);
#3584 = CIRCLE('',#3585,5.4);
#3585 = AXIS2_PLACEMENT_3D('',#3586,#3587,#3588);
#3586 = CARTESIAN_POINT('',(2.815412774984E-16,0.,-8.64));
#3587 = DIRECTION('',(0.,0.,1.));
#3588 = DIRECTION('',(1.,0.,0.));
#3589 = PCURVE('',#3174,#3590);
#3590 = DEFINITIONAL_REPRESENTATION('',(#3591),#3595);
#3591 = CIRCLE('',#3592,5.4);
#3592 = AXIS2_PLACEMENT_2D('',#3593,#3594);
#3593 = CARTESIAN_POINT('',(2.815412774984E-16,-4.111937128241E-16));
#3594 = DIRECTION('',(1.,0.));
#3595 = ( GEOMETRIC_REPRESENTATION_CONTEXT(2) 
PARAMETRIC_REPRESENTATION_CONTEXT() REPRESENTATION_CONTEXT('2D SPACE',''
  ) );
#3596 = PCURVE('',#3493,#3597);
#3597 = DEFINITIONAL_REPRESENTATION('',(#3598),#3602);
#3598 = LINE('',#3599,#3600);
#3599 = CARTESIAN_POINT('',(-6.28318530718,-8.6400002));
#3600 = VECTOR('',#3601,1.);
#3601 = DIRECTION('',(-1.,-0.));
#3602 = ( GEOMETRIC_REPRESENTATION_CONTEXT(2) 
PARAMETRIC_REPRESENTATION_CONTEXT() REPRESENTATION_CONTEXT('2D SPACE',''
  ) );
#3603 = ADVANCED_FACE('',(#3604),#3261,.T.);
#3604 = FACE_BOUND('',#3605,.T.);
#3605 = EDGE_LOOP('',(#3606,#3627,#3628,#3629));
#3606 = ORIENTED_EDGE('',*,*,#3607,.T.);
#3607 = EDGE_CURVE('',#3421,#3534,#3608,.T.);
#3608 = SURFACE_CURVE('',#3609,(#3613,#3620),.PCURVE_S1.);
#3609 = LINE('',#3610,#3611);
#3610 = CARTESIAN_POINT('',(-4.32,-7.482459488698,0.));
#3611 = VECTOR('',#3612,1.);
#3612 = DIRECTION('',(-0.,-0.,-1.));
#3613 = PCURVE('',#3261,#3614);
#3614 = DEFINITIONAL_REPRESENTATION('',(#3615),#3619);
#3615 = LINE('',#3616,#3617);
#3616 = CARTESIAN_POINT('',(0.,0.));
#3617 = VECTOR('',#3618,1.);
#3618 = DIRECTION('',(0.,-1.));
#3619 = ( GEOMETRIC_REPRESENTATION_CONTEXT(2) 
PARAMETRIC_REPRESENTATION_CONTEXT() REPRESENTATION_CONTEXT('2D SPACE',''
  ) );
#3620 = PCURVE('',#3436,#3621);
#3621 = DEFINITIONAL_REPRESENTATION('',(#3622),#3626);
#3622 = LINE('',#3623,#3624);
#3623 = CARTESIAN_POINT('',(8.64,0.));
#3624 = VECTOR('',#3625,1.);
#3625 = DIRECTION('',(0.,-1.));
#3626 = ( GEOMETRIC_REPRESENTATION_CONTEXT(2) 
PARAMETRIC_REPRESENTATION_CONTEXT() REPRESENTATION_CONTEXT('2D SPACE',''
  ) );
#3627 = ORIENTED_EDGE('',*,*,#3556,.T.);
#3628 = ORIENTED_EDGE('',*,*,#3243,.F.);
#3629 = ORIENTED_EDGE('',*,*,#3448,.F.);
#3630 = ADVANCED_FACE('',(#3631),#3359,.T.);
#3631 = FACE_BOUND('',#3632,.T.);
#3632 = EDGE_LOOP('',(#3633,#3634,#3635,#3656));
#3633 = ORIENTED_EDGE('',*,*,#3343,.T.);
#3634 = ORIENTED_EDGE('',*,*,#3510,.T.);
#3635 = ORIENTED_EDGE('',*,*,#3636,.F.);
#3636 = EDGE_CURVE('',#3398,#3511,#3637,.T.);
#3637 = SURFACE_CURVE('',#3638,(#3642,#3649),.PCURVE_S1.);
#3638 = LINE('',#3639,#3640);
#3639 = CARTESIAN_POINT('',(-8.64,1.058094834463E-15,0.));
#3640 = VECTOR('',#3641,1.);
#3641 = DIRECTION('',(-0.,-0.,-1.));
#3642 = PCURVE('',#3359,#3643);
#3643 = DEFINITIONAL_REPRESENTATION('',(#3644),#3648);
#3644 = LINE('',#3645,#3646);
#3645 = CARTESIAN_POINT('',(8.64,0.));
#3646 = VECTOR('',#3647,1.);
#3647 = DIRECTION('',(0.,-1.));
#3648 = ( GEOMETRIC_REPRESENTATION_CONTEXT(2) 
PARAMETRIC_REPRESENTATION_CONTEXT() REPRESENTATION_CONTEXT('2D SPACE',''
  ) );
#3649 = PCURVE('',#3436,#3650);
#3650 = DEFINITIONAL_REPRESENTATION('',(#3651),#3655);
#3651 = LINE('',#3652,#3653);
#3652 = CARTESIAN_POINT('',(0.,0.));
#3653 = VECTOR('',#3654,1.);
#3654 = DIRECTION('',(0.,-1.));
#3655 = ( GEOMETRIC_REPRESENTATION_CONTEXT(2) 
PARAMETRIC_REPRESENTATION_CONTEXT() REPRESENTATION_CONTEXT('2D SPACE',''
  ) );
#3656 = ORIENTED_EDGE('',*,*,#3397,.F.);
#3657 = ADVANCED_FACE('',(#3658),#3436,.T.);
#3658 = FACE_BOUND('',#3659,.T.);
#3659 = EDGE_LOOP('',(#3660,#3661,#3662,#3663));
#3660 = ORIENTED_EDGE('',*,*,#3636,.T.);
#3661 = ORIENTED_EDGE('',*,*,#3533,.T.);
#3662 = ORIENTED_EDGE('',*,*,#3607,.F.);
#3663 = ORIENTED_EDGE('',*,*,#3420,.F.);
#3664 = ADVANCED_FACE('',(#3665),#3493,.F.);
#3665 = FACE_BOUND('',#3666,.T.);
#3666 = EDGE_LOOP('',(#3667,#3668,#3689,#3690));
#3667 = ORIENTED_EDGE('',*,*,#3580,.F.);
#3668 = ORIENTED_EDGE('',*,*,#3669,.T.);
#3669 = EDGE_CURVE('',#3581,#3473,#3670,.T.);
#3670 = SEAM_CURVE('',#3671,(#3675,#3682),.PCURVE_S1.);
#3671 = LINE('',#3672,#3673);
#3672 = CARTESIAN_POINT('',(5.4,0.,-17.2800002));
#3673 = VECTOR('',#3674,1.);
#3674 = DIRECTION('',(0.,0.,1.));
#3675 = PCURVE('',#3493,#3676);
#3676 = DEFINITIONAL_REPRESENTATION('',(#3677),#3681);
#3677 = LINE('',#3678,#3679);
#3678 = CARTESIAN_POINT('',(-0.,0.));
#3679 = VECTOR('',#3680,1.);
#3680 = DIRECTION('',(-0.,-1.));
#3681 = ( GEOMETRIC_REPRESENTATION_CONTEXT(2) 
PARAMETRIC_REPRESENTATION_CONTEXT() REPRESENTATION_CONTEXT('2D SPACE',''
  ) );
#3682 = PCURVE('',#3493,#3683);
#3683 = DEFINITIONAL_REPRESENTATION('',(#3684),#3688);
#3684 = LINE('',#3685,#3686);
#3685 = CARTESIAN_POINT('',(-6.28318530718,0.));
#3686 = VECTOR('',#3687,1.);
#3687 = DIRECTION('',(-0.,-1.));
#3688 = ( GEOMETRIC_REPRESENTATION_CONTEXT(2) 
PARAMETRIC_REPRESENTATION_CONTEXT() REPRESENTATION_CONTEXT('2D SPACE',''
  ) );
#3689 = ORIENTED_EDGE('',*,*,#3472,.F.);
#3690 = ORIENTED_EDGE('',*,*,#3669,.F.);
#3691 = ( GEOMETRIC_REPRESENTATION_CONTEXT(3) 
GLOBAL_UNCERTAINTY_ASSIGNED_CONTEXT((#3695)) 
GLOBAL_UNIT_ASSIGNED_CONTEXT((#3692,#3693,#3694)) REPRESENTATION_CONTEXT
('Context #1','3D Context with UNIT and UNCERTAINTY') );
#3692 = ( LENGTH_UNIT() NAMED_UNIT(*) SI_UNIT(.MILLI.,.METRE.) );
#3693 = ( NAMED_UNIT(*) PLANE_ANGLE_UNIT() SI_UNIT($,.RADIAN.) );
#3694 = ( NAMED_UNIT(*) SI_UNIT($,.STERADIAN.) SOLID_ANGLE_UNIT() );
#3695 = UNCERTAINTY_MEASURE_WITH_UNIT(LENGTH_MEASURE(1.E-07),#3692,
  'distance_accuracy_value','confusion accuracy');
#3696 = SHAPE_DEFINITION_REPRESENTATION(#3697,#3116);
#3697 = PRODUCT_DEFINITION_SHAPE('','',#3698);
#3698 = PRODUCT_DEFINITION('design','',#3699,#3702);
#3699 = PRODUCT_DEFINITION_FORMATION('','',#3700);
#3700 = PRODUCT('auto_nut_0_part','auto_nut_0_part','',(#3701));
#3701 = PRODUCT_CONTEXT('',#2,'mechanical');
#3702 = PRODUCT_DEFINITION_CONTEXT('part definition',#2,'design');
#3703 = CONTEXT_DEPENDENT_SHAPE_REPRESENTATION(#3704,#3706);
#3704 = ( REPRESENTATION_RELATIONSHIP('','',#3116,#3106) 
REPRESENTATION_RELATIONSHIP_WITH_TRANSFORMATION(#3705) 
SHAPE_REPRESENTATION_RELATIONSHIP() );
#3705 = ITEM_DEFINED_TRANSFORMATION('','',#11,#3107);
#3706 = PRODUCT_DEFINITION_SHAPE('Placement','Placement of an item',
  #3707);
#3707 = NEXT_ASSEMBLY_USAGE_OCCURRENCE('8','','',#3101,#3698,$);
#3708 = PRODUCT_RELATED_PRODUCT_CATEGORY('part',$,(#3700));
#3709 = CONTEXT_DEPENDENT_SHAPE_REPRESENTATION(#3710,#3712);
#3710 = ( REPRESENTATION_RELATIONSHIP('','',#3106,#32) 
REPRESENTATION_RELATIONSHIP_WITH_TRANSFORMATION(#3711) 
SHAPE_REPRESENTATION_RELATIONSHIP() );
#3711 = ITEM_DEFINED_TRANSFORMATION('','',#11,#49);
#3712 = PRODUCT_DEFINITION_SHAPE('Placement','Placement of an item',
  #3713);
#3713 = NEXT_ASSEMBLY_USAGE_OCCURRENCE('9','','',#27,#3101,$);
#3714 = PRODUCT_RELATED_PRODUCT_CATEGORY('part',$,(#3103));
#3715 = SHAPE_DEFINITION_REPRESENTATION(#3716,#3722);
#3716 = PRODUCT_DEFINITION_SHAPE('','',#3717);
#3717 = PRODUCT_DEFINITION('design','',#3718,#3721);
#3718 = PRODUCT_DEFINITION_FORMATION('','',#3719);
#3719 = PRODUCT('auto_bolt_1','auto_bolt_1','',(#3720));
#3720 = PRODUCT_CONTEXT('',#2,'mechanical');
#3721 = PRODUCT_DEFINITION_CONTEXT('part definition',#2,'design');
#3722 = SHAPE_REPRESENTATION('',(#11,#3723),#3727);
#3723 = AXIS2_PLACEMENT_3D('',#3724,#3725,#3726);
#3724 = CARTESIAN_POINT('',(0.,0.,0.));
#3725 = DIRECTION('',(0.,0.,1.));
#3726 = DIRECTION('',(1.,0.,-0.));
#3727 = ( GEOMETRIC_REPRESENTATION_CONTEXT(3) 
GLOBAL_UNCERTAINTY_ASSIGNED_CONTEXT((#3731)) 
GLOBAL_UNIT_ASSIGNED_CONTEXT((#3728,#3729,#3730)) REPRESENTATION_CONTEXT
('Context #1','3D Context with UNIT and UNCERTAINTY') );
#3728 = ( LENGTH_UNIT() NAMED_UNIT(*) SI_UNIT(.MILLI.,.METRE.) );
#3729 = ( NAMED_UNIT(*) PLANE_ANGLE_UNIT() SI_UNIT($,.RADIAN.) );
#3730 = ( NAMED_UNIT(*) SI_UNIT($,.STERADIAN.) SOLID_ANGLE_UNIT() );
#3731 = UNCERTAINTY_MEASURE_WITH_UNIT(LENGTH_MEASURE(1.E-07),#3728,
  'distance_accuracy_value','confusion accuracy');
#3732 = ADVANCED_BREP_SHAPE_REPRESENTATION('',(#11,#3733),#4309);
#3733 = MANIFOLD_SOLID_BREP('',#3734);
#3734 = CLOSED_SHELL('',(#3735,#3855,#3931,#4007,#4116,#4189,#4216,#4243
    ,#4250,#4305));
#3735 = ADVANCED_FACE('',(#3736),#3750,.T.);
#3736 = FACE_BOUND('',#3737,.T.);
#3737 = EDGE_LOOP('',(#3738,#3773,#3801,#3829));
#3738 = ORIENTED_EDGE('',*,*,#3739,.T.);
#3739 = EDGE_CURVE('',#3740,#3742,#3744,.T.);
#3740 = VERTEX_POINT('',#3741);
#3741 = CARTESIAN_POINT('',(9.72,0.,0.));
#3742 = VERTEX_POINT('',#3743);
#3743 = CARTESIAN_POINT('',(9.72,0.,-6.48));
#3744 = SURFACE_CURVE('',#3745,(#3749,#3761),.PCURVE_S1.);
#3745 = LINE('',#3746,#3747);
#3746 = CARTESIAN_POINT('',(9.72,0.,0.));
#3747 = VECTOR('',#3748,1.);
#3748 = DIRECTION('',(-0.,-0.,-1.));
#3749 = PCURVE('',#3750,#3755);
#3750 = PLANE('',#3751);
#3751 = AXIS2_PLACEMENT_3D('',#3752,#3753,#3754);
#3752 = CARTESIAN_POINT('',(9.72,0.,0.));
#3753 = DIRECTION('',(0.866025403784,0.5,-0.));
#3754 = DIRECTION('',(-0.5,0.866025403784,0.));
#3755 = DEFINITIONAL_REPRESENTATION('',(#3756),#3760);
#3756 = LINE('',#3757,#3758);
#3757 = CARTESIAN_POINT('',(0.,0.));
#3758 = VECTOR('',#3759,1.);
#3759 = DIRECTION('',(0.,-1.));
#3760 = ( GEOMETRIC_REPRESENTATION_CONTEXT(2) 
PARAMETRIC_REPRESENTATION_CONTEXT() REPRESENTATION_CONTEXT('2D SPACE',''
  ) );
#3761 = PCURVE('',#3762,#3767);
#3762 = PLANE('',#3763);
#3763 = AXIS2_PLACEMENT_3D('',#3764,#3765,#3766);
#3764 = CARTESIAN_POINT('',(4.86,-8.417766924785,0.));
#3765 = DIRECTION('',(0.866025403784,-0.5,0.));
#3766 = DIRECTION('',(0.5,0.866025403784,0.));
#3767 = DEFINITIONAL_REPRESENTATION('',(#3768),#3772);
#3768 = LINE('',#3769,#3770);
#3769 = CARTESIAN_POINT('',(9.72,0.));
#3770 = VECTOR('',#3771,1.);
#3771 = DIRECTION('',(0.,-1.));
#3772 = ( GEOMETRIC_REPRESENTATION_CONTEXT(2) 
PARAMETRIC_REPRESENTATION_CONTEXT() REPRESENTATION_CONTEXT('2D SPACE',''
  ) );
#3773 = ORIENTED_EDGE('',*,*,#3774,.T.);
#3774 = EDGE_CURVE('',#3742,#3775,#3777,.T.);
#3775 = VERTEX_POINT('',#3776);
#3776 = CARTESIAN_POINT('',(4.86,8.417766924785,-6.48));
#3777 = SURFACE_CURVE('',#3778,(#3782,#3789),.PCURVE_S1.);
#3778 = LINE('',#3779,#3780);
#3779 = CARTESIAN_POINT('',(9.72,0.,-6.48));
#3780 = VECTOR('',#3781,1.);
#3781 = DIRECTION('',(-0.5,0.866025403784,0.));
#3782 = PCURVE('',#3750,#3783);
#3783 = DEFINITIONAL_REPRESENTATION('',(#3784),#3788);
#3784 = LINE('',#3785,#3786);
#3785 = CARTESIAN_POINT('',(0.,-6.48));
#3786 = VECTOR('',#3787,1.);
#3787 = DIRECTION('',(1.,0.));
#3788 = ( GEOMETRIC_REPRESENTATION_CONTEXT(2) 
PARAMETRIC_REPRESENTATION_CONTEXT() REPRESENTATION_CONTEXT('2D SPACE',''
  ) );
#3789 = PCURVE('',#3790,#3795);
#3790 = PLANE('',#3791);
#3791 = AXIS2_PLACEMENT_3D('',#3792,#3793,#3794);
#3792 = CARTESIAN_POINT('',(-1.218351741701E-16,-6.091758708506E-16,
    -6.48));
#3793 = DIRECTION('',(0.,0.,1.));
#3794 = DIRECTION('',(1.,0.,-0.));
#3795 = DEFINITIONAL_REPRESENTATION('',(#3796),#3800);
#3796 = LINE('',#3797,#3798);
#3797 = CARTESIAN_POINT('',(9.72,6.091758708506E-16));
#3798 = VECTOR('',#3799,1.);
#3799 = DIRECTION('',(-0.5,0.866025403784));
#3800 = ( GEOMETRIC_REPRESENTATION_CONTEXT(2) 
PARAMETRIC_REPRESENTATION_CONTEXT() REPRESENTATION_CONTEXT('2D SPACE',''
  ) );
#3801 = ORIENTED_EDGE('',*,*,#3802,.F.);
#3802 = EDGE_CURVE('',#3803,#3775,#3805,.T.);
#3803 = VERTEX_POINT('',#3804);
#3804 = CARTESIAN_POINT('',(4.86,8.417766924785,0.));
#3805 = SURFACE_CURVE('',#3806,(#3810,#3817),.PCURVE_S1.);
#3806 = LINE('',#3807,#3808);
#3807 = CARTESIAN_POINT('',(4.86,8.417766924785,0.));
#3808 = VECTOR('',#3809,1.);
#3809 = DIRECTION('',(-0.,-0.,-1.));
#3810 = PCURVE('',#3750,#3811);
#3811 = DEFINITIONAL_REPRESENTATION('',(#3812),#3816);
#3812 = LINE('',#3813,#3814);
#3813 = CARTESIAN_POINT('',(9.72,0.));
#3814 = VECTOR('',#3815,1.);
#3815 = DIRECTION('',(0.,-1.));
#3816 = ( GEOMETRIC_REPRESENTATION_CONTEXT(2) 
PARAMETRIC_REPRESENTATION_CONTEXT() REPRESENTATION_CONTEXT('2D SPACE',''
  ) );
#3817 = PCURVE('',#3818,#3823);
#3818 = PLANE('',#3819);
#3819 = AXIS2_PLACEMENT_3D('',#3820,#3821,#3822);
#3820 = CARTESIAN_POINT('',(4.86,8.417766924785,0.));
#3821 = DIRECTION('',(1.827527612552E-16,1.,-0.));
#3822 = DIRECTION('',(-1.,1.827527612552E-16,0.));
#3823 = DEFINITIONAL_REPRESENTATION('',(#3824),#3828);
#3824 = LINE('',#3825,#3826);
#3825 = CARTESIAN_POINT('',(0.,0.));
#3826 = VECTOR('',#3827,1.);
#3827 = DIRECTION('',(0.,-1.));
#3828 = ( GEOMETRIC_REPRESENTATION_CONTEXT(2) 
PARAMETRIC_REPRESENTATION_CONTEXT() REPRESENTATION_CONTEXT('2D SPACE',''
  ) );
#3829 = ORIENTED_EDGE('',*,*,#3830,.F.);
#3830 = EDGE_CURVE('',#3740,#3803,#3831,.T.);
#3831 = SURFACE_CURVE('',#3832,(#3836,#3843),.PCURVE_S1.);
#3832 = LINE('',#3833,#3834);
#3833 = CARTESIAN_POINT('',(9.72,0.,0.));
#3834 = VECTOR('',#3835,1.);
#3835 = DIRECTION('',(-0.5,0.866025403784,0.));
#3836 = PCURVE('',#3750,#3837);
#3837 = DEFINITIONAL_REPRESENTATION('',(#3838),#3842);
#3838 = LINE('',#3839,#3840);
#3839 = CARTESIAN_POINT('',(0.,0.));
#3840 = VECTOR('',#3841,1.);
#3841 = DIRECTION('',(1.,0.));
#3842 = ( GEOMETRIC_REPRESENTATION_CONTEXT(2) 
PARAMETRIC_REPRESENTATION_CONTEXT() REPRESENTATION_CONTEXT('2D SPACE',''
  ) );
#3843 = PCURVE('',#3844,#3849);
#3844 = PLANE('',#3845);
#3845 = AXIS2_PLACEMENT_3D('',#3846,#3847,#3848);
#3846 = CARTESIAN_POINT('',(-1.218351741701E-16,-6.091758708506E-16,0.)
  );
#3847 = DIRECTION('',(0.,0.,1.));
#3848 = DIRECTION('',(1.,0.,-0.));
#3849 = DEFINITIONAL_REPRESENTATION('',(#3850),#3854);
#3850 = LINE('',#3851,#3852);
#3851 = CARTESIAN_POINT('',(9.72,6.091758708506E-16));
#3852 = VECTOR('',#3853,1.);
#3853 = DIRECTION('',(-0.5,0.866025403784));
#3854 = ( GEOMETRIC_REPRESENTATION_CONTEXT(2) 
PARAMETRIC_REPRESENTATION_CONTEXT() REPRESENTATION_CONTEXT('2D SPACE',''
  ) );
#3855 = ADVANCED_FACE('',(#3856),#3762,.T.);
#3856 = FACE_BOUND('',#3857,.T.);
#3857 = EDGE_LOOP('',(#3858,#3888,#3909,#3910));
#3858 = ORIENTED_EDGE('',*,*,#3859,.T.);
#3859 = EDGE_CURVE('',#3860,#3862,#3864,.T.);
#3860 = VERTEX_POINT('',#3861);
#3861 = CARTESIAN_POINT('',(4.86,-8.417766924785,0.));
#3862 = VERTEX_POINT('',#3863);
#3863 = CARTESIAN_POINT('',(4.86,-8.417766924785,-6.48));
#3864 = SURFACE_CURVE('',#3865,(#3869,#3876),.PCURVE_S1.);
#3865 = LINE('',#3866,#3867);
#3866 = CARTESIAN_POINT('',(4.86,-8.417766924785,0.));
#3867 = VECTOR('',#3868,1.);
#3868 = DIRECTION('',(-0.,-0.,-1.));
#3869 = PCURVE('',#3762,#3870);
#3870 = DEFINITIONAL_REPRESENTATION('',(#3871),#3875);
#3871 = LINE('',#3872,#3873);
#3872 = CARTESIAN_POINT('',(0.,0.));
#3873 = VECTOR('',#3874,1.);
#3874 = DIRECTION('',(0.,-1.));
#3875 = ( GEOMETRIC_REPRESENTATION_CONTEXT(2) 
PARAMETRIC_REPRESENTATION_CONTEXT() REPRESENTATION_CONTEXT('2D SPACE',''
  ) );
#3876 = PCURVE('',#3877,#3882);
#3877 = PLANE('',#3878);
#3878 = AXIS2_PLACEMENT_3D('',#3879,#3880,#3881);
#3879 = CARTESIAN_POINT('',(-4.86,-8.417766924785,0.));
#3880 = DIRECTION('',(-7.310110450207E-16,-1.,0.));
#3881 = DIRECTION('',(1.,-7.310110450207E-16,0.));
#3882 = DEFINITIONAL_REPRESENTATION('',(#3883),#3887);
#3883 = LINE('',#3884,#3885);
#3884 = CARTESIAN_POINT('',(9.72,0.));
#3885 = VECTOR('',#3886,1.);
#3886 = DIRECTION('',(0.,-1.));
#3887 = ( GEOMETRIC_REPRESENTATION_CONTEXT(2) 
PARAMETRIC_REPRESENTATION_CONTEXT() REPRESENTATION_CONTEXT('2D SPACE',''
  ) );
#3888 = ORIENTED_EDGE('',*,*,#3889,.T.);
#3889 = EDGE_CURVE('',#3862,#3742,#3890,.T.);
#3890 = SURFACE_CURVE('',#3891,(#3895,#3902),.PCURVE_S1.);
#3891 = LINE('',#3892,#3893);
#3892 = CARTESIAN_POINT('',(4.86,-8.417766924785,-6.48));
#3893 = VECTOR('',#3894,1.);
#3894 = DIRECTION('',(0.5,0.866025403784,0.));
#3895 = PCURVE('',#3762,#3896);
#3896 = DEFINITIONAL_REPRESENTATION('',(#3897),#3901);
#3897 = LINE('',#3898,#3899);
#3898 = CARTESIAN_POINT('',(0.,-6.48));
#3899 = VECTOR('',#3900,1.);
#3900 = DIRECTION('',(1.,0.));
#3901 = ( GEOMETRIC_REPRESENTATION_CONTEXT(2) 
PARAMETRIC_REPRESENTATION_CONTEXT() REPRESENTATION_CONTEXT('2D SPACE',''
  ) );
#3902 = PCURVE('',#3790,#3903);
#3903 = DEFINITIONAL_REPRESENTATION('',(#3904),#3908);
#3904 = LINE('',#3905,#3906);
#3905 = CARTESIAN_POINT('',(4.86,-8.417766924785));
#3906 = VECTOR('',#3907,1.);
#3907 = DIRECTION('',(0.5,0.866025403784));
#3908 = ( GEOMETRIC_REPRESENTATION_CONTEXT(2) 
PARAMETRIC_REPRESENTATION_CONTEXT() REPRESENTATION_CONTEXT('2D SPACE',''
  ) );
#3909 = ORIENTED_EDGE('',*,*,#3739,.F.);
#3910 = ORIENTED_EDGE('',*,*,#3911,.F.);
#3911 = EDGE_CURVE('',#3860,#3740,#3912,.T.);
#3912 = SURFACE_CURVE('',#3913,(#3917,#3924),.PCURVE_S1.);
#3913 = LINE('',#3914,#3915);
#3914 = CARTESIAN_POINT('',(4.86,-8.417766924785,0.));
#3915 = VECTOR('',#3916,1.);
#3916 = DIRECTION('',(0.5,0.866025403784,0.));
#3917 = PCURVE('',#3762,#3918);
#3918 = DEFINITIONAL_REPRESENTATION('',(#3919),#3923);
#3919 = LINE('',#3920,#3921);
#3920 = CARTESIAN_POINT('',(0.,0.));
#3921 = VECTOR('',#3922,1.);
#3922 = DIRECTION('',(1.,0.));
#3923 = ( GEOMETRIC_REPRESENTATION_CONTEXT(2) 
PARAMETRIC_REPRESENTATION_CONTEXT() REPRESENTATION_CONTEXT('2D SPACE',''
  ) );
#3924 = PCURVE('',#3844,#3925);
#3925 = DEFINITIONAL_REPRESENTATION('',(#3926),#3930);
#3926 = LINE('',#3927,#3928);
#3927 = CARTESIAN_POINT('',(4.86,-8.417766924785));
#3928 = VECTOR('',#3929,1.);
#3929 = DIRECTION('',(0.5,0.866025403784));
#3930 = ( GEOMETRIC_REPRESENTATION_CONTEXT(2) 
PARAMETRIC_REPRESENTATION_CONTEXT() REPRESENTATION_CONTEXT('2D SPACE',''
  ) );
#3931 = ADVANCED_FACE('',(#3932),#3818,.T.);
#3932 = FACE_BOUND('',#3933,.T.);
#3933 = EDGE_LOOP('',(#3934,#3935,#3958,#3986));
#3934 = ORIENTED_EDGE('',*,*,#3802,.T.);
#3935 = ORIENTED_EDGE('',*,*,#3936,.T.);
#3936 = EDGE_CURVE('',#3775,#3937,#3939,.T.);
#3937 = VERTEX_POINT('',#3938);
#3938 = CARTESIAN_POINT('',(-4.86,8.417766924785,-6.48));
#3939 = SURFACE_CURVE('',#3940,(#3944,#3951),.PCURVE_S1.);
#3940 = LINE('',#3941,#3942);
#3941 = CARTESIAN_POINT('',(4.86,8.417766924785,-6.48));
#3942 = VECTOR('',#3943,1.);
#3943 = DIRECTION('',(-1.,1.827527612552E-16,0.));
#3944 = PCURVE('',#3818,#3945);
#3945 = DEFINITIONAL_REPRESENTATION('',(#3946),#3950);
#3946 = LINE('',#3947,#3948);
#3947 = CARTESIAN_POINT('',(0.,-6.48));
#3948 = VECTOR('',#3949,1.);
#3949 = DIRECTION('',(1.,0.));
#3950 = ( GEOMETRIC_REPRESENTATION_CONTEXT(2) 
PARAMETRIC_REPRESENTATION_CONTEXT() REPRESENTATION_CONTEXT('2D SPACE',''
  ) );
#3951 = PCURVE('',#3790,#3952);
#3952 = DEFINITIONAL_REPRESENTATION('',(#3953),#3957);
#3953 = LINE('',#3954,#3955);
#3954 = CARTESIAN_POINT('',(4.86,8.417766924785));
#3955 = VECTOR('',#3956,1.);
#3956 = DIRECTION('',(-1.,1.827527612552E-16));
#3957 = ( GEOMETRIC_REPRESENTATION_CONTEXT(2) 
PARAMETRIC_REPRESENTATION_CONTEXT() REPRESENTATION_CONTEXT('2D SPACE',''
  ) );
#3958 = ORIENTED_EDGE('',*,*,#3959,.F.);
#3959 = EDGE_CURVE('',#3960,#3937,#3962,.T.);
#3960 = VERTEX_POINT('',#3961);
#3961 = CARTESIAN_POINT('',(-4.86,8.417766924785,0.));
#3962 = SURFACE_CURVE('',#3963,(#3967,#3974),.PCURVE_S1.);
#3963 = LINE('',#3964,#3965);
#3964 = CARTESIAN_POINT('',(-4.86,8.417766924785,0.));
#3965 = VECTOR('',#3966,1.);
#3966 = DIRECTION('',(-0.,-0.,-1.));
#3967 = PCURVE('',#3818,#3968);
#3968 = DEFINITIONAL_REPRESENTATION('',(#3969),#3973);
#3969 = LINE('',#3970,#3971);
#3970 = CARTESIAN_POINT('',(9.72,0.));
#3971 = VECTOR('',#3972,1.);
#3972 = DIRECTION('',(0.,-1.));
#3973 = ( GEOMETRIC_REPRESENTATION_CONTEXT(2) 
PARAMETRIC_REPRESENTATION_CONTEXT() REPRESENTATION_CONTEXT('2D SPACE',''
  ) );
#3974 = PCURVE('',#3975,#3980);
#3975 = PLANE('',#3976);
#3976 = AXIS2_PLACEMENT_3D('',#3977,#3978,#3979);
#3977 = CARTESIAN_POINT('',(-4.86,8.417766924785,0.));
#3978 = DIRECTION('',(-0.866025403784,0.5,0.));
#3979 = DIRECTION('',(-0.5,-0.866025403784,0.));
#3980 = DEFINITIONAL_REPRESENTATION('',(#3981),#3985);
#3981 = LINE('',#3982,#3983);
#3982 = CARTESIAN_POINT('',(0.,0.));
#3983 = VECTOR('',#3984,1.);
#3984 = DIRECTION('',(0.,-1.));
#3985 = ( GEOMETRIC_REPRESENTATION_CONTEXT(2) 
PARAMETRIC_REPRESENTATION_CONTEXT() REPRESENTATION_CONTEXT('2D SPACE',''
  ) );
#3986 = ORIENTED_EDGE('',*,*,#3987,.F.);
#3987 = EDGE_CURVE('',#3803,#3960,#3988,.T.);
#3988 = SURFACE_CURVE('',#3989,(#3993,#4000),.PCURVE_S1.);
#3989 = LINE('',#3990,#3991);
#3990 = CARTESIAN_POINT('',(4.86,8.417766924785,0.));
#3991 = VECTOR('',#3992,1.);
#3992 = DIRECTION('',(-1.,1.827527612552E-16,0.));
#3993 = PCURVE('',#3818,#3994);
#3994 = DEFINITIONAL_REPRESENTATION('',(#3995),#3999);
#3995 = LINE('',#3996,#3997);
#3996 = CARTESIAN_POINT('',(0.,0.));
#3997 = VECTOR('',#3998,1.);
#3998 = DIRECTION('',(1.,0.));
#3999 = ( GEOMETRIC_REPRESENTATION_CONTEXT(2) 
PARAMETRIC_REPRESENTATION_CONTEXT() REPRESENTATION_CONTEXT('2D SPACE',''
  ) );
#4000 = PCURVE('',#3844,#4001);
#4001 = DEFINITIONAL_REPRESENTATION('',(#4002),#4006);
#4002 = LINE('',#4003,#4004);
#4003 = CARTESIAN_POINT('',(4.86,8.417766924785));
#4004 = VECTOR('',#4005,1.);
#4005 = DIRECTION('',(-1.,1.827527612552E-16));
#4006 = ( GEOMETRIC_REPRESENTATION_CONTEXT(2) 
PARAMETRIC_REPRESENTATION_CONTEXT() REPRESENTATION_CONTEXT('2D SPACE',''
  ) );
#4007 = ADVANCED_FACE('',(#4008,#4085),#3844,.T.);
#4008 = FACE_BOUND('',#4009,.T.);
#4009 = EDGE_LOOP('',(#4010,#4011,#4012,#4035,#4063,#4084));
#4010 = ORIENTED_EDGE('',*,*,#3830,.T.);
#4011 = ORIENTED_EDGE('',*,*,#3987,.T.);
#4012 = ORIENTED_EDGE('',*,*,#4013,.T.);
#4013 = EDGE_CURVE('',#3960,#4014,#4016,.T.);
#4014 = VERTEX_POINT('',#4015);
#4015 = CARTESIAN_POINT('',(-9.72,1.190356688771E-15,0.));
#4016 = SURFACE_CURVE('',#4017,(#4021,#4028),.PCURVE_S1.);
#4017 = LINE('',#4018,#4019);
#4018 = CARTESIAN_POINT('',(-4.86,8.417766924785,0.));
#4019 = VECTOR('',#4020,1.);
#4020 = DIRECTION('',(-0.5,-0.866025403784,0.));
#4021 = PCURVE('',#3844,#4022);
#4022 = DEFINITIONAL_REPRESENTATION('',(#4023),#4027);
#4023 = LINE('',#4024,#4025);
#4024 = CARTESIAN_POINT('',(-4.86,8.417766924785));
#4025 = VECTOR('',#4026,1.);
#4026 = DIRECTION('',(-0.5,-0.866025403784));
#4027 = ( GEOMETRIC_REPRESENTATION_CONTEXT(2) 
PARAMETRIC_REPRESENTATION_CONTEXT() REPRESENTATION_CONTEXT('2D SPACE',''
  ) );
#4028 = PCURVE('',#3975,#4029);
#4029 = DEFINITIONAL_REPRESENTATION('',(#4030),#4034);
#4030 = LINE('',#4031,#4032);
#4031 = CARTESIAN_POINT('',(0.,0.));
#4032 = VECTOR('',#4033,1.);
#4033 = DIRECTION('',(1.,0.));
#4034 = ( GEOMETRIC_REPRESENTATION_CONTEXT(2) 
PARAMETRIC_REPRESENTATION_CONTEXT() REPRESENTATION_CONTEXT('2D SPACE',''
  ) );
#4035 = ORIENTED_EDGE('',*,*,#4036,.T.);
#4036 = EDGE_CURVE('',#4014,#4037,#4039,.T.);
#4037 = VERTEX_POINT('',#4038);
#4038 = CARTESIAN_POINT('',(-4.86,-8.417766924785,0.));
#4039 = SURFACE_CURVE('',#4040,(#4044,#4051),.PCURVE_S1.);
#4040 = LINE('',#4041,#4042);
#4041 = CARTESIAN_POINT('',(-9.72,1.190356688771E-15,0.));
#4042 = VECTOR('',#4043,1.);
#4043 = DIRECTION('',(0.5,-0.866025403784,0.));
#4044 = PCURVE('',#3844,#4045);
#4045 = DEFINITIONAL_REPRESENTATION('',(#4046),#4050);
#4046 = LINE('',#4047,#4048);
#4047 = CARTESIAN_POINT('',(-9.72,1.799532559622E-15));
#4048 = VECTOR('',#4049,1.);
#4049 = DIRECTION('',(0.5,-0.866025403784));
#4050 = ( GEOMETRIC_REPRESENTATION_CONTEXT(2) 
PARAMETRIC_REPRESENTATION_CONTEXT() REPRESENTATION_CONTEXT('2D SPACE',''
  ) );
#4051 = PCURVE('',#4052,#4057);
#4052 = PLANE('',#4053);
#4053 = AXIS2_PLACEMENT_3D('',#4054,#4055,#4056);
#4054 = CARTESIAN_POINT('',(-9.72,1.190356688771E-15,0.));
#4055 = DIRECTION('',(-0.866025403784,-0.5,0.));
#4056 = DIRECTION('',(0.5,-0.866025403784,0.));
#4057 = DEFINITIONAL_REPRESENTATION('',(#4058),#4062);
#4058 = LINE('',#4059,#4060);
#4059 = CARTESIAN_POINT('',(0.,0.));
#4060 = VECTOR('',#4061,1.);
#4061 = DIRECTION('',(1.,0.));
#4062 = ( GEOMETRIC_REPRESENTATION_CONTEXT(2) 
PARAMETRIC_REPRESENTATION_CONTEXT() REPRESENTATION_CONTEXT('2D SPACE',''
  ) );
#4063 = ORIENTED_EDGE('',*,*,#4064,.T.);
#4064 = EDGE_CURVE('',#4037,#3860,#4065,.T.);
#4065 = SURFACE_CURVE('',#4066,(#4070,#4077),.PCURVE_S1.);
#4066 = LINE('',#4067,#4068);
#4067 = CARTESIAN_POINT('',(-4.86,-8.417766924785,0.));
#4068 = VECTOR('',#4069,1.);
#4069 = DIRECTION('',(1.,-7.310110450207E-16,0.));
#4070 = PCURVE('',#3844,#4071);
#4071 = DEFINITIONAL_REPRESENTATION('',(#4072),#4076);
#4072 = LINE('',#4073,#4074);
#4073 = CARTESIAN_POINT('',(-4.86,-8.417766924785));
#4074 = VECTOR('',#4075,1.);
#4075 = DIRECTION('',(1.,-7.310110450207E-16));
#4076 = ( GEOMETRIC_REPRESENTATION_CONTEXT(2) 
PARAMETRIC_REPRESENTATION_CONTEXT() REPRESENTATION_CONTEXT('2D SPACE',''
  ) );
#4077 = PCURVE('',#3877,#4078);
#4078 = DEFINITIONAL_REPRESENTATION('',(#4079),#4083);
#4079 = LINE('',#4080,#4081);
#4080 = CARTESIAN_POINT('',(0.,0.));
#4081 = VECTOR('',#4082,1.);
#4082 = DIRECTION('',(1.,0.));
#4083 = ( GEOMETRIC_REPRESENTATION_CONTEXT(2) 
PARAMETRIC_REPRESENTATION_CONTEXT() REPRESENTATION_CONTEXT('2D SPACE',''
  ) );
#4084 = ORIENTED_EDGE('',*,*,#3911,.T.);
#4085 = FACE_BOUND('',#4086,.T.);
#4086 = EDGE_LOOP('',(#4087));
#4087 = ORIENTED_EDGE('',*,*,#4088,.F.);
#4088 = EDGE_CURVE('',#4089,#4089,#4091,.T.);
#4089 = VERTEX_POINT('',#4090);
#4090 = CARTESIAN_POINT('',(5.4,0.,0.));
#4091 = SURFACE_CURVE('',#4092,(#4097,#4104),.PCURVE_S1.);
#4092 = CIRCLE('',#4093,5.4);
#4093 = AXIS2_PLACEMENT_3D('',#4094,#4095,#4096);
#4094 = CARTESIAN_POINT('',(0.,0.,0.));
#4095 = DIRECTION('',(0.,0.,1.));
#4096 = DIRECTION('',(1.,0.,0.));
#4097 = PCURVE('',#3844,#4098);
#4098 = DEFINITIONAL_REPRESENTATION('',(#4099),#4103);
#4099 = CIRCLE('',#4100,5.4);
#4100 = AXIS2_PLACEMENT_2D('',#4101,#4102);
#4101 = CARTESIAN_POINT('',(1.218351741701E-16,6.091758708506E-16));
#4102 = DIRECTION('',(1.,0.));
#4103 = ( GEOMETRIC_REPRESENTATION_CONTEXT(2) 
PARAMETRIC_REPRESENTATION_CONTEXT() REPRESENTATION_CONTEXT('2D SPACE',''
  ) );
#4104 = PCURVE('',#4105,#4110);
#4105 = CYLINDRICAL_SURFACE('',#4106,5.4);
#4106 = AXIS2_PLACEMENT_3D('',#4107,#4108,#4109);
#4107 = CARTESIAN_POINT('',(0.,0.,0.));
#4108 = DIRECTION('',(-0.,-0.,-1.));
#4109 = DIRECTION('',(1.,0.,0.));
#4110 = DEFINITIONAL_REPRESENTATION('',(#4111),#4115);
#4111 = LINE('',#4112,#4113);
#4112 = CARTESIAN_POINT('',(-0.,0.));
#4113 = VECTOR('',#4114,1.);
#4114 = DIRECTION('',(-1.,0.));
#4115 = ( GEOMETRIC_REPRESENTATION_CONTEXT(2) 
PARAMETRIC_REPRESENTATION_CONTEXT() REPRESENTATION_CONTEXT('2D SPACE',''
  ) );
#4116 = ADVANCED_FACE('',(#4117),#3790,.F.);
#4117 = FACE_BOUND('',#4118,.F.);
#4118 = EDGE_LOOP('',(#4119,#4120,#4121,#4144,#4167,#4188));
#4119 = ORIENTED_EDGE('',*,*,#3774,.T.);
#4120 = ORIENTED_EDGE('',*,*,#3936,.T.);
#4121 = ORIENTED_EDGE('',*,*,#4122,.T.);
#4122 = EDGE_CURVE('',#3937,#4123,#4125,.T.);
#4123 = VERTEX_POINT('',#4124);
#4124 = CARTESIAN_POINT('',(-9.72,1.190356688771E-15,-6.48));
#4125 = SURFACE_CURVE('',#4126,(#4130,#4137),.PCURVE_S1.);
#4126 = LINE('',#4127,#4128);
#4127 = CARTESIAN_POINT('',(-4.86,8.417766924785,-6.48));
#4128 = VECTOR('',#4129,1.);
#4129 = DIRECTION('',(-0.5,-0.866025403784,0.));
#4130 = PCURVE('',#3790,#4131);
#4131 = DEFINITIONAL_REPRESENTATION('',(#4132),#4136);
#4132 = LINE('',#4133,#4134);
#4133 = CARTESIAN_POINT('',(-4.86,8.417766924785));
#4134 = VECTOR('',#4135,1.);
#4135 = DIRECTION('',(-0.5,-0.866025403784));
#4136 = ( GEOMETRIC_REPRESENTATION_CONTEXT(2) 
PARAMETRIC_REPRESENTATION_CONTEXT() REPRESENTATION_CONTEXT('2D SPACE',''
  ) );
#4137 = PCURVE('',#3975,#4138);
#4138 = DEFINITIONAL_REPRESENTATION('',(#4139),#4143);
#4139 = LINE('',#4140,#4141);
#4140 = CARTESIAN_POINT('',(-0.,-6.48));
#4141 = VECTOR('',#4142,1.);
#4142 = DIRECTION('',(1.,0.));
#4143 = ( GEOMETRIC_REPRESENTATION_CONTEXT(2) 
PARAMETRIC_REPRESENTATION_CONTEXT() REPRESENTATION_CONTEXT('2D SPACE',''
  ) );
#4144 = ORIENTED_EDGE('',*,*,#4145,.T.);
#4145 = EDGE_CURVE('',#4123,#4146,#4148,.T.);
#4146 = VERTEX_POINT('',#4147);
#4147 = CARTESIAN_POINT('',(-4.86,-8.417766924785,-6.48));
#4148 = SURFACE_CURVE('',#4149,(#4153,#4160),.PCURVE_S1.);
#4149 = LINE('',#4150,#4151);
#4150 = CARTESIAN_POINT('',(-9.72,1.190356688771E-15,-6.48));
#4151 = VECTOR('',#4152,1.);
#4152 = DIRECTION('',(0.5,-0.866025403784,0.));
#4153 = PCURVE('',#3790,#4154);
#4154 = DEFINITIONAL_REPRESENTATION('',(#4155),#4159);
#4155 = LINE('',#4156,#4157);
#4156 = CARTESIAN_POINT('',(-9.72,1.799532559622E-15));
#4157 = VECTOR('',#4158,1.);
#4158 = DIRECTION('',(0.5,-0.866025403784));
#4159 = ( GEOMETRIC_REPRESENTATION_CONTEXT(2) 
PARAMETRIC_REPRESENTATION_CONTEXT() REPRESENTATION_CONTEXT('2D SPACE',''
  ) );
#4160 = PCURVE('',#4052,#4161);
#4161 = DEFINITIONAL_REPRESENTATION('',(#4162),#4166);
#4162 = LINE('',#4163,#4164);
#4163 = CARTESIAN_POINT('',(0.,-6.48));
#4164 = VECTOR('',#4165,1.);
#4165 = DIRECTION('',(1.,0.));
#4166 = ( GEOMETRIC_REPRESENTATION_CONTEXT(2) 
PARAMETRIC_REPRESENTATION_CONTEXT() REPRESENTATION_CONTEXT('2D SPACE',''
  ) );
#4167 = ORIENTED_EDGE('',*,*,#4168,.T.);
#4168 = EDGE_CURVE('',#4146,#3862,#4169,.T.);
#4169 = SURFACE_CURVE('',#4170,(#4174,#4181),.PCURVE_S1.);
#4170 = LINE('',#4171,#4172);
#4171 = CARTESIAN_POINT('',(-4.86,-8.417766924785,-6.48));
#4172 = VECTOR('',#4173,1.);
#4173 = DIRECTION('',(1.,-7.310110450207E-16,0.));
#4174 = PCURVE('',#3790,#4175);
#4175 = DEFINITIONAL_REPRESENTATION('',(#4176),#4180);
#4176 = LINE('',#4177,#4178);
#4177 = CARTESIAN_POINT('',(-4.86,-8.417766924785));
#4178 = VECTOR('',#4179,1.);
#4179 = DIRECTION('',(1.,-7.310110450207E-16));
#4180 = ( GEOMETRIC_REPRESENTATION_CONTEXT(2) 
PARAMETRIC_REPRESENTATION_CONTEXT() REPRESENTATION_CONTEXT('2D SPACE',''
  ) );
#4181 = PCURVE('',#3877,#4182);
#4182 = DEFINITIONAL_REPRESENTATION('',(#4183),#4187);
#4183 = LINE('',#4184,#4185);
#4184 = CARTESIAN_POINT('',(0.,-6.48));
#4185 = VECTOR('',#4186,1.);
#4186 = DIRECTION('',(1.,0.));
#4187 = ( GEOMETRIC_REPRESENTATION_CONTEXT(2) 
PARAMETRIC_REPRESENTATION_CONTEXT() REPRESENTATION_CONTEXT('2D SPACE',''
  ) );
#4188 = ORIENTED_EDGE('',*,*,#3889,.T.);
#4189 = ADVANCED_FACE('',(#4190),#3877,.T.);
#4190 = FACE_BOUND('',#4191,.T.);
#4191 = EDGE_LOOP('',(#4192,#4213,#4214,#4215));
#4192 = ORIENTED_EDGE('',*,*,#4193,.T.);
#4193 = EDGE_CURVE('',#4037,#4146,#4194,.T.);
#4194 = SURFACE_CURVE('',#4195,(#4199,#4206),.PCURVE_S1.);
#4195 = LINE('',#4196,#4197);
#4196 = CARTESIAN_POINT('',(-4.86,-8.417766924785,0.));
#4197 = VECTOR('',#4198,1.);
#4198 = DIRECTION('',(-0.,-0.,-1.));
#4199 = PCURVE('',#3877,#4200);
#4200 = DEFINITIONAL_REPRESENTATION('',(#4201),#4205);
#4201 = LINE('',#4202,#4203);
#4202 = CARTESIAN_POINT('',(0.,0.));
#4203 = VECTOR('',#4204,1.);
#4204 = DIRECTION('',(0.,-1.));
#4205 = ( GEOMETRIC_REPRESENTATION_CONTEXT(2) 
PARAMETRIC_REPRESENTATION_CONTEXT() REPRESENTATION_CONTEXT('2D SPACE',''
  ) );
#4206 = PCURVE('',#4052,#4207);
#4207 = DEFINITIONAL_REPRESENTATION('',(#4208),#4212);
#4208 = LINE('',#4209,#4210);
#4209 = CARTESIAN_POINT('',(9.72,0.));
#4210 = VECTOR('',#4211,1.);
#4211 = DIRECTION('',(0.,-1.));
#4212 = ( GEOMETRIC_REPRESENTATION_CONTEXT(2) 
PARAMETRIC_REPRESENTATION_CONTEXT() REPRESENTATION_CONTEXT('2D SPACE',''
  ) );
#4213 = ORIENTED_EDGE('',*,*,#4168,.T.);
#4214 = ORIENTED_EDGE('',*,*,#3859,.F.);
#4215 = ORIENTED_EDGE('',*,*,#4064,.F.);
#4216 = ADVANCED_FACE('',(#4217),#3975,.T.);
#4217 = FACE_BOUND('',#4218,.T.);
#4218 = EDGE_LOOP('',(#4219,#4220,#4221,#4242));
#4219 = ORIENTED_EDGE('',*,*,#3959,.T.);
#4220 = ORIENTED_EDGE('',*,*,#4122,.T.);
#4221 = ORIENTED_EDGE('',*,*,#4222,.F.);
#4222 = EDGE_CURVE('',#4014,#4123,#4223,.T.);
#4223 = SURFACE_CURVE('',#4224,(#4228,#4235),.PCURVE_S1.);
#4224 = LINE('',#4225,#4226);
#4225 = CARTESIAN_POINT('',(-9.72,1.190356688771E-15,0.));
#4226 = VECTOR('',#4227,1.);
#4227 = DIRECTION('',(-0.,-0.,-1.));
#4228 = PCURVE('',#3975,#4229);
#4229 = DEFINITIONAL_REPRESENTATION('',(#4230),#4234);
#4230 = LINE('',#4231,#4232);
#4231 = CARTESIAN_POINT('',(9.72,0.));
#4232 = VECTOR('',#4233,1.);
#4233 = DIRECTION('',(0.,-1.));
#4234 = ( GEOMETRIC_REPRESENTATION_CONTEXT(2) 
PARAMETRIC_REPRESENTATION_CONTEXT() REPRESENTATION_CONTEXT('2D SPACE',''
  ) );
#4235 = PCURVE('',#4052,#4236);
#4236 = DEFINITIONAL_REPRESENTATION('',(#4237),#4241);
#4237 = LINE('',#4238,#4239);
#4238 = CARTESIAN_POINT('',(0.,0.));
#4239 = VECTOR('',#4240,1.);
#4240 = DIRECTION('',(0.,-1.));
#4241 = ( GEOMETRIC_REPRESENTATION_CONTEXT(2) 
PARAMETRIC_REPRESENTATION_CONTEXT() REPRESENTATION_CONTEXT('2D SPACE',''
  ) );
#4242 = ORIENTED_EDGE('',*,*,#4013,.F.);
#4243 = ADVANCED_FACE('',(#4244),#4052,.T.);
#4244 = FACE_BOUND('',#4245,.T.);
#4245 = EDGE_LOOP('',(#4246,#4247,#4248,#4249));
#4246 = ORIENTED_EDGE('',*,*,#4222,.T.);
#4247 = ORIENTED_EDGE('',*,*,#4145,.T.);
#4248 = ORIENTED_EDGE('',*,*,#4193,.F.);
#4249 = ORIENTED_EDGE('',*,*,#4036,.F.);
#4250 = ADVANCED_FACE('',(#4251),#4105,.T.);
#4251 = FACE_BOUND('',#4252,.F.);
#4252 = EDGE_LOOP('',(#4253,#4276,#4303,#4304));
#4253 = ORIENTED_EDGE('',*,*,#4254,.T.);
#4254 = EDGE_CURVE('',#4089,#4255,#4257,.T.);
#4255 = VERTEX_POINT('',#4256);
#4256 = CARTESIAN_POINT('',(5.4,0.,23.));
#4257 = SEAM_CURVE('',#4258,(#4262,#4269),.PCURVE_S1.);
#4258 = LINE('',#4259,#4260);
#4259 = CARTESIAN_POINT('',(5.4,0.,0.));
#4260 = VECTOR('',#4261,1.);
#4261 = DIRECTION('',(0.,0.,1.));
#4262 = PCURVE('',#4105,#4263);
#4263 = DEFINITIONAL_REPRESENTATION('',(#4264),#4268);
#4264 = LINE('',#4265,#4266);
#4265 = CARTESIAN_POINT('',(-0.,0.));
#4266 = VECTOR('',#4267,1.);
#4267 = DIRECTION('',(-0.,-1.));
#4268 = ( GEOMETRIC_REPRESENTATION_CONTEXT(2) 
PARAMETRIC_REPRESENTATION_CONTEXT() REPRESENTATION_CONTEXT('2D SPACE',''
  ) );
#4269 = PCURVE('',#4105,#4270);
#4270 = DEFINITIONAL_REPRESENTATION('',(#4271),#4275);
#4271 = LINE('',#4272,#4273);
#4272 = CARTESIAN_POINT('',(-6.28318530718,0.));
#4273 = VECTOR('',#4274,1.);
#4274 = DIRECTION('',(-0.,-1.));
#4275 = ( GEOMETRIC_REPRESENTATION_CONTEXT(2) 
PARAMETRIC_REPRESENTATION_CONTEXT() REPRESENTATION_CONTEXT('2D SPACE',''
  ) );
#4276 = ORIENTED_EDGE('',*,*,#4277,.T.);
#4277 = EDGE_CURVE('',#4255,#4255,#4278,.T.);
#4278 = SURFACE_CURVE('',#4279,(#4284,#4291),.PCURVE_S1.);
#4279 = CIRCLE('',#4280,5.4);
#4280 = AXIS2_PLACEMENT_3D('',#4281,#4282,#4283);
#4281 = CARTESIAN_POINT('',(0.,0.,23.));
#4282 = DIRECTION('',(0.,0.,1.));
#4283 = DIRECTION('',(1.,0.,0.));
#4284 = PCURVE('',#4105,#4285);
#4285 = DEFINITIONAL_REPRESENTATION('',(#4286),#4290);
#4286 = LINE('',#4287,#4288);
#4287 = CARTESIAN_POINT('',(-0.,-23.));
#4288 = VECTOR('',#4289,1.);
#4289 = DIRECTION('',(-1.,0.));
#4290 = ( GEOMETRIC_REPRESENTATION_CONTEXT(2) 
PARAMETRIC_REPRESENTATION_CONTEXT() REPRESENTATION_CONTEXT('2D SPACE',''
  ) );
#4291 = PCURVE('',#4292,#4297);
#4292 = PLANE('',#4293);
#4293 = AXIS2_PLACEMENT_3D('',#4294,#4295,#4296);
#4294 = CARTESIAN_POINT('',(1.26614827087E-16,3.279323032744E-17,23.));
#4295 = DIRECTION('',(0.,0.,1.));
#4296 = DIRECTION('',(1.,0.,-0.));
#4297 = DEFINITIONAL_REPRESENTATION('',(#4298),#4302);
#4298 = CIRCLE('',#4299,5.4);
#4299 = AXIS2_PLACEMENT_2D('',#4300,#4301);
#4300 = CARTESIAN_POINT('',(-1.26614827087E-16,-3.279323032744E-17));
#4301 = DIRECTION('',(1.,0.));
#4302 = ( GEOMETRIC_REPRESENTATION_CONTEXT(2) 
PARAMETRIC_REPRESENTATION_CONTEXT() REPRESENTATION_CONTEXT('2D SPACE',''
  ) );
#4303 = ORIENTED_EDGE('',*,*,#4254,.F.);
#4304 = ORIENTED_EDGE('',*,*,#4088,.F.);
#4305 = ADVANCED_FACE('',(#4306),#4292,.T.);
#4306 = FACE_BOUND('',#4307,.T.);
#4307 = EDGE_LOOP('',(#4308));
#4308 = ORIENTED_EDGE('',*,*,#4277,.T.);
#4309 = ( GEOMETRIC_REPRESENTATION_CONTEXT(3) 
GLOBAL_UNCERTAINTY_ASSIGNED_CONTEXT((#4313)) 
GLOBAL_UNIT_ASSIGNED_CONTEXT((#4310,#4311,#4312)) REPRESENTATION_CONTEXT
('Context #1','3D Context with UNIT and UNCERTAINTY') );
#4310 = ( LENGTH_UNIT() NAMED_UNIT(*) SI_UNIT(.MILLI.,.METRE.) );
#4311 = ( NAMED_UNIT(*) PLANE_ANGLE_UNIT() SI_UNIT($,.RADIAN.) );
#4312 = ( NAMED_UNIT(*) SI_UNIT($,.STERADIAN.) SOLID_ANGLE_UNIT() );
#4313 = UNCERTAINTY_MEASURE_WITH_UNIT(LENGTH_MEASURE(1.E-07),#4310,
  'distance_accuracy_value','confusion accuracy');
#4314 = SHAPE_DEFINITION_REPRESENTATION(#4315,#3732);
#4315 = PRODUCT_DEFINITION_SHAPE('','',#4316);
#4316 = PRODUCT_DEFINITION('design','',#4317,#4320);
#4317 = PRODUCT_DEFINITION_FORMATION('','',#4318);
#4318 = PRODUCT('auto_bolt_1_part','auto_bolt_1_part','',(#4319));
#4319 = PRODUCT_CONTEXT('',#2,'mechanical');
#4320 = PRODUCT_DEFINITION_CONTEXT('part definition',#2,'design');
#4321 = CONTEXT_DEPENDENT_SHAPE_REPRESENTATION(#4322,#4324);
#4322 = ( REPRESENTATION_RELATIONSHIP('','',#3732,#3722) 
REPRESENTATION_RELATIONSHIP_WITH_TRANSFORMATION(#4323) 
SHAPE_REPRESENTATION_RELATIONSHIP() );
#4323 = ITEM_DEFINED_TRANSFORMATION('','',#11,#3723);
#4324 = PRODUCT_DEFINITION_SHAPE('Placement','Placement of an item',
  #4325);
#4325 = NEXT_ASSEMBLY_USAGE_OCCURRENCE('10','','',#3717,#4316,$);
#4326 = PRODUCT_RELATED_PRODUCT_CATEGORY('part',$,(#4318));
#4327 = CONTEXT_DEPENDENT_SHAPE_REPRESENTATION(#4328,#4330);
#4328 = ( REPRESENTATION_RELATIONSHIP('','',#3722,#32) 
REPRESENTATION_RELATIONSHIP_WITH_TRANSFORMATION(#4329) 
SHAPE_REPRESENTATION_RELATIONSHIP() );
#4329 = ITEM_DEFINED_TRANSFORMATION('','',#11,#53);
#4330 = PRODUCT_DEFINITION_SHAPE('Placement','Placement of an item',
  #4331);
#4331 = NEXT_ASSEMBLY_USAGE_OCCURRENCE('11','','',#27,#3717,$);
#4332 = PRODUCT_RELATED_PRODUCT_CATEGORY('part',$,(#3719));
#4333 = SHAPE_DEFINITION_REPRESENTATION(#4334,#4340);
#4334 = PRODUCT_DEFINITION_SHAPE('','',#4335);
#4335 = PRODUCT_DEFINITION('design','',#4336,#4339);
#4336 = PRODUCT_DEFINITION_FORMATION('','',#4337);
#4337 = PRODUCT('auto_nut_1','auto_nut_1','',(#4338));
#4338 = PRODUCT_CONTEXT('',#2,'mechanical');
#4339 = PRODUCT_DEFINITION_CONTEXT('part definition',#2,'design');
#4340 = SHAPE_REPRESENTATION('',(#11,#4341),#4345);
#4341 = AXIS2_PLACEMENT_3D('',#4342,#4343,#4344);
#4342 = CARTESIAN_POINT('',(0.,0.,0.));
#4343 = DIRECTION('',(0.,0.,1.));
#4344 = DIRECTION('',(1.,0.,-0.));
#4345 = ( GEOMETRIC_REPRESENTATION_CONTEXT(3) 
GLOBAL_UNCERTAINTY_ASSIGNED_CONTEXT((#4349)) 
GLOBAL_UNIT_ASSIGNED_CONTEXT((#4346,#4347,#4348)) REPRESENTATION_CONTEXT
('Context #1','3D Context with UNIT and UNCERTAINTY') );
#4346 = ( LENGTH_UNIT() NAMED_UNIT(*) SI_UNIT(.MILLI.,.METRE.) );
#4347 = ( NAMED_UNIT(*) PLANE_ANGLE_UNIT() SI_UNIT($,.RADIAN.) );
#4348 = ( NAMED_UNIT(*) SI_UNIT($,.STERADIAN.) SOLID_ANGLE_UNIT() );
#4349 = UNCERTAINTY_MEASURE_WITH_UNIT(LENGTH_MEASURE(1.E-07),#4346,
  'distance_accuracy_value','confusion accuracy');
#4350 = ADVANCED_BREP_SHAPE_REPRESENTATION('',(#11,#4351),#4925);
#4351 = MANIFOLD_SOLID_BREP('',#4352);
#4352 = CLOSED_SHELL('',(#4353,#4473,#4549,#4625,#4738,#4837,#4864,#4891
    ,#4898));
#4353 = ADVANCED_FACE('',(#4354),#4368,.T.);
#4354 = FACE_BOUND('',#4355,.T.);
#4355 = EDGE_LOOP('',(#4356,#4391,#4419,#4447));
#4356 = ORIENTED_EDGE('',*,*,#4357,.T.);
#4357 = EDGE_CURVE('',#4358,#4360,#4362,.T.);
#4358 = VERTEX_POINT('',#4359);
#4359 = CARTESIAN_POINT('',(8.64,0.,0.));
#4360 = VERTEX_POINT('',#4361);
#4361 = CARTESIAN_POINT('',(8.64,0.,-8.64));
#4362 = SURFACE_CURVE('',#4363,(#4367,#4379),.PCURVE_S1.);
#4363 = LINE('',#4364,#4365);
#4364 = CARTESIAN_POINT('',(8.64,0.,0.));
#4365 = VECTOR('',#4366,1.);
#4366 = DIRECTION('',(-0.,-0.,-1.));
#4367 = PCURVE('',#4368,#4373);
#4368 = PLANE('',#4369);
#4369 = AXIS2_PLACEMENT_3D('',#4370,#4371,#4372);
#4370 = CARTESIAN_POINT('',(8.64,0.,0.));
#4371 = DIRECTION('',(0.866025403784,0.5,-0.));
#4372 = DIRECTION('',(-0.5,0.866025403784,0.));
#4373 = DEFINITIONAL_REPRESENTATION('',(#4374),#4378);
#4374 = LINE('',#4375,#4376);
#4375 = CARTESIAN_POINT('',(0.,0.));
#4376 = VECTOR('',#4377,1.);
#4377 = DIRECTION('',(0.,-1.));
#4378 = ( GEOMETRIC_REPRESENTATION_CONTEXT(2) 
PARAMETRIC_REPRESENTATION_CONTEXT() REPRESENTATION_CONTEXT('2D SPACE',''
  ) );
#4379 = PCURVE('',#4380,#4385);
#4380 = PLANE('',#4381);
#4381 = AXIS2_PLACEMENT_3D('',#4382,#4383,#4384);
#4382 = CARTESIAN_POINT('',(4.32,-7.482459488698,0.));
#4383 = DIRECTION('',(0.866025403784,-0.5,0.));
#4384 = DIRECTION('',(0.5,0.866025403784,0.));
#4385 = DEFINITIONAL_REPRESENTATION('',(#4386),#4390);
#4386 = LINE('',#4387,#4388);
#4387 = CARTESIAN_POINT('',(8.64,0.));
#4388 = VECTOR('',#4389,1.);
#4389 = DIRECTION('',(0.,-1.));
#4390 = ( GEOMETRIC_REPRESENTATION_CONTEXT(2) 
PARAMETRIC_REPRESENTATION_CONTEXT() REPRESENTATION_CONTEXT('2D SPACE',''
  ) );
#4391 = ORIENTED_EDGE('',*,*,#4392,.T.);
#4392 = EDGE_CURVE('',#4360,#4393,#4395,.T.);
#4393 = VERTEX_POINT('',#4394);
#4394 = CARTESIAN_POINT('',(4.32,7.482459488698,-8.64));
#4395 = SURFACE_CURVE('',#4396,(#4400,#4407),.PCURVE_S1.);
#4396 = LINE('',#4397,#4398);
#4397 = CARTESIAN_POINT('',(8.64,0.,-8.64));
#4398 = VECTOR('',#4399,1.);
#4399 = DIRECTION('',(-0.5,0.866025403784,0.));
#4400 = PCURVE('',#4368,#4401);
#4401 = DEFINITIONAL_REPRESENTATION('',(#4402),#4406);
#4402 = LINE('',#4403,#4404);
#4403 = CARTESIAN_POINT('',(0.,-8.64));
#4404 = VECTOR('',#4405,1.);
#4405 = DIRECTION('',(1.,0.));
#4406 = ( GEOMETRIC_REPRESENTATION_CONTEXT(2) 
PARAMETRIC_REPRESENTATION_CONTEXT() REPRESENTATION_CONTEXT('2D SPACE',''
  ) );
#4407 = PCURVE('',#4408,#4413);
#4408 = PLANE('',#4409);
#4409 = AXIS2_PLACEMENT_3D('',#4410,#4411,#4412);
#4410 = CARTESIAN_POINT('',(0.,4.111937128241E-16,-8.64));
#4411 = DIRECTION('',(0.,0.,1.));
#4412 = DIRECTION('',(1.,0.,-0.));
#4413 = DEFINITIONAL_REPRESENTATION('',(#4414),#4418);
#4414 = LINE('',#4415,#4416);
#4415 = CARTESIAN_POINT('',(8.64,-4.111937128241E-16));
#4416 = VECTOR('',#4417,1.);
#4417 = DIRECTION('',(-0.5,0.866025403784));
#4418 = ( GEOMETRIC_REPRESENTATION_CONTEXT(2) 
PARAMETRIC_REPRESENTATION_CONTEXT() REPRESENTATION_CONTEXT('2D SPACE',''
  ) );
#4419 = ORIENTED_EDGE('',*,*,#4420,.F.);
#4420 = EDGE_CURVE('',#4421,#4393,#4423,.T.);
#4421 = VERTEX_POINT('',#4422);
#4422 = CARTESIAN_POINT('',(4.32,7.482459488698,0.));
#4423 = SURFACE_CURVE('',#4424,(#4428,#4435),.PCURVE_S1.);
#4424 = LINE('',#4425,#4426);
#4425 = CARTESIAN_POINT('',(4.32,7.482459488698,0.));
#4426 = VECTOR('',#4427,1.);
#4427 = DIRECTION('',(-0.,-0.,-1.));
#4428 = PCURVE('',#4368,#4429);
#4429 = DEFINITIONAL_REPRESENTATION('',(#4430),#4434);
#4430 = LINE('',#4431,#4432);
#4431 = CARTESIAN_POINT('',(8.64,0.));
#4432 = VECTOR('',#4433,1.);
#4433 = DIRECTION('',(0.,-1.));
#4434 = ( GEOMETRIC_REPRESENTATION_CONTEXT(2) 
PARAMETRIC_REPRESENTATION_CONTEXT() REPRESENTATION_CONTEXT('2D SPACE',''
  ) );
#4435 = PCURVE('',#4436,#4441);
#4436 = PLANE('',#4437);
#4437 = AXIS2_PLACEMENT_3D('',#4438,#4439,#4440);
#4438 = CARTESIAN_POINT('',(4.32,7.482459488698,0.));
#4439 = DIRECTION('',(1.02798428206E-16,1.,-0.));
#4440 = DIRECTION('',(-1.,1.02798428206E-16,0.));
#4441 = DEFINITIONAL_REPRESENTATION('',(#4442),#4446);
#4442 = LINE('',#4443,#4444);
#4443 = CARTESIAN_POINT('',(0.,0.));
#4444 = VECTOR('',#4445,1.);
#4445 = DIRECTION('',(0.,-1.));
#4446 = ( GEOMETRIC_REPRESENTATION_CONTEXT(2) 
PARAMETRIC_REPRESENTATION_CONTEXT() REPRESENTATION_CONTEXT('2D SPACE',''
  ) );
#4447 = ORIENTED_EDGE('',*,*,#4448,.F.);
#4448 = EDGE_CURVE('',#4358,#4421,#4449,.T.);
#4449 = SURFACE_CURVE('',#4450,(#4454,#4461),.PCURVE_S1.);
#4450 = LINE('',#4451,#4452);
#4451 = CARTESIAN_POINT('',(8.64,0.,0.));
#4452 = VECTOR('',#4453,1.);
#4453 = DIRECTION('',(-0.5,0.866025403784,0.));
#4454 = PCURVE('',#4368,#4455);
#4455 = DEFINITIONAL_REPRESENTATION('',(#4456),#4460);
#4456 = LINE('',#4457,#4458);
#4457 = CARTESIAN_POINT('',(0.,0.));
#4458 = VECTOR('',#4459,1.);
#4459 = DIRECTION('',(1.,0.));
#4460 = ( GEOMETRIC_REPRESENTATION_CONTEXT(2) 
PARAMETRIC_REPRESENTATION_CONTEXT() REPRESENTATION_CONTEXT('2D SPACE',''
  ) );
#4461 = PCURVE('',#4462,#4467);
#4462 = PLANE('',#4463);
#4463 = AXIS2_PLACEMENT_3D('',#4464,#4465,#4466);
#4464 = CARTESIAN_POINT('',(0.,4.111937128241E-16,0.));
#4465 = DIRECTION('',(0.,0.,1.));
#4466 = DIRECTION('',(1.,0.,-0.));
#4467 = DEFINITIONAL_REPRESENTATION('',(#4468),#4472);
#4468 = LINE('',#4469,#4470);
#4469 = CARTESIAN_POINT('',(8.64,-4.111937128241E-16));
#4470 = VECTOR('',#4471,1.);
#4471 = DIRECTION('',(-0.5,0.866025403784));
#4472 = ( GEOMETRIC_REPRESENTATION_CONTEXT(2) 
PARAMETRIC_REPRESENTATION_CONTEXT() REPRESENTATION_CONTEXT('2D SPACE',''
  ) );
#4473 = ADVANCED_FACE('',(#4474),#4380,.T.);
#4474 = FACE_BOUND('',#4475,.T.);
#4475 = EDGE_LOOP('',(#4476,#4506,#4527,#4528));
#4476 = ORIENTED_EDGE('',*,*,#4477,.T.);
#4477 = EDGE_CURVE('',#4478,#4480,#4482,.T.);
#4478 = VERTEX_POINT('',#4479);
#4479 = CARTESIAN_POINT('',(4.32,-7.482459488698,0.));
#4480 = VERTEX_POINT('',#4481);
#4481 = CARTESIAN_POINT('',(4.32,-7.482459488698,-8.64));
#4482 = SURFACE_CURVE('',#4483,(#4487,#4494),.PCURVE_S1.);
#4483 = LINE('',#4484,#4485);
#4484 = CARTESIAN_POINT('',(4.32,-7.482459488698,0.));
#4485 = VECTOR('',#4486,1.);
#4486 = DIRECTION('',(-0.,-0.,-1.));
#4487 = PCURVE('',#4380,#4488);
#4488 = DEFINITIONAL_REPRESENTATION('',(#4489),#4493);
#4489 = LINE('',#4490,#4491);
#4490 = CARTESIAN_POINT('',(0.,0.));
#4491 = VECTOR('',#4492,1.);
#4492 = DIRECTION('',(0.,-1.));
#4493 = ( GEOMETRIC_REPRESENTATION_CONTEXT(2) 
PARAMETRIC_REPRESENTATION_CONTEXT() REPRESENTATION_CONTEXT('2D SPACE',''
  ) );
#4494 = PCURVE('',#4495,#4500);
#4495 = PLANE('',#4496);
#4496 = AXIS2_PLACEMENT_3D('',#4497,#4498,#4499);
#4497 = CARTESIAN_POINT('',(-4.32,-7.482459488698,0.));
#4498 = DIRECTION('',(-7.195889974422E-16,-1.,0.));
#4499 = DIRECTION('',(1.,-7.195889974422E-16,0.));
#4500 = DEFINITIONAL_REPRESENTATION('',(#4501),#4505);
#4501 = LINE('',#4502,#4503);
#4502 = CARTESIAN_POINT('',(8.64,0.));
#4503 = VECTOR('',#4504,1.);
#4504 = DIRECTION('',(0.,-1.));
#4505 = ( GEOMETRIC_REPRESENTATION_CONTEXT(2) 
PARAMETRIC_REPRESENTATION_CONTEXT() REPRESENTATION_CONTEXT('2D SPACE',''
  ) );
#4506 = ORIENTED_EDGE('',*,*,#4507,.T.);
#4507 = EDGE_CURVE('',#4480,#4360,#4508,.T.);
#4508 = SURFACE_CURVE('',#4509,(#4513,#4520),.PCURVE_S1.);
#4509 = LINE('',#4510,#4511);
#4510 = CARTESIAN_POINT('',(4.32,-7.482459488698,-8.64));
#4511 = VECTOR('',#4512,1.);
#4512 = DIRECTION('',(0.5,0.866025403784,0.));
#4513 = PCURVE('',#4380,#4514);
#4514 = DEFINITIONAL_REPRESENTATION('',(#4515),#4519);
#4515 = LINE('',#4516,#4517);
#4516 = CARTESIAN_POINT('',(0.,-8.64));
#4517 = VECTOR('',#4518,1.);
#4518 = DIRECTION('',(1.,0.));
#4519 = ( GEOMETRIC_REPRESENTATION_CONTEXT(2) 
PARAMETRIC_REPRESENTATION_CONTEXT() REPRESENTATION_CONTEXT('2D SPACE',''
  ) );
#4520 = PCURVE('',#4408,#4521);
#4521 = DEFINITIONAL_REPRESENTATION('',(#4522),#4526);
#4522 = LINE('',#4523,#4524);
#4523 = CARTESIAN_POINT('',(4.32,-7.482459488698));
#4524 = VECTOR('',#4525,1.);
#4525 = DIRECTION('',(0.5,0.866025403784));
#4526 = ( GEOMETRIC_REPRESENTATION_CONTEXT(2) 
PARAMETRIC_REPRESENTATION_CONTEXT() REPRESENTATION_CONTEXT('2D SPACE',''
  ) );
#4527 = ORIENTED_EDGE('',*,*,#4357,.F.);
#4528 = ORIENTED_EDGE('',*,*,#4529,.F.);
#4529 = EDGE_CURVE('',#4478,#4358,#4530,.T.);
#4530 = SURFACE_CURVE('',#4531,(#4535,#4542),.PCURVE_S1.);
#4531 = LINE('',#4532,#4533);
#4532 = CARTESIAN_POINT('',(4.32,-7.482459488698,0.));
#4533 = VECTOR('',#4534,1.);
#4534 = DIRECTION('',(0.5,0.866025403784,0.));
#4535 = PCURVE('',#4380,#4536);
#4536 = DEFINITIONAL_REPRESENTATION('',(#4537),#4541);
#4537 = LINE('',#4538,#4539);
#4538 = CARTESIAN_POINT('',(0.,0.));
#4539 = VECTOR('',#4540,1.);
#4540 = DIRECTION('',(1.,0.));
#4541 = ( GEOMETRIC_REPRESENTATION_CONTEXT(2) 
PARAMETRIC_REPRESENTATION_CONTEXT() REPRESENTATION_CONTEXT('2D SPACE',''
  ) );
#4542 = PCURVE('',#4462,#4543);
#4543 = DEFINITIONAL_REPRESENTATION('',(#4544),#4548);
#4544 = LINE('',#4545,#4546);
#4545 = CARTESIAN_POINT('',(4.32,-7.482459488698));
#4546 = VECTOR('',#4547,1.);
#4547 = DIRECTION('',(0.5,0.866025403784));
#4548 = ( GEOMETRIC_REPRESENTATION_CONTEXT(2) 
PARAMETRIC_REPRESENTATION_CONTEXT() REPRESENTATION_CONTEXT('2D SPACE',''
  ) );
#4549 = ADVANCED_FACE('',(#4550),#4436,.T.);
#4550 = FACE_BOUND('',#4551,.T.);
#4551 = EDGE_LOOP('',(#4552,#4553,#4576,#4604));
#4552 = ORIENTED_EDGE('',*,*,#4420,.T.);
#4553 = ORIENTED_EDGE('',*,*,#4554,.T.);
#4554 = EDGE_CURVE('',#4393,#4555,#4557,.T.);
#4555 = VERTEX_POINT('',#4556);
#4556 = CARTESIAN_POINT('',(-4.32,7.482459488698,-8.64));
#4557 = SURFACE_CURVE('',#4558,(#4562,#4569),.PCURVE_S1.);
#4558 = LINE('',#4559,#4560);
#4559 = CARTESIAN_POINT('',(4.32,7.482459488698,-8.64));
#4560 = VECTOR('',#4561,1.);
#4561 = DIRECTION('',(-1.,1.02798428206E-16,0.));
#4562 = PCURVE('',#4436,#4563);
#4563 = DEFINITIONAL_REPRESENTATION('',(#4564),#4568);
#4564 = LINE('',#4565,#4566);
#4565 = CARTESIAN_POINT('',(0.,-8.64));
#4566 = VECTOR('',#4567,1.);
#4567 = DIRECTION('',(1.,0.));
#4568 = ( GEOMETRIC_REPRESENTATION_CONTEXT(2) 
PARAMETRIC_REPRESENTATION_CONTEXT() REPRESENTATION_CONTEXT('2D SPACE',''
  ) );
#4569 = PCURVE('',#4408,#4570);
#4570 = DEFINITIONAL_REPRESENTATION('',(#4571),#4575);
#4571 = LINE('',#4572,#4573);
#4572 = CARTESIAN_POINT('',(4.32,7.482459488698));
#4573 = VECTOR('',#4574,1.);
#4574 = DIRECTION('',(-1.,1.02798428206E-16));
#4575 = ( GEOMETRIC_REPRESENTATION_CONTEXT(2) 
PARAMETRIC_REPRESENTATION_CONTEXT() REPRESENTATION_CONTEXT('2D SPACE',''
  ) );
#4576 = ORIENTED_EDGE('',*,*,#4577,.F.);
#4577 = EDGE_CURVE('',#4578,#4555,#4580,.T.);
#4578 = VERTEX_POINT('',#4579);
#4579 = CARTESIAN_POINT('',(-4.32,7.482459488698,0.));
#4580 = SURFACE_CURVE('',#4581,(#4585,#4592),.PCURVE_S1.);
#4581 = LINE('',#4582,#4583);
#4582 = CARTESIAN_POINT('',(-4.32,7.482459488698,0.));
#4583 = VECTOR('',#4584,1.);
#4584 = DIRECTION('',(-0.,-0.,-1.));
#4585 = PCURVE('',#4436,#4586);
#4586 = DEFINITIONAL_REPRESENTATION('',(#4587),#4591);
#4587 = LINE('',#4588,#4589);
#4588 = CARTESIAN_POINT('',(8.64,0.));
#4589 = VECTOR('',#4590,1.);
#4590 = DIRECTION('',(0.,-1.));
#4591 = ( GEOMETRIC_REPRESENTATION_CONTEXT(2) 
PARAMETRIC_REPRESENTATION_CONTEXT() REPRESENTATION_CONTEXT('2D SPACE',''
  ) );
#4592 = PCURVE('',#4593,#4598);
#4593 = PLANE('',#4594);
#4594 = AXIS2_PLACEMENT_3D('',#4595,#4596,#4597);
#4595 = CARTESIAN_POINT('',(-4.32,7.482459488698,0.));
#4596 = DIRECTION('',(-0.866025403784,0.5,0.));
#4597 = DIRECTION('',(-0.5,-0.866025403784,0.));
#4598 = DEFINITIONAL_REPRESENTATION('',(#4599),#4603);
#4599 = LINE('',#4600,#4601);
#4600 = CARTESIAN_POINT('',(0.,0.));
#4601 = VECTOR('',#4602,1.);
#4602 = DIRECTION('',(0.,-1.));
#4603 = ( GEOMETRIC_REPRESENTATION_CONTEXT(2) 
PARAMETRIC_REPRESENTATION_CONTEXT() REPRESENTATION_CONTEXT('2D SPACE',''
  ) );
#4604 = ORIENTED_EDGE('',*,*,#4605,.F.);
#4605 = EDGE_CURVE('',#4421,#4578,#4606,.T.);
#4606 = SURFACE_CURVE('',#4607,(#4611,#4618),.PCURVE_S1.);
#4607 = LINE('',#4608,#4609);
#4608 = CARTESIAN_POINT('',(4.32,7.482459488698,0.));
#4609 = VECTOR('',#4610,1.);
#4610 = DIRECTION('',(-1.,1.02798428206E-16,0.));
#4611 = PCURVE('',#4436,#4612);
#4612 = DEFINITIONAL_REPRESENTATION('',(#4613),#4617);
#4613 = LINE('',#4614,#4615);
#4614 = CARTESIAN_POINT('',(0.,0.));
#4615 = VECTOR('',#4616,1.);
#4616 = DIRECTION('',(1.,0.));
#4617 = ( GEOMETRIC_REPRESENTATION_CONTEXT(2) 
PARAMETRIC_REPRESENTATION_CONTEXT() REPRESENTATION_CONTEXT('2D SPACE',''
  ) );
#4618 = PCURVE('',#4462,#4619);
#4619 = DEFINITIONAL_REPRESENTATION('',(#4620),#4624);
#4620 = LINE('',#4621,#4622);
#4621 = CARTESIAN_POINT('',(4.32,7.482459488698));
#4622 = VECTOR('',#4623,1.);
#4623 = DIRECTION('',(-1.,1.02798428206E-16));
#4624 = ( GEOMETRIC_REPRESENTATION_CONTEXT(2) 
PARAMETRIC_REPRESENTATION_CONTEXT() REPRESENTATION_CONTEXT('2D SPACE',''
  ) );
#4625 = ADVANCED_FACE('',(#4626,#4703),#4462,.T.);
#4626 = FACE_BOUND('',#4627,.T.);
#4627 = EDGE_LOOP('',(#4628,#4629,#4630,#4653,#4681,#4702));
#4628 = ORIENTED_EDGE('',*,*,#4448,.T.);
#4629 = ORIENTED_EDGE('',*,*,#4605,.T.);
#4630 = ORIENTED_EDGE('',*,*,#4631,.T.);
#4631 = EDGE_CURVE('',#4578,#4632,#4634,.T.);
#4632 = VERTEX_POINT('',#4633);
#4633 = CARTESIAN_POINT('',(-8.64,1.058094834463E-15,0.));
#4634 = SURFACE_CURVE('',#4635,(#4639,#4646),.PCURVE_S1.);
#4635 = LINE('',#4636,#4637);
#4636 = CARTESIAN_POINT('',(-4.32,7.482459488698,0.));
#4637 = VECTOR('',#4638,1.);
#4638 = DIRECTION('',(-0.5,-0.866025403784,0.));
#4639 = PCURVE('',#4462,#4640);
#4640 = DEFINITIONAL_REPRESENTATION('',(#4641),#4645);
#4641 = LINE('',#4642,#4643);
#4642 = CARTESIAN_POINT('',(-4.32,7.482459488698));
#4643 = VECTOR('',#4644,1.);
#4644 = DIRECTION('',(-0.5,-0.866025403784));
#4645 = ( GEOMETRIC_REPRESENTATION_CONTEXT(2) 
PARAMETRIC_REPRESENTATION_CONTEXT() REPRESENTATION_CONTEXT('2D SPACE',''
  ) );
#4646 = PCURVE('',#4593,#4647);
#4647 = DEFINITIONAL_REPRESENTATION('',(#4648),#4652);
#4648 = LINE('',#4649,#4650);
#4649 = CARTESIAN_POINT('',(0.,0.));
#4650 = VECTOR('',#4651,1.);
#4651 = DIRECTION('',(1.,0.));
#4652 = ( GEOMETRIC_REPRESENTATION_CONTEXT(2) 
PARAMETRIC_REPRESENTATION_CONTEXT() REPRESENTATION_CONTEXT('2D SPACE',''
  ) );
#4653 = ORIENTED_EDGE('',*,*,#4654,.T.);
#4654 = EDGE_CURVE('',#4632,#4655,#4657,.T.);
#4655 = VERTEX_POINT('',#4656);
#4656 = CARTESIAN_POINT('',(-4.32,-7.482459488698,0.));
#4657 = SURFACE_CURVE('',#4658,(#4662,#4669),.PCURVE_S1.);
#4658 = LINE('',#4659,#4660);
#4659 = CARTESIAN_POINT('',(-8.64,1.058094834463E-15,0.));
#4660 = VECTOR('',#4661,1.);
#4661 = DIRECTION('',(0.5,-0.866025403784,0.));
#4662 = PCURVE('',#4462,#4663);
#4663 = DEFINITIONAL_REPRESENTATION('',(#4664),#4668);
#4664 = LINE('',#4665,#4666);
#4665 = CARTESIAN_POINT('',(-8.64,6.469011216392E-16));
#4666 = VECTOR('',#4667,1.);
#4667 = DIRECTION('',(0.5,-0.866025403784));
#4668 = ( GEOMETRIC_REPRESENTATION_CONTEXT(2) 
PARAMETRIC_REPRESENTATION_CONTEXT() REPRESENTATION_CONTEXT('2D SPACE',''
  ) );
#4669 = PCURVE('',#4670,#4675);
#4670 = PLANE('',#4671);
#4671 = AXIS2_PLACEMENT_3D('',#4672,#4673,#4674);
#4672 = CARTESIAN_POINT('',(-8.64,1.058094834463E-15,0.));
#4673 = DIRECTION('',(-0.866025403784,-0.5,0.));
#4674 = DIRECTION('',(0.5,-0.866025403784,0.));
#4675 = DEFINITIONAL_REPRESENTATION('',(#4676),#4680);
#4676 = LINE('',#4677,#4678);
#4677 = CARTESIAN_POINT('',(0.,0.));
#4678 = VECTOR('',#4679,1.);
#4679 = DIRECTION('',(1.,0.));
#4680 = ( GEOMETRIC_REPRESENTATION_CONTEXT(2) 
PARAMETRIC_REPRESENTATION_CONTEXT() REPRESENTATION_CONTEXT('2D SPACE',''
  ) );
#4681 = ORIENTED_EDGE('',*,*,#4682,.T.);
#4682 = EDGE_CURVE('',#4655,#4478,#4683,.T.);
#4683 = SURFACE_CURVE('',#4684,(#4688,#4695),.PCURVE_S1.);
#4684 = LINE('',#4685,#4686);
#4685 = CARTESIAN_POINT('',(-4.32,-7.482459488698,0.));
#4686 = VECTOR('',#4687,1.);
#4687 = DIRECTION('',(1.,-7.195889974422E-16,0.));
#4688 = PCURVE('',#4462,#4689);
#4689 = DEFINITIONAL_REPRESENTATION('',(#4690),#4694);
#4690 = LINE('',#4691,#4692);
#4691 = CARTESIAN_POINT('',(-4.32,-7.482459488698));
#4692 = VECTOR('',#4693,1.);
#4693 = DIRECTION('',(1.,-7.195889974422E-16));
#4694 = ( GEOMETRIC_REPRESENTATION_CONTEXT(2) 
PARAMETRIC_REPRESENTATION_CONTEXT() REPRESENTATION_CONTEXT('2D SPACE',''
  ) );
#4695 = PCURVE('',#4495,#4696);
#4696 = DEFINITIONAL_REPRESENTATION('',(#4697),#4701);
#4697 = LINE('',#4698,#4699);
#4698 = CARTESIAN_POINT('',(0.,0.));
#4699 = VECTOR('',#4700,1.);
#4700 = DIRECTION('',(1.,0.));
#4701 = ( GEOMETRIC_REPRESENTATION_CONTEXT(2) 
PARAMETRIC_REPRESENTATION_CONTEXT() REPRESENTATION_CONTEXT('2D SPACE',''
  ) );
#4702 = ORIENTED_EDGE('',*,*,#4529,.T.);
#4703 = FACE_BOUND('',#4704,.T.);
#4704 = EDGE_LOOP('',(#4705));
#4705 = ORIENTED_EDGE('',*,*,#4706,.T.);
#4706 = EDGE_CURVE('',#4707,#4707,#4709,.T.);
#4707 = VERTEX_POINT('',#4708);
#4708 = CARTESIAN_POINT('',(5.4,0.,0.));
#4709 = SURFACE_CURVE('',#4710,(#4715,#4726),.PCURVE_S1.);
#4710 = CIRCLE('',#4711,5.4);
#4711 = AXIS2_PLACEMENT_3D('',#4712,#4713,#4714);
#4712 = CARTESIAN_POINT('',(0.,0.,0.));
#4713 = DIRECTION('',(0.,0.,-1.));
#4714 = DIRECTION('',(1.,0.,0.));
#4715 = PCURVE('',#4462,#4716);
#4716 = DEFINITIONAL_REPRESENTATION('',(#4717),#4725);
#4717 = ( BOUNDED_CURVE() B_SPLINE_CURVE(2,(#4718,#4719,#4720,#4721,
#4722,#4723,#4724),.UNSPECIFIED.,.T.,.F.) B_SPLINE_CURVE_WITH_KNOTS((1,2
    ,2,2,2,1),(-2.094395102393,0.,2.094395102393,4.188790204786,
6.28318530718,8.377580409573),.UNSPECIFIED.) CURVE() 
GEOMETRIC_REPRESENTATION_ITEM() RATIONAL_B_SPLINE_CURVE((1.,0.5,1.,0.5,
1.,0.5,1.)) REPRESENTATION_ITEM('') );
#4718 = CARTESIAN_POINT('',(5.4,-4.111937128241E-16));
#4719 = CARTESIAN_POINT('',(5.4,-9.353074360872));
#4720 = CARTESIAN_POINT('',(-2.7,-4.676537180436));
#4721 = CARTESIAN_POINT('',(-10.8,-1.733812255903E-15));
#4722 = CARTESIAN_POINT('',(-2.7,4.676537180436));
#4723 = CARTESIAN_POINT('',(5.4,9.353074360872));
#4724 = CARTESIAN_POINT('',(5.4,-4.111937128241E-16));
#4725 = ( GEOMETRIC_REPRESENTATION_CONTEXT(2) 
PARAMETRIC_REPRESENTATION_CONTEXT() REPRESENTATION_CONTEXT('2D SPACE',''
  ) );
#4726 = PCURVE('',#4727,#4732);
#4727 = CYLINDRICAL_SURFACE('',#4728,5.4);
#4728 = AXIS2_PLACEMENT_3D('',#4729,#4730,#4731);
#4729 = CARTESIAN_POINT('',(0.,0.,-17.2800002));
#4730 = DIRECTION('',(-0.,-0.,-1.));
#4731 = DIRECTION('',(1.,0.,0.));
#4732 = DEFINITIONAL_REPRESENTATION('',(#4733),#4737);
#4733 = LINE('',#4734,#4735);
#4734 = CARTESIAN_POINT('',(-6.28318530718,-17.2800002));
#4735 = VECTOR('',#4736,1.);
#4736 = DIRECTION('',(1.,-0.));
#4737 = ( GEOMETRIC_REPRESENTATION_CONTEXT(2) 
PARAMETRIC_REPRESENTATION_CONTEXT() REPRESENTATION_CONTEXT('2D SPACE',''
  ) );
#4738 = ADVANCED_FACE('',(#4739,#4811),#4408,.F.);
#4739 = FACE_BOUND('',#4740,.F.);
#4740 = EDGE_LOOP('',(#4741,#4742,#4743,#4766,#4789,#4810));
#4741 = ORIENTED_EDGE('',*,*,#4392,.T.);
#4742 = ORIENTED_EDGE('',*,*,#4554,.T.);
#4743 = ORIENTED_EDGE('',*,*,#4744,.T.);
#4744 = EDGE_CURVE('',#4555,#4745,#4747,.T.);
#4745 = VERTEX_POINT('',#4746);
#4746 = CARTESIAN_POINT('',(-8.64,1.058094834463E-15,-8.64));
#4747 = SURFACE_CURVE('',#4748,(#4752,#4759),.PCURVE_S1.);
#4748 = LINE('',#4749,#4750);
#4749 = CARTESIAN_POINT('',(-4.32,7.482459488698,-8.64));
#4750 = VECTOR('',#4751,1.);
#4751 = DIRECTION('',(-0.5,-0.866025403784,0.));
#4752 = PCURVE('',#4408,#4753);
#4753 = DEFINITIONAL_REPRESENTATION('',(#4754),#4758);
#4754 = LINE('',#4755,#4756);
#4755 = CARTESIAN_POINT('',(-4.32,7.482459488698));
#4756 = VECTOR('',#4757,1.);
#4757 = DIRECTION('',(-0.5,-0.866025403784));
#4758 = ( GEOMETRIC_REPRESENTATION_CONTEXT(2) 
PARAMETRIC_REPRESENTATION_CONTEXT() REPRESENTATION_CONTEXT('2D SPACE',''
  ) );
#4759 = PCURVE('',#4593,#4760);
#4760 = DEFINITIONAL_REPRESENTATION('',(#4761),#4765);
#4761 = LINE('',#4762,#4763);
#4762 = CARTESIAN_POINT('',(-0.,-8.64));
#4763 = VECTOR('',#4764,1.);
#4764 = DIRECTION('',(1.,0.));
#4765 = ( GEOMETRIC_REPRESENTATION_CONTEXT(2) 
PARAMETRIC_REPRESENTATION_CONTEXT() REPRESENTATION_CONTEXT('2D SPACE',''
  ) );
#4766 = ORIENTED_EDGE('',*,*,#4767,.T.);
#4767 = EDGE_CURVE('',#4745,#4768,#4770,.T.);
#4768 = VERTEX_POINT('',#4769);
#4769 = CARTESIAN_POINT('',(-4.32,-7.482459488698,-8.64));
#4770 = SURFACE_CURVE('',#4771,(#4775,#4782),.PCURVE_S1.);
#4771 = LINE('',#4772,#4773);
#4772 = CARTESIAN_POINT('',(-8.64,1.058094834463E-15,-8.64));
#4773 = VECTOR('',#4774,1.);
#4774 = DIRECTION('',(0.5,-0.866025403784,0.));
#4775 = PCURVE('',#4408,#4776);
#4776 = DEFINITIONAL_REPRESENTATION('',(#4777),#4781);
#4777 = LINE('',#4778,#4779);
#4778 = CARTESIAN_POINT('',(-8.64,6.469011216392E-16));
#4779 = VECTOR('',#4780,1.);
#4780 = DIRECTION('',(0.5,-0.866025403784));
#4781 = ( GEOMETRIC_REPRESENTATION_CONTEXT(2) 
PARAMETRIC_REPRESENTATION_CONTEXT() REPRESENTATION_CONTEXT('2D SPACE',''
  ) );
#4782 = PCURVE('',#4670,#4783);
#4783 = DEFINITIONAL_REPRESENTATION('',(#4784),#4788);
#4784 = LINE('',#4785,#4786);
#4785 = CARTESIAN_POINT('',(0.,-8.64));
#4786 = VECTOR('',#4787,1.);
#4787 = DIRECTION('',(1.,0.));
#4788 = ( GEOMETRIC_REPRESENTATION_CONTEXT(2) 
PARAMETRIC_REPRESENTATION_CONTEXT() REPRESENTATION_CONTEXT('2D SPACE',''
  ) );
#4789 = ORIENTED_EDGE('',*,*,#4790,.T.);
#4790 = EDGE_CURVE('',#4768,#4480,#4791,.T.);
#4791 = SURFACE_CURVE('',#4792,(#4796,#4803),.PCURVE_S1.);
#4792 = LINE('',#4793,#4794);
#4793 = CARTESIAN_POINT('',(-4.32,-7.482459488698,-8.64));
#4794 = VECTOR('',#4795,1.);
#4795 = DIRECTION('',(1.,-7.195889974422E-16,0.));
#4796 = PCURVE('',#4408,#4797);
#4797 = DEFINITIONAL_REPRESENTATION('',(#4798),#4802);
#4798 = LINE('',#4799,#4800);
#4799 = CARTESIAN_POINT('',(-4.32,-7.482459488698));
#4800 = VECTOR('',#4801,1.);
#4801 = DIRECTION('',(1.,-7.195889974422E-16));
#4802 = ( GEOMETRIC_REPRESENTATION_CONTEXT(2) 
PARAMETRIC_REPRESENTATION_CONTEXT() REPRESENTATION_CONTEXT('2D SPACE',''
  ) );
#4803 = PCURVE('',#4495,#4804);
#4804 = DEFINITIONAL_REPRESENTATION('',(#4805),#4809);
#4805 = LINE('',#4806,#4807);
#4806 = CARTESIAN_POINT('',(0.,-8.64));
#4807 = VECTOR('',#4808,1.);
#4808 = DIRECTION('',(1.,0.));
#4809 = ( GEOMETRIC_REPRESENTATION_CONTEXT(2) 
PARAMETRIC_REPRESENTATION_CONTEXT() REPRESENTATION_CONTEXT('2D SPACE',''
  ) );
#4810 = ORIENTED_EDGE('',*,*,#4507,.T.);
#4811 = FACE_BOUND('',#4812,.F.);
#4812 = EDGE_LOOP('',(#4813));
#4813 = ORIENTED_EDGE('',*,*,#4814,.F.);
#4814 = EDGE_CURVE('',#4815,#4815,#4817,.T.);
#4815 = VERTEX_POINT('',#4816);
#4816 = CARTESIAN_POINT('',(5.4,0.,-8.64));
#4817 = SURFACE_CURVE('',#4818,(#4823,#4830),.PCURVE_S1.);
#4818 = CIRCLE('',#4819,5.4);
#4819 = AXIS2_PLACEMENT_3D('',#4820,#4821,#4822);
#4820 = CARTESIAN_POINT('',(2.815412774984E-16,0.,-8.64));
#4821 = DIRECTION('',(0.,0.,1.));
#4822 = DIRECTION('',(1.,0.,0.));
#4823 = PCURVE('',#4408,#4824);
#4824 = DEFINITIONAL_REPRESENTATION('',(#4825),#4829);
#4825 = CIRCLE('',#4826,5.4);
#4826 = AXIS2_PLACEMENT_2D('',#4827,#4828);
#4827 = CARTESIAN_POINT('',(2.815412774984E-16,-4.111937128241E-16));
#4828 = DIRECTION('',(1.,0.));
#4829 = ( GEOMETRIC_REPRESENTATION_CONTEXT(2) 
PARAMETRIC_REPRESENTATION_CONTEXT() REPRESENTATION_CONTEXT('2D SPACE',''
  ) );
#4830 = PCURVE('',#4727,#4831);
#4831 = DEFINITIONAL_REPRESENTATION('',(#4832),#4836);
#4832 = LINE('',#4833,#4834);
#4833 = CARTESIAN_POINT('',(-6.28318530718,-8.6400002));
#4834 = VECTOR('',#4835,1.);
#4835 = DIRECTION('',(-1.,-0.));
#4836 = ( GEOMETRIC_REPRESENTATION_CONTEXT(2) 
PARAMETRIC_REPRESENTATION_CONTEXT() REPRESENTATION_CONTEXT('2D SPACE',''
  ) );
#4837 = ADVANCED_FACE('',(#4838),#4495,.T.);
#4838 = FACE_BOUND('',#4839,.T.);
#4839 = EDGE_LOOP('',(#4840,#4861,#4862,#4863));
#4840 = ORIENTED_EDGE('',*,*,#4841,.T.);
#4841 = EDGE_CURVE('',#4655,#4768,#4842,.T.);
#4842 = SURFACE_CURVE('',#4843,(#4847,#4854),.PCURVE_S1.);
#4843 = LINE('',#4844,#4845);
#4844 = CARTESIAN_POINT('',(-4.32,-7.482459488698,0.));
#4845 = VECTOR('',#4846,1.);
#4846 = DIRECTION('',(-0.,-0.,-1.));
#4847 = PCURVE('',#4495,#4848);
#4848 = DEFINITIONAL_REPRESENTATION('',(#4849),#4853);
#4849 = LINE('',#4850,#4851);
#4850 = CARTESIAN_POINT('',(0.,0.));
#4851 = VECTOR('',#4852,1.);
#4852 = DIRECTION('',(0.,-1.));
#4853 = ( GEOMETRIC_REPRESENTATION_CONTEXT(2) 
PARAMETRIC_REPRESENTATION_CONTEXT() REPRESENTATION_CONTEXT('2D SPACE',''
  ) );
#4854 = PCURVE('',#4670,#4855);
#4855 = DEFINITIONAL_REPRESENTATION('',(#4856),#4860);
#4856 = LINE('',#4857,#4858);
#4857 = CARTESIAN_POINT('',(8.64,0.));
#4858 = VECTOR('',#4859,1.);
#4859 = DIRECTION('',(0.,-1.));
#4860 = ( GEOMETRIC_REPRESENTATION_CONTEXT(2) 
PARAMETRIC_REPRESENTATION_CONTEXT() REPRESENTATION_CONTEXT('2D SPACE',''
  ) );
#4861 = ORIENTED_EDGE('',*,*,#4790,.T.);
#4862 = ORIENTED_EDGE('',*,*,#4477,.F.);
#4863 = ORIENTED_EDGE('',*,*,#4682,.F.);
#4864 = ADVANCED_FACE('',(#4865),#4593,.T.);
#4865 = FACE_BOUND('',#4866,.T.);
#4866 = EDGE_LOOP('',(#4867,#4868,#4869,#4890));
#4867 = ORIENTED_EDGE('',*,*,#4577,.T.);
#4868 = ORIENTED_EDGE('',*,*,#4744,.T.);
#4869 = ORIENTED_EDGE('',*,*,#4870,.F.);
#4870 = EDGE_CURVE('',#4632,#4745,#4871,.T.);
#4871 = SURFACE_CURVE('',#4872,(#4876,#4883),.PCURVE_S1.);
#4872 = LINE('',#4873,#4874);
#4873 = CARTESIAN_POINT('',(-8.64,1.058094834463E-15,0.));
#4874 = VECTOR('',#4875,1.);
#4875 = DIRECTION('',(-0.,-0.,-1.));
#4876 = PCURVE('',#4593,#4877);
#4877 = DEFINITIONAL_REPRESENTATION('',(#4878),#4882);
#4878 = LINE('',#4879,#4880);
#4879 = CARTESIAN_POINT('',(8.64,0.));
#4880 = VECTOR('',#4881,1.);
#4881 = DIRECTION('',(0.,-1.));
#4882 = ( GEOMETRIC_REPRESENTATION_CONTEXT(2) 
PARAMETRIC_REPRESENTATION_CONTEXT() REPRESENTATION_CONTEXT('2D SPACE',''
  ) );
#4883 = PCURVE('',#4670,#4884);
#4884 = DEFINITIONAL_REPRESENTATION('',(#4885),#4889);
#4885 = LINE('',#4886,#4887);
#4886 = CARTESIAN_POINT('',(0.,0.));
#4887 = VECTOR('',#4888,1.);
#4888 = DIRECTION('',(0.,-1.));
#4889 = ( GEOMETRIC_REPRESENTATION_CONTEXT(2) 
PARAMETRIC_REPRESENTATION_CONTEXT() REPRESENTATION_CONTEXT('2D SPACE',''
  ) );
#4890 = ORIENTED_EDGE('',*,*,#4631,.F.);
#4891 = ADVANCED_FACE('',(#4892),#4670,.T.);
#4892 = FACE_BOUND('',#4893,.T.);
#4893 = EDGE_LOOP('',(#4894,#4895,#4896,#4897));
#4894 = ORIENTED_EDGE('',*,*,#4870,.T.);
#4895 = ORIENTED_EDGE('',*,*,#4767,.T.);
#4896 = ORIENTED_EDGE('',*,*,#4841,.F.);
#4897 = ORIENTED_EDGE('',*,*,#4654,.F.);
#4898 = ADVANCED_FACE('',(#4899),#4727,.F.);
#4899 = FACE_BOUND('',#4900,.T.);
#4900 = EDGE_LOOP('',(#4901,#4902,#4923,#4924));
#4901 = ORIENTED_EDGE('',*,*,#4814,.F.);
#4902 = ORIENTED_EDGE('',*,*,#4903,.T.);
#4903 = EDGE_CURVE('',#4815,#4707,#4904,.T.);
#4904 = SEAM_CURVE('',#4905,(#4909,#4916),.PCURVE_S1.);
#4905 = LINE('',#4906,#4907);
#4906 = CARTESIAN_POINT('',(5.4,0.,-17.2800002));
#4907 = VECTOR('',#4908,1.);
#4908 = DIRECTION('',(0.,0.,1.));
#4909 = PCURVE('',#4727,#4910);
#4910 = DEFINITIONAL_REPRESENTATION('',(#4911),#4915);
#4911 = LINE('',#4912,#4913);
#4912 = CARTESIAN_POINT('',(-0.,0.));
#4913 = VECTOR('',#4914,1.);
#4914 = DIRECTION('',(-0.,-1.));
#4915 = ( GEOMETRIC_REPRESENTATION_CONTEXT(2) 
PARAMETRIC_REPRESENTATION_CONTEXT() REPRESENTATION_CONTEXT('2D SPACE',''
  ) );
#4916 = PCURVE('',#4727,#4917);
#4917 = DEFINITIONAL_REPRESENTATION('',(#4918),#4922);
#4918 = LINE('',#4919,#4920);
#4919 = CARTESIAN_POINT('',(-6.28318530718,0.));
#4920 = VECTOR('',#4921,1.);
#4921 = DIRECTION('',(-0.,-1.));
#4922 = ( GEOMETRIC_REPRESENTATION_CONTEXT(2) 
PARAMETRIC_REPRESENTATION_CONTEXT() REPRESENTATION_CONTEXT('2D SPACE',''
  ) );
#4923 = ORIENTED_EDGE('',*,*,#4706,.F.);
#4924 = ORIENTED_EDGE('',*,*,#4903,.F.);
#4925 = ( GEOMETRIC_REPRESENTATION_CONTEXT(3) 
GLOBAL_UNCERTAINTY_ASSIGNED_CONTEXT((#4929)) 
GLOBAL_UNIT_ASSIGNED_CONTEXT((#4926,#4927,#4928)) REPRESENTATION_CONTEXT
('Context #1','3D Context with UNIT and UNCERTAINTY') );
#4926 = ( LENGTH_UNIT() NAMED_UNIT(*) SI_UNIT(.MILLI.,.METRE.) );
#4927 = ( NAMED_UNIT(*) PLANE_ANGLE_UNIT() SI_UNIT($,.RADIAN.) );
#4928 = ( NAMED_UNIT(*) SI_UNIT($,.STERADIAN.) SOLID_ANGLE_UNIT() );
#4929 = UNCERTAINTY_MEASURE_WITH_UNIT(LENGTH_MEASURE(1.E-07),#4926,
  'distance_accuracy_value','confusion accuracy');
#4930 = SHAPE_DEFINITION_REPRESENTATION(#4931,#4350);
#4931 = PRODUCT_DEFINITION_SHAPE('','',#4932);
#4932 = PRODUCT_DEFINITION('design','',#4933,#4936);
#4933 = PRODUCT_DEFINITION_FORMATION('','',#4934);
#4934 = PRODUCT('auto_nut_1_part','auto_nut_1_part','',(#4935));
#4935 = PRODUCT_CONTEXT('',#2,'mechanical');
#4936 = PRODUCT_DEFINITION_CONTEXT('part definition',#2,'design');
#4937 = CONTEXT_DEPENDENT_SHAPE_REPRESENTATION(#4938,#4940);
#4938 = ( REPRESENTATION_RELATIONSHIP('','',#4350,#4340) 
REPRESENTATION_RELATIONSHIP_WITH_TRANSFORMATION(#4939) 
SHAPE_REPRESENTATION_RELATIONSHIP() );
#4939 = ITEM_DEFINED_TRANSFORMATION('','',#11,#4341);
#4940 = PRODUCT_DEFINITION_SHAPE('Placement','Placement of an item',
  #4941);
#4941 = NEXT_ASSEMBLY_USAGE_OCCURRENCE('12','','',#4335,#4932,$);
#4942 = PRODUCT_RELATED_PRODUCT_CATEGORY('part',$,(#4934));
#4943 = CONTEXT_DEPENDENT_SHAPE_REPRESENTATION(#4944,#4946);
#4944 = ( REPRESENTATION_RELATIONSHIP('','',#4340,#32) 
REPRESENTATION_RELATIONSHIP_WITH_TRANSFORMATION(#4945) 
SHAPE_REPRESENTATION_RELATIONSHIP() );
#4945 = ITEM_DEFINED_TRANSFORMATION('','',#11,#57);
#4946 = PRODUCT_DEFINITION_SHAPE('Placement','Placement of an item',
  #4947);
#4947 = NEXT_ASSEMBLY_USAGE_OCCURRENCE('13','','',#27,#4335,$);
#4948 = PRODUCT_RELATED_PRODUCT_CATEGORY('part',$,(#4337));
#4949 = SHAPE_DEFINITION_REPRESENTATION(#4950,#4956);
#4950 = PRODUCT_DEFINITION_SHAPE('','',#4951);
#4951 = PRODUCT_DEFINITION('design','',#4952,#4955);
#4952 = PRODUCT_DEFINITION_FORMATION('','',#4953);
#4953 = PRODUCT('auto_bolt_2','auto_bolt_2','',(#4954));
#4954 = PRODUCT_CONTEXT('',#2,'mechanical');
#4955 = PRODUCT_DEFINITION_CONTEXT('part definition',#2,'design');
#4956 = SHAPE_REPRESENTATION('',(#11,#4957),#4961);
#4957 = AXIS2_PLACEMENT_3D('',#4958,#4959,#4960);
#4958 = CARTESIAN_POINT('',(0.,0.,0.));
#4959 = DIRECTION('',(0.,0.,1.));
#4960 = DIRECTION('',(1.,0.,-0.));
#4961 = ( GEOMETRIC_REPRESENTATION_CONTEXT(3) 
GLOBAL_UNCERTAINTY_ASSIGNED_CONTEXT((#4965)) 
GLOBAL_UNIT_ASSIGNED_CONTEXT((#4962,#4963,#4964)) REPRESENTATION_CONTEXT
('Context #1','3D Context with UNIT and UNCERTAINTY') );
#4962 = ( LENGTH_UNIT() NAMED_UNIT(*) SI_UNIT(.MILLI.,.METRE.) );
#4963 = ( NAMED_UNIT(*) PLANE_ANGLE_UNIT() SI_UNIT($,.RADIAN.) );
#4964 = ( NAMED_UNIT(*) SI_UNIT($,.STERADIAN.) SOLID_ANGLE_UNIT() );
#4965 = UNCERTAINTY_MEASURE_WITH_UNIT(LENGTH_MEASURE(1.E-07),#4962,
  'distance_accuracy_value','confusion accuracy');
#4966 = ADVANCED_BREP_SHAPE_REPRESENTATION('',(#11,#4967),#5543);
#4967 = MANIFOLD_SOLID_BREP('',#4968);
#4968 = CLOSED_SHELL('',(#4969,#5089,#5165,#5241,#5350,#5423,#5450,#5477
    ,#5484,#5539));
#4969 = ADVANCED_FACE('',(#4970),#4984,.T.);
#4970 = FACE_BOUND('',#4971,.T.);
#4971 = EDGE_LOOP('',(#4972,#5007,#5035,#5063));
#4972 = ORIENTED_EDGE('',*,*,#4973,.T.);
#4973 = EDGE_CURVE('',#4974,#4976,#4978,.T.);
#4974 = VERTEX_POINT('',#4975);
#4975 = CARTESIAN_POINT('',(9.72,0.,0.));
#4976 = VERTEX_POINT('',#4977);
#4977 = CARTESIAN_POINT('',(9.72,0.,-6.48));
#4978 = SURFACE_CURVE('',#4979,(#4983,#4995),.PCURVE_S1.);
#4979 = LINE('',#4980,#4981);
#4980 = CARTESIAN_POINT('',(9.72,0.,0.));
#4981 = VECTOR('',#4982,1.);
#4982 = DIRECTION('',(-0.,-0.,-1.));
#4983 = PCURVE('',#4984,#4989);
#4984 = PLANE('',#4985);
#4985 = AXIS2_PLACEMENT_3D('',#4986,#4987,#4988);
#4986 = CARTESIAN_POINT('',(9.72,0.,0.));
#4987 = DIRECTION('',(0.866025403784,0.5,-0.));
#4988 = DIRECTION('',(-0.5,0.866025403784,0.));
#4989 = DEFINITIONAL_REPRESENTATION('',(#4990),#4994);
#4990 = LINE('',#4991,#4992);
#4991 = CARTESIAN_POINT('',(0.,0.));
#4992 = VECTOR('',#4993,1.);
#4993 = DIRECTION('',(0.,-1.));
#4994 = ( GEOMETRIC_REPRESENTATION_CONTEXT(2) 
PARAMETRIC_REPRESENTATION_CONTEXT() REPRESENTATION_CONTEXT('2D SPACE',''
  ) );
#4995 = PCURVE('',#4996,#5001);
#4996 = PLANE('',#4997);
#4997 = AXIS2_PLACEMENT_3D('',#4998,#4999,#5000);
#4998 = CARTESIAN_POINT('',(4.86,-8.417766924785,0.));
#4999 = DIRECTION('',(0.866025403784,-0.5,0.));
#5000 = DIRECTION('',(0.5,0.866025403784,0.));
#5001 = DEFINITIONAL_REPRESENTATION('',(#5002),#5006);
#5002 = LINE('',#5003,#5004);
#5003 = CARTESIAN_POINT('',(9.72,0.));
#5004 = VECTOR('',#5005,1.);
#5005 = DIRECTION('',(0.,-1.));
#5006 = ( GEOMETRIC_REPRESENTATION_CONTEXT(2) 
PARAMETRIC_REPRESENTATION_CONTEXT() REPRESENTATION_CONTEXT('2D SPACE',''
  ) );
#5007 = ORIENTED_EDGE('',*,*,#5008,.T.);
#5008 = EDGE_CURVE('',#4976,#5009,#5011,.T.);
#5009 = VERTEX_POINT('',#5010);
#5010 = CARTESIAN_POINT('',(4.86,8.417766924785,-6.48));
#5011 = SURFACE_CURVE('',#5012,(#5016,#5023),.PCURVE_S1.);
#5012 = LINE('',#5013,#5014);
#5013 = CARTESIAN_POINT('',(9.72,0.,-6.48));
#5014 = VECTOR('',#5015,1.);
#5015 = DIRECTION('',(-0.5,0.866025403784,0.));
#5016 = PCURVE('',#4984,#5017);
#5017 = DEFINITIONAL_REPRESENTATION('',(#5018),#5022);
#5018 = LINE('',#5019,#5020);
#5019 = CARTESIAN_POINT('',(0.,-6.48));
#5020 = VECTOR('',#5021,1.);
#5021 = DIRECTION('',(1.,0.));
#5022 = ( GEOMETRIC_REPRESENTATION_CONTEXT(2) 
PARAMETRIC_REPRESENTATION_CONTEXT() REPRESENTATION_CONTEXT('2D SPACE',''
  ) );
#5023 = PCURVE('',#5024,#5029);
#5024 = PLANE('',#5025);
#5025 = AXIS2_PLACEMENT_3D('',#5026,#5027,#5028);
#5026 = CARTESIAN_POINT('',(-1.218351741701E-16,-6.091758708506E-16,
    -6.48));
#5027 = DIRECTION('',(0.,0.,1.));
#5028 = DIRECTION('',(1.,0.,-0.));
#5029 = DEFINITIONAL_REPRESENTATION('',(#5030),#5034);
#5030 = LINE('',#5031,#5032);
#5031 = CARTESIAN_POINT('',(9.72,6.091758708506E-16));
#5032 = VECTOR('',#5033,1.);
#5033 = DIRECTION('',(-0.5,0.866025403784));
#5034 = ( GEOMETRIC_REPRESENTATION_CONTEXT(2) 
PARAMETRIC_REPRESENTATION_CONTEXT() REPRESENTATION_CONTEXT('2D SPACE',''
  ) );
#5035 = ORIENTED_EDGE('',*,*,#5036,.F.);
#5036 = EDGE_CURVE('',#5037,#5009,#5039,.T.);
#5037 = VERTEX_POINT('',#5038);
#5038 = CARTESIAN_POINT('',(4.86,8.417766924785,0.));
#5039 = SURFACE_CURVE('',#5040,(#5044,#5051),.PCURVE_S1.);
#5040 = LINE('',#5041,#5042);
#5041 = CARTESIAN_POINT('',(4.86,8.417766924785,0.));
#5042 = VECTOR('',#5043,1.);
#5043 = DIRECTION('',(-0.,-0.,-1.));
#5044 = PCURVE('',#4984,#5045);
#5045 = DEFINITIONAL_REPRESENTATION('',(#5046),#5050);
#5046 = LINE('',#5047,#5048);
#5047 = CARTESIAN_POINT('',(9.72,0.));
#5048 = VECTOR('',#5049,1.);
#5049 = DIRECTION('',(0.,-1.));
#5050 = ( GEOMETRIC_REPRESENTATION_CONTEXT(2) 
PARAMETRIC_REPRESENTATION_CONTEXT() REPRESENTATION_CONTEXT('2D SPACE',''
  ) );
#5051 = PCURVE('',#5052,#5057);
#5052 = PLANE('',#5053);
#5053 = AXIS2_PLACEMENT_3D('',#5054,#5055,#5056);
#5054 = CARTESIAN_POINT('',(4.86,8.417766924785,0.));
#5055 = DIRECTION('',(1.827527612552E-16,1.,-0.));
#5056 = DIRECTION('',(-1.,1.827527612552E-16,0.));
#5057 = DEFINITIONAL_REPRESENTATION('',(#5058),#5062);
#5058 = LINE('',#5059,#5060);
#5059 = CARTESIAN_POINT('',(0.,0.));
#5060 = VECTOR('',#5061,1.);
#5061 = DIRECTION('',(0.,-1.));
#5062 = ( GEOMETRIC_REPRESENTATION_CONTEXT(2) 
PARAMETRIC_REPRESENTATION_CONTEXT() REPRESENTATION_CONTEXT('2D SPACE',''
  ) );
#5063 = ORIENTED_EDGE('',*,*,#5064,.F.);
#5064 = EDGE_CURVE('',#4974,#5037,#5065,.T.);
#5065 = SURFACE_CURVE('',#5066,(#5070,#5077),.PCURVE_S1.);
#5066 = LINE('',#5067,#5068);
#5067 = CARTESIAN_POINT('',(9.72,0.,0.));
#5068 = VECTOR('',#5069,1.);
#5069 = DIRECTION('',(-0.5,0.866025403784,0.));
#5070 = PCURVE('',#4984,#5071);
#5071 = DEFINITIONAL_REPRESENTATION('',(#5072),#5076);
#5072 = LINE('',#5073,#5074);
#5073 = CARTESIAN_POINT('',(0.,0.));
#5074 = VECTOR('',#5075,1.);
#5075 = DIRECTION('',(1.,0.));
#5076 = ( GEOMETRIC_REPRESENTATION_CONTEXT(2) 
PARAMETRIC_REPRESENTATION_CONTEXT() REPRESENTATION_CONTEXT('2D SPACE',''
  ) );
#5077 = PCURVE('',#5078,#5083);
#5078 = PLANE('',#5079);
#5079 = AXIS2_PLACEMENT_3D('',#5080,#5081,#5082);
#5080 = CARTESIAN_POINT('',(-1.218351741701E-16,-6.091758708506E-16,0.)
  );
#5081 = DIRECTION('',(0.,0.,1.));
#5082 = DIRECTION('',(1.,0.,-0.));
#5083 = DEFINITIONAL_REPRESENTATION('',(#5084),#5088);
#5084 = LINE('',#5085,#5086);
#5085 = CARTESIAN_POINT('',(9.72,6.091758708506E-16));
#5086 = VECTOR('',#5087,1.);
#5087 = DIRECTION('',(-0.5,0.866025403784));
#5088 = ( GEOMETRIC_REPRESENTATION_CONTEXT(2) 
PARAMETRIC_REPRESENTATION_CONTEXT() REPRESENTATION_CONTEXT('2D SPACE',''
  ) );
#5089 = ADVANCED_FACE('',(#5090),#4996,.T.);
#5090 = FACE_BOUND('',#5091,.T.);
#5091 = EDGE_LOOP('',(#5092,#5122,#5143,#5144));
#5092 = ORIENTED_EDGE('',*,*,#5093,.T.);
#5093 = EDGE_CURVE('',#5094,#5096,#5098,.T.);
#5094 = VERTEX_POINT('',#5095);
#5095 = CARTESIAN_POINT('',(4.86,-8.417766924785,0.));
#5096 = VERTEX_POINT('',#5097);
#5097 = CARTESIAN_POINT('',(4.86,-8.417766924785,-6.48));
#5098 = SURFACE_CURVE('',#5099,(#5103,#5110),.PCURVE_S1.);
#5099 = LINE('',#5100,#5101);
#5100 = CARTESIAN_POINT('',(4.86,-8.417766924785,0.));
#5101 = VECTOR('',#5102,1.);
#5102 = DIRECTION('',(-0.,-0.,-1.));
#5103 = PCURVE('',#4996,#5104);
#5104 = DEFINITIONAL_REPRESENTATION('',(#5105),#5109);
#5105 = LINE('',#5106,#5107);
#5106 = CARTESIAN_POINT('',(0.,0.));
#5107 = VECTOR('',#5108,1.);
#5108 = DIRECTION('',(0.,-1.));
#5109 = ( GEOMETRIC_REPRESENTATION_CONTEXT(2) 
PARAMETRIC_REPRESENTATION_CONTEXT() REPRESENTATION_CONTEXT('2D SPACE',''
  ) );
#5110 = PCURVE('',#5111,#5116);
#5111 = PLANE('',#5112);
#5112 = AXIS2_PLACEMENT_3D('',#5113,#5114,#5115);
#5113 = CARTESIAN_POINT('',(-4.86,-8.417766924785,0.));
#5114 = DIRECTION('',(-7.310110450207E-16,-1.,0.));
#5115 = DIRECTION('',(1.,-7.310110450207E-16,0.));
#5116 = DEFINITIONAL_REPRESENTATION('',(#5117),#5121);
#5117 = LINE('',#5118,#5119);
#5118 = CARTESIAN_POINT('',(9.72,0.));
#5119 = VECTOR('',#5120,1.);
#5120 = DIRECTION('',(0.,-1.));
#5121 = ( GEOMETRIC_REPRESENTATION_CONTEXT(2) 
PARAMETRIC_REPRESENTATION_CONTEXT() REPRESENTATION_CONTEXT('2D SPACE',''
  ) );
#5122 = ORIENTED_EDGE('',*,*,#5123,.T.);
#5123 = EDGE_CURVE('',#5096,#4976,#5124,.T.);
#5124 = SURFACE_CURVE('',#5125,(#5129,#5136),.PCURVE_S1.);
#5125 = LINE('',#5126,#5127);
#5126 = CARTESIAN_POINT('',(4.86,-8.417766924785,-6.48));
#5127 = VECTOR('',#5128,1.);
#5128 = DIRECTION('',(0.5,0.866025403784,0.));
#5129 = PCURVE('',#4996,#5130);
#5130 = DEFINITIONAL_REPRESENTATION('',(#5131),#5135);
#5131 = LINE('',#5132,#5133);
#5132 = CARTESIAN_POINT('',(0.,-6.48));
#5133 = VECTOR('',#5134,1.);
#5134 = DIRECTION('',(1.,0.));
#5135 = ( GEOMETRIC_REPRESENTATION_CONTEXT(2) 
PARAMETRIC_REPRESENTATION_CONTEXT() REPRESENTATION_CONTEXT('2D SPACE',''
  ) );
#5136 = PCURVE('',#5024,#5137);
#5137 = DEFINITIONAL_REPRESENTATION('',(#5138),#5142);
#5138 = LINE('',#5139,#5140);
#5139 = CARTESIAN_POINT('',(4.86,-8.417766924785));
#5140 = VECTOR('',#5141,1.);
#5141 = DIRECTION('',(0.5,0.866025403784));
#5142 = ( GEOMETRIC_REPRESENTATION_CONTEXT(2) 
PARAMETRIC_REPRESENTATION_CONTEXT() REPRESENTATION_CONTEXT('2D SPACE',''
  ) );
#5143 = ORIENTED_EDGE('',*,*,#4973,.F.);
#5144 = ORIENTED_EDGE('',*,*,#5145,.F.);
#5145 = EDGE_CURVE('',#5094,#4974,#5146,.T.);
#5146 = SURFACE_CURVE('',#5147,(#5151,#5158),.PCURVE_S1.);
#5147 = LINE('',#5148,#5149);
#5148 = CARTESIAN_POINT('',(4.86,-8.417766924785,0.));
#5149 = VECTOR('',#5150,1.);
#5150 = DIRECTION('',(0.5,0.866025403784,0.));
#5151 = PCURVE('',#4996,#5152);
#5152 = DEFINITIONAL_REPRESENTATION('',(#5153),#5157);
#5153 = LINE('',#5154,#5155);
#5154 = CARTESIAN_POINT('',(0.,0.));
#5155 = VECTOR('',#5156,1.);
#5156 = DIRECTION('',(1.,0.));
#5157 = ( GEOMETRIC_REPRESENTATION_CONTEXT(2) 
PARAMETRIC_REPRESENTATION_CONTEXT() REPRESENTATION_CONTEXT('2D SPACE',''
  ) );
#5158 = PCURVE('',#5078,#5159);
#5159 = DEFINITIONAL_REPRESENTATION('',(#5160),#5164);
#5160 = LINE('',#5161,#5162);
#5161 = CARTESIAN_POINT('',(4.86,-8.417766924785));
#5162 = VECTOR('',#5163,1.);
#5163 = DIRECTION('',(0.5,0.866025403784));
#5164 = ( GEOMETRIC_REPRESENTATION_CONTEXT(2) 
PARAMETRIC_REPRESENTATION_CONTEXT() REPRESENTATION_CONTEXT('2D SPACE',''
  ) );
#5165 = ADVANCED_FACE('',(#5166),#5052,.T.);
#5166 = FACE_BOUND('',#5167,.T.);
#5167 = EDGE_LOOP('',(#5168,#5169,#5192,#5220));
#5168 = ORIENTED_EDGE('',*,*,#5036,.T.);
#5169 = ORIENTED_EDGE('',*,*,#5170,.T.);
#5170 = EDGE_CURVE('',#5009,#5171,#5173,.T.);
#5171 = VERTEX_POINT('',#5172);
#5172 = CARTESIAN_POINT('',(-4.86,8.417766924785,-6.48));
#5173 = SURFACE_CURVE('',#5174,(#5178,#5185),.PCURVE_S1.);
#5174 = LINE('',#5175,#5176);
#5175 = CARTESIAN_POINT('',(4.86,8.417766924785,-6.48));
#5176 = VECTOR('',#5177,1.);
#5177 = DIRECTION('',(-1.,1.827527612552E-16,0.));
#5178 = PCURVE('',#5052,#5179);
#5179 = DEFINITIONAL_REPRESENTATION('',(#5180),#5184);
#5180 = LINE('',#5181,#5182);
#5181 = CARTESIAN_POINT('',(0.,-6.48));
#5182 = VECTOR('',#5183,1.);
#5183 = DIRECTION('',(1.,0.));
#5184 = ( GEOMETRIC_REPRESENTATION_CONTEXT(2) 
PARAMETRIC_REPRESENTATION_CONTEXT() REPRESENTATION_CONTEXT('2D SPACE',''
  ) );
#5185 = PCURVE('',#5024,#5186);
#5186 = DEFINITIONAL_REPRESENTATION('',(#5187),#5191);
#5187 = LINE('',#5188,#5189);
#5188 = CARTESIAN_POINT('',(4.86,8.417766924785));
#5189 = VECTOR('',#5190,1.);
#5190 = DIRECTION('',(-1.,1.827527612552E-16));
#5191 = ( GEOMETRIC_REPRESENTATION_CONTEXT(2) 
PARAMETRIC_REPRESENTATION_CONTEXT() REPRESENTATION_CONTEXT('2D SPACE',''
  ) );
#5192 = ORIENTED_EDGE('',*,*,#5193,.F.);
#5193 = EDGE_CURVE('',#5194,#5171,#5196,.T.);
#5194 = VERTEX_POINT('',#5195);
#5195 = CARTESIAN_POINT('',(-4.86,8.417766924785,0.));
#5196 = SURFACE_CURVE('',#5197,(#5201,#5208),.PCURVE_S1.);
#5197 = LINE('',#5198,#5199);
#5198 = CARTESIAN_POINT('',(-4.86,8.417766924785,0.));
#5199 = VECTOR('',#5200,1.);
#5200 = DIRECTION('',(-0.,-0.,-1.));
#5201 = PCURVE('',#5052,#5202);
#5202 = DEFINITIONAL_REPRESENTATION('',(#5203),#5207);
#5203 = LINE('',#5204,#5205);
#5204 = CARTESIAN_POINT('',(9.72,0.));
#5205 = VECTOR('',#5206,1.);
#5206 = DIRECTION('',(0.,-1.));
#5207 = ( GEOMETRIC_REPRESENTATION_CONTEXT(2) 
PARAMETRIC_REPRESENTATION_CONTEXT() REPRESENTATION_CONTEXT('2D SPACE',''
  ) );
#5208 = PCURVE('',#5209,#5214);
#5209 = PLANE('',#5210);
#5210 = AXIS2_PLACEMENT_3D('',#5211,#5212,#5213);
#5211 = CARTESIAN_POINT('',(-4.86,8.417766924785,0.));
#5212 = DIRECTION('',(-0.866025403784,0.5,0.));
#5213 = DIRECTION('',(-0.5,-0.866025403784,0.));
#5214 = DEFINITIONAL_REPRESENTATION('',(#5215),#5219);
#5215 = LINE('',#5216,#5217);
#5216 = CARTESIAN_POINT('',(0.,0.));
#5217 = VECTOR('',#5218,1.);
#5218 = DIRECTION('',(0.,-1.));
#5219 = ( GEOMETRIC_REPRESENTATION_CONTEXT(2) 
PARAMETRIC_REPRESENTATION_CONTEXT() REPRESENTATION_CONTEXT('2D SPACE',''
  ) );
#5220 = ORIENTED_EDGE('',*,*,#5221,.F.);
#5221 = EDGE_CURVE('',#5037,#5194,#5222,.T.);
#5222 = SURFACE_CURVE('',#5223,(#5227,#5234),.PCURVE_S1.);
#5223 = LINE('',#5224,#5225);
#5224 = CARTESIAN_POINT('',(4.86,8.417766924785,0.));
#5225 = VECTOR('',#5226,1.);
#5226 = DIRECTION('',(-1.,1.827527612552E-16,0.));
#5227 = PCURVE('',#5052,#5228);
#5228 = DEFINITIONAL_REPRESENTATION('',(#5229),#5233);
#5229 = LINE('',#5230,#5231);
#5230 = CARTESIAN_POINT('',(0.,0.));
#5231 = VECTOR('',#5232,1.);
#5232 = DIRECTION('',(1.,0.));
#5233 = ( GEOMETRIC_REPRESENTATION_CONTEXT(2) 
PARAMETRIC_REPRESENTATION_CONTEXT() REPRESENTATION_CONTEXT('2D SPACE',''
  ) );
#5234 = PCURVE('',#5078,#5235);
#5235 = DEFINITIONAL_REPRESENTATION('',(#5236),#5240);
#5236 = LINE('',#5237,#5238);
#5237 = CARTESIAN_POINT('',(4.86,8.417766924785));
#5238 = VECTOR('',#5239,1.);
#5239 = DIRECTION('',(-1.,1.827527612552E-16));
#5240 = ( GEOMETRIC_REPRESENTATION_CONTEXT(2) 
PARAMETRIC_REPRESENTATION_CONTEXT() REPRESENTATION_CONTEXT('2D SPACE',''
  ) );
#5241 = ADVANCED_FACE('',(#5242,#5319),#5078,.T.);
#5242 = FACE_BOUND('',#5243,.T.);
#5243 = EDGE_LOOP('',(#5244,#5245,#5246,#5269,#5297,#5318));
#5244 = ORIENTED_EDGE('',*,*,#5064,.T.);
#5245 = ORIENTED_EDGE('',*,*,#5221,.T.);
#5246 = ORIENTED_EDGE('',*,*,#5247,.T.);
#5247 = EDGE_CURVE('',#5194,#5248,#5250,.T.);
#5248 = VERTEX_POINT('',#5249);
#5249 = CARTESIAN_POINT('',(-9.72,1.190356688771E-15,0.));
#5250 = SURFACE_CURVE('',#5251,(#5255,#5262),.PCURVE_S1.);
#5251 = LINE('',#5252,#5253);
#5252 = CARTESIAN_POINT('',(-4.86,8.417766924785,0.));
#5253 = VECTOR('',#5254,1.);
#5254 = DIRECTION('',(-0.5,-0.866025403784,0.));
#5255 = PCURVE('',#5078,#5256);
#5256 = DEFINITIONAL_REPRESENTATION('',(#5257),#5261);
#5257 = LINE('',#5258,#5259);
#5258 = CARTESIAN_POINT('',(-4.86,8.417766924785));
#5259 = VECTOR('',#5260,1.);
#5260 = DIRECTION('',(-0.5,-0.866025403784));
#5261 = ( GEOMETRIC_REPRESENTATION_CONTEXT(2) 
PARAMETRIC_REPRESENTATION_CONTEXT() REPRESENTATION_CONTEXT('2D SPACE',''
  ) );
#5262 = PCURVE('',#5209,#5263);
#5263 = DEFINITIONAL_REPRESENTATION('',(#5264),#5268);
#5264 = LINE('',#5265,#5266);
#5265 = CARTESIAN_POINT('',(0.,0.));
#5266 = VECTOR('',#5267,1.);
#5267 = DIRECTION('',(1.,0.));
#5268 = ( GEOMETRIC_REPRESENTATION_CONTEXT(2) 
PARAMETRIC_REPRESENTATION_CONTEXT() REPRESENTATION_CONTEXT('2D SPACE',''
  ) );
#5269 = ORIENTED_EDGE('',*,*,#5270,.T.);
#5270 = EDGE_CURVE('',#5248,#5271,#5273,.T.);
#5271 = VERTEX_POINT('',#5272);
#5272 = CARTESIAN_POINT('',(-4.86,-8.417766924785,0.));
#5273 = SURFACE_CURVE('',#5274,(#5278,#5285),.PCURVE_S1.);
#5274 = LINE('',#5275,#5276);
#5275 = CARTESIAN_POINT('',(-9.72,1.190356688771E-15,0.));
#5276 = VECTOR('',#5277,1.);
#5277 = DIRECTION('',(0.5,-0.866025403784,0.));
#5278 = PCURVE('',#5078,#5279);
#5279 = DEFINITIONAL_REPRESENTATION('',(#5280),#5284);
#5280 = LINE('',#5281,#5282);
#5281 = CARTESIAN_POINT('',(-9.72,1.799532559622E-15));
#5282 = VECTOR('',#5283,1.);
#5283 = DIRECTION('',(0.5,-0.866025403784));
#5284 = ( GEOMETRIC_REPRESENTATION_CONTEXT(2) 
PARAMETRIC_REPRESENTATION_CONTEXT() REPRESENTATION_CONTEXT('2D SPACE',''
  ) );
#5285 = PCURVE('',#5286,#5291);
#5286 = PLANE('',#5287);
#5287 = AXIS2_PLACEMENT_3D('',#5288,#5289,#5290);
#5288 = CARTESIAN_POINT('',(-9.72,1.190356688771E-15,0.));
#5289 = DIRECTION('',(-0.866025403784,-0.5,0.));
#5290 = DIRECTION('',(0.5,-0.866025403784,0.));
#5291 = DEFINITIONAL_REPRESENTATION('',(#5292),#5296);
#5292 = LINE('',#5293,#5294);
#5293 = CARTESIAN_POINT('',(0.,0.));
#5294 = VECTOR('',#5295,1.);
#5295 = DIRECTION('',(1.,0.));
#5296 = ( GEOMETRIC_REPRESENTATION_CONTEXT(2) 
PARAMETRIC_REPRESENTATION_CONTEXT() REPRESENTATION_CONTEXT('2D SPACE',''
  ) );
#5297 = ORIENTED_EDGE('',*,*,#5298,.T.);
#5298 = EDGE_CURVE('',#5271,#5094,#5299,.T.);
#5299 = SURFACE_CURVE('',#5300,(#5304,#5311),.PCURVE_S1.);
#5300 = LINE('',#5301,#5302);
#5301 = CARTESIAN_POINT('',(-4.86,-8.417766924785,0.));
#5302 = VECTOR('',#5303,1.);
#5303 = DIRECTION('',(1.,-7.310110450207E-16,0.));
#5304 = PCURVE('',#5078,#5305);
#5305 = DEFINITIONAL_REPRESENTATION('',(#5306),#5310);
#5306 = LINE('',#5307,#5308);
#5307 = CARTESIAN_POINT('',(-4.86,-8.417766924785));
#5308 = VECTOR('',#5309,1.);
#5309 = DIRECTION('',(1.,-7.310110450207E-16));
#5310 = ( GEOMETRIC_REPRESENTATION_CONTEXT(2) 
PARAMETRIC_REPRESENTATION_CONTEXT() REPRESENTATION_CONTEXT('2D SPACE',''
  ) );
#5311 = PCURVE('',#5111,#5312);
#5312 = DEFINITIONAL_REPRESENTATION('',(#5313),#5317);
#5313 = LINE('',#5314,#5315);
#5314 = CARTESIAN_POINT('',(0.,0.));
#5315 = VECTOR('',#5316,1.);
#5316 = DIRECTION('',(1.,0.));
#5317 = ( GEOMETRIC_REPRESENTATION_CONTEXT(2) 
PARAMETRIC_REPRESENTATION_CONTEXT() REPRESENTATION_CONTEXT('2D SPACE',''
  ) );
#5318 = ORIENTED_EDGE('',*,*,#5145,.T.);
#5319 = FACE_BOUND('',#5320,.T.);
#5320 = EDGE_LOOP('',(#5321));
#5321 = ORIENTED_EDGE('',*,*,#5322,.F.);
#5322 = EDGE_CURVE('',#5323,#5323,#5325,.T.);
#5323 = VERTEX_POINT('',#5324);
#5324 = CARTESIAN_POINT('',(5.4,0.,0.));
#5325 = SURFACE_CURVE('',#5326,(#5331,#5338),.PCURVE_S1.);
#5326 = CIRCLE('',#5327,5.4);
#5327 = AXIS2_PLACEMENT_3D('',#5328,#5329,#5330);
#5328 = CARTESIAN_POINT('',(0.,0.,0.));
#5329 = DIRECTION('',(0.,0.,1.));
#5330 = DIRECTION('',(1.,0.,0.));
#5331 = PCURVE('',#5078,#5332);
#5332 = DEFINITIONAL_REPRESENTATION('',(#5333),#5337);
#5333 = CIRCLE('',#5334,5.4);
#5334 = AXIS2_PLACEMENT_2D('',#5335,#5336);
#5335 = CARTESIAN_POINT('',(1.218351741701E-16,6.091758708506E-16));
#5336 = DIRECTION('',(1.,0.));
#5337 = ( GEOMETRIC_REPRESENTATION_CONTEXT(2) 
PARAMETRIC_REPRESENTATION_CONTEXT() REPRESENTATION_CONTEXT('2D SPACE',''
  ) );
#5338 = PCURVE('',#5339,#5344);
#5339 = CYLINDRICAL_SURFACE('',#5340,5.4);
#5340 = AXIS2_PLACEMENT_3D('',#5341,#5342,#5343);
#5341 = CARTESIAN_POINT('',(0.,0.,0.));
#5342 = DIRECTION('',(-0.,-0.,-1.));
#5343 = DIRECTION('',(1.,0.,0.));
#5344 = DEFINITIONAL_REPRESENTATION('',(#5345),#5349);
#5345 = LINE('',#5346,#5347);
#5346 = CARTESIAN_POINT('',(-0.,0.));
#5347 = VECTOR('',#5348,1.);
#5348 = DIRECTION('',(-1.,0.));
#5349 = ( GEOMETRIC_REPRESENTATION_CONTEXT(2) 
PARAMETRIC_REPRESENTATION_CONTEXT() REPRESENTATION_CONTEXT('2D SPACE',''
  ) );
#5350 = ADVANCED_FACE('',(#5351),#5024,.F.);
#5351 = FACE_BOUND('',#5352,.F.);
#5352 = EDGE_LOOP('',(#5353,#5354,#5355,#5378,#5401,#5422));
#5353 = ORIENTED_EDGE('',*,*,#5008,.T.);
#5354 = ORIENTED_EDGE('',*,*,#5170,.T.);
#5355 = ORIENTED_EDGE('',*,*,#5356,.T.);
#5356 = EDGE_CURVE('',#5171,#5357,#5359,.T.);
#5357 = VERTEX_POINT('',#5358);
#5358 = CARTESIAN_POINT('',(-9.72,1.190356688771E-15,-6.48));
#5359 = SURFACE_CURVE('',#5360,(#5364,#5371),.PCURVE_S1.);
#5360 = LINE('',#5361,#5362);
#5361 = CARTESIAN_POINT('',(-4.86,8.417766924785,-6.48));
#5362 = VECTOR('',#5363,1.);
#5363 = DIRECTION('',(-0.5,-0.866025403784,0.));
#5364 = PCURVE('',#5024,#5365);
#5365 = DEFINITIONAL_REPRESENTATION('',(#5366),#5370);
#5366 = LINE('',#5367,#5368);
#5367 = CARTESIAN_POINT('',(-4.86,8.417766924785));
#5368 = VECTOR('',#5369,1.);
#5369 = DIRECTION('',(-0.5,-0.866025403784));
#5370 = ( GEOMETRIC_REPRESENTATION_CONTEXT(2) 
PARAMETRIC_REPRESENTATION_CONTEXT() REPRESENTATION_CONTEXT('2D SPACE',''
  ) );
#5371 = PCURVE('',#5209,#5372);
#5372 = DEFINITIONAL_REPRESENTATION('',(#5373),#5377);
#5373 = LINE('',#5374,#5375);
#5374 = CARTESIAN_POINT('',(-0.,-6.48));
#5375 = VECTOR('',#5376,1.);
#5376 = DIRECTION('',(1.,0.));
#5377 = ( GEOMETRIC_REPRESENTATION_CONTEXT(2) 
PARAMETRIC_REPRESENTATION_CONTEXT() REPRESENTATION_CONTEXT('2D SPACE',''
  ) );
#5378 = ORIENTED_EDGE('',*,*,#5379,.T.);
#5379 = EDGE_CURVE('',#5357,#5380,#5382,.T.);
#5380 = VERTEX_POINT('',#5381);
#5381 = CARTESIAN_POINT('',(-4.86,-8.417766924785,-6.48));
#5382 = SURFACE_CURVE('',#5383,(#5387,#5394),.PCURVE_S1.);
#5383 = LINE('',#5384,#5385);
#5384 = CARTESIAN_POINT('',(-9.72,1.190356688771E-15,-6.48));
#5385 = VECTOR('',#5386,1.);
#5386 = DIRECTION('',(0.5,-0.866025403784,0.));
#5387 = PCURVE('',#5024,#5388);
#5388 = DEFINITIONAL_REPRESENTATION('',(#5389),#5393);
#5389 = LINE('',#5390,#5391);
#5390 = CARTESIAN_POINT('',(-9.72,1.799532559622E-15));
#5391 = VECTOR('',#5392,1.);
#5392 = DIRECTION('',(0.5,-0.866025403784));
#5393 = ( GEOMETRIC_REPRESENTATION_CONTEXT(2) 
PARAMETRIC_REPRESENTATION_CONTEXT() REPRESENTATION_CONTEXT('2D SPACE',''
  ) );
#5394 = PCURVE('',#5286,#5395);
#5395 = DEFINITIONAL_REPRESENTATION('',(#5396),#5400);
#5396 = LINE('',#5397,#5398);
#5397 = CARTESIAN_POINT('',(0.,-6.48));
#5398 = VECTOR('',#5399,1.);
#5399 = DIRECTION('',(1.,0.));
#5400 = ( GEOMETRIC_REPRESENTATION_CONTEXT(2) 
PARAMETRIC_REPRESENTATION_CONTEXT() REPRESENTATION_CONTEXT('2D SPACE',''
  ) );
#5401 = ORIENTED_EDGE('',*,*,#5402,.T.);
#5402 = EDGE_CURVE('',#5380,#5096,#5403,.T.);
#5403 = SURFACE_CURVE('',#5404,(#5408,#5415),.PCURVE_S1.);
#5404 = LINE('',#5405,#5406);
#5405 = CARTESIAN_POINT('',(-4.86,-8.417766924785,-6.48));
#5406 = VECTOR('',#5407,1.);
#5407 = DIRECTION('',(1.,-7.310110450207E-16,0.));
#5408 = PCURVE('',#5024,#5409);
#5409 = DEFINITIONAL_REPRESENTATION('',(#5410),#5414);
#5410 = LINE('',#5411,#5412);
#5411 = CARTESIAN_POINT('',(-4.86,-8.417766924785));
#5412 = VECTOR('',#5413,1.);
#5413 = DIRECTION('',(1.,-7.310110450207E-16));
#5414 = ( GEOMETRIC_REPRESENTATION_CONTEXT(2) 
PARAMETRIC_REPRESENTATION_CONTEXT() REPRESENTATION_CONTEXT('2D SPACE',''
  ) );
#5415 = PCURVE('',#5111,#5416);
#5416 = DEFINITIONAL_REPRESENTATION('',(#5417),#5421);
#5417 = LINE('',#5418,#5419);
#5418 = CARTESIAN_POINT('',(0.,-6.48));
#5419 = VECTOR('',#5420,1.);
#5420 = DIRECTION('',(1.,0.));
#5421 = ( GEOMETRIC_REPRESENTATION_CONTEXT(2) 
PARAMETRIC_REPRESENTATION_CONTEXT() REPRESENTATION_CONTEXT('2D SPACE',''
  ) );
#5422 = ORIENTED_EDGE('',*,*,#5123,.T.);
#5423 = ADVANCED_FACE('',(#5424),#5111,.T.);
#5424 = FACE_BOUND('',#5425,.T.);
#5425 = EDGE_LOOP('',(#5426,#5447,#5448,#5449));
#5426 = ORIENTED_EDGE('',*,*,#5427,.T.);
#5427 = EDGE_CURVE('',#5271,#5380,#5428,.T.);
#5428 = SURFACE_CURVE('',#5429,(#5433,#5440),.PCURVE_S1.);
#5429 = LINE('',#5430,#5431);
#5430 = CARTESIAN_POINT('',(-4.86,-8.417766924785,0.));
#5431 = VECTOR('',#5432,1.);
#5432 = DIRECTION('',(-0.,-0.,-1.));
#5433 = PCURVE('',#5111,#5434);
#5434 = DEFINITIONAL_REPRESENTATION('',(#5435),#5439);
#5435 = LINE('',#5436,#5437);
#5436 = CARTESIAN_POINT('',(0.,0.));
#5437 = VECTOR('',#5438,1.);
#5438 = DIRECTION('',(0.,-1.));
#5439 = ( GEOMETRIC_REPRESENTATION_CONTEXT(2) 
PARAMETRIC_REPRESENTATION_CONTEXT() REPRESENTATION_CONTEXT('2D SPACE',''
  ) );
#5440 = PCURVE('',#5286,#5441);
#5441 = DEFINITIONAL_REPRESENTATION('',(#5442),#5446);
#5442 = LINE('',#5443,#5444);
#5443 = CARTESIAN_POINT('',(9.72,0.));
#5444 = VECTOR('',#5445,1.);
#5445 = DIRECTION('',(0.,-1.));
#5446 = ( GEOMETRIC_REPRESENTATION_CONTEXT(2) 
PARAMETRIC_REPRESENTATION_CONTEXT() REPRESENTATION_CONTEXT('2D SPACE',''
  ) );
#5447 = ORIENTED_EDGE('',*,*,#5402,.T.);
#5448 = ORIENTED_EDGE('',*,*,#5093,.F.);
#5449 = ORIENTED_EDGE('',*,*,#5298,.F.);
#5450 = ADVANCED_FACE('',(#5451),#5209,.T.);
#5451 = FACE_BOUND('',#5452,.T.);
#5452 = EDGE_LOOP('',(#5453,#5454,#5455,#5476));
#5453 = ORIENTED_EDGE('',*,*,#5193,.T.);
#5454 = ORIENTED_EDGE('',*,*,#5356,.T.);
#5455 = ORIENTED_EDGE('',*,*,#5456,.F.);
#5456 = EDGE_CURVE('',#5248,#5357,#5457,.T.);
#5457 = SURFACE_CURVE('',#5458,(#5462,#5469),.PCURVE_S1.);
#5458 = LINE('',#5459,#5460);
#5459 = CARTESIAN_POINT('',(-9.72,1.190356688771E-15,0.));
#5460 = VECTOR('',#5461,1.);
#5461 = DIRECTION('',(-0.,-0.,-1.));
#5462 = PCURVE('',#5209,#5463);
#5463 = DEFINITIONAL_REPRESENTATION('',(#5464),#5468);
#5464 = LINE('',#5465,#5466);
#5465 = CARTESIAN_POINT('',(9.72,0.));
#5466 = VECTOR('',#5467,1.);
#5467 = DIRECTION('',(0.,-1.));
#5468 = ( GEOMETRIC_REPRESENTATION_CONTEXT(2) 
PARAMETRIC_REPRESENTATION_CONTEXT() REPRESENTATION_CONTEXT('2D SPACE',''
  ) );
#5469 = PCURVE('',#5286,#5470);
#5470 = DEFINITIONAL_REPRESENTATION('',(#5471),#5475);
#5471 = LINE('',#5472,#5473);
#5472 = CARTESIAN_POINT('',(0.,0.));
#5473 = VECTOR('',#5474,1.);
#5474 = DIRECTION('',(0.,-1.));
#5475 = ( GEOMETRIC_REPRESENTATION_CONTEXT(2) 
PARAMETRIC_REPRESENTATION_CONTEXT() REPRESENTATION_CONTEXT('2D SPACE',''
  ) );
#5476 = ORIENTED_EDGE('',*,*,#5247,.F.);
#5477 = ADVANCED_FACE('',(#5478),#5286,.T.);
#5478 = FACE_BOUND('',#5479,.T.);
#5479 = EDGE_LOOP('',(#5480,#5481,#5482,#5483));
#5480 = ORIENTED_EDGE('',*,*,#5456,.T.);
#5481 = ORIENTED_EDGE('',*,*,#5379,.T.);
#5482 = ORIENTED_EDGE('',*,*,#5427,.F.);
#5483 = ORIENTED_EDGE('',*,*,#5270,.F.);
#5484 = ADVANCED_FACE('',(#5485),#5339,.T.);
#5485 = FACE_BOUND('',#5486,.F.);
#5486 = EDGE_LOOP('',(#5487,#5510,#5537,#5538));
#5487 = ORIENTED_EDGE('',*,*,#5488,.T.);
#5488 = EDGE_CURVE('',#5323,#5489,#5491,.T.);
#5489 = VERTEX_POINT('',#5490);
#5490 = CARTESIAN_POINT('',(5.4,0.,23.));
#5491 = SEAM_CURVE('',#5492,(#5496,#5503),.PCURVE_S1.);
#5492 = LINE('',#5493,#5494);
#5493 = CARTESIAN_POINT('',(5.4,0.,0.));
#5494 = VECTOR('',#5495,1.);
#5495 = DIRECTION('',(0.,0.,1.));
#5496 = PCURVE('',#5339,#5497);
#5497 = DEFINITIONAL_REPRESENTATION('',(#5498),#5502);
#5498 = LINE('',#5499,#5500);
#5499 = CARTESIAN_POINT('',(-0.,0.));
#5500 = VECTOR('',#5501,1.);
#5501 = DIRECTION('',(-0.,-1.));
#5502 = ( GEOMETRIC_REPRESENTATION_CONTEXT(2) 
PARAMETRIC_REPRESENTATION_CONTEXT() REPRESENTATION_CONTEXT('2D SPACE',''
  ) );
#5503 = PCURVE('',#5339,#5504);
#5504 = DEFINITIONAL_REPRESENTATION('',(#5505),#5509);
#5505 = LINE('',#5506,#5507);
#5506 = CARTESIAN_POINT('',(-6.28318530718,0.));
#5507 = VECTOR('',#5508,1.);
#5508 = DIRECTION('',(-0.,-1.));
#5509 = ( GEOMETRIC_REPRESENTATION_CONTEXT(2) 
PARAMETRIC_REPRESENTATION_CONTEXT() REPRESENTATION_CONTEXT('2D SPACE',''
  ) );
#5510 = ORIENTED_EDGE('',*,*,#5511,.T.);
#5511 = EDGE_CURVE('',#5489,#5489,#5512,.T.);
#5512 = SURFACE_CURVE('',#5513,(#5518,#5525),.PCURVE_S1.);
#5513 = CIRCLE('',#5514,5.4);
#5514 = AXIS2_PLACEMENT_3D('',#5515,#5516,#5517);
#5515 = CARTESIAN_POINT('',(0.,0.,23.));
#5516 = DIRECTION('',(0.,0.,1.));
#5517 = DIRECTION('',(1.,0.,0.));
#5518 = PCURVE('',#5339,#5519);
#5519 = DEFINITIONAL_REPRESENTATION('',(#5520),#5524);
#5520 = LINE('',#5521,#5522);
#5521 = CARTESIAN_POINT('',(-0.,-23.));
#5522 = VECTOR('',#5523,1.);
#5523 = DIRECTION('',(-1.,0.));
#5524 = ( GEOMETRIC_REPRESENTATION_CONTEXT(2) 
PARAMETRIC_REPRESENTATION_CONTEXT() REPRESENTATION_CONTEXT('2D SPACE',''
  ) );
#5525 = PCURVE('',#5526,#5531);
#5526 = PLANE('',#5527);
#5527 = AXIS2_PLACEMENT_3D('',#5528,#5529,#5530);
#5528 = CARTESIAN_POINT('',(1.26614827087E-16,3.279323032744E-17,23.));
#5529 = DIRECTION('',(0.,0.,1.));
#5530 = DIRECTION('',(1.,0.,-0.));
#5531 = DEFINITIONAL_REPRESENTATION('',(#5532),#5536);
#5532 = CIRCLE('',#5533,5.4);
#5533 = AXIS2_PLACEMENT_2D('',#5534,#5535);
#5534 = CARTESIAN_POINT('',(-1.26614827087E-16,-3.279323032744E-17));
#5535 = DIRECTION('',(1.,0.));
#5536 = ( GEOMETRIC_REPRESENTATION_CONTEXT(2) 
PARAMETRIC_REPRESENTATION_CONTEXT() REPRESENTATION_CONTEXT('2D SPACE',''
  ) );
#5537 = ORIENTED_EDGE('',*,*,#5488,.F.);
#5538 = ORIENTED_EDGE('',*,*,#5322,.F.);
#5539 = ADVANCED_FACE('',(#5540),#5526,.T.);
#5540 = FACE_BOUND('',#5541,.T.);
#5541 = EDGE_LOOP('',(#5542));
#5542 = ORIENTED_EDGE('',*,*,#5511,.T.);
#5543 = ( GEOMETRIC_REPRESENTATION_CONTEXT(3) 
GLOBAL_UNCERTAINTY_ASSIGNED_CONTEXT((#5547)) 
GLOBAL_UNIT_ASSIGNED_CONTEXT((#5544,#5545,#5546)) REPRESENTATION_CONTEXT
('Context #1','3D Context with UNIT and UNCERTAINTY') );
#5544 = ( LENGTH_UNIT() NAMED_UNIT(*) SI_UNIT(.MILLI.,.METRE.) );
#5545 = ( NAMED_UNIT(*) PLANE_ANGLE_UNIT() SI_UNIT($,.RADIAN.) );
#5546 = ( NAMED_UNIT(*) SI_UNIT($,.STERADIAN.) SOLID_ANGLE_UNIT() );
#5547 = UNCERTAINTY_MEASURE_WITH_UNIT(LENGTH_MEASURE(1.E-07),#5544,
  'distance_accuracy_value','confusion accuracy');
#5548 = SHAPE_DEFINITION_REPRESENTATION(#5549,#4966);
#5549 = PRODUCT_DEFINITION_SHAPE('','',#5550);
#5550 = PRODUCT_DEFINITION('design','',#5551,#5554);
#5551 = PRODUCT_DEFINITION_FORMATION('','',#5552);
#5552 = PRODUCT('auto_bolt_2_part','auto_bolt_2_part','',(#5553));
#5553 = PRODUCT_CONTEXT('',#2,'mechanical');
#5554 = PRODUCT_DEFINITION_CONTEXT('part definition',#2,'design');
#5555 = CONTEXT_DEPENDENT_SHAPE_REPRESENTATION(#5556,#5558);
#5556 = ( REPRESENTATION_RELATIONSHIP('','',#4966,#4956) 
REPRESENTATION_RELATIONSHIP_WITH_TRANSFORMATION(#5557) 
SHAPE_REPRESENTATION_RELATIONSHIP() );
#5557 = ITEM_DEFINED_TRANSFORMATION('','',#11,#4957);
#5558 = PRODUCT_DEFINITION_SHAPE('Placement','Placement of an item',
  #5559);
#5559 = NEXT_ASSEMBLY_USAGE_OCCURRENCE('14','','',#4951,#5550,$);
#5560 = PRODUCT_RELATED_PRODUCT_CATEGORY('part',$,(#5552));
#5561 = CONTEXT_DEPENDENT_SHAPE_REPRESENTATION(#5562,#5564);
#5562 = ( REPRESENTATION_RELATIONSHIP('','',#4956,#32) 
REPRESENTATION_RELATIONSHIP_WITH_TRANSFORMATION(#5563) 
SHAPE_REPRESENTATION_RELATIONSHIP() );
#5563 = ITEM_DEFINED_TRANSFORMATION('','',#11,#61);
#5564 = PRODUCT_DEFINITION_SHAPE('Placement','Placement of an item',
  #5565);
#5565 = NEXT_ASSEMBLY_USAGE_OCCURRENCE('15','','',#27,#4951,$);
#5566 = PRODUCT_RELATED_PRODUCT_CATEGORY('part',$,(#4953));
#5567 = SHAPE_DEFINITION_REPRESENTATION(#5568,#5574);
#5568 = PRODUCT_DEFINITION_SHAPE('','',#5569);
#5569 = PRODUCT_DEFINITION('design','',#5570,#5573);
#5570 = PRODUCT_DEFINITION_FORMATION('','',#5571);
#5571 = PRODUCT('auto_nut_2','auto_nut_2','',(#5572));
#5572 = PRODUCT_CONTEXT('',#2,'mechanical');
#5573 = PRODUCT_DEFINITION_CONTEXT('part definition',#2,'design');
#5574 = SHAPE_REPRESENTATION('',(#11,#5575),#5579);
#5575 = AXIS2_PLACEMENT_3D('',#5576,#5577,#5578);
#5576 = CARTESIAN_POINT('',(0.,0.,0.));
#5577 = DIRECTION('',(0.,0.,1.));
#5578 = DIRECTION('',(1.,0.,-0.));
#5579 = ( GEOMETRIC_REPRESENTATION_CONTEXT(3) 
GLOBAL_UNCERTAINTY_ASSIGNED_CONTEXT((#5583)) 
GLOBAL_UNIT_ASSIGNED_CONTEXT((#5580,#5581,#5582)) REPRESENTATION_CONTEXT
('Context #1','3D Context with UNIT and UNCERTAINTY') );
#5580 = ( LENGTH_UNIT() NAMED_UNIT(*) SI_UNIT(.MILLI.,.METRE.) );
#5581 = ( NAMED_UNIT(*) PLANE_ANGLE_UNIT() SI_UNIT($,.RADIAN.) );
#5582 = ( NAMED_UNIT(*) SI_UNIT($,.STERADIAN.) SOLID_ANGLE_UNIT() );
#5583 = UNCERTAINTY_MEASURE_WITH_UNIT(LENGTH_MEASURE(1.E-07),#5580,
  'distance_accuracy_value','confusion accuracy');
#5584 = ADVANCED_BREP_SHAPE_REPRESENTATION('',(#11,#5585),#6159);
#5585 = MANIFOLD_SOLID_BREP('',#5586);
#5586 = CLOSED_SHELL('',(#5587,#5707,#5783,#5859,#5972,#6071,#6098,#6125
    ,#6132));
#5587 = ADVANCED_FACE('',(#5588),#5602,.T.);
#5588 = FACE_BOUND('',#5589,.T.);
#5589 = EDGE_LOOP('',(#5590,#5625,#5653,#5681));
#5590 = ORIENTED_EDGE('',*,*,#5591,.T.);
#5591 = EDGE_CURVE('',#5592,#5594,#5596,.T.);
#5592 = VERTEX_POINT('',#5593);
#5593 = CARTESIAN_POINT('',(8.64,0.,0.));
#5594 = VERTEX_POINT('',#5595);
#5595 = CARTESIAN_POINT('',(8.64,0.,-8.64));
#5596 = SURFACE_CURVE('',#5597,(#5601,#5613),.PCURVE_S1.);
#5597 = LINE('',#5598,#5599);
#5598 = CARTESIAN_POINT('',(8.64,0.,0.));
#5599 = VECTOR('',#5600,1.);
#5600 = DIRECTION('',(-0.,-0.,-1.));
#5601 = PCURVE('',#5602,#5607);
#5602 = PLANE('',#5603);
#5603 = AXIS2_PLACEMENT_3D('',#5604,#5605,#5606);
#5604 = CARTESIAN_POINT('',(8.64,0.,0.));
#5605 = DIRECTION('',(0.866025403784,0.5,-0.));
#5606 = DIRECTION('',(-0.5,0.866025403784,0.));
#5607 = DEFINITIONAL_REPRESENTATION('',(#5608),#5612);
#5608 = LINE('',#5609,#5610);
#5609 = CARTESIAN_POINT('',(0.,0.));
#5610 = VECTOR('',#5611,1.);
#5611 = DIRECTION('',(0.,-1.));
#5612 = ( GEOMETRIC_REPRESENTATION_CONTEXT(2) 
PARAMETRIC_REPRESENTATION_CONTEXT() REPRESENTATION_CONTEXT('2D SPACE',''
  ) );
#5613 = PCURVE('',#5614,#5619);
#5614 = PLANE('',#5615);
#5615 = AXIS2_PLACEMENT_3D('',#5616,#5617,#5618);
#5616 = CARTESIAN_POINT('',(4.32,-7.482459488698,0.));
#5617 = DIRECTION('',(0.866025403784,-0.5,0.));
#5618 = DIRECTION('',(0.5,0.866025403784,0.));
#5619 = DEFINITIONAL_REPRESENTATION('',(#5620),#5624);
#5620 = LINE('',#5621,#5622);
#5621 = CARTESIAN_POINT('',(8.64,0.));
#5622 = VECTOR('',#5623,1.);
#5623 = DIRECTION('',(0.,-1.));
#5624 = ( GEOMETRIC_REPRESENTATION_CONTEXT(2) 
PARAMETRIC_REPRESENTATION_CONTEXT() REPRESENTATION_CONTEXT('2D SPACE',''
  ) );
#5625 = ORIENTED_EDGE('',*,*,#5626,.T.);
#5626 = EDGE_CURVE('',#5594,#5627,#5629,.T.);
#5627 = VERTEX_POINT('',#5628);
#5628 = CARTESIAN_POINT('',(4.32,7.482459488698,-8.64));
#5629 = SURFACE_CURVE('',#5630,(#5634,#5641),.PCURVE_S1.);
#5630 = LINE('',#5631,#5632);
#5631 = CARTESIAN_POINT('',(8.64,0.,-8.64));
#5632 = VECTOR('',#5633,1.);
#5633 = DIRECTION('',(-0.5,0.866025403784,0.));
#5634 = PCURVE('',#5602,#5635);
#5635 = DEFINITIONAL_REPRESENTATION('',(#5636),#5640);
#5636 = LINE('',#5637,#5638);
#5637 = CARTESIAN_POINT('',(0.,-8.64));
#5638 = VECTOR('',#5639,1.);
#5639 = DIRECTION('',(1.,0.));
#5640 = ( GEOMETRIC_REPRESENTATION_CONTEXT(2) 
PARAMETRIC_REPRESENTATION_CONTEXT() REPRESENTATION_CONTEXT('2D SPACE',''
  ) );
#5641 = PCURVE('',#5642,#5647);
#5642 = PLANE('',#5643);
#5643 = AXIS2_PLACEMENT_3D('',#5644,#5645,#5646);
#5644 = CARTESIAN_POINT('',(0.,4.111937128241E-16,-8.64));
#5645 = DIRECTION('',(0.,0.,1.));
#5646 = DIRECTION('',(1.,0.,-0.));
#5647 = DEFINITIONAL_REPRESENTATION('',(#5648),#5652);
#5648 = LINE('',#5649,#5650);
#5649 = CARTESIAN_POINT('',(8.64,-4.111937128241E-16));
#5650 = VECTOR('',#5651,1.);
#5651 = DIRECTION('',(-0.5,0.866025403784));
#5652 = ( GEOMETRIC_REPRESENTATION_CONTEXT(2) 
PARAMETRIC_REPRESENTATION_CONTEXT() REPRESENTATION_CONTEXT('2D SPACE',''
  ) );
#5653 = ORIENTED_EDGE('',*,*,#5654,.F.);
#5654 = EDGE_CURVE('',#5655,#5627,#5657,.T.);
#5655 = VERTEX_POINT('',#5656);
#5656 = CARTESIAN_POINT('',(4.32,7.482459488698,0.));
#5657 = SURFACE_CURVE('',#5658,(#5662,#5669),.PCURVE_S1.);
#5658 = LINE('',#5659,#5660);
#5659 = CARTESIAN_POINT('',(4.32,7.482459488698,0.));
#5660 = VECTOR('',#5661,1.);
#5661 = DIRECTION('',(-0.,-0.,-1.));
#5662 = PCURVE('',#5602,#5663);
#5663 = DEFINITIONAL_REPRESENTATION('',(#5664),#5668);
#5664 = LINE('',#5665,#5666);
#5665 = CARTESIAN_POINT('',(8.64,0.));
#5666 = VECTOR('',#5667,1.);
#5667 = DIRECTION('',(0.,-1.));
#5668 = ( GEOMETRIC_REPRESENTATION_CONTEXT(2) 
PARAMETRIC_REPRESENTATION_CONTEXT() REPRESENTATION_CONTEXT('2D SPACE',''
  ) );
#5669 = PCURVE('',#5670,#5675);
#5670 = PLANE('',#5671);
#5671 = AXIS2_PLACEMENT_3D('',#5672,#5673,#5674);
#5672 = CARTESIAN_POINT('',(4.32,7.482459488698,0.));
#5673 = DIRECTION('',(1.02798428206E-16,1.,-0.));
#5674 = DIRECTION('',(-1.,1.02798428206E-16,0.));
#5675 = DEFINITIONAL_REPRESENTATION('',(#5676),#5680);
#5676 = LINE('',#5677,#5678);
#5677 = CARTESIAN_POINT('',(0.,0.));
#5678 = VECTOR('',#5679,1.);
#5679 = DIRECTION('',(0.,-1.));
#5680 = ( GEOMETRIC_REPRESENTATION_CONTEXT(2) 
PARAMETRIC_REPRESENTATION_CONTEXT() REPRESENTATION_CONTEXT('2D SPACE',''
  ) );
#5681 = ORIENTED_EDGE('',*,*,#5682,.F.);
#5682 = EDGE_CURVE('',#5592,#5655,#5683,.T.);
#5683 = SURFACE_CURVE('',#5684,(#5688,#5695),.PCURVE_S1.);
#5684 = LINE('',#5685,#5686);
#5685 = CARTESIAN_POINT('',(8.64,0.,0.));
#5686 = VECTOR('',#5687,1.);
#5687 = DIRECTION('',(-0.5,0.866025403784,0.));
#5688 = PCURVE('',#5602,#5689);
#5689 = DEFINITIONAL_REPRESENTATION('',(#5690),#5694);
#5690 = LINE('',#5691,#5692);
#5691 = CARTESIAN_POINT('',(0.,0.));
#5692 = VECTOR('',#5693,1.);
#5693 = DIRECTION('',(1.,0.));
#5694 = ( GEOMETRIC_REPRESENTATION_CONTEXT(2) 
PARAMETRIC_REPRESENTATION_CONTEXT() REPRESENTATION_CONTEXT('2D SPACE',''
  ) );
#5695 = PCURVE('',#5696,#5701);
#5696 = PLANE('',#5697);
#5697 = AXIS2_PLACEMENT_3D('',#5698,#5699,#5700);
#5698 = CARTESIAN_POINT('',(0.,4.111937128241E-16,0.));
#5699 = DIRECTION('',(0.,0.,1.));
#5700 = DIRECTION('',(1.,0.,-0.));
#5701 = DEFINITIONAL_REPRESENTATION('',(#5702),#5706);
#5702 = LINE('',#5703,#5704);
#5703 = CARTESIAN_POINT('',(8.64,-4.111937128241E-16));
#5704 = VECTOR('',#5705,1.);
#5705 = DIRECTION('',(-0.5,0.866025403784));
#5706 = ( GEOMETRIC_REPRESENTATION_CONTEXT(2) 
PARAMETRIC_REPRESENTATION_CONTEXT() REPRESENTATION_CONTEXT('2D SPACE',''
  ) );
#5707 = ADVANCED_FACE('',(#5708),#5614,.T.);
#5708 = FACE_BOUND('',#5709,.T.);
#5709 = EDGE_LOOP('',(#5710,#5740,#5761,#5762));
#5710 = ORIENTED_EDGE('',*,*,#5711,.T.);
#5711 = EDGE_CURVE('',#5712,#5714,#5716,.T.);
#5712 = VERTEX_POINT('',#5713);
#5713 = CARTESIAN_POINT('',(4.32,-7.482459488698,0.));
#5714 = VERTEX_POINT('',#5715);
#5715 = CARTESIAN_POINT('',(4.32,-7.482459488698,-8.64));
#5716 = SURFACE_CURVE('',#5717,(#5721,#5728),.PCURVE_S1.);
#5717 = LINE('',#5718,#5719);
#5718 = CARTESIAN_POINT('',(4.32,-7.482459488698,0.));
#5719 = VECTOR('',#5720,1.);
#5720 = DIRECTION('',(-0.,-0.,-1.));
#5721 = PCURVE('',#5614,#5722);
#5722 = DEFINITIONAL_REPRESENTATION('',(#5723),#5727);
#5723 = LINE('',#5724,#5725);
#5724 = CARTESIAN_POINT('',(0.,0.));
#5725 = VECTOR('',#5726,1.);
#5726 = DIRECTION('',(0.,-1.));
#5727 = ( GEOMETRIC_REPRESENTATION_CONTEXT(2) 
PARAMETRIC_REPRESENTATION_CONTEXT() REPRESENTATION_CONTEXT('2D SPACE',''
  ) );
#5728 = PCURVE('',#5729,#5734);
#5729 = PLANE('',#5730);
#5730 = AXIS2_PLACEMENT_3D('',#5731,#5732,#5733);
#5731 = CARTESIAN_POINT('',(-4.32,-7.482459488698,0.));
#5732 = DIRECTION('',(-7.195889974422E-16,-1.,0.));
#5733 = DIRECTION('',(1.,-7.195889974422E-16,0.));
#5734 = DEFINITIONAL_REPRESENTATION('',(#5735),#5739);
#5735 = LINE('',#5736,#5737);
#5736 = CARTESIAN_POINT('',(8.64,0.));
#5737 = VECTOR('',#5738,1.);
#5738 = DIRECTION('',(0.,-1.));
#5739 = ( GEOMETRIC_REPRESENTATION_CONTEXT(2) 
PARAMETRIC_REPRESENTATION_CONTEXT() REPRESENTATION_CONTEXT('2D SPACE',''
  ) );
#5740 = ORIENTED_EDGE('',*,*,#5741,.T.);
#5741 = EDGE_CURVE('',#5714,#5594,#5742,.T.);
#5742 = SURFACE_CURVE('',#5743,(#5747,#5754),.PCURVE_S1.);
#5743 = LINE('',#5744,#5745);
#5744 = CARTESIAN_POINT('',(4.32,-7.482459488698,-8.64));
#5745 = VECTOR('',#5746,1.);
#5746 = DIRECTION('',(0.5,0.866025403784,0.));
#5747 = PCURVE('',#5614,#5748);
#5748 = DEFINITIONAL_REPRESENTATION('',(#5749),#5753);
#5749 = LINE('',#5750,#5751);
#5750 = CARTESIAN_POINT('',(0.,-8.64));
#5751 = VECTOR('',#5752,1.);
#5752 = DIRECTION('',(1.,0.));
#5753 = ( GEOMETRIC_REPRESENTATION_CONTEXT(2) 
PARAMETRIC_REPRESENTATION_CONTEXT() REPRESENTATION_CONTEXT('2D SPACE',''
  ) );
#5754 = PCURVE('',#5642,#5755);
#5755 = DEFINITIONAL_REPRESENTATION('',(#5756),#5760);
#5756 = LINE('',#5757,#5758);
#5757 = CARTESIAN_POINT('',(4.32,-7.482459488698));
#5758 = VECTOR('',#5759,1.);
#5759 = DIRECTION('',(0.5,0.866025403784));
#5760 = ( GEOMETRIC_REPRESENTATION_CONTEXT(2) 
PARAMETRIC_REPRESENTATION_CONTEXT() REPRESENTATION_CONTEXT('2D SPACE',''
  ) );
#5761 = ORIENTED_EDGE('',*,*,#5591,.F.);
#5762 = ORIENTED_EDGE('',*,*,#5763,.F.);
#5763 = EDGE_CURVE('',#5712,#5592,#5764,.T.);
#5764 = SURFACE_CURVE('',#5765,(#5769,#5776),.PCURVE_S1.);
#5765 = LINE('',#5766,#5767);
#5766 = CARTESIAN_POINT('',(4.32,-7.482459488698,0.));
#5767 = VECTOR('',#5768,1.);
#5768 = DIRECTION('',(0.5,0.866025403784,0.));
#5769 = PCURVE('',#5614,#5770);
#5770 = DEFINITIONAL_REPRESENTATION('',(#5771),#5775);
#5771 = LINE('',#5772,#5773);
#5772 = CARTESIAN_POINT('',(0.,0.));
#5773 = VECTOR('',#5774,1.);
#5774 = DIRECTION('',(1.,0.));
#5775 = ( GEOMETRIC_REPRESENTATION_CONTEXT(2) 
PARAMETRIC_REPRESENTATION_CONTEXT() REPRESENTATION_CONTEXT('2D SPACE',''
  ) );
#5776 = PCURVE('',#5696,#5777);
#5777 = DEFINITIONAL_REPRESENTATION('',(#5778),#5782);
#5778 = LINE('',#5779,#5780);
#5779 = CARTESIAN_POINT('',(4.32,-7.482459488698));
#5780 = VECTOR('',#5781,1.);
#5781 = DIRECTION('',(0.5,0.866025403784));
#5782 = ( GEOMETRIC_REPRESENTATION_CONTEXT(2) 
PARAMETRIC_REPRESENTATION_CONTEXT() REPRESENTATION_CONTEXT('2D SPACE',''
  ) );
#5783 = ADVANCED_FACE('',(#5784),#5670,.T.);
#5784 = FACE_BOUND('',#5785,.T.);
#5785 = EDGE_LOOP('',(#5786,#5787,#5810,#5838));
#5786 = ORIENTED_EDGE('',*,*,#5654,.T.);
#5787 = ORIENTED_EDGE('',*,*,#5788,.T.);
#5788 = EDGE_CURVE('',#5627,#5789,#5791,.T.);
#5789 = VERTEX_POINT('',#5790);
#5790 = CARTESIAN_POINT('',(-4.32,7.482459488698,-8.64));
#5791 = SURFACE_CURVE('',#5792,(#5796,#5803),.PCURVE_S1.);
#5792 = LINE('',#5793,#5794);
#5793 = CARTESIAN_POINT('',(4.32,7.482459488698,-8.64));
#5794 = VECTOR('',#5795,1.);
#5795 = DIRECTION('',(-1.,1.02798428206E-16,0.));
#5796 = PCURVE('',#5670,#5797);
#5797 = DEFINITIONAL_REPRESENTATION('',(#5798),#5802);
#5798 = LINE('',#5799,#5800);
#5799 = CARTESIAN_POINT('',(0.,-8.64));
#5800 = VECTOR('',#5801,1.);
#5801 = DIRECTION('',(1.,0.));
#5802 = ( GEOMETRIC_REPRESENTATION_CONTEXT(2) 
PARAMETRIC_REPRESENTATION_CONTEXT() REPRESENTATION_CONTEXT('2D SPACE',''
  ) );
#5803 = PCURVE('',#5642,#5804);
#5804 = DEFINITIONAL_REPRESENTATION('',(#5805),#5809);
#5805 = LINE('',#5806,#5807);
#5806 = CARTESIAN_POINT('',(4.32,7.482459488698));
#5807 = VECTOR('',#5808,1.);
#5808 = DIRECTION('',(-1.,1.02798428206E-16));
#5809 = ( GEOMETRIC_REPRESENTATION_CONTEXT(2) 
PARAMETRIC_REPRESENTATION_CONTEXT() REPRESENTATION_CONTEXT('2D SPACE',''
  ) );
#5810 = ORIENTED_EDGE('',*,*,#5811,.F.);
#5811 = EDGE_CURVE('',#5812,#5789,#5814,.T.);
#5812 = VERTEX_POINT('',#5813);
#5813 = CARTESIAN_POINT('',(-4.32,7.482459488698,0.));
#5814 = SURFACE_CURVE('',#5815,(#5819,#5826),.PCURVE_S1.);
#5815 = LINE('',#5816,#5817);
#5816 = CARTESIAN_POINT('',(-4.32,7.482459488698,0.));
#5817 = VECTOR('',#5818,1.);
#5818 = DIRECTION('',(-0.,-0.,-1.));
#5819 = PCURVE('',#5670,#5820);
#5820 = DEFINITIONAL_REPRESENTATION('',(#5821),#5825);
#5821 = LINE('',#5822,#5823);
#5822 = CARTESIAN_POINT('',(8.64,0.));
#5823 = VECTOR('',#5824,1.);
#5824 = DIRECTION('',(0.,-1.));
#5825 = ( GEOMETRIC_REPRESENTATION_CONTEXT(2) 
PARAMETRIC_REPRESENTATION_CONTEXT() REPRESENTATION_CONTEXT('2D SPACE',''
  ) );
#5826 = PCURVE('',#5827,#5832);
#5827 = PLANE('',#5828);
#5828 = AXIS2_PLACEMENT_3D('',#5829,#5830,#5831);
#5829 = CARTESIAN_POINT('',(-4.32,7.482459488698,0.));
#5830 = DIRECTION('',(-0.866025403784,0.5,0.));
#5831 = DIRECTION('',(-0.5,-0.866025403784,0.));
#5832 = DEFINITIONAL_REPRESENTATION('',(#5833),#5837);
#5833 = LINE('',#5834,#5835);
#5834 = CARTESIAN_POINT('',(0.,0.));
#5835 = VECTOR('',#5836,1.);
#5836 = DIRECTION('',(0.,-1.));
#5837 = ( GEOMETRIC_REPRESENTATION_CONTEXT(2) 
PARAMETRIC_REPRESENTATION_CONTEXT() REPRESENTATION_CONTEXT('2D SPACE',''
  ) );
#5838 = ORIENTED_EDGE('',*,*,#5839,.F.);
#5839 = EDGE_CURVE('',#5655,#5812,#5840,.T.);
#5840 = SURFACE_CURVE('',#5841,(#5845,#5852),.PCURVE_S1.);
#5841 = LINE('',#5842,#5843);
#5842 = CARTESIAN_POINT('',(4.32,7.482459488698,0.));
#5843 = VECTOR('',#5844,1.);
#5844 = DIRECTION('',(-1.,1.02798428206E-16,0.));
#5845 = PCURVE('',#5670,#5846);
#5846 = DEFINITIONAL_REPRESENTATION('',(#5847),#5851);
#5847 = LINE('',#5848,#5849);
#5848 = CARTESIAN_POINT('',(0.,0.));
#5849 = VECTOR('',#5850,1.);
#5850 = DIRECTION('',(1.,0.));
#5851 = ( GEOMETRIC_REPRESENTATION_CONTEXT(2) 
PARAMETRIC_REPRESENTATION_CONTEXT() REPRESENTATION_CONTEXT('2D SPACE',''
  ) );
#5852 = PCURVE('',#5696,#5853);
#5853 = DEFINITIONAL_REPRESENTATION('',(#5854),#5858);
#5854 = LINE('',#5855,#5856);
#5855 = CARTESIAN_POINT('',(4.32,7.482459488698));
#5856 = VECTOR('',#5857,1.);
#5857 = DIRECTION('',(-1.,1.02798428206E-16));
#5858 = ( GEOMETRIC_REPRESENTATION_CONTEXT(2) 
PARAMETRIC_REPRESENTATION_CONTEXT() REPRESENTATION_CONTEXT('2D SPACE',''
  ) );
#5859 = ADVANCED_FACE('',(#5860,#5937),#5696,.T.);
#5860 = FACE_BOUND('',#5861,.T.);
#5861 = EDGE_LOOP('',(#5862,#5863,#5864,#5887,#5915,#5936));
#5862 = ORIENTED_EDGE('',*,*,#5682,.T.);
#5863 = ORIENTED_EDGE('',*,*,#5839,.T.);
#5864 = ORIENTED_EDGE('',*,*,#5865,.T.);
#5865 = EDGE_CURVE('',#5812,#5866,#5868,.T.);
#5866 = VERTEX_POINT('',#5867);
#5867 = CARTESIAN_POINT('',(-8.64,1.058094834463E-15,0.));
#5868 = SURFACE_CURVE('',#5869,(#5873,#5880),.PCURVE_S1.);
#5869 = LINE('',#5870,#5871);
#5870 = CARTESIAN_POINT('',(-4.32,7.482459488698,0.));
#5871 = VECTOR('',#5872,1.);
#5872 = DIRECTION('',(-0.5,-0.866025403784,0.));
#5873 = PCURVE('',#5696,#5874);
#5874 = DEFINITIONAL_REPRESENTATION('',(#5875),#5879);
#5875 = LINE('',#5876,#5877);
#5876 = CARTESIAN_POINT('',(-4.32,7.482459488698));
#5877 = VECTOR('',#5878,1.);
#5878 = DIRECTION('',(-0.5,-0.866025403784));
#5879 = ( GEOMETRIC_REPRESENTATION_CONTEXT(2) 
PARAMETRIC_REPRESENTATION_CONTEXT() REPRESENTATION_CONTEXT('2D SPACE',''
  ) );
#5880 = PCURVE('',#5827,#5881);
#5881 = DEFINITIONAL_REPRESENTATION('',(#5882),#5886);
#5882 = LINE('',#5883,#5884);
#5883 = CARTESIAN_POINT('',(0.,0.));
#5884 = VECTOR('',#5885,1.);
#5885 = DIRECTION('',(1.,0.));
#5886 = ( GEOMETRIC_REPRESENTATION_CONTEXT(2) 
PARAMETRIC_REPRESENTATION_CONTEXT() REPRESENTATION_CONTEXT('2D SPACE',''
  ) );
#5887 = ORIENTED_EDGE('',*,*,#5888,.T.);
#5888 = EDGE_CURVE('',#5866,#5889,#5891,.T.);
#5889 = VERTEX_POINT('',#5890);
#5890 = CARTESIAN_POINT('',(-4.32,-7.482459488698,0.));
#5891 = SURFACE_CURVE('',#5892,(#5896,#5903),.PCURVE_S1.);
#5892 = LINE('',#5893,#5894);
#5893 = CARTESIAN_POINT('',(-8.64,1.058094834463E-15,0.));
#5894 = VECTOR('',#5895,1.);
#5895 = DIRECTION('',(0.5,-0.866025403784,0.));
#5896 = PCURVE('',#5696,#5897);
#5897 = DEFINITIONAL_REPRESENTATION('',(#5898),#5902);
#5898 = LINE('',#5899,#5900);
#5899 = CARTESIAN_POINT('',(-8.64,6.469011216392E-16));
#5900 = VECTOR('',#5901,1.);
#5901 = DIRECTION('',(0.5,-0.866025403784));
#5902 = ( GEOMETRIC_REPRESENTATION_CONTEXT(2) 
PARAMETRIC_REPRESENTATION_CONTEXT() REPRESENTATION_CONTEXT('2D SPACE',''
  ) );
#5903 = PCURVE('',#5904,#5909);
#5904 = PLANE('',#5905);
#5905 = AXIS2_PLACEMENT_3D('',#5906,#5907,#5908);
#5906 = CARTESIAN_POINT('',(-8.64,1.058094834463E-15,0.));
#5907 = DIRECTION('',(-0.866025403784,-0.5,0.));
#5908 = DIRECTION('',(0.5,-0.866025403784,0.));
#5909 = DEFINITIONAL_REPRESENTATION('',(#5910),#5914);
#5910 = LINE('',#5911,#5912);
#5911 = CARTESIAN_POINT('',(0.,0.));
#5912 = VECTOR('',#5913,1.);
#5913 = DIRECTION('',(1.,0.));
#5914 = ( GEOMETRIC_REPRESENTATION_CONTEXT(2) 
PARAMETRIC_REPRESENTATION_CONTEXT() REPRESENTATION_CONTEXT('2D SPACE',''
  ) );
#5915 = ORIENTED_EDGE('',*,*,#5916,.T.);
#5916 = EDGE_CURVE('',#5889,#5712,#5917,.T.);
#5917 = SURFACE_CURVE('',#5918,(#5922,#5929),.PCURVE_S1.);
#5918 = LINE('',#5919,#5920);
#5919 = CARTESIAN_POINT('',(-4.32,-7.482459488698,0.));
#5920 = VECTOR('',#5921,1.);
#5921 = DIRECTION('',(1.,-7.195889974422E-16,0.));
#5922 = PCURVE('',#5696,#5923);
#5923 = DEFINITIONAL_REPRESENTATION('',(#5924),#5928);
#5924 = LINE('',#5925,#5926);
#5925 = CARTESIAN_POINT('',(-4.32,-7.482459488698));
#5926 = VECTOR('',#5927,1.);
#5927 = DIRECTION('',(1.,-7.195889974422E-16));
#5928 = ( GEOMETRIC_REPRESENTATION_CONTEXT(2) 
PARAMETRIC_REPRESENTATION_CONTEXT() REPRESENTATION_CONTEXT('2D SPACE',''
  ) );
#5929 = PCURVE('',#5729,#5930);
#5930 = DEFINITIONAL_REPRESENTATION('',(#5931),#5935);
#5931 = LINE('',#5932,#5933);
#5932 = CARTESIAN_POINT('',(0.,0.));
#5933 = VECTOR('',#5934,1.);
#5934 = DIRECTION('',(1.,0.));
#5935 = ( GEOMETRIC_REPRESENTATION_CONTEXT(2) 
PARAMETRIC_REPRESENTATION_CONTEXT() REPRESENTATION_CONTEXT('2D SPACE',''
  ) );
#5936 = ORIENTED_EDGE('',*,*,#5763,.T.);
#5937 = FACE_BOUND('',#5938,.T.);
#5938 = EDGE_LOOP('',(#5939));
#5939 = ORIENTED_EDGE('',*,*,#5940,.T.);
#5940 = EDGE_CURVE('',#5941,#5941,#5943,.T.);
#5941 = VERTEX_POINT('',#5942);
#5942 = CARTESIAN_POINT('',(5.4,0.,0.));
#5943 = SURFACE_CURVE('',#5944,(#5949,#5960),.PCURVE_S1.);
#5944 = CIRCLE('',#5945,5.4);
#5945 = AXIS2_PLACEMENT_3D('',#5946,#5947,#5948);
#5946 = CARTESIAN_POINT('',(0.,0.,0.));
#5947 = DIRECTION('',(0.,0.,-1.));
#5948 = DIRECTION('',(1.,0.,0.));
#5949 = PCURVE('',#5696,#5950);
#5950 = DEFINITIONAL_REPRESENTATION('',(#5951),#5959);
#5951 = ( BOUNDED_CURVE() B_SPLINE_CURVE(2,(#5952,#5953,#5954,#5955,
#5956,#5957,#5958),.UNSPECIFIED.,.T.,.F.) B_SPLINE_CURVE_WITH_KNOTS((1,2
    ,2,2,2,1),(-2.094395102393,0.,2.094395102393,4.188790204786,
6.28318530718,8.377580409573),.UNSPECIFIED.) CURVE() 
GEOMETRIC_REPRESENTATION_ITEM() RATIONAL_B_SPLINE_CURVE((1.,0.5,1.,0.5,
1.,0.5,1.)) REPRESENTATION_ITEM('') );
#5952 = CARTESIAN_POINT('',(5.4,-4.111937128241E-16));
#5953 = CARTESIAN_POINT('',(5.4,-9.353074360872));
#5954 = CARTESIAN_POINT('',(-2.7,-4.676537180436));
#5955 = CARTESIAN_POINT('',(-10.8,-1.733812255903E-15));
#5956 = CARTESIAN_POINT('',(-2.7,4.676537180436));
#5957 = CARTESIAN_POINT('',(5.4,9.353074360872));
#5958 = CARTESIAN_POINT('',(5.4,-4.111937128241E-16));
#5959 = ( GEOMETRIC_REPRESENTATION_CONTEXT(2) 
PARAMETRIC_REPRESENTATION_CONTEXT() REPRESENTATION_CONTEXT('2D SPACE',''
  ) );
#5960 = PCURVE('',#5961,#5966);
#5961 = CYLINDRICAL_SURFACE('',#5962,5.4);
#5962 = AXIS2_PLACEMENT_3D('',#5963,#5964,#5965);
#5963 = CARTESIAN_POINT('',(0.,0.,-17.2800002));
#5964 = DIRECTION('',(-0.,-0.,-1.));
#5965 = DIRECTION('',(1.,0.,0.));
#5966 = DEFINITIONAL_REPRESENTATION('',(#5967),#5971);
#5967 = LINE('',#5968,#5969);
#5968 = CARTESIAN_POINT('',(-6.28318530718,-17.2800002));
#5969 = VECTOR('',#5970,1.);
#5970 = DIRECTION('',(1.,-0.));
#5971 = ( GEOMETRIC_REPRESENTATION_CONTEXT(2) 
PARAMETRIC_REPRESENTATION_CONTEXT() REPRESENTATION_CONTEXT('2D SPACE',''
  ) );
#5972 = ADVANCED_FACE('',(#5973,#6045),#5642,.F.);
#5973 = FACE_BOUND('',#5974,.F.);
#5974 = EDGE_LOOP('',(#5975,#5976,#5977,#6000,#6023,#6044));
#5975 = ORIENTED_EDGE('',*,*,#5626,.T.);
#5976 = ORIENTED_EDGE('',*,*,#5788,.T.);
#5977 = ORIENTED_EDGE('',*,*,#5978,.T.);
#5978 = EDGE_CURVE('',#5789,#5979,#5981,.T.);
#5979 = VERTEX_POINT('',#5980);
#5980 = CARTESIAN_POINT('',(-8.64,1.058094834463E-15,-8.64));
#5981 = SURFACE_CURVE('',#5982,(#5986,#5993),.PCURVE_S1.);
#5982 = LINE('',#5983,#5984);
#5983 = CARTESIAN_POINT('',(-4.32,7.482459488698,-8.64));
#5984 = VECTOR('',#5985,1.);
#5985 = DIRECTION('',(-0.5,-0.866025403784,0.));
#5986 = PCURVE('',#5642,#5987);
#5987 = DEFINITIONAL_REPRESENTATION('',(#5988),#5992);
#5988 = LINE('',#5989,#5990);
#5989 = CARTESIAN_POINT('',(-4.32,7.482459488698));
#5990 = VECTOR('',#5991,1.);
#5991 = DIRECTION('',(-0.5,-0.866025403784));
#5992 = ( GEOMETRIC_REPRESENTATION_CONTEXT(2) 
PARAMETRIC_REPRESENTATION_CONTEXT() REPRESENTATION_CONTEXT('2D SPACE',''
  ) );
#5993 = PCURVE('',#5827,#5994);
#5994 = DEFINITIONAL_REPRESENTATION('',(#5995),#5999);
#5995 = LINE('',#5996,#5997);
#5996 = CARTESIAN_POINT('',(-0.,-8.64));
#5997 = VECTOR('',#5998,1.);
#5998 = DIRECTION('',(1.,0.));
#5999 = ( GEOMETRIC_REPRESENTATION_CONTEXT(2) 
PARAMETRIC_REPRESENTATION_CONTEXT() REPRESENTATION_CONTEXT('2D SPACE',''
  ) );
#6000 = ORIENTED_EDGE('',*,*,#6001,.T.);
#6001 = EDGE_CURVE('',#5979,#6002,#6004,.T.);
#6002 = VERTEX_POINT('',#6003);
#6003 = CARTESIAN_POINT('',(-4.32,-7.482459488698,-8.64));
#6004 = SURFACE_CURVE('',#6005,(#6009,#6016),.PCURVE_S1.);
#6005 = LINE('',#6006,#6007);
#6006 = CARTESIAN_POINT('',(-8.64,1.058094834463E-15,-8.64));
#6007 = VECTOR('',#6008,1.);
#6008 = DIRECTION('',(0.5,-0.866025403784,0.));
#6009 = PCURVE('',#5642,#6010);
#6010 = DEFINITIONAL_REPRESENTATION('',(#6011),#6015);
#6011 = LINE('',#6012,#6013);
#6012 = CARTESIAN_POINT('',(-8.64,6.469011216392E-16));
#6013 = VECTOR('',#6014,1.);
#6014 = DIRECTION('',(0.5,-0.866025403784));
#6015 = ( GEOMETRIC_REPRESENTATION_CONTEXT(2) 
PARAMETRIC_REPRESENTATION_CONTEXT() REPRESENTATION_CONTEXT('2D SPACE',''
  ) );
#6016 = PCURVE('',#5904,#6017);
#6017 = DEFINITIONAL_REPRESENTATION('',(#6018),#6022);
#6018 = LINE('',#6019,#6020);
#6019 = CARTESIAN_POINT('',(0.,-8.64));
#6020 = VECTOR('',#6021,1.);
#6021 = DIRECTION('',(1.,0.));
#6022 = ( GEOMETRIC_REPRESENTATION_CONTEXT(2) 
PARAMETRIC_REPRESENTATION_CONTEXT() REPRESENTATION_CONTEXT('2D SPACE',''
  ) );
#6023 = ORIENTED_EDGE('',*,*,#6024,.T.);
#6024 = EDGE_CURVE('',#6002,#5714,#6025,.T.);
#6025 = SURFACE_CURVE('',#6026,(#6030,#6037),.PCURVE_S1.);
#6026 = LINE('',#6027,#6028);
#6027 = CARTESIAN_POINT('',(-4.32,-7.482459488698,-8.64));
#6028 = VECTOR('',#6029,1.);
#6029 = DIRECTION('',(1.,-7.195889974422E-16,0.));
#6030 = PCURVE('',#5642,#6031);
#6031 = DEFINITIONAL_REPRESENTATION('',(#6032),#6036);
#6032 = LINE('',#6033,#6034);
#6033 = CARTESIAN_POINT('',(-4.32,-7.482459488698));
#6034 = VECTOR('',#6035,1.);
#6035 = DIRECTION('',(1.,-7.195889974422E-16));
#6036 = ( GEOMETRIC_REPRESENTATION_CONTEXT(2) 
PARAMETRIC_REPRESENTATION_CONTEXT() REPRESENTATION_CONTEXT('2D SPACE',''
  ) );
#6037 = PCURVE('',#5729,#6038);
#6038 = DEFINITIONAL_REPRESENTATION('',(#6039),#6043);
#6039 = LINE('',#6040,#6041);
#6040 = CARTESIAN_POINT('',(0.,-8.64));
#6041 = VECTOR('',#6042,1.);
#6042 = DIRECTION('',(1.,0.));
#6043 = ( GEOMETRIC_REPRESENTATION_CONTEXT(2) 
PARAMETRIC_REPRESENTATION_CONTEXT() REPRESENTATION_CONTEXT('2D SPACE',''
  ) );
#6044 = ORIENTED_EDGE('',*,*,#5741,.T.);
#6045 = FACE_BOUND('',#6046,.F.);
#6046 = EDGE_LOOP('',(#6047));
#6047 = ORIENTED_EDGE('',*,*,#6048,.F.);
#6048 = EDGE_CURVE('',#6049,#6049,#6051,.T.);
#6049 = VERTEX_POINT('',#6050);
#6050 = CARTESIAN_POINT('',(5.4,0.,-8.64));
#6051 = SURFACE_CURVE('',#6052,(#6057,#6064),.PCURVE_S1.);
#6052 = CIRCLE('',#6053,5.4);
#6053 = AXIS2_PLACEMENT_3D('',#6054,#6055,#6056);
#6054 = CARTESIAN_POINT('',(2.815412774984E-16,0.,-8.64));
#6055 = DIRECTION('',(0.,0.,1.));
#6056 = DIRECTION('',(1.,0.,0.));
#6057 = PCURVE('',#5642,#6058);
#6058 = DEFINITIONAL_REPRESENTATION('',(#6059),#6063);
#6059 = CIRCLE('',#6060,5.4);
#6060 = AXIS2_PLACEMENT_2D('',#6061,#6062);
#6061 = CARTESIAN_POINT('',(2.815412774984E-16,-4.111937128241E-16));
#6062 = DIRECTION('',(1.,0.));
#6063 = ( GEOMETRIC_REPRESENTATION_CONTEXT(2) 
PARAMETRIC_REPRESENTATION_CONTEXT() REPRESENTATION_CONTEXT('2D SPACE',''
  ) );
#6064 = PCURVE('',#5961,#6065);
#6065 = DEFINITIONAL_REPRESENTATION('',(#6066),#6070);
#6066 = LINE('',#6067,#6068);
#6067 = CARTESIAN_POINT('',(-6.28318530718,-8.6400002));
#6068 = VECTOR('',#6069,1.);
#6069 = DIRECTION('',(-1.,-0.));
#6070 = ( GEOMETRIC_REPRESENTATION_CONTEXT(2) 
PARAMETRIC_REPRESENTATION_CONTEXT() REPRESENTATION_CONTEXT('2D SPACE',''
  ) );
#6071 = ADVANCED_FACE('',(#6072),#5729,.T.);
#6072 = FACE_BOUND('',#6073,.T.);
#6073 = EDGE_LOOP('',(#6074,#6095,#6096,#6097));
#6074 = ORIENTED_EDGE('',*,*,#6075,.T.);
#6075 = EDGE_CURVE('',#5889,#6002,#6076,.T.);
#6076 = SURFACE_CURVE('',#6077,(#6081,#6088),.PCURVE_S1.);
#6077 = LINE('',#6078,#6079);
#6078 = CARTESIAN_POINT('',(-4.32,-7.482459488698,0.));
#6079 = VECTOR('',#6080,1.);
#6080 = DIRECTION('',(-0.,-0.,-1.));
#6081 = PCURVE('',#5729,#6082);
#6082 = DEFINITIONAL_REPRESENTATION('',(#6083),#6087);
#6083 = LINE('',#6084,#6085);
#6084 = CARTESIAN_POINT('',(0.,0.));
#6085 = VECTOR('',#6086,1.);
#6086 = DIRECTION('',(0.,-1.));
#6087 = ( GEOMETRIC_REPRESENTATION_CONTEXT(2) 
PARAMETRIC_REPRESENTATION_CONTEXT() REPRESENTATION_CONTEXT('2D SPACE',''
  ) );
#6088 = PCURVE('',#5904,#6089);
#6089 = DEFINITIONAL_REPRESENTATION('',(#6090),#6094);
#6090 = LINE('',#6091,#6092);
#6091 = CARTESIAN_POINT('',(8.64,0.));
#6092 = VECTOR('',#6093,1.);
#6093 = DIRECTION('',(0.,-1.));
#6094 = ( GEOMETRIC_REPRESENTATION_CONTEXT(2) 
PARAMETRIC_REPRESENTATION_CONTEXT() REPRESENTATION_CONTEXT('2D SPACE',''
  ) );
#6095 = ORIENTED_EDGE('',*,*,#6024,.T.);
#6096 = ORIENTED_EDGE('',*,*,#5711,.F.);
#6097 = ORIENTED_EDGE('',*,*,#5916,.F.);
#6098 = ADVANCED_FACE('',(#6099),#5827,.T.);
#6099 = FACE_BOUND('',#6100,.T.);
#6100 = EDGE_LOOP('',(#6101,#6102,#6103,#6124));
#6101 = ORIENTED_EDGE('',*,*,#5811,.T.);
#6102 = ORIENTED_EDGE('',*,*,#5978,.T.);
#6103 = ORIENTED_EDGE('',*,*,#6104,.F.);
#6104 = EDGE_CURVE('',#5866,#5979,#6105,.T.);
#6105 = SURFACE_CURVE('',#6106,(#6110,#6117),.PCURVE_S1.);
#6106 = LINE('',#6107,#6108);
#6107 = CARTESIAN_POINT('',(-8.64,1.058094834463E-15,0.));
#6108 = VECTOR('',#6109,1.);
#6109 = DIRECTION('',(-0.,-0.,-1.));
#6110 = PCURVE('',#5827,#6111);
#6111 = DEFINITIONAL_REPRESENTATION('',(#6112),#6116);
#6112 = LINE('',#6113,#6114);
#6113 = CARTESIAN_POINT('',(8.64,0.));
#6114 = VECTOR('',#6115,1.);
#6115 = DIRECTION('',(0.,-1.));
#6116 = ( GEOMETRIC_REPRESENTATION_CONTEXT(2) 
PARAMETRIC_REPRESENTATION_CONTEXT() REPRESENTATION_CONTEXT('2D SPACE',''
  ) );
#6117 = PCURVE('',#5904,#6118);
#6118 = DEFINITIONAL_REPRESENTATION('',(#6119),#6123);
#6119 = LINE('',#6120,#6121);
#6120 = CARTESIAN_POINT('',(0.,0.));
#6121 = VECTOR('',#6122,1.);
#6122 = DIRECTION('',(0.,-1.));
#6123 = ( GEOMETRIC_REPRESENTATION_CONTEXT(2) 
PARAMETRIC_REPRESENTATION_CONTEXT() REPRESENTATION_CONTEXT('2D SPACE',''
  ) );
#6124 = ORIENTED_EDGE('',*,*,#5865,.F.);
#6125 = ADVANCED_FACE('',(#6126),#5904,.T.);
#6126 = FACE_BOUND('',#6127,.T.);
#6127 = EDGE_LOOP('',(#6128,#6129,#6130,#6131));
#6128 = ORIENTED_EDGE('',*,*,#6104,.T.);
#6129 = ORIENTED_EDGE('',*,*,#6001,.T.);
#6130 = ORIENTED_EDGE('',*,*,#6075,.F.);
#6131 = ORIENTED_EDGE('',*,*,#5888,.F.);
#6132 = ADVANCED_FACE('',(#6133),#5961,.F.);
#6133 = FACE_BOUND('',#6134,.T.);
#6134 = EDGE_LOOP('',(#6135,#6136,#6157,#6158));
#6135 = ORIENTED_EDGE('',*,*,#6048,.F.);
#6136 = ORIENTED_EDGE('',*,*,#6137,.T.);
#6137 = EDGE_CURVE('',#6049,#5941,#6138,.T.);
#6138 = SEAM_CURVE('',#6139,(#6143,#6150),.PCURVE_S1.);
#6139 = LINE('',#6140,#6141);
#6140 = CARTESIAN_POINT('',(5.4,0.,-17.2800002));
#6141 = VECTOR('',#6142,1.);
#6142 = DIRECTION('',(0.,0.,1.));
#6143 = PCURVE('',#5961,#6144);
#6144 = DEFINITIONAL_REPRESENTATION('',(#6145),#6149);
#6145 = LINE('',#6146,#6147);
#6146 = CARTESIAN_POINT('',(-0.,0.));
#6147 = VECTOR('',#6148,1.);
#6148 = DIRECTION('',(-0.,-1.));
#6149 = ( GEOMETRIC_REPRESENTATION_CONTEXT(2) 
PARAMETRIC_REPRESENTATION_CONTEXT() REPRESENTATION_CONTEXT('2D SPACE',''
  ) );
#6150 = PCURVE('',#5961,#6151);
#6151 = DEFINITIONAL_REPRESENTATION('',(#6152),#6156);
#6152 = LINE('',#6153,#6154);
#6153 = CARTESIAN_POINT('',(-6.28318530718,0.));
#6154 = VECTOR('',#6155,1.);
#6155 = DIRECTION('',(-0.,-1.));
#6156 = ( GEOMETRIC_REPRESENTATION_CONTEXT(2) 
PARAMETRIC_REPRESENTATION_CONTEXT() REPRESENTATION_CONTEXT('2D SPACE',''
  ) );
#6157 = ORIENTED_EDGE('',*,*,#5940,.F.);
#6158 = ORIENTED_EDGE('',*,*,#6137,.F.);
#6159 = ( GEOMETRIC_REPRESENTATION_CONTEXT(3) 
GLOBAL_UNCERTAINTY_ASSIGNED_CONTEXT((#6163)) 
GLOBAL_UNIT_ASSIGNED_CONTEXT((#6160,#6161,#6162)) REPRESENTATION_CONTEXT
('Context #1','3D Context with UNIT and UNCERTAINTY') );
#6160 = ( LENGTH_UNIT() NAMED_UNIT(*) SI_UNIT(.MILLI.,.METRE.) );
#6161 = ( NAMED_UNIT(*) PLANE_ANGLE_UNIT() SI_UNIT($,.RADIAN.) );
#6162 = ( NAMED_UNIT(*) SI_UNIT($,.STERADIAN.) SOLID_ANGLE_UNIT() );
#6163 = UNCERTAINTY_MEASURE_WITH_UNIT(LENGTH_MEASURE(1.E-07),#6160,
  'distance_accuracy_value','confusion accuracy');
#6164 = SHAPE_DEFINITION_REPRESENTATION(#6165,#5584);
#6165 = PRODUCT_DEFINITION_SHAPE('','',#6166);
#6166 = PRODUCT_DEFINITION('design','',#6167,#6170);
#6167 = PRODUCT_DEFINITION_FORMATION('','',#6168);
#6168 = PRODUCT('auto_nut_2_part','auto_nut_2_part','',(#6169));
#6169 = PRODUCT_CONTEXT('',#2,'mechanical');
#6170 = PRODUCT_DEFINITION_CONTEXT('part definition',#2,'design');
#6171 = CONTEXT_DEPENDENT_SHAPE_REPRESENTATION(#6172,#6174);
#6172 = ( REPRESENTATION_RELATIONSHIP('','',#5584,#5574) 
REPRESENTATION_RELATIONSHIP_WITH_TRANSFORMATION(#6173) 
SHAPE_REPRESENTATION_RELATIONSHIP() );
#6173 = ITEM_DEFINED_TRANSFORMATION('','',#11,#5575);
#6174 = PRODUCT_DEFINITION_SHAPE('Placement','Placement of an item',
  #6175);
#6175 = NEXT_ASSEMBLY_USAGE_OCCURRENCE('16','','',#5569,#6166,$);
#6176 = PRODUCT_RELATED_PRODUCT_CATEGORY('part',$,(#6168));
#6177 = CONTEXT_DEPENDENT_SHAPE_REPRESENTATION(#6178,#6180);
#6178 = ( REPRESENTATION_RELATIONSHIP('','',#5574,#32) 
REPRESENTATION_RELATIONSHIP_WITH_TRANSFORMATION(#6179) 
SHAPE_REPRESENTATION_RELATIONSHIP() );
#6179 = ITEM_DEFINED_TRANSFORMATION('','',#11,#65);
#6180 = PRODUCT_DEFINITION_SHAPE('Placement','Placement of an item',
  #6181);
#6181 = NEXT_ASSEMBLY_USAGE_OCCURRENCE('17','','',#27,#5569,$);
#6182 = PRODUCT_RELATED_PRODUCT_CATEGORY('part',$,(#5571));
#6183 = SHAPE_DEFINITION_REPRESENTATION(#6184,#6190);
#6184 = PRODUCT_DEFINITION_SHAPE('','',#6185);
#6185 = PRODUCT_DEFINITION('design','',#6186,#6189);
#6186 = PRODUCT_DEFINITION_FORMATION('','',#6187);
#6187 = PRODUCT('auto_bolt_3','auto_bolt_3','',(#6188));
#6188 = PRODUCT_CONTEXT('',#2,'mechanical');
#6189 = PRODUCT_DEFINITION_CONTEXT('part definition',#2,'design');
#6190 = SHAPE_REPRESENTATION('',(#11,#6191),#6195);
#6191 = AXIS2_PLACEMENT_3D('',#6192,#6193,#6194);
#6192 = CARTESIAN_POINT('',(0.,0.,0.));
#6193 = DIRECTION('',(0.,0.,1.));
#6194 = DIRECTION('',(1.,0.,-0.));
#6195 = ( GEOMETRIC_REPRESENTATION_CONTEXT(3) 
GLOBAL_UNCERTAINTY_ASSIGNED_CONTEXT((#6199)) 
GLOBAL_UNIT_ASSIGNED_CONTEXT((#6196,#6197,#6198)) REPRESENTATION_CONTEXT
('Context #1','3D Context with UNIT and UNCERTAINTY') );
#6196 = ( LENGTH_UNIT() NAMED_UNIT(*) SI_UNIT(.MILLI.,.METRE.) );
#6197 = ( NAMED_UNIT(*) PLANE_ANGLE_UNIT() SI_UNIT($,.RADIAN.) );
#6198 = ( NAMED_UNIT(*) SI_UNIT($,.STERADIAN.) SOLID_ANGLE_UNIT() );
#6199 = UNCERTAINTY_MEASURE_WITH_UNIT(LENGTH_MEASURE(1.E-07),#6196,
  'distance_accuracy_value','confusion accuracy');
#6200 = ADVANCED_BREP_SHAPE_REPRESENTATION('',(#11,#6201),#6777);
#6201 = MANIFOLD_SOLID_BREP('',#6202);
#6202 = CLOSED_SHELL('',(#6203,#6323,#6399,#6475,#6584,#6657,#6684,#6711
    ,#6718,#6773));
#6203 = ADVANCED_FACE('',(#6204),#6218,.T.);
#6204 = FACE_BOUND('',#6205,.T.);
#6205 = EDGE_LOOP('',(#6206,#6241,#6269,#6297));
#6206 = ORIENTED_EDGE('',*,*,#6207,.T.);
#6207 = EDGE_CURVE('',#6208,#6210,#6212,.T.);
#6208 = VERTEX_POINT('',#6209);
#6209 = CARTESIAN_POINT('',(9.72,0.,0.));
#6210 = VERTEX_POINT('',#6211);
#6211 = CARTESIAN_POINT('',(9.72,0.,-6.48));
#6212 = SURFACE_CURVE('',#6213,(#6217,#6229),.PCURVE_S1.);
#6213 = LINE('',#6214,#6215);
#6214 = CARTESIAN_POINT('',(9.72,0.,0.));
#6215 = VECTOR('',#6216,1.);
#6216 = DIRECTION('',(-0.,-0.,-1.));
#6217 = PCURVE('',#6218,#6223);
#6218 = PLANE('',#6219);
#6219 = AXIS2_PLACEMENT_3D('',#6220,#6221,#6222);
#6220 = CARTESIAN_POINT('',(9.72,0.,0.));
#6221 = DIRECTION('',(0.866025403784,0.5,-0.));
#6222 = DIRECTION('',(-0.5,0.866025403784,0.));
#6223 = DEFINITIONAL_REPRESENTATION('',(#6224),#6228);
#6224 = LINE('',#6225,#6226);
#6225 = CARTESIAN_POINT('',(0.,0.));
#6226 = VECTOR('',#6227,1.);
#6227 = DIRECTION('',(0.,-1.));
#6228 = ( GEOMETRIC_REPRESENTATION_CONTEXT(2) 
PARAMETRIC_REPRESENTATION_CONTEXT() REPRESENTATION_CONTEXT('2D SPACE',''
  ) );
#6229 = PCURVE('',#6230,#6235);
#6230 = PLANE('',#6231);
#6231 = AXIS2_PLACEMENT_3D('',#6232,#6233,#6234);
#6232 = CARTESIAN_POINT('',(4.86,-8.417766924785,0.));
#6233 = DIRECTION('',(0.866025403784,-0.5,0.));
#6234 = DIRECTION('',(0.5,0.866025403784,0.));
#6235 = DEFINITIONAL_REPRESENTATION('',(#6236),#6240);
#6236 = LINE('',#6237,#6238);
#6237 = CARTESIAN_POINT('',(9.72,0.));
#6238 = VECTOR('',#6239,1.);
#6239 = DIRECTION('',(0.,-1.));
#6240 = ( GEOMETRIC_REPRESENTATION_CONTEXT(2) 
PARAMETRIC_REPRESENTATION_CONTEXT() REPRESENTATION_CONTEXT('2D SPACE',''
  ) );
#6241 = ORIENTED_EDGE('',*,*,#6242,.T.);
#6242 = EDGE_CURVE('',#6210,#6243,#6245,.T.);
#6243 = VERTEX_POINT('',#6244);
#6244 = CARTESIAN_POINT('',(4.86,8.417766924785,-6.48));
#6245 = SURFACE_CURVE('',#6246,(#6250,#6257),.PCURVE_S1.);
#6246 = LINE('',#6247,#6248);
#6247 = CARTESIAN_POINT('',(9.72,0.,-6.48));
#6248 = VECTOR('',#6249,1.);
#6249 = DIRECTION('',(-0.5,0.866025403784,0.));
#6250 = PCURVE('',#6218,#6251);
#6251 = DEFINITIONAL_REPRESENTATION('',(#6252),#6256);
#6252 = LINE('',#6253,#6254);
#6253 = CARTESIAN_POINT('',(0.,-6.48));
#6254 = VECTOR('',#6255,1.);
#6255 = DIRECTION('',(1.,0.));
#6256 = ( GEOMETRIC_REPRESENTATION_CONTEXT(2) 
PARAMETRIC_REPRESENTATION_CONTEXT() REPRESENTATION_CONTEXT('2D SPACE',''
  ) );
#6257 = PCURVE('',#6258,#6263);
#6258 = PLANE('',#6259);
#6259 = AXIS2_PLACEMENT_3D('',#6260,#6261,#6262);
#6260 = CARTESIAN_POINT('',(-1.218351741701E-16,-6.091758708506E-16,
    -6.48));
#6261 = DIRECTION('',(0.,0.,1.));
#6262 = DIRECTION('',(1.,0.,-0.));
#6263 = DEFINITIONAL_REPRESENTATION('',(#6264),#6268);
#6264 = LINE('',#6265,#6266);
#6265 = CARTESIAN_POINT('',(9.72,6.091758708506E-16));
#6266 = VECTOR('',#6267,1.);
#6267 = DIRECTION('',(-0.5,0.866025403784));
#6268 = ( GEOMETRIC_REPRESENTATION_CONTEXT(2) 
PARAMETRIC_REPRESENTATION_CONTEXT() REPRESENTATION_CONTEXT('2D SPACE',''
  ) );
#6269 = ORIENTED_EDGE('',*,*,#6270,.F.);
#6270 = EDGE_CURVE('',#6271,#6243,#6273,.T.);
#6271 = VERTEX_POINT('',#6272);
#6272 = CARTESIAN_POINT('',(4.86,8.417766924785,0.));
#6273 = SURFACE_CURVE('',#6274,(#6278,#6285),.PCURVE_S1.);
#6274 = LINE('',#6275,#6276);
#6275 = CARTESIAN_POINT('',(4.86,8.417766924785,0.));
#6276 = VECTOR('',#6277,1.);
#6277 = DIRECTION('',(-0.,-0.,-1.));
#6278 = PCURVE('',#6218,#6279);
#6279 = DEFINITIONAL_REPRESENTATION('',(#6280),#6284);
#6280 = LINE('',#6281,#6282);
#6281 = CARTESIAN_POINT('',(9.72,0.));
#6282 = VECTOR('',#6283,1.);
#6283 = DIRECTION('',(0.,-1.));
#6284 = ( GEOMETRIC_REPRESENTATION_CONTEXT(2) 
PARAMETRIC_REPRESENTATION_CONTEXT() REPRESENTATION_CONTEXT('2D SPACE',''
  ) );
#6285 = PCURVE('',#6286,#6291);
#6286 = PLANE('',#6287);
#6287 = AXIS2_PLACEMENT_3D('',#6288,#6289,#6290);
#6288 = CARTESIAN_POINT('',(4.86,8.417766924785,0.));
#6289 = DIRECTION('',(1.827527612552E-16,1.,-0.));
#6290 = DIRECTION('',(-1.,1.827527612552E-16,0.));
#6291 = DEFINITIONAL_REPRESENTATION('',(#6292),#6296);
#6292 = LINE('',#6293,#6294);
#6293 = CARTESIAN_POINT('',(0.,0.));
#6294 = VECTOR('',#6295,1.);
#6295 = DIRECTION('',(0.,-1.));
#6296 = ( GEOMETRIC_REPRESENTATION_CONTEXT(2) 
PARAMETRIC_REPRESENTATION_CONTEXT() REPRESENTATION_CONTEXT('2D SPACE',''
  ) );
#6297 = ORIENTED_EDGE('',*,*,#6298,.F.);
#6298 = EDGE_CURVE('',#6208,#6271,#6299,.T.);
#6299 = SURFACE_CURVE('',#6300,(#6304,#6311),.PCURVE_S1.);
#6300 = LINE('',#6301,#6302);
#6301 = CARTESIAN_POINT('',(9.72,0.,0.));
#6302 = VECTOR('',#6303,1.);
#6303 = DIRECTION('',(-0.5,0.866025403784,0.));
#6304 = PCURVE('',#6218,#6305);
#6305 = DEFINITIONAL_REPRESENTATION('',(#6306),#6310);
#6306 = LINE('',#6307,#6308);
#6307 = CARTESIAN_POINT('',(0.,0.));
#6308 = VECTOR('',#6309,1.);
#6309 = DIRECTION('',(1.,0.));
#6310 = ( GEOMETRIC_REPRESENTATION_CONTEXT(2) 
PARAMETRIC_REPRESENTATION_CONTEXT() REPRESENTATION_CONTEXT('2D SPACE',''
  ) );
#6311 = PCURVE('',#6312,#6317);
#6312 = PLANE('',#6313);
#6313 = AXIS2_PLACEMENT_3D('',#6314,#6315,#6316);
#6314 = CARTESIAN_POINT('',(-1.218351741701E-16,-6.091758708506E-16,0.)
  );
#6315 = DIRECTION('',(0.,0.,1.));
#6316 = DIRECTION('',(1.,0.,-0.));
#6317 = DEFINITIONAL_REPRESENTATION('',(#6318),#6322);
#6318 = LINE('',#6319,#6320);
#6319 = CARTESIAN_POINT('',(9.72,6.091758708506E-16));
#6320 = VECTOR('',#6321,1.);
#6321 = DIRECTION('',(-0.5,0.866025403784));
#6322 = ( GEOMETRIC_REPRESENTATION_CONTEXT(2) 
PARAMETRIC_REPRESENTATION_CONTEXT() REPRESENTATION_CONTEXT('2D SPACE',''
  ) );
#6323 = ADVANCED_FACE('',(#6324),#6230,.T.);
#6324 = FACE_BOUND('',#6325,.T.);
#6325 = EDGE_LOOP('',(#6326,#6356,#6377,#6378));
#6326 = ORIENTED_EDGE('',*,*,#6327,.T.);
#6327 = EDGE_CURVE('',#6328,#6330,#6332,.T.);
#6328 = VERTEX_POINT('',#6329);
#6329 = CARTESIAN_POINT('',(4.86,-8.417766924785,0.));
#6330 = VERTEX_POINT('',#6331);
#6331 = CARTESIAN_POINT('',(4.86,-8.417766924785,-6.48));
#6332 = SURFACE_CURVE('',#6333,(#6337,#6344),.PCURVE_S1.);
#6333 = LINE('',#6334,#6335);
#6334 = CARTESIAN_POINT('',(4.86,-8.417766924785,0.));
#6335 = VECTOR('',#6336,1.);
#6336 = DIRECTION('',(-0.,-0.,-1.));
#6337 = PCURVE('',#6230,#6338);
#6338 = DEFINITIONAL_REPRESENTATION('',(#6339),#6343);
#6339 = LINE('',#6340,#6341);
#6340 = CARTESIAN_POINT('',(0.,0.));
#6341 = VECTOR('',#6342,1.);
#6342 = DIRECTION('',(0.,-1.));
#6343 = ( GEOMETRIC_REPRESENTATION_CONTEXT(2) 
PARAMETRIC_REPRESENTATION_CONTEXT() REPRESENTATION_CONTEXT('2D SPACE',''
  ) );
#6344 = PCURVE('',#6345,#6350);
#6345 = PLANE('',#6346);
#6346 = AXIS2_PLACEMENT_3D('',#6347,#6348,#6349);
#6347 = CARTESIAN_POINT('',(-4.86,-8.417766924785,0.));
#6348 = DIRECTION('',(-7.310110450207E-16,-1.,0.));
#6349 = DIRECTION('',(1.,-7.310110450207E-16,0.));
#6350 = DEFINITIONAL_REPRESENTATION('',(#6351),#6355);
#6351 = LINE('',#6352,#6353);
#6352 = CARTESIAN_POINT('',(9.72,0.));
#6353 = VECTOR('',#6354,1.);
#6354 = DIRECTION('',(0.,-1.));
#6355 = ( GEOMETRIC_REPRESENTATION_CONTEXT(2) 
PARAMETRIC_REPRESENTATION_CONTEXT() REPRESENTATION_CONTEXT('2D SPACE',''
  ) );
#6356 = ORIENTED_EDGE('',*,*,#6357,.T.);
#6357 = EDGE_CURVE('',#6330,#6210,#6358,.T.);
#6358 = SURFACE_CURVE('',#6359,(#6363,#6370),.PCURVE_S1.);
#6359 = LINE('',#6360,#6361);
#6360 = CARTESIAN_POINT('',(4.86,-8.417766924785,-6.48));
#6361 = VECTOR('',#6362,1.);
#6362 = DIRECTION('',(0.5,0.866025403784,0.));
#6363 = PCURVE('',#6230,#6364);
#6364 = DEFINITIONAL_REPRESENTATION('',(#6365),#6369);
#6365 = LINE('',#6366,#6367);
#6366 = CARTESIAN_POINT('',(0.,-6.48));
#6367 = VECTOR('',#6368,1.);
#6368 = DIRECTION('',(1.,0.));
#6369 = ( GEOMETRIC_REPRESENTATION_CONTEXT(2) 
PARAMETRIC_REPRESENTATION_CONTEXT() REPRESENTATION_CONTEXT('2D SPACE',''
  ) );
#6370 = PCURVE('',#6258,#6371);
#6371 = DEFINITIONAL_REPRESENTATION('',(#6372),#6376);
#6372 = LINE('',#6373,#6374);
#6373 = CARTESIAN_POINT('',(4.86,-8.417766924785));
#6374 = VECTOR('',#6375,1.);
#6375 = DIRECTION('',(0.5,0.866025403784));
#6376 = ( GEOMETRIC_REPRESENTATION_CONTEXT(2) 
PARAMETRIC_REPRESENTATION_CONTEXT() REPRESENTATION_CONTEXT('2D SPACE',''
  ) );
#6377 = ORIENTED_EDGE('',*,*,#6207,.F.);
#6378 = ORIENTED_EDGE('',*,*,#6379,.F.);
#6379 = EDGE_CURVE('',#6328,#6208,#6380,.T.);
#6380 = SURFACE_CURVE('',#6381,(#6385,#6392),.PCURVE_S1.);
#6381 = LINE('',#6382,#6383);
#6382 = CARTESIAN_POINT('',(4.86,-8.417766924785,0.));
#6383 = VECTOR('',#6384,1.);
#6384 = DIRECTION('',(0.5,0.866025403784,0.));
#6385 = PCURVE('',#6230,#6386);
#6386 = DEFINITIONAL_REPRESENTATION('',(#6387),#6391);
#6387 = LINE('',#6388,#6389);
#6388 = CARTESIAN_POINT('',(0.,0.));
#6389 = VECTOR('',#6390,1.);
#6390 = DIRECTION('',(1.,0.));
#6391 = ( GEOMETRIC_REPRESENTATION_CONTEXT(2) 
PARAMETRIC_REPRESENTATION_CONTEXT() REPRESENTATION_CONTEXT('2D SPACE',''
  ) );
#6392 = PCURVE('',#6312,#6393);
#6393 = DEFINITIONAL_REPRESENTATION('',(#6394),#6398);
#6394 = LINE('',#6395,#6396);
#6395 = CARTESIAN_POINT('',(4.86,-8.417766924785));
#6396 = VECTOR('',#6397,1.);
#6397 = DIRECTION('',(0.5,0.866025403784));
#6398 = ( GEOMETRIC_REPRESENTATION_CONTEXT(2) 
PARAMETRIC_REPRESENTATION_CONTEXT() REPRESENTATION_CONTEXT('2D SPACE',''
  ) );
#6399 = ADVANCED_FACE('',(#6400),#6286,.T.);
#6400 = FACE_BOUND('',#6401,.T.);
#6401 = EDGE_LOOP('',(#6402,#6403,#6426,#6454));
#6402 = ORIENTED_EDGE('',*,*,#6270,.T.);
#6403 = ORIENTED_EDGE('',*,*,#6404,.T.);
#6404 = EDGE_CURVE('',#6243,#6405,#6407,.T.);
#6405 = VERTEX_POINT('',#6406);
#6406 = CARTESIAN_POINT('',(-4.86,8.417766924785,-6.48));
#6407 = SURFACE_CURVE('',#6408,(#6412,#6419),.PCURVE_S1.);
#6408 = LINE('',#6409,#6410);
#6409 = CARTESIAN_POINT('',(4.86,8.417766924785,-6.48));
#6410 = VECTOR('',#6411,1.);
#6411 = DIRECTION('',(-1.,1.827527612552E-16,0.));
#6412 = PCURVE('',#6286,#6413);
#6413 = DEFINITIONAL_REPRESENTATION('',(#6414),#6418);
#6414 = LINE('',#6415,#6416);
#6415 = CARTESIAN_POINT('',(0.,-6.48));
#6416 = VECTOR('',#6417,1.);
#6417 = DIRECTION('',(1.,0.));
#6418 = ( GEOMETRIC_REPRESENTATION_CONTEXT(2) 
PARAMETRIC_REPRESENTATION_CONTEXT() REPRESENTATION_CONTEXT('2D SPACE',''
  ) );
#6419 = PCURVE('',#6258,#6420);
#6420 = DEFINITIONAL_REPRESENTATION('',(#6421),#6425);
#6421 = LINE('',#6422,#6423);
#6422 = CARTESIAN_POINT('',(4.86,8.417766924785));
#6423 = VECTOR('',#6424,1.);
#6424 = DIRECTION('',(-1.,1.827527612552E-16));
#6425 = ( GEOMETRIC_REPRESENTATION_CONTEXT(2) 
PARAMETRIC_REPRESENTATION_CONTEXT() REPRESENTATION_CONTEXT('2D SPACE',''
  ) );
#6426 = ORIENTED_EDGE('',*,*,#6427,.F.);
#6427 = EDGE_CURVE('',#6428,#6405,#6430,.T.);
#6428 = VERTEX_POINT('',#6429);
#6429 = CARTESIAN_POINT('',(-4.86,8.417766924785,0.));
#6430 = SURFACE_CURVE('',#6431,(#6435,#6442),.PCURVE_S1.);
#6431 = LINE('',#6432,#6433);
#6432 = CARTESIAN_POINT('',(-4.86,8.417766924785,0.));
#6433 = VECTOR('',#6434,1.);
#6434 = DIRECTION('',(-0.,-0.,-1.));
#6435 = PCURVE('',#6286,#6436);
#6436 = DEFINITIONAL_REPRESENTATION('',(#6437),#6441);
#6437 = LINE('',#6438,#6439);
#6438 = CARTESIAN_POINT('',(9.72,0.));
#6439 = VECTOR('',#6440,1.);
#6440 = DIRECTION('',(0.,-1.));
#6441 = ( GEOMETRIC_REPRESENTATION_CONTEXT(2) 
PARAMETRIC_REPRESENTATION_CONTEXT() REPRESENTATION_CONTEXT('2D SPACE',''
  ) );
#6442 = PCURVE('',#6443,#6448);
#6443 = PLANE('',#6444);
#6444 = AXIS2_PLACEMENT_3D('',#6445,#6446,#6447);
#6445 = CARTESIAN_POINT('',(-4.86,8.417766924785,0.));
#6446 = DIRECTION('',(-0.866025403784,0.5,0.));
#6447 = DIRECTION('',(-0.5,-0.866025403784,0.));
#6448 = DEFINITIONAL_REPRESENTATION('',(#6449),#6453);
#6449 = LINE('',#6450,#6451);
#6450 = CARTESIAN_POINT('',(0.,0.));
#6451 = VECTOR('',#6452,1.);
#6452 = DIRECTION('',(0.,-1.));
#6453 = ( GEOMETRIC_REPRESENTATION_CONTEXT(2) 
PARAMETRIC_REPRESENTATION_CONTEXT() REPRESENTATION_CONTEXT('2D SPACE',''
  ) );
#6454 = ORIENTED_EDGE('',*,*,#6455,.F.);
#6455 = EDGE_CURVE('',#6271,#6428,#6456,.T.);
#6456 = SURFACE_CURVE('',#6457,(#6461,#6468),.PCURVE_S1.);
#6457 = LINE('',#6458,#6459);
#6458 = CARTESIAN_POINT('',(4.86,8.417766924785,0.));
#6459 = VECTOR('',#6460,1.);
#6460 = DIRECTION('',(-1.,1.827527612552E-16,0.));
#6461 = PCURVE('',#6286,#6462);
#6462 = DEFINITIONAL_REPRESENTATION('',(#6463),#6467);
#6463 = LINE('',#6464,#6465);
#6464 = CARTESIAN_POINT('',(0.,0.));
#6465 = VECTOR('',#6466,1.);
#6466 = DIRECTION('',(1.,0.));
#6467 = ( GEOMETRIC_REPRESENTATION_CONTEXT(2) 
PARAMETRIC_REPRESENTATION_CONTEXT() REPRESENTATION_CONTEXT('2D SPACE',''
  ) );
#6468 = PCURVE('',#6312,#6469);
#6469 = DEFINITIONAL_REPRESENTATION('',(#6470),#6474);
#6470 = LINE('',#6471,#6472);
#6471 = CARTESIAN_POINT('',(4.86,8.417766924785));
#6472 = VECTOR('',#6473,1.);
#6473 = DIRECTION('',(-1.,1.827527612552E-16));
#6474 = ( GEOMETRIC_REPRESENTATION_CONTEXT(2) 
PARAMETRIC_REPRESENTATION_CONTEXT() REPRESENTATION_CONTEXT('2D SPACE',''
  ) );
#6475 = ADVANCED_FACE('',(#6476,#6553),#6312,.T.);
#6476 = FACE_BOUND('',#6477,.T.);
#6477 = EDGE_LOOP('',(#6478,#6479,#6480,#6503,#6531,#6552));
#6478 = ORIENTED_EDGE('',*,*,#6298,.T.);
#6479 = ORIENTED_EDGE('',*,*,#6455,.T.);
#6480 = ORIENTED_EDGE('',*,*,#6481,.T.);
#6481 = EDGE_CURVE('',#6428,#6482,#6484,.T.);
#6482 = VERTEX_POINT('',#6483);
#6483 = CARTESIAN_POINT('',(-9.72,1.190356688771E-15,0.));
#6484 = SURFACE_CURVE('',#6485,(#6489,#6496),.PCURVE_S1.);
#6485 = LINE('',#6486,#6487);
#6486 = CARTESIAN_POINT('',(-4.86,8.417766924785,0.));
#6487 = VECTOR('',#6488,1.);
#6488 = DIRECTION('',(-0.5,-0.866025403784,0.));
#6489 = PCURVE('',#6312,#6490);
#6490 = DEFINITIONAL_REPRESENTATION('',(#6491),#6495);
#6491 = LINE('',#6492,#6493);
#6492 = CARTESIAN_POINT('',(-4.86,8.417766924785));
#6493 = VECTOR('',#6494,1.);
#6494 = DIRECTION('',(-0.5,-0.866025403784));
#6495 = ( GEOMETRIC_REPRESENTATION_CONTEXT(2) 
PARAMETRIC_REPRESENTATION_CONTEXT() REPRESENTATION_CONTEXT('2D SPACE',''
  ) );
#6496 = PCURVE('',#6443,#6497);
#6497 = DEFINITIONAL_REPRESENTATION('',(#6498),#6502);
#6498 = LINE('',#6499,#6500);
#6499 = CARTESIAN_POINT('',(0.,0.));
#6500 = VECTOR('',#6501,1.);
#6501 = DIRECTION('',(1.,0.));
#6502 = ( GEOMETRIC_REPRESENTATION_CONTEXT(2) 
PARAMETRIC_REPRESENTATION_CONTEXT() REPRESENTATION_CONTEXT('2D SPACE',''
  ) );
#6503 = ORIENTED_EDGE('',*,*,#6504,.T.);
#6504 = EDGE_CURVE('',#6482,#6505,#6507,.T.);
#6505 = VERTEX_POINT('',#6506);
#6506 = CARTESIAN_POINT('',(-4.86,-8.417766924785,0.));
#6507 = SURFACE_CURVE('',#6508,(#6512,#6519),.PCURVE_S1.);
#6508 = LINE('',#6509,#6510);
#6509 = CARTESIAN_POINT('',(-9.72,1.190356688771E-15,0.));
#6510 = VECTOR('',#6511,1.);
#6511 = DIRECTION('',(0.5,-0.866025403784,0.));
#6512 = PCURVE('',#6312,#6513);
#6513 = DEFINITIONAL_REPRESENTATION('',(#6514),#6518);
#6514 = LINE('',#6515,#6516);
#6515 = CARTESIAN_POINT('',(-9.72,1.799532559622E-15));
#6516 = VECTOR('',#6517,1.);
#6517 = DIRECTION('',(0.5,-0.866025403784));
#6518 = ( GEOMETRIC_REPRESENTATION_CONTEXT(2) 
PARAMETRIC_REPRESENTATION_CONTEXT() REPRESENTATION_CONTEXT('2D SPACE',''
  ) );
#6519 = PCURVE('',#6520,#6525);
#6520 = PLANE('',#6521);
#6521 = AXIS2_PLACEMENT_3D('',#6522,#6523,#6524);
#6522 = CARTESIAN_POINT('',(-9.72,1.190356688771E-15,0.));
#6523 = DIRECTION('',(-0.866025403784,-0.5,0.));
#6524 = DIRECTION('',(0.5,-0.866025403784,0.));
#6525 = DEFINITIONAL_REPRESENTATION('',(#6526),#6530);
#6526 = LINE('',#6527,#6528);
#6527 = CARTESIAN_POINT('',(0.,0.));
#6528 = VECTOR('',#6529,1.);
#6529 = DIRECTION('',(1.,0.));
#6530 = ( GEOMETRIC_REPRESENTATION_CONTEXT(2) 
PARAMETRIC_REPRESENTATION_CONTEXT() REPRESENTATION_CONTEXT('2D SPACE',''
  ) );
#6531 = ORIENTED_EDGE('',*,*,#6532,.T.);
#6532 = EDGE_CURVE('',#6505,#6328,#6533,.T.);
#6533 = SURFACE_CURVE('',#6534,(#6538,#6545),.PCURVE_S1.);
#6534 = LINE('',#6535,#6536);
#6535 = CARTESIAN_POINT('',(-4.86,-8.417766924785,0.));
#6536 = VECTOR('',#6537,1.);
#6537 = DIRECTION('',(1.,-7.310110450207E-16,0.));
#6538 = PCURVE('',#6312,#6539);
#6539 = DEFINITIONAL_REPRESENTATION('',(#6540),#6544);
#6540 = LINE('',#6541,#6542);
#6541 = CARTESIAN_POINT('',(-4.86,-8.417766924785));
#6542 = VECTOR('',#6543,1.);
#6543 = DIRECTION('',(1.,-7.310110450207E-16));
#6544 = ( GEOMETRIC_REPRESENTATION_CONTEXT(2) 
PARAMETRIC_REPRESENTATION_CONTEXT() REPRESENTATION_CONTEXT('2D SPACE',''
  ) );
#6545 = PCURVE('',#6345,#6546);
#6546 = DEFINITIONAL_REPRESENTATION('',(#6547),#6551);
#6547 = LINE('',#6548,#6549);
#6548 = CARTESIAN_POINT('',(0.,0.));
#6549 = VECTOR('',#6550,1.);
#6550 = DIRECTION('',(1.,0.));
#6551 = ( GEOMETRIC_REPRESENTATION_CONTEXT(2) 
PARAMETRIC_REPRESENTATION_CONTEXT() REPRESENTATION_CONTEXT('2D SPACE',''
  ) );
#6552 = ORIENTED_EDGE('',*,*,#6379,.T.);
#6553 = FACE_BOUND('',#6554,.T.);
#6554 = EDGE_LOOP('',(#6555));
#6555 = ORIENTED_EDGE('',*,*,#6556,.F.);
#6556 = EDGE_CURVE('',#6557,#6557,#6559,.T.);
#6557 = VERTEX_POINT('',#6558);
#6558 = CARTESIAN_POINT('',(5.4,0.,0.));
#6559 = SURFACE_CURVE('',#6560,(#6565,#6572),.PCURVE_S1.);
#6560 = CIRCLE('',#6561,5.4);
#6561 = AXIS2_PLACEMENT_3D('',#6562,#6563,#6564);
#6562 = CARTESIAN_POINT('',(0.,0.,0.));
#6563 = DIRECTION('',(0.,0.,1.));
#6564 = DIRECTION('',(1.,0.,0.));
#6565 = PCURVE('',#6312,#6566);
#6566 = DEFINITIONAL_REPRESENTATION('',(#6567),#6571);
#6567 = CIRCLE('',#6568,5.4);
#6568 = AXIS2_PLACEMENT_2D('',#6569,#6570);
#6569 = CARTESIAN_POINT('',(1.218351741701E-16,6.091758708506E-16));
#6570 = DIRECTION('',(1.,0.));
#6571 = ( GEOMETRIC_REPRESENTATION_CONTEXT(2) 
PARAMETRIC_REPRESENTATION_CONTEXT() REPRESENTATION_CONTEXT('2D SPACE',''
  ) );
#6572 = PCURVE('',#6573,#6578);
#6573 = CYLINDRICAL_SURFACE('',#6574,5.4);
#6574 = AXIS2_PLACEMENT_3D('',#6575,#6576,#6577);
#6575 = CARTESIAN_POINT('',(0.,0.,0.));
#6576 = DIRECTION('',(-0.,-0.,-1.));
#6577 = DIRECTION('',(1.,0.,0.));
#6578 = DEFINITIONAL_REPRESENTATION('',(#6579),#6583);
#6579 = LINE('',#6580,#6581);
#6580 = CARTESIAN_POINT('',(-0.,0.));
#6581 = VECTOR('',#6582,1.);
#6582 = DIRECTION('',(-1.,0.));
#6583 = ( GEOMETRIC_REPRESENTATION_CONTEXT(2) 
PARAMETRIC_REPRESENTATION_CONTEXT() REPRESENTATION_CONTEXT('2D SPACE',''
  ) );
#6584 = ADVANCED_FACE('',(#6585),#6258,.F.);
#6585 = FACE_BOUND('',#6586,.F.);
#6586 = EDGE_LOOP('',(#6587,#6588,#6589,#6612,#6635,#6656));
#6587 = ORIENTED_EDGE('',*,*,#6242,.T.);
#6588 = ORIENTED_EDGE('',*,*,#6404,.T.);
#6589 = ORIENTED_EDGE('',*,*,#6590,.T.);
#6590 = EDGE_CURVE('',#6405,#6591,#6593,.T.);
#6591 = VERTEX_POINT('',#6592);
#6592 = CARTESIAN_POINT('',(-9.72,1.190356688771E-15,-6.48));
#6593 = SURFACE_CURVE('',#6594,(#6598,#6605),.PCURVE_S1.);
#6594 = LINE('',#6595,#6596);
#6595 = CARTESIAN_POINT('',(-4.86,8.417766924785,-6.48));
#6596 = VECTOR('',#6597,1.);
#6597 = DIRECTION('',(-0.5,-0.866025403784,0.));
#6598 = PCURVE('',#6258,#6599);
#6599 = DEFINITIONAL_REPRESENTATION('',(#6600),#6604);
#6600 = LINE('',#6601,#6602);
#6601 = CARTESIAN_POINT('',(-4.86,8.417766924785));
#6602 = VECTOR('',#6603,1.);
#6603 = DIRECTION('',(-0.5,-0.866025403784));
#6604 = ( GEOMETRIC_REPRESENTATION_CONTEXT(2) 
PARAMETRIC_REPRESENTATION_CONTEXT() REPRESENTATION_CONTEXT('2D SPACE',''
  ) );
#6605 = PCURVE('',#6443,#6606);
#6606 = DEFINITIONAL_REPRESENTATION('',(#6607),#6611);
#6607 = LINE('',#6608,#6609);
#6608 = CARTESIAN_POINT('',(-0.,-6.48));
#6609 = VECTOR('',#6610,1.);
#6610 = DIRECTION('',(1.,0.));
#6611 = ( GEOMETRIC_REPRESENTATION_CONTEXT(2) 
PARAMETRIC_REPRESENTATION_CONTEXT() REPRESENTATION_CONTEXT('2D SPACE',''
  ) );
#6612 = ORIENTED_EDGE('',*,*,#6613,.T.);
#6613 = EDGE_CURVE('',#6591,#6614,#6616,.T.);
#6614 = VERTEX_POINT('',#6615);
#6615 = CARTESIAN_POINT('',(-4.86,-8.417766924785,-6.48));
#6616 = SURFACE_CURVE('',#6617,(#6621,#6628),.PCURVE_S1.);
#6617 = LINE('',#6618,#6619);
#6618 = CARTESIAN_POINT('',(-9.72,1.190356688771E-15,-6.48));
#6619 = VECTOR('',#6620,1.);
#6620 = DIRECTION('',(0.5,-0.866025403784,0.));
#6621 = PCURVE('',#6258,#6622);
#6622 = DEFINITIONAL_REPRESENTATION('',(#6623),#6627);
#6623 = LINE('',#6624,#6625);
#6624 = CARTESIAN_POINT('',(-9.72,1.799532559622E-15));
#6625 = VECTOR('',#6626,1.);
#6626 = DIRECTION('',(0.5,-0.866025403784));
#6627 = ( GEOMETRIC_REPRESENTATION_CONTEXT(2) 
PARAMETRIC_REPRESENTATION_CONTEXT() REPRESENTATION_CONTEXT('2D SPACE',''
  ) );
#6628 = PCURVE('',#6520,#6629);
#6629 = DEFINITIONAL_REPRESENTATION('',(#6630),#6634);
#6630 = LINE('',#6631,#6632);
#6631 = CARTESIAN_POINT('',(0.,-6.48));
#6632 = VECTOR('',#6633,1.);
#6633 = DIRECTION('',(1.,0.));
#6634 = ( GEOMETRIC_REPRESENTATION_CONTEXT(2) 
PARAMETRIC_REPRESENTATION_CONTEXT() REPRESENTATION_CONTEXT('2D SPACE',''
  ) );
#6635 = ORIENTED_EDGE('',*,*,#6636,.T.);
#6636 = EDGE_CURVE('',#6614,#6330,#6637,.T.);
#6637 = SURFACE_CURVE('',#6638,(#6642,#6649),.PCURVE_S1.);
#6638 = LINE('',#6639,#6640);
#6639 = CARTESIAN_POINT('',(-4.86,-8.417766924785,-6.48));
#6640 = VECTOR('',#6641,1.);
#6641 = DIRECTION('',(1.,-7.310110450207E-16,0.));
#6642 = PCURVE('',#6258,#6643);
#6643 = DEFINITIONAL_REPRESENTATION('',(#6644),#6648);
#6644 = LINE('',#6645,#6646);
#6645 = CARTESIAN_POINT('',(-4.86,-8.417766924785));
#6646 = VECTOR('',#6647,1.);
#6647 = DIRECTION('',(1.,-7.310110450207E-16));
#6648 = ( GEOMETRIC_REPRESENTATION_CONTEXT(2) 
PARAMETRIC_REPRESENTATION_CONTEXT() REPRESENTATION_CONTEXT('2D SPACE',''
  ) );
#6649 = PCURVE('',#6345,#6650);
#6650 = DEFINITIONAL_REPRESENTATION('',(#6651),#6655);
#6651 = LINE('',#6652,#6653);
#6652 = CARTESIAN_POINT('',(0.,-6.48));
#6653 = VECTOR('',#6654,1.);
#6654 = DIRECTION('',(1.,0.));
#6655 = ( GEOMETRIC_REPRESENTATION_CONTEXT(2) 
PARAMETRIC_REPRESENTATION_CONTEXT() REPRESENTATION_CONTEXT('2D SPACE',''
  ) );
#6656 = ORIENTED_EDGE('',*,*,#6357,.T.);
#6657 = ADVANCED_FACE('',(#6658),#6345,.T.);
#6658 = FACE_BOUND('',#6659,.T.);
#6659 = EDGE_LOOP('',(#6660,#6681,#6682,#6683));
#6660 = ORIENTED_EDGE('',*,*,#6661,.T.);
#6661 = EDGE_CURVE('',#6505,#6614,#6662,.T.);
#6662 = SURFACE_CURVE('',#6663,(#6667,#6674),.PCURVE_S1.);
#6663 = LINE('',#6664,#6665);
#6664 = CARTESIAN_POINT('',(-4.86,-8.417766924785,0.));
#6665 = VECTOR('',#6666,1.);
#6666 = DIRECTION('',(-0.,-0.,-1.));
#6667 = PCURVE('',#6345,#6668);
#6668 = DEFINITIONAL_REPRESENTATION('',(#6669),#6673);
#6669 = LINE('',#6670,#6671);
#6670 = CARTESIAN_POINT('',(0.,0.));
#6671 = VECTOR('',#6672,1.);
#6672 = DIRECTION('',(0.,-1.));
#6673 = ( GEOMETRIC_REPRESENTATION_CONTEXT(2) 
PARAMETRIC_REPRESENTATION_CONTEXT() REPRESENTATION_CONTEXT('2D SPACE',''
  ) );
#6674 = PCURVE('',#6520,#6675);
#6675 = DEFINITIONAL_REPRESENTATION('',(#6676),#6680);
#6676 = LINE('',#6677,#6678);
#6677 = CARTESIAN_POINT('',(9.72,0.));
#6678 = VECTOR('',#6679,1.);
#6679 = DIRECTION('',(0.,-1.));
#6680 = ( GEOMETRIC_REPRESENTATION_CONTEXT(2) 
PARAMETRIC_REPRESENTATION_CONTEXT() REPRESENTATION_CONTEXT('2D SPACE',''
  ) );
#6681 = ORIENTED_EDGE('',*,*,#6636,.T.);
#6682 = ORIENTED_EDGE('',*,*,#6327,.F.);
#6683 = ORIENTED_EDGE('',*,*,#6532,.F.);
#6684 = ADVANCED_FACE('',(#6685),#6443,.T.);
#6685 = FACE_BOUND('',#6686,.T.);
#6686 = EDGE_LOOP('',(#6687,#6688,#6689,#6710));
#6687 = ORIENTED_EDGE('',*,*,#6427,.T.);
#6688 = ORIENTED_EDGE('',*,*,#6590,.T.);
#6689 = ORIENTED_EDGE('',*,*,#6690,.F.);
#6690 = EDGE_CURVE('',#6482,#6591,#6691,.T.);
#6691 = SURFACE_CURVE('',#6692,(#6696,#6703),.PCURVE_S1.);
#6692 = LINE('',#6693,#6694);
#6693 = CARTESIAN_POINT('',(-9.72,1.190356688771E-15,0.));
#6694 = VECTOR('',#6695,1.);
#6695 = DIRECTION('',(-0.,-0.,-1.));
#6696 = PCURVE('',#6443,#6697);
#6697 = DEFINITIONAL_REPRESENTATION('',(#6698),#6702);
#6698 = LINE('',#6699,#6700);
#6699 = CARTESIAN_POINT('',(9.72,0.));
#6700 = VECTOR('',#6701,1.);
#6701 = DIRECTION('',(0.,-1.));
#6702 = ( GEOMETRIC_REPRESENTATION_CONTEXT(2) 
PARAMETRIC_REPRESENTATION_CONTEXT() REPRESENTATION_CONTEXT('2D SPACE',''
  ) );
#6703 = PCURVE('',#6520,#6704);
#6704 = DEFINITIONAL_REPRESENTATION('',(#6705),#6709);
#6705 = LINE('',#6706,#6707);
#6706 = CARTESIAN_POINT('',(0.,0.));
#6707 = VECTOR('',#6708,1.);
#6708 = DIRECTION('',(0.,-1.));
#6709 = ( GEOMETRIC_REPRESENTATION_CONTEXT(2) 
PARAMETRIC_REPRESENTATION_CONTEXT() REPRESENTATION_CONTEXT('2D SPACE',''
  ) );
#6710 = ORIENTED_EDGE('',*,*,#6481,.F.);
#6711 = ADVANCED_FACE('',(#6712),#6520,.T.);
#6712 = FACE_BOUND('',#6713,.T.);
#6713 = EDGE_LOOP('',(#6714,#6715,#6716,#6717));
#6714 = ORIENTED_EDGE('',*,*,#6690,.T.);
#6715 = ORIENTED_EDGE('',*,*,#6613,.T.);
#6716 = ORIENTED_EDGE('',*,*,#6661,.F.);
#6717 = ORIENTED_EDGE('',*,*,#6504,.F.);
#6718 = ADVANCED_FACE('',(#6719),#6573,.T.);
#6719 = FACE_BOUND('',#6720,.F.);
#6720 = EDGE_LOOP('',(#6721,#6744,#6771,#6772));
#6721 = ORIENTED_EDGE('',*,*,#6722,.T.);
#6722 = EDGE_CURVE('',#6557,#6723,#6725,.T.);
#6723 = VERTEX_POINT('',#6724);
#6724 = CARTESIAN_POINT('',(5.4,0.,23.));
#6725 = SEAM_CURVE('',#6726,(#6730,#6737),.PCURVE_S1.);
#6726 = LINE('',#6727,#6728);
#6727 = CARTESIAN_POINT('',(5.4,0.,0.));
#6728 = VECTOR('',#6729,1.);
#6729 = DIRECTION('',(0.,0.,1.));
#6730 = PCURVE('',#6573,#6731);
#6731 = DEFINITIONAL_REPRESENTATION('',(#6732),#6736);
#6732 = LINE('',#6733,#6734);
#6733 = CARTESIAN_POINT('',(-0.,0.));
#6734 = VECTOR('',#6735,1.);
#6735 = DIRECTION('',(-0.,-1.));
#6736 = ( GEOMETRIC_REPRESENTATION_CONTEXT(2) 
PARAMETRIC_REPRESENTATION_CONTEXT() REPRESENTATION_CONTEXT('2D SPACE',''
  ) );
#6737 = PCURVE('',#6573,#6738);
#6738 = DEFINITIONAL_REPRESENTATION('',(#6739),#6743);
#6739 = LINE('',#6740,#6741);
#6740 = CARTESIAN_POINT('',(-6.28318530718,0.));
#6741 = VECTOR('',#6742,1.);
#6742 = DIRECTION('',(-0.,-1.));
#6743 = ( GEOMETRIC_REPRESENTATION_CONTEXT(2) 
PARAMETRIC_REPRESENTATION_CONTEXT() REPRESENTATION_CONTEXT('2D SPACE',''
  ) );
#6744 = ORIENTED_EDGE('',*,*,#6745,.T.);
#6745 = EDGE_CURVE('',#6723,#6723,#6746,.T.);
#6746 = SURFACE_CURVE('',#6747,(#6752,#6759),.PCURVE_S1.);
#6747 = CIRCLE('',#6748,5.4);
#6748 = AXIS2_PLACEMENT_3D('',#6749,#6750,#6751);
#6749 = CARTESIAN_POINT('',(0.,0.,23.));
#6750 = DIRECTION('',(0.,0.,1.));
#6751 = DIRECTION('',(1.,0.,0.));
#6752 = PCURVE('',#6573,#6753);
#6753 = DEFINITIONAL_REPRESENTATION('',(#6754),#6758);
#6754 = LINE('',#6755,#6756);
#6755 = CARTESIAN_POINT('',(-0.,-23.));
#6756 = VECTOR('',#6757,1.);
#6757 = DIRECTION('',(-1.,0.));
#6758 = ( GEOMETRIC_REPRESENTATION_CONTEXT(2) 
PARAMETRIC_REPRESENTATION_CONTEXT() REPRESENTATION_CONTEXT('2D SPACE',''
  ) );
#6759 = PCURVE('',#6760,#6765);
#6760 = PLANE('',#6761);
#6761 = AXIS2_PLACEMENT_3D('',#6762,#6763,#6764);
#6762 = CARTESIAN_POINT('',(1.26614827087E-16,3.279323032744E-17,23.));
#6763 = DIRECTION('',(0.,0.,1.));
#6764 = DIRECTION('',(1.,0.,-0.));
#6765 = DEFINITIONAL_REPRESENTATION('',(#6766),#6770);
#6766 = CIRCLE('',#6767,5.4);
#6767 = AXIS2_PLACEMENT_2D('',#6768,#6769);
#6768 = CARTESIAN_POINT('',(-1.26614827087E-16,-3.279323032744E-17));
#6769 = DIRECTION('',(1.,0.));
#6770 = ( GEOMETRIC_REPRESENTATION_CONTEXT(2) 
PARAMETRIC_REPRESENTATION_CONTEXT() REPRESENTATION_CONTEXT('2D SPACE',''
  ) );
#6771 = ORIENTED_EDGE('',*,*,#6722,.F.);
#6772 = ORIENTED_EDGE('',*,*,#6556,.F.);
#6773 = ADVANCED_FACE('',(#6774),#6760,.T.);
#6774 = FACE_BOUND('',#6775,.T.);
#6775 = EDGE_LOOP('',(#6776));
#6776 = ORIENTED_EDGE('',*,*,#6745,.T.);
#6777 = ( GEOMETRIC_REPRESENTATION_CONTEXT(3) 
GLOBAL_UNCERTAINTY_ASSIGNED_CONTEXT((#6781)) 
GLOBAL_UNIT_ASSIGNED_CONTEXT((#6778,#6779,#6780)) REPRESENTATION_CONTEXT
('Context #1','3D Context with UNIT and UNCERTAINTY') );
#6778 = ( LENGTH_UNIT() NAMED_UNIT(*) SI_UNIT(.MILLI.,.METRE.) );
#6779 = ( NAMED_UNIT(*) PLANE_ANGLE_UNIT() SI_UNIT($,.RADIAN.) );
#6780 = ( NAMED_UNIT(*) SI_UNIT($,.STERADIAN.) SOLID_ANGLE_UNIT() );
#6781 = UNCERTAINTY_MEASURE_WITH_UNIT(LENGTH_MEASURE(1.E-07),#6778,
  'distance_accuracy_value','confusion accuracy');
#6782 = SHAPE_DEFINITION_REPRESENTATION(#6783,#6200);
#6783 = PRODUCT_DEFINITION_SHAPE('','',#6784);
#6784 = PRODUCT_DEFINITION('design','',#6785,#6788);
#6785 = PRODUCT_DEFINITION_FORMATION('','',#6786);
#6786 = PRODUCT('auto_bolt_3_part','auto_bolt_3_part','',(#6787));
#6787 = PRODUCT_CONTEXT('',#2,'mechanical');
#6788 = PRODUCT_DEFINITION_CONTEXT('part definition',#2,'design');
#6789 = CONTEXT_DEPENDENT_SHAPE_REPRESENTATION(#6790,#6792);
#6790 = ( REPRESENTATION_RELATIONSHIP('','',#6200,#6190) 
REPRESENTATION_RELATIONSHIP_WITH_TRANSFORMATION(#6791) 
SHAPE_REPRESENTATION_RELATIONSHIP() );
#6791 = ITEM_DEFINED_TRANSFORMATION('','',#11,#6191);
#6792 = PRODUCT_DEFINITION_SHAPE('Placement','Placement of an item',
  #6793);
#6793 = NEXT_ASSEMBLY_USAGE_OCCURRENCE('18','','',#6185,#6784,$);
#6794 = PRODUCT_RELATED_PRODUCT_CATEGORY('part',$,(#6786));
#6795 = CONTEXT_DEPENDENT_SHAPE_REPRESENTATION(#6796,#6798);
#6796 = ( REPRESENTATION_RELATIONSHIP('','',#6190,#32) 
REPRESENTATION_RELATIONSHIP_WITH_TRANSFORMATION(#6797) 
SHAPE_REPRESENTATION_RELATIONSHIP() );
#6797 = ITEM_DEFINED_TRANSFORMATION('','',#11,#69);
#6798 = PRODUCT_DEFINITION_SHAPE('Placement','Placement of an item',
  #6799);
#6799 = NEXT_ASSEMBLY_USAGE_OCCURRENCE('19','','',#27,#6185,$);
#6800 = PRODUCT_RELATED_PRODUCT_CATEGORY('part',$,(#6187));
#6801 = SHAPE_DEFINITION_REPRESENTATION(#6802,#6808);
#6802 = PRODUCT_DEFINITION_SHAPE('','',#6803);
#6803 = PRODUCT_DEFINITION('design','',#6804,#6807);
#6804 = PRODUCT_DEFINITION_FORMATION('','',#6805);
#6805 = PRODUCT('auto_nut_3','auto_nut_3','',(#6806));
#6806 = PRODUCT_CONTEXT('',#2,'mechanical');
#6807 = PRODUCT_DEFINITION_CONTEXT('part definition',#2,'design');
#6808 = SHAPE_REPRESENTATION('',(#11,#6809),#6813);
#6809 = AXIS2_PLACEMENT_3D('',#6810,#6811,#6812);
#6810 = CARTESIAN_POINT('',(0.,0.,0.));
#6811 = DIRECTION('',(0.,0.,1.));
#6812 = DIRECTION('',(1.,0.,-0.));
#6813 = ( GEOMETRIC_REPRESENTATION_CONTEXT(3) 
GLOBAL_UNCERTAINTY_ASSIGNED_CONTEXT((#6817)) 
GLOBAL_UNIT_ASSIGNED_CONTEXT((#6814,#6815,#6816)) REPRESENTATION_CONTEXT
('Context #1','3D Context with UNIT and UNCERTAINTY') );
#6814 = ( LENGTH_UNIT() NAMED_UNIT(*) SI_UNIT(.MILLI.,.METRE.) );
#6815 = ( NAMED_UNIT(*) PLANE_ANGLE_UNIT() SI_UNIT($,.RADIAN.) );
#6816 = ( NAMED_UNIT(*) SI_UNIT($,.STERADIAN.) SOLID_ANGLE_UNIT() );
#6817 = UNCERTAINTY_MEASURE_WITH_UNIT(LENGTH_MEASURE(1.E-07),#6814,
  'distance_accuracy_value','confusion accuracy');
#6818 = ADVANCED_BREP_SHAPE_REPRESENTATION('',(#11,#6819),#7393);
#6819 = MANIFOLD_SOLID_BREP('',#6820);
#6820 = CLOSED_SHELL('',(#6821,#6941,#7017,#7093,#7206,#7305,#7332,#7359
    ,#7366));
#6821 = ADVANCED_FACE('',(#6822),#6836,.T.);
#6822 = FACE_BOUND('',#6823,.T.);
#6823 = EDGE_LOOP('',(#6824,#6859,#6887,#6915));
#6824 = ORIENTED_EDGE('',*,*,#6825,.T.);
#6825 = EDGE_CURVE('',#6826,#6828,#6830,.T.);
#6826 = VERTEX_POINT('',#6827);
#6827 = CARTESIAN_POINT('',(8.64,0.,0.));
#6828 = VERTEX_POINT('',#6829);
#6829 = CARTESIAN_POINT('',(8.64,0.,-8.64));
#6830 = SURFACE_CURVE('',#6831,(#6835,#6847),.PCURVE_S1.);
#6831 = LINE('',#6832,#6833);
#6832 = CARTESIAN_POINT('',(8.64,0.,0.));
#6833 = VECTOR('',#6834,1.);
#6834 = DIRECTION('',(-0.,-0.,-1.));
#6835 = PCURVE('',#6836,#6841);
#6836 = PLANE('',#6837);
#6837 = AXIS2_PLACEMENT_3D('',#6838,#6839,#6840);
#6838 = CARTESIAN_POINT('',(8.64,0.,0.));
#6839 = DIRECTION('',(0.866025403784,0.5,-0.));
#6840 = DIRECTION('',(-0.5,0.866025403784,0.));
#6841 = DEFINITIONAL_REPRESENTATION('',(#6842),#6846);
#6842 = LINE('',#6843,#6844);
#6843 = CARTESIAN_POINT('',(0.,0.));
#6844 = VECTOR('',#6845,1.);
#6845 = DIRECTION('',(0.,-1.));
#6846 = ( GEOMETRIC_REPRESENTATION_CONTEXT(2) 
PARAMETRIC_REPRESENTATION_CONTEXT() REPRESENTATION_CONTEXT('2D SPACE',''
  ) );
#6847 = PCURVE('',#6848,#6853);
#6848 = PLANE('',#6849);
#6849 = AXIS2_PLACEMENT_3D('',#6850,#6851,#6852);
#6850 = CARTESIAN_POINT('',(4.32,-7.482459488698,0.));
#6851 = DIRECTION('',(0.866025403784,-0.5,0.));
#6852 = DIRECTION('',(0.5,0.866025403784,0.));
#6853 = DEFINITIONAL_REPRESENTATION('',(#6854),#6858);
#6854 = LINE('',#6855,#6856);
#6855 = CARTESIAN_POINT('',(8.64,0.));
#6856 = VECTOR('',#6857,1.);
#6857 = DIRECTION('',(0.,-1.));
#6858 = ( GEOMETRIC_REPRESENTATION_CONTEXT(2) 
PARAMETRIC_REPRESENTATION_CONTEXT() REPRESENTATION_CONTEXT('2D SPACE',''
  ) );
#6859 = ORIENTED_EDGE('',*,*,#6860,.T.);
#6860 = EDGE_CURVE('',#6828,#6861,#6863,.T.);
#6861 = VERTEX_POINT('',#6862);
#6862 = CARTESIAN_POINT('',(4.32,7.482459488698,-8.64));
#6863 = SURFACE_CURVE('',#6864,(#6868,#6875),.PCURVE_S1.);
#6864 = LINE('',#6865,#6866);
#6865 = CARTESIAN_POINT('',(8.64,0.,-8.64));
#6866 = VECTOR('',#6867,1.);
#6867 = DIRECTION('',(-0.5,0.866025403784,0.));
#6868 = PCURVE('',#6836,#6869);
#6869 = DEFINITIONAL_REPRESENTATION('',(#6870),#6874);
#6870 = LINE('',#6871,#6872);
#6871 = CARTESIAN_POINT('',(0.,-8.64));
#6872 = VECTOR('',#6873,1.);
#6873 = DIRECTION('',(1.,0.));
#6874 = ( GEOMETRIC_REPRESENTATION_CONTEXT(2) 
PARAMETRIC_REPRESENTATION_CONTEXT() REPRESENTATION_CONTEXT('2D SPACE',''
  ) );
#6875 = PCURVE('',#6876,#6881);
#6876 = PLANE('',#6877);
#6877 = AXIS2_PLACEMENT_3D('',#6878,#6879,#6880);
#6878 = CARTESIAN_POINT('',(0.,4.111937128241E-16,-8.64));
#6879 = DIRECTION('',(0.,0.,1.));
#6880 = DIRECTION('',(1.,0.,-0.));
#6881 = DEFINITIONAL_REPRESENTATION('',(#6882),#6886);
#6882 = LINE('',#6883,#6884);
#6883 = CARTESIAN_POINT('',(8.64,-4.111937128241E-16));
#6884 = VECTOR('',#6885,1.);
#6885 = DIRECTION('',(-0.5,0.866025403784));
#6886 = ( GEOMETRIC_REPRESENTATION_CONTEXT(2) 
PARAMETRIC_REPRESENTATION_CONTEXT() REPRESENTATION_CONTEXT('2D SPACE',''
  ) );
#6887 = ORIENTED_EDGE('',*,*,#6888,.F.);
#6888 = EDGE_CURVE('',#6889,#6861,#6891,.T.);
#6889 = VERTEX_POINT('',#6890);
#6890 = CARTESIAN_POINT('',(4.32,7.482459488698,0.));
#6891 = SURFACE_CURVE('',#6892,(#6896,#6903),.PCURVE_S1.);
#6892 = LINE('',#6893,#6894);
#6893 = CARTESIAN_POINT('',(4.32,7.482459488698,0.));
#6894 = VECTOR('',#6895,1.);
#6895 = DIRECTION('',(-0.,-0.,-1.));
#6896 = PCURVE('',#6836,#6897);
#6897 = DEFINITIONAL_REPRESENTATION('',(#6898),#6902);
#6898 = LINE('',#6899,#6900);
#6899 = CARTESIAN_POINT('',(8.64,0.));
#6900 = VECTOR('',#6901,1.);
#6901 = DIRECTION('',(0.,-1.));
#6902 = ( GEOMETRIC_REPRESENTATION_CONTEXT(2) 
PARAMETRIC_REPRESENTATION_CONTEXT() REPRESENTATION_CONTEXT('2D SPACE',''
  ) );
#6903 = PCURVE('',#6904,#6909);
#6904 = PLANE('',#6905);
#6905 = AXIS2_PLACEMENT_3D('',#6906,#6907,#6908);
#6906 = CARTESIAN_POINT('',(4.32,7.482459488698,0.));
#6907 = DIRECTION('',(1.02798428206E-16,1.,-0.));
#6908 = DIRECTION('',(-1.,1.02798428206E-16,0.));
#6909 = DEFINITIONAL_REPRESENTATION('',(#6910),#6914);
#6910 = LINE('',#6911,#6912);
#6911 = CARTESIAN_POINT('',(0.,0.));
#6912 = VECTOR('',#6913,1.);
#6913 = DIRECTION('',(0.,-1.));
#6914 = ( GEOMETRIC_REPRESENTATION_CONTEXT(2) 
PARAMETRIC_REPRESENTATION_CONTEXT() REPRESENTATION_CONTEXT('2D SPACE',''
  ) );
#6915 = ORIENTED_EDGE('',*,*,#6916,.F.);
#6916 = EDGE_CURVE('',#6826,#6889,#6917,.T.);
#6917 = SURFACE_CURVE('',#6918,(#6922,#6929),.PCURVE_S1.);
#6918 = LINE('',#6919,#6920);
#6919 = CARTESIAN_POINT('',(8.64,0.,0.));
#6920 = VECTOR('',#6921,1.);
#6921 = DIRECTION('',(-0.5,0.866025403784,0.));
#6922 = PCURVE('',#6836,#6923);
#6923 = DEFINITIONAL_REPRESENTATION('',(#6924),#6928);
#6924 = LINE('',#6925,#6926);
#6925 = CARTESIAN_POINT('',(0.,0.));
#6926 = VECTOR('',#6927,1.);
#6927 = DIRECTION('',(1.,0.));
#6928 = ( GEOMETRIC_REPRESENTATION_CONTEXT(2) 
PARAMETRIC_REPRESENTATION_CONTEXT() REPRESENTATION_CONTEXT('2D SPACE',''
  ) );
#6929 = PCURVE('',#6930,#6935);
#6930 = PLANE('',#6931);
#6931 = AXIS2_PLACEMENT_3D('',#6932,#6933,#6934);
#6932 = CARTESIAN_POINT('',(0.,4.111937128241E-16,0.));
#6933 = DIRECTION('',(0.,0.,1.));
#6934 = DIRECTION('',(1.,0.,-0.));
#6935 = DEFINITIONAL_REPRESENTATION('',(#6936),#6940);
#6936 = LINE('',#6937,#6938);
#6937 = CARTESIAN_POINT('',(8.64,-4.111937128241E-16));
#6938 = VECTOR('',#6939,1.);
#6939 = DIRECTION('',(-0.5,0.866025403784));
#6940 = ( GEOMETRIC_REPRESENTATION_CONTEXT(2) 
PARAMETRIC_REPRESENTATION_CONTEXT() REPRESENTATION_CONTEXT('2D SPACE',''
  ) );
#6941 = ADVANCED_FACE('',(#6942),#6848,.T.);
#6942 = FACE_BOUND('',#6943,.T.);
#6943 = EDGE_LOOP('',(#6944,#6974,#6995,#6996));
#6944 = ORIENTED_EDGE('',*,*,#6945,.T.);
#6945 = EDGE_CURVE('',#6946,#6948,#6950,.T.);
#6946 = VERTEX_POINT('',#6947);
#6947 = CARTESIAN_POINT('',(4.32,-7.482459488698,0.));
#6948 = VERTEX_POINT('',#6949);
#6949 = CARTESIAN_POINT('',(4.32,-7.482459488698,-8.64));
#6950 = SURFACE_CURVE('',#6951,(#6955,#6962),.PCURVE_S1.);
#6951 = LINE('',#6952,#6953);
#6952 = CARTESIAN_POINT('',(4.32,-7.482459488698,0.));
#6953 = VECTOR('',#6954,1.);
#6954 = DIRECTION('',(-0.,-0.,-1.));
#6955 = PCURVE('',#6848,#6956);
#6956 = DEFINITIONAL_REPRESENTATION('',(#6957),#6961);
#6957 = LINE('',#6958,#6959);
#6958 = CARTESIAN_POINT('',(0.,0.));
#6959 = VECTOR('',#6960,1.);
#6960 = DIRECTION('',(0.,-1.));
#6961 = ( GEOMETRIC_REPRESENTATION_CONTEXT(2) 
PARAMETRIC_REPRESENTATION_CONTEXT() REPRESENTATION_CONTEXT('2D SPACE',''
  ) );
#6962 = PCURVE('',#6963,#6968);
#6963 = PLANE('',#6964);
#6964 = AXIS2_PLACEMENT_3D('',#6965,#6966,#6967);
#6965 = CARTESIAN_POINT('',(-4.32,-7.482459488698,0.));
#6966 = DIRECTION('',(-7.195889974422E-16,-1.,0.));
#6967 = DIRECTION('',(1.,-7.195889974422E-16,0.));
#6968 = DEFINITIONAL_REPRESENTATION('',(#6969),#6973);
#6969 = LINE('',#6970,#6971);
#6970 = CARTESIAN_POINT('',(8.64,0.));
#6971 = VECTOR('',#6972,1.);
#6972 = DIRECTION('',(0.,-1.));
#6973 = ( GEOMETRIC_REPRESENTATION_CONTEXT(2) 
PARAMETRIC_REPRESENTATION_CONTEXT() REPRESENTATION_CONTEXT('2D SPACE',''
  ) );
#6974 = ORIENTED_EDGE('',*,*,#6975,.T.);
#6975 = EDGE_CURVE('',#6948,#6828,#6976,.T.);
#6976 = SURFACE_CURVE('',#6977,(#6981,#6988),.PCURVE_S1.);
#6977 = LINE('',#6978,#6979);
#6978 = CARTESIAN_POINT('',(4.32,-7.482459488698,-8.64));
#6979 = VECTOR('',#6980,1.);
#6980 = DIRECTION('',(0.5,0.866025403784,0.));
#6981 = PCURVE('',#6848,#6982);
#6982 = DEFINITIONAL_REPRESENTATION('',(#6983),#6987);
#6983 = LINE('',#6984,#6985);
#6984 = CARTESIAN_POINT('',(0.,-8.64));
#6985 = VECTOR('',#6986,1.);
#6986 = DIRECTION('',(1.,0.));
#6987 = ( GEOMETRIC_REPRESENTATION_CONTEXT(2) 
PARAMETRIC_REPRESENTATION_CONTEXT() REPRESENTATION_CONTEXT('2D SPACE',''
  ) );
#6988 = PCURVE('',#6876,#6989);
#6989 = DEFINITIONAL_REPRESENTATION('',(#6990),#6994);
#6990 = LINE('',#6991,#6992);
#6991 = CARTESIAN_POINT('',(4.32,-7.482459488698));
#6992 = VECTOR('',#6993,1.);
#6993 = DIRECTION('',(0.5,0.866025403784));
#6994 = ( GEOMETRIC_REPRESENTATION_CONTEXT(2) 
PARAMETRIC_REPRESENTATION_CONTEXT() REPRESENTATION_CONTEXT('2D SPACE',''
  ) );
#6995 = ORIENTED_EDGE('',*,*,#6825,.F.);
#6996 = ORIENTED_EDGE('',*,*,#6997,.F.);
#6997 = EDGE_CURVE('',#6946,#6826,#6998,.T.);
#6998 = SURFACE_CURVE('',#6999,(#7003,#7010),.PCURVE_S1.);
#6999 = LINE('',#7000,#7001);
#7000 = CARTESIAN_POINT('',(4.32,-7.482459488698,0.));
#7001 = VECTOR('',#7002,1.);
#7002 = DIRECTION('',(0.5,0.866025403784,0.));
#7003 = PCURVE('',#6848,#7004);
#7004 = DEFINITIONAL_REPRESENTATION('',(#7005),#7009);
#7005 = LINE('',#7006,#7007);
#7006 = CARTESIAN_POINT('',(0.,0.));
#7007 = VECTOR('',#7008,1.);
#7008 = DIRECTION('',(1.,0.));
#7009 = ( GEOMETRIC_REPRESENTATION_CONTEXT(2) 
PARAMETRIC_REPRESENTATION_CONTEXT() REPRESENTATION_CONTEXT('2D SPACE',''
  ) );
#7010 = PCURVE('',#6930,#7011);
#7011 = DEFINITIONAL_REPRESENTATION('',(#7012),#7016);
#7012 = LINE('',#7013,#7014);
#7013 = CARTESIAN_POINT('',(4.32,-7.482459488698));
#7014 = VECTOR('',#7015,1.);
#7015 = DIRECTION('',(0.5,0.866025403784));
#7016 = ( GEOMETRIC_REPRESENTATION_CONTEXT(2) 
PARAMETRIC_REPRESENTATION_CONTEXT() REPRESENTATION_CONTEXT('2D SPACE',''
  ) );
#7017 = ADVANCED_FACE('',(#7018),#6904,.T.);
#7018 = FACE_BOUND('',#7019,.T.);
#7019 = EDGE_LOOP('',(#7020,#7021,#7044,#7072));
#7020 = ORIENTED_EDGE('',*,*,#6888,.T.);
#7021 = ORIENTED_EDGE('',*,*,#7022,.T.);
#7022 = EDGE_CURVE('',#6861,#7023,#7025,.T.);
#7023 = VERTEX_POINT('',#7024);
#7024 = CARTESIAN_POINT('',(-4.32,7.482459488698,-8.64));
#7025 = SURFACE_CURVE('',#7026,(#7030,#7037),.PCURVE_S1.);
#7026 = LINE('',#7027,#7028);
#7027 = CARTESIAN_POINT('',(4.32,7.482459488698,-8.64));
#7028 = VECTOR('',#7029,1.);
#7029 = DIRECTION('',(-1.,1.02798428206E-16,0.));
#7030 = PCURVE('',#6904,#7031);
#7031 = DEFINITIONAL_REPRESENTATION('',(#7032),#7036);
#7032 = LINE('',#7033,#7034);
#7033 = CARTESIAN_POINT('',(0.,-8.64));
#7034 = VECTOR('',#7035,1.);
#7035 = DIRECTION('',(1.,0.));
#7036 = ( GEOMETRIC_REPRESENTATION_CONTEXT(2) 
PARAMETRIC_REPRESENTATION_CONTEXT() REPRESENTATION_CONTEXT('2D SPACE',''
  ) );
#7037 = PCURVE('',#6876,#7038);
#7038 = DEFINITIONAL_REPRESENTATION('',(#7039),#7043);
#7039 = LINE('',#7040,#7041);
#7040 = CARTESIAN_POINT('',(4.32,7.482459488698));
#7041 = VECTOR('',#7042,1.);
#7042 = DIRECTION('',(-1.,1.02798428206E-16));
#7043 = ( GEOMETRIC_REPRESENTATION_CONTEXT(2) 
PARAMETRIC_REPRESENTATION_CONTEXT() REPRESENTATION_CONTEXT('2D SPACE',''
  ) );
#7044 = ORIENTED_EDGE('',*,*,#7045,.F.);
#7045 = EDGE_CURVE('',#7046,#7023,#7048,.T.);
#7046 = VERTEX_POINT('',#7047);
#7047 = CARTESIAN_POINT('',(-4.32,7.482459488698,0.));
#7048 = SURFACE_CURVE('',#7049,(#7053,#7060),.PCURVE_S1.);
#7049 = LINE('',#7050,#7051);
#7050 = CARTESIAN_POINT('',(-4.32,7.482459488698,0.));
#7051 = VECTOR('',#7052,1.);
#7052 = DIRECTION('',(-0.,-0.,-1.));
#7053 = PCURVE('',#6904,#7054);
#7054 = DEFINITIONAL_REPRESENTATION('',(#7055),#7059);
#7055 = LINE('',#7056,#7057);
#7056 = CARTESIAN_POINT('',(8.64,0.));
#7057 = VECTOR('',#7058,1.);
#7058 = DIRECTION('',(0.,-1.));
#7059 = ( GEOMETRIC_REPRESENTATION_CONTEXT(2) 
PARAMETRIC_REPRESENTATION_CONTEXT() REPRESENTATION_CONTEXT('2D SPACE',''
  ) );
#7060 = PCURVE('',#7061,#7066);
#7061 = PLANE('',#7062);
#7062 = AXIS2_PLACEMENT_3D('',#7063,#7064,#7065);
#7063 = CARTESIAN_POINT('',(-4.32,7.482459488698,0.));
#7064 = DIRECTION('',(-0.866025403784,0.5,0.));
#7065 = DIRECTION('',(-0.5,-0.866025403784,0.));
#7066 = DEFINITIONAL_REPRESENTATION('',(#7067),#7071);
#7067 = LINE('',#7068,#7069);
#7068 = CARTESIAN_POINT('',(0.,0.));
#7069 = VECTOR('',#7070,1.);
#7070 = DIRECTION('',(0.,-1.));
#7071 = ( GEOMETRIC_REPRESENTATION_CONTEXT(2) 
PARAMETRIC_REPRESENTATION_CONTEXT() REPRESENTATION_CONTEXT('2D SPACE',''
  ) );
#7072 = ORIENTED_EDGE('',*,*,#7073,.F.);
#7073 = EDGE_CURVE('',#6889,#7046,#7074,.T.);
#7074 = SURFACE_CURVE('',#7075,(#7079,#7086),.PCURVE_S1.);
#7075 = LINE('',#7076,#7077);
#7076 = CARTESIAN_POINT('',(4.32,7.482459488698,0.));
#7077 = VECTOR('',#7078,1.);
#7078 = DIRECTION('',(-1.,1.02798428206E-16,0.));
#7079 = PCURVE('',#6904,#7080);
#7080 = DEFINITIONAL_REPRESENTATION('',(#7081),#7085);
#7081 = LINE('',#7082,#7083);
#7082 = CARTESIAN_POINT('',(0.,0.));
#7083 = VECTOR('',#7084,1.);
#7084 = DIRECTION('',(1.,0.));
#7085 = ( GEOMETRIC_REPRESENTATION_CONTEXT(2) 
PARAMETRIC_REPRESENTATION_CONTEXT() REPRESENTATION_CONTEXT('2D SPACE',''
  ) );
#7086 = PCURVE('',#6930,#7087);
#7087 = DEFINITIONAL_REPRESENTATION('',(#7088),#7092);
#7088 = LINE('',#7089,#7090);
#7089 = CARTESIAN_POINT('',(4.32,7.482459488698));
#7090 = VECTOR('',#7091,1.);
#7091 = DIRECTION('',(-1.,1.02798428206E-16));
#7092 = ( GEOMETRIC_REPRESENTATION_CONTEXT(2) 
PARAMETRIC_REPRESENTATION_CONTEXT() REPRESENTATION_CONTEXT('2D SPACE',''
  ) );
#7093 = ADVANCED_FACE('',(#7094,#7171),#6930,.T.);
#7094 = FACE_BOUND('',#7095,.T.);
#7095 = EDGE_LOOP('',(#7096,#7097,#7098,#7121,#7149,#7170));
#7096 = ORIENTED_EDGE('',*,*,#6916,.T.);
#7097 = ORIENTED_EDGE('',*,*,#7073,.T.);
#7098 = ORIENTED_EDGE('',*,*,#7099,.T.);
#7099 = EDGE_CURVE('',#7046,#7100,#7102,.T.);
#7100 = VERTEX_POINT('',#7101);
#7101 = CARTESIAN_POINT('',(-8.64,1.058094834463E-15,0.));
#7102 = SURFACE_CURVE('',#7103,(#7107,#7114),.PCURVE_S1.);
#7103 = LINE('',#7104,#7105);
#7104 = CARTESIAN_POINT('',(-4.32,7.482459488698,0.));
#7105 = VECTOR('',#7106,1.);
#7106 = DIRECTION('',(-0.5,-0.866025403784,0.));
#7107 = PCURVE('',#6930,#7108);
#7108 = DEFINITIONAL_REPRESENTATION('',(#7109),#7113);
#7109 = LINE('',#7110,#7111);
#7110 = CARTESIAN_POINT('',(-4.32,7.482459488698));
#7111 = VECTOR('',#7112,1.);
#7112 = DIRECTION('',(-0.5,-0.866025403784));
#7113 = ( GEOMETRIC_REPRESENTATION_CONTEXT(2) 
PARAMETRIC_REPRESENTATION_CONTEXT() REPRESENTATION_CONTEXT('2D SPACE',''
  ) );
#7114 = PCURVE('',#7061,#7115);
#7115 = DEFINITIONAL_REPRESENTATION('',(#7116),#7120);
#7116 = LINE('',#7117,#7118);
#7117 = CARTESIAN_POINT('',(0.,0.));
#7118 = VECTOR('',#7119,1.);
#7119 = DIRECTION('',(1.,0.));
#7120 = ( GEOMETRIC_REPRESENTATION_CONTEXT(2) 
PARAMETRIC_REPRESENTATION_CONTEXT() REPRESENTATION_CONTEXT('2D SPACE',''
  ) );
#7121 = ORIENTED_EDGE('',*,*,#7122,.T.);
#7122 = EDGE_CURVE('',#7100,#7123,#7125,.T.);
#7123 = VERTEX_POINT('',#7124);
#7124 = CARTESIAN_POINT('',(-4.32,-7.482459488698,0.));
#7125 = SURFACE_CURVE('',#7126,(#7130,#7137),.PCURVE_S1.);
#7126 = LINE('',#7127,#7128);
#7127 = CARTESIAN_POINT('',(-8.64,1.058094834463E-15,0.));
#7128 = VECTOR('',#7129,1.);
#7129 = DIRECTION('',(0.5,-0.866025403784,0.));
#7130 = PCURVE('',#6930,#7131);
#7131 = DEFINITIONAL_REPRESENTATION('',(#7132),#7136);
#7132 = LINE('',#7133,#7134);
#7133 = CARTESIAN_POINT('',(-8.64,6.469011216392E-16));
#7134 = VECTOR('',#7135,1.);
#7135 = DIRECTION('',(0.5,-0.866025403784));
#7136 = ( GEOMETRIC_REPRESENTATION_CONTEXT(2) 
PARAMETRIC_REPRESENTATION_CONTEXT() REPRESENTATION_CONTEXT('2D SPACE',''
  ) );
#7137 = PCURVE('',#7138,#7143);
#7138 = PLANE('',#7139);
#7139 = AXIS2_PLACEMENT_3D('',#7140,#7141,#7142);
#7140 = CARTESIAN_POINT('',(-8.64,1.058094834463E-15,0.));
#7141 = DIRECTION('',(-0.866025403784,-0.5,0.));
#7142 = DIRECTION('',(0.5,-0.866025403784,0.));
#7143 = DEFINITIONAL_REPRESENTATION('',(#7144),#7148);
#7144 = LINE('',#7145,#7146);
#7145 = CARTESIAN_POINT('',(0.,0.));
#7146 = VECTOR('',#7147,1.);
#7147 = DIRECTION('',(1.,0.));
#7148 = ( GEOMETRIC_REPRESENTATION_CONTEXT(2) 
PARAMETRIC_REPRESENTATION_CONTEXT() REPRESENTATION_CONTEXT('2D SPACE',''
  ) );
#7149 = ORIENTED_EDGE('',*,*,#7150,.T.);
#7150 = EDGE_CURVE('',#7123,#6946,#7151,.T.);
#7151 = SURFACE_CURVE('',#7152,(#7156,#7163),.PCURVE_S1.);
#7152 = LINE('',#7153,#7154);
#7153 = CARTESIAN_POINT('',(-4.32,-7.482459488698,0.));
#7154 = VECTOR('',#7155,1.);
#7155 = DIRECTION('',(1.,-7.195889974422E-16,0.));
#7156 = PCURVE('',#6930,#7157);
#7157 = DEFINITIONAL_REPRESENTATION('',(#7158),#7162);
#7158 = LINE('',#7159,#7160);
#7159 = CARTESIAN_POINT('',(-4.32,-7.482459488698));
#7160 = VECTOR('',#7161,1.);
#7161 = DIRECTION('',(1.,-7.195889974422E-16));
#7162 = ( GEOMETRIC_REPRESENTATION_CONTEXT(2) 
PARAMETRIC_REPRESENTATION_CONTEXT() REPRESENTATION_CONTEXT('2D SPACE',''
  ) );
#7163 = PCURVE('',#6963,#7164);
#7164 = DEFINITIONAL_REPRESENTATION('',(#7165),#7169);
#7165 = LINE('',#7166,#7167);
#7166 = CARTESIAN_POINT('',(0.,0.));
#7167 = VECTOR('',#7168,1.);
#7168 = DIRECTION('',(1.,0.));
#7169 = ( GEOMETRIC_REPRESENTATION_CONTEXT(2) 
PARAMETRIC_REPRESENTATION_CONTEXT() REPRESENTATION_CONTEXT('2D SPACE',''
  ) );
#7170 = ORIENTED_EDGE('',*,*,#6997,.T.);
#7171 = FACE_BOUND('',#7172,.T.);
#7172 = EDGE_LOOP('',(#7173));
#7173 = ORIENTED_EDGE('',*,*,#7174,.T.);
#7174 = EDGE_CURVE('',#7175,#7175,#7177,.T.);
#7175 = VERTEX_POINT('',#7176);
#7176 = CARTESIAN_POINT('',(5.4,0.,0.));
#7177 = SURFACE_CURVE('',#7178,(#7183,#7194),.PCURVE_S1.);
#7178 = CIRCLE('',#7179,5.4);
#7179 = AXIS2_PLACEMENT_3D('',#7180,#7181,#7182);
#7180 = CARTESIAN_POINT('',(0.,0.,0.));
#7181 = DIRECTION('',(0.,0.,-1.));
#7182 = DIRECTION('',(1.,0.,0.));
#7183 = PCURVE('',#6930,#7184);
#7184 = DEFINITIONAL_REPRESENTATION('',(#7185),#7193);
#7185 = ( BOUNDED_CURVE() B_SPLINE_CURVE(2,(#7186,#7187,#7188,#7189,
#7190,#7191,#7192),.UNSPECIFIED.,.T.,.F.) B_SPLINE_CURVE_WITH_KNOTS((1,2
    ,2,2,2,1),(-2.094395102393,0.,2.094395102393,4.188790204786,
6.28318530718,8.377580409573),.UNSPECIFIED.) CURVE() 
GEOMETRIC_REPRESENTATION_ITEM() RATIONAL_B_SPLINE_CURVE((1.,0.5,1.,0.5,
1.,0.5,1.)) REPRESENTATION_ITEM('') );
#7186 = CARTESIAN_POINT('',(5.4,-4.111937128241E-16));
#7187 = CARTESIAN_POINT('',(5.4,-9.353074360872));
#7188 = CARTESIAN_POINT('',(-2.7,-4.676537180436));
#7189 = CARTESIAN_POINT('',(-10.8,-1.733812255903E-15));
#7190 = CARTESIAN_POINT('',(-2.7,4.676537180436));
#7191 = CARTESIAN_POINT('',(5.4,9.353074360872));
#7192 = CARTESIAN_POINT('',(5.4,-4.111937128241E-16));
#7193 = ( GEOMETRIC_REPRESENTATION_CONTEXT(2) 
PARAMETRIC_REPRESENTATION_CONTEXT() REPRESENTATION_CONTEXT('2D SPACE',''
  ) );
#7194 = PCURVE('',#7195,#7200);
#7195 = CYLINDRICAL_SURFACE('',#7196,5.4);
#7196 = AXIS2_PLACEMENT_3D('',#7197,#7198,#7199);
#7197 = CARTESIAN_POINT('',(0.,0.,-17.2800002));
#7198 = DIRECTION('',(-0.,-0.,-1.));
#7199 = DIRECTION('',(1.,0.,0.));
#7200 = DEFINITIONAL_REPRESENTATION('',(#7201),#7205);
#7201 = LINE('',#7202,#7203);
#7202 = CARTESIAN_POINT('',(-6.28318530718,-17.2800002));
#7203 = VECTOR('',#7204,1.);
#7204 = DIRECTION('',(1.,-0.));
#7205 = ( GEOMETRIC_REPRESENTATION_CONTEXT(2) 
PARAMETRIC_REPRESENTATION_CONTEXT() REPRESENTATION_CONTEXT('2D SPACE',''
  ) );
#7206 = ADVANCED_FACE('',(#7207,#7279),#6876,.F.);
#7207 = FACE_BOUND('',#7208,.F.);
#7208 = EDGE_LOOP('',(#7209,#7210,#7211,#7234,#7257,#7278));
#7209 = ORIENTED_EDGE('',*,*,#6860,.T.);
#7210 = ORIENTED_EDGE('',*,*,#7022,.T.);
#7211 = ORIENTED_EDGE('',*,*,#7212,.T.);
#7212 = EDGE_CURVE('',#7023,#7213,#7215,.T.);
#7213 = VERTEX_POINT('',#7214);
#7214 = CARTESIAN_POINT('',(-8.64,1.058094834463E-15,-8.64));
#7215 = SURFACE_CURVE('',#7216,(#7220,#7227),.PCURVE_S1.);
#7216 = LINE('',#7217,#7218);
#7217 = CARTESIAN_POINT('',(-4.32,7.482459488698,-8.64));
#7218 = VECTOR('',#7219,1.);
#7219 = DIRECTION('',(-0.5,-0.866025403784,0.));
#7220 = PCURVE('',#6876,#7221);
#7221 = DEFINITIONAL_REPRESENTATION('',(#7222),#7226);
#7222 = LINE('',#7223,#7224);
#7223 = CARTESIAN_POINT('',(-4.32,7.482459488698));
#7224 = VECTOR('',#7225,1.);
#7225 = DIRECTION('',(-0.5,-0.866025403784));
#7226 = ( GEOMETRIC_REPRESENTATION_CONTEXT(2) 
PARAMETRIC_REPRESENTATION_CONTEXT() REPRESENTATION_CONTEXT('2D SPACE',''
  ) );
#7227 = PCURVE('',#7061,#7228);
#7228 = DEFINITIONAL_REPRESENTATION('',(#7229),#7233);
#7229 = LINE('',#7230,#7231);
#7230 = CARTESIAN_POINT('',(-0.,-8.64));
#7231 = VECTOR('',#7232,1.);
#7232 = DIRECTION('',(1.,0.));
#7233 = ( GEOMETRIC_REPRESENTATION_CONTEXT(2) 
PARAMETRIC_REPRESENTATION_CONTEXT() REPRESENTATION_CONTEXT('2D SPACE',''
  ) );
#7234 = ORIENTED_EDGE('',*,*,#7235,.T.);
#7235 = EDGE_CURVE('',#7213,#7236,#7238,.T.);
#7236 = VERTEX_POINT('',#7237);
#7237 = CARTESIAN_POINT('',(-4.32,-7.482459488698,-8.64));
#7238 = SURFACE_CURVE('',#7239,(#7243,#7250),.PCURVE_S1.);
#7239 = LINE('',#7240,#7241);
#7240 = CARTESIAN_POINT('',(-8.64,1.058094834463E-15,-8.64));
#7241 = VECTOR('',#7242,1.);
#7242 = DIRECTION('',(0.5,-0.866025403784,0.));
#7243 = PCURVE('',#6876,#7244);
#7244 = DEFINITIONAL_REPRESENTATION('',(#7245),#7249);
#7245 = LINE('',#7246,#7247);
#7246 = CARTESIAN_POINT('',(-8.64,6.469011216392E-16));
#7247 = VECTOR('',#7248,1.);
#7248 = DIRECTION('',(0.5,-0.866025403784));
#7249 = ( GEOMETRIC_REPRESENTATION_CONTEXT(2) 
PARAMETRIC_REPRESENTATION_CONTEXT() REPRESENTATION_CONTEXT('2D SPACE',''
  ) );
#7250 = PCURVE('',#7138,#7251);
#7251 = DEFINITIONAL_REPRESENTATION('',(#7252),#7256);
#7252 = LINE('',#7253,#7254);
#7253 = CARTESIAN_POINT('',(0.,-8.64));
#7254 = VECTOR('',#7255,1.);
#7255 = DIRECTION('',(1.,0.));
#7256 = ( GEOMETRIC_REPRESENTATION_CONTEXT(2) 
PARAMETRIC_REPRESENTATION_CONTEXT() REPRESENTATION_CONTEXT('2D SPACE',''
  ) );
#7257 = ORIENTED_EDGE('',*,*,#7258,.T.);
#7258 = EDGE_CURVE('',#7236,#6948,#7259,.T.);
#7259 = SURFACE_CURVE('',#7260,(#7264,#7271),.PCURVE_S1.);
#7260 = LINE('',#7261,#7262);
#7261 = CARTESIAN_POINT('',(-4.32,-7.482459488698,-8.64));
#7262 = VECTOR('',#7263,1.);
#7263 = DIRECTION('',(1.,-7.195889974422E-16,0.));
#7264 = PCURVE('',#6876,#7265);
#7265 = DEFINITIONAL_REPRESENTATION('',(#7266),#7270);
#7266 = LINE('',#7267,#7268);
#7267 = CARTESIAN_POINT('',(-4.32,-7.482459488698));
#7268 = VECTOR('',#7269,1.);
#7269 = DIRECTION('',(1.,-7.195889974422E-16));
#7270 = ( GEOMETRIC_REPRESENTATION_CONTEXT(2) 
PARAMETRIC_REPRESENTATION_CONTEXT() REPRESENTATION_CONTEXT('2D SPACE',''
  ) );
#7271 = PCURVE('',#6963,#7272);
#7272 = DEFINITIONAL_REPRESENTATION('',(#7273),#7277);
#7273 = LINE('',#7274,#7275);
#7274 = CARTESIAN_POINT('',(0.,-8.64));
#7275 = VECTOR('',#7276,1.);
#7276 = DIRECTION('',(1.,0.));
#7277 = ( GEOMETRIC_REPRESENTATION_CONTEXT(2) 
PARAMETRIC_REPRESENTATION_CONTEXT() REPRESENTATION_CONTEXT('2D SPACE',''
  ) );
#7278 = ORIENTED_EDGE('',*,*,#6975,.T.);
#7279 = FACE_BOUND('',#7280,.F.);
#7280 = EDGE_LOOP('',(#7281));
#7281 = ORIENTED_EDGE('',*,*,#7282,.F.);
#7282 = EDGE_CURVE('',#7283,#7283,#7285,.T.);
#7283 = VERTEX_POINT('',#7284);
#7284 = CARTESIAN_POINT('',(5.4,0.,-8.64));
#7285 = SURFACE_CURVE('',#7286,(#7291,#7298),.PCURVE_S1.);
#7286 = CIRCLE('',#7287,5.4);
#7287 = AXIS2_PLACEMENT_3D('',#7288,#7289,#7290);
#7288 = CARTESIAN_POINT('',(2.815412774984E-16,0.,-8.64));
#7289 = DIRECTION('',(0.,0.,1.));
#7290 = DIRECTION('',(1.,0.,0.));
#7291 = PCURVE('',#6876,#7292);
#7292 = DEFINITIONAL_REPRESENTATION('',(#7293),#7297);
#7293 = CIRCLE('',#7294,5.4);
#7294 = AXIS2_PLACEMENT_2D('',#7295,#7296);
#7295 = CARTESIAN_POINT('',(2.815412774984E-16,-4.111937128241E-16));
#7296 = DIRECTION('',(1.,0.));
#7297 = ( GEOMETRIC_REPRESENTATION_CONTEXT(2) 
PARAMETRIC_REPRESENTATION_CONTEXT() REPRESENTATION_CONTEXT('2D SPACE',''
  ) );
#7298 = PCURVE('',#7195,#7299);
#7299 = DEFINITIONAL_REPRESENTATION('',(#7300),#7304);
#7300 = LINE('',#7301,#7302);
#7301 = CARTESIAN_POINT('',(-6.28318530718,-8.6400002));
#7302 = VECTOR('',#7303,1.);
#7303 = DIRECTION('',(-1.,-0.));
#7304 = ( GEOMETRIC_REPRESENTATION_CONTEXT(2) 
PARAMETRIC_REPRESENTATION_CONTEXT() REPRESENTATION_CONTEXT('2D SPACE',''
  ) );
#7305 = ADVANCED_FACE('',(#7306),#6963,.T.);
#7306 = FACE_BOUND('',#7307,.T.);
#7307 = EDGE_LOOP('',(#7308,#7329,#7330,#7331));
#7308 = ORIENTED_EDGE('',*,*,#7309,.T.);
#7309 = EDGE_CURVE('',#7123,#7236,#7310,.T.);
#7310 = SURFACE_CURVE('',#7311,(#7315,#7322),.PCURVE_S1.);
#7311 = LINE('',#7312,#7313);
#7312 = CARTESIAN_POINT('',(-4.32,-7.482459488698,0.));
#7313 = VECTOR('',#7314,1.);
#7314 = DIRECTION('',(-0.,-0.,-1.));
#7315 = PCURVE('',#6963,#7316);
#7316 = DEFINITIONAL_REPRESENTATION('',(#7317),#7321);
#7317 = LINE('',#7318,#7319);
#7318 = CARTESIAN_POINT('',(0.,0.));
#7319 = VECTOR('',#7320,1.);
#7320 = DIRECTION('',(0.,-1.));
#7321 = ( GEOMETRIC_REPRESENTATION_CONTEXT(2) 
PARAMETRIC_REPRESENTATION_CONTEXT() REPRESENTATION_CONTEXT('2D SPACE',''
  ) );
#7322 = PCURVE('',#7138,#7323);
#7323 = DEFINITIONAL_REPRESENTATION('',(#7324),#7328);
#7324 = LINE('',#7325,#7326);
#7325 = CARTESIAN_POINT('',(8.64,0.));
#7326 = VECTOR('',#7327,1.);
#7327 = DIRECTION('',(0.,-1.));
#7328 = ( GEOMETRIC_REPRESENTATION_CONTEXT(2) 
PARAMETRIC_REPRESENTATION_CONTEXT() REPRESENTATION_CONTEXT('2D SPACE',''
  ) );
#7329 = ORIENTED_EDGE('',*,*,#7258,.T.);
#7330 = ORIENTED_EDGE('',*,*,#6945,.F.);
#7331 = ORIENTED_EDGE('',*,*,#7150,.F.);
#7332 = ADVANCED_FACE('',(#7333),#7061,.T.);
#7333 = FACE_BOUND('',#7334,.T.);
#7334 = EDGE_LOOP('',(#7335,#7336,#7337,#7358));
#7335 = ORIENTED_EDGE('',*,*,#7045,.T.);
#7336 = ORIENTED_EDGE('',*,*,#7212,.T.);
#7337 = ORIENTED_EDGE('',*,*,#7338,.F.);
#7338 = EDGE_CURVE('',#7100,#7213,#7339,.T.);
#7339 = SURFACE_CURVE('',#7340,(#7344,#7351),.PCURVE_S1.);
#7340 = LINE('',#7341,#7342);
#7341 = CARTESIAN_POINT('',(-8.64,1.058094834463E-15,0.));
#7342 = VECTOR('',#7343,1.);
#7343 = DIRECTION('',(-0.,-0.,-1.));
#7344 = PCURVE('',#7061,#7345);
#7345 = DEFINITIONAL_REPRESENTATION('',(#7346),#7350);
#7346 = LINE('',#7347,#7348);
#7347 = CARTESIAN_POINT('',(8.64,0.));
#7348 = VECTOR('',#7349,1.);
#7349 = DIRECTION('',(0.,-1.));
#7350 = ( GEOMETRIC_REPRESENTATION_CONTEXT(2) 
PARAMETRIC_REPRESENTATION_CONTEXT() REPRESENTATION_CONTEXT('2D SPACE',''
  ) );
#7351 = PCURVE('',#7138,#7352);
#7352 = DEFINITIONAL_REPRESENTATION('',(#7353),#7357);
#7353 = LINE('',#7354,#7355);
#7354 = CARTESIAN_POINT('',(0.,0.));
#7355 = VECTOR('',#7356,1.);
#7356 = DIRECTION('',(0.,-1.));
#7357 = ( GEOMETRIC_REPRESENTATION_CONTEXT(2) 
PARAMETRIC_REPRESENTATION_CONTEXT() REPRESENTATION_CONTEXT('2D SPACE',''
  ) );
#7358 = ORIENTED_EDGE('',*,*,#7099,.F.);
#7359 = ADVANCED_FACE('',(#7360),#7138,.T.);
#7360 = FACE_BOUND('',#7361,.T.);
#7361 = EDGE_LOOP('',(#7362,#7363,#7364,#7365));
#7362 = ORIENTED_EDGE('',*,*,#7338,.T.);
#7363 = ORIENTED_EDGE('',*,*,#7235,.T.);
#7364 = ORIENTED_EDGE('',*,*,#7309,.F.);
#7365 = ORIENTED_EDGE('',*,*,#7122,.F.);
#7366 = ADVANCED_FACE('',(#7367),#7195,.F.);
#7367 = FACE_BOUND('',#7368,.T.);
#7368 = EDGE_LOOP('',(#7369,#7370,#7391,#7392));
#7369 = ORIENTED_EDGE('',*,*,#7282,.F.);
#7370 = ORIENTED_EDGE('',*,*,#7371,.T.);
#7371 = EDGE_CURVE('',#7283,#7175,#7372,.T.);
#7372 = SEAM_CURVE('',#7373,(#7377,#7384),.PCURVE_S1.);
#7373 = LINE('',#7374,#7375);
#7374 = CARTESIAN_POINT('',(5.4,0.,-17.2800002));
#7375 = VECTOR('',#7376,1.);
#7376 = DIRECTION('',(0.,0.,1.));
#7377 = PCURVE('',#7195,#7378);
#7378 = DEFINITIONAL_REPRESENTATION('',(#7379),#7383);
#7379 = LINE('',#7380,#7381);
#7380 = CARTESIAN_POINT('',(-0.,0.));
#7381 = VECTOR('',#7382,1.);
#7382 = DIRECTION('',(-0.,-1.));
#7383 = ( GEOMETRIC_REPRESENTATION_CONTEXT(2) 
PARAMETRIC_REPRESENTATION_CONTEXT() REPRESENTATION_CONTEXT('2D SPACE',''
  ) );
#7384 = PCURVE('',#7195,#7385);
#7385 = DEFINITIONAL_REPRESENTATION('',(#7386),#7390);
#7386 = LINE('',#7387,#7388);
#7387 = CARTESIAN_POINT('',(-6.28318530718,0.));
#7388 = VECTOR('',#7389,1.);
#7389 = DIRECTION('',(-0.,-1.));
#7390 = ( GEOMETRIC_REPRESENTATION_CONTEXT(2) 
PARAMETRIC_REPRESENTATION_CONTEXT() REPRESENTATION_CONTEXT('2D SPACE',''
  ) );
#7391 = ORIENTED_EDGE('',*,*,#7174,.F.);
#7392 = ORIENTED_EDGE('',*,*,#7371,.F.);
#7393 = ( GEOMETRIC_REPRESENTATION_CONTEXT(3) 
GLOBAL_UNCERTAINTY_ASSIGNED_CONTEXT((#7397)) 
GLOBAL_UNIT_ASSIGNED_CONTEXT((#7394,#7395,#7396)) REPRESENTATION_CONTEXT
('Context #1','3D Context with UNIT and UNCERTAINTY') );
#7394 = ( LENGTH_UNIT() NAMED_UNIT(*) SI_UNIT(.MILLI.,.METRE.) );
#7395 = ( NAMED_UNIT(*) PLANE_ANGLE_UNIT() SI_UNIT($,.RADIAN.) );
#7396 = ( NAMED_UNIT(*) SI_UNIT($,.STERADIAN.) SOLID_ANGLE_UNIT() );
#7397 = UNCERTAINTY_MEASURE_WITH_UNIT(LENGTH_MEASURE(1.E-07),#7394,
  'distance_accuracy_value','confusion accuracy');
#7398 = SHAPE_DEFINITION_REPRESENTATION(#7399,#6818);
#7399 = PRODUCT_DEFINITION_SHAPE('','',#7400);
#7400 = PRODUCT_DEFINITION('design','',#7401,#7404);
#7401 = PRODUCT_DEFINITION_FORMATION('','',#7402);
#7402 = PRODUCT('auto_nut_3_part','auto_nut_3_part','',(#7403));
#7403 = PRODUCT_CONTEXT('',#2,'mechanical');
#7404 = PRODUCT_DEFINITION_CONTEXT('part definition',#2,'design');
#7405 = CONTEXT_DEPENDENT_SHAPE_REPRESENTATION(#7406,#7408);
#7406 = ( REPRESENTATION_RELATIONSHIP('','',#6818,#6808) 
REPRESENTATION_RELATIONSHIP_WITH_TRANSFORMATION(#7407) 
SHAPE_REPRESENTATION_RELATIONSHIP() );
#7407 = ITEM_DEFINED_TRANSFORMATION('','',#11,#6809);
#7408 = PRODUCT_DEFINITION_SHAPE('Placement','Placement of an item',
  #7409);
#7409 = NEXT_ASSEMBLY_USAGE_OCCURRENCE('20','','',#6803,#7400,$);
#7410 = PRODUCT_RELATED_PRODUCT_CATEGORY('part',$,(#7402));
#7411 = CONTEXT_DEPENDENT_SHAPE_REPRESENTATION(#7412,#7414);
#7412 = ( REPRESENTATION_RELATIONSHIP('','',#6808,#32) 
REPRESENTATION_RELATIONSHIP_WITH_TRANSFORMATION(#7413) 
SHAPE_REPRESENTATION_RELATIONSHIP() );
#7413 = ITEM_DEFINED_TRANSFORMATION('','',#11,#73);
#7414 = PRODUCT_DEFINITION_SHAPE('Placement','Placement of an item',
  #7415);
#7415 = NEXT_ASSEMBLY_USAGE_OCCURRENCE('21','','',#27,#6803,$);
#7416 = PRODUCT_RELATED_PRODUCT_CATEGORY('part',$,(#6805));
#7417 = SHAPE_DEFINITION_REPRESENTATION(#7418,#7424);
#7418 = PRODUCT_DEFINITION_SHAPE('','',#7419);
#7419 = PRODUCT_DEFINITION('design','',#7420,#7423);
#7420 = PRODUCT_DEFINITION_FORMATION('','',#7421);
#7421 = PRODUCT('auto_bolt_4','auto_bolt_4','',(#7422));
#7422 = PRODUCT_CONTEXT('',#2,'mechanical');
#7423 = PRODUCT_DEFINITION_CONTEXT('part definition',#2,'design');
#7424 = SHAPE_REPRESENTATION('',(#11,#7425),#7429);
#7425 = AXIS2_PLACEMENT_3D('',#7426,#7427,#7428);
#7426 = CARTESIAN_POINT('',(0.,0.,0.));
#7427 = DIRECTION('',(0.,0.,1.));
#7428 = DIRECTION('',(1.,0.,-0.));
#7429 = ( GEOMETRIC_REPRESENTATION_CONTEXT(3) 
GLOBAL_UNCERTAINTY_ASSIGNED_CONTEXT((#7433)) 
GLOBAL_UNIT_ASSIGNED_CONTEXT((#7430,#7431,#7432)) REPRESENTATION_CONTEXT
('Context #1','3D Context with UNIT and UNCERTAINTY') );
#7430 = ( LENGTH_UNIT() NAMED_UNIT(*) SI_UNIT(.MILLI.,.METRE.) );
#7431 = ( NAMED_UNIT(*) PLANE_ANGLE_UNIT() SI_UNIT($,.RADIAN.) );
#7432 = ( NAMED_UNIT(*) SI_UNIT($,.STERADIAN.) SOLID_ANGLE_UNIT() );
#7433 = UNCERTAINTY_MEASURE_WITH_UNIT(LENGTH_MEASURE(1.E-07),#7430,
  'distance_accuracy_value','confusion accuracy');
#7434 = ADVANCED_BREP_SHAPE_REPRESENTATION('',(#11,#7435),#8011);
#7435 = MANIFOLD_SOLID_BREP('',#7436);
#7436 = CLOSED_SHELL('',(#7437,#7557,#7633,#7709,#7818,#7891,#7918,#7945
    ,#7952,#8007));
#7437 = ADVANCED_FACE('',(#7438),#7452,.T.);
#7438 = FACE_BOUND('',#7439,.T.);
#7439 = EDGE_LOOP('',(#7440,#7475,#7503,#7531));
#7440 = ORIENTED_EDGE('',*,*,#7441,.T.);
#7441 = EDGE_CURVE('',#7442,#7444,#7446,.T.);
#7442 = VERTEX_POINT('',#7443);
#7443 = CARTESIAN_POINT('',(9.72,0.,0.));
#7444 = VERTEX_POINT('',#7445);
#7445 = CARTESIAN_POINT('',(9.72,0.,-6.48));
#7446 = SURFACE_CURVE('',#7447,(#7451,#7463),.PCURVE_S1.);
#7447 = LINE('',#7448,#7449);
#7448 = CARTESIAN_POINT('',(9.72,0.,0.));
#7449 = VECTOR('',#7450,1.);
#7450 = DIRECTION('',(-0.,-0.,-1.));
#7451 = PCURVE('',#7452,#7457);
#7452 = PLANE('',#7453);
#7453 = AXIS2_PLACEMENT_3D('',#7454,#7455,#7456);
#7454 = CARTESIAN_POINT('',(9.72,0.,0.));
#7455 = DIRECTION('',(0.866025403784,0.5,-0.));
#7456 = DIRECTION('',(-0.5,0.866025403784,0.));
#7457 = DEFINITIONAL_REPRESENTATION('',(#7458),#7462);
#7458 = LINE('',#7459,#7460);
#7459 = CARTESIAN_POINT('',(0.,0.));
#7460 = VECTOR('',#7461,1.);
#7461 = DIRECTION('',(0.,-1.));
#7462 = ( GEOMETRIC_REPRESENTATION_CONTEXT(2) 
PARAMETRIC_REPRESENTATION_CONTEXT() REPRESENTATION_CONTEXT('2D SPACE',''
  ) );
#7463 = PCURVE('',#7464,#7469);
#7464 = PLANE('',#7465);
#7465 = AXIS2_PLACEMENT_3D('',#7466,#7467,#7468);
#7466 = CARTESIAN_POINT('',(4.86,-8.417766924785,0.));
#7467 = DIRECTION('',(0.866025403784,-0.5,0.));
#7468 = DIRECTION('',(0.5,0.866025403784,0.));
#7469 = DEFINITIONAL_REPRESENTATION('',(#7470),#7474);
#7470 = LINE('',#7471,#7472);
#7471 = CARTESIAN_POINT('',(9.72,0.));
#7472 = VECTOR('',#7473,1.);
#7473 = DIRECTION('',(0.,-1.));
#7474 = ( GEOMETRIC_REPRESENTATION_CONTEXT(2) 
PARAMETRIC_REPRESENTATION_CONTEXT() REPRESENTATION_CONTEXT('2D SPACE',''
  ) );
#7475 = ORIENTED_EDGE('',*,*,#7476,.T.);
#7476 = EDGE_CURVE('',#7444,#7477,#7479,.T.);
#7477 = VERTEX_POINT('',#7478);
#7478 = CARTESIAN_POINT('',(4.86,8.417766924785,-6.48));
#7479 = SURFACE_CURVE('',#7480,(#7484,#7491),.PCURVE_S1.);
#7480 = LINE('',#7481,#7482);
#7481 = CARTESIAN_POINT('',(9.72,0.,-6.48));
#7482 = VECTOR('',#7483,1.);
#7483 = DIRECTION('',(-0.5,0.866025403784,0.));
#7484 = PCURVE('',#7452,#7485);
#7485 = DEFINITIONAL_REPRESENTATION('',(#7486),#7490);
#7486 = LINE('',#7487,#7488);
#7487 = CARTESIAN_POINT('',(0.,-6.48));
#7488 = VECTOR('',#7489,1.);
#7489 = DIRECTION('',(1.,0.));
#7490 = ( GEOMETRIC_REPRESENTATION_CONTEXT(2) 
PARAMETRIC_REPRESENTATION_CONTEXT() REPRESENTATION_CONTEXT('2D SPACE',''
  ) );
#7491 = PCURVE('',#7492,#7497);
#7492 = PLANE('',#7493);
#7493 = AXIS2_PLACEMENT_3D('',#7494,#7495,#7496);
#7494 = CARTESIAN_POINT('',(-1.218351741701E-16,-6.091758708506E-16,
    -6.48));
#7495 = DIRECTION('',(0.,0.,1.));
#7496 = DIRECTION('',(1.,0.,-0.));
#7497 = DEFINITIONAL_REPRESENTATION('',(#7498),#7502);
#7498 = LINE('',#7499,#7500);
#7499 = CARTESIAN_POINT('',(9.72,6.091758708506E-16));
#7500 = VECTOR('',#7501,1.);
#7501 = DIRECTION('',(-0.5,0.866025403784));
#7502 = ( GEOMETRIC_REPRESENTATION_CONTEXT(2) 
PARAMETRIC_REPRESENTATION_CONTEXT() REPRESENTATION_CONTEXT('2D SPACE',''
  ) );
#7503 = ORIENTED_EDGE('',*,*,#7504,.F.);
#7504 = EDGE_CURVE('',#7505,#7477,#7507,.T.);
#7505 = VERTEX_POINT('',#7506);
#7506 = CARTESIAN_POINT('',(4.86,8.417766924785,0.));
#7507 = SURFACE_CURVE('',#7508,(#7512,#7519),.PCURVE_S1.);
#7508 = LINE('',#7509,#7510);
#7509 = CARTESIAN_POINT('',(4.86,8.417766924785,0.));
#7510 = VECTOR('',#7511,1.);
#7511 = DIRECTION('',(-0.,-0.,-1.));
#7512 = PCURVE('',#7452,#7513);
#7513 = DEFINITIONAL_REPRESENTATION('',(#7514),#7518);
#7514 = LINE('',#7515,#7516);
#7515 = CARTESIAN_POINT('',(9.72,0.));
#7516 = VECTOR('',#7517,1.);
#7517 = DIRECTION('',(0.,-1.));
#7518 = ( GEOMETRIC_REPRESENTATION_CONTEXT(2) 
PARAMETRIC_REPRESENTATION_CONTEXT() REPRESENTATION_CONTEXT('2D SPACE',''
  ) );
#7519 = PCURVE('',#7520,#7525);
#7520 = PLANE('',#7521);
#7521 = AXIS2_PLACEMENT_3D('',#7522,#7523,#7524);
#7522 = CARTESIAN_POINT('',(4.86,8.417766924785,0.));
#7523 = DIRECTION('',(1.827527612552E-16,1.,-0.));
#7524 = DIRECTION('',(-1.,1.827527612552E-16,0.));
#7525 = DEFINITIONAL_REPRESENTATION('',(#7526),#7530);
#7526 = LINE('',#7527,#7528);
#7527 = CARTESIAN_POINT('',(0.,0.));
#7528 = VECTOR('',#7529,1.);
#7529 = DIRECTION('',(0.,-1.));
#7530 = ( GEOMETRIC_REPRESENTATION_CONTEXT(2) 
PARAMETRIC_REPRESENTATION_CONTEXT() REPRESENTATION_CONTEXT('2D SPACE',''
  ) );
#7531 = ORIENTED_EDGE('',*,*,#7532,.F.);
#7532 = EDGE_CURVE('',#7442,#7505,#7533,.T.);
#7533 = SURFACE_CURVE('',#7534,(#7538,#7545),.PCURVE_S1.);
#7534 = LINE('',#7535,#7536);
#7535 = CARTESIAN_POINT('',(9.72,0.,0.));
#7536 = VECTOR('',#7537,1.);
#7537 = DIRECTION('',(-0.5,0.866025403784,0.));
#7538 = PCURVE('',#7452,#7539);
#7539 = DEFINITIONAL_REPRESENTATION('',(#7540),#7544);
#7540 = LINE('',#7541,#7542);
#7541 = CARTESIAN_POINT('',(0.,0.));
#7542 = VECTOR('',#7543,1.);
#7543 = DIRECTION('',(1.,0.));
#7544 = ( GEOMETRIC_REPRESENTATION_CONTEXT(2) 
PARAMETRIC_REPRESENTATION_CONTEXT() REPRESENTATION_CONTEXT('2D SPACE',''
  ) );
#7545 = PCURVE('',#7546,#7551);
#7546 = PLANE('',#7547);
#7547 = AXIS2_PLACEMENT_3D('',#7548,#7549,#7550);
#7548 = CARTESIAN_POINT('',(-1.218351741701E-16,-6.091758708506E-16,0.)
  );
#7549 = DIRECTION('',(0.,0.,1.));
#7550 = DIRECTION('',(1.,0.,-0.));
#7551 = DEFINITIONAL_REPRESENTATION('',(#7552),#7556);
#7552 = LINE('',#7553,#7554);
#7553 = CARTESIAN_POINT('',(9.72,6.091758708506E-16));
#7554 = VECTOR('',#7555,1.);
#7555 = DIRECTION('',(-0.5,0.866025403784));
#7556 = ( GEOMETRIC_REPRESENTATION_CONTEXT(2) 
PARAMETRIC_REPRESENTATION_CONTEXT() REPRESENTATION_CONTEXT('2D SPACE',''
  ) );
#7557 = ADVANCED_FACE('',(#7558),#7464,.T.);
#7558 = FACE_BOUND('',#7559,.T.);
#7559 = EDGE_LOOP('',(#7560,#7590,#7611,#7612));
#7560 = ORIENTED_EDGE('',*,*,#7561,.T.);
#7561 = EDGE_CURVE('',#7562,#7564,#7566,.T.);
#7562 = VERTEX_POINT('',#7563);
#7563 = CARTESIAN_POINT('',(4.86,-8.417766924785,0.));
#7564 = VERTEX_POINT('',#7565);
#7565 = CARTESIAN_POINT('',(4.86,-8.417766924785,-6.48));
#7566 = SURFACE_CURVE('',#7567,(#7571,#7578),.PCURVE_S1.);
#7567 = LINE('',#7568,#7569);
#7568 = CARTESIAN_POINT('',(4.86,-8.417766924785,0.));
#7569 = VECTOR('',#7570,1.);
#7570 = DIRECTION('',(-0.,-0.,-1.));
#7571 = PCURVE('',#7464,#7572);
#7572 = DEFINITIONAL_REPRESENTATION('',(#7573),#7577);
#7573 = LINE('',#7574,#7575);
#7574 = CARTESIAN_POINT('',(0.,0.));
#7575 = VECTOR('',#7576,1.);
#7576 = DIRECTION('',(0.,-1.));
#7577 = ( GEOMETRIC_REPRESENTATION_CONTEXT(2) 
PARAMETRIC_REPRESENTATION_CONTEXT() REPRESENTATION_CONTEXT('2D SPACE',''
  ) );
#7578 = PCURVE('',#7579,#7584);
#7579 = PLANE('',#7580);
#7580 = AXIS2_PLACEMENT_3D('',#7581,#7582,#7583);
#7581 = CARTESIAN_POINT('',(-4.86,-8.417766924785,0.));
#7582 = DIRECTION('',(-7.310110450207E-16,-1.,0.));
#7583 = DIRECTION('',(1.,-7.310110450207E-16,0.));
#7584 = DEFINITIONAL_REPRESENTATION('',(#7585),#7589);
#7585 = LINE('',#7586,#7587);
#7586 = CARTESIAN_POINT('',(9.72,0.));
#7587 = VECTOR('',#7588,1.);
#7588 = DIRECTION('',(0.,-1.));
#7589 = ( GEOMETRIC_REPRESENTATION_CONTEXT(2) 
PARAMETRIC_REPRESENTATION_CONTEXT() REPRESENTATION_CONTEXT('2D SPACE',''
  ) );
#7590 = ORIENTED_EDGE('',*,*,#7591,.T.);
#7591 = EDGE_CURVE('',#7564,#7444,#7592,.T.);
#7592 = SURFACE_CURVE('',#7593,(#7597,#7604),.PCURVE_S1.);
#7593 = LINE('',#7594,#7595);
#7594 = CARTESIAN_POINT('',(4.86,-8.417766924785,-6.48));
#7595 = VECTOR('',#7596,1.);
#7596 = DIRECTION('',(0.5,0.866025403784,0.));
#7597 = PCURVE('',#7464,#7598);
#7598 = DEFINITIONAL_REPRESENTATION('',(#7599),#7603);
#7599 = LINE('',#7600,#7601);
#7600 = CARTESIAN_POINT('',(0.,-6.48));
#7601 = VECTOR('',#7602,1.);
#7602 = DIRECTION('',(1.,0.));
#7603 = ( GEOMETRIC_REPRESENTATION_CONTEXT(2) 
PARAMETRIC_REPRESENTATION_CONTEXT() REPRESENTATION_CONTEXT('2D SPACE',''
  ) );
#7604 = PCURVE('',#7492,#7605);
#7605 = DEFINITIONAL_REPRESENTATION('',(#7606),#7610);
#7606 = LINE('',#7607,#7608);
#7607 = CARTESIAN_POINT('',(4.86,-8.417766924785));
#7608 = VECTOR('',#7609,1.);
#7609 = DIRECTION('',(0.5,0.866025403784));
#7610 = ( GEOMETRIC_REPRESENTATION_CONTEXT(2) 
PARAMETRIC_REPRESENTATION_CONTEXT() REPRESENTATION_CONTEXT('2D SPACE',''
  ) );
#7611 = ORIENTED_EDGE('',*,*,#7441,.F.);
#7612 = ORIENTED_EDGE('',*,*,#7613,.F.);
#7613 = EDGE_CURVE('',#7562,#7442,#7614,.T.);
#7614 = SURFACE_CURVE('',#7615,(#7619,#7626),.PCURVE_S1.);
#7615 = LINE('',#7616,#7617);
#7616 = CARTESIAN_POINT('',(4.86,-8.417766924785,0.));
#7617 = VECTOR('',#7618,1.);
#7618 = DIRECTION('',(0.5,0.866025403784,0.));
#7619 = PCURVE('',#7464,#7620);
#7620 = DEFINITIONAL_REPRESENTATION('',(#7621),#7625);
#7621 = LINE('',#7622,#7623);
#7622 = CARTESIAN_POINT('',(0.,0.));
#7623 = VECTOR('',#7624,1.);
#7624 = DIRECTION('',(1.,0.));
#7625 = ( GEOMETRIC_REPRESENTATION_CONTEXT(2) 
PARAMETRIC_REPRESENTATION_CONTEXT() REPRESENTATION_CONTEXT('2D SPACE',''
  ) );
#7626 = PCURVE('',#7546,#7627);
#7627 = DEFINITIONAL_REPRESENTATION('',(#7628),#7632);
#7628 = LINE('',#7629,#7630);
#7629 = CARTESIAN_POINT('',(4.86,-8.417766924785));
#7630 = VECTOR('',#7631,1.);
#7631 = DIRECTION('',(0.5,0.866025403784));
#7632 = ( GEOMETRIC_REPRESENTATION_CONTEXT(2) 
PARAMETRIC_REPRESENTATION_CONTEXT() REPRESENTATION_CONTEXT('2D SPACE',''
  ) );
#7633 = ADVANCED_FACE('',(#7634),#7520,.T.);
#7634 = FACE_BOUND('',#7635,.T.);
#7635 = EDGE_LOOP('',(#7636,#7637,#7660,#7688));
#7636 = ORIENTED_EDGE('',*,*,#7504,.T.);
#7637 = ORIENTED_EDGE('',*,*,#7638,.T.);
#7638 = EDGE_CURVE('',#7477,#7639,#7641,.T.);
#7639 = VERTEX_POINT('',#7640);
#7640 = CARTESIAN_POINT('',(-4.86,8.417766924785,-6.48));
#7641 = SURFACE_CURVE('',#7642,(#7646,#7653),.PCURVE_S1.);
#7642 = LINE('',#7643,#7644);
#7643 = CARTESIAN_POINT('',(4.86,8.417766924785,-6.48));
#7644 = VECTOR('',#7645,1.);
#7645 = DIRECTION('',(-1.,1.827527612552E-16,0.));
#7646 = PCURVE('',#7520,#7647);
#7647 = DEFINITIONAL_REPRESENTATION('',(#7648),#7652);
#7648 = LINE('',#7649,#7650);
#7649 = CARTESIAN_POINT('',(0.,-6.48));
#7650 = VECTOR('',#7651,1.);
#7651 = DIRECTION('',(1.,0.));
#7652 = ( GEOMETRIC_REPRESENTATION_CONTEXT(2) 
PARAMETRIC_REPRESENTATION_CONTEXT() REPRESENTATION_CONTEXT('2D SPACE',''
  ) );
#7653 = PCURVE('',#7492,#7654);
#7654 = DEFINITIONAL_REPRESENTATION('',(#7655),#7659);
#7655 = LINE('',#7656,#7657);
#7656 = CARTESIAN_POINT('',(4.86,8.417766924785));
#7657 = VECTOR('',#7658,1.);
#7658 = DIRECTION('',(-1.,1.827527612552E-16));
#7659 = ( GEOMETRIC_REPRESENTATION_CONTEXT(2) 
PARAMETRIC_REPRESENTATION_CONTEXT() REPRESENTATION_CONTEXT('2D SPACE',''
  ) );
#7660 = ORIENTED_EDGE('',*,*,#7661,.F.);
#7661 = EDGE_CURVE('',#7662,#7639,#7664,.T.);
#7662 = VERTEX_POINT('',#7663);
#7663 = CARTESIAN_POINT('',(-4.86,8.417766924785,0.));
#7664 = SURFACE_CURVE('',#7665,(#7669,#7676),.PCURVE_S1.);
#7665 = LINE('',#7666,#7667);
#7666 = CARTESIAN_POINT('',(-4.86,8.417766924785,0.));
#7667 = VECTOR('',#7668,1.);
#7668 = DIRECTION('',(-0.,-0.,-1.));
#7669 = PCURVE('',#7520,#7670);
#7670 = DEFINITIONAL_REPRESENTATION('',(#7671),#7675);
#7671 = LINE('',#7672,#7673);
#7672 = CARTESIAN_POINT('',(9.72,0.));
#7673 = VECTOR('',#7674,1.);
#7674 = DIRECTION('',(0.,-1.));
#7675 = ( GEOMETRIC_REPRESENTATION_CONTEXT(2) 
PARAMETRIC_REPRESENTATION_CONTEXT() REPRESENTATION_CONTEXT('2D SPACE',''
  ) );
#7676 = PCURVE('',#7677,#7682);
#7677 = PLANE('',#7678);
#7678 = AXIS2_PLACEMENT_3D('',#7679,#7680,#7681);
#7679 = CARTESIAN_POINT('',(-4.86,8.417766924785,0.));
#7680 = DIRECTION('',(-0.866025403784,0.5,0.));
#7681 = DIRECTION('',(-0.5,-0.866025403784,0.));
#7682 = DEFINITIONAL_REPRESENTATION('',(#7683),#7687);
#7683 = LINE('',#7684,#7685);
#7684 = CARTESIAN_POINT('',(0.,0.));
#7685 = VECTOR('',#7686,1.);
#7686 = DIRECTION('',(0.,-1.));
#7687 = ( GEOMETRIC_REPRESENTATION_CONTEXT(2) 
PARAMETRIC_REPRESENTATION_CONTEXT() REPRESENTATION_CONTEXT('2D SPACE',''
  ) );
#7688 = ORIENTED_EDGE('',*,*,#7689,.F.);
#7689 = EDGE_CURVE('',#7505,#7662,#7690,.T.);
#7690 = SURFACE_CURVE('',#7691,(#7695,#7702),.PCURVE_S1.);
#7691 = LINE('',#7692,#7693);
#7692 = CARTESIAN_POINT('',(4.86,8.417766924785,0.));
#7693 = VECTOR('',#7694,1.);
#7694 = DIRECTION('',(-1.,1.827527612552E-16,0.));
#7695 = PCURVE('',#7520,#7696);
#7696 = DEFINITIONAL_REPRESENTATION('',(#7697),#7701);
#7697 = LINE('',#7698,#7699);
#7698 = CARTESIAN_POINT('',(0.,0.));
#7699 = VECTOR('',#7700,1.);
#7700 = DIRECTION('',(1.,0.));
#7701 = ( GEOMETRIC_REPRESENTATION_CONTEXT(2) 
PARAMETRIC_REPRESENTATION_CONTEXT() REPRESENTATION_CONTEXT('2D SPACE',''
  ) );
#7702 = PCURVE('',#7546,#7703);
#7703 = DEFINITIONAL_REPRESENTATION('',(#7704),#7708);
#7704 = LINE('',#7705,#7706);
#7705 = CARTESIAN_POINT('',(4.86,8.417766924785));
#7706 = VECTOR('',#7707,1.);
#7707 = DIRECTION('',(-1.,1.827527612552E-16));
#7708 = ( GEOMETRIC_REPRESENTATION_CONTEXT(2) 
PARAMETRIC_REPRESENTATION_CONTEXT() REPRESENTATION_CONTEXT('2D SPACE',''
  ) );
#7709 = ADVANCED_FACE('',(#7710,#7787),#7546,.T.);
#7710 = FACE_BOUND('',#7711,.T.);
#7711 = EDGE_LOOP('',(#7712,#7713,#7714,#7737,#7765,#7786));
#7712 = ORIENTED_EDGE('',*,*,#7532,.T.);
#7713 = ORIENTED_EDGE('',*,*,#7689,.T.);
#7714 = ORIENTED_EDGE('',*,*,#7715,.T.);
#7715 = EDGE_CURVE('',#7662,#7716,#7718,.T.);
#7716 = VERTEX_POINT('',#7717);
#7717 = CARTESIAN_POINT('',(-9.72,1.190356688771E-15,0.));
#7718 = SURFACE_CURVE('',#7719,(#7723,#7730),.PCURVE_S1.);
#7719 = LINE('',#7720,#7721);
#7720 = CARTESIAN_POINT('',(-4.86,8.417766924785,0.));
#7721 = VECTOR('',#7722,1.);
#7722 = DIRECTION('',(-0.5,-0.866025403784,0.));
#7723 = PCURVE('',#7546,#7724);
#7724 = DEFINITIONAL_REPRESENTATION('',(#7725),#7729);
#7725 = LINE('',#7726,#7727);
#7726 = CARTESIAN_POINT('',(-4.86,8.417766924785));
#7727 = VECTOR('',#7728,1.);
#7728 = DIRECTION('',(-0.5,-0.866025403784));
#7729 = ( GEOMETRIC_REPRESENTATION_CONTEXT(2) 
PARAMETRIC_REPRESENTATION_CONTEXT() REPRESENTATION_CONTEXT('2D SPACE',''
  ) );
#7730 = PCURVE('',#7677,#7731);
#7731 = DEFINITIONAL_REPRESENTATION('',(#7732),#7736);
#7732 = LINE('',#7733,#7734);
#7733 = CARTESIAN_POINT('',(0.,0.));
#7734 = VECTOR('',#7735,1.);
#7735 = DIRECTION('',(1.,0.));
#7736 = ( GEOMETRIC_REPRESENTATION_CONTEXT(2) 
PARAMETRIC_REPRESENTATION_CONTEXT() REPRESENTATION_CONTEXT('2D SPACE',''
  ) );
#7737 = ORIENTED_EDGE('',*,*,#7738,.T.);
#7738 = EDGE_CURVE('',#7716,#7739,#7741,.T.);
#7739 = VERTEX_POINT('',#7740);
#7740 = CARTESIAN_POINT('',(-4.86,-8.417766924785,0.));
#7741 = SURFACE_CURVE('',#7742,(#7746,#7753),.PCURVE_S1.);
#7742 = LINE('',#7743,#7744);
#7743 = CARTESIAN_POINT('',(-9.72,1.190356688771E-15,0.));
#7744 = VECTOR('',#7745,1.);
#7745 = DIRECTION('',(0.5,-0.866025403784,0.));
#7746 = PCURVE('',#7546,#7747);
#7747 = DEFINITIONAL_REPRESENTATION('',(#7748),#7752);
#7748 = LINE('',#7749,#7750);
#7749 = CARTESIAN_POINT('',(-9.72,1.799532559622E-15));
#7750 = VECTOR('',#7751,1.);
#7751 = DIRECTION('',(0.5,-0.866025403784));
#7752 = ( GEOMETRIC_REPRESENTATION_CONTEXT(2) 
PARAMETRIC_REPRESENTATION_CONTEXT() REPRESENTATION_CONTEXT('2D SPACE',''
  ) );
#7753 = PCURVE('',#7754,#7759);
#7754 = PLANE('',#7755);
#7755 = AXIS2_PLACEMENT_3D('',#7756,#7757,#7758);
#7756 = CARTESIAN_POINT('',(-9.72,1.190356688771E-15,0.));
#7757 = DIRECTION('',(-0.866025403784,-0.5,0.));
#7758 = DIRECTION('',(0.5,-0.866025403784,0.));
#7759 = DEFINITIONAL_REPRESENTATION('',(#7760),#7764);
#7760 = LINE('',#7761,#7762);
#7761 = CARTESIAN_POINT('',(0.,0.));
#7762 = VECTOR('',#7763,1.);
#7763 = DIRECTION('',(1.,0.));
#7764 = ( GEOMETRIC_REPRESENTATION_CONTEXT(2) 
PARAMETRIC_REPRESENTATION_CONTEXT() REPRESENTATION_CONTEXT('2D SPACE',''
  ) );
#7765 = ORIENTED_EDGE('',*,*,#7766,.T.);
#7766 = EDGE_CURVE('',#7739,#7562,#7767,.T.);
#7767 = SURFACE_CURVE('',#7768,(#7772,#7779),.PCURVE_S1.);
#7768 = LINE('',#7769,#7770);
#7769 = CARTESIAN_POINT('',(-4.86,-8.417766924785,0.));
#7770 = VECTOR('',#7771,1.);
#7771 = DIRECTION('',(1.,-7.310110450207E-16,0.));
#7772 = PCURVE('',#7546,#7773);
#7773 = DEFINITIONAL_REPRESENTATION('',(#7774),#7778);
#7774 = LINE('',#7775,#7776);
#7775 = CARTESIAN_POINT('',(-4.86,-8.417766924785));
#7776 = VECTOR('',#7777,1.);
#7777 = DIRECTION('',(1.,-7.310110450207E-16));
#7778 = ( GEOMETRIC_REPRESENTATION_CONTEXT(2) 
PARAMETRIC_REPRESENTATION_CONTEXT() REPRESENTATION_CONTEXT('2D SPACE',''
  ) );
#7779 = PCURVE('',#7579,#7780);
#7780 = DEFINITIONAL_REPRESENTATION('',(#7781),#7785);
#7781 = LINE('',#7782,#7783);
#7782 = CARTESIAN_POINT('',(0.,0.));
#7783 = VECTOR('',#7784,1.);
#7784 = DIRECTION('',(1.,0.));
#7785 = ( GEOMETRIC_REPRESENTATION_CONTEXT(2) 
PARAMETRIC_REPRESENTATION_CONTEXT() REPRESENTATION_CONTEXT('2D SPACE',''
  ) );
#7786 = ORIENTED_EDGE('',*,*,#7613,.T.);
#7787 = FACE_BOUND('',#7788,.T.);
#7788 = EDGE_LOOP('',(#7789));
#7789 = ORIENTED_EDGE('',*,*,#7790,.F.);
#7790 = EDGE_CURVE('',#7791,#7791,#7793,.T.);
#7791 = VERTEX_POINT('',#7792);
#7792 = CARTESIAN_POINT('',(5.4,0.,0.));
#7793 = SURFACE_CURVE('',#7794,(#7799,#7806),.PCURVE_S1.);
#7794 = CIRCLE('',#7795,5.4);
#7795 = AXIS2_PLACEMENT_3D('',#7796,#7797,#7798);
#7796 = CARTESIAN_POINT('',(0.,0.,0.));
#7797 = DIRECTION('',(0.,0.,1.));
#7798 = DIRECTION('',(1.,0.,0.));
#7799 = PCURVE('',#7546,#7800);
#7800 = DEFINITIONAL_REPRESENTATION('',(#7801),#7805);
#7801 = CIRCLE('',#7802,5.4);
#7802 = AXIS2_PLACEMENT_2D('',#7803,#7804);
#7803 = CARTESIAN_POINT('',(1.218351741701E-16,6.091758708506E-16));
#7804 = DIRECTION('',(1.,0.));
#7805 = ( GEOMETRIC_REPRESENTATION_CONTEXT(2) 
PARAMETRIC_REPRESENTATION_CONTEXT() REPRESENTATION_CONTEXT('2D SPACE',''
  ) );
#7806 = PCURVE('',#7807,#7812);
#7807 = CYLINDRICAL_SURFACE('',#7808,5.4);
#7808 = AXIS2_PLACEMENT_3D('',#7809,#7810,#7811);
#7809 = CARTESIAN_POINT('',(0.,0.,0.));
#7810 = DIRECTION('',(-0.,-0.,-1.));
#7811 = DIRECTION('',(1.,0.,0.));
#7812 = DEFINITIONAL_REPRESENTATION('',(#7813),#7817);
#7813 = LINE('',#7814,#7815);
#7814 = CARTESIAN_POINT('',(-0.,0.));
#7815 = VECTOR('',#7816,1.);
#7816 = DIRECTION('',(-1.,0.));
#7817 = ( GEOMETRIC_REPRESENTATION_CONTEXT(2) 
PARAMETRIC_REPRESENTATION_CONTEXT() REPRESENTATION_CONTEXT('2D SPACE',''
  ) );
#7818 = ADVANCED_FACE('',(#7819),#7492,.F.);
#7819 = FACE_BOUND('',#7820,.F.);
#7820 = EDGE_LOOP('',(#7821,#7822,#7823,#7846,#7869,#7890));
#7821 = ORIENTED_EDGE('',*,*,#7476,.T.);
#7822 = ORIENTED_EDGE('',*,*,#7638,.T.);
#7823 = ORIENTED_EDGE('',*,*,#7824,.T.);
#7824 = EDGE_CURVE('',#7639,#7825,#7827,.T.);
#7825 = VERTEX_POINT('',#7826);
#7826 = CARTESIAN_POINT('',(-9.72,1.190356688771E-15,-6.48));
#7827 = SURFACE_CURVE('',#7828,(#7832,#7839),.PCURVE_S1.);
#7828 = LINE('',#7829,#7830);
#7829 = CARTESIAN_POINT('',(-4.86,8.417766924785,-6.48));
#7830 = VECTOR('',#7831,1.);
#7831 = DIRECTION('',(-0.5,-0.866025403784,0.));
#7832 = PCURVE('',#7492,#7833);
#7833 = DEFINITIONAL_REPRESENTATION('',(#7834),#7838);
#7834 = LINE('',#7835,#7836);
#7835 = CARTESIAN_POINT('',(-4.86,8.417766924785));
#7836 = VECTOR('',#7837,1.);
#7837 = DIRECTION('',(-0.5,-0.866025403784));
#7838 = ( GEOMETRIC_REPRESENTATION_CONTEXT(2) 
PARAMETRIC_REPRESENTATION_CONTEXT() REPRESENTATION_CONTEXT('2D SPACE',''
  ) );
#7839 = PCURVE('',#7677,#7840);
#7840 = DEFINITIONAL_REPRESENTATION('',(#7841),#7845);
#7841 = LINE('',#7842,#7843);
#7842 = CARTESIAN_POINT('',(-0.,-6.48));
#7843 = VECTOR('',#7844,1.);
#7844 = DIRECTION('',(1.,0.));
#7845 = ( GEOMETRIC_REPRESENTATION_CONTEXT(2) 
PARAMETRIC_REPRESENTATION_CONTEXT() REPRESENTATION_CONTEXT('2D SPACE',''
  ) );
#7846 = ORIENTED_EDGE('',*,*,#7847,.T.);
#7847 = EDGE_CURVE('',#7825,#7848,#7850,.T.);
#7848 = VERTEX_POINT('',#7849);
#7849 = CARTESIAN_POINT('',(-4.86,-8.417766924785,-6.48));
#7850 = SURFACE_CURVE('',#7851,(#7855,#7862),.PCURVE_S1.);
#7851 = LINE('',#7852,#7853);
#7852 = CARTESIAN_POINT('',(-9.72,1.190356688771E-15,-6.48));
#7853 = VECTOR('',#7854,1.);
#7854 = DIRECTION('',(0.5,-0.866025403784,0.));
#7855 = PCURVE('',#7492,#7856);
#7856 = DEFINITIONAL_REPRESENTATION('',(#7857),#7861);
#7857 = LINE('',#7858,#7859);
#7858 = CARTESIAN_POINT('',(-9.72,1.799532559622E-15));
#7859 = VECTOR('',#7860,1.);
#7860 = DIRECTION('',(0.5,-0.866025403784));
#7861 = ( GEOMETRIC_REPRESENTATION_CONTEXT(2) 
PARAMETRIC_REPRESENTATION_CONTEXT() REPRESENTATION_CONTEXT('2D SPACE',''
  ) );
#7862 = PCURVE('',#7754,#7863);
#7863 = DEFINITIONAL_REPRESENTATION('',(#7864),#7868);
#7864 = LINE('',#7865,#7866);
#7865 = CARTESIAN_POINT('',(0.,-6.48));
#7866 = VECTOR('',#7867,1.);
#7867 = DIRECTION('',(1.,0.));
#7868 = ( GEOMETRIC_REPRESENTATION_CONTEXT(2) 
PARAMETRIC_REPRESENTATION_CONTEXT() REPRESENTATION_CONTEXT('2D SPACE',''
  ) );
#7869 = ORIENTED_EDGE('',*,*,#7870,.T.);
#7870 = EDGE_CURVE('',#7848,#7564,#7871,.T.);
#7871 = SURFACE_CURVE('',#7872,(#7876,#7883),.PCURVE_S1.);
#7872 = LINE('',#7873,#7874);
#7873 = CARTESIAN_POINT('',(-4.86,-8.417766924785,-6.48));
#7874 = VECTOR('',#7875,1.);
#7875 = DIRECTION('',(1.,-7.310110450207E-16,0.));
#7876 = PCURVE('',#7492,#7877);
#7877 = DEFINITIONAL_REPRESENTATION('',(#7878),#7882);
#7878 = LINE('',#7879,#7880);
#7879 = CARTESIAN_POINT('',(-4.86,-8.417766924785));
#7880 = VECTOR('',#7881,1.);
#7881 = DIRECTION('',(1.,-7.310110450207E-16));
#7882 = ( GEOMETRIC_REPRESENTATION_CONTEXT(2) 
PARAMETRIC_REPRESENTATION_CONTEXT() REPRESENTATION_CONTEXT('2D SPACE',''
  ) );
#7883 = PCURVE('',#7579,#7884);
#7884 = DEFINITIONAL_REPRESENTATION('',(#7885),#7889);
#7885 = LINE('',#7886,#7887);
#7886 = CARTESIAN_POINT('',(0.,-6.48));
#7887 = VECTOR('',#7888,1.);
#7888 = DIRECTION('',(1.,0.));
#7889 = ( GEOMETRIC_REPRESENTATION_CONTEXT(2) 
PARAMETRIC_REPRESENTATION_CONTEXT() REPRESENTATION_CONTEXT('2D SPACE',''
  ) );
#7890 = ORIENTED_EDGE('',*,*,#7591,.T.);
#7891 = ADVANCED_FACE('',(#7892),#7579,.T.);
#7892 = FACE_BOUND('',#7893,.T.);
#7893 = EDGE_LOOP('',(#7894,#7915,#7916,#7917));
#7894 = ORIENTED_EDGE('',*,*,#7895,.T.);
#7895 = EDGE_CURVE('',#7739,#7848,#7896,.T.);
#7896 = SURFACE_CURVE('',#7897,(#7901,#7908),.PCURVE_S1.);
#7897 = LINE('',#7898,#7899);
#7898 = CARTESIAN_POINT('',(-4.86,-8.417766924785,0.));
#7899 = VECTOR('',#7900,1.);
#7900 = DIRECTION('',(-0.,-0.,-1.));
#7901 = PCURVE('',#7579,#7902);
#7902 = DEFINITIONAL_REPRESENTATION('',(#7903),#7907);
#7903 = LINE('',#7904,#7905);
#7904 = CARTESIAN_POINT('',(0.,0.));
#7905 = VECTOR('',#7906,1.);
#7906 = DIRECTION('',(0.,-1.));
#7907 = ( GEOMETRIC_REPRESENTATION_CONTEXT(2) 
PARAMETRIC_REPRESENTATION_CONTEXT() REPRESENTATION_CONTEXT('2D SPACE',''
  ) );
#7908 = PCURVE('',#7754,#7909);
#7909 = DEFINITIONAL_REPRESENTATION('',(#7910),#7914);
#7910 = LINE('',#7911,#7912);
#7911 = CARTESIAN_POINT('',(9.72,0.));
#7912 = VECTOR('',#7913,1.);
#7913 = DIRECTION('',(0.,-1.));
#7914 = ( GEOMETRIC_REPRESENTATION_CONTEXT(2) 
PARAMETRIC_REPRESENTATION_CONTEXT() REPRESENTATION_CONTEXT('2D SPACE',''
  ) );
#7915 = ORIENTED_EDGE('',*,*,#7870,.T.);
#7916 = ORIENTED_EDGE('',*,*,#7561,.F.);
#7917 = ORIENTED_EDGE('',*,*,#7766,.F.);
#7918 = ADVANCED_FACE('',(#7919),#7677,.T.);
#7919 = FACE_BOUND('',#7920,.T.);
#7920 = EDGE_LOOP('',(#7921,#7922,#7923,#7944));
#7921 = ORIENTED_EDGE('',*,*,#7661,.T.);
#7922 = ORIENTED_EDGE('',*,*,#7824,.T.);
#7923 = ORIENTED_EDGE('',*,*,#7924,.F.);
#7924 = EDGE_CURVE('',#7716,#7825,#7925,.T.);
#7925 = SURFACE_CURVE('',#7926,(#7930,#7937),.PCURVE_S1.);
#7926 = LINE('',#7927,#7928);
#7927 = CARTESIAN_POINT('',(-9.72,1.190356688771E-15,0.));
#7928 = VECTOR('',#7929,1.);
#7929 = DIRECTION('',(-0.,-0.,-1.));
#7930 = PCURVE('',#7677,#7931);
#7931 = DEFINITIONAL_REPRESENTATION('',(#7932),#7936);
#7932 = LINE('',#7933,#7934);
#7933 = CARTESIAN_POINT('',(9.72,0.));
#7934 = VECTOR('',#7935,1.);
#7935 = DIRECTION('',(0.,-1.));
#7936 = ( GEOMETRIC_REPRESENTATION_CONTEXT(2) 
PARAMETRIC_REPRESENTATION_CONTEXT() REPRESENTATION_CONTEXT('2D SPACE',''
  ) );
#7937 = PCURVE('',#7754,#7938);
#7938 = DEFINITIONAL_REPRESENTATION('',(#7939),#7943);
#7939 = LINE('',#7940,#7941);
#7940 = CARTESIAN_POINT('',(0.,0.));
#7941 = VECTOR('',#7942,1.);
#7942 = DIRECTION('',(0.,-1.));
#7943 = ( GEOMETRIC_REPRESENTATION_CONTEXT(2) 
PARAMETRIC_REPRESENTATION_CONTEXT() REPRESENTATION_CONTEXT('2D SPACE',''
  ) );
#7944 = ORIENTED_EDGE('',*,*,#7715,.F.);
#7945 = ADVANCED_FACE('',(#7946),#7754,.T.);
#7946 = FACE_BOUND('',#7947,.T.);
#7947 = EDGE_LOOP('',(#7948,#7949,#7950,#7951));
#7948 = ORIENTED_EDGE('',*,*,#7924,.T.);
#7949 = ORIENTED_EDGE('',*,*,#7847,.T.);
#7950 = ORIENTED_EDGE('',*,*,#7895,.F.);
#7951 = ORIENTED_EDGE('',*,*,#7738,.F.);
#7952 = ADVANCED_FACE('',(#7953),#7807,.T.);
#7953 = FACE_BOUND('',#7954,.F.);
#7954 = EDGE_LOOP('',(#7955,#7978,#8005,#8006));
#7955 = ORIENTED_EDGE('',*,*,#7956,.T.);
#7956 = EDGE_CURVE('',#7791,#7957,#7959,.T.);
#7957 = VERTEX_POINT('',#7958);
#7958 = CARTESIAN_POINT('',(5.4,0.,23.));
#7959 = SEAM_CURVE('',#7960,(#7964,#7971),.PCURVE_S1.);
#7960 = LINE('',#7961,#7962);
#7961 = CARTESIAN_POINT('',(5.4,0.,0.));
#7962 = VECTOR('',#7963,1.);
#7963 = DIRECTION('',(0.,0.,1.));
#7964 = PCURVE('',#7807,#7965);
#7965 = DEFINITIONAL_REPRESENTATION('',(#7966),#7970);
#7966 = LINE('',#7967,#7968);
#7967 = CARTESIAN_POINT('',(-0.,0.));
#7968 = VECTOR('',#7969,1.);
#7969 = DIRECTION('',(-0.,-1.));
#7970 = ( GEOMETRIC_REPRESENTATION_CONTEXT(2) 
PARAMETRIC_REPRESENTATION_CONTEXT() REPRESENTATION_CONTEXT('2D SPACE',''
  ) );
#7971 = PCURVE('',#7807,#7972);
#7972 = DEFINITIONAL_REPRESENTATION('',(#7973),#7977);
#7973 = LINE('',#7974,#7975);
#7974 = CARTESIAN_POINT('',(-6.28318530718,0.));
#7975 = VECTOR('',#7976,1.);
#7976 = DIRECTION('',(-0.,-1.));
#7977 = ( GEOMETRIC_REPRESENTATION_CONTEXT(2) 
PARAMETRIC_REPRESENTATION_CONTEXT() REPRESENTATION_CONTEXT('2D SPACE',''
  ) );
#7978 = ORIENTED_EDGE('',*,*,#7979,.T.);
#7979 = EDGE_CURVE('',#7957,#7957,#7980,.T.);
#7980 = SURFACE_CURVE('',#7981,(#7986,#7993),.PCURVE_S1.);
#7981 = CIRCLE('',#7982,5.4);
#7982 = AXIS2_PLACEMENT_3D('',#7983,#7984,#7985);
#7983 = CARTESIAN_POINT('',(0.,0.,23.));
#7984 = DIRECTION('',(0.,0.,1.));
#7985 = DIRECTION('',(1.,0.,0.));
#7986 = PCURVE('',#7807,#7987);
#7987 = DEFINITIONAL_REPRESENTATION('',(#7988),#7992);
#7988 = LINE('',#7989,#7990);
#7989 = CARTESIAN_POINT('',(-0.,-23.));
#7990 = VECTOR('',#7991,1.);
#7991 = DIRECTION('',(-1.,0.));
#7992 = ( GEOMETRIC_REPRESENTATION_CONTEXT(2) 
PARAMETRIC_REPRESENTATION_CONTEXT() REPRESENTATION_CONTEXT('2D SPACE',''
  ) );
#7993 = PCURVE('',#7994,#7999);
#7994 = PLANE('',#7995);
#7995 = AXIS2_PLACEMENT_3D('',#7996,#7997,#7998);
#7996 = CARTESIAN_POINT('',(1.26614827087E-16,3.279323032744E-17,23.));
#7997 = DIRECTION('',(0.,0.,1.));
#7998 = DIRECTION('',(1.,0.,-0.));
#7999 = DEFINITIONAL_REPRESENTATION('',(#8000),#8004);
#8000 = CIRCLE('',#8001,5.4);
#8001 = AXIS2_PLACEMENT_2D('',#8002,#8003);
#8002 = CARTESIAN_POINT('',(-1.26614827087E-16,-3.279323032744E-17));
#8003 = DIRECTION('',(1.,0.));
#8004 = ( GEOMETRIC_REPRESENTATION_CONTEXT(2) 
PARAMETRIC_REPRESENTATION_CONTEXT() REPRESENTATION_CONTEXT('2D SPACE',''
  ) );
#8005 = ORIENTED_EDGE('',*,*,#7956,.F.);
#8006 = ORIENTED_EDGE('',*,*,#7790,.F.);
#8007 = ADVANCED_FACE('',(#8008),#7994,.T.);
#8008 = FACE_BOUND('',#8009,.T.);
#8009 = EDGE_LOOP('',(#8010));
#8010 = ORIENTED_EDGE('',*,*,#7979,.T.);
#8011 = ( GEOMETRIC_REPRESENTATION_CONTEXT(3) 
GLOBAL_UNCERTAINTY_ASSIGNED_CONTEXT((#8015)) 
GLOBAL_UNIT_ASSIGNED_CONTEXT((#8012,#8013,#8014)) REPRESENTATION_CONTEXT
('Context #1','3D Context with UNIT and UNCERTAINTY') );
#8012 = ( LENGTH_UNIT() NAMED_UNIT(*) SI_UNIT(.MILLI.,.METRE.) );
#8013 = ( NAMED_UNIT(*) PLANE_ANGLE_UNIT() SI_UNIT($,.RADIAN.) );
#8014 = ( NAMED_UNIT(*) SI_UNIT($,.STERADIAN.) SOLID_ANGLE_UNIT() );
#8015 = UNCERTAINTY_MEASURE_WITH_UNIT(LENGTH_MEASURE(1.E-07),#8012,
  'distance_accuracy_value','confusion accuracy');
#8016 = SHAPE_DEFINITION_REPRESENTATION(#8017,#7434);
#8017 = PRODUCT_DEFINITION_SHAPE('','',#8018);
#8018 = PRODUCT_DEFINITION('design','',#8019,#8022);
#8019 = PRODUCT_DEFINITION_FORMATION('','',#8020);
#8020 = PRODUCT('auto_bolt_4_part','auto_bolt_4_part','',(#8021));
#8021 = PRODUCT_CONTEXT('',#2,'mechanical');
#8022 = PRODUCT_DEFINITION_CONTEXT('part definition',#2,'design');
#8023 = CONTEXT_DEPENDENT_SHAPE_REPRESENTATION(#8024,#8026);
#8024 = ( REPRESENTATION_RELATIONSHIP('','',#7434,#7424) 
REPRESENTATION_RELATIONSHIP_WITH_TRANSFORMATION(#8025) 
SHAPE_REPRESENTATION_RELATIONSHIP() );
#8025 = ITEM_DEFINED_TRANSFORMATION('','',#11,#7425);
#8026 = PRODUCT_DEFINITION_SHAPE('Placement','Placement of an item',
  #8027);
#8027 = NEXT_ASSEMBLY_USAGE_OCCURRENCE('22','','',#7419,#8018,$);
#8028 = PRODUCT_RELATED_PRODUCT_CATEGORY('part',$,(#8020));
#8029 = CONTEXT_DEPENDENT_SHAPE_REPRESENTATION(#8030,#8032);
#8030 = ( REPRESENTATION_RELATIONSHIP('','',#7424,#32) 
REPRESENTATION_RELATIONSHIP_WITH_TRANSFORMATION(#8031) 
SHAPE_REPRESENTATION_RELATIONSHIP() );
#8031 = ITEM_DEFINED_TRANSFORMATION('','',#11,#77);
#8032 = PRODUCT_DEFINITION_SHAPE('Placement','Placement of an item',
  #8033);
#8033 = NEXT_ASSEMBLY_USAGE_OCCURRENCE('23','','',#27,#7419,$);
#8034 = PRODUCT_RELATED_PRODUCT_CATEGORY('part',$,(#7421));
#8035 = SHAPE_DEFINITION_REPRESENTATION(#8036,#8042);
#8036 = PRODUCT_DEFINITION_SHAPE('','',#8037);
#8037 = PRODUCT_DEFINITION('design','',#8038,#8041);
#8038 = PRODUCT_DEFINITION_FORMATION('','',#8039);
#8039 = PRODUCT('auto_nut_4','auto_nut_4','',(#8040));
#8040 = PRODUCT_CONTEXT('',#2,'mechanical');
#8041 = PRODUCT_DEFINITION_CONTEXT('part definition',#2,'design');
#8042 = SHAPE_REPRESENTATION('',(#11,#8043),#8047);
#8043 = AXIS2_PLACEMENT_3D('',#8044,#8045,#8046);
#8044 = CARTESIAN_POINT('',(0.,0.,0.));
#8045 = DIRECTION('',(0.,0.,1.));
#8046 = DIRECTION('',(1.,0.,-0.));
#8047 = ( GEOMETRIC_REPRESENTATION_CONTEXT(3) 
GLOBAL_UNCERTAINTY_ASSIGNED_CONTEXT((#8051)) 
GLOBAL_UNIT_ASSIGNED_CONTEXT((#8048,#8049,#8050)) REPRESENTATION_CONTEXT
('Context #1','3D Context with UNIT and UNCERTAINTY') );
#8048 = ( LENGTH_UNIT() NAMED_UNIT(*) SI_UNIT(.MILLI.,.METRE.) );
#8049 = ( NAMED_UNIT(*) PLANE_ANGLE_UNIT() SI_UNIT($,.RADIAN.) );
#8050 = ( NAMED_UNIT(*) SI_UNIT($,.STERADIAN.) SOLID_ANGLE_UNIT() );
#8051 = UNCERTAINTY_MEASURE_WITH_UNIT(LENGTH_MEASURE(1.E-07),#8048,
  'distance_accuracy_value','confusion accuracy');
#8052 = ADVANCED_BREP_SHAPE_REPRESENTATION('',(#11,#8053),#8627);
#8053 = MANIFOLD_SOLID_BREP('',#8054);
#8054 = CLOSED_SHELL('',(#8055,#8175,#8251,#8327,#8440,#8539,#8566,#8593
    ,#8600));
#8055 = ADVANCED_FACE('',(#8056),#8070,.T.);
#8056 = FACE_BOUND('',#8057,.T.);
#8057 = EDGE_LOOP('',(#8058,#8093,#8121,#8149));
#8058 = ORIENTED_EDGE('',*,*,#8059,.T.);
#8059 = EDGE_CURVE('',#8060,#8062,#8064,.T.);
#8060 = VERTEX_POINT('',#8061);
#8061 = CARTESIAN_POINT('',(8.64,0.,0.));
#8062 = VERTEX_POINT('',#8063);
#8063 = CARTESIAN_POINT('',(8.64,0.,-8.64));
#8064 = SURFACE_CURVE('',#8065,(#8069,#8081),.PCURVE_S1.);
#8065 = LINE('',#8066,#8067);
#8066 = CARTESIAN_POINT('',(8.64,0.,0.));
#8067 = VECTOR('',#8068,1.);
#8068 = DIRECTION('',(-0.,-0.,-1.));
#8069 = PCURVE('',#8070,#8075);
#8070 = PLANE('',#8071);
#8071 = AXIS2_PLACEMENT_3D('',#8072,#8073,#8074);
#8072 = CARTESIAN_POINT('',(8.64,0.,0.));
#8073 = DIRECTION('',(0.866025403784,0.5,-0.));
#8074 = DIRECTION('',(-0.5,0.866025403784,0.));
#8075 = DEFINITIONAL_REPRESENTATION('',(#8076),#8080);
#8076 = LINE('',#8077,#8078);
#8077 = CARTESIAN_POINT('',(0.,0.));
#8078 = VECTOR('',#8079,1.);
#8079 = DIRECTION('',(0.,-1.));
#8080 = ( GEOMETRIC_REPRESENTATION_CONTEXT(2) 
PARAMETRIC_REPRESENTATION_CONTEXT() REPRESENTATION_CONTEXT('2D SPACE',''
  ) );
#8081 = PCURVE('',#8082,#8087);
#8082 = PLANE('',#8083);
#8083 = AXIS2_PLACEMENT_3D('',#8084,#8085,#8086);
#8084 = CARTESIAN_POINT('',(4.32,-7.482459488698,0.));
#8085 = DIRECTION('',(0.866025403784,-0.5,0.));
#8086 = DIRECTION('',(0.5,0.866025403784,0.));
#8087 = DEFINITIONAL_REPRESENTATION('',(#8088),#8092);
#8088 = LINE('',#8089,#8090);
#8089 = CARTESIAN_POINT('',(8.64,0.));
#8090 = VECTOR('',#8091,1.);
#8091 = DIRECTION('',(0.,-1.));
#8092 = ( GEOMETRIC_REPRESENTATION_CONTEXT(2) 
PARAMETRIC_REPRESENTATION_CONTEXT() REPRESENTATION_CONTEXT('2D SPACE',''
  ) );
#8093 = ORIENTED_EDGE('',*,*,#8094,.T.);
#8094 = EDGE_CURVE('',#8062,#8095,#8097,.T.);
#8095 = VERTEX_POINT('',#8096);
#8096 = CARTESIAN_POINT('',(4.32,7.482459488698,-8.64));
#8097 = SURFACE_CURVE('',#8098,(#8102,#8109),.PCURVE_S1.);
#8098 = LINE('',#8099,#8100);
#8099 = CARTESIAN_POINT('',(8.64,0.,-8.64));
#8100 = VECTOR('',#8101,1.);
#8101 = DIRECTION('',(-0.5,0.866025403784,0.));
#8102 = PCURVE('',#8070,#8103);
#8103 = DEFINITIONAL_REPRESENTATION('',(#8104),#8108);
#8104 = LINE('',#8105,#8106);
#8105 = CARTESIAN_POINT('',(0.,-8.64));
#8106 = VECTOR('',#8107,1.);
#8107 = DIRECTION('',(1.,0.));
#8108 = ( GEOMETRIC_REPRESENTATION_CONTEXT(2) 
PARAMETRIC_REPRESENTATION_CONTEXT() REPRESENTATION_CONTEXT('2D SPACE',''
  ) );
#8109 = PCURVE('',#8110,#8115);
#8110 = PLANE('',#8111);
#8111 = AXIS2_PLACEMENT_3D('',#8112,#8113,#8114);
#8112 = CARTESIAN_POINT('',(0.,4.111937128241E-16,-8.64));
#8113 = DIRECTION('',(0.,0.,1.));
#8114 = DIRECTION('',(1.,0.,-0.));
#8115 = DEFINITIONAL_REPRESENTATION('',(#8116),#8120);
#8116 = LINE('',#8117,#8118);
#8117 = CARTESIAN_POINT('',(8.64,-4.111937128241E-16));
#8118 = VECTOR('',#8119,1.);
#8119 = DIRECTION('',(-0.5,0.866025403784));
#8120 = ( GEOMETRIC_REPRESENTATION_CONTEXT(2) 
PARAMETRIC_REPRESENTATION_CONTEXT() REPRESENTATION_CONTEXT('2D SPACE',''
  ) );
#8121 = ORIENTED_EDGE('',*,*,#8122,.F.);
#8122 = EDGE_CURVE('',#8123,#8095,#8125,.T.);
#8123 = VERTEX_POINT('',#8124);
#8124 = CARTESIAN_POINT('',(4.32,7.482459488698,0.));
#8125 = SURFACE_CURVE('',#8126,(#8130,#8137),.PCURVE_S1.);
#8126 = LINE('',#8127,#8128);
#8127 = CARTESIAN_POINT('',(4.32,7.482459488698,0.));
#8128 = VECTOR('',#8129,1.);
#8129 = DIRECTION('',(-0.,-0.,-1.));
#8130 = PCURVE('',#8070,#8131);
#8131 = DEFINITIONAL_REPRESENTATION('',(#8132),#8136);
#8132 = LINE('',#8133,#8134);
#8133 = CARTESIAN_POINT('',(8.64,0.));
#8134 = VECTOR('',#8135,1.);
#8135 = DIRECTION('',(0.,-1.));
#8136 = ( GEOMETRIC_REPRESENTATION_CONTEXT(2) 
PARAMETRIC_REPRESENTATION_CONTEXT() REPRESENTATION_CONTEXT('2D SPACE',''
  ) );
#8137 = PCURVE('',#8138,#8143);
#8138 = PLANE('',#8139);
#8139 = AXIS2_PLACEMENT_3D('',#8140,#8141,#8142);
#8140 = CARTESIAN_POINT('',(4.32,7.482459488698,0.));
#8141 = DIRECTION('',(1.02798428206E-16,1.,-0.));
#8142 = DIRECTION('',(-1.,1.02798428206E-16,0.));
#8143 = DEFINITIONAL_REPRESENTATION('',(#8144),#8148);
#8144 = LINE('',#8145,#8146);
#8145 = CARTESIAN_POINT('',(0.,0.));
#8146 = VECTOR('',#8147,1.);
#8147 = DIRECTION('',(0.,-1.));
#8148 = ( GEOMETRIC_REPRESENTATION_CONTEXT(2) 
PARAMETRIC_REPRESENTATION_CONTEXT() REPRESENTATION_CONTEXT('2D SPACE',''
  ) );
#8149 = ORIENTED_EDGE('',*,*,#8150,.F.);
#8150 = EDGE_CURVE('',#8060,#8123,#8151,.T.);
#8151 = SURFACE_CURVE('',#8152,(#8156,#8163),.PCURVE_S1.);
#8152 = LINE('',#8153,#8154);
#8153 = CARTESIAN_POINT('',(8.64,0.,0.));
#8154 = VECTOR('',#8155,1.);
#8155 = DIRECTION('',(-0.5,0.866025403784,0.));
#8156 = PCURVE('',#8070,#8157);
#8157 = DEFINITIONAL_REPRESENTATION('',(#8158),#8162);
#8158 = LINE('',#8159,#8160);
#8159 = CARTESIAN_POINT('',(0.,0.));
#8160 = VECTOR('',#8161,1.);
#8161 = DIRECTION('',(1.,0.));
#8162 = ( GEOMETRIC_REPRESENTATION_CONTEXT(2) 
PARAMETRIC_REPRESENTATION_CONTEXT() REPRESENTATION_CONTEXT('2D SPACE',''
  ) );
#8163 = PCURVE('',#8164,#8169);
#8164 = PLANE('',#8165);
#8165 = AXIS2_PLACEMENT_3D('',#8166,#8167,#8168);
#8166 = CARTESIAN_POINT('',(0.,4.111937128241E-16,0.));
#8167 = DIRECTION('',(0.,0.,1.));
#8168 = DIRECTION('',(1.,0.,-0.));
#8169 = DEFINITIONAL_REPRESENTATION('',(#8170),#8174);
#8170 = LINE('',#8171,#8172);
#8171 = CARTESIAN_POINT('',(8.64,-4.111937128241E-16));
#8172 = VECTOR('',#8173,1.);
#8173 = DIRECTION('',(-0.5,0.866025403784));
#8174 = ( GEOMETRIC_REPRESENTATION_CONTEXT(2) 
PARAMETRIC_REPRESENTATION_CONTEXT() REPRESENTATION_CONTEXT('2D SPACE',''
  ) );
#8175 = ADVANCED_FACE('',(#8176),#8082,.T.);
#8176 = FACE_BOUND('',#8177,.T.);
#8177 = EDGE_LOOP('',(#8178,#8208,#8229,#8230));
#8178 = ORIENTED_EDGE('',*,*,#8179,.T.);
#8179 = EDGE_CURVE('',#8180,#8182,#8184,.T.);
#8180 = VERTEX_POINT('',#8181);
#8181 = CARTESIAN_POINT('',(4.32,-7.482459488698,0.));
#8182 = VERTEX_POINT('',#8183);
#8183 = CARTESIAN_POINT('',(4.32,-7.482459488698,-8.64));
#8184 = SURFACE_CURVE('',#8185,(#8189,#8196),.PCURVE_S1.);
#8185 = LINE('',#8186,#8187);
#8186 = CARTESIAN_POINT('',(4.32,-7.482459488698,0.));
#8187 = VECTOR('',#8188,1.);
#8188 = DIRECTION('',(-0.,-0.,-1.));
#8189 = PCURVE('',#8082,#8190);
#8190 = DEFINITIONAL_REPRESENTATION('',(#8191),#8195);
#8191 = LINE('',#8192,#8193);
#8192 = CARTESIAN_POINT('',(0.,0.));
#8193 = VECTOR('',#8194,1.);
#8194 = DIRECTION('',(0.,-1.));
#8195 = ( GEOMETRIC_REPRESENTATION_CONTEXT(2) 
PARAMETRIC_REPRESENTATION_CONTEXT() REPRESENTATION_CONTEXT('2D SPACE',''
  ) );
#8196 = PCURVE('',#8197,#8202);
#8197 = PLANE('',#8198);
#8198 = AXIS2_PLACEMENT_3D('',#8199,#8200,#8201);
#8199 = CARTESIAN_POINT('',(-4.32,-7.482459488698,0.));
#8200 = DIRECTION('',(-7.195889974422E-16,-1.,0.));
#8201 = DIRECTION('',(1.,-7.195889974422E-16,0.));
#8202 = DEFINITIONAL_REPRESENTATION('',(#8203),#8207);
#8203 = LINE('',#8204,#8205);
#8204 = CARTESIAN_POINT('',(8.64,0.));
#8205 = VECTOR('',#8206,1.);
#8206 = DIRECTION('',(0.,-1.));
#8207 = ( GEOMETRIC_REPRESENTATION_CONTEXT(2) 
PARAMETRIC_REPRESENTATION_CONTEXT() REPRESENTATION_CONTEXT('2D SPACE',''
  ) );
#8208 = ORIENTED_EDGE('',*,*,#8209,.T.);
#8209 = EDGE_CURVE('',#8182,#8062,#8210,.T.);
#8210 = SURFACE_CURVE('',#8211,(#8215,#8222),.PCURVE_S1.);
#8211 = LINE('',#8212,#8213);
#8212 = CARTESIAN_POINT('',(4.32,-7.482459488698,-8.64));
#8213 = VECTOR('',#8214,1.);
#8214 = DIRECTION('',(0.5,0.866025403784,0.));
#8215 = PCURVE('',#8082,#8216);
#8216 = DEFINITIONAL_REPRESENTATION('',(#8217),#8221);
#8217 = LINE('',#8218,#8219);
#8218 = CARTESIAN_POINT('',(0.,-8.64));
#8219 = VECTOR('',#8220,1.);
#8220 = DIRECTION('',(1.,0.));
#8221 = ( GEOMETRIC_REPRESENTATION_CONTEXT(2) 
PARAMETRIC_REPRESENTATION_CONTEXT() REPRESENTATION_CONTEXT('2D SPACE',''
  ) );
#8222 = PCURVE('',#8110,#8223);
#8223 = DEFINITIONAL_REPRESENTATION('',(#8224),#8228);
#8224 = LINE('',#8225,#8226);
#8225 = CARTESIAN_POINT('',(4.32,-7.482459488698));
#8226 = VECTOR('',#8227,1.);
#8227 = DIRECTION('',(0.5,0.866025403784));
#8228 = ( GEOMETRIC_REPRESENTATION_CONTEXT(2) 
PARAMETRIC_REPRESENTATION_CONTEXT() REPRESENTATION_CONTEXT('2D SPACE',''
  ) );
#8229 = ORIENTED_EDGE('',*,*,#8059,.F.);
#8230 = ORIENTED_EDGE('',*,*,#8231,.F.);
#8231 = EDGE_CURVE('',#8180,#8060,#8232,.T.);
#8232 = SURFACE_CURVE('',#8233,(#8237,#8244),.PCURVE_S1.);
#8233 = LINE('',#8234,#8235);
#8234 = CARTESIAN_POINT('',(4.32,-7.482459488698,0.));
#8235 = VECTOR('',#8236,1.);
#8236 = DIRECTION('',(0.5,0.866025403784,0.));
#8237 = PCURVE('',#8082,#8238);
#8238 = DEFINITIONAL_REPRESENTATION('',(#8239),#8243);
#8239 = LINE('',#8240,#8241);
#8240 = CARTESIAN_POINT('',(0.,0.));
#8241 = VECTOR('',#8242,1.);
#8242 = DIRECTION('',(1.,0.));
#8243 = ( GEOMETRIC_REPRESENTATION_CONTEXT(2) 
PARAMETRIC_REPRESENTATION_CONTEXT() REPRESENTATION_CONTEXT('2D SPACE',''
  ) );
#8244 = PCURVE('',#8164,#8245);
#8245 = DEFINITIONAL_REPRESENTATION('',(#8246),#8250);
#8246 = LINE('',#8247,#8248);
#8247 = CARTESIAN_POINT('',(4.32,-7.482459488698));
#8248 = VECTOR('',#8249,1.);
#8249 = DIRECTION('',(0.5,0.866025403784));
#8250 = ( GEOMETRIC_REPRESENTATION_CONTEXT(2) 
PARAMETRIC_REPRESENTATION_CONTEXT() REPRESENTATION_CONTEXT('2D SPACE',''
  ) );
#8251 = ADVANCED_FACE('',(#8252),#8138,.T.);
#8252 = FACE_BOUND('',#8253,.T.);
#8253 = EDGE_LOOP('',(#8254,#8255,#8278,#8306));
#8254 = ORIENTED_EDGE('',*,*,#8122,.T.);
#8255 = ORIENTED_EDGE('',*,*,#8256,.T.);
#8256 = EDGE_CURVE('',#8095,#8257,#8259,.T.);
#8257 = VERTEX_POINT('',#8258);
#8258 = CARTESIAN_POINT('',(-4.32,7.482459488698,-8.64));
#8259 = SURFACE_CURVE('',#8260,(#8264,#8271),.PCURVE_S1.);
#8260 = LINE('',#8261,#8262);
#8261 = CARTESIAN_POINT('',(4.32,7.482459488698,-8.64));
#8262 = VECTOR('',#8263,1.);
#8263 = DIRECTION('',(-1.,1.02798428206E-16,0.));
#8264 = PCURVE('',#8138,#8265);
#8265 = DEFINITIONAL_REPRESENTATION('',(#8266),#8270);
#8266 = LINE('',#8267,#8268);
#8267 = CARTESIAN_POINT('',(0.,-8.64));
#8268 = VECTOR('',#8269,1.);
#8269 = DIRECTION('',(1.,0.));
#8270 = ( GEOMETRIC_REPRESENTATION_CONTEXT(2) 
PARAMETRIC_REPRESENTATION_CONTEXT() REPRESENTATION_CONTEXT('2D SPACE',''
  ) );
#8271 = PCURVE('',#8110,#8272);
#8272 = DEFINITIONAL_REPRESENTATION('',(#8273),#8277);
#8273 = LINE('',#8274,#8275);
#8274 = CARTESIAN_POINT('',(4.32,7.482459488698));
#8275 = VECTOR('',#8276,1.);
#8276 = DIRECTION('',(-1.,1.02798428206E-16));
#8277 = ( GEOMETRIC_REPRESENTATION_CONTEXT(2) 
PARAMETRIC_REPRESENTATION_CONTEXT() REPRESENTATION_CONTEXT('2D SPACE',''
  ) );
#8278 = ORIENTED_EDGE('',*,*,#8279,.F.);
#8279 = EDGE_CURVE('',#8280,#8257,#8282,.T.);
#8280 = VERTEX_POINT('',#8281);
#8281 = CARTESIAN_POINT('',(-4.32,7.482459488698,0.));
#8282 = SURFACE_CURVE('',#8283,(#8287,#8294),.PCURVE_S1.);
#8283 = LINE('',#8284,#8285);
#8284 = CARTESIAN_POINT('',(-4.32,7.482459488698,0.));
#8285 = VECTOR('',#8286,1.);
#8286 = DIRECTION('',(-0.,-0.,-1.));
#8287 = PCURVE('',#8138,#8288);
#8288 = DEFINITIONAL_REPRESENTATION('',(#8289),#8293);
#8289 = LINE('',#8290,#8291);
#8290 = CARTESIAN_POINT('',(8.64,0.));
#8291 = VECTOR('',#8292,1.);
#8292 = DIRECTION('',(0.,-1.));
#8293 = ( GEOMETRIC_REPRESENTATION_CONTEXT(2) 
PARAMETRIC_REPRESENTATION_CONTEXT() REPRESENTATION_CONTEXT('2D SPACE',''
  ) );
#8294 = PCURVE('',#8295,#8300);
#8295 = PLANE('',#8296);
#8296 = AXIS2_PLACEMENT_3D('',#8297,#8298,#8299);
#8297 = CARTESIAN_POINT('',(-4.32,7.482459488698,0.));
#8298 = DIRECTION('',(-0.866025403784,0.5,0.));
#8299 = DIRECTION('',(-0.5,-0.866025403784,0.));
#8300 = DEFINITIONAL_REPRESENTATION('',(#8301),#8305);
#8301 = LINE('',#8302,#8303);
#8302 = CARTESIAN_POINT('',(0.,0.));
#8303 = VECTOR('',#8304,1.);
#8304 = DIRECTION('',(0.,-1.));
#8305 = ( GEOMETRIC_REPRESENTATION_CONTEXT(2) 
PARAMETRIC_REPRESENTATION_CONTEXT() REPRESENTATION_CONTEXT('2D SPACE',''
  ) );
#8306 = ORIENTED_EDGE('',*,*,#8307,.F.);
#8307 = EDGE_CURVE('',#8123,#8280,#8308,.T.);
#8308 = SURFACE_CURVE('',#8309,(#8313,#8320),.PCURVE_S1.);
#8309 = LINE('',#8310,#8311);
#8310 = CARTESIAN_POINT('',(4.32,7.482459488698,0.));
#8311 = VECTOR('',#8312,1.);
#8312 = DIRECTION('',(-1.,1.02798428206E-16,0.));
#8313 = PCURVE('',#8138,#8314);
#8314 = DEFINITIONAL_REPRESENTATION('',(#8315),#8319);
#8315 = LINE('',#8316,#8317);
#8316 = CARTESIAN_POINT('',(0.,0.));
#8317 = VECTOR('',#8318,1.);
#8318 = DIRECTION('',(1.,0.));
#8319 = ( GEOMETRIC_REPRESENTATION_CONTEXT(2) 
PARAMETRIC_REPRESENTATION_CONTEXT() REPRESENTATION_CONTEXT('2D SPACE',''
  ) );
#8320 = PCURVE('',#8164,#8321);
#8321 = DEFINITIONAL_REPRESENTATION('',(#8322),#8326);
#8322 = LINE('',#8323,#8324);
#8323 = CARTESIAN_POINT('',(4.32,7.482459488698));
#8324 = VECTOR('',#8325,1.);
#8325 = DIRECTION('',(-1.,1.02798428206E-16));
#8326 = ( GEOMETRIC_REPRESENTATION_CONTEXT(2) 
PARAMETRIC_REPRESENTATION_CONTEXT() REPRESENTATION_CONTEXT('2D SPACE',''
  ) );
#8327 = ADVANCED_FACE('',(#8328,#8405),#8164,.T.);
#8328 = FACE_BOUND('',#8329,.T.);
#8329 = EDGE_LOOP('',(#8330,#8331,#8332,#8355,#8383,#8404));
#8330 = ORIENTED_EDGE('',*,*,#8150,.T.);
#8331 = ORIENTED_EDGE('',*,*,#8307,.T.);
#8332 = ORIENTED_EDGE('',*,*,#8333,.T.);
#8333 = EDGE_CURVE('',#8280,#8334,#8336,.T.);
#8334 = VERTEX_POINT('',#8335);
#8335 = CARTESIAN_POINT('',(-8.64,1.058094834463E-15,0.));
#8336 = SURFACE_CURVE('',#8337,(#8341,#8348),.PCURVE_S1.);
#8337 = LINE('',#8338,#8339);
#8338 = CARTESIAN_POINT('',(-4.32,7.482459488698,0.));
#8339 = VECTOR('',#8340,1.);
#8340 = DIRECTION('',(-0.5,-0.866025403784,0.));
#8341 = PCURVE('',#8164,#8342);
#8342 = DEFINITIONAL_REPRESENTATION('',(#8343),#8347);
#8343 = LINE('',#8344,#8345);
#8344 = CARTESIAN_POINT('',(-4.32,7.482459488698));
#8345 = VECTOR('',#8346,1.);
#8346 = DIRECTION('',(-0.5,-0.866025403784));
#8347 = ( GEOMETRIC_REPRESENTATION_CONTEXT(2) 
PARAMETRIC_REPRESENTATION_CONTEXT() REPRESENTATION_CONTEXT('2D SPACE',''
  ) );
#8348 = PCURVE('',#8295,#8349);
#8349 = DEFINITIONAL_REPRESENTATION('',(#8350),#8354);
#8350 = LINE('',#8351,#8352);
#8351 = CARTESIAN_POINT('',(0.,0.));
#8352 = VECTOR('',#8353,1.);
#8353 = DIRECTION('',(1.,0.));
#8354 = ( GEOMETRIC_REPRESENTATION_CONTEXT(2) 
PARAMETRIC_REPRESENTATION_CONTEXT() REPRESENTATION_CONTEXT('2D SPACE',''
  ) );
#8355 = ORIENTED_EDGE('',*,*,#8356,.T.);
#8356 = EDGE_CURVE('',#8334,#8357,#8359,.T.);
#8357 = VERTEX_POINT('',#8358);
#8358 = CARTESIAN_POINT('',(-4.32,-7.482459488698,0.));
#8359 = SURFACE_CURVE('',#8360,(#8364,#8371),.PCURVE_S1.);
#8360 = LINE('',#8361,#8362);
#8361 = CARTESIAN_POINT('',(-8.64,1.058094834463E-15,0.));
#8362 = VECTOR('',#8363,1.);
#8363 = DIRECTION('',(0.5,-0.866025403784,0.));
#8364 = PCURVE('',#8164,#8365);
#8365 = DEFINITIONAL_REPRESENTATION('',(#8366),#8370);
#8366 = LINE('',#8367,#8368);
#8367 = CARTESIAN_POINT('',(-8.64,6.469011216392E-16));
#8368 = VECTOR('',#8369,1.);
#8369 = DIRECTION('',(0.5,-0.866025403784));
#8370 = ( GEOMETRIC_REPRESENTATION_CONTEXT(2) 
PARAMETRIC_REPRESENTATION_CONTEXT() REPRESENTATION_CONTEXT('2D SPACE',''
  ) );
#8371 = PCURVE('',#8372,#8377);
#8372 = PLANE('',#8373);
#8373 = AXIS2_PLACEMENT_3D('',#8374,#8375,#8376);
#8374 = CARTESIAN_POINT('',(-8.64,1.058094834463E-15,0.));
#8375 = DIRECTION('',(-0.866025403784,-0.5,0.));
#8376 = DIRECTION('',(0.5,-0.866025403784,0.));
#8377 = DEFINITIONAL_REPRESENTATION('',(#8378),#8382);
#8378 = LINE('',#8379,#8380);
#8379 = CARTESIAN_POINT('',(0.,0.));
#8380 = VECTOR('',#8381,1.);
#8381 = DIRECTION('',(1.,0.));
#8382 = ( GEOMETRIC_REPRESENTATION_CONTEXT(2) 
PARAMETRIC_REPRESENTATION_CONTEXT() REPRESENTATION_CONTEXT('2D SPACE',''
  ) );
#8383 = ORIENTED_EDGE('',*,*,#8384,.T.);
#8384 = EDGE_CURVE('',#8357,#8180,#8385,.T.);
#8385 = SURFACE_CURVE('',#8386,(#8390,#8397),.PCURVE_S1.);
#8386 = LINE('',#8387,#8388);
#8387 = CARTESIAN_POINT('',(-4.32,-7.482459488698,0.));
#8388 = VECTOR('',#8389,1.);
#8389 = DIRECTION('',(1.,-7.195889974422E-16,0.));
#8390 = PCURVE('',#8164,#8391);
#8391 = DEFINITIONAL_REPRESENTATION('',(#8392),#8396);
#8392 = LINE('',#8393,#8394);
#8393 = CARTESIAN_POINT('',(-4.32,-7.482459488698));
#8394 = VECTOR('',#8395,1.);
#8395 = DIRECTION('',(1.,-7.195889974422E-16));
#8396 = ( GEOMETRIC_REPRESENTATION_CONTEXT(2) 
PARAMETRIC_REPRESENTATION_CONTEXT() REPRESENTATION_CONTEXT('2D SPACE',''
  ) );
#8397 = PCURVE('',#8197,#8398);
#8398 = DEFINITIONAL_REPRESENTATION('',(#8399),#8403);
#8399 = LINE('',#8400,#8401);
#8400 = CARTESIAN_POINT('',(0.,0.));
#8401 = VECTOR('',#8402,1.);
#8402 = DIRECTION('',(1.,0.));
#8403 = ( GEOMETRIC_REPRESENTATION_CONTEXT(2) 
PARAMETRIC_REPRESENTATION_CONTEXT() REPRESENTATION_CONTEXT('2D SPACE',''
  ) );
#8404 = ORIENTED_EDGE('',*,*,#8231,.T.);
#8405 = FACE_BOUND('',#8406,.T.);
#8406 = EDGE_LOOP('',(#8407));
#8407 = ORIENTED_EDGE('',*,*,#8408,.T.);
#8408 = EDGE_CURVE('',#8409,#8409,#8411,.T.);
#8409 = VERTEX_POINT('',#8410);
#8410 = CARTESIAN_POINT('',(5.4,0.,0.));
#8411 = SURFACE_CURVE('',#8412,(#8417,#8428),.PCURVE_S1.);
#8412 = CIRCLE('',#8413,5.4);
#8413 = AXIS2_PLACEMENT_3D('',#8414,#8415,#8416);
#8414 = CARTESIAN_POINT('',(0.,0.,0.));
#8415 = DIRECTION('',(0.,0.,-1.));
#8416 = DIRECTION('',(1.,0.,0.));
#8417 = PCURVE('',#8164,#8418);
#8418 = DEFINITIONAL_REPRESENTATION('',(#8419),#8427);
#8419 = ( BOUNDED_CURVE() B_SPLINE_CURVE(2,(#8420,#8421,#8422,#8423,
#8424,#8425,#8426),.UNSPECIFIED.,.T.,.F.) B_SPLINE_CURVE_WITH_KNOTS((1,2
    ,2,2,2,1),(-2.094395102393,0.,2.094395102393,4.188790204786,
6.28318530718,8.377580409573),.UNSPECIFIED.) CURVE() 
GEOMETRIC_REPRESENTATION_ITEM() RATIONAL_B_SPLINE_CURVE((1.,0.5,1.,0.5,
1.,0.5,1.)) REPRESENTATION_ITEM('') );
#8420 = CARTESIAN_POINT('',(5.4,-4.111937128241E-16));
#8421 = CARTESIAN_POINT('',(5.4,-9.353074360872));
#8422 = CARTESIAN_POINT('',(-2.7,-4.676537180436));
#8423 = CARTESIAN_POINT('',(-10.8,-1.733812255903E-15));
#8424 = CARTESIAN_POINT('',(-2.7,4.676537180436));
#8425 = CARTESIAN_POINT('',(5.4,9.353074360872));
#8426 = CARTESIAN_POINT('',(5.4,-4.111937128241E-16));
#8427 = ( GEOMETRIC_REPRESENTATION_CONTEXT(2) 
PARAMETRIC_REPRESENTATION_CONTEXT() REPRESENTATION_CONTEXT('2D SPACE',''
  ) );
#8428 = PCURVE('',#8429,#8434);
#8429 = CYLINDRICAL_SURFACE('',#8430,5.4);
#8430 = AXIS2_PLACEMENT_3D('',#8431,#8432,#8433);
#8431 = CARTESIAN_POINT('',(0.,0.,-17.2800002));
#8432 = DIRECTION('',(-0.,-0.,-1.));
#8433 = DIRECTION('',(1.,0.,0.));
#8434 = DEFINITIONAL_REPRESENTATION('',(#8435),#8439);
#8435 = LINE('',#8436,#8437);
#8436 = CARTESIAN_POINT('',(-6.28318530718,-17.2800002));
#8437 = VECTOR('',#8438,1.);
#8438 = DIRECTION('',(1.,-0.));
#8439 = ( GEOMETRIC_REPRESENTATION_CONTEXT(2) 
PARAMETRIC_REPRESENTATION_CONTEXT() REPRESENTATION_CONTEXT('2D SPACE',''
  ) );
#8440 = ADVANCED_FACE('',(#8441,#8513),#8110,.F.);
#8441 = FACE_BOUND('',#8442,.F.);
#8442 = EDGE_LOOP('',(#8443,#8444,#8445,#8468,#8491,#8512));
#8443 = ORIENTED_EDGE('',*,*,#8094,.T.);
#8444 = ORIENTED_EDGE('',*,*,#8256,.T.);
#8445 = ORIENTED_EDGE('',*,*,#8446,.T.);
#8446 = EDGE_CURVE('',#8257,#8447,#8449,.T.);
#8447 = VERTEX_POINT('',#8448);
#8448 = CARTESIAN_POINT('',(-8.64,1.058094834463E-15,-8.64));
#8449 = SURFACE_CURVE('',#8450,(#8454,#8461),.PCURVE_S1.);
#8450 = LINE('',#8451,#8452);
#8451 = CARTESIAN_POINT('',(-4.32,7.482459488698,-8.64));
#8452 = VECTOR('',#8453,1.);
#8453 = DIRECTION('',(-0.5,-0.866025403784,0.));
#8454 = PCURVE('',#8110,#8455);
#8455 = DEFINITIONAL_REPRESENTATION('',(#8456),#8460);
#8456 = LINE('',#8457,#8458);
#8457 = CARTESIAN_POINT('',(-4.32,7.482459488698));
#8458 = VECTOR('',#8459,1.);
#8459 = DIRECTION('',(-0.5,-0.866025403784));
#8460 = ( GEOMETRIC_REPRESENTATION_CONTEXT(2) 
PARAMETRIC_REPRESENTATION_CONTEXT() REPRESENTATION_CONTEXT('2D SPACE',''
  ) );
#8461 = PCURVE('',#8295,#8462);
#8462 = DEFINITIONAL_REPRESENTATION('',(#8463),#8467);
#8463 = LINE('',#8464,#8465);
#8464 = CARTESIAN_POINT('',(-0.,-8.64));
#8465 = VECTOR('',#8466,1.);
#8466 = DIRECTION('',(1.,0.));
#8467 = ( GEOMETRIC_REPRESENTATION_CONTEXT(2) 
PARAMETRIC_REPRESENTATION_CONTEXT() REPRESENTATION_CONTEXT('2D SPACE',''
  ) );
#8468 = ORIENTED_EDGE('',*,*,#8469,.T.);
#8469 = EDGE_CURVE('',#8447,#8470,#8472,.T.);
#8470 = VERTEX_POINT('',#8471);
#8471 = CARTESIAN_POINT('',(-4.32,-7.482459488698,-8.64));
#8472 = SURFACE_CURVE('',#8473,(#8477,#8484),.PCURVE_S1.);
#8473 = LINE('',#8474,#8475);
#8474 = CARTESIAN_POINT('',(-8.64,1.058094834463E-15,-8.64));
#8475 = VECTOR('',#8476,1.);
#8476 = DIRECTION('',(0.5,-0.866025403784,0.));
#8477 = PCURVE('',#8110,#8478);
#8478 = DEFINITIONAL_REPRESENTATION('',(#8479),#8483);
#8479 = LINE('',#8480,#8481);
#8480 = CARTESIAN_POINT('',(-8.64,6.469011216392E-16));
#8481 = VECTOR('',#8482,1.);
#8482 = DIRECTION('',(0.5,-0.866025403784));
#8483 = ( GEOMETRIC_REPRESENTATION_CONTEXT(2) 
PARAMETRIC_REPRESENTATION_CONTEXT() REPRESENTATION_CONTEXT('2D SPACE',''
  ) );
#8484 = PCURVE('',#8372,#8485);
#8485 = DEFINITIONAL_REPRESENTATION('',(#8486),#8490);
#8486 = LINE('',#8487,#8488);
#8487 = CARTESIAN_POINT('',(0.,-8.64));
#8488 = VECTOR('',#8489,1.);
#8489 = DIRECTION('',(1.,0.));
#8490 = ( GEOMETRIC_REPRESENTATION_CONTEXT(2) 
PARAMETRIC_REPRESENTATION_CONTEXT() REPRESENTATION_CONTEXT('2D SPACE',''
  ) );
#8491 = ORIENTED_EDGE('',*,*,#8492,.T.);
#8492 = EDGE_CURVE('',#8470,#8182,#8493,.T.);
#8493 = SURFACE_CURVE('',#8494,(#8498,#8505),.PCURVE_S1.);
#8494 = LINE('',#8495,#8496);
#8495 = CARTESIAN_POINT('',(-4.32,-7.482459488698,-8.64));
#8496 = VECTOR('',#8497,1.);
#8497 = DIRECTION('',(1.,-7.195889974422E-16,0.));
#8498 = PCURVE('',#8110,#8499);
#8499 = DEFINITIONAL_REPRESENTATION('',(#8500),#8504);
#8500 = LINE('',#8501,#8502);
#8501 = CARTESIAN_POINT('',(-4.32,-7.482459488698));
#8502 = VECTOR('',#8503,1.);
#8503 = DIRECTION('',(1.,-7.195889974422E-16));
#8504 = ( GEOMETRIC_REPRESENTATION_CONTEXT(2) 
PARAMETRIC_REPRESENTATION_CONTEXT() REPRESENTATION_CONTEXT('2D SPACE',''
  ) );
#8505 = PCURVE('',#8197,#8506);
#8506 = DEFINITIONAL_REPRESENTATION('',(#8507),#8511);
#8507 = LINE('',#8508,#8509);
#8508 = CARTESIAN_POINT('',(0.,-8.64));
#8509 = VECTOR('',#8510,1.);
#8510 = DIRECTION('',(1.,0.));
#8511 = ( GEOMETRIC_REPRESENTATION_CONTEXT(2) 
PARAMETRIC_REPRESENTATION_CONTEXT() REPRESENTATION_CONTEXT('2D SPACE',''
  ) );
#8512 = ORIENTED_EDGE('',*,*,#8209,.T.);
#8513 = FACE_BOUND('',#8514,.F.);
#8514 = EDGE_LOOP('',(#8515));
#8515 = ORIENTED_EDGE('',*,*,#8516,.F.);
#8516 = EDGE_CURVE('',#8517,#8517,#8519,.T.);
#8517 = VERTEX_POINT('',#8518);
#8518 = CARTESIAN_POINT('',(5.4,0.,-8.64));
#8519 = SURFACE_CURVE('',#8520,(#8525,#8532),.PCURVE_S1.);
#8520 = CIRCLE('',#8521,5.4);
#8521 = AXIS2_PLACEMENT_3D('',#8522,#8523,#8524);
#8522 = CARTESIAN_POINT('',(2.815412774984E-16,0.,-8.64));
#8523 = DIRECTION('',(0.,0.,1.));
#8524 = DIRECTION('',(1.,0.,0.));
#8525 = PCURVE('',#8110,#8526);
#8526 = DEFINITIONAL_REPRESENTATION('',(#8527),#8531);
#8527 = CIRCLE('',#8528,5.4);
#8528 = AXIS2_PLACEMENT_2D('',#8529,#8530);
#8529 = CARTESIAN_POINT('',(2.815412774984E-16,-4.111937128241E-16));
#8530 = DIRECTION('',(1.,0.));
#8531 = ( GEOMETRIC_REPRESENTATION_CONTEXT(2) 
PARAMETRIC_REPRESENTATION_CONTEXT() REPRESENTATION_CONTEXT('2D SPACE',''
  ) );
#8532 = PCURVE('',#8429,#8533);
#8533 = DEFINITIONAL_REPRESENTATION('',(#8534),#8538);
#8534 = LINE('',#8535,#8536);
#8535 = CARTESIAN_POINT('',(-6.28318530718,-8.6400002));
#8536 = VECTOR('',#8537,1.);
#8537 = DIRECTION('',(-1.,-0.));
#8538 = ( GEOMETRIC_REPRESENTATION_CONTEXT(2) 
PARAMETRIC_REPRESENTATION_CONTEXT() REPRESENTATION_CONTEXT('2D SPACE',''
  ) );
#8539 = ADVANCED_FACE('',(#8540),#8197,.T.);
#8540 = FACE_BOUND('',#8541,.T.);
#8541 = EDGE_LOOP('',(#8542,#8563,#8564,#8565));
#8542 = ORIENTED_EDGE('',*,*,#8543,.T.);
#8543 = EDGE_CURVE('',#8357,#8470,#8544,.T.);
#8544 = SURFACE_CURVE('',#8545,(#8549,#8556),.PCURVE_S1.);
#8545 = LINE('',#8546,#8547);
#8546 = CARTESIAN_POINT('',(-4.32,-7.482459488698,0.));
#8547 = VECTOR('',#8548,1.);
#8548 = DIRECTION('',(-0.,-0.,-1.));
#8549 = PCURVE('',#8197,#8550);
#8550 = DEFINITIONAL_REPRESENTATION('',(#8551),#8555);
#8551 = LINE('',#8552,#8553);
#8552 = CARTESIAN_POINT('',(0.,0.));
#8553 = VECTOR('',#8554,1.);
#8554 = DIRECTION('',(0.,-1.));
#8555 = ( GEOMETRIC_REPRESENTATION_CONTEXT(2) 
PARAMETRIC_REPRESENTATION_CONTEXT() REPRESENTATION_CONTEXT('2D SPACE',''
  ) );
#8556 = PCURVE('',#8372,#8557);
#8557 = DEFINITIONAL_REPRESENTATION('',(#8558),#8562);
#8558 = LINE('',#8559,#8560);
#8559 = CARTESIAN_POINT('',(8.64,0.));
#8560 = VECTOR('',#8561,1.);
#8561 = DIRECTION('',(0.,-1.));
#8562 = ( GEOMETRIC_REPRESENTATION_CONTEXT(2) 
PARAMETRIC_REPRESENTATION_CONTEXT() REPRESENTATION_CONTEXT('2D SPACE',''
  ) );
#8563 = ORIENTED_EDGE('',*,*,#8492,.T.);
#8564 = ORIENTED_EDGE('',*,*,#8179,.F.);
#8565 = ORIENTED_EDGE('',*,*,#8384,.F.);
#8566 = ADVANCED_FACE('',(#8567),#8295,.T.);
#8567 = FACE_BOUND('',#8568,.T.);
#8568 = EDGE_LOOP('',(#8569,#8570,#8571,#8592));
#8569 = ORIENTED_EDGE('',*,*,#8279,.T.);
#8570 = ORIENTED_EDGE('',*,*,#8446,.T.);
#8571 = ORIENTED_EDGE('',*,*,#8572,.F.);
#8572 = EDGE_CURVE('',#8334,#8447,#8573,.T.);
#8573 = SURFACE_CURVE('',#8574,(#8578,#8585),.PCURVE_S1.);
#8574 = LINE('',#8575,#8576);
#8575 = CARTESIAN_POINT('',(-8.64,1.058094834463E-15,0.));
#8576 = VECTOR('',#8577,1.);
#8577 = DIRECTION('',(-0.,-0.,-1.));
#8578 = PCURVE('',#8295,#8579);
#8579 = DEFINITIONAL_REPRESENTATION('',(#8580),#8584);
#8580 = LINE('',#8581,#8582);
#8581 = CARTESIAN_POINT('',(8.64,0.));
#8582 = VECTOR('',#8583,1.);
#8583 = DIRECTION('',(0.,-1.));
#8584 = ( GEOMETRIC_REPRESENTATION_CONTEXT(2) 
PARAMETRIC_REPRESENTATION_CONTEXT() REPRESENTATION_CONTEXT('2D SPACE',''
  ) );
#8585 = PCURVE('',#8372,#8586);
#8586 = DEFINITIONAL_REPRESENTATION('',(#8587),#8591);
#8587 = LINE('',#8588,#8589);
#8588 = CARTESIAN_POINT('',(0.,0.));
#8589 = VECTOR('',#8590,1.);
#8590 = DIRECTION('',(0.,-1.));
#8591 = ( GEOMETRIC_REPRESENTATION_CONTEXT(2) 
PARAMETRIC_REPRESENTATION_CONTEXT() REPRESENTATION_CONTEXT('2D SPACE',''
  ) );
#8592 = ORIENTED_EDGE('',*,*,#8333,.F.);
#8593 = ADVANCED_FACE('',(#8594),#8372,.T.);
#8594 = FACE_BOUND('',#8595,.T.);
#8595 = EDGE_LOOP('',(#8596,#8597,#8598,#8599));
#8596 = ORIENTED_EDGE('',*,*,#8572,.T.);
#8597 = ORIENTED_EDGE('',*,*,#8469,.T.);
#8598 = ORIENTED_EDGE('',*,*,#8543,.F.);
#8599 = ORIENTED_EDGE('',*,*,#8356,.F.);
#8600 = ADVANCED_FACE('',(#8601),#8429,.F.);
#8601 = FACE_BOUND('',#8602,.T.);
#8602 = EDGE_LOOP('',(#8603,#8604,#8625,#8626));
#8603 = ORIENTED_EDGE('',*,*,#8516,.F.);
#8604 = ORIENTED_EDGE('',*,*,#8605,.T.);
#8605 = EDGE_CURVE('',#8517,#8409,#8606,.T.);
#8606 = SEAM_CURVE('',#8607,(#8611,#8618),.PCURVE_S1.);
#8607 = LINE('',#8608,#8609);
#8608 = CARTESIAN_POINT('',(5.4,0.,-17.2800002));
#8609 = VECTOR('',#8610,1.);
#8610 = DIRECTION('',(0.,0.,1.));
#8611 = PCURVE('',#8429,#8612);
#8612 = DEFINITIONAL_REPRESENTATION('',(#8613),#8617);
#8613 = LINE('',#8614,#8615);
#8614 = CARTESIAN_POINT('',(-0.,0.));
#8615 = VECTOR('',#8616,1.);
#8616 = DIRECTION('',(-0.,-1.));
#8617 = ( GEOMETRIC_REPRESENTATION_CONTEXT(2) 
PARAMETRIC_REPRESENTATION_CONTEXT() REPRESENTATION_CONTEXT('2D SPACE',''
  ) );
#8618 = PCURVE('',#8429,#8619);
#8619 = DEFINITIONAL_REPRESENTATION('',(#8620),#8624);
#8620 = LINE('',#8621,#8622);
#8621 = CARTESIAN_POINT('',(-6.28318530718,0.));
#8622 = VECTOR('',#8623,1.);
#8623 = DIRECTION('',(-0.,-1.));
#8624 = ( GEOMETRIC_REPRESENTATION_CONTEXT(2) 
PARAMETRIC_REPRESENTATION_CONTEXT() REPRESENTATION_CONTEXT('2D SPACE',''
  ) );
#8625 = ORIENTED_EDGE('',*,*,#8408,.F.);
#8626 = ORIENTED_EDGE('',*,*,#8605,.F.);
#8627 = ( GEOMETRIC_REPRESENTATION_CONTEXT(3) 
GLOBAL_UNCERTAINTY_ASSIGNED_CONTEXT((#8631)) 
GLOBAL_UNIT_ASSIGNED_CONTEXT((#8628,#8629,#8630)) REPRESENTATION_CONTEXT
('Context #1','3D Context with UNIT and UNCERTAINTY') );
#8628 = ( LENGTH_UNIT() NAMED_UNIT(*) SI_UNIT(.MILLI.,.METRE.) );
#8629 = ( NAMED_UNIT(*) PLANE_ANGLE_UNIT() SI_UNIT($,.RADIAN.) );
#8630 = ( NAMED_UNIT(*) SI_UNIT($,.STERADIAN.) SOLID_ANGLE_UNIT() );
#8631 = UNCERTAINTY_MEASURE_WITH_UNIT(LENGTH_MEASURE(1.E-07),#8628,
  'distance_accuracy_value','confusion accuracy');
#8632 = SHAPE_DEFINITION_REPRESENTATION(#8633,#8052);
#8633 = PRODUCT_DEFINITION_SHAPE('','',#8634);
#8634 = PRODUCT_DEFINITION('design','',#8635,#8638);
#8635 = PRODUCT_DEFINITION_FORMATION('','',#8636);
#8636 = PRODUCT('auto_nut_4_part','auto_nut_4_part','',(#8637));
#8637 = PRODUCT_CONTEXT('',#2,'mechanical');
#8638 = PRODUCT_DEFINITION_CONTEXT('part definition',#2,'design');
#8639 = CONTEXT_DEPENDENT_SHAPE_REPRESENTATION(#8640,#8642);
#8640 = ( REPRESENTATION_RELATIONSHIP('','',#8052,#8042) 
REPRESENTATION_RELATIONSHIP_WITH_TRANSFORMATION(#8641) 
SHAPE_REPRESENTATION_RELATIONSHIP() );
#8641 = ITEM_DEFINED_TRANSFORMATION('','',#11,#8043);
#8642 = PRODUCT_DEFINITION_SHAPE('Placement','Placement of an item',
  #8643);
#8643 = NEXT_ASSEMBLY_USAGE_OCCURRENCE('24','','',#8037,#8634,$);
#8644 = PRODUCT_RELATED_PRODUCT_CATEGORY('part',$,(#8636));
#8645 = CONTEXT_DEPENDENT_SHAPE_REPRESENTATION(#8646,#8648);
#8646 = ( REPRESENTATION_RELATIONSHIP('','',#8042,#32) 
REPRESENTATION_RELATIONSHIP_WITH_TRANSFORMATION(#8647) 
SHAPE_REPRESENTATION_RELATIONSHIP() );
#8647 = ITEM_DEFINED_TRANSFORMATION('','',#11,#81);
#8648 = PRODUCT_DEFINITION_SHAPE('Placement','Placement of an item',
  #8649);
#8649 = NEXT_ASSEMBLY_USAGE_OCCURRENCE('25','','',#27,#8037,$);
#8650 = PRODUCT_RELATED_PRODUCT_CATEGORY('part',$,(#8039));
#8651 = SHAPE_DEFINITION_REPRESENTATION(#8652,#8658);
#8652 = PRODUCT_DEFINITION_SHAPE('','',#8653);
#8653 = PRODUCT_DEFINITION('design','',#8654,#8657);
#8654 = PRODUCT_DEFINITION_FORMATION('','',#8655);
#8655 = PRODUCT('auto_bolt_5','auto_bolt_5','',(#8656));
#8656 = PRODUCT_CONTEXT('',#2,'mechanical');
#8657 = PRODUCT_DEFINITION_CONTEXT('part definition',#2,'design');
#8658 = SHAPE_REPRESENTATION('',(#11,#8659),#8663);
#8659 = AXIS2_PLACEMENT_3D('',#8660,#8661,#8662);
#8660 = CARTESIAN_POINT('',(0.,0.,0.));
#8661 = DIRECTION('',(0.,0.,1.));
#8662 = DIRECTION('',(1.,0.,-0.));
#8663 = ( GEOMETRIC_REPRESENTATION_CONTEXT(3) 
GLOBAL_UNCERTAINTY_ASSIGNED_CONTEXT((#8667)) 
GLOBAL_UNIT_ASSIGNED_CONTEXT((#8664,#8665,#8666)) REPRESENTATION_CONTEXT
('Context #1','3D Context with UNIT and UNCERTAINTY') );
#8664 = ( LENGTH_UNIT() NAMED_UNIT(*) SI_UNIT(.MILLI.,.METRE.) );
#8665 = ( NAMED_UNIT(*) PLANE_ANGLE_UNIT() SI_UNIT($,.RADIAN.) );
#8666 = ( NAMED_UNIT(*) SI_UNIT($,.STERADIAN.) SOLID_ANGLE_UNIT() );
#8667 = UNCERTAINTY_MEASURE_WITH_UNIT(LENGTH_MEASURE(1.E-07),#8664,
  'distance_accuracy_value','confusion accuracy');
#8668 = ADVANCED_BREP_SHAPE_REPRESENTATION('',(#11,#8669),#9245);
#8669 = MANIFOLD_SOLID_BREP('',#8670);
#8670 = CLOSED_SHELL('',(#8671,#8791,#8867,#8943,#9052,#9125,#9152,#9179
    ,#9186,#9241));
#8671 = ADVANCED_FACE('',(#8672),#8686,.T.);
#8672 = FACE_BOUND('',#8673,.T.);
#8673 = EDGE_LOOP('',(#8674,#8709,#8737,#8765));
#8674 = ORIENTED_EDGE('',*,*,#8675,.T.);
#8675 = EDGE_CURVE('',#8676,#8678,#8680,.T.);
#8676 = VERTEX_POINT('',#8677);
#8677 = CARTESIAN_POINT('',(9.72,0.,0.));
#8678 = VERTEX_POINT('',#8679);
#8679 = CARTESIAN_POINT('',(9.72,0.,-6.48));
#8680 = SURFACE_CURVE('',#8681,(#8685,#8697),.PCURVE_S1.);
#8681 = LINE('',#8682,#8683);
#8682 = CARTESIAN_POINT('',(9.72,0.,0.));
#8683 = VECTOR('',#8684,1.);
#8684 = DIRECTION('',(-0.,-0.,-1.));
#8685 = PCURVE('',#8686,#8691);
#8686 = PLANE('',#8687);
#8687 = AXIS2_PLACEMENT_3D('',#8688,#8689,#8690);
#8688 = CARTESIAN_POINT('',(9.72,0.,0.));
#8689 = DIRECTION('',(0.866025403784,0.5,-0.));
#8690 = DIRECTION('',(-0.5,0.866025403784,0.));
#8691 = DEFINITIONAL_REPRESENTATION('',(#8692),#8696);
#8692 = LINE('',#8693,#8694);
#8693 = CARTESIAN_POINT('',(0.,0.));
#8694 = VECTOR('',#8695,1.);
#8695 = DIRECTION('',(0.,-1.));
#8696 = ( GEOMETRIC_REPRESENTATION_CONTEXT(2) 
PARAMETRIC_REPRESENTATION_CONTEXT() REPRESENTATION_CONTEXT('2D SPACE',''
  ) );
#8697 = PCURVE('',#8698,#8703);
#8698 = PLANE('',#8699);
#8699 = AXIS2_PLACEMENT_3D('',#8700,#8701,#8702);
#8700 = CARTESIAN_POINT('',(4.86,-8.417766924785,0.));
#8701 = DIRECTION('',(0.866025403784,-0.5,0.));
#8702 = DIRECTION('',(0.5,0.866025403784,0.));
#8703 = DEFINITIONAL_REPRESENTATION('',(#8704),#8708);
#8704 = LINE('',#8705,#8706);
#8705 = CARTESIAN_POINT('',(9.72,0.));
#8706 = VECTOR('',#8707,1.);
#8707 = DIRECTION('',(0.,-1.));
#8708 = ( GEOMETRIC_REPRESENTATION_CONTEXT(2) 
PARAMETRIC_REPRESENTATION_CONTEXT() REPRESENTATION_CONTEXT('2D SPACE',''
  ) );
#8709 = ORIENTED_EDGE('',*,*,#8710,.T.);
#8710 = EDGE_CURVE('',#8678,#8711,#8713,.T.);
#8711 = VERTEX_POINT('',#8712);
#8712 = CARTESIAN_POINT('',(4.86,8.417766924785,-6.48));
#8713 = SURFACE_CURVE('',#8714,(#8718,#8725),.PCURVE_S1.);
#8714 = LINE('',#8715,#8716);
#8715 = CARTESIAN_POINT('',(9.72,0.,-6.48));
#8716 = VECTOR('',#8717,1.);
#8717 = DIRECTION('',(-0.5,0.866025403784,0.));
#8718 = PCURVE('',#8686,#8719);
#8719 = DEFINITIONAL_REPRESENTATION('',(#8720),#8724);
#8720 = LINE('',#8721,#8722);
#8721 = CARTESIAN_POINT('',(0.,-6.48));
#8722 = VECTOR('',#8723,1.);
#8723 = DIRECTION('',(1.,0.));
#8724 = ( GEOMETRIC_REPRESENTATION_CONTEXT(2) 
PARAMETRIC_REPRESENTATION_CONTEXT() REPRESENTATION_CONTEXT('2D SPACE',''
  ) );
#8725 = PCURVE('',#8726,#8731);
#8726 = PLANE('',#8727);
#8727 = AXIS2_PLACEMENT_3D('',#8728,#8729,#8730);
#8728 = CARTESIAN_POINT('',(-1.218351741701E-16,-6.091758708506E-16,
    -6.48));
#8729 = DIRECTION('',(0.,0.,1.));
#8730 = DIRECTION('',(1.,0.,-0.));
#8731 = DEFINITIONAL_REPRESENTATION('',(#8732),#8736);
#8732 = LINE('',#8733,#8734);
#8733 = CARTESIAN_POINT('',(9.72,6.091758708506E-16));
#8734 = VECTOR('',#8735,1.);
#8735 = DIRECTION('',(-0.5,0.866025403784));
#8736 = ( GEOMETRIC_REPRESENTATION_CONTEXT(2) 
PARAMETRIC_REPRESENTATION_CONTEXT() REPRESENTATION_CONTEXT('2D SPACE',''
  ) );
#8737 = ORIENTED_EDGE('',*,*,#8738,.F.);
#8738 = EDGE_CURVE('',#8739,#8711,#8741,.T.);
#8739 = VERTEX_POINT('',#8740);
#8740 = CARTESIAN_POINT('',(4.86,8.417766924785,0.));
#8741 = SURFACE_CURVE('',#8742,(#8746,#8753),.PCURVE_S1.);
#8742 = LINE('',#8743,#8744);
#8743 = CARTESIAN_POINT('',(4.86,8.417766924785,0.));
#8744 = VECTOR('',#8745,1.);
#8745 = DIRECTION('',(-0.,-0.,-1.));
#8746 = PCURVE('',#8686,#8747);
#8747 = DEFINITIONAL_REPRESENTATION('',(#8748),#8752);
#8748 = LINE('',#8749,#8750);
#8749 = CARTESIAN_POINT('',(9.72,0.));
#8750 = VECTOR('',#8751,1.);
#8751 = DIRECTION('',(0.,-1.));
#8752 = ( GEOMETRIC_REPRESENTATION_CONTEXT(2) 
PARAMETRIC_REPRESENTATION_CONTEXT() REPRESENTATION_CONTEXT('2D SPACE',''
  ) );
#8753 = PCURVE('',#8754,#8759);
#8754 = PLANE('',#8755);
#8755 = AXIS2_PLACEMENT_3D('',#8756,#8757,#8758);
#8756 = CARTESIAN_POINT('',(4.86,8.417766924785,0.));
#8757 = DIRECTION('',(1.827527612552E-16,1.,-0.));
#8758 = DIRECTION('',(-1.,1.827527612552E-16,0.));
#8759 = DEFINITIONAL_REPRESENTATION('',(#8760),#8764);
#8760 = LINE('',#8761,#8762);
#8761 = CARTESIAN_POINT('',(0.,0.));
#8762 = VECTOR('',#8763,1.);
#8763 = DIRECTION('',(0.,-1.));
#8764 = ( GEOMETRIC_REPRESENTATION_CONTEXT(2) 
PARAMETRIC_REPRESENTATION_CONTEXT() REPRESENTATION_CONTEXT('2D SPACE',''
  ) );
#8765 = ORIENTED_EDGE('',*,*,#8766,.F.);
#8766 = EDGE_CURVE('',#8676,#8739,#8767,.T.);
#8767 = SURFACE_CURVE('',#8768,(#8772,#8779),.PCURVE_S1.);
#8768 = LINE('',#8769,#8770);
#8769 = CARTESIAN_POINT('',(9.72,0.,0.));
#8770 = VECTOR('',#8771,1.);
#8771 = DIRECTION('',(-0.5,0.866025403784,0.));
#8772 = PCURVE('',#8686,#8773);
#8773 = DEFINITIONAL_REPRESENTATION('',(#8774),#8778);
#8774 = LINE('',#8775,#8776);
#8775 = CARTESIAN_POINT('',(0.,0.));
#8776 = VECTOR('',#8777,1.);
#8777 = DIRECTION('',(1.,0.));
#8778 = ( GEOMETRIC_REPRESENTATION_CONTEXT(2) 
PARAMETRIC_REPRESENTATION_CONTEXT() REPRESENTATION_CONTEXT('2D SPACE',''
  ) );
#8779 = PCURVE('',#8780,#8785);
#8780 = PLANE('',#8781);
#8781 = AXIS2_PLACEMENT_3D('',#8782,#8783,#8784);
#8782 = CARTESIAN_POINT('',(-1.218351741701E-16,-6.091758708506E-16,0.)
  );
#8783 = DIRECTION('',(0.,0.,1.));
#8784 = DIRECTION('',(1.,0.,-0.));
#8785 = DEFINITIONAL_REPRESENTATION('',(#8786),#8790);
#8786 = LINE('',#8787,#8788);
#8787 = CARTESIAN_POINT('',(9.72,6.091758708506E-16));
#8788 = VECTOR('',#8789,1.);
#8789 = DIRECTION('',(-0.5,0.866025403784));
#8790 = ( GEOMETRIC_REPRESENTATION_CONTEXT(2) 
PARAMETRIC_REPRESENTATION_CONTEXT() REPRESENTATION_CONTEXT('2D SPACE',''
  ) );
#8791 = ADVANCED_FACE('',(#8792),#8698,.T.);
#8792 = FACE_BOUND('',#8793,.T.);
#8793 = EDGE_LOOP('',(#8794,#8824,#8845,#8846));
#8794 = ORIENTED_EDGE('',*,*,#8795,.T.);
#8795 = EDGE_CURVE('',#8796,#8798,#8800,.T.);
#8796 = VERTEX_POINT('',#8797);
#8797 = CARTESIAN_POINT('',(4.86,-8.417766924785,0.));
#8798 = VERTEX_POINT('',#8799);
#8799 = CARTESIAN_POINT('',(4.86,-8.417766924785,-6.48));
#8800 = SURFACE_CURVE('',#8801,(#8805,#8812),.PCURVE_S1.);
#8801 = LINE('',#8802,#8803);
#8802 = CARTESIAN_POINT('',(4.86,-8.417766924785,0.));
#8803 = VECTOR('',#8804,1.);
#8804 = DIRECTION('',(-0.,-0.,-1.));
#8805 = PCURVE('',#8698,#8806);
#8806 = DEFINITIONAL_REPRESENTATION('',(#8807),#8811);
#8807 = LINE('',#8808,#8809);
#8808 = CARTESIAN_POINT('',(0.,0.));
#8809 = VECTOR('',#8810,1.);
#8810 = DIRECTION('',(0.,-1.));
#8811 = ( GEOMETRIC_REPRESENTATION_CONTEXT(2) 
PARAMETRIC_REPRESENTATION_CONTEXT() REPRESENTATION_CONTEXT('2D SPACE',''
  ) );
#8812 = PCURVE('',#8813,#8818);
#8813 = PLANE('',#8814);
#8814 = AXIS2_PLACEMENT_3D('',#8815,#8816,#8817);
#8815 = CARTESIAN_POINT('',(-4.86,-8.417766924785,0.));
#8816 = DIRECTION('',(-7.310110450207E-16,-1.,0.));
#8817 = DIRECTION('',(1.,-7.310110450207E-16,0.));
#8818 = DEFINITIONAL_REPRESENTATION('',(#8819),#8823);
#8819 = LINE('',#8820,#8821);
#8820 = CARTESIAN_POINT('',(9.72,0.));
#8821 = VECTOR('',#8822,1.);
#8822 = DIRECTION('',(0.,-1.));
#8823 = ( GEOMETRIC_REPRESENTATION_CONTEXT(2) 
PARAMETRIC_REPRESENTATION_CONTEXT() REPRESENTATION_CONTEXT('2D SPACE',''
  ) );
#8824 = ORIENTED_EDGE('',*,*,#8825,.T.);
#8825 = EDGE_CURVE('',#8798,#8678,#8826,.T.);
#8826 = SURFACE_CURVE('',#8827,(#8831,#8838),.PCURVE_S1.);
#8827 = LINE('',#8828,#8829);
#8828 = CARTESIAN_POINT('',(4.86,-8.417766924785,-6.48));
#8829 = VECTOR('',#8830,1.);
#8830 = DIRECTION('',(0.5,0.866025403784,0.));
#8831 = PCURVE('',#8698,#8832);
#8832 = DEFINITIONAL_REPRESENTATION('',(#8833),#8837);
#8833 = LINE('',#8834,#8835);
#8834 = CARTESIAN_POINT('',(0.,-6.48));
#8835 = VECTOR('',#8836,1.);
#8836 = DIRECTION('',(1.,0.));
#8837 = ( GEOMETRIC_REPRESENTATION_CONTEXT(2) 
PARAMETRIC_REPRESENTATION_CONTEXT() REPRESENTATION_CONTEXT('2D SPACE',''
  ) );
#8838 = PCURVE('',#8726,#8839);
#8839 = DEFINITIONAL_REPRESENTATION('',(#8840),#8844);
#8840 = LINE('',#8841,#8842);
#8841 = CARTESIAN_POINT('',(4.86,-8.417766924785));
#8842 = VECTOR('',#8843,1.);
#8843 = DIRECTION('',(0.5,0.866025403784));
#8844 = ( GEOMETRIC_REPRESENTATION_CONTEXT(2) 
PARAMETRIC_REPRESENTATION_CONTEXT() REPRESENTATION_CONTEXT('2D SPACE',''
  ) );
#8845 = ORIENTED_EDGE('',*,*,#8675,.F.);
#8846 = ORIENTED_EDGE('',*,*,#8847,.F.);
#8847 = EDGE_CURVE('',#8796,#8676,#8848,.T.);
#8848 = SURFACE_CURVE('',#8849,(#8853,#8860),.PCURVE_S1.);
#8849 = LINE('',#8850,#8851);
#8850 = CARTESIAN_POINT('',(4.86,-8.417766924785,0.));
#8851 = VECTOR('',#8852,1.);
#8852 = DIRECTION('',(0.5,0.866025403784,0.));
#8853 = PCURVE('',#8698,#8854);
#8854 = DEFINITIONAL_REPRESENTATION('',(#8855),#8859);
#8855 = LINE('',#8856,#8857);
#8856 = CARTESIAN_POINT('',(0.,0.));
#8857 = VECTOR('',#8858,1.);
#8858 = DIRECTION('',(1.,0.));
#8859 = ( GEOMETRIC_REPRESENTATION_CONTEXT(2) 
PARAMETRIC_REPRESENTATION_CONTEXT() REPRESENTATION_CONTEXT('2D SPACE',''
  ) );
#8860 = PCURVE('',#8780,#8861);
#8861 = DEFINITIONAL_REPRESENTATION('',(#8862),#8866);
#8862 = LINE('',#8863,#8864);
#8863 = CARTESIAN_POINT('',(4.86,-8.417766924785));
#8864 = VECTOR('',#8865,1.);
#8865 = DIRECTION('',(0.5,0.866025403784));
#8866 = ( GEOMETRIC_REPRESENTATION_CONTEXT(2) 
PARAMETRIC_REPRESENTATION_CONTEXT() REPRESENTATION_CONTEXT('2D SPACE',''
  ) );
#8867 = ADVANCED_FACE('',(#8868),#8754,.T.);
#8868 = FACE_BOUND('',#8869,.T.);
#8869 = EDGE_LOOP('',(#8870,#8871,#8894,#8922));
#8870 = ORIENTED_EDGE('',*,*,#8738,.T.);
#8871 = ORIENTED_EDGE('',*,*,#8872,.T.);
#8872 = EDGE_CURVE('',#8711,#8873,#8875,.T.);
#8873 = VERTEX_POINT('',#8874);
#8874 = CARTESIAN_POINT('',(-4.86,8.417766924785,-6.48));
#8875 = SURFACE_CURVE('',#8876,(#8880,#8887),.PCURVE_S1.);
#8876 = LINE('',#8877,#8878);
#8877 = CARTESIAN_POINT('',(4.86,8.417766924785,-6.48));
#8878 = VECTOR('',#8879,1.);
#8879 = DIRECTION('',(-1.,1.827527612552E-16,0.));
#8880 = PCURVE('',#8754,#8881);
#8881 = DEFINITIONAL_REPRESENTATION('',(#8882),#8886);
#8882 = LINE('',#8883,#8884);
#8883 = CARTESIAN_POINT('',(0.,-6.48));
#8884 = VECTOR('',#8885,1.);
#8885 = DIRECTION('',(1.,0.));
#8886 = ( GEOMETRIC_REPRESENTATION_CONTEXT(2) 
PARAMETRIC_REPRESENTATION_CONTEXT() REPRESENTATION_CONTEXT('2D SPACE',''
  ) );
#8887 = PCURVE('',#8726,#8888);
#8888 = DEFINITIONAL_REPRESENTATION('',(#8889),#8893);
#8889 = LINE('',#8890,#8891);
#8890 = CARTESIAN_POINT('',(4.86,8.417766924785));
#8891 = VECTOR('',#8892,1.);
#8892 = DIRECTION('',(-1.,1.827527612552E-16));
#8893 = ( GEOMETRIC_REPRESENTATION_CONTEXT(2) 
PARAMETRIC_REPRESENTATION_CONTEXT() REPRESENTATION_CONTEXT('2D SPACE',''
  ) );
#8894 = ORIENTED_EDGE('',*,*,#8895,.F.);
#8895 = EDGE_CURVE('',#8896,#8873,#8898,.T.);
#8896 = VERTEX_POINT('',#8897);
#8897 = CARTESIAN_POINT('',(-4.86,8.417766924785,0.));
#8898 = SURFACE_CURVE('',#8899,(#8903,#8910),.PCURVE_S1.);
#8899 = LINE('',#8900,#8901);
#8900 = CARTESIAN_POINT('',(-4.86,8.417766924785,0.));
#8901 = VECTOR('',#8902,1.);
#8902 = DIRECTION('',(-0.,-0.,-1.));
#8903 = PCURVE('',#8754,#8904);
#8904 = DEFINITIONAL_REPRESENTATION('',(#8905),#8909);
#8905 = LINE('',#8906,#8907);
#8906 = CARTESIAN_POINT('',(9.72,0.));
#8907 = VECTOR('',#8908,1.);
#8908 = DIRECTION('',(0.,-1.));
#8909 = ( GEOMETRIC_REPRESENTATION_CONTEXT(2) 
PARAMETRIC_REPRESENTATION_CONTEXT() REPRESENTATION_CONTEXT('2D SPACE',''
  ) );
#8910 = PCURVE('',#8911,#8916);
#8911 = PLANE('',#8912);
#8912 = AXIS2_PLACEMENT_3D('',#8913,#8914,#8915);
#8913 = CARTESIAN_POINT('',(-4.86,8.417766924785,0.));
#8914 = DIRECTION('',(-0.866025403784,0.5,0.));
#8915 = DIRECTION('',(-0.5,-0.866025403784,0.));
#8916 = DEFINITIONAL_REPRESENTATION('',(#8917),#8921);
#8917 = LINE('',#8918,#8919);
#8918 = CARTESIAN_POINT('',(0.,0.));
#8919 = VECTOR('',#8920,1.);
#8920 = DIRECTION('',(0.,-1.));
#8921 = ( GEOMETRIC_REPRESENTATION_CONTEXT(2) 
PARAMETRIC_REPRESENTATION_CONTEXT() REPRESENTATION_CONTEXT('2D SPACE',''
  ) );
#8922 = ORIENTED_EDGE('',*,*,#8923,.F.);
#8923 = EDGE_CURVE('',#8739,#8896,#8924,.T.);
#8924 = SURFACE_CURVE('',#8925,(#8929,#8936),.PCURVE_S1.);
#8925 = LINE('',#8926,#8927);
#8926 = CARTESIAN_POINT('',(4.86,8.417766924785,0.));
#8927 = VECTOR('',#8928,1.);
#8928 = DIRECTION('',(-1.,1.827527612552E-16,0.));
#8929 = PCURVE('',#8754,#8930);
#8930 = DEFINITIONAL_REPRESENTATION('',(#8931),#8935);
#8931 = LINE('',#8932,#8933);
#8932 = CARTESIAN_POINT('',(0.,0.));
#8933 = VECTOR('',#8934,1.);
#8934 = DIRECTION('',(1.,0.));
#8935 = ( GEOMETRIC_REPRESENTATION_CONTEXT(2) 
PARAMETRIC_REPRESENTATION_CONTEXT() REPRESENTATION_CONTEXT('2D SPACE',''
  ) );
#8936 = PCURVE('',#8780,#8937);
#8937 = DEFINITIONAL_REPRESENTATION('',(#8938),#8942);
#8938 = LINE('',#8939,#8940);
#8939 = CARTESIAN_POINT('',(4.86,8.417766924785));
#8940 = VECTOR('',#8941,1.);
#8941 = DIRECTION('',(-1.,1.827527612552E-16));
#8942 = ( GEOMETRIC_REPRESENTATION_CONTEXT(2) 
PARAMETRIC_REPRESENTATION_CONTEXT() REPRESENTATION_CONTEXT('2D SPACE',''
  ) );
#8943 = ADVANCED_FACE('',(#8944,#9021),#8780,.T.);
#8944 = FACE_BOUND('',#8945,.T.);
#8945 = EDGE_LOOP('',(#8946,#8947,#8948,#8971,#8999,#9020));
#8946 = ORIENTED_EDGE('',*,*,#8766,.T.);
#8947 = ORIENTED_EDGE('',*,*,#8923,.T.);
#8948 = ORIENTED_EDGE('',*,*,#8949,.T.);
#8949 = EDGE_CURVE('',#8896,#8950,#8952,.T.);
#8950 = VERTEX_POINT('',#8951);
#8951 = CARTESIAN_POINT('',(-9.72,1.190356688771E-15,0.));
#8952 = SURFACE_CURVE('',#8953,(#8957,#8964),.PCURVE_S1.);
#8953 = LINE('',#8954,#8955);
#8954 = CARTESIAN_POINT('',(-4.86,8.417766924785,0.));
#8955 = VECTOR('',#8956,1.);
#8956 = DIRECTION('',(-0.5,-0.866025403784,0.));
#8957 = PCURVE('',#8780,#8958);
#8958 = DEFINITIONAL_REPRESENTATION('',(#8959),#8963);
#8959 = LINE('',#8960,#8961);
#8960 = CARTESIAN_POINT('',(-4.86,8.417766924785));
#8961 = VECTOR('',#8962,1.);
#8962 = DIRECTION('',(-0.5,-0.866025403784));
#8963 = ( GEOMETRIC_REPRESENTATION_CONTEXT(2) 
PARAMETRIC_REPRESENTATION_CONTEXT() REPRESENTATION_CONTEXT('2D SPACE',''
  ) );
#8964 = PCURVE('',#8911,#8965);
#8965 = DEFINITIONAL_REPRESENTATION('',(#8966),#8970);
#8966 = LINE('',#8967,#8968);
#8967 = CARTESIAN_POINT('',(0.,0.));
#8968 = VECTOR('',#8969,1.);
#8969 = DIRECTION('',(1.,0.));
#8970 = ( GEOMETRIC_REPRESENTATION_CONTEXT(2) 
PARAMETRIC_REPRESENTATION_CONTEXT() REPRESENTATION_CONTEXT('2D SPACE',''
  ) );
#8971 = ORIENTED_EDGE('',*,*,#8972,.T.);
#8972 = EDGE_CURVE('',#8950,#8973,#8975,.T.);
#8973 = VERTEX_POINT('',#8974);
#8974 = CARTESIAN_POINT('',(-4.86,-8.417766924785,0.));
#8975 = SURFACE_CURVE('',#8976,(#8980,#8987),.PCURVE_S1.);
#8976 = LINE('',#8977,#8978);
#8977 = CARTESIAN_POINT('',(-9.72,1.190356688771E-15,0.));
#8978 = VECTOR('',#8979,1.);
#8979 = DIRECTION('',(0.5,-0.866025403784,0.));
#8980 = PCURVE('',#8780,#8981);
#8981 = DEFINITIONAL_REPRESENTATION('',(#8982),#8986);
#8982 = LINE('',#8983,#8984);
#8983 = CARTESIAN_POINT('',(-9.72,1.799532559622E-15));
#8984 = VECTOR('',#8985,1.);
#8985 = DIRECTION('',(0.5,-0.866025403784));
#8986 = ( GEOMETRIC_REPRESENTATION_CONTEXT(2) 
PARAMETRIC_REPRESENTATION_CONTEXT() REPRESENTATION_CONTEXT('2D SPACE',''
  ) );
#8987 = PCURVE('',#8988,#8993);
#8988 = PLANE('',#8989);
#8989 = AXIS2_PLACEMENT_3D('',#8990,#8991,#8992);
#8990 = CARTESIAN_POINT('',(-9.72,1.190356688771E-15,0.));
#8991 = DIRECTION('',(-0.866025403784,-0.5,0.));
#8992 = DIRECTION('',(0.5,-0.866025403784,0.));
#8993 = DEFINITIONAL_REPRESENTATION('',(#8994),#8998);
#8994 = LINE('',#8995,#8996);
#8995 = CARTESIAN_POINT('',(0.,0.));
#8996 = VECTOR('',#8997,1.);
#8997 = DIRECTION('',(1.,0.));
#8998 = ( GEOMETRIC_REPRESENTATION_CONTEXT(2) 
PARAMETRIC_REPRESENTATION_CONTEXT() REPRESENTATION_CONTEXT('2D SPACE',''
  ) );
#8999 = ORIENTED_EDGE('',*,*,#9000,.T.);
#9000 = EDGE_CURVE('',#8973,#8796,#9001,.T.);
#9001 = SURFACE_CURVE('',#9002,(#9006,#9013),.PCURVE_S1.);
#9002 = LINE('',#9003,#9004);
#9003 = CARTESIAN_POINT('',(-4.86,-8.417766924785,0.));
#9004 = VECTOR('',#9005,1.);
#9005 = DIRECTION('',(1.,-7.310110450207E-16,0.));
#9006 = PCURVE('',#8780,#9007);
#9007 = DEFINITIONAL_REPRESENTATION('',(#9008),#9012);
#9008 = LINE('',#9009,#9010);
#9009 = CARTESIAN_POINT('',(-4.86,-8.417766924785));
#9010 = VECTOR('',#9011,1.);
#9011 = DIRECTION('',(1.,-7.310110450207E-16));
#9012 = ( GEOMETRIC_REPRESENTATION_CONTEXT(2) 
PARAMETRIC_REPRESENTATION_CONTEXT() REPRESENTATION_CONTEXT('2D SPACE',''
  ) );
#9013 = PCURVE('',#8813,#9014);
#9014 = DEFINITIONAL_REPRESENTATION('',(#9015),#9019);
#9015 = LINE('',#9016,#9017);
#9016 = CARTESIAN_POINT('',(0.,0.));
#9017 = VECTOR('',#9018,1.);
#9018 = DIRECTION('',(1.,0.));
#9019 = ( GEOMETRIC_REPRESENTATION_CONTEXT(2) 
PARAMETRIC_REPRESENTATION_CONTEXT() REPRESENTATION_CONTEXT('2D SPACE',''
  ) );
#9020 = ORIENTED_EDGE('',*,*,#8847,.T.);
#9021 = FACE_BOUND('',#9022,.T.);
#9022 = EDGE_LOOP('',(#9023));
#9023 = ORIENTED_EDGE('',*,*,#9024,.F.);
#9024 = EDGE_CURVE('',#9025,#9025,#9027,.T.);
#9025 = VERTEX_POINT('',#9026);
#9026 = CARTESIAN_POINT('',(5.4,0.,0.));
#9027 = SURFACE_CURVE('',#9028,(#9033,#9040),.PCURVE_S1.);
#9028 = CIRCLE('',#9029,5.4);
#9029 = AXIS2_PLACEMENT_3D('',#9030,#9031,#9032);
#9030 = CARTESIAN_POINT('',(0.,0.,0.));
#9031 = DIRECTION('',(0.,0.,1.));
#9032 = DIRECTION('',(1.,0.,0.));
#9033 = PCURVE('',#8780,#9034);
#9034 = DEFINITIONAL_REPRESENTATION('',(#9035),#9039);
#9035 = CIRCLE('',#9036,5.4);
#9036 = AXIS2_PLACEMENT_2D('',#9037,#9038);
#9037 = CARTESIAN_POINT('',(1.218351741701E-16,6.091758708506E-16));
#9038 = DIRECTION('',(1.,0.));
#9039 = ( GEOMETRIC_REPRESENTATION_CONTEXT(2) 
PARAMETRIC_REPRESENTATION_CONTEXT() REPRESENTATION_CONTEXT('2D SPACE',''
  ) );
#9040 = PCURVE('',#9041,#9046);
#9041 = CYLINDRICAL_SURFACE('',#9042,5.4);
#9042 = AXIS2_PLACEMENT_3D('',#9043,#9044,#9045);
#9043 = CARTESIAN_POINT('',(0.,0.,0.));
#9044 = DIRECTION('',(-0.,-0.,-1.));
#9045 = DIRECTION('',(1.,0.,0.));
#9046 = DEFINITIONAL_REPRESENTATION('',(#9047),#9051);
#9047 = LINE('',#9048,#9049);
#9048 = CARTESIAN_POINT('',(-0.,0.));
#9049 = VECTOR('',#9050,1.);
#9050 = DIRECTION('',(-1.,0.));
#9051 = ( GEOMETRIC_REPRESENTATION_CONTEXT(2) 
PARAMETRIC_REPRESENTATION_CONTEXT() REPRESENTATION_CONTEXT('2D SPACE',''
  ) );
#9052 = ADVANCED_FACE('',(#9053),#8726,.F.);
#9053 = FACE_BOUND('',#9054,.F.);
#9054 = EDGE_LOOP('',(#9055,#9056,#9057,#9080,#9103,#9124));
#9055 = ORIENTED_EDGE('',*,*,#8710,.T.);
#9056 = ORIENTED_EDGE('',*,*,#8872,.T.);
#9057 = ORIENTED_EDGE('',*,*,#9058,.T.);
#9058 = EDGE_CURVE('',#8873,#9059,#9061,.T.);
#9059 = VERTEX_POINT('',#9060);
#9060 = CARTESIAN_POINT('',(-9.72,1.190356688771E-15,-6.48));
#9061 = SURFACE_CURVE('',#9062,(#9066,#9073),.PCURVE_S1.);
#9062 = LINE('',#9063,#9064);
#9063 = CARTESIAN_POINT('',(-4.86,8.417766924785,-6.48));
#9064 = VECTOR('',#9065,1.);
#9065 = DIRECTION('',(-0.5,-0.866025403784,0.));
#9066 = PCURVE('',#8726,#9067);
#9067 = DEFINITIONAL_REPRESENTATION('',(#9068),#9072);
#9068 = LINE('',#9069,#9070);
#9069 = CARTESIAN_POINT('',(-4.86,8.417766924785));
#9070 = VECTOR('',#9071,1.);
#9071 = DIRECTION('',(-0.5,-0.866025403784));
#9072 = ( GEOMETRIC_REPRESENTATION_CONTEXT(2) 
PARAMETRIC_REPRESENTATION_CONTEXT() REPRESENTATION_CONTEXT('2D SPACE',''
  ) );
#9073 = PCURVE('',#8911,#9074);
#9074 = DEFINITIONAL_REPRESENTATION('',(#9075),#9079);
#9075 = LINE('',#9076,#9077);
#9076 = CARTESIAN_POINT('',(-0.,-6.48));
#9077 = VECTOR('',#9078,1.);
#9078 = DIRECTION('',(1.,0.));
#9079 = ( GEOMETRIC_REPRESENTATION_CONTEXT(2) 
PARAMETRIC_REPRESENTATION_CONTEXT() REPRESENTATION_CONTEXT('2D SPACE',''
  ) );
#9080 = ORIENTED_EDGE('',*,*,#9081,.T.);
#9081 = EDGE_CURVE('',#9059,#9082,#9084,.T.);
#9082 = VERTEX_POINT('',#9083);
#9083 = CARTESIAN_POINT('',(-4.86,-8.417766924785,-6.48));
#9084 = SURFACE_CURVE('',#9085,(#9089,#9096),.PCURVE_S1.);
#9085 = LINE('',#9086,#9087);
#9086 = CARTESIAN_POINT('',(-9.72,1.190356688771E-15,-6.48));
#9087 = VECTOR('',#9088,1.);
#9088 = DIRECTION('',(0.5,-0.866025403784,0.));
#9089 = PCURVE('',#8726,#9090);
#9090 = DEFINITIONAL_REPRESENTATION('',(#9091),#9095);
#9091 = LINE('',#9092,#9093);
#9092 = CARTESIAN_POINT('',(-9.72,1.799532559622E-15));
#9093 = VECTOR('',#9094,1.);
#9094 = DIRECTION('',(0.5,-0.866025403784));
#9095 = ( GEOMETRIC_REPRESENTATION_CONTEXT(2) 
PARAMETRIC_REPRESENTATION_CONTEXT() REPRESENTATION_CONTEXT('2D SPACE',''
  ) );
#9096 = PCURVE('',#8988,#9097);
#9097 = DEFINITIONAL_REPRESENTATION('',(#9098),#9102);
#9098 = LINE('',#9099,#9100);
#9099 = CARTESIAN_POINT('',(0.,-6.48));
#9100 = VECTOR('',#9101,1.);
#9101 = DIRECTION('',(1.,0.));
#9102 = ( GEOMETRIC_REPRESENTATION_CONTEXT(2) 
PARAMETRIC_REPRESENTATION_CONTEXT() REPRESENTATION_CONTEXT('2D SPACE',''
  ) );
#9103 = ORIENTED_EDGE('',*,*,#9104,.T.);
#9104 = EDGE_CURVE('',#9082,#8798,#9105,.T.);
#9105 = SURFACE_CURVE('',#9106,(#9110,#9117),.PCURVE_S1.);
#9106 = LINE('',#9107,#9108);
#9107 = CARTESIAN_POINT('',(-4.86,-8.417766924785,-6.48));
#9108 = VECTOR('',#9109,1.);
#9109 = DIRECTION('',(1.,-7.310110450207E-16,0.));
#9110 = PCURVE('',#8726,#9111);
#9111 = DEFINITIONAL_REPRESENTATION('',(#9112),#9116);
#9112 = LINE('',#9113,#9114);
#9113 = CARTESIAN_POINT('',(-4.86,-8.417766924785));
#9114 = VECTOR('',#9115,1.);
#9115 = DIRECTION('',(1.,-7.310110450207E-16));
#9116 = ( GEOMETRIC_REPRESENTATION_CONTEXT(2) 
PARAMETRIC_REPRESENTATION_CONTEXT() REPRESENTATION_CONTEXT('2D SPACE',''
  ) );
#9117 = PCURVE('',#8813,#9118);
#9118 = DEFINITIONAL_REPRESENTATION('',(#9119),#9123);
#9119 = LINE('',#9120,#9121);
#9120 = CARTESIAN_POINT('',(0.,-6.48));
#9121 = VECTOR('',#9122,1.);
#9122 = DIRECTION('',(1.,0.));
#9123 = ( GEOMETRIC_REPRESENTATION_CONTEXT(2) 
PARAMETRIC_REPRESENTATION_CONTEXT() REPRESENTATION_CONTEXT('2D SPACE',''
  ) );
#9124 = ORIENTED_EDGE('',*,*,#8825,.T.);
#9125 = ADVANCED_FACE('',(#9126),#8813,.T.);
#9126 = FACE_BOUND('',#9127,.T.);
#9127 = EDGE_LOOP('',(#9128,#9149,#9150,#9151));
#9128 = ORIENTED_EDGE('',*,*,#9129,.T.);
#9129 = EDGE_CURVE('',#8973,#9082,#9130,.T.);
#9130 = SURFACE_CURVE('',#9131,(#9135,#9142),.PCURVE_S1.);
#9131 = LINE('',#9132,#9133);
#9132 = CARTESIAN_POINT('',(-4.86,-8.417766924785,0.));
#9133 = VECTOR('',#9134,1.);
#9134 = DIRECTION('',(-0.,-0.,-1.));
#9135 = PCURVE('',#8813,#9136);
#9136 = DEFINITIONAL_REPRESENTATION('',(#9137),#9141);
#9137 = LINE('',#9138,#9139);
#9138 = CARTESIAN_POINT('',(0.,0.));
#9139 = VECTOR('',#9140,1.);
#9140 = DIRECTION('',(0.,-1.));
#9141 = ( GEOMETRIC_REPRESENTATION_CONTEXT(2) 
PARAMETRIC_REPRESENTATION_CONTEXT() REPRESENTATION_CONTEXT('2D SPACE',''
  ) );
#9142 = PCURVE('',#8988,#9143);
#9143 = DEFINITIONAL_REPRESENTATION('',(#9144),#9148);
#9144 = LINE('',#9145,#9146);
#9145 = CARTESIAN_POINT('',(9.72,0.));
#9146 = VECTOR('',#9147,1.);
#9147 = DIRECTION('',(0.,-1.));
#9148 = ( GEOMETRIC_REPRESENTATION_CONTEXT(2) 
PARAMETRIC_REPRESENTATION_CONTEXT() REPRESENTATION_CONTEXT('2D SPACE',''
  ) );
#9149 = ORIENTED_EDGE('',*,*,#9104,.T.);
#9150 = ORIENTED_EDGE('',*,*,#8795,.F.);
#9151 = ORIENTED_EDGE('',*,*,#9000,.F.);
#9152 = ADVANCED_FACE('',(#9153),#8911,.T.);
#9153 = FACE_BOUND('',#9154,.T.);
#9154 = EDGE_LOOP('',(#9155,#9156,#9157,#9178));
#9155 = ORIENTED_EDGE('',*,*,#8895,.T.);
#9156 = ORIENTED_EDGE('',*,*,#9058,.T.);
#9157 = ORIENTED_EDGE('',*,*,#9158,.F.);
#9158 = EDGE_CURVE('',#8950,#9059,#9159,.T.);
#9159 = SURFACE_CURVE('',#9160,(#9164,#9171),.PCURVE_S1.);
#9160 = LINE('',#9161,#9162);
#9161 = CARTESIAN_POINT('',(-9.72,1.190356688771E-15,0.));
#9162 = VECTOR('',#9163,1.);
#9163 = DIRECTION('',(-0.,-0.,-1.));
#9164 = PCURVE('',#8911,#9165);
#9165 = DEFINITIONAL_REPRESENTATION('',(#9166),#9170);
#9166 = LINE('',#9167,#9168);
#9167 = CARTESIAN_POINT('',(9.72,0.));
#9168 = VECTOR('',#9169,1.);
#9169 = DIRECTION('',(0.,-1.));
#9170 = ( GEOMETRIC_REPRESENTATION_CONTEXT(2) 
PARAMETRIC_REPRESENTATION_CONTEXT() REPRESENTATION_CONTEXT('2D SPACE',''
  ) );
#9171 = PCURVE('',#8988,#9172);
#9172 = DEFINITIONAL_REPRESENTATION('',(#9173),#9177);
#9173 = LINE('',#9174,#9175);
#9174 = CARTESIAN_POINT('',(0.,0.));
#9175 = VECTOR('',#9176,1.);
#9176 = DIRECTION('',(0.,-1.));
#9177 = ( GEOMETRIC_REPRESENTATION_CONTEXT(2) 
PARAMETRIC_REPRESENTATION_CONTEXT() REPRESENTATION_CONTEXT('2D SPACE',''
  ) );
#9178 = ORIENTED_EDGE('',*,*,#8949,.F.);
#9179 = ADVANCED_FACE('',(#9180),#8988,.T.);
#9180 = FACE_BOUND('',#9181,.T.);
#9181 = EDGE_LOOP('',(#9182,#9183,#9184,#9185));
#9182 = ORIENTED_EDGE('',*,*,#9158,.T.);
#9183 = ORIENTED_EDGE('',*,*,#9081,.T.);
#9184 = ORIENTED_EDGE('',*,*,#9129,.F.);
#9185 = ORIENTED_EDGE('',*,*,#8972,.F.);
#9186 = ADVANCED_FACE('',(#9187),#9041,.T.);
#9187 = FACE_BOUND('',#9188,.F.);
#9188 = EDGE_LOOP('',(#9189,#9212,#9239,#9240));
#9189 = ORIENTED_EDGE('',*,*,#9190,.T.);
#9190 = EDGE_CURVE('',#9025,#9191,#9193,.T.);
#9191 = VERTEX_POINT('',#9192);
#9192 = CARTESIAN_POINT('',(5.4,0.,23.));
#9193 = SEAM_CURVE('',#9194,(#9198,#9205),.PCURVE_S1.);
#9194 = LINE('',#9195,#9196);
#9195 = CARTESIAN_POINT('',(5.4,0.,0.));
#9196 = VECTOR('',#9197,1.);
#9197 = DIRECTION('',(0.,0.,1.));
#9198 = PCURVE('',#9041,#9199);
#9199 = DEFINITIONAL_REPRESENTATION('',(#9200),#9204);
#9200 = LINE('',#9201,#9202);
#9201 = CARTESIAN_POINT('',(-0.,0.));
#9202 = VECTOR('',#9203,1.);
#9203 = DIRECTION('',(-0.,-1.));
#9204 = ( GEOMETRIC_REPRESENTATION_CONTEXT(2) 
PARAMETRIC_REPRESENTATION_CONTEXT() REPRESENTATION_CONTEXT('2D SPACE',''
  ) );
#9205 = PCURVE('',#9041,#9206);
#9206 = DEFINITIONAL_REPRESENTATION('',(#9207),#9211);
#9207 = LINE('',#9208,#9209);
#9208 = CARTESIAN_POINT('',(-6.28318530718,0.));
#9209 = VECTOR('',#9210,1.);
#9210 = DIRECTION('',(-0.,-1.));
#9211 = ( GEOMETRIC_REPRESENTATION_CONTEXT(2) 
PARAMETRIC_REPRESENTATION_CONTEXT() REPRESENTATION_CONTEXT('2D SPACE',''
  ) );
#9212 = ORIENTED_EDGE('',*,*,#9213,.T.);
#9213 = EDGE_CURVE('',#9191,#9191,#9214,.T.);
#9214 = SURFACE_CURVE('',#9215,(#9220,#9227),.PCURVE_S1.);
#9215 = CIRCLE('',#9216,5.4);
#9216 = AXIS2_PLACEMENT_3D('',#9217,#9218,#9219);
#9217 = CARTESIAN_POINT('',(0.,0.,23.));
#9218 = DIRECTION('',(0.,0.,1.));
#9219 = DIRECTION('',(1.,0.,0.));
#9220 = PCURVE('',#9041,#9221);
#9221 = DEFINITIONAL_REPRESENTATION('',(#9222),#9226);
#9222 = LINE('',#9223,#9224);
#9223 = CARTESIAN_POINT('',(-0.,-23.));
#9224 = VECTOR('',#9225,1.);
#9225 = DIRECTION('',(-1.,0.));
#9226 = ( GEOMETRIC_REPRESENTATION_CONTEXT(2) 
PARAMETRIC_REPRESENTATION_CONTEXT() REPRESENTATION_CONTEXT('2D SPACE',''
  ) );
#9227 = PCURVE('',#9228,#9233);
#9228 = PLANE('',#9229);
#9229 = AXIS2_PLACEMENT_3D('',#9230,#9231,#9232);
#9230 = CARTESIAN_POINT('',(1.26614827087E-16,3.279323032744E-17,23.));
#9231 = DIRECTION('',(0.,0.,1.));
#9232 = DIRECTION('',(1.,0.,-0.));
#9233 = DEFINITIONAL_REPRESENTATION('',(#9234),#9238);
#9234 = CIRCLE('',#9235,5.4);
#9235 = AXIS2_PLACEMENT_2D('',#9236,#9237);
#9236 = CARTESIAN_POINT('',(-1.26614827087E-16,-3.279323032744E-17));
#9237 = DIRECTION('',(1.,0.));
#9238 = ( GEOMETRIC_REPRESENTATION_CONTEXT(2) 
PARAMETRIC_REPRESENTATION_CONTEXT() REPRESENTATION_CONTEXT('2D SPACE',''
  ) );
#9239 = ORIENTED_EDGE('',*,*,#9190,.F.);
#9240 = ORIENTED_EDGE('',*,*,#9024,.F.);
#9241 = ADVANCED_FACE('',(#9242),#9228,.T.);
#9242 = FACE_BOUND('',#9243,.T.);
#9243 = EDGE_LOOP('',(#9244));
#9244 = ORIENTED_EDGE('',*,*,#9213,.T.);
#9245 = ( GEOMETRIC_REPRESENTATION_CONTEXT(3) 
GLOBAL_UNCERTAINTY_ASSIGNED_CONTEXT((#9249)) 
GLOBAL_UNIT_ASSIGNED_CONTEXT((#9246,#9247,#9248)) REPRESENTATION_CONTEXT
('Context #1','3D Context with UNIT and UNCERTAINTY') );
#9246 = ( LENGTH_UNIT() NAMED_UNIT(*) SI_UNIT(.MILLI.,.METRE.) );
#9247 = ( NAMED_UNIT(*) PLANE_ANGLE_UNIT() SI_UNIT($,.RADIAN.) );
#9248 = ( NAMED_UNIT(*) SI_UNIT($,.STERADIAN.) SOLID_ANGLE_UNIT() );
#9249 = UNCERTAINTY_MEASURE_WITH_UNIT(LENGTH_MEASURE(1.E-07),#9246,
  'distance_accuracy_value','confusion accuracy');
#9250 = SHAPE_DEFINITION_REPRESENTATION(#9251,#8668);
#9251 = PRODUCT_DEFINITION_SHAPE('','',#9252);
#9252 = PRODUCT_DEFINITION('design','',#9253,#9256);
#9253 = PRODUCT_DEFINITION_FORMATION('','',#9254);
#9254 = PRODUCT('auto_bolt_5_part','auto_bolt_5_part','',(#9255));
#9255 = PRODUCT_CONTEXT('',#2,'mechanical');
#9256 = PRODUCT_DEFINITION_CONTEXT('part definition',#2,'design');
#9257 = CONTEXT_DEPENDENT_SHAPE_REPRESENTATION(#9258,#9260);
#9258 = ( REPRESENTATION_RELATIONSHIP('','',#8668,#8658) 
REPRESENTATION_RELATIONSHIP_WITH_TRANSFORMATION(#9259) 
SHAPE_REPRESENTATION_RELATIONSHIP() );
#9259 = ITEM_DEFINED_TRANSFORMATION('','',#11,#8659);
#9260 = PRODUCT_DEFINITION_SHAPE('Placement','Placement of an item',
  #9261);
#9261 = NEXT_ASSEMBLY_USAGE_OCCURRENCE('26','','',#8653,#9252,$);
#9262 = PRODUCT_RELATED_PRODUCT_CATEGORY('part',$,(#9254));
#9263 = CONTEXT_DEPENDENT_SHAPE_REPRESENTATION(#9264,#9266);
#9264 = ( REPRESENTATION_RELATIONSHIP('','',#8658,#32) 
REPRESENTATION_RELATIONSHIP_WITH_TRANSFORMATION(#9265) 
SHAPE_REPRESENTATION_RELATIONSHIP() );
#9265 = ITEM_DEFINED_TRANSFORMATION('','',#11,#85);
#9266 = PRODUCT_DEFINITION_SHAPE('Placement','Placement of an item',
  #9267);
#9267 = NEXT_ASSEMBLY_USAGE_OCCURRENCE('27','','',#27,#8653,$);
#9268 = PRODUCT_RELATED_PRODUCT_CATEGORY('part',$,(#8655));
#9269 = SHAPE_DEFINITION_REPRESENTATION(#9270,#9276);
#9270 = PRODUCT_DEFINITION_SHAPE('','',#9271);
#9271 = PRODUCT_DEFINITION('design','',#9272,#9275);
#9272 = PRODUCT_DEFINITION_FORMATION('','',#9273);
#9273 = PRODUCT('auto_nut_5','auto_nut_5','',(#9274));
#9274 = PRODUCT_CONTEXT('',#2,'mechanical');
#9275 = PRODUCT_DEFINITION_CONTEXT('part definition',#2,'design');
#9276 = SHAPE_REPRESENTATION('',(#11,#9277),#9281);
#9277 = AXIS2_PLACEMENT_3D('',#9278,#9279,#9280);
#9278 = CARTESIAN_POINT('',(0.,0.,0.));
#9279 = DIRECTION('',(0.,0.,1.));
#9280 = DIRECTION('',(1.,0.,-0.));
#9281 = ( GEOMETRIC_REPRESENTATION_CONTEXT(3) 
GLOBAL_UNCERTAINTY_ASSIGNED_CONTEXT((#9285)) 
GLOBAL_UNIT_ASSIGNED_CONTEXT((#9282,#9283,#9284)) REPRESENTATION_CONTEXT
('Context #1','3D Context with UNIT and UNCERTAINTY') );
#9282 = ( LENGTH_UNIT() NAMED_UNIT(*) SI_UNIT(.MILLI.,.METRE.) );
#9283 = ( NAMED_UNIT(*) PLANE_ANGLE_UNIT() SI_UNIT($,.RADIAN.) );
#9284 = ( NAMED_UNIT(*) SI_UNIT($,.STERADIAN.) SOLID_ANGLE_UNIT() );
#9285 = UNCERTAINTY_MEASURE_WITH_UNIT(LENGTH_MEASURE(1.E-07),#9282,
  'distance_accuracy_value','confusion accuracy');
#9286 = ADVANCED_BREP_SHAPE_REPRESENTATION('',(#11,#9287),#9861);
#9287 = MANIFOLD_SOLID_BREP('',#9288);
#9288 = CLOSED_SHELL('',(#9289,#9409,#9485,#9561,#9674,#9773,#9800,#9827
    ,#9834));
#9289 = ADVANCED_FACE('',(#9290),#9304,.T.);
#9290 = FACE_BOUND('',#9291,.T.);
#9291 = EDGE_LOOP('',(#9292,#9327,#9355,#9383));
#9292 = ORIENTED_EDGE('',*,*,#9293,.T.);
#9293 = EDGE_CURVE('',#9294,#9296,#9298,.T.);
#9294 = VERTEX_POINT('',#9295);
#9295 = CARTESIAN_POINT('',(8.64,0.,0.));
#9296 = VERTEX_POINT('',#9297);
#9297 = CARTESIAN_POINT('',(8.64,0.,-8.64));
#9298 = SURFACE_CURVE('',#9299,(#9303,#9315),.PCURVE_S1.);
#9299 = LINE('',#9300,#9301);
#9300 = CARTESIAN_POINT('',(8.64,0.,0.));
#9301 = VECTOR('',#9302,1.);
#9302 = DIRECTION('',(-0.,-0.,-1.));
#9303 = PCURVE('',#9304,#9309);
#9304 = PLANE('',#9305);
#9305 = AXIS2_PLACEMENT_3D('',#9306,#9307,#9308);
#9306 = CARTESIAN_POINT('',(8.64,0.,0.));
#9307 = DIRECTION('',(0.866025403784,0.5,-0.));
#9308 = DIRECTION('',(-0.5,0.866025403784,0.));
#9309 = DEFINITIONAL_REPRESENTATION('',(#9310),#9314);
#9310 = LINE('',#9311,#9312);
#9311 = CARTESIAN_POINT('',(0.,0.));
#9312 = VECTOR('',#9313,1.);
#9313 = DIRECTION('',(0.,-1.));
#9314 = ( GEOMETRIC_REPRESENTATION_CONTEXT(2) 
PARAMETRIC_REPRESENTATION_CONTEXT() REPRESENTATION_CONTEXT('2D SPACE',''
  ) );
#9315 = PCURVE('',#9316,#9321);
#9316 = PLANE('',#9317);
#9317 = AXIS2_PLACEMENT_3D('',#9318,#9319,#9320);
#9318 = CARTESIAN_POINT('',(4.32,-7.482459488698,0.));
#9319 = DIRECTION('',(0.866025403784,-0.5,0.));
#9320 = DIRECTION('',(0.5,0.866025403784,0.));
#9321 = DEFINITIONAL_REPRESENTATION('',(#9322),#9326);
#9322 = LINE('',#9323,#9324);
#9323 = CARTESIAN_POINT('',(8.64,0.));
#9324 = VECTOR('',#9325,1.);
#9325 = DIRECTION('',(0.,-1.));
#9326 = ( GEOMETRIC_REPRESENTATION_CONTEXT(2) 
PARAMETRIC_REPRESENTATION_CONTEXT() REPRESENTATION_CONTEXT('2D SPACE',''
  ) );
#9327 = ORIENTED_EDGE('',*,*,#9328,.T.);
#9328 = EDGE_CURVE('',#9296,#9329,#9331,.T.);
#9329 = VERTEX_POINT('',#9330);
#9330 = CARTESIAN_POINT('',(4.32,7.482459488698,-8.64));
#9331 = SURFACE_CURVE('',#9332,(#9336,#9343),.PCURVE_S1.);
#9332 = LINE('',#9333,#9334);
#9333 = CARTESIAN_POINT('',(8.64,0.,-8.64));
#9334 = VECTOR('',#9335,1.);
#9335 = DIRECTION('',(-0.5,0.866025403784,0.));
#9336 = PCURVE('',#9304,#9337);
#9337 = DEFINITIONAL_REPRESENTATION('',(#9338),#9342);
#9338 = LINE('',#9339,#9340);
#9339 = CARTESIAN_POINT('',(0.,-8.64));
#9340 = VECTOR('',#9341,1.);
#9341 = DIRECTION('',(1.,0.));
#9342 = ( GEOMETRIC_REPRESENTATION_CONTEXT(2) 
PARAMETRIC_REPRESENTATION_CONTEXT() REPRESENTATION_CONTEXT('2D SPACE',''
  ) );
#9343 = PCURVE('',#9344,#9349);
#9344 = PLANE('',#9345);
#9345 = AXIS2_PLACEMENT_3D('',#9346,#9347,#9348);
#9346 = CARTESIAN_POINT('',(0.,4.111937128241E-16,-8.64));
#9347 = DIRECTION('',(0.,0.,1.));
#9348 = DIRECTION('',(1.,0.,-0.));
#9349 = DEFINITIONAL_REPRESENTATION('',(#9350),#9354);
#9350 = LINE('',#9351,#9352);
#9351 = CARTESIAN_POINT('',(8.64,-4.111937128241E-16));
#9352 = VECTOR('',#9353,1.);
#9353 = DIRECTION('',(-0.5,0.866025403784));
#9354 = ( GEOMETRIC_REPRESENTATION_CONTEXT(2) 
PARAMETRIC_REPRESENTATION_CONTEXT() REPRESENTATION_CONTEXT('2D SPACE',''
  ) );
#9355 = ORIENTED_EDGE('',*,*,#9356,.F.);
#9356 = EDGE_CURVE('',#9357,#9329,#9359,.T.);
#9357 = VERTEX_POINT('',#9358);
#9358 = CARTESIAN_POINT('',(4.32,7.482459488698,0.));
#9359 = SURFACE_CURVE('',#9360,(#9364,#9371),.PCURVE_S1.);
#9360 = LINE('',#9361,#9362);
#9361 = CARTESIAN_POINT('',(4.32,7.482459488698,0.));
#9362 = VECTOR('',#9363,1.);
#9363 = DIRECTION('',(-0.,-0.,-1.));
#9364 = PCURVE('',#9304,#9365);
#9365 = DEFINITIONAL_REPRESENTATION('',(#9366),#9370);
#9366 = LINE('',#9367,#9368);
#9367 = CARTESIAN_POINT('',(8.64,0.));
#9368 = VECTOR('',#9369,1.);
#9369 = DIRECTION('',(0.,-1.));
#9370 = ( GEOMETRIC_REPRESENTATION_CONTEXT(2) 
PARAMETRIC_REPRESENTATION_CONTEXT() REPRESENTATION_CONTEXT('2D SPACE',''
  ) );
#9371 = PCURVE('',#9372,#9377);
#9372 = PLANE('',#9373);
#9373 = AXIS2_PLACEMENT_3D('',#9374,#9375,#9376);
#9374 = CARTESIAN_POINT('',(4.32,7.482459488698,0.));
#9375 = DIRECTION('',(1.02798428206E-16,1.,-0.));
#9376 = DIRECTION('',(-1.,1.02798428206E-16,0.));
#9377 = DEFINITIONAL_REPRESENTATION('',(#9378),#9382);
#9378 = LINE('',#9379,#9380);
#9379 = CARTESIAN_POINT('',(0.,0.));
#9380 = VECTOR('',#9381,1.);
#9381 = DIRECTION('',(0.,-1.));
#9382 = ( GEOMETRIC_REPRESENTATION_CONTEXT(2) 
PARAMETRIC_REPRESENTATION_CONTEXT() REPRESENTATION_CONTEXT('2D SPACE',''
  ) );
#9383 = ORIENTED_EDGE('',*,*,#9384,.F.);
#9384 = EDGE_CURVE('',#9294,#9357,#9385,.T.);
#9385 = SURFACE_CURVE('',#9386,(#9390,#9397),.PCURVE_S1.);
#9386 = LINE('',#9387,#9388);
#9387 = CARTESIAN_POINT('',(8.64,0.,0.));
#9388 = VECTOR('',#9389,1.);
#9389 = DIRECTION('',(-0.5,0.866025403784,0.));
#9390 = PCURVE('',#9304,#9391);
#9391 = DEFINITIONAL_REPRESENTATION('',(#9392),#9396);
#9392 = LINE('',#9393,#9394);
#9393 = CARTESIAN_POINT('',(0.,0.));
#9394 = VECTOR('',#9395,1.);
#9395 = DIRECTION('',(1.,0.));
#9396 = ( GEOMETRIC_REPRESENTATION_CONTEXT(2) 
PARAMETRIC_REPRESENTATION_CONTEXT() REPRESENTATION_CONTEXT('2D SPACE',''
  ) );
#9397 = PCURVE('',#9398,#9403);
#9398 = PLANE('',#9399);
#9399 = AXIS2_PLACEMENT_3D('',#9400,#9401,#9402);
#9400 = CARTESIAN_POINT('',(0.,4.111937128241E-16,0.));
#9401 = DIRECTION('',(0.,0.,1.));
#9402 = DIRECTION('',(1.,0.,-0.));
#9403 = DEFINITIONAL_REPRESENTATION('',(#9404),#9408);
#9404 = LINE('',#9405,#9406);
#9405 = CARTESIAN_POINT('',(8.64,-4.111937128241E-16));
#9406 = VECTOR('',#9407,1.);
#9407 = DIRECTION('',(-0.5,0.866025403784));
#9408 = ( GEOMETRIC_REPRESENTATION_CONTEXT(2) 
PARAMETRIC_REPRESENTATION_CONTEXT() REPRESENTATION_CONTEXT('2D SPACE',''
  ) );
#9409 = ADVANCED_FACE('',(#9410),#9316,.T.);
#9410 = FACE_BOUND('',#9411,.T.);
#9411 = EDGE_LOOP('',(#9412,#9442,#9463,#9464));
#9412 = ORIENTED_EDGE('',*,*,#9413,.T.);
#9413 = EDGE_CURVE('',#9414,#9416,#9418,.T.);
#9414 = VERTEX_POINT('',#9415);
#9415 = CARTESIAN_POINT('',(4.32,-7.482459488698,0.));
#9416 = VERTEX_POINT('',#9417);
#9417 = CARTESIAN_POINT('',(4.32,-7.482459488698,-8.64));
#9418 = SURFACE_CURVE('',#9419,(#9423,#9430),.PCURVE_S1.);
#9419 = LINE('',#9420,#9421);
#9420 = CARTESIAN_POINT('',(4.32,-7.482459488698,0.));
#9421 = VECTOR('',#9422,1.);
#9422 = DIRECTION('',(-0.,-0.,-1.));
#9423 = PCURVE('',#9316,#9424);
#9424 = DEFINITIONAL_REPRESENTATION('',(#9425),#9429);
#9425 = LINE('',#9426,#9427);
#9426 = CARTESIAN_POINT('',(0.,0.));
#9427 = VECTOR('',#9428,1.);
#9428 = DIRECTION('',(0.,-1.));
#9429 = ( GEOMETRIC_REPRESENTATION_CONTEXT(2) 
PARAMETRIC_REPRESENTATION_CONTEXT() REPRESENTATION_CONTEXT('2D SPACE',''
  ) );
#9430 = PCURVE('',#9431,#9436);
#9431 = PLANE('',#9432);
#9432 = AXIS2_PLACEMENT_3D('',#9433,#9434,#9435);
#9433 = CARTESIAN_POINT('',(-4.32,-7.482459488698,0.));
#9434 = DIRECTION('',(-7.195889974422E-16,-1.,0.));
#9435 = DIRECTION('',(1.,-7.195889974422E-16,0.));
#9436 = DEFINITIONAL_REPRESENTATION('',(#9437),#9441);
#9437 = LINE('',#9438,#9439);
#9438 = CARTESIAN_POINT('',(8.64,0.));
#9439 = VECTOR('',#9440,1.);
#9440 = DIRECTION('',(0.,-1.));
#9441 = ( GEOMETRIC_REPRESENTATION_CONTEXT(2) 
PARAMETRIC_REPRESENTATION_CONTEXT() REPRESENTATION_CONTEXT('2D SPACE',''
  ) );
#9442 = ORIENTED_EDGE('',*,*,#9443,.T.);
#9443 = EDGE_CURVE('',#9416,#9296,#9444,.T.);
#9444 = SURFACE_CURVE('',#9445,(#9449,#9456),.PCURVE_S1.);
#9445 = LINE('',#9446,#9447);
#9446 = CARTESIAN_POINT('',(4.32,-7.482459488698,-8.64));
#9447 = VECTOR('',#9448,1.);
#9448 = DIRECTION('',(0.5,0.866025403784,0.));
#9449 = PCURVE('',#9316,#9450);
#9450 = DEFINITIONAL_REPRESENTATION('',(#9451),#9455);
#9451 = LINE('',#9452,#9453);
#9452 = CARTESIAN_POINT('',(0.,-8.64));
#9453 = VECTOR('',#9454,1.);
#9454 = DIRECTION('',(1.,0.));
#9455 = ( GEOMETRIC_REPRESENTATION_CONTEXT(2) 
PARAMETRIC_REPRESENTATION_CONTEXT() REPRESENTATION_CONTEXT('2D SPACE',''
  ) );
#9456 = PCURVE('',#9344,#9457);
#9457 = DEFINITIONAL_REPRESENTATION('',(#9458),#9462);
#9458 = LINE('',#9459,#9460);
#9459 = CARTESIAN_POINT('',(4.32,-7.482459488698));
#9460 = VECTOR('',#9461,1.);
#9461 = DIRECTION('',(0.5,0.866025403784));
#9462 = ( GEOMETRIC_REPRESENTATION_CONTEXT(2) 
PARAMETRIC_REPRESENTATION_CONTEXT() REPRESENTATION_CONTEXT('2D SPACE',''
  ) );
#9463 = ORIENTED_EDGE('',*,*,#9293,.F.);
#9464 = ORIENTED_EDGE('',*,*,#9465,.F.);
#9465 = EDGE_CURVE('',#9414,#9294,#9466,.T.);
#9466 = SURFACE_CURVE('',#9467,(#9471,#9478),.PCURVE_S1.);
#9467 = LINE('',#9468,#9469);
#9468 = CARTESIAN_POINT('',(4.32,-7.482459488698,0.));
#9469 = VECTOR('',#9470,1.);
#9470 = DIRECTION('',(0.5,0.866025403784,0.));
#9471 = PCURVE('',#9316,#9472);
#9472 = DEFINITIONAL_REPRESENTATION('',(#9473),#9477);
#9473 = LINE('',#9474,#9475);
#9474 = CARTESIAN_POINT('',(0.,0.));
#9475 = VECTOR('',#9476,1.);
#9476 = DIRECTION('',(1.,0.));
#9477 = ( GEOMETRIC_REPRESENTATION_CONTEXT(2) 
PARAMETRIC_REPRESENTATION_CONTEXT() REPRESENTATION_CONTEXT('2D SPACE',''
  ) );
#9478 = PCURVE('',#9398,#9479);
#9479 = DEFINITIONAL_REPRESENTATION('',(#9480),#9484);
#9480 = LINE('',#9481,#9482);
#9481 = CARTESIAN_POINT('',(4.32,-7.482459488698));
#9482 = VECTOR('',#9483,1.);
#9483 = DIRECTION('',(0.5,0.866025403784));
#9484 = ( GEOMETRIC_REPRESENTATION_CONTEXT(2) 
PARAMETRIC_REPRESENTATION_CONTEXT() REPRESENTATION_CONTEXT('2D SPACE',''
  ) );
#9485 = ADVANCED_FACE('',(#9486),#9372,.T.);
#9486 = FACE_BOUND('',#9487,.T.);
#9487 = EDGE_LOOP('',(#9488,#9489,#9512,#9540));
#9488 = ORIENTED_EDGE('',*,*,#9356,.T.);
#9489 = ORIENTED_EDGE('',*,*,#9490,.T.);
#9490 = EDGE_CURVE('',#9329,#9491,#9493,.T.);
#9491 = VERTEX_POINT('',#9492);
#9492 = CARTESIAN_POINT('',(-4.32,7.482459488698,-8.64));
#9493 = SURFACE_CURVE('',#9494,(#9498,#9505),.PCURVE_S1.);
#9494 = LINE('',#9495,#9496);
#9495 = CARTESIAN_POINT('',(4.32,7.482459488698,-8.64));
#9496 = VECTOR('',#9497,1.);
#9497 = DIRECTION('',(-1.,1.02798428206E-16,0.));
#9498 = PCURVE('',#9372,#9499);
#9499 = DEFINITIONAL_REPRESENTATION('',(#9500),#9504);
#9500 = LINE('',#9501,#9502);
#9501 = CARTESIAN_POINT('',(0.,-8.64));
#9502 = VECTOR('',#9503,1.);
#9503 = DIRECTION('',(1.,0.));
#9504 = ( GEOMETRIC_REPRESENTATION_CONTEXT(2) 
PARAMETRIC_REPRESENTATION_CONTEXT() REPRESENTATION_CONTEXT('2D SPACE',''
  ) );
#9505 = PCURVE('',#9344,#9506);
#9506 = DEFINITIONAL_REPRESENTATION('',(#9507),#9511);
#9507 = LINE('',#9508,#9509);
#9508 = CARTESIAN_POINT('',(4.32,7.482459488698));
#9509 = VECTOR('',#9510,1.);
#9510 = DIRECTION('',(-1.,1.02798428206E-16));
#9511 = ( GEOMETRIC_REPRESENTATION_CONTEXT(2) 
PARAMETRIC_REPRESENTATION_CONTEXT() REPRESENTATION_CONTEXT('2D SPACE',''
  ) );
#9512 = ORIENTED_EDGE('',*,*,#9513,.F.);
#9513 = EDGE_CURVE('',#9514,#9491,#9516,.T.);
#9514 = VERTEX_POINT('',#9515);
#9515 = CARTESIAN_POINT('',(-4.32,7.482459488698,0.));
#9516 = SURFACE_CURVE('',#9517,(#9521,#9528),.PCURVE_S1.);
#9517 = LINE('',#9518,#9519);
#9518 = CARTESIAN_POINT('',(-4.32,7.482459488698,0.));
#9519 = VECTOR('',#9520,1.);
#9520 = DIRECTION('',(-0.,-0.,-1.));
#9521 = PCURVE('',#9372,#9522);
#9522 = DEFINITIONAL_REPRESENTATION('',(#9523),#9527);
#9523 = LINE('',#9524,#9525);
#9524 = CARTESIAN_POINT('',(8.64,0.));
#9525 = VECTOR('',#9526,1.);
#9526 = DIRECTION('',(0.,-1.));
#9527 = ( GEOMETRIC_REPRESENTATION_CONTEXT(2) 
PARAMETRIC_REPRESENTATION_CONTEXT() REPRESENTATION_CONTEXT('2D SPACE',''
  ) );
#9528 = PCURVE('',#9529,#9534);
#9529 = PLANE('',#9530);
#9530 = AXIS2_PLACEMENT_3D('',#9531,#9532,#9533);
#9531 = CARTESIAN_POINT('',(-4.32,7.482459488698,0.));
#9532 = DIRECTION('',(-0.866025403784,0.5,0.));
#9533 = DIRECTION('',(-0.5,-0.866025403784,0.));
#9534 = DEFINITIONAL_REPRESENTATION('',(#9535),#9539);
#9535 = LINE('',#9536,#9537);
#9536 = CARTESIAN_POINT('',(0.,0.));
#9537 = VECTOR('',#9538,1.);
#9538 = DIRECTION('',(0.,-1.));
#9539 = ( GEOMETRIC_REPRESENTATION_CONTEXT(2) 
PARAMETRIC_REPRESENTATION_CONTEXT() REPRESENTATION_CONTEXT('2D SPACE',''
  ) );
#9540 = ORIENTED_EDGE('',*,*,#9541,.F.);
#9541 = EDGE_CURVE('',#9357,#9514,#9542,.T.);
#9542 = SURFACE_CURVE('',#9543,(#9547,#9554),.PCURVE_S1.);
#9543 = LINE('',#9544,#9545);
#9544 = CARTESIAN_POINT('',(4.32,7.482459488698,0.));
#9545 = VECTOR('',#9546,1.);
#9546 = DIRECTION('',(-1.,1.02798428206E-16,0.));
#9547 = PCURVE('',#9372,#9548);
#9548 = DEFINITIONAL_REPRESENTATION('',(#9549),#9553);
#9549 = LINE('',#9550,#9551);
#9550 = CARTESIAN_POINT('',(0.,0.));
#9551 = VECTOR('',#9552,1.);
#9552 = DIRECTION('',(1.,0.));
#9553 = ( GEOMETRIC_REPRESENTATION_CONTEXT(2) 
PARAMETRIC_REPRESENTATION_CONTEXT() REPRESENTATION_CONTEXT('2D SPACE',''
  ) );
#9554 = PCURVE('',#9398,#9555);
#9555 = DEFINITIONAL_REPRESENTATION('',(#9556),#9560);
#9556 = LINE('',#9557,#9558);
#9557 = CARTESIAN_POINT('',(4.32,7.482459488698));
#9558 = VECTOR('',#9559,1.);
#9559 = DIRECTION('',(-1.,1.02798428206E-16));
#9560 = ( GEOMETRIC_REPRESENTATION_CONTEXT(2) 
PARAMETRIC_REPRESENTATION_CONTEXT() REPRESENTATION_CONTEXT('2D SPACE',''
  ) );
#9561 = ADVANCED_FACE('',(#9562,#9639),#9398,.T.);
#9562 = FACE_BOUND('',#9563,.T.);
#9563 = EDGE_LOOP('',(#9564,#9565,#9566,#9589,#9617,#9638));
#9564 = ORIENTED_EDGE('',*,*,#9384,.T.);
#9565 = ORIENTED_EDGE('',*,*,#9541,.T.);
#9566 = ORIENTED_EDGE('',*,*,#9567,.T.);
#9567 = EDGE_CURVE('',#9514,#9568,#9570,.T.);
#9568 = VERTEX_POINT('',#9569);
#9569 = CARTESIAN_POINT('',(-8.64,1.058094834463E-15,0.));
#9570 = SURFACE_CURVE('',#9571,(#9575,#9582),.PCURVE_S1.);
#9571 = LINE('',#9572,#9573);
#9572 = CARTESIAN_POINT('',(-4.32,7.482459488698,0.));
#9573 = VECTOR('',#9574,1.);
#9574 = DIRECTION('',(-0.5,-0.866025403784,0.));
#9575 = PCURVE('',#9398,#9576);
#9576 = DEFINITIONAL_REPRESENTATION('',(#9577),#9581);
#9577 = LINE('',#9578,#9579);
#9578 = CARTESIAN_POINT('',(-4.32,7.482459488698));
#9579 = VECTOR('',#9580,1.);
#9580 = DIRECTION('',(-0.5,-0.866025403784));
#9581 = ( GEOMETRIC_REPRESENTATION_CONTEXT(2) 
PARAMETRIC_REPRESENTATION_CONTEXT() REPRESENTATION_CONTEXT('2D SPACE',''
  ) );
#9582 = PCURVE('',#9529,#9583);
#9583 = DEFINITIONAL_REPRESENTATION('',(#9584),#9588);
#9584 = LINE('',#9585,#9586);
#9585 = CARTESIAN_POINT('',(0.,0.));
#9586 = VECTOR('',#9587,1.);
#9587 = DIRECTION('',(1.,0.));
#9588 = ( GEOMETRIC_REPRESENTATION_CONTEXT(2) 
PARAMETRIC_REPRESENTATION_CONTEXT() REPRESENTATION_CONTEXT('2D SPACE',''
  ) );
#9589 = ORIENTED_EDGE('',*,*,#9590,.T.);
#9590 = EDGE_CURVE('',#9568,#9591,#9593,.T.);
#9591 = VERTEX_POINT('',#9592);
#9592 = CARTESIAN_POINT('',(-4.32,-7.482459488698,0.));
#9593 = SURFACE_CURVE('',#9594,(#9598,#9605),.PCURVE_S1.);
#9594 = LINE('',#9595,#9596);
#9595 = CARTESIAN_POINT('',(-8.64,1.058094834463E-15,0.));
#9596 = VECTOR('',#9597,1.);
#9597 = DIRECTION('',(0.5,-0.866025403784,0.));
#9598 = PCURVE('',#9398,#9599);
#9599 = DEFINITIONAL_REPRESENTATION('',(#9600),#9604);
#9600 = LINE('',#9601,#9602);
#9601 = CARTESIAN_POINT('',(-8.64,6.469011216392E-16));
#9602 = VECTOR('',#9603,1.);
#9603 = DIRECTION('',(0.5,-0.866025403784));
#9604 = ( GEOMETRIC_REPRESENTATION_CONTEXT(2) 
PARAMETRIC_REPRESENTATION_CONTEXT() REPRESENTATION_CONTEXT('2D SPACE',''
  ) );
#9605 = PCURVE('',#9606,#9611);
#9606 = PLANE('',#9607);
#9607 = AXIS2_PLACEMENT_3D('',#9608,#9609,#9610);
#9608 = CARTESIAN_POINT('',(-8.64,1.058094834463E-15,0.));
#9609 = DIRECTION('',(-0.866025403784,-0.5,0.));
#9610 = DIRECTION('',(0.5,-0.866025403784,0.));
#9611 = DEFINITIONAL_REPRESENTATION('',(#9612),#9616);
#9612 = LINE('',#9613,#9614);
#9613 = CARTESIAN_POINT('',(0.,0.));
#9614 = VECTOR('',#9615,1.);
#9615 = DIRECTION('',(1.,0.));
#9616 = ( GEOMETRIC_REPRESENTATION_CONTEXT(2) 
PARAMETRIC_REPRESENTATION_CONTEXT() REPRESENTATION_CONTEXT('2D SPACE',''
  ) );
#9617 = ORIENTED_EDGE('',*,*,#9618,.T.);
#9618 = EDGE_CURVE('',#9591,#9414,#9619,.T.);
#9619 = SURFACE_CURVE('',#9620,(#9624,#9631),.PCURVE_S1.);
#9620 = LINE('',#9621,#9622);
#9621 = CARTESIAN_POINT('',(-4.32,-7.482459488698,0.));
#9622 = VECTOR('',#9623,1.);
#9623 = DIRECTION('',(1.,-7.195889974422E-16,0.));
#9624 = PCURVE('',#9398,#9625);
#9625 = DEFINITIONAL_REPRESENTATION('',(#9626),#9630);
#9626 = LINE('',#9627,#9628);
#9627 = CARTESIAN_POINT('',(-4.32,-7.482459488698));
#9628 = VECTOR('',#9629,1.);
#9629 = DIRECTION('',(1.,-7.195889974422E-16));
#9630 = ( GEOMETRIC_REPRESENTATION_CONTEXT(2) 
PARAMETRIC_REPRESENTATION_CONTEXT() REPRESENTATION_CONTEXT('2D SPACE',''
  ) );
#9631 = PCURVE('',#9431,#9632);
#9632 = DEFINITIONAL_REPRESENTATION('',(#9633),#9637);
#9633 = LINE('',#9634,#9635);
#9634 = CARTESIAN_POINT('',(0.,0.));
#9635 = VECTOR('',#9636,1.);
#9636 = DIRECTION('',(1.,0.));
#9637 = ( GEOMETRIC_REPRESENTATION_CONTEXT(2) 
PARAMETRIC_REPRESENTATION_CONTEXT() REPRESENTATION_CONTEXT('2D SPACE',''
  ) );
#9638 = ORIENTED_EDGE('',*,*,#9465,.T.);
#9639 = FACE_BOUND('',#9640,.T.);
#9640 = EDGE_LOOP('',(#9641));
#9641 = ORIENTED_EDGE('',*,*,#9642,.T.);
#9642 = EDGE_CURVE('',#9643,#9643,#9645,.T.);
#9643 = VERTEX_POINT('',#9644);
#9644 = CARTESIAN_POINT('',(5.4,0.,0.));
#9645 = SURFACE_CURVE('',#9646,(#9651,#9662),.PCURVE_S1.);
#9646 = CIRCLE('',#9647,5.4);
#9647 = AXIS2_PLACEMENT_3D('',#9648,#9649,#9650);
#9648 = CARTESIAN_POINT('',(0.,0.,0.));
#9649 = DIRECTION('',(0.,0.,-1.));
#9650 = DIRECTION('',(1.,0.,0.));
#9651 = PCURVE('',#9398,#9652);
#9652 = DEFINITIONAL_REPRESENTATION('',(#9653),#9661);
#9653 = ( BOUNDED_CURVE() B_SPLINE_CURVE(2,(#9654,#9655,#9656,#9657,
#9658,#9659,#9660),.UNSPECIFIED.,.T.,.F.) B_SPLINE_CURVE_WITH_KNOTS((1,2
    ,2,2,2,1),(-2.094395102393,0.,2.094395102393,4.188790204786,
6.28318530718,8.377580409573),.UNSPECIFIED.) CURVE() 
GEOMETRIC_REPRESENTATION_ITEM() RATIONAL_B_SPLINE_CURVE((1.,0.5,1.,0.5,
1.,0.5,1.)) REPRESENTATION_ITEM('') );
#9654 = CARTESIAN_POINT('',(5.4,-4.111937128241E-16));
#9655 = CARTESIAN_POINT('',(5.4,-9.353074360872));
#9656 = CARTESIAN_POINT('',(-2.7,-4.676537180436));
#9657 = CARTESIAN_POINT('',(-10.8,-1.733812255903E-15));
#9658 = CARTESIAN_POINT('',(-2.7,4.676537180436));
#9659 = CARTESIAN_POINT('',(5.4,9.353074360872));
#9660 = CARTESIAN_POINT('',(5.4,-4.111937128241E-16));
#9661 = ( GEOMETRIC_REPRESENTATION_CONTEXT(2) 
PARAMETRIC_REPRESENTATION_CONTEXT() REPRESENTATION_CONTEXT('2D SPACE',''
  ) );
#9662 = PCURVE('',#9663,#9668);
#9663 = CYLINDRICAL_SURFACE('',#9664,5.4);
#9664 = AXIS2_PLACEMENT_3D('',#9665,#9666,#9667);
#9665 = CARTESIAN_POINT('',(0.,0.,-17.2800002));
#9666 = DIRECTION('',(-0.,-0.,-1.));
#9667 = DIRECTION('',(1.,0.,0.));
#9668 = DEFINITIONAL_REPRESENTATION('',(#9669),#9673);
#9669 = LINE('',#9670,#9671);
#9670 = CARTESIAN_POINT('',(-6.28318530718,-17.2800002));
#9671 = VECTOR('',#9672,1.);
#9672 = DIRECTION('',(1.,-0.));
#9673 = ( GEOMETRIC_REPRESENTATION_CONTEXT(2) 
PARAMETRIC_REPRESENTATION_CONTEXT() REPRESENTATION_CONTEXT('2D SPACE',''
  ) );
#9674 = ADVANCED_FACE('',(#9675,#9747),#9344,.F.);
#9675 = FACE_BOUND('',#9676,.F.);
#9676 = EDGE_LOOP('',(#9677,#9678,#9679,#9702,#9725,#9746));
#9677 = ORIENTED_EDGE('',*,*,#9328,.T.);
#9678 = ORIENTED_EDGE('',*,*,#9490,.T.);
#9679 = ORIENTED_EDGE('',*,*,#9680,.T.);
#9680 = EDGE_CURVE('',#9491,#9681,#9683,.T.);
#9681 = VERTEX_POINT('',#9682);
#9682 = CARTESIAN_POINT('',(-8.64,1.058094834463E-15,-8.64));
#9683 = SURFACE_CURVE('',#9684,(#9688,#9695),.PCURVE_S1.);
#9684 = LINE('',#9685,#9686);
#9685 = CARTESIAN_POINT('',(-4.32,7.482459488698,-8.64));
#9686 = VECTOR('',#9687,1.);
#9687 = DIRECTION('',(-0.5,-0.866025403784,0.));
#9688 = PCURVE('',#9344,#9689);
#9689 = DEFINITIONAL_REPRESENTATION('',(#9690),#9694);
#9690 = LINE('',#9691,#9692);
#9691 = CARTESIAN_POINT('',(-4.32,7.482459488698));
#9692 = VECTOR('',#9693,1.);
#9693 = DIRECTION('',(-0.5,-0.866025403784));
#9694 = ( GEOMETRIC_REPRESENTATION_CONTEXT(2) 
PARAMETRIC_REPRESENTATION_CONTEXT() REPRESENTATION_CONTEXT('2D SPACE',''
  ) );
#9695 = PCURVE('',#9529,#9696);
#9696 = DEFINITIONAL_REPRESENTATION('',(#9697),#9701);
#9697 = LINE('',#9698,#9699);
#9698 = CARTESIAN_POINT('',(-0.,-8.64));
#9699 = VECTOR('',#9700,1.);
#9700 = DIRECTION('',(1.,0.));
#9701 = ( GEOMETRIC_REPRESENTATION_CONTEXT(2) 
PARAMETRIC_REPRESENTATION_CONTEXT() REPRESENTATION_CONTEXT('2D SPACE',''
  ) );
#9702 = ORIENTED_EDGE('',*,*,#9703,.T.);
#9703 = EDGE_CURVE('',#9681,#9704,#9706,.T.);
#9704 = VERTEX_POINT('',#9705);
#9705 = CARTESIAN_POINT('',(-4.32,-7.482459488698,-8.64));
#9706 = SURFACE_CURVE('',#9707,(#9711,#9718),.PCURVE_S1.);
#9707 = LINE('',#9708,#9709);
#9708 = CARTESIAN_POINT('',(-8.64,1.058094834463E-15,-8.64));
#9709 = VECTOR('',#9710,1.);
#9710 = DIRECTION('',(0.5,-0.866025403784,0.));
#9711 = PCURVE('',#9344,#9712);
#9712 = DEFINITIONAL_REPRESENTATION('',(#9713),#9717);
#9713 = LINE('',#9714,#9715);
#9714 = CARTESIAN_POINT('',(-8.64,6.469011216392E-16));
#9715 = VECTOR('',#9716,1.);
#9716 = DIRECTION('',(0.5,-0.866025403784));
#9717 = ( GEOMETRIC_REPRESENTATION_CONTEXT(2) 
PARAMETRIC_REPRESENTATION_CONTEXT() REPRESENTATION_CONTEXT('2D SPACE',''
  ) );
#9718 = PCURVE('',#9606,#9719);
#9719 = DEFINITIONAL_REPRESENTATION('',(#9720),#9724);
#9720 = LINE('',#9721,#9722);
#9721 = CARTESIAN_POINT('',(0.,-8.64));
#9722 = VECTOR('',#9723,1.);
#9723 = DIRECTION('',(1.,0.));
#9724 = ( GEOMETRIC_REPRESENTATION_CONTEXT(2) 
PARAMETRIC_REPRESENTATION_CONTEXT() REPRESENTATION_CONTEXT('2D SPACE',''
  ) );
#9725 = ORIENTED_EDGE('',*,*,#9726,.T.);
#9726 = EDGE_CURVE('',#9704,#9416,#9727,.T.);
#9727 = SURFACE_CURVE('',#9728,(#9732,#9739),.PCURVE_S1.);
#9728 = LINE('',#9729,#9730);
#9729 = CARTESIAN_POINT('',(-4.32,-7.482459488698,-8.64));
#9730 = VECTOR('',#9731,1.);
#9731 = DIRECTION('',(1.,-7.195889974422E-16,0.));
#9732 = PCURVE('',#9344,#9733);
#9733 = DEFINITIONAL_REPRESENTATION('',(#9734),#9738);
#9734 = LINE('',#9735,#9736);
#9735 = CARTESIAN_POINT('',(-4.32,-7.482459488698));
#9736 = VECTOR('',#9737,1.);
#9737 = DIRECTION('',(1.,-7.195889974422E-16));
#9738 = ( GEOMETRIC_REPRESENTATION_CONTEXT(2) 
PARAMETRIC_REPRESENTATION_CONTEXT() REPRESENTATION_CONTEXT('2D SPACE',''
  ) );
#9739 = PCURVE('',#9431,#9740);
#9740 = DEFINITIONAL_REPRESENTATION('',(#9741),#9745);
#9741 = LINE('',#9742,#9743);
#9742 = CARTESIAN_POINT('',(0.,-8.64));
#9743 = VECTOR('',#9744,1.);
#9744 = DIRECTION('',(1.,0.));
#9745 = ( GEOMETRIC_REPRESENTATION_CONTEXT(2) 
PARAMETRIC_REPRESENTATION_CONTEXT() REPRESENTATION_CONTEXT('2D SPACE',''
  ) );
#9746 = ORIENTED_EDGE('',*,*,#9443,.T.);
#9747 = FACE_BOUND('',#9748,.F.);
#9748 = EDGE_LOOP('',(#9749));
#9749 = ORIENTED_EDGE('',*,*,#9750,.F.);
#9750 = EDGE_CURVE('',#9751,#9751,#9753,.T.);
#9751 = VERTEX_POINT('',#9752);
#9752 = CARTESIAN_POINT('',(5.4,0.,-8.64));
#9753 = SURFACE_CURVE('',#9754,(#9759,#9766),.PCURVE_S1.);
#9754 = CIRCLE('',#9755,5.4);
#9755 = AXIS2_PLACEMENT_3D('',#9756,#9757,#9758);
#9756 = CARTESIAN_POINT('',(2.815412774984E-16,0.,-8.64));
#9757 = DIRECTION('',(0.,0.,1.));
#9758 = DIRECTION('',(1.,0.,0.));
#9759 = PCURVE('',#9344,#9760);
#9760 = DEFINITIONAL_REPRESENTATION('',(#9761),#9765);
#9761 = CIRCLE('',#9762,5.4);
#9762 = AXIS2_PLACEMENT_2D('',#9763,#9764);
#9763 = CARTESIAN_POINT('',(2.815412774984E-16,-4.111937128241E-16));
#9764 = DIRECTION('',(1.,0.));
#9765 = ( GEOMETRIC_REPRESENTATION_CONTEXT(2) 
PARAMETRIC_REPRESENTATION_CONTEXT() REPRESENTATION_CONTEXT('2D SPACE',''
  ) );
#9766 = PCURVE('',#9663,#9767);
#9767 = DEFINITIONAL_REPRESENTATION('',(#9768),#9772);
#9768 = LINE('',#9769,#9770);
#9769 = CARTESIAN_POINT('',(-6.28318530718,-8.6400002));
#9770 = VECTOR('',#9771,1.);
#9771 = DIRECTION('',(-1.,-0.));
#9772 = ( GEOMETRIC_REPRESENTATION_CONTEXT(2) 
PARAMETRIC_REPRESENTATION_CONTEXT() REPRESENTATION_CONTEXT('2D SPACE',''
  ) );
#9773 = ADVANCED_FACE('',(#9774),#9431,.T.);
#9774 = FACE_BOUND('',#9775,.T.);
#9775 = EDGE_LOOP('',(#9776,#9797,#9798,#9799));
#9776 = ORIENTED_EDGE('',*,*,#9777,.T.);
#9777 = EDGE_CURVE('',#9591,#9704,#9778,.T.);
#9778 = SURFACE_CURVE('',#9779,(#9783,#9790),.PCURVE_S1.);
#9779 = LINE('',#9780,#9781);
#9780 = CARTESIAN_POINT('',(-4.32,-7.482459488698,0.));
#9781 = VECTOR('',#9782,1.);
#9782 = DIRECTION('',(-0.,-0.,-1.));
#9783 = PCURVE('',#9431,#9784);
#9784 = DEFINITIONAL_REPRESENTATION('',(#9785),#9789);
#9785 = LINE('',#9786,#9787);
#9786 = CARTESIAN_POINT('',(0.,0.));
#9787 = VECTOR('',#9788,1.);
#9788 = DIRECTION('',(0.,-1.));
#9789 = ( GEOMETRIC_REPRESENTATION_CONTEXT(2) 
PARAMETRIC_REPRESENTATION_CONTEXT() REPRESENTATION_CONTEXT('2D SPACE',''
  ) );
#9790 = PCURVE('',#9606,#9791);
#9791 = DEFINITIONAL_REPRESENTATION('',(#9792),#9796);
#9792 = LINE('',#9793,#9794);
#9793 = CARTESIAN_POINT('',(8.64,0.));
#9794 = VECTOR('',#9795,1.);
#9795 = DIRECTION('',(0.,-1.));
#9796 = ( GEOMETRIC_REPRESENTATION_CONTEXT(2) 
PARAMETRIC_REPRESENTATION_CONTEXT() REPRESENTATION_CONTEXT('2D SPACE',''
  ) );
#9797 = ORIENTED_EDGE('',*,*,#9726,.T.);
#9798 = ORIENTED_EDGE('',*,*,#9413,.F.);
#9799 = ORIENTED_EDGE('',*,*,#9618,.F.);
#9800 = ADVANCED_FACE('',(#9801),#9529,.T.);
#9801 = FACE_BOUND('',#9802,.T.);
#9802 = EDGE_LOOP('',(#9803,#9804,#9805,#9826));
#9803 = ORIENTED_EDGE('',*,*,#9513,.T.);
#9804 = ORIENTED_EDGE('',*,*,#9680,.T.);
#9805 = ORIENTED_EDGE('',*,*,#9806,.F.);
#9806 = EDGE_CURVE('',#9568,#9681,#9807,.T.);
#9807 = SURFACE_CURVE('',#9808,(#9812,#9819),.PCURVE_S1.);
#9808 = LINE('',#9809,#9810);
#9809 = CARTESIAN_POINT('',(-8.64,1.058094834463E-15,0.));
#9810 = VECTOR('',#9811,1.);
#9811 = DIRECTION('',(-0.,-0.,-1.));
#9812 = PCURVE('',#9529,#9813);
#9813 = DEFINITIONAL_REPRESENTATION('',(#9814),#9818);
#9814 = LINE('',#9815,#9816);
#9815 = CARTESIAN_POINT('',(8.64,0.));
#9816 = VECTOR('',#9817,1.);
#9817 = DIRECTION('',(0.,-1.));
#9818 = ( GEOMETRIC_REPRESENTATION_CONTEXT(2) 
PARAMETRIC_REPRESENTATION_CONTEXT() REPRESENTATION_CONTEXT('2D SPACE',''
  ) );
#9819 = PCURVE('',#9606,#9820);
#9820 = DEFINITIONAL_REPRESENTATION('',(#9821),#9825);
#9821 = LINE('',#9822,#9823);
#9822 = CARTESIAN_POINT('',(0.,0.));
#9823 = VECTOR('',#9824,1.);
#9824 = DIRECTION('',(0.,-1.));
#9825 = ( GEOMETRIC_REPRESENTATION_CONTEXT(2) 
PARAMETRIC_REPRESENTATION_CONTEXT() REPRESENTATION_CONTEXT('2D SPACE',''
  ) );
#9826 = ORIENTED_EDGE('',*,*,#9567,.F.);
#9827 = ADVANCED_FACE('',(#9828),#9606,.T.);
#9828 = FACE_BOUND('',#9829,.T.);
#9829 = EDGE_LOOP('',(#9830,#9831,#9832,#9833));
#9830 = ORIENTED_EDGE('',*,*,#9806,.T.);
#9831 = ORIENTED_EDGE('',*,*,#9703,.T.);
#9832 = ORIENTED_EDGE('',*,*,#9777,.F.);
#9833 = ORIENTED_EDGE('',*,*,#9590,.F.);
#9834 = ADVANCED_FACE('',(#9835),#9663,.F.);
#9835 = FACE_BOUND('',#9836,.T.);
#9836 = EDGE_LOOP('',(#9837,#9838,#9859,#9860));
#9837 = ORIENTED_EDGE('',*,*,#9750,.F.);
#9838 = ORIENTED_EDGE('',*,*,#9839,.T.);
#9839 = EDGE_CURVE('',#9751,#9643,#9840,.T.);
#9840 = SEAM_CURVE('',#9841,(#9845,#9852),.PCURVE_S1.);
#9841 = LINE('',#9842,#9843);
#9842 = CARTESIAN_POINT('',(5.4,0.,-17.2800002));
#9843 = VECTOR('',#9844,1.);
#9844 = DIRECTION('',(0.,0.,1.));
#9845 = PCURVE('',#9663,#9846);
#9846 = DEFINITIONAL_REPRESENTATION('',(#9847),#9851);
#9847 = LINE('',#9848,#9849);
#9848 = CARTESIAN_POINT('',(-0.,0.));
#9849 = VECTOR('',#9850,1.);
#9850 = DIRECTION('',(-0.,-1.));
#9851 = ( GEOMETRIC_REPRESENTATION_CONTEXT(2) 
PARAMETRIC_REPRESENTATION_CONTEXT() REPRESENTATION_CONTEXT('2D SPACE',''
  ) );
#9852 = PCURVE('',#9663,#9853);
#9853 = DEFINITIONAL_REPRESENTATION('',(#9854),#9858);
#9854 = LINE('',#9855,#9856);
#9855 = CARTESIAN_POINT('',(-6.28318530718,0.));
#9856 = VECTOR('',#9857,1.);
#9857 = DIRECTION('',(-0.,-1.));
#9858 = ( GEOMETRIC_REPRESENTATION_CONTEXT(2) 
PARAMETRIC_REPRESENTATION_CONTEXT() REPRESENTATION_CONTEXT('2D SPACE',''
  ) );
#9859 = ORIENTED_EDGE('',*,*,#9642,.F.);
#9860 = ORIENTED_EDGE('',*,*,#9839,.F.);
#9861 = ( GEOMETRIC_REPRESENTATION_CONTEXT(3) 
GLOBAL_UNCERTAINTY_ASSIGNED_CONTEXT((#9865)) 
GLOBAL_UNIT_ASSIGNED_CONTEXT((#9862,#9863,#9864)) REPRESENTATION_CONTEXT
('Context #1','3D Context with UNIT and UNCERTAINTY') );
#9862 = ( LENGTH_UNIT() NAMED_UNIT(*) SI_UNIT(.MILLI.,.METRE.) );
#9863 = ( NAMED_UNIT(*) PLANE_ANGLE_UNIT() SI_UNIT($,.RADIAN.) );
#9864 = ( NAMED_UNIT(*) SI_UNIT($,.STERADIAN.) SOLID_ANGLE_UNIT() );
#9865 = UNCERTAINTY_MEASURE_WITH_UNIT(LENGTH_MEASURE(1.E-07),#9862,
  'distance_accuracy_value','confusion accuracy');
#9866 = SHAPE_DEFINITION_REPRESENTATION(#9867,#9286);
#9867 = PRODUCT_DEFINITION_SHAPE('','',#9868);
#9868 = PRODUCT_DEFINITION('design','',#9869,#9872);
#9869 = PRODUCT_DEFINITION_FORMATION('','',#9870);
#9870 = PRODUCT('auto_nut_5_part','auto_nut_5_part','',(#9871));
#9871 = PRODUCT_CONTEXT('',#2,'mechanical');
#9872 = PRODUCT_DEFINITION_CONTEXT('part definition',#2,'design');
#9873 = CONTEXT_DEPENDENT_SHAPE_REPRESENTATION(#9874,#9876);
#9874 = ( REPRESENTATION_RELATIONSHIP('','',#9286,#9276) 
REPRESENTATION_RELATIONSHIP_WITH_TRANSFORMATION(#9875) 
SHAPE_REPRESENTATION_RELATIONSHIP() );
#9875 = ITEM_DEFINED_TRANSFORMATION('','',#11,#9277);
#9876 = PRODUCT_DEFINITION_SHAPE('Placement','Placement of an item',
  #9877);
#9877 = NEXT_ASSEMBLY_USAGE_OCCURRENCE('28','','',#9271,#9868,$);
#9878 = PRODUCT_RELATED_PRODUCT_CATEGORY('part',$,(#9870));
#9879 = CONTEXT_DEPENDENT_SHAPE_REPRESENTATION(#9880,#9882);
#9880 = ( REPRESENTATION_RELATIONSHIP('','',#9276,#32) 
REPRESENTATION_RELATIONSHIP_WITH_TRANSFORMATION(#9881) 
SHAPE_REPRESENTATION_RELATIONSHIP() );
#9881 = ITEM_DEFINED_TRANSFORMATION('','',#11,#89);
#9882 = PRODUCT_DEFINITION_SHAPE('Placement','Placement of an item',
  #9883);
#9883 = NEXT_ASSEMBLY_USAGE_OCCURRENCE('29','','',#27,#9271,$);
#9884 = PRODUCT_RELATED_PRODUCT_CATEGORY('part',$,(#9273));
#9885 = CONTEXT_DEPENDENT_SHAPE_REPRESENTATION(#9886,#9888);
#9886 = ( REPRESENTATION_RELATIONSHIP('','',#32,#10) 
REPRESENTATION_RELATIONSHIP_WITH_TRANSFORMATION(#9887) 
SHAPE_REPRESENTATION_RELATIONSHIP() );
#9887 = ITEM_DEFINED_TRANSFORMATION('','',#11,#15);
#9888 = PRODUCT_DEFINITION_SHAPE('Placement','Placement of an item',
  #9889);
#9889 = NEXT_ASSEMBLY_USAGE_OCCURRENCE('30','','',#5,#27,$);
#9890 = PRODUCT_RELATED_PRODUCT_CATEGORY('part',$,(#29));
#9891 = MECHANICAL_DESIGN_GEOMETRIC_PRESENTATION_REPRESENTATION('',(
    #9892),#9861);
#9892 = STYLED_ITEM('color',(#9893),#3117);
#9893 = PRESENTATION_STYLE_ASSIGNMENT((#9894));
#9894 = SURFACE_STYLE_USAGE(.BOTH.,#9895);
#9895 = SURFACE_SIDE_STYLE('',(#9896));
#9896 = SURFACE_STYLE_FILL_AREA(#9897);
#9897 = FILL_AREA_STYLE('',(#9898));
#9898 = FILL_AREA_STYLE_COLOUR('',#9899);
#9899 = COLOUR_RGB('',0.752941088125,0.752941088125,0.752941088125);
#9900 = MECHANICAL_DESIGN_GEOMETRIC_PRESENTATION_REPRESENTATION('',(
    #9901),#9245);
#9901 = STYLED_ITEM('color',(#9902),#2499);
#9902 = PRESENTATION_STYLE_ASSIGNMENT((#9903));
#9903 = SURFACE_STYLE_USAGE(.BOTH.,#9904);
#9904 = SURFACE_SIDE_STYLE('',(#9905));
#9905 = SURFACE_STYLE_FILL_AREA(#9906);
#9906 = FILL_AREA_STYLE('',(#9907));
#9907 = FILL_AREA_STYLE_COLOUR('',#9899);
#9908 = MECHANICAL_DESIGN_GEOMETRIC_PRESENTATION_REPRESENTATION('',(
    #9909),#7393);
#9909 = STYLED_ITEM('color',(#9910),#3117);
#9910 = PRESENTATION_STYLE_ASSIGNMENT((#9911));
#9911 = SURFACE_STYLE_USAGE(.BOTH.,#9912);
#9912 = SURFACE_SIDE_STYLE('',(#9913));
#9913 = SURFACE_STYLE_FILL_AREA(#9914);
#9914 = FILL_AREA_STYLE('',(#9915));
#9915 = FILL_AREA_STYLE_COLOUR('',#9899);
#9916 = MECHANICAL_DESIGN_GEOMETRIC_PRESENTATION_REPRESENTATION('',(
    #9917),#4925);
#9917 = STYLED_ITEM('color',(#9918),#3117);
#9918 = PRESENTATION_STYLE_ASSIGNMENT((#9919));
#9919 = SURFACE_STYLE_USAGE(.BOTH.,#9920);
#9920 = SURFACE_SIDE_STYLE('',(#9921));
#9921 = SURFACE_STYLE_FILL_AREA(#9922);
#9922 = FILL_AREA_STYLE('',(#9923));
#9923 = FILL_AREA_STYLE_COLOUR('',#9899);
#9924 = MECHANICAL_DESIGN_GEOMETRIC_PRESENTATION_REPRESENTATION('',(
    #9925),#8011);
#9925 = STYLED_ITEM('color',(#9926),#2499);
#9926 = PRESENTATION_STYLE_ASSIGNMENT((#9927));
#9927 = SURFACE_STYLE_USAGE(.BOTH.,#9928);
#9928 = SURFACE_SIDE_STYLE('',(#9929));
#9929 = SURFACE_STYLE_FILL_AREA(#9930);
#9930 = FILL_AREA_STYLE('',(#9931));
#9931 = FILL_AREA_STYLE_COLOUR('',#9899);
#9932 = MECHANICAL_DESIGN_GEOMETRIC_PRESENTATION_REPRESENTATION('',(
    #9933),#2457);
#9933 = STYLED_ITEM('color',(#9934),#803);
#9934 = PRESENTATION_STYLE_ASSIGNMENT((#9935));
#9935 = SURFACE_STYLE_USAGE(.BOTH.,#9936);
#9936 = SURFACE_SIDE_STYLE('',(#9937));
#9937 = SURFACE_STYLE_FILL_AREA(#9938);
#9938 = FILL_AREA_STYLE('',(#9939));
#9939 = FILL_AREA_STYLE_COLOUR('',#9940);
#9940 = DRAUGHTING_PRE_DEFINED_COLOUR('yellow');
#9941 = MECHANICAL_DESIGN_GEOMETRIC_PRESENTATION_REPRESENTATION('',(
    #9942),#6777);
#9942 = STYLED_ITEM('color',(#9943),#2499);
#9943 = PRESENTATION_STYLE_ASSIGNMENT((#9944));
#9944 = SURFACE_STYLE_USAGE(.BOTH.,#9945);
#9945 = SURFACE_SIDE_STYLE('',(#9946));
#9946 = SURFACE_STYLE_FILL_AREA(#9947);
#9947 = FILL_AREA_STYLE('',(#9948));
#9948 = FILL_AREA_STYLE_COLOUR('',#9899);
#9949 = MECHANICAL_DESIGN_GEOMETRIC_PRESENTATION_REPRESENTATION('',(
    #9950),#6159);
#9950 = STYLED_ITEM('color',(#9951),#3117);
#9951 = PRESENTATION_STYLE_ASSIGNMENT((#9952));
#9952 = SURFACE_STYLE_USAGE(.BOTH.,#9953);
#9953 = SURFACE_SIDE_STYLE('',(#9954));
#9954 = SURFACE_STYLE_FILL_AREA(#9955);
#9955 = FILL_AREA_STYLE('',(#9956));
#9956 = FILL_AREA_STYLE_COLOUR('',#9899);
#9957 = MECHANICAL_DESIGN_GEOMETRIC_PRESENTATION_REPRESENTATION('',(
    #9958),#4309);
#9958 = STYLED_ITEM('color',(#9959),#2499);
#9959 = PRESENTATION_STYLE_ASSIGNMENT((#9960));
#9960 = SURFACE_STYLE_USAGE(.BOTH.,#9961);
#9961 = SURFACE_SIDE_STYLE('',(#9962));
#9962 = SURFACE_STYLE_FILL_AREA(#9963);
#9963 = FILL_AREA_STYLE('',(#9964));
#9964 = FILL_AREA_STYLE_COLOUR('',#9899);
#9965 = MECHANICAL_DESIGN_GEOMETRIC_PRESENTATION_REPRESENTATION('',(
    #9966),#3691);
#9966 = STYLED_ITEM('color',(#9967),#3117);
#9967 = PRESENTATION_STYLE_ASSIGNMENT((#9968));
#9968 = SURFACE_STYLE_USAGE(.BOTH.,#9969);
#9969 = SURFACE_SIDE_STYLE('',(#9970));
#9970 = SURFACE_STYLE_FILL_AREA(#9971);
#9971 = FILL_AREA_STYLE('',(#9972));
#9972 = FILL_AREA_STYLE_COLOUR('',#9899);
#9973 = MECHANICAL_DESIGN_GEOMETRIC_PRESENTATION_REPRESENTATION('',(
    #9974),#8627);
#9974 = STYLED_ITEM('color',(#9975),#3117);
#9975 = PRESENTATION_STYLE_ASSIGNMENT((#9976));
#9976 = SURFACE_STYLE_USAGE(.BOTH.,#9977);
#9977 = SURFACE_SIDE_STYLE('',(#9978));
#9978 = SURFACE_STYLE_FILL_AREA(#9979);
#9979 = FILL_AREA_STYLE('',(#9980));
#9980 = FILL_AREA_STYLE_COLOUR('',#9899);
#9981 = MECHANICAL_DESIGN_GEOMETRIC_PRESENTATION_REPRESENTATION('',(
    #9982),#761);
#9982 = STYLED_ITEM('color',(#9983),#135);
#9983 = PRESENTATION_STYLE_ASSIGNMENT((#9984));
#9984 = SURFACE_STYLE_USAGE(.BOTH.,#9985);
#9985 = SURFACE_SIDE_STYLE('',(#9986));
#9986 = SURFACE_STYLE_FILL_AREA(#9987);
#9987 = FILL_AREA_STYLE('',(#9988));
#9988 = FILL_AREA_STYLE_COLOUR('',#9989);
#9989 = DRAUGHTING_PRE_DEFINED_COLOUR('green');
#9990 = MECHANICAL_DESIGN_GEOMETRIC_PRESENTATION_REPRESENTATION('',(
    #9991),#3075);
#9991 = STYLED_ITEM('color',(#9992),#2499);
#9992 = PRESENTATION_STYLE_ASSIGNMENT((#9993));
#9993 = SURFACE_STYLE_USAGE(.BOTH.,#9994);
#9994 = SURFACE_SIDE_STYLE('',(#9995));
#9995 = SURFACE_STYLE_FILL_AREA(#9996);
#9996 = FILL_AREA_STYLE('',(#9997));
#9997 = FILL_AREA_STYLE_COLOUR('',#9899);
#9998 = MECHANICAL_DESIGN_GEOMETRIC_PRESENTATION_REPRESENTATION('',(
    #9999),#5543);
#9999 = STYLED_ITEM('color',(#10000),#2499);
#10000 = PRESENTATION_STYLE_ASSIGNMENT((#10001));
#10001 = SURFACE_STYLE_USAGE(.BOTH.,#10002);
#10002 = SURFACE_SIDE_STYLE('',(#10003));
#10003 = SURFACE_STYLE_FILL_AREA(#10004);
#10004 = FILL_AREA_STYLE('',(#10005));
#10005 = FILL_AREA_STYLE_COLOUR('',#9899);
ENDSEC;
END-ISO-10303-21;
