ISO-10303-21;
HEADER;
FILE_DESCRIPTION(('Open CASCADE Model'),'2;1');
FILE_NAME('Open CASCADE Shape Model','2026-05-06T00:40:49',('Author'),(
    'Open CASCADE'),'Open CASCADE STEP processor 7.5','Open CASCADE 7.5'
  ,'Unknown');
FILE_SCHEMA(('AUTOMOTIVE_DESIGN { 1 0 10303 214 1 1 1 1 }'));
ENDSEC;
DATA;
#1 = APPLICATION_PROTOCOL_DEFINITION('international standard',
  'automotive_design',2000,#2);
#2 = APPLICATION_CONTEXT(
  'core data for automotive mechanical design processes');
#3 = SHAPE_DEFINITION_REPRESENTATION(#4,#10);
#4 = PRODUCT_DEFINITION_SHAPE('','',#5);
#5 = PRODUCT_DEFINITION('design','',#6,#9);
#6 = PRODUCT_DEFINITION_FORMATION('','',#7);
#7 = PRODUCT('CQ assembly','CQ assembly','',(#8));
#8 = PRODUCT_CONTEXT('',#2,'mechanical');
#9 = PRODUCT_DEFINITION_CONTEXT('part definition',#2,'design');
#10 = SHAPE_REPRESENTATION('',(#11,#15),#19);
#11 = AXIS2_PLACEMENT_3D('',#12,#13,#14);
#12 = CARTESIAN_POINT('',(0.,0.,0.));
#13 = DIRECTION('',(0.,0.,1.));
#14 = DIRECTION('',(1.,0.,-0.));
#15 = AXIS2_PLACEMENT_3D('',#16,#17,#18);
#16 = CARTESIAN_POINT('',(0.,0.,0.));
#17 = DIRECTION('',(0.,0.,1.));
#18 = DIRECTION('',(1.,0.,-0.));
#19 = ( GEOMETRIC_REPRESENTATION_CONTEXT(3) 
GLOBAL_UNCERTAINTY_ASSIGNED_CONTEXT((#23)) GLOBAL_UNIT_ASSIGNED_CONTEXT(
(#20,#21,#22)) REPRESENTATION_CONTEXT('Context #1',
  '3D Context with UNIT and UNCERTAINTY') );
#20 = ( LENGTH_UNIT() NAMED_UNIT(*) SI_UNIT(.MILLI.,.METRE.) );
#21 = ( NAMED_UNIT(*) PLANE_ANGLE_UNIT() SI_UNIT($,.RADIAN.) );
#22 = ( NAMED_UNIT(*) SI_UNIT($,.STERADIAN.) SOLID_ANGLE_UNIT() );
#23 = UNCERTAINTY_MEASURE_WITH_UNIT(LENGTH_MEASURE(1.E-07),#20,
  'distance_accuracy_value','confusion accuracy');
#24 = PRODUCT_RELATED_PRODUCT_CATEGORY('part',$,(#7));
#25 = SHAPE_DEFINITION_REPRESENTATION(#26,#32);
#26 = PRODUCT_DEFINITION_SHAPE('','',#27);
#27 = PRODUCT_DEFINITION('design','',#28,#31);
#28 = PRODUCT_DEFINITION_FORMATION('','',#29);
#29 = PRODUCT('3a604da2-48e4-11f1-ae72-7a8fb7826e87',
  '3a604da2-48e4-11f1-ae72-7a8fb7826e87','',(#30));
#30 = PRODUCT_CONTEXT('',#2,'mechanical');
#31 = PRODUCT_DEFINITION_CONTEXT('part definition',#2,'design');
#32 = SHAPE_REPRESENTATION('',(#11,#33,#37,#41,#45),#49);
#33 = AXIS2_PLACEMENT_3D('',#34,#35,#36);
#34 = CARTESIAN_POINT('',(0.,0.,0.));
#35 = DIRECTION('',(0.,0.,1.));
#36 = DIRECTION('',(1.,0.,-0.));
#37 = AXIS2_PLACEMENT_3D('',#38,#39,#40);
#38 = CARTESIAN_POINT('',(0.,0.,0.));
#39 = DIRECTION('',(0.,0.,1.));
#40 = DIRECTION('',(1.,0.,-0.));
#41 = AXIS2_PLACEMENT_3D('',#42,#43,#44);
#42 = CARTESIAN_POINT('',(0.,0.,25.));
#43 = DIRECTION('',(0.,0.,1.));
#44 = DIRECTION('',(1.,0.,-0.));
#45 = AXIS2_PLACEMENT_3D('',#46,#47,#48);
#46 = CARTESIAN_POINT('',(0.,0.,50.));
#47 = DIRECTION('',(0.,0.,1.));
#48 = DIRECTION('',(1.,0.,-0.));
#49 = ( GEOMETRIC_REPRESENTATION_CONTEXT(3) 
GLOBAL_UNCERTAINTY_ASSIGNED_CONTEXT((#53)) GLOBAL_UNIT_ASSIGNED_CONTEXT(
(#50,#51,#52)) REPRESENTATION_CONTEXT('Context #1',
  '3D Context with UNIT and UNCERTAINTY') );
#50 = ( LENGTH_UNIT() NAMED_UNIT(*) SI_UNIT(.MILLI.,.METRE.) );
#51 = ( NAMED_UNIT(*) PLANE_ANGLE_UNIT() SI_UNIT($,.RADIAN.) );
#52 = ( NAMED_UNIT(*) SI_UNIT($,.STERADIAN.) SOLID_ANGLE_UNIT() );
#53 = UNCERTAINTY_MEASURE_WITH_UNIT(LENGTH_MEASURE(1.E-07),#50,
  'distance_accuracy_value','confusion accuracy');
#54 = SHAPE_REPRESENTATION('',(#11),#55);
#55 = ( GEOMETRIC_REPRESENTATION_CONTEXT(3) 
GLOBAL_UNCERTAINTY_ASSIGNED_CONTEXT((#59)) GLOBAL_UNIT_ASSIGNED_CONTEXT(
(#56,#57,#58)) REPRESENTATION_CONTEXT('Context #1',
  '3D Context with UNIT and UNCERTAINTY') );
#56 = ( LENGTH_UNIT() NAMED_UNIT(*) SI_UNIT(.MILLI.,.METRE.) );
#57 = ( NAMED_UNIT(*) PLANE_ANGLE_UNIT() SI_UNIT($,.RADIAN.) );
#58 = ( NAMED_UNIT(*) SI_UNIT($,.STERADIAN.) SOLID_ANGLE_UNIT() );
#59 = UNCERTAINTY_MEASURE_WITH_UNIT(LENGTH_MEASURE(1.E-07),#56,
  'distance_accuracy_value','confusion accuracy');
#60 = SHAPE_DEFINITION_REPRESENTATION(#61,#54);
#61 = PRODUCT_DEFINITION_SHAPE('','',#62);
#62 = PRODUCT_DEFINITION('design','',#63,#66);
#63 = PRODUCT_DEFINITION_FORMATION('','',#64);
#64 = PRODUCT('3a604da2-48e4-11f1-ae72-7a8fb7826e87_part',
  '3a604da2-48e4-11f1-ae72-7a8fb7826e87_part','',(#65));
#65 = PRODUCT_CONTEXT('',#2,'mechanical');
#66 = PRODUCT_DEFINITION_CONTEXT('part definition',#2,'design');
#67 = CONTEXT_DEPENDENT_SHAPE_REPRESENTATION(#68,#70);
#68 = ( REPRESENTATION_RELATIONSHIP('','',#54,#32) 
REPRESENTATION_RELATIONSHIP_WITH_TRANSFORMATION(#69) 
SHAPE_REPRESENTATION_RELATIONSHIP() );
#69 = ITEM_DEFINED_TRANSFORMATION('','',#11,#33);
#70 = PRODUCT_DEFINITION_SHAPE('Placement','Placement of an item',#71);
#71 = NEXT_ASSEMBLY_USAGE_OCCURRENCE('50','','',#27,#62,$);
#72 = PRODUCT_RELATED_PRODUCT_CATEGORY('part',$,(#64));
#73 = SHAPE_DEFINITION_REPRESENTATION(#74,#80);
#74 = PRODUCT_DEFINITION_SHAPE('','',#75);
#75 = PRODUCT_DEFINITION('design','',#76,#79);
#76 = PRODUCT_DEFINITION_FORMATION('','',#77);
#77 = PRODUCT('gear_0','gear_0','',(#78));
#78 = PRODUCT_CONTEXT('',#2,'mechanical');
#79 = PRODUCT_DEFINITION_CONTEXT('part definition',#2,'design');
#80 = SHAPE_REPRESENTATION('',(#11,#81),#85);
#81 = AXIS2_PLACEMENT_3D('',#82,#83,#84);
#82 = CARTESIAN_POINT('',(0.,0.,0.));
#83 = DIRECTION('',(0.,0.,1.));
#84 = DIRECTION('',(1.,0.,-0.));
#85 = ( GEOMETRIC_REPRESENTATION_CONTEXT(3) 
GLOBAL_UNCERTAINTY_ASSIGNED_CONTEXT((#89)) GLOBAL_UNIT_ASSIGNED_CONTEXT(
(#86,#87,#88)) REPRESENTATION_CONTEXT('Context #1',
  '3D Context with UNIT and UNCERTAINTY') );
#86 = ( LENGTH_UNIT() NAMED_UNIT(*) SI_UNIT(.MILLI.,.METRE.) );
#87 = ( NAMED_UNIT(*) PLANE_ANGLE_UNIT() SI_UNIT($,.RADIAN.) );
#88 = ( NAMED_UNIT(*) SI_UNIT($,.STERADIAN.) SOLID_ANGLE_UNIT() );
#89 = UNCERTAINTY_MEASURE_WITH_UNIT(LENGTH_MEASURE(1.E-07),#86,
  'distance_accuracy_value','confusion accuracy');
#90 = ADVANCED_BREP_SHAPE_REPRESENTATION('',(#11,#91),#5209);
#91 = MANIFOLD_SOLID_BREP('',#92);
#92 = CLOSED_SHELL('',(#93,#227,#310,#393,#476,#559,#642,#725,#808,#891,
    #974,#1057,#1140,#1223,#1306,#1389,#1472,#1555,#1638,#1721,#1804,
    #1887,#1970,#2053,#2136,#2219,#2302,#2385,#2468,#2551,#2634,#2717,
    #2800,#2883,#2966,#3049,#3132,#3215,#3298,#3381,#3464,#3547,#3630,
    #3713,#3796,#3879,#3962,#4045,#4128,#4211,#4294,#4377,#4460,#4543,
    #4626,#4709,#4792,#4875,#4958,#5032,#5083,#5146));
#93 = ADVANCED_FACE('',(#94),#109,.T.);
#94 = FACE_BOUND('',#95,.T.);
#95 = EDGE_LOOP('',(#96,#137,#168,#198));
#96 = ORIENTED_EDGE('',*,*,#97,.F.);
#97 = EDGE_CURVE('',#98,#100,#102,.T.);
#98 = VERTEX_POINT('',#99);
#99 = CARTESIAN_POINT('',(5.307160011181,-4.637246227929,0.));
#100 = VERTEX_POINT('',#101);
#101 = CARTESIAN_POINT('',(5.92720780767,-6.09247138727,0.));
#102 = SURFACE_CURVE('',#103,(#108,#124),.PCURVE_S1.);
#103 = B_SPLINE_CURVE_WITH_KNOTS('',3,(#104,#105,#106,#107),
  .UNSPECIFIED.,.F.,.F.,(4,4),(0.,1.),.PIECEWISE_BEZIER_KNOTS.);
#104 = CARTESIAN_POINT('',(5.307160011181,-4.637246227929,0.));
#105 = CARTESIAN_POINT('',(5.666694491275,-5.036385827691,0.));
#106 = CARTESIAN_POINT('',(5.825531987556,-5.575799616592,0.));
#107 = CARTESIAN_POINT('',(5.92720780767,-6.09247138727,0.));
#108 = PCURVE('',#109,#118);
#109 = B_SPLINE_SURFACE_WITH_KNOTS('',1,3,(
    (#110,#111,#112,#113)
    ,(#114,#115,#116,#117
    )),.UNSPECIFIED.,.F.,.F.,.F.,(2,2),(4,4),(0.,1.),(0.,1.),
  .PIECEWISE_BEZIER_KNOTS.);
#110 = CARTESIAN_POINT('',(5.307160011181,-4.637246227929,0.));
#111 = CARTESIAN_POINT('',(5.666694491275,-5.036385827691,0.));
#112 = CARTESIAN_POINT('',(5.825531987556,-5.575799616592,0.));
#113 = CARTESIAN_POINT('',(5.92720780767,-6.09247138727,0.));
#114 = CARTESIAN_POINT('',(5.307160011181,-4.637246227929,10.));
#115 = CARTESIAN_POINT('',(5.666694491275,-5.036385827691,10.));
#116 = CARTESIAN_POINT('',(5.825531987556,-5.575799616592,10.));
#117 = CARTESIAN_POINT('',(5.92720780767,-6.09247138727,10.));
#118 = DEFINITIONAL_REPRESENTATION('',(#119),#123);
#119 = LINE('',#120,#121);
#120 = CARTESIAN_POINT('',(0.,0.));
#121 = VECTOR('',#122,1.);
#122 = DIRECTION('',(0.,1.));
#123 = ( GEOMETRIC_REPRESENTATION_CONTEXT(2) 
PARAMETRIC_REPRESENTATION_CONTEXT() REPRESENTATION_CONTEXT('2D SPACE',''
  ) );
#124 = PCURVE('',#125,#130);
#125 = PLANE('',#126);
#126 = AXIS2_PLACEMENT_3D('',#127,#128,#129);
#127 = CARTESIAN_POINT('',(-2.263227021701E-15,7.950879242905E-16,0.));
#128 = DIRECTION('',(0.,0.,1.));
#129 = DIRECTION('',(1.,0.,0.));
#130 = DEFINITIONAL_REPRESENTATION('',(#131),#136);
#131 = B_SPLINE_CURVE_WITH_KNOTS('',3,(#132,#133,#134,#135),
  .UNSPECIFIED.,.F.,.F.,(4,4),(0.,1.),.PIECEWISE_BEZIER_KNOTS.);
#132 = CARTESIAN_POINT('',(5.307160011181,-4.637246227929));
#133 = CARTESIAN_POINT('',(5.666694491275,-5.036385827691));
#134 = CARTESIAN_POINT('',(5.825531987556,-5.575799616592));
#135 = CARTESIAN_POINT('',(5.92720780767,-6.09247138727));
#136 = ( GEOMETRIC_REPRESENTATION_CONTEXT(2) 
PARAMETRIC_REPRESENTATION_CONTEXT() REPRESENTATION_CONTEXT('2D SPACE',''
  ) );
#137 = ORIENTED_EDGE('',*,*,#138,.T.);
#138 = EDGE_CURVE('',#98,#139,#141,.T.);
#139 = VERTEX_POINT('',#140);
#140 = CARTESIAN_POINT('',(5.307160011181,-4.637246227929,10.));
#141 = SURFACE_CURVE('',#142,(#145,#152),.PCURVE_S1.);
#142 = B_SPLINE_CURVE_WITH_KNOTS('',1,(#143,#144),.UNSPECIFIED.,.F.,.F.,
  (2,2),(0.,1.),.PIECEWISE_BEZIER_KNOTS.);
#143 = CARTESIAN_POINT('',(5.307160011181,-4.637246227929,0.));
#144 = CARTESIAN_POINT('',(5.307160011181,-4.637246227929,10.));
#145 = PCURVE('',#109,#146);
#146 = DEFINITIONAL_REPRESENTATION('',(#147),#151);
#147 = LINE('',#148,#149);
#148 = CARTESIAN_POINT('',(0.,0.));
#149 = VECTOR('',#150,1.);
#150 = DIRECTION('',(1.,0.));
#151 = ( GEOMETRIC_REPRESENTATION_CONTEXT(2) 
PARAMETRIC_REPRESENTATION_CONTEXT() REPRESENTATION_CONTEXT('2D SPACE',''
  ) );
#152 = PCURVE('',#153,#162);
#153 = B_SPLINE_SURFACE_WITH_KNOTS('',1,3,(
    (#154,#155,#156,#157)
    ,(#158,#159,#160,#161
    )),.UNSPECIFIED.,.F.,.F.,.F.,(2,2),(4,4),(0.,1.),(0.,1.),
  .PIECEWISE_BEZIER_KNOTS.);
#154 = CARTESIAN_POINT('',(6.050285878059,-3.614421220123,0.));
#155 = CARTESIAN_POINT('',(5.299446331875,-2.913853888868,0.));
#156 = CARTESIAN_POINT('',(4.408858705867,-4.139642595901,0.));
#157 = CARTESIAN_POINT('',(5.307160011181,-4.637246227929,0.));
#158 = CARTESIAN_POINT('',(6.050285878059,-3.614421220123,10.));
#159 = CARTESIAN_POINT('',(5.299446331875,-2.913853888868,10.));
#160 = CARTESIAN_POINT('',(4.408858705867,-4.139642595901,10.));
#161 = CARTESIAN_POINT('',(5.307160011181,-4.637246227929,10.));
#162 = DEFINITIONAL_REPRESENTATION('',(#163),#167);
#163 = LINE('',#164,#165);
#164 = CARTESIAN_POINT('',(0.,1.));
#165 = VECTOR('',#166,1.);
#166 = DIRECTION('',(1.,0.));
#167 = ( GEOMETRIC_REPRESENTATION_CONTEXT(2) 
PARAMETRIC_REPRESENTATION_CONTEXT() REPRESENTATION_CONTEXT('2D SPACE',''
  ) );
#168 = ORIENTED_EDGE('',*,*,#169,.T.);
#169 = EDGE_CURVE('',#139,#170,#172,.T.);
#170 = VERTEX_POINT('',#171);
#171 = CARTESIAN_POINT('',(5.92720780767,-6.09247138727,10.));
#172 = SURFACE_CURVE('',#173,(#178,#185),.PCURVE_S1.);
#173 = B_SPLINE_CURVE_WITH_KNOTS('',3,(#174,#175,#176,#177),
  .UNSPECIFIED.,.F.,.F.,(4,4),(0.,1.),.PIECEWISE_BEZIER_KNOTS.);
#174 = CARTESIAN_POINT('',(5.307160011181,-4.637246227929,10.));
#175 = CARTESIAN_POINT('',(5.666694491275,-5.036385827691,10.));
#176 = CARTESIAN_POINT('',(5.825531987556,-5.575799616592,10.));
#177 = CARTESIAN_POINT('',(5.92720780767,-6.09247138727,10.));
#178 = PCURVE('',#109,#179);
#179 = DEFINITIONAL_REPRESENTATION('',(#180),#184);
#180 = LINE('',#181,#182);
#181 = CARTESIAN_POINT('',(1.,0.));
#182 = VECTOR('',#183,1.);
#183 = DIRECTION('',(0.,1.));
#184 = ( GEOMETRIC_REPRESENTATION_CONTEXT(2) 
PARAMETRIC_REPRESENTATION_CONTEXT() REPRESENTATION_CONTEXT('2D SPACE',''
  ) );
#185 = PCURVE('',#186,#191);
#186 = PLANE('',#187);
#187 = AXIS2_PLACEMENT_3D('',#188,#189,#190);
#188 = CARTESIAN_POINT('',(-1.212971344964E-15,-8.727476750351E-16,10.)
  );
#189 = DIRECTION('',(9.690907665373E-33,3.854338276001E-33,-1.));
#190 = DIRECTION('',(-1.,0.,-9.690907665373E-33));
#191 = DEFINITIONAL_REPRESENTATION('',(#192),#197);
#192 = B_SPLINE_CURVE_WITH_KNOTS('',3,(#193,#194,#195,#196),
  .UNSPECIFIED.,.F.,.F.,(4,4),(0.,1.),.PIECEWISE_BEZIER_KNOTS.);
#193 = CARTESIAN_POINT('',(-5.307160011181,-4.637246227929));
#194 = CARTESIAN_POINT('',(-5.666694491275,-5.036385827691));
#195 = CARTESIAN_POINT('',(-5.825531987556,-5.575799616592));
#196 = CARTESIAN_POINT('',(-5.92720780767,-6.09247138727));
#197 = ( GEOMETRIC_REPRESENTATION_CONTEXT(2) 
PARAMETRIC_REPRESENTATION_CONTEXT() REPRESENTATION_CONTEXT('2D SPACE',''
  ) );
#198 = ORIENTED_EDGE('',*,*,#199,.F.);
#199 = EDGE_CURVE('',#100,#170,#200,.T.);
#200 = SURFACE_CURVE('',#201,(#204,#211),.PCURVE_S1.);
#201 = B_SPLINE_CURVE_WITH_KNOTS('',1,(#202,#203),.UNSPECIFIED.,.F.,.F.,
  (2,2),(0.,1.),.PIECEWISE_BEZIER_KNOTS.);
#202 = CARTESIAN_POINT('',(5.92720780767,-6.09247138727,0.));
#203 = CARTESIAN_POINT('',(5.92720780767,-6.09247138727,10.));
#204 = PCURVE('',#109,#205);
#205 = DEFINITIONAL_REPRESENTATION('',(#206),#210);
#206 = LINE('',#207,#208);
#207 = CARTESIAN_POINT('',(0.,1.));
#208 = VECTOR('',#209,1.);
#209 = DIRECTION('',(1.,0.));
#210 = ( GEOMETRIC_REPRESENTATION_CONTEXT(2) 
PARAMETRIC_REPRESENTATION_CONTEXT() REPRESENTATION_CONTEXT('2D SPACE',''
  ) );
#211 = PCURVE('',#212,#221);
#212 = B_SPLINE_SURFACE_WITH_KNOTS('',1,3,(
    (#213,#214,#215,#216)
    ,(#217,#218,#219,#220
    )),.UNSPECIFIED.,.F.,.F.,.F.,(2,2),(4,4),(0.,1.),(0.,1.),
  .PIECEWISE_BEZIER_KNOTS.);
#213 = CARTESIAN_POINT('',(5.92720780767,-6.09247138727,0.));
#214 = CARTESIAN_POINT('',(5.770382804415,-6.245043630076,0.));
#215 = CARTESIAN_POINT('',(5.607663380629,-6.391556857339,0.));
#216 = CARTESIAN_POINT('',(5.439534267941,-6.531574614739,0.));
#217 = CARTESIAN_POINT('',(5.92720780767,-6.09247138727,10.));
#218 = CARTESIAN_POINT('',(5.770382804415,-6.245043630076,10.));
#219 = CARTESIAN_POINT('',(5.607663380629,-6.391556857339,10.));
#220 = CARTESIAN_POINT('',(5.439534267941,-6.531574614739,10.));
#221 = DEFINITIONAL_REPRESENTATION('',(#222),#226);
#222 = LINE('',#223,#224);
#223 = CARTESIAN_POINT('',(0.,0.));
#224 = VECTOR('',#225,1.);
#225 = DIRECTION('',(1.,0.));
#226 = ( GEOMETRIC_REPRESENTATION_CONTEXT(2) 
PARAMETRIC_REPRESENTATION_CONTEXT() REPRESENTATION_CONTEXT('2D SPACE',''
  ) );
#227 = ADVANCED_FACE('',(#228),#212,.T.);
#228 = FACE_BOUND('',#229,.T.);
#229 = EDGE_LOOP('',(#230,#255,#256,#281));
#230 = ORIENTED_EDGE('',*,*,#231,.F.);
#231 = EDGE_CURVE('',#100,#232,#234,.T.);
#232 = VERTEX_POINT('',#233);
#233 = CARTESIAN_POINT('',(5.439534267941,-6.531574614739,0.));
#234 = SURFACE_CURVE('',#235,(#240,#247),.PCURVE_S1.);
#235 = B_SPLINE_CURVE_WITH_KNOTS('',3,(#236,#237,#238,#239),
  .UNSPECIFIED.,.F.,.F.,(4,4),(0.,1.),.PIECEWISE_BEZIER_KNOTS.);
#236 = CARTESIAN_POINT('',(5.92720780767,-6.09247138727,0.));
#237 = CARTESIAN_POINT('',(5.770382804415,-6.245043630076,0.));
#238 = CARTESIAN_POINT('',(5.607663380629,-6.391556857339,0.));
#239 = CARTESIAN_POINT('',(5.439534267941,-6.531574614739,0.));
#240 = PCURVE('',#212,#241);
#241 = DEFINITIONAL_REPRESENTATION('',(#242),#246);
#242 = LINE('',#243,#244);
#243 = CARTESIAN_POINT('',(0.,0.));
#244 = VECTOR('',#245,1.);
#245 = DIRECTION('',(0.,1.));
#246 = ( GEOMETRIC_REPRESENTATION_CONTEXT(2) 
PARAMETRIC_REPRESENTATION_CONTEXT() REPRESENTATION_CONTEXT('2D SPACE',''
  ) );
#247 = PCURVE('',#125,#248);
#248 = DEFINITIONAL_REPRESENTATION('',(#249),#254);
#249 = B_SPLINE_CURVE_WITH_KNOTS('',3,(#250,#251,#252,#253),
  .UNSPECIFIED.,.F.,.F.,(4,4),(0.,1.),.PIECEWISE_BEZIER_KNOTS.);
#250 = CARTESIAN_POINT('',(5.92720780767,-6.09247138727));
#251 = CARTESIAN_POINT('',(5.770382804415,-6.245043630076));
#252 = CARTESIAN_POINT('',(5.607663380629,-6.391556857339));
#253 = CARTESIAN_POINT('',(5.439534267941,-6.531574614739));
#254 = ( GEOMETRIC_REPRESENTATION_CONTEXT(2) 
PARAMETRIC_REPRESENTATION_CONTEXT() REPRESENTATION_CONTEXT('2D SPACE',''
  ) );
#255 = ORIENTED_EDGE('',*,*,#199,.T.);
#256 = ORIENTED_EDGE('',*,*,#257,.T.);
#257 = EDGE_CURVE('',#170,#258,#260,.T.);
#258 = VERTEX_POINT('',#259);
#259 = CARTESIAN_POINT('',(5.439534267941,-6.531574614739,10.));
#260 = SURFACE_CURVE('',#261,(#266,#273),.PCURVE_S1.);
#261 = B_SPLINE_CURVE_WITH_KNOTS('',3,(#262,#263,#264,#265),
  .UNSPECIFIED.,.F.,.F.,(4,4),(0.,1.),.PIECEWISE_BEZIER_KNOTS.);
#262 = CARTESIAN_POINT('',(5.92720780767,-6.09247138727,10.));
#263 = CARTESIAN_POINT('',(5.770382804415,-6.245043630076,10.));
#264 = CARTESIAN_POINT('',(5.607663380629,-6.391556857339,10.));
#265 = CARTESIAN_POINT('',(5.439534267941,-6.531574614739,10.));
#266 = PCURVE('',#212,#267);
#267 = DEFINITIONAL_REPRESENTATION('',(#268),#272);
#268 = LINE('',#269,#270);
#269 = CARTESIAN_POINT('',(1.,0.));
#270 = VECTOR('',#271,1.);
#271 = DIRECTION('',(0.,1.));
#272 = ( GEOMETRIC_REPRESENTATION_CONTEXT(2) 
PARAMETRIC_REPRESENTATION_CONTEXT() REPRESENTATION_CONTEXT('2D SPACE',''
  ) );
#273 = PCURVE('',#186,#274);
#274 = DEFINITIONAL_REPRESENTATION('',(#275),#280);
#275 = B_SPLINE_CURVE_WITH_KNOTS('',3,(#276,#277,#278,#279),
  .UNSPECIFIED.,.F.,.F.,(4,4),(0.,1.),.PIECEWISE_BEZIER_KNOTS.);
#276 = CARTESIAN_POINT('',(-5.92720780767,-6.09247138727));
#277 = CARTESIAN_POINT('',(-5.770382804415,-6.245043630076));
#278 = CARTESIAN_POINT('',(-5.607663380629,-6.391556857339));
#279 = CARTESIAN_POINT('',(-5.439534267941,-6.531574614739));
#280 = ( GEOMETRIC_REPRESENTATION_CONTEXT(2) 
PARAMETRIC_REPRESENTATION_CONTEXT() REPRESENTATION_CONTEXT('2D SPACE',''
  ) );
#281 = ORIENTED_EDGE('',*,*,#282,.F.);
#282 = EDGE_CURVE('',#232,#258,#283,.T.);
#283 = SURFACE_CURVE('',#284,(#287,#294),.PCURVE_S1.);
#284 = B_SPLINE_CURVE_WITH_KNOTS('',1,(#285,#286),.UNSPECIFIED.,.F.,.F.,
  (2,2),(0.,1.),.PIECEWISE_BEZIER_KNOTS.);
#285 = CARTESIAN_POINT('',(5.439534267941,-6.531574614739,0.));
#286 = CARTESIAN_POINT('',(5.439534267941,-6.531574614739,10.));
#287 = PCURVE('',#212,#288);
#288 = DEFINITIONAL_REPRESENTATION('',(#289),#293);
#289 = LINE('',#290,#291);
#290 = CARTESIAN_POINT('',(0.,1.));
#291 = VECTOR('',#292,1.);
#292 = DIRECTION('',(1.,0.));
#293 = ( GEOMETRIC_REPRESENTATION_CONTEXT(2) 
PARAMETRIC_REPRESENTATION_CONTEXT() REPRESENTATION_CONTEXT('2D SPACE',''
  ) );
#294 = PCURVE('',#295,#304);
#295 = B_SPLINE_SURFACE_WITH_KNOTS('',1,3,(
    (#296,#297,#298,#299)
    ,(#300,#301,#302,#303
    )),.UNSPECIFIED.,.F.,.F.,.F.,(2,2),(4,4),(0.,1.),(0.,1.),
  .PIECEWISE_BEZIER_KNOTS.);
#296 = CARTESIAN_POINT('',(5.439534267941,-6.531574614739,0.));
#297 = CARTESIAN_POINT('',(4.936320896511,-6.376448879204,0.));
#298 = CARTESIAN_POINT('',(4.416465112181,-6.162097416928,0.));
#299 = CARTESIAN_POINT('',(4.057093627605,-5.762811055341,0.));
#300 = CARTESIAN_POINT('',(5.439534267941,-6.531574614739,10.));
#301 = CARTESIAN_POINT('',(4.936320896511,-6.376448879204,10.));
#302 = CARTESIAN_POINT('',(4.416465112181,-6.162097416928,10.));
#303 = CARTESIAN_POINT('',(4.057093627605,-5.762811055341,10.));
#304 = DEFINITIONAL_REPRESENTATION('',(#305),#309);
#305 = LINE('',#306,#307);
#306 = CARTESIAN_POINT('',(0.,0.));
#307 = VECTOR('',#308,1.);
#308 = DIRECTION('',(1.,0.));
#309 = ( GEOMETRIC_REPRESENTATION_CONTEXT(2) 
PARAMETRIC_REPRESENTATION_CONTEXT() REPRESENTATION_CONTEXT('2D SPACE',''
  ) );
#310 = ADVANCED_FACE('',(#311),#295,.T.);
#311 = FACE_BOUND('',#312,.T.);
#312 = EDGE_LOOP('',(#313,#338,#339,#364));
#313 = ORIENTED_EDGE('',*,*,#314,.F.);
#314 = EDGE_CURVE('',#232,#315,#317,.T.);
#315 = VERTEX_POINT('',#316);
#316 = CARTESIAN_POINT('',(4.057093627605,-5.762811055341,0.));
#317 = SURFACE_CURVE('',#318,(#323,#330),.PCURVE_S1.);
#318 = B_SPLINE_CURVE_WITH_KNOTS('',3,(#319,#320,#321,#322),
  .UNSPECIFIED.,.F.,.F.,(4,4),(0.,1.),.PIECEWISE_BEZIER_KNOTS.);
#319 = CARTESIAN_POINT('',(5.439534267941,-6.531574614739,0.));
#320 = CARTESIAN_POINT('',(4.936320896511,-6.376448879204,0.));
#321 = CARTESIAN_POINT('',(4.416465112181,-6.162097416928,0.));
#322 = CARTESIAN_POINT('',(4.057093627605,-5.762811055341,0.));
#323 = PCURVE('',#295,#324);
#324 = DEFINITIONAL_REPRESENTATION('',(#325),#329);
#325 = LINE('',#326,#327);
#326 = CARTESIAN_POINT('',(0.,0.));
#327 = VECTOR('',#328,1.);
#328 = DIRECTION('',(0.,1.));
#329 = ( GEOMETRIC_REPRESENTATION_CONTEXT(2) 
PARAMETRIC_REPRESENTATION_CONTEXT() REPRESENTATION_CONTEXT('2D SPACE',''
  ) );
#330 = PCURVE('',#125,#331);
#331 = DEFINITIONAL_REPRESENTATION('',(#332),#337);
#332 = B_SPLINE_CURVE_WITH_KNOTS('',3,(#333,#334,#335,#336),
  .UNSPECIFIED.,.F.,.F.,(4,4),(0.,1.),.PIECEWISE_BEZIER_KNOTS.);
#333 = CARTESIAN_POINT('',(5.439534267941,-6.531574614739));
#334 = CARTESIAN_POINT('',(4.936320896511,-6.376448879204));
#335 = CARTESIAN_POINT('',(4.416465112181,-6.162097416928));
#336 = CARTESIAN_POINT('',(4.057093627605,-5.762811055341));
#337 = ( GEOMETRIC_REPRESENTATION_CONTEXT(2) 
PARAMETRIC_REPRESENTATION_CONTEXT() REPRESENTATION_CONTEXT('2D SPACE',''
  ) );
#338 = ORIENTED_EDGE('',*,*,#282,.T.);
#339 = ORIENTED_EDGE('',*,*,#340,.T.);
#340 = EDGE_CURVE('',#258,#341,#343,.T.);
#341 = VERTEX_POINT('',#342);
#342 = CARTESIAN_POINT('',(4.057093627605,-5.762811055341,10.));
#343 = SURFACE_CURVE('',#344,(#349,#356),.PCURVE_S1.);
#344 = B_SPLINE_CURVE_WITH_KNOTS('',3,(#345,#346,#347,#348),
  .UNSPECIFIED.,.F.,.F.,(4,4),(0.,1.),.PIECEWISE_BEZIER_KNOTS.);
#345 = CARTESIAN_POINT('',(5.439534267941,-6.531574614739,10.));
#346 = CARTESIAN_POINT('',(4.936320896511,-6.376448879204,10.));
#347 = CARTESIAN_POINT('',(4.416465112181,-6.162097416928,10.));
#348 = CARTESIAN_POINT('',(4.057093627605,-5.762811055341,10.));
#349 = PCURVE('',#295,#350);
#350 = DEFINITIONAL_REPRESENTATION('',(#351),#355);
#351 = LINE('',#352,#353);
#352 = CARTESIAN_POINT('',(1.,0.));
#353 = VECTOR('',#354,1.);
#354 = DIRECTION('',(0.,1.));
#355 = ( GEOMETRIC_REPRESENTATION_CONTEXT(2) 
PARAMETRIC_REPRESENTATION_CONTEXT() REPRESENTATION_CONTEXT('2D SPACE',''
  ) );
#356 = PCURVE('',#186,#357);
#357 = DEFINITIONAL_REPRESENTATION('',(#358),#363);
#358 = B_SPLINE_CURVE_WITH_KNOTS('',3,(#359,#360,#361,#362),
  .UNSPECIFIED.,.F.,.F.,(4,4),(0.,1.),.PIECEWISE_BEZIER_KNOTS.);
#359 = CARTESIAN_POINT('',(-5.439534267941,-6.531574614739));
#360 = CARTESIAN_POINT('',(-4.936320896511,-6.376448879204));
#361 = CARTESIAN_POINT('',(-4.416465112181,-6.162097416928));
#362 = CARTESIAN_POINT('',(-4.057093627605,-5.762811055341));
#363 = ( GEOMETRIC_REPRESENTATION_CONTEXT(2) 
PARAMETRIC_REPRESENTATION_CONTEXT() REPRESENTATION_CONTEXT('2D SPACE',''
  ) );
#364 = ORIENTED_EDGE('',*,*,#365,.F.);
#365 = EDGE_CURVE('',#315,#341,#366,.T.);
#366 = SURFACE_CURVE('',#367,(#370,#377),.PCURVE_S1.);
#367 = B_SPLINE_CURVE_WITH_KNOTS('',1,(#368,#369),.UNSPECIFIED.,.F.,.F.,
  (2,2),(0.,1.),.PIECEWISE_BEZIER_KNOTS.);
#368 = CARTESIAN_POINT('',(4.057093627605,-5.762811055341,0.));
#369 = CARTESIAN_POINT('',(4.057093627605,-5.762811055341,10.));
#370 = PCURVE('',#295,#371);
#371 = DEFINITIONAL_REPRESENTATION('',(#372),#376);
#372 = LINE('',#373,#374);
#373 = CARTESIAN_POINT('',(0.,1.));
#374 = VECTOR('',#375,1.);
#375 = DIRECTION('',(1.,0.));
#376 = ( GEOMETRIC_REPRESENTATION_CONTEXT(2) 
PARAMETRIC_REPRESENTATION_CONTEXT() REPRESENTATION_CONTEXT('2D SPACE',''
  ) );
#377 = PCURVE('',#378,#387);
#378 = B_SPLINE_SURFACE_WITH_KNOTS('',1,3,(
    (#379,#380,#381,#382)
    ,(#383,#384,#385,#386
    )),.UNSPECIFIED.,.F.,.F.,.F.,(2,2),(4,4),(0.,1.),(0.,1.),
  .PIECEWISE_BEZIER_KNOTS.);
#379 = CARTESIAN_POINT('',(4.057093627605,-5.762811055341,0.));
#380 = CARTESIAN_POINT('',(3.656113975334,-4.817416995597,0.));
#381 = CARTESIAN_POINT('',(2.343948511143,-5.574996079569,0.));
#382 = CARTESIAN_POINT('',(2.962193957333,-6.394951674709,0.));
#383 = CARTESIAN_POINT('',(4.057093627605,-5.762811055341,10.));
#384 = CARTESIAN_POINT('',(3.656113975334,-4.817416995597,10.));
#385 = CARTESIAN_POINT('',(2.343948511143,-5.574996079569,10.));
#386 = CARTESIAN_POINT('',(2.962193957333,-6.394951674709,10.));
#387 = DEFINITIONAL_REPRESENTATION('',(#388),#392);
#388 = LINE('',#389,#390);
#389 = CARTESIAN_POINT('',(0.,0.));
#390 = VECTOR('',#391,1.);
#391 = DIRECTION('',(1.,0.));
#392 = ( GEOMETRIC_REPRESENTATION_CONTEXT(2) 
PARAMETRIC_REPRESENTATION_CONTEXT() REPRESENTATION_CONTEXT('2D SPACE',''
  ) );
#393 = ADVANCED_FACE('',(#394),#378,.T.);
#394 = FACE_BOUND('',#395,.T.);
#395 = EDGE_LOOP('',(#396,#421,#422,#447));
#396 = ORIENTED_EDGE('',*,*,#397,.F.);
#397 = EDGE_CURVE('',#315,#398,#400,.T.);
#398 = VERTEX_POINT('',#399);
#399 = CARTESIAN_POINT('',(2.962193957333,-6.394951674709,0.));
#400 = SURFACE_CURVE('',#401,(#406,#413),.PCURVE_S1.);
#401 = B_SPLINE_CURVE_WITH_KNOTS('',3,(#402,#403,#404,#405),
  .UNSPECIFIED.,.F.,.F.,(4,4),(0.,1.),.PIECEWISE_BEZIER_KNOTS.);
#402 = CARTESIAN_POINT('',(4.057093627605,-5.762811055341,0.));
#403 = CARTESIAN_POINT('',(3.656113975334,-4.817416995597,0.));
#404 = CARTESIAN_POINT('',(2.343948511143,-5.574996079569,0.));
#405 = CARTESIAN_POINT('',(2.962193957333,-6.394951674709,0.));
#406 = PCURVE('',#378,#407);
#407 = DEFINITIONAL_REPRESENTATION('',(#408),#412);
#408 = LINE('',#409,#410);
#409 = CARTESIAN_POINT('',(0.,0.));
#410 = VECTOR('',#411,1.);
#411 = DIRECTION('',(0.,1.));
#412 = ( GEOMETRIC_REPRESENTATION_CONTEXT(2) 
PARAMETRIC_REPRESENTATION_CONTEXT() REPRESENTATION_CONTEXT('2D SPACE',''
  ) );
#413 = PCURVE('',#125,#414);
#414 = DEFINITIONAL_REPRESENTATION('',(#415),#420);
#415 = B_SPLINE_CURVE_WITH_KNOTS('',3,(#416,#417,#418,#419),
  .UNSPECIFIED.,.F.,.F.,(4,4),(0.,1.),.PIECEWISE_BEZIER_KNOTS.);
#416 = CARTESIAN_POINT('',(4.057093627605,-5.762811055341));
#417 = CARTESIAN_POINT('',(3.656113975334,-4.817416995597));
#418 = CARTESIAN_POINT('',(2.343948511143,-5.574996079569));
#419 = CARTESIAN_POINT('',(2.962193957333,-6.394951674709));
#420 = ( GEOMETRIC_REPRESENTATION_CONTEXT(2) 
PARAMETRIC_REPRESENTATION_CONTEXT() REPRESENTATION_CONTEXT('2D SPACE',''
  ) );
#421 = ORIENTED_EDGE('',*,*,#365,.T.);
#422 = ORIENTED_EDGE('',*,*,#423,.T.);
#423 = EDGE_CURVE('',#341,#424,#426,.T.);
#424 = VERTEX_POINT('',#425);
#425 = CARTESIAN_POINT('',(2.962193957333,-6.394951674709,10.));
#426 = SURFACE_CURVE('',#427,(#432,#439),.PCURVE_S1.);
#427 = B_SPLINE_CURVE_WITH_KNOTS('',3,(#428,#429,#430,#431),
  .UNSPECIFIED.,.F.,.F.,(4,4),(0.,1.),.PIECEWISE_BEZIER_KNOTS.);
#428 = CARTESIAN_POINT('',(4.057093627605,-5.762811055341,10.));
#429 = CARTESIAN_POINT('',(3.656113975334,-4.817416995597,10.));
#430 = CARTESIAN_POINT('',(2.343948511143,-5.574996079569,10.));
#431 = CARTESIAN_POINT('',(2.962193957333,-6.394951674709,10.));
#432 = PCURVE('',#378,#433);
#433 = DEFINITIONAL_REPRESENTATION('',(#434),#438);
#434 = LINE('',#435,#436);
#435 = CARTESIAN_POINT('',(1.,0.));
#436 = VECTOR('',#437,1.);
#437 = DIRECTION('',(0.,1.));
#438 = ( GEOMETRIC_REPRESENTATION_CONTEXT(2) 
PARAMETRIC_REPRESENTATION_CONTEXT() REPRESENTATION_CONTEXT('2D SPACE',''
  ) );
#439 = PCURVE('',#186,#440);
#440 = DEFINITIONAL_REPRESENTATION('',(#441),#446);
#441 = B_SPLINE_CURVE_WITH_KNOTS('',3,(#442,#443,#444,#445),
  .UNSPECIFIED.,.F.,.F.,(4,4),(0.,1.),.PIECEWISE_BEZIER_KNOTS.);
#442 = CARTESIAN_POINT('',(-4.057093627605,-5.762811055341));
#443 = CARTESIAN_POINT('',(-3.656113975334,-4.817416995597));
#444 = CARTESIAN_POINT('',(-2.343948511143,-5.574996079569));
#445 = CARTESIAN_POINT('',(-2.962193957333,-6.394951674709));
#446 = ( GEOMETRIC_REPRESENTATION_CONTEXT(2) 
PARAMETRIC_REPRESENTATION_CONTEXT() REPRESENTATION_CONTEXT('2D SPACE',''
  ) );
#447 = ORIENTED_EDGE('',*,*,#448,.F.);
#448 = EDGE_CURVE('',#398,#424,#449,.T.);
#449 = SURFACE_CURVE('',#450,(#453,#460),.PCURVE_S1.);
#450 = B_SPLINE_CURVE_WITH_KNOTS('',1,(#451,#452),.UNSPECIFIED.,.F.,.F.,
  (2,2),(0.,1.),.PIECEWISE_BEZIER_KNOTS.);
#451 = CARTESIAN_POINT('',(2.962193957333,-6.394951674709,0.));
#452 = CARTESIAN_POINT('',(2.962193957333,-6.394951674709,10.));
#453 = PCURVE('',#378,#454);
#454 = DEFINITIONAL_REPRESENTATION('',(#455),#459);
#455 = LINE('',#456,#457);
#456 = CARTESIAN_POINT('',(0.,1.));
#457 = VECTOR('',#458,1.);
#458 = DIRECTION('',(1.,0.));
#459 = ( GEOMETRIC_REPRESENTATION_CONTEXT(2) 
PARAMETRIC_REPRESENTATION_CONTEXT() REPRESENTATION_CONTEXT('2D SPACE',''
  ) );
#460 = PCURVE('',#461,#470);
#461 = B_SPLINE_SURFACE_WITH_KNOTS('',1,3,(
    (#462,#463,#464,#465)
    ,(#466,#467,#468,#469
    )),.UNSPECIFIED.,.F.,.F.,.F.,(2,2),(4,4),(0.,1.),(0.,1.),
  .PIECEWISE_BEZIER_KNOTS.);
#462 = CARTESIAN_POINT('',(2.962193957333,-6.394951674709,0.));
#463 = CARTESIAN_POINT('',(3.128300347563,-6.90581969054,0.));
#464 = CARTESIAN_POINT('',(3.054006267068,-7.463203737212,0.));
#465 = CARTESIAN_POINT('',(2.936742409107,-7.976562168162,0.));
#466 = CARTESIAN_POINT('',(2.962193957333,-6.394951674709,10.));
#467 = CARTESIAN_POINT('',(3.128300347563,-6.90581969054,10.));
#468 = CARTESIAN_POINT('',(3.054006267068,-7.463203737212,10.));
#469 = CARTESIAN_POINT('',(2.936742409107,-7.976562168162,10.));
#470 = DEFINITIONAL_REPRESENTATION('',(#471),#475);
#471 = LINE('',#472,#473);
#472 = CARTESIAN_POINT('',(0.,0.));
#473 = VECTOR('',#474,1.);
#474 = DIRECTION('',(1.,0.));
#475 = ( GEOMETRIC_REPRESENTATION_CONTEXT(2) 
PARAMETRIC_REPRESENTATION_CONTEXT() REPRESENTATION_CONTEXT('2D SPACE',''
  ) );
#476 = ADVANCED_FACE('',(#477),#461,.T.);
#477 = FACE_BOUND('',#478,.T.);
#478 = EDGE_LOOP('',(#479,#504,#505,#530));
#479 = ORIENTED_EDGE('',*,*,#480,.F.);
#480 = EDGE_CURVE('',#398,#481,#483,.T.);
#481 = VERTEX_POINT('',#482);
#482 = CARTESIAN_POINT('',(2.936742409107,-7.976562168162,0.));
#483 = SURFACE_CURVE('',#484,(#489,#496),.PCURVE_S1.);
#484 = B_SPLINE_CURVE_WITH_KNOTS('',3,(#485,#486,#487,#488),
  .UNSPECIFIED.,.F.,.F.,(4,4),(0.,1.),.PIECEWISE_BEZIER_KNOTS.);
#485 = CARTESIAN_POINT('',(2.962193957333,-6.394951674709,0.));
#486 = CARTESIAN_POINT('',(3.128300347563,-6.90581969054,0.));
#487 = CARTESIAN_POINT('',(3.054006267068,-7.463203737212,0.));
#488 = CARTESIAN_POINT('',(2.936742409107,-7.976562168162,0.));
#489 = PCURVE('',#461,#490);
#490 = DEFINITIONAL_REPRESENTATION('',(#491),#495);
#491 = LINE('',#492,#493);
#492 = CARTESIAN_POINT('',(0.,0.));
#493 = VECTOR('',#494,1.);
#494 = DIRECTION('',(0.,1.));
#495 = ( GEOMETRIC_REPRESENTATION_CONTEXT(2) 
PARAMETRIC_REPRESENTATION_CONTEXT() REPRESENTATION_CONTEXT('2D SPACE',''
  ) );
#496 = PCURVE('',#125,#497);
#497 = DEFINITIONAL_REPRESENTATION('',(#498),#503);
#498 = B_SPLINE_CURVE_WITH_KNOTS('',3,(#499,#500,#501,#502),
  .UNSPECIFIED.,.F.,.F.,(4,4),(0.,1.),.PIECEWISE_BEZIER_KNOTS.);
#499 = CARTESIAN_POINT('',(2.962193957333,-6.394951674709));
#500 = CARTESIAN_POINT('',(3.128300347563,-6.90581969054));
#501 = CARTESIAN_POINT('',(3.054006267068,-7.463203737212));
#502 = CARTESIAN_POINT('',(2.936742409107,-7.976562168162));
#503 = ( GEOMETRIC_REPRESENTATION_CONTEXT(2) 
PARAMETRIC_REPRESENTATION_CONTEXT() REPRESENTATION_CONTEXT('2D SPACE',''
  ) );
#504 = ORIENTED_EDGE('',*,*,#448,.T.);
#505 = ORIENTED_EDGE('',*,*,#506,.T.);
#506 = EDGE_CURVE('',#424,#507,#509,.T.);
#507 = VERTEX_POINT('',#508);
#508 = CARTESIAN_POINT('',(2.936742409107,-7.976562168162,10.));
#509 = SURFACE_CURVE('',#510,(#515,#522),.PCURVE_S1.);
#510 = B_SPLINE_CURVE_WITH_KNOTS('',3,(#511,#512,#513,#514),
  .UNSPECIFIED.,.F.,.F.,(4,4),(0.,1.),.PIECEWISE_BEZIER_KNOTS.);
#511 = CARTESIAN_POINT('',(2.962193957333,-6.394951674709,10.));
#512 = CARTESIAN_POINT('',(3.128300347563,-6.90581969054,10.));
#513 = CARTESIAN_POINT('',(3.054006267068,-7.463203737212,10.));
#514 = CARTESIAN_POINT('',(2.936742409107,-7.976562168162,10.));
#515 = PCURVE('',#461,#516);
#516 = DEFINITIONAL_REPRESENTATION('',(#517),#521);
#517 = LINE('',#518,#519);
#518 = CARTESIAN_POINT('',(1.,0.));
#519 = VECTOR('',#520,1.);
#520 = DIRECTION('',(0.,1.));
#521 = ( GEOMETRIC_REPRESENTATION_CONTEXT(2) 
PARAMETRIC_REPRESENTATION_CONTEXT() REPRESENTATION_CONTEXT('2D SPACE',''
  ) );
#522 = PCURVE('',#186,#523);
#523 = DEFINITIONAL_REPRESENTATION('',(#524),#529);
#524 = B_SPLINE_CURVE_WITH_KNOTS('',3,(#525,#526,#527,#528),
  .UNSPECIFIED.,.F.,.F.,(4,4),(0.,1.),.PIECEWISE_BEZIER_KNOTS.);
#525 = CARTESIAN_POINT('',(-2.962193957333,-6.394951674709));
#526 = CARTESIAN_POINT('',(-3.128300347563,-6.90581969054));
#527 = CARTESIAN_POINT('',(-3.054006267068,-7.463203737212));
#528 = CARTESIAN_POINT('',(-2.936742409107,-7.976562168162));
#529 = ( GEOMETRIC_REPRESENTATION_CONTEXT(2) 
PARAMETRIC_REPRESENTATION_CONTEXT() REPRESENTATION_CONTEXT('2D SPACE',''
  ) );
#530 = ORIENTED_EDGE('',*,*,#531,.F.);
#531 = EDGE_CURVE('',#481,#507,#532,.T.);
#532 = SURFACE_CURVE('',#533,(#536,#543),.PCURVE_S1.);
#533 = B_SPLINE_CURVE_WITH_KNOTS('',1,(#534,#535),.UNSPECIFIED.,.F.,.F.,
  (2,2),(0.,1.),.PIECEWISE_BEZIER_KNOTS.);
#534 = CARTESIAN_POINT('',(2.936742409107,-7.976562168162,0.));
#535 = CARTESIAN_POINT('',(2.936742409107,-7.976562168162,10.));
#536 = PCURVE('',#461,#537);
#537 = DEFINITIONAL_REPRESENTATION('',(#538),#542);
#538 = LINE('',#539,#540);
#539 = CARTESIAN_POINT('',(0.,1.));
#540 = VECTOR('',#541,1.);
#541 = DIRECTION('',(1.,0.));
#542 = ( GEOMETRIC_REPRESENTATION_CONTEXT(2) 
PARAMETRIC_REPRESENTATION_CONTEXT() REPRESENTATION_CONTEXT('2D SPACE',''
  ) );
#543 = PCURVE('',#544,#553);
#544 = B_SPLINE_SURFACE_WITH_KNOTS('',1,3,(
    (#545,#546,#547,#548)
    ,(#549,#550,#551,#552
    )),.UNSPECIFIED.,.F.,.F.,.F.,(2,2),(4,4),(0.,1.),(0.,1.),
  .PIECEWISE_BEZIER_KNOTS.);
#545 = CARTESIAN_POINT('',(2.936742409107,-7.976562168162,0.));
#546 = CARTESIAN_POINT('',(2.731418917874,-8.052157372166,0.));
#547 = CARTESIAN_POINT('',(2.52317502918,-8.119819913222,0.));
#548 = CARTESIAN_POINT('',(2.312631089371,-8.179348228586,0.));
#549 = CARTESIAN_POINT('',(2.936742409107,-7.976562168162,10.));
#550 = CARTESIAN_POINT('',(2.731418917874,-8.052157372166,10.));
#551 = CARTESIAN_POINT('',(2.52317502918,-8.119819913222,10.));
#552 = CARTESIAN_POINT('',(2.312631089371,-8.179348228586,10.));
#553 = DEFINITIONAL_REPRESENTATION('',(#554),#558);
#554 = LINE('',#555,#556);
#555 = CARTESIAN_POINT('',(0.,0.));
#556 = VECTOR('',#557,1.);
#557 = DIRECTION('',(1.,0.));
#558 = ( GEOMETRIC_REPRESENTATION_CONTEXT(2) 
PARAMETRIC_REPRESENTATION_CONTEXT() REPRESENTATION_CONTEXT('2D SPACE',''
  ) );
#559 = ADVANCED_FACE('',(#560),#544,.T.);
#560 = FACE_BOUND('',#561,.T.);
#561 = EDGE_LOOP('',(#562,#587,#588,#613));
#562 = ORIENTED_EDGE('',*,*,#563,.F.);
#563 = EDGE_CURVE('',#481,#564,#566,.T.);
#564 = VERTEX_POINT('',#565);
#565 = CARTESIAN_POINT('',(2.312631089371,-8.179348228586,0.));
#566 = SURFACE_CURVE('',#567,(#572,#579),.PCURVE_S1.);
#567 = B_SPLINE_CURVE_WITH_KNOTS('',3,(#568,#569,#570,#571),
  .UNSPECIFIED.,.F.,.F.,(4,4),(0.,1.),.PIECEWISE_BEZIER_KNOTS.);
#568 = CARTESIAN_POINT('',(2.936742409107,-7.976562168162,0.));
#569 = CARTESIAN_POINT('',(2.731418917874,-8.052157372166,0.));
#570 = CARTESIAN_POINT('',(2.52317502918,-8.119819913222,0.));
#571 = CARTESIAN_POINT('',(2.312631089371,-8.179348228586,0.));
#572 = PCURVE('',#544,#573);
#573 = DEFINITIONAL_REPRESENTATION('',(#574),#578);
#574 = LINE('',#575,#576);
#575 = CARTESIAN_POINT('',(0.,0.));
#576 = VECTOR('',#577,1.);
#577 = DIRECTION('',(0.,1.));
#578 = ( GEOMETRIC_REPRESENTATION_CONTEXT(2) 
PARAMETRIC_REPRESENTATION_CONTEXT() REPRESENTATION_CONTEXT('2D SPACE',''
  ) );
#579 = PCURVE('',#125,#580);
#580 = DEFINITIONAL_REPRESENTATION('',(#581),#586);
#581 = B_SPLINE_CURVE_WITH_KNOTS('',3,(#582,#583,#584,#585),
  .UNSPECIFIED.,.F.,.F.,(4,4),(0.,1.),.PIECEWISE_BEZIER_KNOTS.);
#582 = CARTESIAN_POINT('',(2.936742409107,-7.976562168162));
#583 = CARTESIAN_POINT('',(2.731418917874,-8.052157372166));
#584 = CARTESIAN_POINT('',(2.52317502918,-8.119819913222));
#585 = CARTESIAN_POINT('',(2.312631089371,-8.179348228586));
#586 = ( GEOMETRIC_REPRESENTATION_CONTEXT(2) 
PARAMETRIC_REPRESENTATION_CONTEXT() REPRESENTATION_CONTEXT('2D SPACE',''
  ) );
#587 = ORIENTED_EDGE('',*,*,#531,.T.);
#588 = ORIENTED_EDGE('',*,*,#589,.T.);
#589 = EDGE_CURVE('',#507,#590,#592,.T.);
#590 = VERTEX_POINT('',#591);
#591 = CARTESIAN_POINT('',(2.312631089371,-8.179348228586,10.));
#592 = SURFACE_CURVE('',#593,(#598,#605),.PCURVE_S1.);
#593 = B_SPLINE_CURVE_WITH_KNOTS('',3,(#594,#595,#596,#597),
  .UNSPECIFIED.,.F.,.F.,(4,4),(0.,1.),.PIECEWISE_BEZIER_KNOTS.);
#594 = CARTESIAN_POINT('',(2.936742409107,-7.976562168162,10.));
#595 = CARTESIAN_POINT('',(2.731418917874,-8.052157372166,10.));
#596 = CARTESIAN_POINT('',(2.52317502918,-8.119819913222,10.));
#597 = CARTESIAN_POINT('',(2.312631089371,-8.179348228586,10.));
#598 = PCURVE('',#544,#599);
#599 = DEFINITIONAL_REPRESENTATION('',(#600),#604);
#600 = LINE('',#601,#602);
#601 = CARTESIAN_POINT('',(1.,0.));
#602 = VECTOR('',#603,1.);
#603 = DIRECTION('',(0.,1.));
#604 = ( GEOMETRIC_REPRESENTATION_CONTEXT(2) 
PARAMETRIC_REPRESENTATION_CONTEXT() REPRESENTATION_CONTEXT('2D SPACE',''
  ) );
#605 = PCURVE('',#186,#606);
#606 = DEFINITIONAL_REPRESENTATION('',(#607),#612);
#607 = B_SPLINE_CURVE_WITH_KNOTS('',3,(#608,#609,#610,#611),
  .UNSPECIFIED.,.F.,.F.,(4,4),(0.,1.),.PIECEWISE_BEZIER_KNOTS.);
#608 = CARTESIAN_POINT('',(-2.936742409107,-7.976562168162));
#609 = CARTESIAN_POINT('',(-2.731418917874,-8.052157372166));
#610 = CARTESIAN_POINT('',(-2.52317502918,-8.119819913222));
#611 = CARTESIAN_POINT('',(-2.312631089371,-8.179348228586));
#612 = ( GEOMETRIC_REPRESENTATION_CONTEXT(2) 
PARAMETRIC_REPRESENTATION_CONTEXT() REPRESENTATION_CONTEXT('2D SPACE',''
  ) );
#613 = ORIENTED_EDGE('',*,*,#614,.F.);
#614 = EDGE_CURVE('',#564,#590,#615,.T.);
#615 = SURFACE_CURVE('',#616,(#619,#626),.PCURVE_S1.);
#616 = B_SPLINE_CURVE_WITH_KNOTS('',1,(#617,#618),.UNSPECIFIED.,.F.,.F.,
  (2,2),(0.,1.),.PIECEWISE_BEZIER_KNOTS.);
#617 = CARTESIAN_POINT('',(2.312631089371,-8.179348228586,0.));
#618 = CARTESIAN_POINT('',(2.312631089371,-8.179348228586,10.));
#619 = PCURVE('',#544,#620);
#620 = DEFINITIONAL_REPRESENTATION('',(#621),#625);
#621 = LINE('',#622,#623);
#622 = CARTESIAN_POINT('',(0.,1.));
#623 = VECTOR('',#624,1.);
#624 = DIRECTION('',(1.,0.));
#625 = ( GEOMETRIC_REPRESENTATION_CONTEXT(2) 
PARAMETRIC_REPRESENTATION_CONTEXT() REPRESENTATION_CONTEXT('2D SPACE',''
  ) );
#626 = PCURVE('',#627,#636);
#627 = B_SPLINE_SURFACE_WITH_KNOTS('',1,3,(
    (#628,#629,#630,#631)
    ,(#632,#633,#634,#635
    )),.UNSPECIFIED.,.F.,.F.,.F.,(2,2),(4,4),(0.,1.),(0.,1.),
  .PIECEWISE_BEZIER_KNOTS.);
#628 = CARTESIAN_POINT('',(2.312631089371,-8.179348228586,0.));
#629 = CARTESIAN_POINT('',(1.916018120602,-7.832958500079,0.));
#630 = CARTESIAN_POINT('',(1.528290824403,-7.425694298776,0.));
#631 = CARTESIAN_POINT('',(1.3623930314,-6.914758505596,0.));
#632 = CARTESIAN_POINT('',(2.312631089371,-8.179348228586,10.));
#633 = CARTESIAN_POINT('',(1.916018120602,-7.832958500079,10.));
#634 = CARTESIAN_POINT('',(1.528290824403,-7.425694298776,10.));
#635 = CARTESIAN_POINT('',(1.3623930314,-6.914758505596,10.));
#636 = DEFINITIONAL_REPRESENTATION('',(#637),#641);
#637 = LINE('',#638,#639);
#638 = CARTESIAN_POINT('',(0.,0.));
#639 = VECTOR('',#640,1.);
#640 = DIRECTION('',(1.,0.));
#641 = ( GEOMETRIC_REPRESENTATION_CONTEXT(2) 
PARAMETRIC_REPRESENTATION_CONTEXT() REPRESENTATION_CONTEXT('2D SPACE',''
  ) );
#642 = ADVANCED_FACE('',(#643),#627,.T.);
#643 = FACE_BOUND('',#644,.T.);
#644 = EDGE_LOOP('',(#645,#670,#671,#696));
#645 = ORIENTED_EDGE('',*,*,#646,.F.);
#646 = EDGE_CURVE('',#564,#647,#649,.T.);
#647 = VERTEX_POINT('',#648);
#648 = CARTESIAN_POINT('',(1.3623930314,-6.914758505596,0.));
#649 = SURFACE_CURVE('',#650,(#655,#662),.PCURVE_S1.);
#650 = B_SPLINE_CURVE_WITH_KNOTS('',3,(#651,#652,#653,#654),
  .UNSPECIFIED.,.F.,.F.,(4,4),(0.,1.),.PIECEWISE_BEZIER_KNOTS.);
#651 = CARTESIAN_POINT('',(2.312631089371,-8.179348228586,0.));
#652 = CARTESIAN_POINT('',(1.916018120602,-7.832958500079,0.));
#653 = CARTESIAN_POINT('',(1.528290824403,-7.425694298776,0.));
#654 = CARTESIAN_POINT('',(1.3623930314,-6.914758505596,0.));
#655 = PCURVE('',#627,#656);
#656 = DEFINITIONAL_REPRESENTATION('',(#657),#661);
#657 = LINE('',#658,#659);
#658 = CARTESIAN_POINT('',(0.,0.));
#659 = VECTOR('',#660,1.);
#660 = DIRECTION('',(0.,1.));
#661 = ( GEOMETRIC_REPRESENTATION_CONTEXT(2) 
PARAMETRIC_REPRESENTATION_CONTEXT() REPRESENTATION_CONTEXT('2D SPACE',''
  ) );
#662 = PCURVE('',#125,#663);
#663 = DEFINITIONAL_REPRESENTATION('',(#664),#669);
#664 = B_SPLINE_CURVE_WITH_KNOTS('',3,(#665,#666,#667,#668),
  .UNSPECIFIED.,.F.,.F.,(4,4),(0.,1.),.PIECEWISE_BEZIER_KNOTS.);
#665 = CARTESIAN_POINT('',(2.312631089371,-8.179348228586));
#666 = CARTESIAN_POINT('',(1.916018120602,-7.832958500079));
#667 = CARTESIAN_POINT('',(1.528290824403,-7.425694298776));
#668 = CARTESIAN_POINT('',(1.3623930314,-6.914758505596));
#669 = ( GEOMETRIC_REPRESENTATION_CONTEXT(2) 
PARAMETRIC_REPRESENTATION_CONTEXT() REPRESENTATION_CONTEXT('2D SPACE',''
  ) );
#670 = ORIENTED_EDGE('',*,*,#614,.T.);
#671 = ORIENTED_EDGE('',*,*,#672,.T.);
#672 = EDGE_CURVE('',#590,#673,#675,.T.);
#673 = VERTEX_POINT('',#674);
#674 = CARTESIAN_POINT('',(1.3623930314,-6.914758505596,10.));
#675 = SURFACE_CURVE('',#676,(#681,#688),.PCURVE_S1.);
#676 = B_SPLINE_CURVE_WITH_KNOTS('',3,(#677,#678,#679,#680),
  .UNSPECIFIED.,.F.,.F.,(4,4),(0.,1.),.PIECEWISE_BEZIER_KNOTS.);
#677 = CARTESIAN_POINT('',(2.312631089371,-8.179348228586,10.));
#678 = CARTESIAN_POINT('',(1.916018120602,-7.832958500079,10.));
#679 = CARTESIAN_POINT('',(1.528290824403,-7.425694298776,10.));
#680 = CARTESIAN_POINT('',(1.3623930314,-6.914758505596,10.));
#681 = PCURVE('',#627,#682);
#682 = DEFINITIONAL_REPRESENTATION('',(#683),#687);
#683 = LINE('',#684,#685);
#684 = CARTESIAN_POINT('',(1.,0.));
#685 = VECTOR('',#686,1.);
#686 = DIRECTION('',(0.,1.));
#687 = ( GEOMETRIC_REPRESENTATION_CONTEXT(2) 
PARAMETRIC_REPRESENTATION_CONTEXT() REPRESENTATION_CONTEXT('2D SPACE',''
  ) );
#688 = PCURVE('',#186,#689);
#689 = DEFINITIONAL_REPRESENTATION('',(#690),#695);
#690 = B_SPLINE_CURVE_WITH_KNOTS('',3,(#691,#692,#693,#694),
  .UNSPECIFIED.,.F.,.F.,(4,4),(0.,1.),.PIECEWISE_BEZIER_KNOTS.);
#691 = CARTESIAN_POINT('',(-2.312631089371,-8.179348228586));
#692 = CARTESIAN_POINT('',(-1.916018120602,-7.832958500079));
#693 = CARTESIAN_POINT('',(-1.528290824403,-7.425694298776));
#694 = CARTESIAN_POINT('',(-1.3623930314,-6.914758505596));
#695 = ( GEOMETRIC_REPRESENTATION_CONTEXT(2) 
PARAMETRIC_REPRESENTATION_CONTEXT() REPRESENTATION_CONTEXT('2D SPACE',''
  ) );
#696 = ORIENTED_EDGE('',*,*,#697,.F.);
#697 = EDGE_CURVE('',#647,#673,#698,.T.);
#698 = SURFACE_CURVE('',#699,(#702,#709),.PCURVE_S1.);
#699 = B_SPLINE_CURVE_WITH_KNOTS('',1,(#700,#701),.UNSPECIFIED.,.F.,.F.,
  (2,2),(0.,1.),.PIECEWISE_BEZIER_KNOTS.);
#700 = CARTESIAN_POINT('',(1.3623930314,-6.914758505596,0.));
#701 = CARTESIAN_POINT('',(1.3623930314,-6.914758505596,10.));
#702 = PCURVE('',#627,#703);
#703 = DEFINITIONAL_REPRESENTATION('',(#704),#708);
#704 = LINE('',#705,#706);
#705 = CARTESIAN_POINT('',(0.,1.));
#706 = VECTOR('',#707,1.);
#707 = DIRECTION('',(1.,0.));
#708 = ( GEOMETRIC_REPRESENTATION_CONTEXT(2) 
PARAMETRIC_REPRESENTATION_CONTEXT() REPRESENTATION_CONTEXT('2D SPACE',''
  ) );
#709 = PCURVE('',#710,#719);
#710 = B_SPLINE_SURFACE_WITH_KNOTS('',1,3,(
    (#711,#712,#713,#714)
    ,(#715,#716,#717,#718
    )),.UNSPECIFIED.,.F.,.F.,.F.,(2,2),(4,4),(0.,1.),(0.,1.),
  .PIECEWISE_BEZIER_KNOTS.);
#711 = CARTESIAN_POINT('',(1.3623930314,-6.914758505596,0.));
#712 = CARTESIAN_POINT('',(1.380606297705,-5.888004938928,0.));
#713 = CARTESIAN_POINT('',(-0.126251675262,-6.04638209383,0.));
#714 = CARTESIAN_POINT('',(0.105037657575,-7.046911880619,0.));
#715 = CARTESIAN_POINT('',(1.3623930314,-6.914758505596,10.));
#716 = CARTESIAN_POINT('',(1.380606297705,-5.888004938928,10.));
#717 = CARTESIAN_POINT('',(-0.126251675262,-6.04638209383,10.));
#718 = CARTESIAN_POINT('',(0.105037657575,-7.046911880619,10.));
#719 = DEFINITIONAL_REPRESENTATION('',(#720),#724);
#720 = LINE('',#721,#722);
#721 = CARTESIAN_POINT('',(0.,0.));
#722 = VECTOR('',#723,1.);
#723 = DIRECTION('',(1.,0.));
#724 = ( GEOMETRIC_REPRESENTATION_CONTEXT(2) 
PARAMETRIC_REPRESENTATION_CONTEXT() REPRESENTATION_CONTEXT('2D SPACE',''
  ) );
#725 = ADVANCED_FACE('',(#726),#710,.T.);
#726 = FACE_BOUND('',#727,.T.);
#727 = EDGE_LOOP('',(#728,#753,#754,#779));
#728 = ORIENTED_EDGE('',*,*,#729,.F.);
#729 = EDGE_CURVE('',#647,#730,#732,.T.);
#730 = VERTEX_POINT('',#731);
#731 = CARTESIAN_POINT('',(0.105037657575,-7.046911880619,0.));
#732 = SURFACE_CURVE('',#733,(#738,#745),.PCURVE_S1.);
#733 = B_SPLINE_CURVE_WITH_KNOTS('',3,(#734,#735,#736,#737),
  .UNSPECIFIED.,.F.,.F.,(4,4),(0.,1.),.PIECEWISE_BEZIER_KNOTS.);
#734 = CARTESIAN_POINT('',(1.3623930314,-6.914758505596,0.));
#735 = CARTESIAN_POINT('',(1.380606297705,-5.888004938928,0.));
#736 = CARTESIAN_POINT('',(-0.126251675262,-6.04638209383,0.));
#737 = CARTESIAN_POINT('',(0.105037657575,-7.046911880619,0.));
#738 = PCURVE('',#710,#739);
#739 = DEFINITIONAL_REPRESENTATION('',(#740),#744);
#740 = LINE('',#741,#742);
#741 = CARTESIAN_POINT('',(0.,0.));
#742 = VECTOR('',#743,1.);
#743 = DIRECTION('',(0.,1.));
#744 = ( GEOMETRIC_REPRESENTATION_CONTEXT(2) 
PARAMETRIC_REPRESENTATION_CONTEXT() REPRESENTATION_CONTEXT('2D SPACE',''
  ) );
#745 = PCURVE('',#125,#746);
#746 = DEFINITIONAL_REPRESENTATION('',(#747),#752);
#747 = B_SPLINE_CURVE_WITH_KNOTS('',3,(#748,#749,#750,#751),
  .UNSPECIFIED.,.F.,.F.,(4,4),(0.,1.),.PIECEWISE_BEZIER_KNOTS.);
#748 = CARTESIAN_POINT('',(1.3623930314,-6.914758505596));
#749 = CARTESIAN_POINT('',(1.380606297705,-5.888004938928));
#750 = CARTESIAN_POINT('',(-0.126251675262,-6.04638209383));
#751 = CARTESIAN_POINT('',(0.105037657575,-7.046911880619));
#752 = ( GEOMETRIC_REPRESENTATION_CONTEXT(2) 
PARAMETRIC_REPRESENTATION_CONTEXT() REPRESENTATION_CONTEXT('2D SPACE',''
  ) );
#753 = ORIENTED_EDGE('',*,*,#697,.T.);
#754 = ORIENTED_EDGE('',*,*,#755,.T.);
#755 = EDGE_CURVE('',#673,#756,#758,.T.);
#756 = VERTEX_POINT('',#757);
#757 = CARTESIAN_POINT('',(0.105037657575,-7.046911880619,10.));
#758 = SURFACE_CURVE('',#759,(#764,#771),.PCURVE_S1.);
#759 = B_SPLINE_CURVE_WITH_KNOTS('',3,(#760,#761,#762,#763),
  .UNSPECIFIED.,.F.,.F.,(4,4),(0.,1.),.PIECEWISE_BEZIER_KNOTS.);
#760 = CARTESIAN_POINT('',(1.3623930314,-6.914758505596,10.));
#761 = CARTESIAN_POINT('',(1.380606297705,-5.888004938928,10.));
#762 = CARTESIAN_POINT('',(-0.126251675262,-6.04638209383,10.));
#763 = CARTESIAN_POINT('',(0.105037657575,-7.046911880619,10.));
#764 = PCURVE('',#710,#765);
#765 = DEFINITIONAL_REPRESENTATION('',(#766),#770);
#766 = LINE('',#767,#768);
#767 = CARTESIAN_POINT('',(1.,0.));
#768 = VECTOR('',#769,1.);
#769 = DIRECTION('',(0.,1.));
#770 = ( GEOMETRIC_REPRESENTATION_CONTEXT(2) 
PARAMETRIC_REPRESENTATION_CONTEXT() REPRESENTATION_CONTEXT('2D SPACE',''
  ) );
#771 = PCURVE('',#186,#772);
#772 = DEFINITIONAL_REPRESENTATION('',(#773),#778);
#773 = B_SPLINE_CURVE_WITH_KNOTS('',3,(#774,#775,#776,#777),
  .UNSPECIFIED.,.F.,.F.,(4,4),(0.,1.),.PIECEWISE_BEZIER_KNOTS.);
#774 = CARTESIAN_POINT('',(-1.3623930314,-6.914758505596));
#775 = CARTESIAN_POINT('',(-1.380606297705,-5.888004938928));
#776 = CARTESIAN_POINT('',(0.126251675262,-6.04638209383));
#777 = CARTESIAN_POINT('',(-0.105037657575,-7.046911880619));
#778 = ( GEOMETRIC_REPRESENTATION_CONTEXT(2) 
PARAMETRIC_REPRESENTATION_CONTEXT() REPRESENTATION_CONTEXT('2D SPACE',''
  ) );
#779 = ORIENTED_EDGE('',*,*,#780,.F.);
#780 = EDGE_CURVE('',#730,#756,#781,.T.);
#781 = SURFACE_CURVE('',#782,(#785,#792),.PCURVE_S1.);
#782 = B_SPLINE_CURVE_WITH_KNOTS('',1,(#783,#784),.UNSPECIFIED.,.F.,.F.,
  (2,2),(0.,1.),.PIECEWISE_BEZIER_KNOTS.);
#783 = CARTESIAN_POINT('',(0.105037657575,-7.046911880619,0.));
#784 = CARTESIAN_POINT('',(0.105037657575,-7.046911880619,10.));
#785 = PCURVE('',#710,#786);
#786 = DEFINITIONAL_REPRESENTATION('',(#787),#791);
#787 = LINE('',#788,#789);
#788 = CARTESIAN_POINT('',(0.,1.));
#789 = VECTOR('',#790,1.);
#790 = DIRECTION('',(1.,0.));
#791 = ( GEOMETRIC_REPRESENTATION_CONTEXT(2) 
PARAMETRIC_REPRESENTATION_CONTEXT() REPRESENTATION_CONTEXT('2D SPACE',''
  ) );
#792 = PCURVE('',#793,#802);
#793 = B_SPLINE_SURFACE_WITH_KNOTS('',1,3,(
    (#794,#795,#796,#797)
    ,(#798,#799,#800,#801
    )),.UNSPECIFIED.,.F.,.F.,.F.,(2,2),(4,4),(0.,1.),(0.,1.),
  .PIECEWISE_BEZIER_KNOTS.);
#794 = CARTESIAN_POINT('',(0.105037657575,-7.046911880619,0.));
#795 = CARTESIAN_POINT('',(4.899465404118E-02,-7.581174591493,0.));
#796 = CARTESIAN_POINT('',(-0.245584881773,-8.060152130591,0.));
#797 = CARTESIAN_POINT('',(-0.561512431458,-8.481432885387,0.));
#798 = CARTESIAN_POINT('',(0.105037657575,-7.046911880619,10.));
#799 = CARTESIAN_POINT('',(4.899465404118E-02,-7.581174591493,10.));
#800 = CARTESIAN_POINT('',(-0.245584881773,-8.060152130591,10.));
#801 = CARTESIAN_POINT('',(-0.561512431458,-8.481432885387,10.));
#802 = DEFINITIONAL_REPRESENTATION('',(#803),#807);
#803 = LINE('',#804,#805);
#804 = CARTESIAN_POINT('',(0.,0.));
#805 = VECTOR('',#806,1.);
#806 = DIRECTION('',(1.,0.));
#807 = ( GEOMETRIC_REPRESENTATION_CONTEXT(2) 
PARAMETRIC_REPRESENTATION_CONTEXT() REPRESENTATION_CONTEXT('2D SPACE',''
  ) );
#808 = ADVANCED_FACE('',(#809),#793,.T.);
#809 = FACE_BOUND('',#810,.T.);
#810 = EDGE_LOOP('',(#811,#836,#837,#862));
#811 = ORIENTED_EDGE('',*,*,#812,.F.);
#812 = EDGE_CURVE('',#730,#813,#815,.T.);
#813 = VERTEX_POINT('',#814);
#814 = CARTESIAN_POINT('',(-0.561512431458,-8.481432885387,0.));
#815 = SURFACE_CURVE('',#816,(#821,#828),.PCURVE_S1.);
#816 = B_SPLINE_CURVE_WITH_KNOTS('',3,(#817,#818,#819,#820),
  .UNSPECIFIED.,.F.,.F.,(4,4),(0.,1.),.PIECEWISE_BEZIER_KNOTS.);
#817 = CARTESIAN_POINT('',(0.105037657575,-7.046911880619,0.));
#818 = CARTESIAN_POINT('',(4.899465404118E-02,-7.581174591493,0.));
#819 = CARTESIAN_POINT('',(-0.245584881773,-8.060152130591,0.));
#820 = CARTESIAN_POINT('',(-0.561512431458,-8.481432885387,0.));
#821 = PCURVE('',#793,#822);
#822 = DEFINITIONAL_REPRESENTATION('',(#823),#827);
#823 = LINE('',#824,#825);
#824 = CARTESIAN_POINT('',(0.,0.));
#825 = VECTOR('',#826,1.);
#826 = DIRECTION('',(0.,1.));
#827 = ( GEOMETRIC_REPRESENTATION_CONTEXT(2) 
PARAMETRIC_REPRESENTATION_CONTEXT() REPRESENTATION_CONTEXT('2D SPACE',''
  ) );
#828 = PCURVE('',#125,#829);
#829 = DEFINITIONAL_REPRESENTATION('',(#830),#835);
#830 = B_SPLINE_CURVE_WITH_KNOTS('',3,(#831,#832,#833,#834),
  .UNSPECIFIED.,.F.,.F.,(4,4),(0.,1.),.PIECEWISE_BEZIER_KNOTS.);
#831 = CARTESIAN_POINT('',(0.105037657575,-7.046911880619));
#832 = CARTESIAN_POINT('',(4.899465404118E-02,-7.581174591493));
#833 = CARTESIAN_POINT('',(-0.245584881773,-8.060152130591));
#834 = CARTESIAN_POINT('',(-0.561512431458,-8.481432885387));
#835 = ( GEOMETRIC_REPRESENTATION_CONTEXT(2) 
PARAMETRIC_REPRESENTATION_CONTEXT() REPRESENTATION_CONTEXT('2D SPACE',''
  ) );
#836 = ORIENTED_EDGE('',*,*,#780,.T.);
#837 = ORIENTED_EDGE('',*,*,#838,.T.);
#838 = EDGE_CURVE('',#756,#839,#841,.T.);
#839 = VERTEX_POINT('',#840);
#840 = CARTESIAN_POINT('',(-0.561512431458,-8.481432885387,10.));
#841 = SURFACE_CURVE('',#842,(#847,#854),.PCURVE_S1.);
#842 = B_SPLINE_CURVE_WITH_KNOTS('',3,(#843,#844,#845,#846),
  .UNSPECIFIED.,.F.,.F.,(4,4),(0.,1.),.PIECEWISE_BEZIER_KNOTS.);
#843 = CARTESIAN_POINT('',(0.105037657575,-7.046911880619,10.));
#844 = CARTESIAN_POINT('',(4.899465404118E-02,-7.581174591493,10.));
#845 = CARTESIAN_POINT('',(-0.245584881773,-8.060152130591,10.));
#846 = CARTESIAN_POINT('',(-0.561512431458,-8.481432885387,10.));
#847 = PCURVE('',#793,#848);
#848 = DEFINITIONAL_REPRESENTATION('',(#849),#853);
#849 = LINE('',#850,#851);
#850 = CARTESIAN_POINT('',(1.,0.));
#851 = VECTOR('',#852,1.);
#852 = DIRECTION('',(0.,1.));
#853 = ( GEOMETRIC_REPRESENTATION_CONTEXT(2) 
PARAMETRIC_REPRESENTATION_CONTEXT() REPRESENTATION_CONTEXT('2D SPACE',''
  ) );
#854 = PCURVE('',#186,#855);
#855 = DEFINITIONAL_REPRESENTATION('',(#856),#861);
#856 = B_SPLINE_CURVE_WITH_KNOTS('',3,(#857,#858,#859,#860),
  .UNSPECIFIED.,.F.,.F.,(4,4),(0.,1.),.PIECEWISE_BEZIER_KNOTS.);
#857 = CARTESIAN_POINT('',(-0.105037657575,-7.046911880619));
#858 = CARTESIAN_POINT('',(-4.899465404118E-02,-7.581174591493));
#859 = CARTESIAN_POINT('',(0.245584881773,-8.060152130591));
#860 = CARTESIAN_POINT('',(0.561512431458,-8.481432885387));
#861 = ( GEOMETRIC_REPRESENTATION_CONTEXT(2) 
PARAMETRIC_REPRESENTATION_CONTEXT() REPRESENTATION_CONTEXT('2D SPACE',''
  ) );
#862 = ORIENTED_EDGE('',*,*,#863,.F.);
#863 = EDGE_CURVE('',#813,#839,#864,.T.);
#864 = SURFACE_CURVE('',#865,(#868,#875),.PCURVE_S1.);
#865 = B_SPLINE_CURVE_WITH_KNOTS('',1,(#866,#867),.UNSPECIFIED.,.F.,.F.,
  (2,2),(0.,1.),.PIECEWISE_BEZIER_KNOTS.);
#866 = CARTESIAN_POINT('',(-0.561512431458,-8.481432885387,0.));
#867 = CARTESIAN_POINT('',(-0.561512431458,-8.481432885387,10.));
#868 = PCURVE('',#793,#869);
#869 = DEFINITIONAL_REPRESENTATION('',(#870),#874);
#870 = LINE('',#871,#872);
#871 = CARTESIAN_POINT('',(0.,1.));
#872 = VECTOR('',#873,1.);
#873 = DIRECTION('',(1.,0.));
#874 = ( GEOMETRIC_REPRESENTATION_CONTEXT(2) 
PARAMETRIC_REPRESENTATION_CONTEXT() REPRESENTATION_CONTEXT('2D SPACE',''
  ) );
#875 = PCURVE('',#876,#885);
#876 = B_SPLINE_SURFACE_WITH_KNOTS('',1,3,(
    (#877,#878,#879,#880)
    ,(#881,#882,#883,#884
    )),.UNSPECIFIED.,.F.,.F.,.F.,(2,2),(4,4),(0.,1.),(0.,1.),
  .PIECEWISE_BEZIER_KNOTS.);
#877 = CARTESIAN_POINT('',(-0.561512431458,-8.481432885387,0.));
#878 = CARTESIAN_POINT('',(-0.77983211373,-8.466979953055,0.));
#879 = CARTESIAN_POINT('',(-0.997593207139,-8.444092339862,0.));
#880 = CARTESIAN_POINT('',(-1.214147014146,-8.412838226665,0.));
#881 = CARTESIAN_POINT('',(-0.561512431458,-8.481432885387,10.));
#882 = CARTESIAN_POINT('',(-0.77983211373,-8.466979953055,10.));
#883 = CARTESIAN_POINT('',(-0.997593207139,-8.444092339862,10.));
#884 = CARTESIAN_POINT('',(-1.214147014146,-8.412838226665,10.));
#885 = DEFINITIONAL_REPRESENTATION('',(#886),#890);
#886 = LINE('',#887,#888);
#887 = CARTESIAN_POINT('',(0.,0.));
#888 = VECTOR('',#889,1.);
#889 = DIRECTION('',(1.,0.));
#890 = ( GEOMETRIC_REPRESENTATION_CONTEXT(2) 
PARAMETRIC_REPRESENTATION_CONTEXT() REPRESENTATION_CONTEXT('2D SPACE',''
  ) );
#891 = ADVANCED_FACE('',(#892),#876,.T.);
#892 = FACE_BOUND('',#893,.T.);
#893 = EDGE_LOOP('',(#894,#919,#920,#945));
#894 = ORIENTED_EDGE('',*,*,#895,.F.);
#895 = EDGE_CURVE('',#813,#896,#898,.T.);
#896 = VERTEX_POINT('',#897);
#897 = CARTESIAN_POINT('',(-1.214147014146,-8.412838226665,0.));
#898 = SURFACE_CURVE('',#899,(#904,#911),.PCURVE_S1.);
#899 = B_SPLINE_CURVE_WITH_KNOTS('',3,(#900,#901,#902,#903),
  .UNSPECIFIED.,.F.,.F.,(4,4),(0.,1.),.PIECEWISE_BEZIER_KNOTS.);
#900 = CARTESIAN_POINT('',(-0.561512431458,-8.481432885387,0.));
#901 = CARTESIAN_POINT('',(-0.77983211373,-8.466979953055,0.));
#902 = CARTESIAN_POINT('',(-0.997593207139,-8.444092339862,0.));
#903 = CARTESIAN_POINT('',(-1.214147014146,-8.412838226665,0.));
#904 = PCURVE('',#876,#905);
#905 = DEFINITIONAL_REPRESENTATION('',(#906),#910);
#906 = LINE('',#907,#908);
#907 = CARTESIAN_POINT('',(0.,0.));
#908 = VECTOR('',#909,1.);
#909 = DIRECTION('',(0.,1.));
#910 = ( GEOMETRIC_REPRESENTATION_CONTEXT(2) 
PARAMETRIC_REPRESENTATION_CONTEXT() REPRESENTATION_CONTEXT('2D SPACE',''
  ) );
#911 = PCURVE('',#125,#912);
#912 = DEFINITIONAL_REPRESENTATION('',(#913),#918);
#913 = B_SPLINE_CURVE_WITH_KNOTS('',3,(#914,#915,#916,#917),
  .UNSPECIFIED.,.F.,.F.,(4,4),(0.,1.),.PIECEWISE_BEZIER_KNOTS.);
#914 = CARTESIAN_POINT('',(-0.561512431458,-8.481432885387));
#915 = CARTESIAN_POINT('',(-0.77983211373,-8.466979953055));
#916 = CARTESIAN_POINT('',(-0.997593207139,-8.444092339862));
#917 = CARTESIAN_POINT('',(-1.214147014146,-8.412838226665));
#918 = ( GEOMETRIC_REPRESENTATION_CONTEXT(2) 
PARAMETRIC_REPRESENTATION_CONTEXT() REPRESENTATION_CONTEXT('2D SPACE',''
  ) );
#919 = ORIENTED_EDGE('',*,*,#863,.T.);
#920 = ORIENTED_EDGE('',*,*,#921,.T.);
#921 = EDGE_CURVE('',#839,#922,#924,.T.);
#922 = VERTEX_POINT('',#923);
#923 = CARTESIAN_POINT('',(-1.214147014146,-8.412838226665,10.));
#924 = SURFACE_CURVE('',#925,(#930,#937),.PCURVE_S1.);
#925 = B_SPLINE_CURVE_WITH_KNOTS('',3,(#926,#927,#928,#929),
  .UNSPECIFIED.,.F.,.F.,(4,4),(0.,1.),.PIECEWISE_BEZIER_KNOTS.);
#926 = CARTESIAN_POINT('',(-0.561512431458,-8.481432885387,10.));
#927 = CARTESIAN_POINT('',(-0.77983211373,-8.466979953055,10.));
#928 = CARTESIAN_POINT('',(-0.997593207139,-8.444092339862,10.));
#929 = CARTESIAN_POINT('',(-1.214147014146,-8.412838226665,10.));
#930 = PCURVE('',#876,#931);
#931 = DEFINITIONAL_REPRESENTATION('',(#932),#936);
#932 = LINE('',#933,#934);
#933 = CARTESIAN_POINT('',(1.,0.));
#934 = VECTOR('',#935,1.);
#935 = DIRECTION('',(0.,1.));
#936 = ( GEOMETRIC_REPRESENTATION_CONTEXT(2) 
PARAMETRIC_REPRESENTATION_CONTEXT() REPRESENTATION_CONTEXT('2D SPACE',''
  ) );
#937 = PCURVE('',#186,#938);
#938 = DEFINITIONAL_REPRESENTATION('',(#939),#944);
#939 = B_SPLINE_CURVE_WITH_KNOTS('',3,(#940,#941,#942,#943),
  .UNSPECIFIED.,.F.,.F.,(4,4),(0.,1.),.PIECEWISE_BEZIER_KNOTS.);
#940 = CARTESIAN_POINT('',(0.561512431458,-8.481432885387));
#941 = CARTESIAN_POINT('',(0.77983211373,-8.466979953055));
#942 = CARTESIAN_POINT('',(0.997593207139,-8.444092339862));
#943 = CARTESIAN_POINT('',(1.214147014146,-8.412838226665));
#944 = ( GEOMETRIC_REPRESENTATION_CONTEXT(2) 
PARAMETRIC_REPRESENTATION_CONTEXT() REPRESENTATION_CONTEXT('2D SPACE',''
  ) );
#945 = ORIENTED_EDGE('',*,*,#946,.F.);
#946 = EDGE_CURVE('',#896,#922,#947,.T.);
#947 = SURFACE_CURVE('',#948,(#951,#958),.PCURVE_S1.);
#948 = B_SPLINE_CURVE_WITH_KNOTS('',1,(#949,#950),.UNSPECIFIED.,.F.,.F.,
  (2,2),(0.,1.),.PIECEWISE_BEZIER_KNOTS.);
#949 = CARTESIAN_POINT('',(-1.214147014146,-8.412838226665,0.));
#950 = CARTESIAN_POINT('',(-1.214147014146,-8.412838226665,10.));
#951 = PCURVE('',#876,#952);
#952 = DEFINITIONAL_REPRESENTATION('',(#953),#957);
#953 = LINE('',#954,#955);
#954 = CARTESIAN_POINT('',(0.,1.));
#955 = VECTOR('',#956,1.);
#956 = DIRECTION('',(1.,0.));
#957 = ( GEOMETRIC_REPRESENTATION_CONTEXT(2) 
PARAMETRIC_REPRESENTATION_CONTEXT() REPRESENTATION_CONTEXT('2D SPACE',''
  ) );
#958 = PCURVE('',#959,#968);
#959 = B_SPLINE_SURFACE_WITH_KNOTS('',1,3,(
    (#960,#961,#962,#963)
    ,(#964,#965,#966,#967
    )),.UNSPECIFIED.,.F.,.F.,.F.,(2,2),(4,4),(0.,1.),(0.,1.),
  .PIECEWISE_BEZIER_KNOTS.);
#960 = CARTESIAN_POINT('',(-1.214147014146,-8.412838226665,0.));
#961 = CARTESIAN_POINT('',(-1.435581594837,-7.935078436096,0.));
#962 = CARTESIAN_POINT('',(-1.624138831001,-7.40532117605,0.));
#963 = CARTESIAN_POINT('',(-1.567877696887,-6.871081391624,0.));
#964 = CARTESIAN_POINT('',(-1.214147014146,-8.412838226665,10.));
#965 = CARTESIAN_POINT('',(-1.435581594837,-7.935078436096,10.));
#966 = CARTESIAN_POINT('',(-1.624138831001,-7.40532117605,10.));
#967 = CARTESIAN_POINT('',(-1.567877696887,-6.871081391624,10.));
#968 = DEFINITIONAL_REPRESENTATION('',(#969),#973);
#969 = LINE('',#970,#971);
#970 = CARTESIAN_POINT('',(0.,0.));
#971 = VECTOR('',#972,1.);
#972 = DIRECTION('',(1.,0.));
#973 = ( GEOMETRIC_REPRESENTATION_CONTEXT(2) 
PARAMETRIC_REPRESENTATION_CONTEXT() REPRESENTATION_CONTEXT('2D SPACE',''
  ) );
#974 = ADVANCED_FACE('',(#975),#959,.T.);
#975 = FACE_BOUND('',#976,.T.);
#976 = EDGE_LOOP('',(#977,#1002,#1003,#1028));
#977 = ORIENTED_EDGE('',*,*,#978,.F.);
#978 = EDGE_CURVE('',#896,#979,#981,.T.);
#979 = VERTEX_POINT('',#980);
#980 = CARTESIAN_POINT('',(-1.567877696887,-6.871081391624,0.));
#981 = SURFACE_CURVE('',#982,(#987,#994),.PCURVE_S1.);
#982 = B_SPLINE_CURVE_WITH_KNOTS('',3,(#983,#984,#985,#986),
  .UNSPECIFIED.,.F.,.F.,(4,4),(0.,1.),.PIECEWISE_BEZIER_KNOTS.);
#983 = CARTESIAN_POINT('',(-1.214147014146,-8.412838226665,0.));
#984 = CARTESIAN_POINT('',(-1.435581594837,-7.935078436096,0.));
#985 = CARTESIAN_POINT('',(-1.624138831001,-7.40532117605,0.));
#986 = CARTESIAN_POINT('',(-1.567877696887,-6.871081391624,0.));
#987 = PCURVE('',#959,#988);
#988 = DEFINITIONAL_REPRESENTATION('',(#989),#993);
#989 = LINE('',#990,#991);
#990 = CARTESIAN_POINT('',(0.,0.));
#991 = VECTOR('',#992,1.);
#992 = DIRECTION('',(0.,1.));
#993 = ( GEOMETRIC_REPRESENTATION_CONTEXT(2) 
PARAMETRIC_REPRESENTATION_CONTEXT() REPRESENTATION_CONTEXT('2D SPACE',''
  ) );
#994 = PCURVE('',#125,#995);
#995 = DEFINITIONAL_REPRESENTATION('',(#996),#1001);
#996 = B_SPLINE_CURVE_WITH_KNOTS('',3,(#997,#998,#999,#1000),
  .UNSPECIFIED.,.F.,.F.,(4,4),(0.,1.),.PIECEWISE_BEZIER_KNOTS.);
#997 = CARTESIAN_POINT('',(-1.214147014146,-8.412838226665));
#998 = CARTESIAN_POINT('',(-1.435581594837,-7.935078436096));
#999 = CARTESIAN_POINT('',(-1.624138831001,-7.40532117605));
#1000 = CARTESIAN_POINT('',(-1.567877696887,-6.871081391624));
#1001 = ( GEOMETRIC_REPRESENTATION_CONTEXT(2) 
PARAMETRIC_REPRESENTATION_CONTEXT() REPRESENTATION_CONTEXT('2D SPACE',''
  ) );
#1002 = ORIENTED_EDGE('',*,*,#946,.T.);
#1003 = ORIENTED_EDGE('',*,*,#1004,.T.);
#1004 = EDGE_CURVE('',#922,#1005,#1007,.T.);
#1005 = VERTEX_POINT('',#1006);
#1006 = CARTESIAN_POINT('',(-1.567877696887,-6.871081391624,10.));
#1007 = SURFACE_CURVE('',#1008,(#1013,#1020),.PCURVE_S1.);
#1008 = B_SPLINE_CURVE_WITH_KNOTS('',3,(#1009,#1010,#1011,#1012),
  .UNSPECIFIED.,.F.,.F.,(4,4),(0.,1.),.PIECEWISE_BEZIER_KNOTS.);
#1009 = CARTESIAN_POINT('',(-1.214147014146,-8.412838226665,10.));
#1010 = CARTESIAN_POINT('',(-1.435581594837,-7.935078436096,10.));
#1011 = CARTESIAN_POINT('',(-1.624138831001,-7.40532117605,10.));
#1012 = CARTESIAN_POINT('',(-1.567877696887,-6.871081391624,10.));
#1013 = PCURVE('',#959,#1014);
#1014 = DEFINITIONAL_REPRESENTATION('',(#1015),#1019);
#1015 = LINE('',#1016,#1017);
#1016 = CARTESIAN_POINT('',(1.,0.));
#1017 = VECTOR('',#1018,1.);
#1018 = DIRECTION('',(0.,1.));
#1019 = ( GEOMETRIC_REPRESENTATION_CONTEXT(2) 
PARAMETRIC_REPRESENTATION_CONTEXT() REPRESENTATION_CONTEXT('2D SPACE',''
  ) );
#1020 = PCURVE('',#186,#1021);
#1021 = DEFINITIONAL_REPRESENTATION('',(#1022),#1027);
#1022 = B_SPLINE_CURVE_WITH_KNOTS('',3,(#1023,#1024,#1025,#1026),
  .UNSPECIFIED.,.F.,.F.,(4,4),(0.,1.),.PIECEWISE_BEZIER_KNOTS.);
#1023 = CARTESIAN_POINT('',(1.214147014146,-8.412838226665));
#1024 = CARTESIAN_POINT('',(1.435581594837,-7.935078436096));
#1025 = CARTESIAN_POINT('',(1.624138831001,-7.40532117605));
#1026 = CARTESIAN_POINT('',(1.567877696887,-6.871081391624));
#1027 = ( GEOMETRIC_REPRESENTATION_CONTEXT(2) 
PARAMETRIC_REPRESENTATION_CONTEXT() REPRESENTATION_CONTEXT('2D SPACE',''
  ) );
#1028 = ORIENTED_EDGE('',*,*,#1029,.F.);
#1029 = EDGE_CURVE('',#979,#1005,#1030,.T.);
#1030 = SURFACE_CURVE('',#1031,(#1034,#1041),.PCURVE_S1.);
#1031 = B_SPLINE_CURVE_WITH_KNOTS('',1,(#1032,#1033),.UNSPECIFIED.,.F.,
  .F.,(2,2),(0.,1.),.PIECEWISE_BEZIER_KNOTS.);
#1032 = CARTESIAN_POINT('',(-1.567877696887,-6.871081391624,0.));
#1033 = CARTESIAN_POINT('',(-1.567877696887,-6.871081391624,10.));
#1034 = PCURVE('',#959,#1035);
#1035 = DEFINITIONAL_REPRESENTATION('',(#1036),#1040);
#1036 = LINE('',#1037,#1038);
#1037 = CARTESIAN_POINT('',(0.,1.));
#1038 = VECTOR('',#1039,1.);
#1039 = DIRECTION('',(1.,0.));
#1040 = ( GEOMETRIC_REPRESENTATION_CONTEXT(2) 
PARAMETRIC_REPRESENTATION_CONTEXT() REPRESENTATION_CONTEXT('2D SPACE',''
  ) );
#1041 = PCURVE('',#1042,#1051);
#1042 = B_SPLINE_SURFACE_WITH_KNOTS('',1,3,(
    (#1043,#1044,#1045,#1046)
    ,(#1047,#1048,#1049,#1050
    )),.UNSPECIFIED.,.F.,.F.,.F.,(2,2),(4,4),(0.,1.),(0.,1.),
  .PIECEWISE_BEZIER_KNOTS.);
#1043 = CARTESIAN_POINT('',(-1.567877696887,-6.871081391624,0.));
#1044 = CARTESIAN_POINT('',(-1.133620751212,-5.940503337472,0.));
#1045 = CARTESIAN_POINT('',(-2.574621800054,-5.472293714412,0.));
#1046 = CARTESIAN_POINT('',(-2.770280607415,-6.480397003186,0.));
#1047 = CARTESIAN_POINT('',(-1.567877696887,-6.871081391624,10.));
#1048 = CARTESIAN_POINT('',(-1.133620751212,-5.940503337472,10.));
#1049 = CARTESIAN_POINT('',(-2.574621800054,-5.472293714412,10.));
#1050 = CARTESIAN_POINT('',(-2.770280607415,-6.480397003186,10.));
#1051 = DEFINITIONAL_REPRESENTATION('',(#1052),#1056);
#1052 = LINE('',#1053,#1054);
#1053 = CARTESIAN_POINT('',(0.,0.));
#1054 = VECTOR('',#1055,1.);
#1055 = DIRECTION('',(1.,0.));
#1056 = ( GEOMETRIC_REPRESENTATION_CONTEXT(2) 
PARAMETRIC_REPRESENTATION_CONTEXT() REPRESENTATION_CONTEXT('2D SPACE',''
  ) );
#1057 = ADVANCED_FACE('',(#1058),#1042,.T.);
#1058 = FACE_BOUND('',#1059,.T.);
#1059 = EDGE_LOOP('',(#1060,#1085,#1086,#1111));
#1060 = ORIENTED_EDGE('',*,*,#1061,.F.);
#1061 = EDGE_CURVE('',#979,#1062,#1064,.T.);
#1062 = VERTEX_POINT('',#1063);
#1063 = CARTESIAN_POINT('',(-2.770280607415,-6.480397003186,0.));
#1064 = SURFACE_CURVE('',#1065,(#1070,#1077),.PCURVE_S1.);
#1065 = B_SPLINE_CURVE_WITH_KNOTS('',3,(#1066,#1067,#1068,#1069),
  .UNSPECIFIED.,.F.,.F.,(4,4),(0.,1.),.PIECEWISE_BEZIER_KNOTS.);
#1066 = CARTESIAN_POINT('',(-1.567877696887,-6.871081391624,0.));
#1067 = CARTESIAN_POINT('',(-1.133620751212,-5.940503337472,0.));
#1068 = CARTESIAN_POINT('',(-2.574621800054,-5.472293714412,0.));
#1069 = CARTESIAN_POINT('',(-2.770280607415,-6.480397003186,0.));
#1070 = PCURVE('',#1042,#1071);
#1071 = DEFINITIONAL_REPRESENTATION('',(#1072),#1076);
#1072 = LINE('',#1073,#1074);
#1073 = CARTESIAN_POINT('',(0.,0.));
#1074 = VECTOR('',#1075,1.);
#1075 = DIRECTION('',(0.,1.));
#1076 = ( GEOMETRIC_REPRESENTATION_CONTEXT(2) 
PARAMETRIC_REPRESENTATION_CONTEXT() REPRESENTATION_CONTEXT('2D SPACE',''
  ) );
#1077 = PCURVE('',#125,#1078);
#1078 = DEFINITIONAL_REPRESENTATION('',(#1079),#1084);
#1079 = B_SPLINE_CURVE_WITH_KNOTS('',3,(#1080,#1081,#1082,#1083),
  .UNSPECIFIED.,.F.,.F.,(4,4),(0.,1.),.PIECEWISE_BEZIER_KNOTS.);
#1080 = CARTESIAN_POINT('',(-1.567877696887,-6.871081391624));
#1081 = CARTESIAN_POINT('',(-1.133620751212,-5.940503337472));
#1082 = CARTESIAN_POINT('',(-2.574621800054,-5.472293714412));
#1083 = CARTESIAN_POINT('',(-2.770280607415,-6.480397003186));
#1084 = ( GEOMETRIC_REPRESENTATION_CONTEXT(2) 
PARAMETRIC_REPRESENTATION_CONTEXT() REPRESENTATION_CONTEXT('2D SPACE',''
  ) );
#1085 = ORIENTED_EDGE('',*,*,#1029,.T.);
#1086 = ORIENTED_EDGE('',*,*,#1087,.T.);
#1087 = EDGE_CURVE('',#1005,#1088,#1090,.T.);
#1088 = VERTEX_POINT('',#1089);
#1089 = CARTESIAN_POINT('',(-2.770280607415,-6.480397003186,10.));
#1090 = SURFACE_CURVE('',#1091,(#1096,#1103),.PCURVE_S1.);
#1091 = B_SPLINE_CURVE_WITH_KNOTS('',3,(#1092,#1093,#1094,#1095),
  .UNSPECIFIED.,.F.,.F.,(4,4),(0.,1.),.PIECEWISE_BEZIER_KNOTS.);
#1092 = CARTESIAN_POINT('',(-1.567877696887,-6.871081391624,10.));
#1093 = CARTESIAN_POINT('',(-1.133620751212,-5.940503337472,10.));
#1094 = CARTESIAN_POINT('',(-2.574621800054,-5.472293714412,10.));
#1095 = CARTESIAN_POINT('',(-2.770280607415,-6.480397003186,10.));
#1096 = PCURVE('',#1042,#1097);
#1097 = DEFINITIONAL_REPRESENTATION('',(#1098),#1102);
#1098 = LINE('',#1099,#1100);
#1099 = CARTESIAN_POINT('',(1.,0.));
#1100 = VECTOR('',#1101,1.);
#1101 = DIRECTION('',(0.,1.));
#1102 = ( GEOMETRIC_REPRESENTATION_CONTEXT(2) 
PARAMETRIC_REPRESENTATION_CONTEXT() REPRESENTATION_CONTEXT('2D SPACE',''
  ) );
#1103 = PCURVE('',#186,#1104);
#1104 = DEFINITIONAL_REPRESENTATION('',(#1105),#1110);
#1105 = B_SPLINE_CURVE_WITH_KNOTS('',3,(#1106,#1107,#1108,#1109),
  .UNSPECIFIED.,.F.,.F.,(4,4),(0.,1.),.PIECEWISE_BEZIER_KNOTS.);
#1106 = CARTESIAN_POINT('',(1.567877696887,-6.871081391624));
#1107 = CARTESIAN_POINT('',(1.133620751212,-5.940503337472));
#1108 = CARTESIAN_POINT('',(2.574621800054,-5.472293714412));
#1109 = CARTESIAN_POINT('',(2.770280607415,-6.480397003186));
#1110 = ( GEOMETRIC_REPRESENTATION_CONTEXT(2) 
PARAMETRIC_REPRESENTATION_CONTEXT() REPRESENTATION_CONTEXT('2D SPACE',''
  ) );
#1111 = ORIENTED_EDGE('',*,*,#1112,.F.);
#1112 = EDGE_CURVE('',#1062,#1088,#1113,.T.);
#1113 = SURFACE_CURVE('',#1114,(#1117,#1124),.PCURVE_S1.);
#1114 = B_SPLINE_CURVE_WITH_KNOTS('',1,(#1115,#1116),.UNSPECIFIED.,.F.,
  .F.,(2,2),(0.,1.),.PIECEWISE_BEZIER_KNOTS.);
#1115 = CARTESIAN_POINT('',(-2.770280607415,-6.480397003186,0.));
#1116 = CARTESIAN_POINT('',(-2.770280607415,-6.480397003186,10.));
#1117 = PCURVE('',#1042,#1118);
#1118 = DEFINITIONAL_REPRESENTATION('',(#1119),#1123);
#1119 = LINE('',#1120,#1121);
#1120 = CARTESIAN_POINT('',(0.,1.));
#1121 = VECTOR('',#1122,1.);
#1122 = DIRECTION('',(1.,0.));
#1123 = ( GEOMETRIC_REPRESENTATION_CONTEXT(2) 
PARAMETRIC_REPRESENTATION_CONTEXT() REPRESENTATION_CONTEXT('2D SPACE',''
  ) );
#1124 = PCURVE('',#1125,#1134);
#1125 = B_SPLINE_SURFACE_WITH_KNOTS('',1,3,(
    (#1126,#1127,#1128,#1129)
    ,(#1130,#1131,#1132,#1133
    )),.UNSPECIFIED.,.F.,.F.,.F.,(2,2),(4,4),(0.,1.),(0.,1.),
  .PIECEWISE_BEZIER_KNOTS.);
#1126 = CARTESIAN_POINT('',(-2.770280607415,-6.480397003186,0.));
#1127 = CARTESIAN_POINT('',(-3.038782660267,-6.945675532767,0.));
#1128 = CARTESIAN_POINT('',(-3.502712173486,-7.263426996408,0.));
#1129 = CARTESIAN_POINT('',(-3.962676671443,-7.519786805329,0.));
#1130 = CARTESIAN_POINT('',(-2.770280607415,-6.480397003186,10.));
#1131 = CARTESIAN_POINT('',(-3.038782660267,-6.945675532767,10.));
#1132 = CARTESIAN_POINT('',(-3.502712173486,-7.263426996408,10.));
#1133 = CARTESIAN_POINT('',(-3.962676671443,-7.519786805329,10.));
#1134 = DEFINITIONAL_REPRESENTATION('',(#1135),#1139);
#1135 = LINE('',#1136,#1137);
#1136 = CARTESIAN_POINT('',(0.,0.));
#1137 = VECTOR('',#1138,1.);
#1138 = DIRECTION('',(1.,0.));
#1139 = ( GEOMETRIC_REPRESENTATION_CONTEXT(2) 
PARAMETRIC_REPRESENTATION_CONTEXT() REPRESENTATION_CONTEXT('2D SPACE',''
  ) );
#1140 = ADVANCED_FACE('',(#1141),#1125,.T.);
#1141 = FACE_BOUND('',#1142,.T.);
#1142 = EDGE_LOOP('',(#1143,#1168,#1169,#1194));
#1143 = ORIENTED_EDGE('',*,*,#1144,.F.);
#1144 = EDGE_CURVE('',#1062,#1145,#1147,.T.);
#1145 = VERTEX_POINT('',#1146);
#1146 = CARTESIAN_POINT('',(-3.962676671443,-7.519786805329,0.));
#1147 = SURFACE_CURVE('',#1148,(#1153,#1160),.PCURVE_S1.);
#1148 = B_SPLINE_CURVE_WITH_KNOTS('',3,(#1149,#1150,#1151,#1152),
  .UNSPECIFIED.,.F.,.F.,(4,4),(0.,1.),.PIECEWISE_BEZIER_KNOTS.);
#1149 = CARTESIAN_POINT('',(-2.770280607415,-6.480397003186,0.));
#1150 = CARTESIAN_POINT('',(-3.038782660267,-6.945675532767,0.));
#1151 = CARTESIAN_POINT('',(-3.502712173486,-7.263426996408,0.));
#1152 = CARTESIAN_POINT('',(-3.962676671443,-7.519786805329,0.));
#1153 = PCURVE('',#1125,#1154);
#1154 = DEFINITIONAL_REPRESENTATION('',(#1155),#1159);
#1155 = LINE('',#1156,#1157);
#1156 = CARTESIAN_POINT('',(0.,0.));
#1157 = VECTOR('',#1158,1.);
#1158 = DIRECTION('',(0.,1.));
#1159 = ( GEOMETRIC_REPRESENTATION_CONTEXT(2) 
PARAMETRIC_REPRESENTATION_CONTEXT() REPRESENTATION_CONTEXT('2D SPACE',''
  ) );
#1160 = PCURVE('',#125,#1161);
#1161 = DEFINITIONAL_REPRESENTATION('',(#1162),#1167);
#1162 = B_SPLINE_CURVE_WITH_KNOTS('',3,(#1163,#1164,#1165,#1166),
  .UNSPECIFIED.,.F.,.F.,(4,4),(0.,1.),.PIECEWISE_BEZIER_KNOTS.);
#1163 = CARTESIAN_POINT('',(-2.770280607415,-6.480397003186));
#1164 = CARTESIAN_POINT('',(-3.038782660267,-6.945675532767));
#1165 = CARTESIAN_POINT('',(-3.502712173486,-7.263426996408));
#1166 = CARTESIAN_POINT('',(-3.962676671443,-7.519786805329));
#1167 = ( GEOMETRIC_REPRESENTATION_CONTEXT(2) 
PARAMETRIC_REPRESENTATION_CONTEXT() REPRESENTATION_CONTEXT('2D SPACE',''
  ) );
#1168 = ORIENTED_EDGE('',*,*,#1112,.T.);
#1169 = ORIENTED_EDGE('',*,*,#1170,.T.);
#1170 = EDGE_CURVE('',#1088,#1171,#1173,.T.);
#1171 = VERTEX_POINT('',#1172);
#1172 = CARTESIAN_POINT('',(-3.962676671443,-7.519786805329,10.));
#1173 = SURFACE_CURVE('',#1174,(#1179,#1186),.PCURVE_S1.);
#1174 = B_SPLINE_CURVE_WITH_KNOTS('',3,(#1175,#1176,#1177,#1178),
  .UNSPECIFIED.,.F.,.F.,(4,4),(0.,1.),.PIECEWISE_BEZIER_KNOTS.);
#1175 = CARTESIAN_POINT('',(-2.770280607415,-6.480397003186,10.));
#1176 = CARTESIAN_POINT('',(-3.038782660267,-6.945675532767,10.));
#1177 = CARTESIAN_POINT('',(-3.502712173486,-7.263426996408,10.));
#1178 = CARTESIAN_POINT('',(-3.962676671443,-7.519786805329,10.));
#1179 = PCURVE('',#1125,#1180);
#1180 = DEFINITIONAL_REPRESENTATION('',(#1181),#1185);
#1181 = LINE('',#1182,#1183);
#1182 = CARTESIAN_POINT('',(1.,0.));
#1183 = VECTOR('',#1184,1.);
#1184 = DIRECTION('',(0.,1.));
#1185 = ( GEOMETRIC_REPRESENTATION_CONTEXT(2) 
PARAMETRIC_REPRESENTATION_CONTEXT() REPRESENTATION_CONTEXT('2D SPACE',''
  ) );
#1186 = PCURVE('',#186,#1187);
#1187 = DEFINITIONAL_REPRESENTATION('',(#1188),#1193);
#1188 = B_SPLINE_CURVE_WITH_KNOTS('',3,(#1189,#1190,#1191,#1192),
  .UNSPECIFIED.,.F.,.F.,(4,4),(0.,1.),.PIECEWISE_BEZIER_KNOTS.);
#1189 = CARTESIAN_POINT('',(2.770280607415,-6.480397003186));
#1190 = CARTESIAN_POINT('',(3.038782660267,-6.945675532767));
#1191 = CARTESIAN_POINT('',(3.502712173486,-7.263426996408));
#1192 = CARTESIAN_POINT('',(3.962676671443,-7.519786805329));
#1193 = ( GEOMETRIC_REPRESENTATION_CONTEXT(2) 
PARAMETRIC_REPRESENTATION_CONTEXT() REPRESENTATION_CONTEXT('2D SPACE',''
  ) );
#1194 = ORIENTED_EDGE('',*,*,#1195,.F.);
#1195 = EDGE_CURVE('',#1145,#1171,#1196,.T.);
#1196 = SURFACE_CURVE('',#1197,(#1200,#1207),.PCURVE_S1.);
#1197 = B_SPLINE_CURVE_WITH_KNOTS('',1,(#1198,#1199),.UNSPECIFIED.,.F.,
  .F.,(2,2),(0.,1.),.PIECEWISE_BEZIER_KNOTS.);
#1198 = CARTESIAN_POINT('',(-3.962676671443,-7.519786805329,0.));
#1199 = CARTESIAN_POINT('',(-3.962676671443,-7.519786805329,10.));
#1200 = PCURVE('',#1125,#1201);
#1201 = DEFINITIONAL_REPRESENTATION('',(#1202),#1206);
#1202 = LINE('',#1203,#1204);
#1203 = CARTESIAN_POINT('',(0.,1.));
#1204 = VECTOR('',#1205,1.);
#1205 = DIRECTION('',(1.,0.));
#1206 = ( GEOMETRIC_REPRESENTATION_CONTEXT(2) 
PARAMETRIC_REPRESENTATION_CONTEXT() REPRESENTATION_CONTEXT('2D SPACE',''
  ) );
#1207 = PCURVE('',#1208,#1217);
#1208 = B_SPLINE_SURFACE_WITH_KNOTS('',1,3,(
    (#1209,#1210,#1211,#1212)
    ,(#1213,#1214,#1215,#1216
    )),.UNSPECIFIED.,.F.,.F.,.F.,(2,2),(4,4),(0.,1.),(0.,1.),
  .PIECEWISE_BEZIER_KNOTS.);
#1209 = CARTESIAN_POINT('',(-3.962676671443,-7.519786805329,0.));
#1210 = CARTESIAN_POINT('',(-4.156243088318,-7.417784779963,0.));
#1211 = CARTESIAN_POINT('',(-4.345868515095,-7.308304488768,0.));
#1212 = CARTESIAN_POINT('',(-4.530988068737,-7.191672067118,0.));
#1213 = CARTESIAN_POINT('',(-3.962676671443,-7.519786805329,10.));
#1214 = CARTESIAN_POINT('',(-4.156243088318,-7.417784779963,10.));
#1215 = CARTESIAN_POINT('',(-4.345868515095,-7.308304488768,10.));
#1216 = CARTESIAN_POINT('',(-4.530988068737,-7.191672067118,10.));
#1217 = DEFINITIONAL_REPRESENTATION('',(#1218),#1222);
#1218 = LINE('',#1219,#1220);
#1219 = CARTESIAN_POINT('',(0.,0.));
#1220 = VECTOR('',#1221,1.);
#1221 = DIRECTION('',(1.,0.));
#1222 = ( GEOMETRIC_REPRESENTATION_CONTEXT(2) 
PARAMETRIC_REPRESENTATION_CONTEXT() REPRESENTATION_CONTEXT('2D SPACE',''
  ) );
#1223 = ADVANCED_FACE('',(#1224),#1208,.T.);
#1224 = FACE_BOUND('',#1225,.T.);
#1225 = EDGE_LOOP('',(#1226,#1251,#1252,#1277));
#1226 = ORIENTED_EDGE('',*,*,#1227,.F.);
#1227 = EDGE_CURVE('',#1145,#1228,#1230,.T.);
#1228 = VERTEX_POINT('',#1229);
#1229 = CARTESIAN_POINT('',(-4.530988068737,-7.191672067118,0.));
#1230 = SURFACE_CURVE('',#1231,(#1236,#1243),.PCURVE_S1.);
#1231 = B_SPLINE_CURVE_WITH_KNOTS('',3,(#1232,#1233,#1234,#1235),
  .UNSPECIFIED.,.F.,.F.,(4,4),(0.,1.),.PIECEWISE_BEZIER_KNOTS.);
#1232 = CARTESIAN_POINT('',(-3.962676671443,-7.519786805329,0.));
#1233 = CARTESIAN_POINT('',(-4.156243088318,-7.417784779963,0.));
#1234 = CARTESIAN_POINT('',(-4.345868515095,-7.308304488768,0.));
#1235 = CARTESIAN_POINT('',(-4.530988068737,-7.191672067118,0.));
#1236 = PCURVE('',#1208,#1237);
#1237 = DEFINITIONAL_REPRESENTATION('',(#1238),#1242);
#1238 = LINE('',#1239,#1240);
#1239 = CARTESIAN_POINT('',(0.,0.));
#1240 = VECTOR('',#1241,1.);
#1241 = DIRECTION('',(0.,1.));
#1242 = ( GEOMETRIC_REPRESENTATION_CONTEXT(2) 
PARAMETRIC_REPRESENTATION_CONTEXT() REPRESENTATION_CONTEXT('2D SPACE',''
  ) );
#1243 = PCURVE('',#125,#1244);
#1244 = DEFINITIONAL_REPRESENTATION('',(#1245),#1250);
#1245 = B_SPLINE_CURVE_WITH_KNOTS('',3,(#1246,#1247,#1248,#1249),
  .UNSPECIFIED.,.F.,.F.,(4,4),(0.,1.),.PIECEWISE_BEZIER_KNOTS.);
#1246 = CARTESIAN_POINT('',(-3.962676671443,-7.519786805329));
#1247 = CARTESIAN_POINT('',(-4.156243088318,-7.417784779963));
#1248 = CARTESIAN_POINT('',(-4.345868515095,-7.308304488768));
#1249 = CARTESIAN_POINT('',(-4.530988068737,-7.191672067118));
#1250 = ( GEOMETRIC_REPRESENTATION_CONTEXT(2) 
PARAMETRIC_REPRESENTATION_CONTEXT() REPRESENTATION_CONTEXT('2D SPACE',''
  ) );
#1251 = ORIENTED_EDGE('',*,*,#1195,.T.);
#1252 = ORIENTED_EDGE('',*,*,#1253,.T.);
#1253 = EDGE_CURVE('',#1171,#1254,#1256,.T.);
#1254 = VERTEX_POINT('',#1255);
#1255 = CARTESIAN_POINT('',(-4.530988068737,-7.191672067118,10.));
#1256 = SURFACE_CURVE('',#1257,(#1262,#1269),.PCURVE_S1.);
#1257 = B_SPLINE_CURVE_WITH_KNOTS('',3,(#1258,#1259,#1260,#1261),
  .UNSPECIFIED.,.F.,.F.,(4,4),(0.,1.),.PIECEWISE_BEZIER_KNOTS.);
#1258 = CARTESIAN_POINT('',(-3.962676671443,-7.519786805329,10.));
#1259 = CARTESIAN_POINT('',(-4.156243088318,-7.417784779963,10.));
#1260 = CARTESIAN_POINT('',(-4.345868515095,-7.308304488768,10.));
#1261 = CARTESIAN_POINT('',(-4.530988068737,-7.191672067118,10.));
#1262 = PCURVE('',#1208,#1263);
#1263 = DEFINITIONAL_REPRESENTATION('',(#1264),#1268);
#1264 = LINE('',#1265,#1266);
#1265 = CARTESIAN_POINT('',(1.,0.));
#1266 = VECTOR('',#1267,1.);
#1267 = DIRECTION('',(0.,1.));
#1268 = ( GEOMETRIC_REPRESENTATION_CONTEXT(2) 
PARAMETRIC_REPRESENTATION_CONTEXT() REPRESENTATION_CONTEXT('2D SPACE',''
  ) );
#1269 = PCURVE('',#186,#1270);
#1270 = DEFINITIONAL_REPRESENTATION('',(#1271),#1276);
#1271 = B_SPLINE_CURVE_WITH_KNOTS('',3,(#1272,#1273,#1274,#1275),
  .UNSPECIFIED.,.F.,.F.,(4,4),(0.,1.),.PIECEWISE_BEZIER_KNOTS.);
#1272 = CARTESIAN_POINT('',(3.962676671443,-7.519786805329));
#1273 = CARTESIAN_POINT('',(4.156243088318,-7.417784779963));
#1274 = CARTESIAN_POINT('',(4.345868515095,-7.308304488768));
#1275 = CARTESIAN_POINT('',(4.530988068737,-7.191672067118));
#1276 = ( GEOMETRIC_REPRESENTATION_CONTEXT(2) 
PARAMETRIC_REPRESENTATION_CONTEXT() REPRESENTATION_CONTEXT('2D SPACE',''
  ) );
#1277 = ORIENTED_EDGE('',*,*,#1278,.F.);
#1278 = EDGE_CURVE('',#1228,#1254,#1279,.T.);
#1279 = SURFACE_CURVE('',#1280,(#1283,#1290),.PCURVE_S1.);
#1280 = B_SPLINE_CURVE_WITH_KNOTS('',1,(#1281,#1282),.UNSPECIFIED.,.F.,
  .F.,(2,2),(0.,1.),.PIECEWISE_BEZIER_KNOTS.);
#1281 = CARTESIAN_POINT('',(-4.530988068737,-7.191672067118,0.));
#1282 = CARTESIAN_POINT('',(-4.530988068737,-7.191672067118,10.));
#1283 = PCURVE('',#1208,#1284);
#1284 = DEFINITIONAL_REPRESENTATION('',(#1285),#1289);
#1285 = LINE('',#1286,#1287);
#1286 = CARTESIAN_POINT('',(0.,1.));
#1287 = VECTOR('',#1288,1.);
#1288 = DIRECTION('',(1.,0.));
#1289 = ( GEOMETRIC_REPRESENTATION_CONTEXT(2) 
PARAMETRIC_REPRESENTATION_CONTEXT() REPRESENTATION_CONTEXT('2D SPACE',''
  ) );
#1290 = PCURVE('',#1291,#1300);
#1291 = B_SPLINE_SURFACE_WITH_KNOTS('',1,3,(
    (#1292,#1293,#1294,#1295)
    ,(#1296,#1297,#1298,#1299
    )),.UNSPECIFIED.,.F.,.F.,.F.,(2,2),(4,4),(0.,1.),(0.,1.),
  .PIECEWISE_BEZIER_KNOTS.);
#1292 = CARTESIAN_POINT('',(-4.530988068737,-7.191672067118,0.));
#1293 = CARTESIAN_POINT('',(-4.53895621068,-6.665151222588,0.));
#1294 = CARTESIAN_POINT('',(-4.495740127687,-6.104500746755,0.));
#1295 = CARTESIAN_POINT('',(-4.22704812766,-5.639331883226,0.));
#1296 = CARTESIAN_POINT('',(-4.530988068737,-7.191672067118,10.));
#1297 = CARTESIAN_POINT('',(-4.53895621068,-6.665151222588,10.));
#1298 = CARTESIAN_POINT('',(-4.495740127687,-6.104500746755,10.));
#1299 = CARTESIAN_POINT('',(-4.22704812766,-5.639331883226,10.));
#1300 = DEFINITIONAL_REPRESENTATION('',(#1301),#1305);
#1301 = LINE('',#1302,#1303);
#1302 = CARTESIAN_POINT('',(0.,0.));
#1303 = VECTOR('',#1304,1.);
#1304 = DIRECTION('',(1.,0.));
#1305 = ( GEOMETRIC_REPRESENTATION_CONTEXT(2) 
PARAMETRIC_REPRESENTATION_CONTEXT() REPRESENTATION_CONTEXT('2D SPACE',''
  ) );
#1306 = ADVANCED_FACE('',(#1307),#1291,.T.);
#1307 = FACE_BOUND('',#1308,.T.);
#1308 = EDGE_LOOP('',(#1309,#1334,#1335,#1360));
#1309 = ORIENTED_EDGE('',*,*,#1310,.F.);
#1310 = EDGE_CURVE('',#1228,#1311,#1313,.T.);
#1311 = VERTEX_POINT('',#1312);
#1312 = CARTESIAN_POINT('',(-4.22704812766,-5.639331883226,0.));
#1313 = SURFACE_CURVE('',#1314,(#1319,#1326),.PCURVE_S1.);
#1314 = B_SPLINE_CURVE_WITH_KNOTS('',3,(#1315,#1316,#1317,#1318),
  .UNSPECIFIED.,.F.,.F.,(4,4),(0.,1.),.PIECEWISE_BEZIER_KNOTS.);
#1315 = CARTESIAN_POINT('',(-4.530988068737,-7.191672067118,0.));
#1316 = CARTESIAN_POINT('',(-4.53895621068,-6.665151222588,0.));
#1317 = CARTESIAN_POINT('',(-4.495740127687,-6.104500746755,0.));
#1318 = CARTESIAN_POINT('',(-4.22704812766,-5.639331883226,0.));
#1319 = PCURVE('',#1291,#1320);
#1320 = DEFINITIONAL_REPRESENTATION('',(#1321),#1325);
#1321 = LINE('',#1322,#1323);
#1322 = CARTESIAN_POINT('',(0.,0.));
#1323 = VECTOR('',#1324,1.);
#1324 = DIRECTION('',(0.,1.));
#1325 = ( GEOMETRIC_REPRESENTATION_CONTEXT(2) 
PARAMETRIC_REPRESENTATION_CONTEXT() REPRESENTATION_CONTEXT('2D SPACE',''
  ) );
#1326 = PCURVE('',#125,#1327);
#1327 = DEFINITIONAL_REPRESENTATION('',(#1328),#1333);
#1328 = B_SPLINE_CURVE_WITH_KNOTS('',3,(#1329,#1330,#1331,#1332),
  .UNSPECIFIED.,.F.,.F.,(4,4),(0.,1.),.PIECEWISE_BEZIER_KNOTS.);
#1329 = CARTESIAN_POINT('',(-4.530988068737,-7.191672067118));
#1330 = CARTESIAN_POINT('',(-4.53895621068,-6.665151222588));
#1331 = CARTESIAN_POINT('',(-4.495740127687,-6.104500746755));
#1332 = CARTESIAN_POINT('',(-4.22704812766,-5.639331883226));
#1333 = ( GEOMETRIC_REPRESENTATION_CONTEXT(2) 
PARAMETRIC_REPRESENTATION_CONTEXT() REPRESENTATION_CONTEXT('2D SPACE',''
  ) );
#1334 = ORIENTED_EDGE('',*,*,#1278,.T.);
#1335 = ORIENTED_EDGE('',*,*,#1336,.T.);
#1336 = EDGE_CURVE('',#1254,#1337,#1339,.T.);
#1337 = VERTEX_POINT('',#1338);
#1338 = CARTESIAN_POINT('',(-4.22704812766,-5.639331883226,10.));
#1339 = SURFACE_CURVE('',#1340,(#1345,#1352),.PCURVE_S1.);
#1340 = B_SPLINE_CURVE_WITH_KNOTS('',3,(#1341,#1342,#1343,#1344),
  .UNSPECIFIED.,.F.,.F.,(4,4),(0.,1.),.PIECEWISE_BEZIER_KNOTS.);
#1341 = CARTESIAN_POINT('',(-4.530988068737,-7.191672067118,10.));
#1342 = CARTESIAN_POINT('',(-4.53895621068,-6.665151222588,10.));
#1343 = CARTESIAN_POINT('',(-4.495740127687,-6.104500746755,10.));
#1344 = CARTESIAN_POINT('',(-4.22704812766,-5.639331883226,10.));
#1345 = PCURVE('',#1291,#1346);
#1346 = DEFINITIONAL_REPRESENTATION('',(#1347),#1351);
#1347 = LINE('',#1348,#1349);
#1348 = CARTESIAN_POINT('',(1.,0.));
#1349 = VECTOR('',#1350,1.);
#1350 = DIRECTION('',(0.,1.));
#1351 = ( GEOMETRIC_REPRESENTATION_CONTEXT(2) 
PARAMETRIC_REPRESENTATION_CONTEXT() REPRESENTATION_CONTEXT('2D SPACE',''
  ) );
#1352 = PCURVE('',#186,#1353);
#1353 = DEFINITIONAL_REPRESENTATION('',(#1354),#1359);
#1354 = B_SPLINE_CURVE_WITH_KNOTS('',3,(#1355,#1356,#1357,#1358),
  .UNSPECIFIED.,.F.,.F.,(4,4),(0.,1.),.PIECEWISE_BEZIER_KNOTS.);
#1355 = CARTESIAN_POINT('',(4.530988068737,-7.191672067118));
#1356 = CARTESIAN_POINT('',(4.53895621068,-6.665151222588));
#1357 = CARTESIAN_POINT('',(4.495740127687,-6.104500746755));
#1358 = CARTESIAN_POINT('',(4.22704812766,-5.639331883226));
#1359 = ( GEOMETRIC_REPRESENTATION_CONTEXT(2) 
PARAMETRIC_REPRESENTATION_CONTEXT() REPRESENTATION_CONTEXT('2D SPACE',''
  ) );
#1360 = ORIENTED_EDGE('',*,*,#1361,.F.);
#1361 = EDGE_CURVE('',#1311,#1337,#1362,.T.);
#1362 = SURFACE_CURVE('',#1363,(#1366,#1373),.PCURVE_S1.);
#1363 = B_SPLINE_CURVE_WITH_KNOTS('',1,(#1364,#1365),.UNSPECIFIED.,.F.,
  .F.,(2,2),(0.,1.),.PIECEWISE_BEZIER_KNOTS.);
#1364 = CARTESIAN_POINT('',(-4.22704812766,-5.639331883226,0.));
#1365 = CARTESIAN_POINT('',(-4.22704812766,-5.639331883226,10.));
#1366 = PCURVE('',#1291,#1367);
#1367 = DEFINITIONAL_REPRESENTATION('',(#1368),#1372);
#1368 = LINE('',#1369,#1370);
#1369 = CARTESIAN_POINT('',(0.,1.));
#1370 = VECTOR('',#1371,1.);
#1371 = DIRECTION('',(1.,0.));
#1372 = ( GEOMETRIC_REPRESENTATION_CONTEXT(2) 
PARAMETRIC_REPRESENTATION_CONTEXT() REPRESENTATION_CONTEXT('2D SPACE',''
  ) );
#1373 = PCURVE('',#1374,#1383);
#1374 = B_SPLINE_SURFACE_WITH_KNOTS('',1,3,(
    (#1375,#1376,#1377,#1378)
    ,(#1379,#1380,#1381,#1382
    )),.UNSPECIFIED.,.F.,.F.,.F.,(2,2),(4,4),(0.,1.),(0.,1.),
  .PIECEWISE_BEZIER_KNOTS.);
#1375 = CARTESIAN_POINT('',(-4.22704812766,-5.639331883226,0.));
#1376 = CARTESIAN_POINT('',(-3.451834473624,-4.965834741189,0.));
#1377 = CARTESIAN_POINT('',(-4.577816425911,-3.951996037543,0.));
#1378 = CARTESIAN_POINT('',(-5.166592188174,-4.793362611343,0.));
#1379 = CARTESIAN_POINT('',(-4.22704812766,-5.639331883226,10.));
#1380 = CARTESIAN_POINT('',(-3.451834473624,-4.965834741189,10.));
#1381 = CARTESIAN_POINT('',(-4.577816425911,-3.951996037543,10.));
#1382 = CARTESIAN_POINT('',(-5.166592188174,-4.793362611343,10.));
#1383 = DEFINITIONAL_REPRESENTATION('',(#1384),#1388);
#1384 = LINE('',#1385,#1386);
#1385 = CARTESIAN_POINT('',(0.,0.));
#1386 = VECTOR('',#1387,1.);
#1387 = DIRECTION('',(1.,0.));
#1388 = ( GEOMETRIC_REPRESENTATION_CONTEXT(2) 
PARAMETRIC_REPRESENTATION_CONTEXT() REPRESENTATION_CONTEXT('2D SPACE',''
  ) );
#1389 = ADVANCED_FACE('',(#1390),#1374,.T.);
#1390 = FACE_BOUND('',#1391,.T.);
#1391 = EDGE_LOOP('',(#1392,#1417,#1418,#1443));
#1392 = ORIENTED_EDGE('',*,*,#1393,.F.);
#1393 = EDGE_CURVE('',#1311,#1394,#1396,.T.);
#1394 = VERTEX_POINT('',#1395);
#1395 = CARTESIAN_POINT('',(-5.166592188174,-4.793362611343,0.));
#1396 = SURFACE_CURVE('',#1397,(#1402,#1409),.PCURVE_S1.);
#1397 = B_SPLINE_CURVE_WITH_KNOTS('',3,(#1398,#1399,#1400,#1401),
  .UNSPECIFIED.,.F.,.F.,(4,4),(0.,1.),.PIECEWISE_BEZIER_KNOTS.);
#1398 = CARTESIAN_POINT('',(-4.22704812766,-5.639331883226,0.));
#1399 = CARTESIAN_POINT('',(-3.451834473624,-4.965834741189,0.));
#1400 = CARTESIAN_POINT('',(-4.577816425911,-3.951996037543,0.));
#1401 = CARTESIAN_POINT('',(-5.166592188174,-4.793362611343,0.));
#1402 = PCURVE('',#1374,#1403);
#1403 = DEFINITIONAL_REPRESENTATION('',(#1404),#1408);
#1404 = LINE('',#1405,#1406);
#1405 = CARTESIAN_POINT('',(0.,0.));
#1406 = VECTOR('',#1407,1.);
#1407 = DIRECTION('',(0.,1.));
#1408 = ( GEOMETRIC_REPRESENTATION_CONTEXT(2) 
PARAMETRIC_REPRESENTATION_CONTEXT() REPRESENTATION_CONTEXT('2D SPACE',''
  ) );
#1409 = PCURVE('',#125,#1410);
#1410 = DEFINITIONAL_REPRESENTATION('',(#1411),#1416);
#1411 = B_SPLINE_CURVE_WITH_KNOTS('',3,(#1412,#1413,#1414,#1415),
  .UNSPECIFIED.,.F.,.F.,(4,4),(0.,1.),.PIECEWISE_BEZIER_KNOTS.);
#1412 = CARTESIAN_POINT('',(-4.22704812766,-5.639331883226));
#1413 = CARTESIAN_POINT('',(-3.451834473624,-4.965834741189));
#1414 = CARTESIAN_POINT('',(-4.577816425911,-3.951996037543));
#1415 = CARTESIAN_POINT('',(-5.166592188174,-4.793362611343));
#1416 = ( GEOMETRIC_REPRESENTATION_CONTEXT(2) 
PARAMETRIC_REPRESENTATION_CONTEXT() REPRESENTATION_CONTEXT('2D SPACE',''
  ) );
#1417 = ORIENTED_EDGE('',*,*,#1361,.T.);
#1418 = ORIENTED_EDGE('',*,*,#1419,.T.);
#1419 = EDGE_CURVE('',#1337,#1420,#1422,.T.);
#1420 = VERTEX_POINT('',#1421);
#1421 = CARTESIAN_POINT('',(-5.166592188174,-4.793362611343,10.));
#1422 = SURFACE_CURVE('',#1423,(#1428,#1435),.PCURVE_S1.);
#1423 = B_SPLINE_CURVE_WITH_KNOTS('',3,(#1424,#1425,#1426,#1427),
  .UNSPECIFIED.,.F.,.F.,(4,4),(0.,1.),.PIECEWISE_BEZIER_KNOTS.);
#1424 = CARTESIAN_POINT('',(-4.22704812766,-5.639331883226,10.));
#1425 = CARTESIAN_POINT('',(-3.451834473624,-4.965834741189,10.));
#1426 = CARTESIAN_POINT('',(-4.577816425911,-3.951996037543,10.));
#1427 = CARTESIAN_POINT('',(-5.166592188174,-4.793362611343,10.));
#1428 = PCURVE('',#1374,#1429);
#1429 = DEFINITIONAL_REPRESENTATION('',(#1430),#1434);
#1430 = LINE('',#1431,#1432);
#1431 = CARTESIAN_POINT('',(1.,0.));
#1432 = VECTOR('',#1433,1.);
#1433 = DIRECTION('',(0.,1.));
#1434 = ( GEOMETRIC_REPRESENTATION_CONTEXT(2) 
PARAMETRIC_REPRESENTATION_CONTEXT() REPRESENTATION_CONTEXT('2D SPACE',''
  ) );
#1435 = PCURVE('',#186,#1436);
#1436 = DEFINITIONAL_REPRESENTATION('',(#1437),#1442);
#1437 = B_SPLINE_CURVE_WITH_KNOTS('',3,(#1438,#1439,#1440,#1441),
  .UNSPECIFIED.,.F.,.F.,(4,4),(0.,1.),.PIECEWISE_BEZIER_KNOTS.);
#1438 = CARTESIAN_POINT('',(4.22704812766,-5.639331883226));
#1439 = CARTESIAN_POINT('',(3.451834473624,-4.965834741189));
#1440 = CARTESIAN_POINT('',(4.577816425911,-3.951996037543));
#1441 = CARTESIAN_POINT('',(5.166592188174,-4.793362611343));
#1442 = ( GEOMETRIC_REPRESENTATION_CONTEXT(2) 
PARAMETRIC_REPRESENTATION_CONTEXT() REPRESENTATION_CONTEXT('2D SPACE',''
  ) );
#1443 = ORIENTED_EDGE('',*,*,#1444,.F.);
#1444 = EDGE_CURVE('',#1394,#1420,#1445,.T.);
#1445 = SURFACE_CURVE('',#1446,(#1449,#1456),.PCURVE_S1.);
#1446 = B_SPLINE_CURVE_WITH_KNOTS('',1,(#1447,#1448),.UNSPECIFIED.,.F.,
  .F.,(2,2),(0.,1.),.PIECEWISE_BEZIER_KNOTS.);
#1447 = CARTESIAN_POINT('',(-5.166592188174,-4.793362611343,0.));
#1448 = CARTESIAN_POINT('',(-5.166592188174,-4.793362611343,10.));
#1449 = PCURVE('',#1374,#1450);
#1450 = DEFINITIONAL_REPRESENTATION('',(#1451),#1455);
#1451 = LINE('',#1452,#1453);
#1452 = CARTESIAN_POINT('',(0.,1.));
#1453 = VECTOR('',#1454,1.);
#1454 = DIRECTION('',(1.,0.));
#1455 = ( GEOMETRIC_REPRESENTATION_CONTEXT(2) 
PARAMETRIC_REPRESENTATION_CONTEXT() REPRESENTATION_CONTEXT('2D SPACE',''
  ) );
#1456 = PCURVE('',#1457,#1466);
#1457 = B_SPLINE_SURFACE_WITH_KNOTS('',1,3,(
    (#1458,#1459,#1460,#1461)
    ,(#1462,#1463,#1464,#1465
    )),.UNSPECIFIED.,.F.,.F.,.F.,(2,2),(4,4),(0.,1.),(0.,1.),
  .PIECEWISE_BEZIER_KNOTS.);
#1458 = CARTESIAN_POINT('',(-5.166592188174,-4.793362611343,0.));
#1459 = CARTESIAN_POINT('',(-5.601126846142,-5.109206074945,0.));
#1460 = CARTESIAN_POINT('',(-6.154188709263,-5.210789348382,0.));
#1461 = CARTESIAN_POINT('',(-6.678658115148,-5.257901271512,0.));
#1462 = CARTESIAN_POINT('',(-5.166592188174,-4.793362611343,10.));
#1463 = CARTESIAN_POINT('',(-5.601126846142,-5.109206074945,10.));
#1464 = CARTESIAN_POINT('',(-6.154188709263,-5.210789348382,10.));
#1465 = CARTESIAN_POINT('',(-6.678658115148,-5.257901271512,10.));
#1466 = DEFINITIONAL_REPRESENTATION('',(#1467),#1471);
#1467 = LINE('',#1468,#1469);
#1468 = CARTESIAN_POINT('',(0.,0.));
#1469 = VECTOR('',#1470,1.);
#1470 = DIRECTION('',(1.,0.));
#1471 = ( GEOMETRIC_REPRESENTATION_CONTEXT(2) 
PARAMETRIC_REPRESENTATION_CONTEXT() REPRESENTATION_CONTEXT('2D SPACE',''
  ) );
#1472 = ADVANCED_FACE('',(#1473),#1457,.T.);
#1473 = FACE_BOUND('',#1474,.T.);
#1474 = EDGE_LOOP('',(#1475,#1500,#1501,#1526));
#1475 = ORIENTED_EDGE('',*,*,#1476,.F.);
#1476 = EDGE_CURVE('',#1394,#1477,#1479,.T.);
#1477 = VERTEX_POINT('',#1478);
#1478 = CARTESIAN_POINT('',(-6.678658115148,-5.257901271512,0.));
#1479 = SURFACE_CURVE('',#1480,(#1485,#1492),.PCURVE_S1.);
#1480 = B_SPLINE_CURVE_WITH_KNOTS('',3,(#1481,#1482,#1483,#1484),
  .UNSPECIFIED.,.F.,.F.,(4,4),(0.,1.),.PIECEWISE_BEZIER_KNOTS.);
#1481 = CARTESIAN_POINT('',(-5.166592188174,-4.793362611343,0.));
#1482 = CARTESIAN_POINT('',(-5.601126846142,-5.109206074945,0.));
#1483 = CARTESIAN_POINT('',(-6.154188709263,-5.210789348382,0.));
#1484 = CARTESIAN_POINT('',(-6.678658115148,-5.257901271512,0.));
#1485 = PCURVE('',#1457,#1486);
#1486 = DEFINITIONAL_REPRESENTATION('',(#1487),#1491);
#1487 = LINE('',#1488,#1489);
#1488 = CARTESIAN_POINT('',(0.,0.));
#1489 = VECTOR('',#1490,1.);
#1490 = DIRECTION('',(0.,1.));
#1491 = ( GEOMETRIC_REPRESENTATION_CONTEXT(2) 
PARAMETRIC_REPRESENTATION_CONTEXT() REPRESENTATION_CONTEXT('2D SPACE',''
  ) );
#1492 = PCURVE('',#125,#1493);
#1493 = DEFINITIONAL_REPRESENTATION('',(#1494),#1499);
#1494 = B_SPLINE_CURVE_WITH_KNOTS('',3,(#1495,#1496,#1497,#1498),
  .UNSPECIFIED.,.F.,.F.,(4,4),(0.,1.),.PIECEWISE_BEZIER_KNOTS.);
#1495 = CARTESIAN_POINT('',(-5.166592188174,-4.793362611343));
#1496 = CARTESIAN_POINT('',(-5.601126846142,-5.109206074945));
#1497 = CARTESIAN_POINT('',(-6.154188709263,-5.210789348382));
#1498 = CARTESIAN_POINT('',(-6.678658115148,-5.257901271512));
#1499 = ( GEOMETRIC_REPRESENTATION_CONTEXT(2) 
PARAMETRIC_REPRESENTATION_CONTEXT() REPRESENTATION_CONTEXT('2D SPACE',''
  ) );
#1500 = ORIENTED_EDGE('',*,*,#1444,.T.);
#1501 = ORIENTED_EDGE('',*,*,#1502,.T.);
#1502 = EDGE_CURVE('',#1420,#1503,#1505,.T.);
#1503 = VERTEX_POINT('',#1504);
#1504 = CARTESIAN_POINT('',(-6.678658115148,-5.257901271512,10.));
#1505 = SURFACE_CURVE('',#1506,(#1511,#1518),.PCURVE_S1.);
#1506 = B_SPLINE_CURVE_WITH_KNOTS('',3,(#1507,#1508,#1509,#1510),
  .UNSPECIFIED.,.F.,.F.,(4,4),(0.,1.),.PIECEWISE_BEZIER_KNOTS.);
#1507 = CARTESIAN_POINT('',(-5.166592188174,-4.793362611343,10.));
#1508 = CARTESIAN_POINT('',(-5.601126846142,-5.109206074945,10.));
#1509 = CARTESIAN_POINT('',(-6.154188709263,-5.210789348382,10.));
#1510 = CARTESIAN_POINT('',(-6.678658115148,-5.257901271512,10.));
#1511 = PCURVE('',#1457,#1512);
#1512 = DEFINITIONAL_REPRESENTATION('',(#1513),#1517);
#1513 = LINE('',#1514,#1515);
#1514 = CARTESIAN_POINT('',(1.,0.));
#1515 = VECTOR('',#1516,1.);
#1516 = DIRECTION('',(0.,1.));
#1517 = ( GEOMETRIC_REPRESENTATION_CONTEXT(2) 
PARAMETRIC_REPRESENTATION_CONTEXT() REPRESENTATION_CONTEXT('2D SPACE',''
  ) );
#1518 = PCURVE('',#186,#1519);
#1519 = DEFINITIONAL_REPRESENTATION('',(#1520),#1525);
#1520 = B_SPLINE_CURVE_WITH_KNOTS('',3,(#1521,#1522,#1523,#1524),
  .UNSPECIFIED.,.F.,.F.,(4,4),(0.,1.),.PIECEWISE_BEZIER_KNOTS.);
#1521 = CARTESIAN_POINT('',(5.166592188174,-4.793362611343));
#1522 = CARTESIAN_POINT('',(5.601126846142,-5.109206074945));
#1523 = CARTESIAN_POINT('',(6.154188709263,-5.210789348382));
#1524 = CARTESIAN_POINT('',(6.678658115148,-5.257901271512));
#1525 = ( GEOMETRIC_REPRESENTATION_CONTEXT(2) 
PARAMETRIC_REPRESENTATION_CONTEXT() REPRESENTATION_CONTEXT('2D SPACE',''
  ) );
#1526 = ORIENTED_EDGE('',*,*,#1527,.F.);
#1527 = EDGE_CURVE('',#1477,#1503,#1528,.T.);
#1528 = SURFACE_CURVE('',#1529,(#1532,#1539),.PCURVE_S1.);
#1529 = B_SPLINE_CURVE_WITH_KNOTS('',1,(#1530,#1531),.UNSPECIFIED.,.F.,
  .F.,(2,2),(0.,1.),.PIECEWISE_BEZIER_KNOTS.);
#1530 = CARTESIAN_POINT('',(-6.678658115148,-5.257901271512,0.));
#1531 = CARTESIAN_POINT('',(-6.678658115148,-5.257901271512,10.));
#1532 = PCURVE('',#1457,#1533);
#1533 = DEFINITIONAL_REPRESENTATION('',(#1534),#1538);
#1534 = LINE('',#1535,#1536);
#1535 = CARTESIAN_POINT('',(0.,1.));
#1536 = VECTOR('',#1537,1.);
#1537 = DIRECTION('',(1.,0.));
#1538 = ( GEOMETRIC_REPRESENTATION_CONTEXT(2) 
PARAMETRIC_REPRESENTATION_CONTEXT() REPRESENTATION_CONTEXT('2D SPACE',''
  ) );
#1539 = PCURVE('',#1540,#1549);
#1540 = B_SPLINE_SURFACE_WITH_KNOTS('',1,3,(
    (#1541,#1542,#1543,#1544)
    ,(#1545,#1546,#1547,#1548
    )),.UNSPECIFIED.,.F.,.F.,.F.,(2,2),(4,4),(0.,1.),(0.,1.),
  .PIECEWISE_BEZIER_KNOTS.);
#1541 = CARTESIAN_POINT('',(-6.678658115148,-5.257901271512,0.));
#1542 = CARTESIAN_POINT('',(-6.814001874652,-5.085987229956,0.));
#1543 = CARTESIAN_POINT('',(-6.942703675814,-4.908844397705,0.));
#1544 = CARTESIAN_POINT('',(-7.064380123509,-4.727000472876,0.));
#1545 = CARTESIAN_POINT('',(-6.678658115148,-5.257901271512,10.));
#1546 = CARTESIAN_POINT('',(-6.814001874652,-5.085987229956,10.));
#1547 = CARTESIAN_POINT('',(-6.942703675814,-4.908844397705,10.));
#1548 = CARTESIAN_POINT('',(-7.064380123509,-4.727000472876,10.));
#1549 = DEFINITIONAL_REPRESENTATION('',(#1550),#1554);
#1550 = LINE('',#1551,#1552);
#1551 = CARTESIAN_POINT('',(0.,0.));
#1552 = VECTOR('',#1553,1.);
#1553 = DIRECTION('',(1.,0.));
#1554 = ( GEOMETRIC_REPRESENTATION_CONTEXT(2) 
PARAMETRIC_REPRESENTATION_CONTEXT() REPRESENTATION_CONTEXT('2D SPACE',''
  ) );
#1555 = ADVANCED_FACE('',(#1556),#1540,.T.);
#1556 = FACE_BOUND('',#1557,.T.);
#1557 = EDGE_LOOP('',(#1558,#1583,#1584,#1609));
#1558 = ORIENTED_EDGE('',*,*,#1559,.F.);
#1559 = EDGE_CURVE('',#1477,#1560,#1562,.T.);
#1560 = VERTEX_POINT('',#1561);
#1561 = CARTESIAN_POINT('',(-7.064380123509,-4.727000472876,0.));
#1562 = SURFACE_CURVE('',#1563,(#1568,#1575),.PCURVE_S1.);
#1563 = B_SPLINE_CURVE_WITH_KNOTS('',3,(#1564,#1565,#1566,#1567),
  .UNSPECIFIED.,.F.,.F.,(4,4),(0.,1.),.PIECEWISE_BEZIER_KNOTS.);
#1564 = CARTESIAN_POINT('',(-6.678658115148,-5.257901271512,0.));
#1565 = CARTESIAN_POINT('',(-6.814001874652,-5.085987229956,0.));
#1566 = CARTESIAN_POINT('',(-6.942703675814,-4.908844397705,0.));
#1567 = CARTESIAN_POINT('',(-7.064380123509,-4.727000472876,0.));
#1568 = PCURVE('',#1540,#1569);
#1569 = DEFINITIONAL_REPRESENTATION('',(#1570),#1574);
#1570 = LINE('',#1571,#1572);
#1571 = CARTESIAN_POINT('',(0.,0.));
#1572 = VECTOR('',#1573,1.);
#1573 = DIRECTION('',(0.,1.));
#1574 = ( GEOMETRIC_REPRESENTATION_CONTEXT(2) 
PARAMETRIC_REPRESENTATION_CONTEXT() REPRESENTATION_CONTEXT('2D SPACE',''
  ) );
#1575 = PCURVE('',#125,#1576);
#1576 = DEFINITIONAL_REPRESENTATION('',(#1577),#1582);
#1577 = B_SPLINE_CURVE_WITH_KNOTS('',3,(#1578,#1579,#1580,#1581),
  .UNSPECIFIED.,.F.,.F.,(4,4),(0.,1.),.PIECEWISE_BEZIER_KNOTS.);
#1578 = CARTESIAN_POINT('',(-6.678658115148,-5.257901271512));
#1579 = CARTESIAN_POINT('',(-6.814001874652,-5.085987229956));
#1580 = CARTESIAN_POINT('',(-6.942703675814,-4.908844397705));
#1581 = CARTESIAN_POINT('',(-7.064380123509,-4.727000472876));
#1582 = ( GEOMETRIC_REPRESENTATION_CONTEXT(2) 
PARAMETRIC_REPRESENTATION_CONTEXT() REPRESENTATION_CONTEXT('2D SPACE',''
  ) );
#1583 = ORIENTED_EDGE('',*,*,#1527,.T.);
#1584 = ORIENTED_EDGE('',*,*,#1585,.T.);
#1585 = EDGE_CURVE('',#1503,#1586,#1588,.T.);
#1586 = VERTEX_POINT('',#1587);
#1587 = CARTESIAN_POINT('',(-7.064380123509,-4.727000472876,10.));
#1588 = SURFACE_CURVE('',#1589,(#1594,#1601),.PCURVE_S1.);
#1589 = B_SPLINE_CURVE_WITH_KNOTS('',3,(#1590,#1591,#1592,#1593),
  .UNSPECIFIED.,.F.,.F.,(4,4),(0.,1.),.PIECEWISE_BEZIER_KNOTS.);
#1590 = CARTESIAN_POINT('',(-6.678658115148,-5.257901271512,10.));
#1591 = CARTESIAN_POINT('',(-6.814001874652,-5.085987229956,10.));
#1592 = CARTESIAN_POINT('',(-6.942703675814,-4.908844397705,10.));
#1593 = CARTESIAN_POINT('',(-7.064380123509,-4.727000472876,10.));
#1594 = PCURVE('',#1540,#1595);
#1595 = DEFINITIONAL_REPRESENTATION('',(#1596),#1600);
#1596 = LINE('',#1597,#1598);
#1597 = CARTESIAN_POINT('',(1.,0.));
#1598 = VECTOR('',#1599,1.);
#1599 = DIRECTION('',(0.,1.));
#1600 = ( GEOMETRIC_REPRESENTATION_CONTEXT(2) 
PARAMETRIC_REPRESENTATION_CONTEXT() REPRESENTATION_CONTEXT('2D SPACE',''
  ) );
#1601 = PCURVE('',#186,#1602);
#1602 = DEFINITIONAL_REPRESENTATION('',(#1603),#1608);
#1603 = B_SPLINE_CURVE_WITH_KNOTS('',3,(#1604,#1605,#1606,#1607),
  .UNSPECIFIED.,.F.,.F.,(4,4),(0.,1.),.PIECEWISE_BEZIER_KNOTS.);
#1604 = CARTESIAN_POINT('',(6.678658115148,-5.257901271512));
#1605 = CARTESIAN_POINT('',(6.814001874652,-5.085987229956));
#1606 = CARTESIAN_POINT('',(6.942703675814,-4.908844397705));
#1607 = CARTESIAN_POINT('',(7.064380123509,-4.727000472876));
#1608 = ( GEOMETRIC_REPRESENTATION_CONTEXT(2) 
PARAMETRIC_REPRESENTATION_CONTEXT() REPRESENTATION_CONTEXT('2D SPACE',''
  ) );
#1609 = ORIENTED_EDGE('',*,*,#1610,.F.);
#1610 = EDGE_CURVE('',#1560,#1586,#1611,.T.);
#1611 = SURFACE_CURVE('',#1612,(#1615,#1622),.PCURVE_S1.);
#1612 = B_SPLINE_CURVE_WITH_KNOTS('',1,(#1613,#1614),.UNSPECIFIED.,.F.,
  .F.,(2,2),(0.,1.),.PIECEWISE_BEZIER_KNOTS.);
#1613 = CARTESIAN_POINT('',(-7.064380123509,-4.727000472876,0.));
#1614 = CARTESIAN_POINT('',(-7.064380123509,-4.727000472876,10.));
#1615 = PCURVE('',#1540,#1616);
#1616 = DEFINITIONAL_REPRESENTATION('',(#1617),#1621);
#1617 = LINE('',#1618,#1619);
#1618 = CARTESIAN_POINT('',(0.,1.));
#1619 = VECTOR('',#1620,1.);
#1620 = DIRECTION('',(1.,0.));
#1621 = ( GEOMETRIC_REPRESENTATION_CONTEXT(2) 
PARAMETRIC_REPRESENTATION_CONTEXT() REPRESENTATION_CONTEXT('2D SPACE',''
  ) );
#1622 = PCURVE('',#1623,#1632);
#1623 = B_SPLINE_SURFACE_WITH_KNOTS('',1,3,(
    (#1624,#1625,#1626,#1627)
    ,(#1628,#1629,#1630,#1631
    )),.UNSPECIFIED.,.F.,.F.,.F.,(2,2),(4,4),(0.,1.),(0.,1.),
  .PIECEWISE_BEZIER_KNOTS.);
#1624 = CARTESIAN_POINT('',(-7.064380123509,-4.727000472876,0.));
#1625 = CARTESIAN_POINT('',(-6.857504062573,-4.242758811696,0.));
#1626 = CARTESIAN_POINT('',(-6.589987113778,-3.748156680697,0.));
#1627 = CARTESIAN_POINT('',(-6.155323535634,-3.432490660496,0.));
#1628 = CARTESIAN_POINT('',(-7.064380123509,-4.727000472876,10.));
#1629 = CARTESIAN_POINT('',(-6.857504062573,-4.242758811696,10.));
#1630 = CARTESIAN_POINT('',(-6.589987113778,-3.748156680697,10.));
#1631 = CARTESIAN_POINT('',(-6.155323535634,-3.432490660496,10.));
#1632 = DEFINITIONAL_REPRESENTATION('',(#1633),#1637);
#1633 = LINE('',#1634,#1635);
#1634 = CARTESIAN_POINT('',(0.,0.));
#1635 = VECTOR('',#1636,1.);
#1636 = DIRECTION('',(1.,0.));
#1637 = ( GEOMETRIC_REPRESENTATION_CONTEXT(2) 
PARAMETRIC_REPRESENTATION_CONTEXT() REPRESENTATION_CONTEXT('2D SPACE',''
  ) );
#1638 = ADVANCED_FACE('',(#1639),#1623,.T.);
#1639 = FACE_BOUND('',#1640,.T.);
#1640 = EDGE_LOOP('',(#1641,#1666,#1667,#1692));
#1641 = ORIENTED_EDGE('',*,*,#1642,.F.);
#1642 = EDGE_CURVE('',#1560,#1643,#1645,.T.);
#1643 = VERTEX_POINT('',#1644);
#1644 = CARTESIAN_POINT('',(-6.155323535634,-3.432490660496,0.));
#1645 = SURFACE_CURVE('',#1646,(#1651,#1658),.PCURVE_S1.);
#1646 = B_SPLINE_CURVE_WITH_KNOTS('',3,(#1647,#1648,#1649,#1650),
  .UNSPECIFIED.,.F.,.F.,(4,4),(0.,1.),.PIECEWISE_BEZIER_KNOTS.);
#1647 = CARTESIAN_POINT('',(-7.064380123509,-4.727000472876,0.));
#1648 = CARTESIAN_POINT('',(-6.857504062573,-4.242758811696,0.));
#1649 = CARTESIAN_POINT('',(-6.589987113778,-3.748156680697,0.));
#1650 = CARTESIAN_POINT('',(-6.155323535634,-3.432490660496,0.));
#1651 = PCURVE('',#1623,#1652);
#1652 = DEFINITIONAL_REPRESENTATION('',(#1653),#1657);
#1653 = LINE('',#1654,#1655);
#1654 = CARTESIAN_POINT('',(0.,0.));
#1655 = VECTOR('',#1656,1.);
#1656 = DIRECTION('',(0.,1.));
#1657 = ( GEOMETRIC_REPRESENTATION_CONTEXT(2) 
PARAMETRIC_REPRESENTATION_CONTEXT() REPRESENTATION_CONTEXT('2D SPACE',''
  ) );
#1658 = PCURVE('',#125,#1659);
#1659 = DEFINITIONAL_REPRESENTATION('',(#1660),#1665);
#1660 = B_SPLINE_CURVE_WITH_KNOTS('',3,(#1661,#1662,#1663,#1664),
  .UNSPECIFIED.,.F.,.F.,(4,4),(0.,1.),.PIECEWISE_BEZIER_KNOTS.);
#1661 = CARTESIAN_POINT('',(-7.064380123509,-4.727000472876));
#1662 = CARTESIAN_POINT('',(-6.857504062573,-4.242758811696));
#1663 = CARTESIAN_POINT('',(-6.589987113778,-3.748156680697));
#1664 = CARTESIAN_POINT('',(-6.155323535634,-3.432490660496));
#1665 = ( GEOMETRIC_REPRESENTATION_CONTEXT(2) 
PARAMETRIC_REPRESENTATION_CONTEXT() REPRESENTATION_CONTEXT('2D SPACE',''
  ) );
#1666 = ORIENTED_EDGE('',*,*,#1610,.T.);
#1667 = ORIENTED_EDGE('',*,*,#1668,.T.);
#1668 = EDGE_CURVE('',#1586,#1669,#1671,.T.);
#1669 = VERTEX_POINT('',#1670);
#1670 = CARTESIAN_POINT('',(-6.155323535634,-3.432490660496,10.));
#1671 = SURFACE_CURVE('',#1672,(#1677,#1684),.PCURVE_S1.);
#1672 = B_SPLINE_CURVE_WITH_KNOTS('',3,(#1673,#1674,#1675,#1676),
  .UNSPECIFIED.,.F.,.F.,(4,4),(0.,1.),.PIECEWISE_BEZIER_KNOTS.);
#1673 = CARTESIAN_POINT('',(-7.064380123509,-4.727000472876,10.));
#1674 = CARTESIAN_POINT('',(-6.857504062573,-4.242758811696,10.));
#1675 = CARTESIAN_POINT('',(-6.589987113778,-3.748156680697,10.));
#1676 = CARTESIAN_POINT('',(-6.155323535634,-3.432490660496,10.));
#1677 = PCURVE('',#1623,#1678);
#1678 = DEFINITIONAL_REPRESENTATION('',(#1679),#1683);
#1679 = LINE('',#1680,#1681);
#1680 = CARTESIAN_POINT('',(1.,0.));
#1681 = VECTOR('',#1682,1.);
#1682 = DIRECTION('',(0.,1.));
#1683 = ( GEOMETRIC_REPRESENTATION_CONTEXT(2) 
PARAMETRIC_REPRESENTATION_CONTEXT() REPRESENTATION_CONTEXT('2D SPACE',''
  ) );
#1684 = PCURVE('',#186,#1685);
#1685 = DEFINITIONAL_REPRESENTATION('',(#1686),#1691);
#1686 = B_SPLINE_CURVE_WITH_KNOTS('',3,(#1687,#1688,#1689,#1690),
  .UNSPECIFIED.,.F.,.F.,(4,4),(0.,1.),.PIECEWISE_BEZIER_KNOTS.);
#1687 = CARTESIAN_POINT('',(7.064380123509,-4.727000472876));
#1688 = CARTESIAN_POINT('',(6.857504062573,-4.242758811696));
#1689 = CARTESIAN_POINT('',(6.589987113778,-3.748156680697));
#1690 = CARTESIAN_POINT('',(6.155323535634,-3.432490660496));
#1691 = ( GEOMETRIC_REPRESENTATION_CONTEXT(2) 
PARAMETRIC_REPRESENTATION_CONTEXT() REPRESENTATION_CONTEXT('2D SPACE',''
  ) );
#1692 = ORIENTED_EDGE('',*,*,#1693,.F.);
#1693 = EDGE_CURVE('',#1643,#1669,#1694,.T.);
#1694 = SURFACE_CURVE('',#1695,(#1698,#1705),.PCURVE_S1.);
#1695 = B_SPLINE_CURVE_WITH_KNOTS('',1,(#1696,#1697),.UNSPECIFIED.,.F.,
  .F.,(2,2),(0.,1.),.PIECEWISE_BEZIER_KNOTS.);
#1696 = CARTESIAN_POINT('',(-6.155323535634,-3.432490660496,0.));
#1697 = CARTESIAN_POINT('',(-6.155323535634,-3.432490660496,10.));
#1698 = PCURVE('',#1623,#1699);
#1699 = DEFINITIONAL_REPRESENTATION('',(#1700),#1704);
#1700 = LINE('',#1701,#1702);
#1701 = CARTESIAN_POINT('',(0.,1.));
#1702 = VECTOR('',#1703,1.);
#1703 = DIRECTION('',(1.,0.));
#1704 = ( GEOMETRIC_REPRESENTATION_CONTEXT(2) 
PARAMETRIC_REPRESENTATION_CONTEXT() REPRESENTATION_CONTEXT('2D SPACE',''
  ) );
#1705 = PCURVE('',#1706,#1715);
#1706 = B_SPLINE_SURFACE_WITH_KNOTS('',1,3,(
    (#1707,#1708,#1709,#1710)
    ,(#1711,#1712,#1713,#1714
    )),.UNSPECIFIED.,.F.,.F.,.F.,(2,2),(4,4),(0.,1.),(0.,1.),
  .PIECEWISE_BEZIER_KNOTS.);
#1707 = CARTESIAN_POINT('',(-6.155323535634,-3.432490660496,0.));
#1708 = CARTESIAN_POINT('',(-5.173194656613,-3.132528204962,0.));
#1709 = CARTESIAN_POINT('',(-5.789465003572,-1.748362343027,0.));
#1710 = CARTESIAN_POINT('',(-6.669553042581,-2.277512277667,0.));
#1711 = CARTESIAN_POINT('',(-6.155323535634,-3.432490660496,10.));
#1712 = CARTESIAN_POINT('',(-5.173194656613,-3.132528204962,10.));
#1713 = CARTESIAN_POINT('',(-5.789465003572,-1.748362343027,10.));
#1714 = CARTESIAN_POINT('',(-6.669553042581,-2.277512277667,10.));
#1715 = DEFINITIONAL_REPRESENTATION('',(#1716),#1720);
#1716 = LINE('',#1717,#1718);
#1717 = CARTESIAN_POINT('',(0.,0.));
#1718 = VECTOR('',#1719,1.);
#1719 = DIRECTION('',(1.,0.));
#1720 = ( GEOMETRIC_REPRESENTATION_CONTEXT(2) 
PARAMETRIC_REPRESENTATION_CONTEXT() REPRESENTATION_CONTEXT('2D SPACE',''
  ) );
#1721 = ADVANCED_FACE('',(#1722),#1706,.T.);
#1722 = FACE_BOUND('',#1723,.T.);
#1723 = EDGE_LOOP('',(#1724,#1749,#1750,#1775));
#1724 = ORIENTED_EDGE('',*,*,#1725,.F.);
#1725 = EDGE_CURVE('',#1643,#1726,#1728,.T.);
#1726 = VERTEX_POINT('',#1727);
#1727 = CARTESIAN_POINT('',(-6.669553042581,-2.277512277667,0.));
#1728 = SURFACE_CURVE('',#1729,(#1734,#1741),.PCURVE_S1.);
#1729 = B_SPLINE_CURVE_WITH_KNOTS('',3,(#1730,#1731,#1732,#1733),
  .UNSPECIFIED.,.F.,.F.,(4,4),(0.,1.),.PIECEWISE_BEZIER_KNOTS.);
#1730 = CARTESIAN_POINT('',(-6.155323535634,-3.432490660496,0.));
#1731 = CARTESIAN_POINT('',(-5.173194656613,-3.132528204962,0.));
#1732 = CARTESIAN_POINT('',(-5.789465003572,-1.748362343027,0.));
#1733 = CARTESIAN_POINT('',(-6.669553042581,-2.277512277667,0.));
#1734 = PCURVE('',#1706,#1735);
#1735 = DEFINITIONAL_REPRESENTATION('',(#1736),#1740);
#1736 = LINE('',#1737,#1738);
#1737 = CARTESIAN_POINT('',(0.,0.));
#1738 = VECTOR('',#1739,1.);
#1739 = DIRECTION('',(0.,1.));
#1740 = ( GEOMETRIC_REPRESENTATION_CONTEXT(2) 
PARAMETRIC_REPRESENTATION_CONTEXT() REPRESENTATION_CONTEXT('2D SPACE',''
  ) );
#1741 = PCURVE('',#125,#1742);
#1742 = DEFINITIONAL_REPRESENTATION('',(#1743),#1748);
#1743 = B_SPLINE_CURVE_WITH_KNOTS('',3,(#1744,#1745,#1746,#1747),
  .UNSPECIFIED.,.F.,.F.,(4,4),(0.,1.),.PIECEWISE_BEZIER_KNOTS.);
#1744 = CARTESIAN_POINT('',(-6.155323535634,-3.432490660496));
#1745 = CARTESIAN_POINT('',(-5.173194656613,-3.132528204962));
#1746 = CARTESIAN_POINT('',(-5.789465003572,-1.748362343027));
#1747 = CARTESIAN_POINT('',(-6.669553042581,-2.277512277667));
#1748 = ( GEOMETRIC_REPRESENTATION_CONTEXT(2) 
PARAMETRIC_REPRESENTATION_CONTEXT() REPRESENTATION_CONTEXT('2D SPACE',''
  ) );
#1749 = ORIENTED_EDGE('',*,*,#1693,.T.);
#1750 = ORIENTED_EDGE('',*,*,#1751,.T.);
#1751 = EDGE_CURVE('',#1669,#1752,#1754,.T.);
#1752 = VERTEX_POINT('',#1753);
#1753 = CARTESIAN_POINT('',(-6.669553042581,-2.277512277667,10.));
#1754 = SURFACE_CURVE('',#1755,(#1760,#1767),.PCURVE_S1.);
#1755 = B_SPLINE_CURVE_WITH_KNOTS('',3,(#1756,#1757,#1758,#1759),
  .UNSPECIFIED.,.F.,.F.,(4,4),(0.,1.),.PIECEWISE_BEZIER_KNOTS.);
#1756 = CARTESIAN_POINT('',(-6.155323535634,-3.432490660496,10.));
#1757 = CARTESIAN_POINT('',(-5.173194656613,-3.132528204962,10.));
#1758 = CARTESIAN_POINT('',(-5.789465003572,-1.748362343027,10.));
#1759 = CARTESIAN_POINT('',(-6.669553042581,-2.277512277667,10.));
#1760 = PCURVE('',#1706,#1761);
#1761 = DEFINITIONAL_REPRESENTATION('',(#1762),#1766);
#1762 = LINE('',#1763,#1764);
#1763 = CARTESIAN_POINT('',(1.,0.));
#1764 = VECTOR('',#1765,1.);
#1765 = DIRECTION('',(0.,1.));
#1766 = ( GEOMETRIC_REPRESENTATION_CONTEXT(2) 
PARAMETRIC_REPRESENTATION_CONTEXT() REPRESENTATION_CONTEXT('2D SPACE',''
  ) );
#1767 = PCURVE('',#186,#1768);
#1768 = DEFINITIONAL_REPRESENTATION('',(#1769),#1774);
#1769 = B_SPLINE_CURVE_WITH_KNOTS('',3,(#1770,#1771,#1772,#1773),
  .UNSPECIFIED.,.F.,.F.,(4,4),(0.,1.),.PIECEWISE_BEZIER_KNOTS.);
#1770 = CARTESIAN_POINT('',(6.155323535634,-3.432490660496));
#1771 = CARTESIAN_POINT('',(5.173194656613,-3.132528204962));
#1772 = CARTESIAN_POINT('',(5.789465003572,-1.748362343027));
#1773 = CARTESIAN_POINT('',(6.669553042581,-2.277512277667));
#1774 = ( GEOMETRIC_REPRESENTATION_CONTEXT(2) 
PARAMETRIC_REPRESENTATION_CONTEXT() REPRESENTATION_CONTEXT('2D SPACE',''
  ) );
#1775 = ORIENTED_EDGE('',*,*,#1776,.F.);
#1776 = EDGE_CURVE('',#1726,#1752,#1777,.T.);
#1777 = SURFACE_CURVE('',#1778,(#1781,#1788),.PCURVE_S1.);
#1778 = B_SPLINE_CURVE_WITH_KNOTS('',1,(#1779,#1780),.UNSPECIFIED.,.F.,
  .F.,(2,2),(0.,1.),.PIECEWISE_BEZIER_KNOTS.);
#1779 = CARTESIAN_POINT('',(-6.669553042581,-2.277512277667,0.));
#1780 = CARTESIAN_POINT('',(-6.669553042581,-2.277512277667,10.));
#1781 = PCURVE('',#1706,#1782);
#1782 = DEFINITIONAL_REPRESENTATION('',(#1783),#1787);
#1783 = LINE('',#1784,#1785);
#1784 = CARTESIAN_POINT('',(0.,1.));
#1785 = VECTOR('',#1786,1.);
#1786 = DIRECTION('',(1.,0.));
#1787 = ( GEOMETRIC_REPRESENTATION_CONTEXT(2) 
PARAMETRIC_REPRESENTATION_CONTEXT() REPRESENTATION_CONTEXT('2D SPACE',''
  ) );
#1788 = PCURVE('',#1789,#1798);
#1789 = B_SPLINE_SURFACE_WITH_KNOTS('',1,3,(
    (#1790,#1791,#1792,#1793)
    ,(#1794,#1795,#1796,#1797
    )),.UNSPECIFIED.,.F.,.F.,.F.,(2,2),(4,4),(0.,1.),(0.,1.),
  .PIECEWISE_BEZIER_KNOTS.);
#1790 = CARTESIAN_POINT('',(-6.669553042581,-2.277512277667,0.));
#1791 = CARTESIAN_POINT('',(-7.194985315678,-2.389308471084,0.));
#1792 = CARTESIAN_POINT('',(-7.741550108159,-2.257158883487,0.));
#1793 = CARTESIAN_POINT('',(-8.23983889704,-2.086876841316,0.));
#1794 = CARTESIAN_POINT('',(-6.669553042581,-2.277512277667,10.));
#1795 = CARTESIAN_POINT('',(-7.194985315678,-2.389308471084,10.));
#1796 = CARTESIAN_POINT('',(-7.741550108159,-2.257158883487,10.));
#1797 = CARTESIAN_POINT('',(-8.23983889704,-2.086876841316,10.));
#1798 = DEFINITIONAL_REPRESENTATION('',(#1799),#1803);
#1799 = LINE('',#1800,#1801);
#1800 = CARTESIAN_POINT('',(0.,0.));
#1801 = VECTOR('',#1802,1.);
#1802 = DIRECTION('',(1.,0.));
#1803 = ( GEOMETRIC_REPRESENTATION_CONTEXT(2) 
PARAMETRIC_REPRESENTATION_CONTEXT() REPRESENTATION_CONTEXT('2D SPACE',''
  ) );
#1804 = ADVANCED_FACE('',(#1805),#1789,.T.);
#1805 = FACE_BOUND('',#1806,.T.);
#1806 = EDGE_LOOP('',(#1807,#1832,#1833,#1858));
#1807 = ORIENTED_EDGE('',*,*,#1808,.F.);
#1808 = EDGE_CURVE('',#1726,#1809,#1811,.T.);
#1809 = VERTEX_POINT('',#1810);
#1810 = CARTESIAN_POINT('',(-8.23983889704,-2.086876841316,0.));
#1811 = SURFACE_CURVE('',#1812,(#1817,#1824),.PCURVE_S1.);
#1812 = B_SPLINE_CURVE_WITH_KNOTS('',3,(#1813,#1814,#1815,#1816),
  .UNSPECIFIED.,.F.,.F.,(4,4),(0.,1.),.PIECEWISE_BEZIER_KNOTS.);
#1813 = CARTESIAN_POINT('',(-6.669553042581,-2.277512277667,0.));
#1814 = CARTESIAN_POINT('',(-7.194985315678,-2.389308471084,0.));
#1815 = CARTESIAN_POINT('',(-7.741550108159,-2.257158883487,0.));
#1816 = CARTESIAN_POINT('',(-8.23983889704,-2.086876841316,0.));
#1817 = PCURVE('',#1789,#1818);
#1818 = DEFINITIONAL_REPRESENTATION('',(#1819),#1823);
#1819 = LINE('',#1820,#1821);
#1820 = CARTESIAN_POINT('',(0.,0.));
#1821 = VECTOR('',#1822,1.);
#1822 = DIRECTION('',(0.,1.));
#1823 = ( GEOMETRIC_REPRESENTATION_CONTEXT(2) 
PARAMETRIC_REPRESENTATION_CONTEXT() REPRESENTATION_CONTEXT('2D SPACE',''
  ) );
#1824 = PCURVE('',#125,#1825);
#1825 = DEFINITIONAL_REPRESENTATION('',(#1826),#1831);
#1826 = B_SPLINE_CURVE_WITH_KNOTS('',3,(#1827,#1828,#1829,#1830),
  .UNSPECIFIED.,.F.,.F.,(4,4),(0.,1.),.PIECEWISE_BEZIER_KNOTS.);
#1827 = CARTESIAN_POINT('',(-6.669553042581,-2.277512277667));
#1828 = CARTESIAN_POINT('',(-7.194985315678,-2.389308471084));
#1829 = CARTESIAN_POINT('',(-7.741550108159,-2.257158883487));
#1830 = CARTESIAN_POINT('',(-8.23983889704,-2.086876841316));
#1831 = ( GEOMETRIC_REPRESENTATION_CONTEXT(2) 
PARAMETRIC_REPRESENTATION_CONTEXT() REPRESENTATION_CONTEXT('2D SPACE',''
  ) );
#1832 = ORIENTED_EDGE('',*,*,#1776,.T.);
#1833 = ORIENTED_EDGE('',*,*,#1834,.T.);
#1834 = EDGE_CURVE('',#1752,#1835,#1837,.T.);
#1835 = VERTEX_POINT('',#1836);
#1836 = CARTESIAN_POINT('',(-8.23983889704,-2.086876841316,10.));
#1837 = SURFACE_CURVE('',#1838,(#1843,#1850),.PCURVE_S1.);
#1838 = B_SPLINE_CURVE_WITH_KNOTS('',3,(#1839,#1840,#1841,#1842),
  .UNSPECIFIED.,.F.,.F.,(4,4),(0.,1.),.PIECEWISE_BEZIER_KNOTS.);
#1839 = CARTESIAN_POINT('',(-6.669553042581,-2.277512277667,10.));
#1840 = CARTESIAN_POINT('',(-7.194985315678,-2.389308471084,10.));
#1841 = CARTESIAN_POINT('',(-7.741550108159,-2.257158883487,10.));
#1842 = CARTESIAN_POINT('',(-8.23983889704,-2.086876841316,10.));
#1843 = PCURVE('',#1789,#1844);
#1844 = DEFINITIONAL_REPRESENTATION('',(#1845),#1849);
#1845 = LINE('',#1846,#1847);
#1846 = CARTESIAN_POINT('',(1.,0.));
#1847 = VECTOR('',#1848,1.);
#1848 = DIRECTION('',(0.,1.));
#1849 = ( GEOMETRIC_REPRESENTATION_CONTEXT(2) 
PARAMETRIC_REPRESENTATION_CONTEXT() REPRESENTATION_CONTEXT('2D SPACE',''
  ) );
#1850 = PCURVE('',#186,#1851);
#1851 = DEFINITIONAL_REPRESENTATION('',(#1852),#1857);
#1852 = B_SPLINE_CURVE_WITH_KNOTS('',3,(#1853,#1854,#1855,#1856),
  .UNSPECIFIED.,.F.,.F.,(4,4),(0.,1.),.PIECEWISE_BEZIER_KNOTS.);
#1853 = CARTESIAN_POINT('',(6.669553042581,-2.277512277667));
#1854 = CARTESIAN_POINT('',(7.194985315678,-2.389308471084));
#1855 = CARTESIAN_POINT('',(7.741550108159,-2.257158883487));
#1856 = CARTESIAN_POINT('',(8.23983889704,-2.086876841316));
#1857 = ( GEOMETRIC_REPRESENTATION_CONTEXT(2) 
PARAMETRIC_REPRESENTATION_CONTEXT() REPRESENTATION_CONTEXT('2D SPACE',''
  ) );
#1858 = ORIENTED_EDGE('',*,*,#1859,.F.);
#1859 = EDGE_CURVE('',#1809,#1835,#1860,.T.);
#1860 = SURFACE_CURVE('',#1861,(#1864,#1871),.PCURVE_S1.);
#1861 = B_SPLINE_CURVE_WITH_KNOTS('',1,(#1862,#1863),.UNSPECIFIED.,.F.,
  .F.,(2,2),(0.,1.),.PIECEWISE_BEZIER_KNOTS.);
#1862 = CARTESIAN_POINT('',(-8.23983889704,-2.086876841316,0.));
#1863 = CARTESIAN_POINT('',(-8.23983889704,-2.086876841316,10.));
#1864 = PCURVE('',#1789,#1865);
#1865 = DEFINITIONAL_REPRESENTATION('',(#1866),#1870);
#1866 = LINE('',#1867,#1868);
#1867 = CARTESIAN_POINT('',(0.,1.));
#1868 = VECTOR('',#1869,1.);
#1869 = DIRECTION('',(1.,0.));
#1870 = ( GEOMETRIC_REPRESENTATION_CONTEXT(2) 
PARAMETRIC_REPRESENTATION_CONTEXT() REPRESENTATION_CONTEXT('2D SPACE',''
  ) );
#1871 = PCURVE('',#1872,#1881);
#1872 = B_SPLINE_SURFACE_WITH_KNOTS('',1,3,(
    (#1873,#1874,#1875,#1876)
    ,(#1877,#1878,#1879,#1880
    )),.UNSPECIFIED.,.F.,.F.,.F.,(2,2),(4,4),(0.,1.),(0.,1.),
  .PIECEWISE_BEZIER_KNOTS.);
#1873 = CARTESIAN_POINT('',(-8.23983889704,-2.086876841316,0.));
#1874 = CARTESIAN_POINT('',(-8.293557833595,-1.874776283147,0.));
#1875 = CARTESIAN_POINT('',(-8.339082298502,-1.660600514827,0.));
#1876 = CARTESIAN_POINT('',(-8.376276677048,-1.444987553423,0.));
#1877 = CARTESIAN_POINT('',(-8.23983889704,-2.086876841316,10.));
#1878 = CARTESIAN_POINT('',(-8.293557833595,-1.874776283147,10.));
#1879 = CARTESIAN_POINT('',(-8.339082298502,-1.660600514827,10.));
#1880 = CARTESIAN_POINT('',(-8.376276677048,-1.444987553423,10.));
#1881 = DEFINITIONAL_REPRESENTATION('',(#1882),#1886);
#1882 = LINE('',#1883,#1884);
#1883 = CARTESIAN_POINT('',(0.,0.));
#1884 = VECTOR('',#1885,1.);
#1885 = DIRECTION('',(1.,0.));
#1886 = ( GEOMETRIC_REPRESENTATION_CONTEXT(2) 
PARAMETRIC_REPRESENTATION_CONTEXT() REPRESENTATION_CONTEXT('2D SPACE',''
  ) );
#1887 = ADVANCED_FACE('',(#1888),#1872,.T.);
#1888 = FACE_BOUND('',#1889,.T.);
#1889 = EDGE_LOOP('',(#1890,#1915,#1916,#1941));
#1890 = ORIENTED_EDGE('',*,*,#1891,.F.);
#1891 = EDGE_CURVE('',#1809,#1892,#1894,.T.);
#1892 = VERTEX_POINT('',#1893);
#1893 = CARTESIAN_POINT('',(-8.376276677048,-1.444987553423,0.));
#1894 = SURFACE_CURVE('',#1895,(#1900,#1907),.PCURVE_S1.);
#1895 = B_SPLINE_CURVE_WITH_KNOTS('',3,(#1896,#1897,#1898,#1899),
  .UNSPECIFIED.,.F.,.F.,(4,4),(0.,1.),.PIECEWISE_BEZIER_KNOTS.);
#1896 = CARTESIAN_POINT('',(-8.23983889704,-2.086876841316,0.));
#1897 = CARTESIAN_POINT('',(-8.293557833595,-1.874776283147,0.));
#1898 = CARTESIAN_POINT('',(-8.339082298502,-1.660600514827,0.));
#1899 = CARTESIAN_POINT('',(-8.376276677048,-1.444987553423,0.));
#1900 = PCURVE('',#1872,#1901);
#1901 = DEFINITIONAL_REPRESENTATION('',(#1902),#1906);
#1902 = LINE('',#1903,#1904);
#1903 = CARTESIAN_POINT('',(0.,0.));
#1904 = VECTOR('',#1905,1.);
#1905 = DIRECTION('',(0.,1.));
#1906 = ( GEOMETRIC_REPRESENTATION_CONTEXT(2) 
PARAMETRIC_REPRESENTATION_CONTEXT() REPRESENTATION_CONTEXT('2D SPACE',''
  ) );
#1907 = PCURVE('',#125,#1908);
#1908 = DEFINITIONAL_REPRESENTATION('',(#1909),#1914);
#1909 = B_SPLINE_CURVE_WITH_KNOTS('',3,(#1910,#1911,#1912,#1913),
  .UNSPECIFIED.,.F.,.F.,(4,4),(0.,1.),.PIECEWISE_BEZIER_KNOTS.);
#1910 = CARTESIAN_POINT('',(-8.23983889704,-2.086876841316));
#1911 = CARTESIAN_POINT('',(-8.293557833595,-1.874776283147));
#1912 = CARTESIAN_POINT('',(-8.339082298502,-1.660600514827));
#1913 = CARTESIAN_POINT('',(-8.376276677048,-1.444987553423));
#1914 = ( GEOMETRIC_REPRESENTATION_CONTEXT(2) 
PARAMETRIC_REPRESENTATION_CONTEXT() REPRESENTATION_CONTEXT('2D SPACE',''
  ) );
#1915 = ORIENTED_EDGE('',*,*,#1859,.T.);
#1916 = ORIENTED_EDGE('',*,*,#1917,.T.);
#1917 = EDGE_CURVE('',#1835,#1918,#1920,.T.);
#1918 = VERTEX_POINT('',#1919);
#1919 = CARTESIAN_POINT('',(-8.376276677048,-1.444987553423,10.));
#1920 = SURFACE_CURVE('',#1921,(#1926,#1933),.PCURVE_S1.);
#1921 = B_SPLINE_CURVE_WITH_KNOTS('',3,(#1922,#1923,#1924,#1925),
  .UNSPECIFIED.,.F.,.F.,(4,4),(0.,1.),.PIECEWISE_BEZIER_KNOTS.);
#1922 = CARTESIAN_POINT('',(-8.23983889704,-2.086876841316,10.));
#1923 = CARTESIAN_POINT('',(-8.293557833595,-1.874776283147,10.));
#1924 = CARTESIAN_POINT('',(-8.339082298502,-1.660600514827,10.));
#1925 = CARTESIAN_POINT('',(-8.376276677048,-1.444987553423,10.));
#1926 = PCURVE('',#1872,#1927);
#1927 = DEFINITIONAL_REPRESENTATION('',(#1928),#1932);
#1928 = LINE('',#1929,#1930);
#1929 = CARTESIAN_POINT('',(1.,0.));
#1930 = VECTOR('',#1931,1.);
#1931 = DIRECTION('',(0.,1.));
#1932 = ( GEOMETRIC_REPRESENTATION_CONTEXT(2) 
PARAMETRIC_REPRESENTATION_CONTEXT() REPRESENTATION_CONTEXT('2D SPACE',''
  ) );
#1933 = PCURVE('',#186,#1934);
#1934 = DEFINITIONAL_REPRESENTATION('',(#1935),#1940);
#1935 = B_SPLINE_CURVE_WITH_KNOTS('',3,(#1936,#1937,#1938,#1939),
  .UNSPECIFIED.,.F.,.F.,(4,4),(0.,1.),.PIECEWISE_BEZIER_KNOTS.);
#1936 = CARTESIAN_POINT('',(8.23983889704,-2.086876841316));
#1937 = CARTESIAN_POINT('',(8.293557833595,-1.874776283147));
#1938 = CARTESIAN_POINT('',(8.339082298502,-1.660600514827));
#1939 = CARTESIAN_POINT('',(8.376276677048,-1.444987553423));
#1940 = ( GEOMETRIC_REPRESENTATION_CONTEXT(2) 
PARAMETRIC_REPRESENTATION_CONTEXT() REPRESENTATION_CONTEXT('2D SPACE',''
  ) );
#1941 = ORIENTED_EDGE('',*,*,#1942,.F.);
#1942 = EDGE_CURVE('',#1892,#1918,#1943,.T.);
#1943 = SURFACE_CURVE('',#1944,(#1947,#1954),.PCURVE_S1.);
#1944 = B_SPLINE_CURVE_WITH_KNOTS('',1,(#1945,#1946),.UNSPECIFIED.,.F.,
  .F.,(2,2),(0.,1.),.PIECEWISE_BEZIER_KNOTS.);
#1945 = CARTESIAN_POINT('',(-8.376276677048,-1.444987553423,0.));
#1946 = CARTESIAN_POINT('',(-8.376276677048,-1.444987553423,10.));
#1947 = PCURVE('',#1872,#1948);
#1948 = DEFINITIONAL_REPRESENTATION('',(#1949),#1953);
#1949 = LINE('',#1950,#1951);
#1950 = CARTESIAN_POINT('',(0.,1.));
#1951 = VECTOR('',#1952,1.);
#1952 = DIRECTION('',(1.,0.));
#1953 = ( GEOMETRIC_REPRESENTATION_CONTEXT(2) 
PARAMETRIC_REPRESENTATION_CONTEXT() REPRESENTATION_CONTEXT('2D SPACE',''
  ) );
#1954 = PCURVE('',#1955,#1964);
#1955 = B_SPLINE_SURFACE_WITH_KNOTS('',1,3,(
    (#1956,#1957,#1958,#1959)
    ,(#1960,#1961,#1962,#1963
    )),.UNSPECIFIED.,.F.,.F.,.F.,(2,2),(4,4),(0.,1.),(0.,1.),
  .PIECEWISE_BEZIER_KNOTS.);
#1956 = CARTESIAN_POINT('',(-8.376276677048,-1.444987553423,0.));
#1957 = CARTESIAN_POINT('',(-7.990327163579,-1.086754858009,0.));
#1958 = CARTESIAN_POINT('',(-7.544765459744,-0.743722273613,0.));
#1959 = CARTESIAN_POINT('',(-7.019287584938,-0.632140619367,0.));
#1960 = CARTESIAN_POINT('',(-8.376276677048,-1.444987553423,10.));
#1961 = CARTESIAN_POINT('',(-7.990327163579,-1.086754858009,10.));
#1962 = CARTESIAN_POINT('',(-7.544765459744,-0.743722273613,10.));
#1963 = CARTESIAN_POINT('',(-7.019287584938,-0.632140619367,10.));
#1964 = DEFINITIONAL_REPRESENTATION('',(#1965),#1969);
#1965 = LINE('',#1966,#1967);
#1966 = CARTESIAN_POINT('',(0.,0.));
#1967 = VECTOR('',#1968,1.);
#1968 = DIRECTION('',(1.,0.));
#1969 = ( GEOMETRIC_REPRESENTATION_CONTEXT(2) 
PARAMETRIC_REPRESENTATION_CONTEXT() REPRESENTATION_CONTEXT('2D SPACE',''
  ) );
#1970 = ADVANCED_FACE('',(#1971),#1955,.T.);
#1971 = FACE_BOUND('',#1972,.T.);
#1972 = EDGE_LOOP('',(#1973,#1998,#1999,#2024));
#1973 = ORIENTED_EDGE('',*,*,#1974,.F.);
#1974 = EDGE_CURVE('',#1892,#1975,#1977,.T.);
#1975 = VERTEX_POINT('',#1976);
#1976 = CARTESIAN_POINT('',(-7.019287584938,-0.632140619367,0.));
#1977 = SURFACE_CURVE('',#1978,(#1983,#1990),.PCURVE_S1.);
#1978 = B_SPLINE_CURVE_WITH_KNOTS('',3,(#1979,#1980,#1981,#1982),
  .UNSPECIFIED.,.F.,.F.,(4,4),(0.,1.),.PIECEWISE_BEZIER_KNOTS.);
#1979 = CARTESIAN_POINT('',(-8.376276677048,-1.444987553423,0.));
#1980 = CARTESIAN_POINT('',(-7.990327163579,-1.086754858009,0.));
#1981 = CARTESIAN_POINT('',(-7.544765459744,-0.743722273613,0.));
#1982 = CARTESIAN_POINT('',(-7.019287584938,-0.632140619367,0.));
#1983 = PCURVE('',#1955,#1984);
#1984 = DEFINITIONAL_REPRESENTATION('',(#1985),#1989);
#1985 = LINE('',#1986,#1987);
#1986 = CARTESIAN_POINT('',(0.,0.));
#1987 = VECTOR('',#1988,1.);
#1988 = DIRECTION('',(0.,1.));
#1989 = ( GEOMETRIC_REPRESENTATION_CONTEXT(2) 
PARAMETRIC_REPRESENTATION_CONTEXT() REPRESENTATION_CONTEXT('2D SPACE',''
  ) );
#1990 = PCURVE('',#125,#1991);
#1991 = DEFINITIONAL_REPRESENTATION('',(#1992),#1997);
#1992 = B_SPLINE_CURVE_WITH_KNOTS('',3,(#1993,#1994,#1995,#1996),
  .UNSPECIFIED.,.F.,.F.,(4,4),(0.,1.),.PIECEWISE_BEZIER_KNOTS.);
#1993 = CARTESIAN_POINT('',(-8.376276677048,-1.444987553423));
#1994 = CARTESIAN_POINT('',(-7.990327163579,-1.086754858009));
#1995 = CARTESIAN_POINT('',(-7.544765459744,-0.743722273613));
#1996 = CARTESIAN_POINT('',(-7.019287584938,-0.632140619367));
#1997 = ( GEOMETRIC_REPRESENTATION_CONTEXT(2) 
PARAMETRIC_REPRESENTATION_CONTEXT() REPRESENTATION_CONTEXT('2D SPACE',''
  ) );
#1998 = ORIENTED_EDGE('',*,*,#1942,.T.);
#1999 = ORIENTED_EDGE('',*,*,#2000,.T.);
#2000 = EDGE_CURVE('',#1918,#2001,#2003,.T.);
#2001 = VERTEX_POINT('',#2002);
#2002 = CARTESIAN_POINT('',(-7.019287584938,-0.632140619367,10.));
#2003 = SURFACE_CURVE('',#2004,(#2009,#2016),.PCURVE_S1.);
#2004 = B_SPLINE_CURVE_WITH_KNOTS('',3,(#2005,#2006,#2007,#2008),
  .UNSPECIFIED.,.F.,.F.,(4,4),(0.,1.),.PIECEWISE_BEZIER_KNOTS.);
#2005 = CARTESIAN_POINT('',(-8.376276677048,-1.444987553423,10.));
#2006 = CARTESIAN_POINT('',(-7.990327163579,-1.086754858009,10.));
#2007 = CARTESIAN_POINT('',(-7.544765459744,-0.743722273613,10.));
#2008 = CARTESIAN_POINT('',(-7.019287584938,-0.632140619367,10.));
#2009 = PCURVE('',#1955,#2010);
#2010 = DEFINITIONAL_REPRESENTATION('',(#2011),#2015);
#2011 = LINE('',#2012,#2013);
#2012 = CARTESIAN_POINT('',(1.,0.));
#2013 = VECTOR('',#2014,1.);
#2014 = DIRECTION('',(0.,1.));
#2015 = ( GEOMETRIC_REPRESENTATION_CONTEXT(2) 
PARAMETRIC_REPRESENTATION_CONTEXT() REPRESENTATION_CONTEXT('2D SPACE',''
  ) );
#2016 = PCURVE('',#186,#2017);
#2017 = DEFINITIONAL_REPRESENTATION('',(#2018),#2023);
#2018 = B_SPLINE_CURVE_WITH_KNOTS('',3,(#2019,#2020,#2021,#2022),
  .UNSPECIFIED.,.F.,.F.,(4,4),(0.,1.),.PIECEWISE_BEZIER_KNOTS.);
#2019 = CARTESIAN_POINT('',(8.376276677048,-1.444987553423));
#2020 = CARTESIAN_POINT('',(7.990327163579,-1.086754858009));
#2021 = CARTESIAN_POINT('',(7.544765459744,-0.743722273613));
#2022 = CARTESIAN_POINT('',(7.019287584938,-0.632140619367));
#2023 = ( GEOMETRIC_REPRESENTATION_CONTEXT(2) 
PARAMETRIC_REPRESENTATION_CONTEXT() REPRESENTATION_CONTEXT('2D SPACE',''
  ) );
#2024 = ORIENTED_EDGE('',*,*,#2025,.F.);
#2025 = EDGE_CURVE('',#1975,#2001,#2026,.T.);
#2026 = SURFACE_CURVE('',#2027,(#2030,#2037),.PCURVE_S1.);
#2027 = B_SPLINE_CURVE_WITH_KNOTS('',1,(#2028,#2029),.UNSPECIFIED.,.F.,
  .F.,(2,2),(0.,1.),.PIECEWISE_BEZIER_KNOTS.);
#2028 = CARTESIAN_POINT('',(-7.019287584938,-0.632140619367,0.));
#2029 = CARTESIAN_POINT('',(-7.019287584938,-0.632140619367,10.));
#2030 = PCURVE('',#1955,#2031);
#2031 = DEFINITIONAL_REPRESENTATION('',(#2032),#2036);
#2032 = LINE('',#2033,#2034);
#2033 = CARTESIAN_POINT('',(0.,1.));
#2034 = VECTOR('',#2035,1.);
#2035 = DIRECTION('',(1.,0.));
#2036 = ( GEOMETRIC_REPRESENTATION_CONTEXT(2) 
PARAMETRIC_REPRESENTATION_CONTEXT() REPRESENTATION_CONTEXT('2D SPACE',''
  ) );
#2037 = PCURVE('',#2038,#2047);
#2038 = B_SPLINE_SURFACE_WITH_KNOTS('',1,3,(
    (#2039,#2040,#2041,#2042)
    ,(#2043,#2044,#2045,#2046
    )),.UNSPECIFIED.,.F.,.F.,.F.,(2,2),(4,4),(0.,1.),(0.,1.),
  .PIECEWISE_BEZIER_KNOTS.);
#2039 = CARTESIAN_POINT('',(-7.019287584938,-0.632140619367,0.));
#2040 = CARTESIAN_POINT('',(-6.000062486477,-0.757579083972,0.));
#2041 = CARTESIAN_POINT('',(-6.000062486477,0.757579083972,0.));
#2042 = CARTESIAN_POINT('',(-7.019287584938,0.632140619367,0.));
#2043 = CARTESIAN_POINT('',(-7.019287584938,-0.632140619367,10.));
#2044 = CARTESIAN_POINT('',(-6.000062486477,-0.757579083972,10.));
#2045 = CARTESIAN_POINT('',(-6.000062486477,0.757579083972,10.));
#2046 = CARTESIAN_POINT('',(-7.019287584938,0.632140619367,10.));
#2047 = DEFINITIONAL_REPRESENTATION('',(#2048),#2052);
#2048 = LINE('',#2049,#2050);
#2049 = CARTESIAN_POINT('',(0.,0.));
#2050 = VECTOR('',#2051,1.);
#2051 = DIRECTION('',(1.,0.));
#2052 = ( GEOMETRIC_REPRESENTATION_CONTEXT(2) 
PARAMETRIC_REPRESENTATION_CONTEXT() REPRESENTATION_CONTEXT('2D SPACE',''
  ) );
#2053 = ADVANCED_FACE('',(#2054),#2038,.T.);
#2054 = FACE_BOUND('',#2055,.T.);
#2055 = EDGE_LOOP('',(#2056,#2081,#2082,#2107));
#2056 = ORIENTED_EDGE('',*,*,#2057,.F.);
#2057 = EDGE_CURVE('',#1975,#2058,#2060,.T.);
#2058 = VERTEX_POINT('',#2059);
#2059 = CARTESIAN_POINT('',(-7.019287584938,0.632140619367,0.));
#2060 = SURFACE_CURVE('',#2061,(#2066,#2073),.PCURVE_S1.);
#2061 = B_SPLINE_CURVE_WITH_KNOTS('',3,(#2062,#2063,#2064,#2065),
  .UNSPECIFIED.,.F.,.F.,(4,4),(0.,1.),.PIECEWISE_BEZIER_KNOTS.);
#2062 = CARTESIAN_POINT('',(-7.019287584938,-0.632140619367,0.));
#2063 = CARTESIAN_POINT('',(-6.000062486477,-0.757579083972,0.));
#2064 = CARTESIAN_POINT('',(-6.000062486477,0.757579083972,0.));
#2065 = CARTESIAN_POINT('',(-7.019287584938,0.632140619367,0.));
#2066 = PCURVE('',#2038,#2067);
#2067 = DEFINITIONAL_REPRESENTATION('',(#2068),#2072);
#2068 = LINE('',#2069,#2070);
#2069 = CARTESIAN_POINT('',(0.,0.));
#2070 = VECTOR('',#2071,1.);
#2071 = DIRECTION('',(0.,1.));
#2072 = ( GEOMETRIC_REPRESENTATION_CONTEXT(2) 
PARAMETRIC_REPRESENTATION_CONTEXT() REPRESENTATION_CONTEXT('2D SPACE',''
  ) );
#2073 = PCURVE('',#125,#2074);
#2074 = DEFINITIONAL_REPRESENTATION('',(#2075),#2080);
#2075 = B_SPLINE_CURVE_WITH_KNOTS('',3,(#2076,#2077,#2078,#2079),
  .UNSPECIFIED.,.F.,.F.,(4,4),(0.,1.),.PIECEWISE_BEZIER_KNOTS.);
#2076 = CARTESIAN_POINT('',(-7.019287584938,-0.632140619367));
#2077 = CARTESIAN_POINT('',(-6.000062486477,-0.757579083972));
#2078 = CARTESIAN_POINT('',(-6.000062486477,0.757579083972));
#2079 = CARTESIAN_POINT('',(-7.019287584938,0.632140619367));
#2080 = ( GEOMETRIC_REPRESENTATION_CONTEXT(2) 
PARAMETRIC_REPRESENTATION_CONTEXT() REPRESENTATION_CONTEXT('2D SPACE',''
  ) );
#2081 = ORIENTED_EDGE('',*,*,#2025,.T.);
#2082 = ORIENTED_EDGE('',*,*,#2083,.T.);
#2083 = EDGE_CURVE('',#2001,#2084,#2086,.T.);
#2084 = VERTEX_POINT('',#2085);
#2085 = CARTESIAN_POINT('',(-7.019287584938,0.632140619367,10.));
#2086 = SURFACE_CURVE('',#2087,(#2092,#2099),.PCURVE_S1.);
#2087 = B_SPLINE_CURVE_WITH_KNOTS('',3,(#2088,#2089,#2090,#2091),
  .UNSPECIFIED.,.F.,.F.,(4,4),(0.,1.),.PIECEWISE_BEZIER_KNOTS.);
#2088 = CARTESIAN_POINT('',(-7.019287584938,-0.632140619367,10.));
#2089 = CARTESIAN_POINT('',(-6.000062486477,-0.757579083972,10.));
#2090 = CARTESIAN_POINT('',(-6.000062486477,0.757579083972,10.));
#2091 = CARTESIAN_POINT('',(-7.019287584938,0.632140619367,10.));
#2092 = PCURVE('',#2038,#2093);
#2093 = DEFINITIONAL_REPRESENTATION('',(#2094),#2098);
#2094 = LINE('',#2095,#2096);
#2095 = CARTESIAN_POINT('',(1.,0.));
#2096 = VECTOR('',#2097,1.);
#2097 = DIRECTION('',(0.,1.));
#2098 = ( GEOMETRIC_REPRESENTATION_CONTEXT(2) 
PARAMETRIC_REPRESENTATION_CONTEXT() REPRESENTATION_CONTEXT('2D SPACE',''
  ) );
#2099 = PCURVE('',#186,#2100);
#2100 = DEFINITIONAL_REPRESENTATION('',(#2101),#2106);
#2101 = B_SPLINE_CURVE_WITH_KNOTS('',3,(#2102,#2103,#2104,#2105),
  .UNSPECIFIED.,.F.,.F.,(4,4),(0.,1.),.PIECEWISE_BEZIER_KNOTS.);
#2102 = CARTESIAN_POINT('',(7.019287584938,-0.632140619367));
#2103 = CARTESIAN_POINT('',(6.000062486477,-0.757579083972));
#2104 = CARTESIAN_POINT('',(6.000062486477,0.757579083972));
#2105 = CARTESIAN_POINT('',(7.019287584938,0.632140619367));
#2106 = ( GEOMETRIC_REPRESENTATION_CONTEXT(2) 
PARAMETRIC_REPRESENTATION_CONTEXT() REPRESENTATION_CONTEXT('2D SPACE',''
  ) );
#2107 = ORIENTED_EDGE('',*,*,#2108,.F.);
#2108 = EDGE_CURVE('',#2058,#2084,#2109,.T.);
#2109 = SURFACE_CURVE('',#2110,(#2113,#2120),.PCURVE_S1.);
#2110 = B_SPLINE_CURVE_WITH_KNOTS('',1,(#2111,#2112),.UNSPECIFIED.,.F.,
  .F.,(2,2),(0.,1.),.PIECEWISE_BEZIER_KNOTS.);
#2111 = CARTESIAN_POINT('',(-7.019287584938,0.632140619367,0.));
#2112 = CARTESIAN_POINT('',(-7.019287584938,0.632140619367,10.));
#2113 = PCURVE('',#2038,#2114);
#2114 = DEFINITIONAL_REPRESENTATION('',(#2115),#2119);
#2115 = LINE('',#2116,#2117);
#2116 = CARTESIAN_POINT('',(0.,1.));
#2117 = VECTOR('',#2118,1.);
#2118 = DIRECTION('',(1.,0.));
#2119 = ( GEOMETRIC_REPRESENTATION_CONTEXT(2) 
PARAMETRIC_REPRESENTATION_CONTEXT() REPRESENTATION_CONTEXT('2D SPACE',''
  ) );
#2120 = PCURVE('',#2121,#2130);
#2121 = B_SPLINE_SURFACE_WITH_KNOTS('',1,3,(
    (#2122,#2123,#2124,#2125)
    ,(#2126,#2127,#2128,#2129
    )),.UNSPECIFIED.,.F.,.F.,.F.,(2,2),(4,4),(0.,1.),(0.,1.),
  .PIECEWISE_BEZIER_KNOTS.);
#2122 = CARTESIAN_POINT('',(-7.019287584938,0.632140619367,0.));
#2123 = CARTESIAN_POINT('',(-7.544765459744,0.743722273613,0.));
#2124 = CARTESIAN_POINT('',(-7.990327163579,1.086754858009,0.));
#2125 = CARTESIAN_POINT('',(-8.376276677048,1.444987553423,0.));
#2126 = CARTESIAN_POINT('',(-7.019287584938,0.632140619367,10.));
#2127 = CARTESIAN_POINT('',(-7.544765459744,0.743722273613,10.));
#2128 = CARTESIAN_POINT('',(-7.990327163579,1.086754858009,10.));
#2129 = CARTESIAN_POINT('',(-8.376276677048,1.444987553423,10.));
#2130 = DEFINITIONAL_REPRESENTATION('',(#2131),#2135);
#2131 = LINE('',#2132,#2133);
#2132 = CARTESIAN_POINT('',(0.,0.));
#2133 = VECTOR('',#2134,1.);
#2134 = DIRECTION('',(1.,0.));
#2135 = ( GEOMETRIC_REPRESENTATION_CONTEXT(2) 
PARAMETRIC_REPRESENTATION_CONTEXT() REPRESENTATION_CONTEXT('2D SPACE',''
  ) );
#2136 = ADVANCED_FACE('',(#2137),#2121,.T.);
#2137 = FACE_BOUND('',#2138,.T.);
#2138 = EDGE_LOOP('',(#2139,#2164,#2165,#2190));
#2139 = ORIENTED_EDGE('',*,*,#2140,.F.);
#2140 = EDGE_CURVE('',#2058,#2141,#2143,.T.);
#2141 = VERTEX_POINT('',#2142);
#2142 = CARTESIAN_POINT('',(-8.376276677048,1.444987553423,0.));
#2143 = SURFACE_CURVE('',#2144,(#2149,#2156),.PCURVE_S1.);
#2144 = B_SPLINE_CURVE_WITH_KNOTS('',3,(#2145,#2146,#2147,#2148),
  .UNSPECIFIED.,.F.,.F.,(4,4),(0.,1.),.PIECEWISE_BEZIER_KNOTS.);
#2145 = CARTESIAN_POINT('',(-7.019287584938,0.632140619367,0.));
#2146 = CARTESIAN_POINT('',(-7.544765459744,0.743722273613,0.));
#2147 = CARTESIAN_POINT('',(-7.990327163579,1.086754858009,0.));
#2148 = CARTESIAN_POINT('',(-8.376276677048,1.444987553423,0.));
#2149 = PCURVE('',#2121,#2150);
#2150 = DEFINITIONAL_REPRESENTATION('',(#2151),#2155);
#2151 = LINE('',#2152,#2153);
#2152 = CARTESIAN_POINT('',(0.,0.));
#2153 = VECTOR('',#2154,1.);
#2154 = DIRECTION('',(0.,1.));
#2155 = ( GEOMETRIC_REPRESENTATION_CONTEXT(2) 
PARAMETRIC_REPRESENTATION_CONTEXT() REPRESENTATION_CONTEXT('2D SPACE',''
  ) );
#2156 = PCURVE('',#125,#2157);
#2157 = DEFINITIONAL_REPRESENTATION('',(#2158),#2163);
#2158 = B_SPLINE_CURVE_WITH_KNOTS('',3,(#2159,#2160,#2161,#2162),
  .UNSPECIFIED.,.F.,.F.,(4,4),(0.,1.),.PIECEWISE_BEZIER_KNOTS.);
#2159 = CARTESIAN_POINT('',(-7.019287584938,0.632140619367));
#2160 = CARTESIAN_POINT('',(-7.544765459744,0.743722273613));
#2161 = CARTESIAN_POINT('',(-7.990327163579,1.086754858009));
#2162 = CARTESIAN_POINT('',(-8.376276677048,1.444987553423));
#2163 = ( GEOMETRIC_REPRESENTATION_CONTEXT(2) 
PARAMETRIC_REPRESENTATION_CONTEXT() REPRESENTATION_CONTEXT('2D SPACE',''
  ) );
#2164 = ORIENTED_EDGE('',*,*,#2108,.T.);
#2165 = ORIENTED_EDGE('',*,*,#2166,.T.);
#2166 = EDGE_CURVE('',#2084,#2167,#2169,.T.);
#2167 = VERTEX_POINT('',#2168);
#2168 = CARTESIAN_POINT('',(-8.376276677048,1.444987553423,10.));
#2169 = SURFACE_CURVE('',#2170,(#2175,#2182),.PCURVE_S1.);
#2170 = B_SPLINE_CURVE_WITH_KNOTS('',3,(#2171,#2172,#2173,#2174),
  .UNSPECIFIED.,.F.,.F.,(4,4),(0.,1.),.PIECEWISE_BEZIER_KNOTS.);
#2171 = CARTESIAN_POINT('',(-7.019287584938,0.632140619367,10.));
#2172 = CARTESIAN_POINT('',(-7.544765459744,0.743722273613,10.));
#2173 = CARTESIAN_POINT('',(-7.990327163579,1.086754858009,10.));
#2174 = CARTESIAN_POINT('',(-8.376276677048,1.444987553423,10.));
#2175 = PCURVE('',#2121,#2176);
#2176 = DEFINITIONAL_REPRESENTATION('',(#2177),#2181);
#2177 = LINE('',#2178,#2179);
#2178 = CARTESIAN_POINT('',(1.,0.));
#2179 = VECTOR('',#2180,1.);
#2180 = DIRECTION('',(0.,1.));
#2181 = ( GEOMETRIC_REPRESENTATION_CONTEXT(2) 
PARAMETRIC_REPRESENTATION_CONTEXT() REPRESENTATION_CONTEXT('2D SPACE',''
  ) );
#2182 = PCURVE('',#186,#2183);
#2183 = DEFINITIONAL_REPRESENTATION('',(#2184),#2189);
#2184 = B_SPLINE_CURVE_WITH_KNOTS('',3,(#2185,#2186,#2187,#2188),
  .UNSPECIFIED.,.F.,.F.,(4,4),(0.,1.),.PIECEWISE_BEZIER_KNOTS.);
#2185 = CARTESIAN_POINT('',(7.019287584938,0.632140619367));
#2186 = CARTESIAN_POINT('',(7.544765459744,0.743722273613));
#2187 = CARTESIAN_POINT('',(7.990327163579,1.086754858009));
#2188 = CARTESIAN_POINT('',(8.376276677048,1.444987553423));
#2189 = ( GEOMETRIC_REPRESENTATION_CONTEXT(2) 
PARAMETRIC_REPRESENTATION_CONTEXT() REPRESENTATION_CONTEXT('2D SPACE',''
  ) );
#2190 = ORIENTED_EDGE('',*,*,#2191,.F.);
#2191 = EDGE_CURVE('',#2141,#2167,#2192,.T.);
#2192 = SURFACE_CURVE('',#2193,(#2196,#2203),.PCURVE_S1.);
#2193 = B_SPLINE_CURVE_WITH_KNOTS('',1,(#2194,#2195),.UNSPECIFIED.,.F.,
  .F.,(2,2),(0.,1.),.PIECEWISE_BEZIER_KNOTS.);
#2194 = CARTESIAN_POINT('',(-8.376276677048,1.444987553423,0.));
#2195 = CARTESIAN_POINT('',(-8.376276677048,1.444987553423,10.));
#2196 = PCURVE('',#2121,#2197);
#2197 = DEFINITIONAL_REPRESENTATION('',(#2198),#2202);
#2198 = LINE('',#2199,#2200);
#2199 = CARTESIAN_POINT('',(0.,1.));
#2200 = VECTOR('',#2201,1.);
#2201 = DIRECTION('',(1.,0.));
#2202 = ( GEOMETRIC_REPRESENTATION_CONTEXT(2) 
PARAMETRIC_REPRESENTATION_CONTEXT() REPRESENTATION_CONTEXT('2D SPACE',''
  ) );
#2203 = PCURVE('',#2204,#2213);
#2204 = B_SPLINE_SURFACE_WITH_KNOTS('',1,3,(
    (#2205,#2206,#2207,#2208)
    ,(#2209,#2210,#2211,#2212
    )),.UNSPECIFIED.,.F.,.F.,.F.,(2,2),(4,4),(0.,1.),(0.,1.),
  .PIECEWISE_BEZIER_KNOTS.);
#2205 = CARTESIAN_POINT('',(-8.376276677048,1.444987553423,0.));
#2206 = CARTESIAN_POINT('',(-8.339082298502,1.660600514827,0.));
#2207 = CARTESIAN_POINT('',(-8.293557833595,1.874776283147,0.));
#2208 = CARTESIAN_POINT('',(-8.23983889704,2.086876841316,0.));
#2209 = CARTESIAN_POINT('',(-8.376276677048,1.444987553423,10.));
#2210 = CARTESIAN_POINT('',(-8.339082298502,1.660600514827,10.));
#2211 = CARTESIAN_POINT('',(-8.293557833595,1.874776283147,10.));
#2212 = CARTESIAN_POINT('',(-8.23983889704,2.086876841316,10.));
#2213 = DEFINITIONAL_REPRESENTATION('',(#2214),#2218);
#2214 = LINE('',#2215,#2216);
#2215 = CARTESIAN_POINT('',(0.,0.));
#2216 = VECTOR('',#2217,1.);
#2217 = DIRECTION('',(1.,0.));
#2218 = ( GEOMETRIC_REPRESENTATION_CONTEXT(2) 
PARAMETRIC_REPRESENTATION_CONTEXT() REPRESENTATION_CONTEXT('2D SPACE',''
  ) );
#2219 = ADVANCED_FACE('',(#2220),#2204,.T.);
#2220 = FACE_BOUND('',#2221,.T.);
#2221 = EDGE_LOOP('',(#2222,#2247,#2248,#2273));
#2222 = ORIENTED_EDGE('',*,*,#2223,.F.);
#2223 = EDGE_CURVE('',#2141,#2224,#2226,.T.);
#2224 = VERTEX_POINT('',#2225);
#2225 = CARTESIAN_POINT('',(-8.23983889704,2.086876841316,0.));
#2226 = SURFACE_CURVE('',#2227,(#2232,#2239),.PCURVE_S1.);
#2227 = B_SPLINE_CURVE_WITH_KNOTS('',3,(#2228,#2229,#2230,#2231),
  .UNSPECIFIED.,.F.,.F.,(4,4),(0.,1.),.PIECEWISE_BEZIER_KNOTS.);
#2228 = CARTESIAN_POINT('',(-8.376276677048,1.444987553423,0.));
#2229 = CARTESIAN_POINT('',(-8.339082298502,1.660600514827,0.));
#2230 = CARTESIAN_POINT('',(-8.293557833595,1.874776283147,0.));
#2231 = CARTESIAN_POINT('',(-8.23983889704,2.086876841316,0.));
#2232 = PCURVE('',#2204,#2233);
#2233 = DEFINITIONAL_REPRESENTATION('',(#2234),#2238);
#2234 = LINE('',#2235,#2236);
#2235 = CARTESIAN_POINT('',(0.,0.));
#2236 = VECTOR('',#2237,1.);
#2237 = DIRECTION('',(0.,1.));
#2238 = ( GEOMETRIC_REPRESENTATION_CONTEXT(2) 
PARAMETRIC_REPRESENTATION_CONTEXT() REPRESENTATION_CONTEXT('2D SPACE',''
  ) );
#2239 = PCURVE('',#125,#2240);
#2240 = DEFINITIONAL_REPRESENTATION('',(#2241),#2246);
#2241 = B_SPLINE_CURVE_WITH_KNOTS('',3,(#2242,#2243,#2244,#2245),
  .UNSPECIFIED.,.F.,.F.,(4,4),(0.,1.),.PIECEWISE_BEZIER_KNOTS.);
#2242 = CARTESIAN_POINT('',(-8.376276677048,1.444987553423));
#2243 = CARTESIAN_POINT('',(-8.339082298502,1.660600514827));
#2244 = CARTESIAN_POINT('',(-8.293557833595,1.874776283147));
#2245 = CARTESIAN_POINT('',(-8.23983889704,2.086876841316));
#2246 = ( GEOMETRIC_REPRESENTATION_CONTEXT(2) 
PARAMETRIC_REPRESENTATION_CONTEXT() REPRESENTATION_CONTEXT('2D SPACE',''
  ) );
#2247 = ORIENTED_EDGE('',*,*,#2191,.T.);
#2248 = ORIENTED_EDGE('',*,*,#2249,.T.);
#2249 = EDGE_CURVE('',#2167,#2250,#2252,.T.);
#2250 = VERTEX_POINT('',#2251);
#2251 = CARTESIAN_POINT('',(-8.23983889704,2.086876841316,10.));
#2252 = SURFACE_CURVE('',#2253,(#2258,#2265),.PCURVE_S1.);
#2253 = B_SPLINE_CURVE_WITH_KNOTS('',3,(#2254,#2255,#2256,#2257),
  .UNSPECIFIED.,.F.,.F.,(4,4),(0.,1.),.PIECEWISE_BEZIER_KNOTS.);
#2254 = CARTESIAN_POINT('',(-8.376276677048,1.444987553423,10.));
#2255 = CARTESIAN_POINT('',(-8.339082298502,1.660600514827,10.));
#2256 = CARTESIAN_POINT('',(-8.293557833595,1.874776283147,10.));
#2257 = CARTESIAN_POINT('',(-8.23983889704,2.086876841316,10.));
#2258 = PCURVE('',#2204,#2259);
#2259 = DEFINITIONAL_REPRESENTATION('',(#2260),#2264);
#2260 = LINE('',#2261,#2262);
#2261 = CARTESIAN_POINT('',(1.,0.));
#2262 = VECTOR('',#2263,1.);
#2263 = DIRECTION('',(0.,1.));
#2264 = ( GEOMETRIC_REPRESENTATION_CONTEXT(2) 
PARAMETRIC_REPRESENTATION_CONTEXT() REPRESENTATION_CONTEXT('2D SPACE',''
  ) );
#2265 = PCURVE('',#186,#2266);
#2266 = DEFINITIONAL_REPRESENTATION('',(#2267),#2272);
#2267 = B_SPLINE_CURVE_WITH_KNOTS('',3,(#2268,#2269,#2270,#2271),
  .UNSPECIFIED.,.F.,.F.,(4,4),(0.,1.),.PIECEWISE_BEZIER_KNOTS.);
#2268 = CARTESIAN_POINT('',(8.376276677048,1.444987553423));
#2269 = CARTESIAN_POINT('',(8.339082298502,1.660600514827));
#2270 = CARTESIAN_POINT('',(8.293557833595,1.874776283147));
#2271 = CARTESIAN_POINT('',(8.23983889704,2.086876841316));
#2272 = ( GEOMETRIC_REPRESENTATION_CONTEXT(2) 
PARAMETRIC_REPRESENTATION_CONTEXT() REPRESENTATION_CONTEXT('2D SPACE',''
  ) );
#2273 = ORIENTED_EDGE('',*,*,#2274,.F.);
#2274 = EDGE_CURVE('',#2224,#2250,#2275,.T.);
#2275 = SURFACE_CURVE('',#2276,(#2279,#2286),.PCURVE_S1.);
#2276 = B_SPLINE_CURVE_WITH_KNOTS('',1,(#2277,#2278),.UNSPECIFIED.,.F.,
  .F.,(2,2),(0.,1.),.PIECEWISE_BEZIER_KNOTS.);
#2277 = CARTESIAN_POINT('',(-8.23983889704,2.086876841316,0.));
#2278 = CARTESIAN_POINT('',(-8.23983889704,2.086876841316,10.));
#2279 = PCURVE('',#2204,#2280);
#2280 = DEFINITIONAL_REPRESENTATION('',(#2281),#2285);
#2281 = LINE('',#2282,#2283);
#2282 = CARTESIAN_POINT('',(0.,1.));
#2283 = VECTOR('',#2284,1.);
#2284 = DIRECTION('',(1.,0.));
#2285 = ( GEOMETRIC_REPRESENTATION_CONTEXT(2) 
PARAMETRIC_REPRESENTATION_CONTEXT() REPRESENTATION_CONTEXT('2D SPACE',''
  ) );
#2286 = PCURVE('',#2287,#2296);
#2287 = B_SPLINE_SURFACE_WITH_KNOTS('',1,3,(
    (#2288,#2289,#2290,#2291)
    ,(#2292,#2293,#2294,#2295
    )),.UNSPECIFIED.,.F.,.F.,.F.,(2,2),(4,4),(0.,1.),(0.,1.),
  .PIECEWISE_BEZIER_KNOTS.);
#2288 = CARTESIAN_POINT('',(-8.23983889704,2.086876841316,0.));
#2289 = CARTESIAN_POINT('',(-7.741550108159,2.257158883487,0.));
#2290 = CARTESIAN_POINT('',(-7.194985315678,2.389308471084,0.));
#2291 = CARTESIAN_POINT('',(-6.669553042581,2.277512277667,0.));
#2292 = CARTESIAN_POINT('',(-8.23983889704,2.086876841316,10.));
#2293 = CARTESIAN_POINT('',(-7.741550108159,2.257158883487,10.));
#2294 = CARTESIAN_POINT('',(-7.194985315678,2.389308471084,10.));
#2295 = CARTESIAN_POINT('',(-6.669553042581,2.277512277667,10.));
#2296 = DEFINITIONAL_REPRESENTATION('',(#2297),#2301);
#2297 = LINE('',#2298,#2299);
#2298 = CARTESIAN_POINT('',(0.,0.));
#2299 = VECTOR('',#2300,1.);
#2300 = DIRECTION('',(1.,0.));
#2301 = ( GEOMETRIC_REPRESENTATION_CONTEXT(2) 
PARAMETRIC_REPRESENTATION_CONTEXT() REPRESENTATION_CONTEXT('2D SPACE',''
  ) );
#2302 = ADVANCED_FACE('',(#2303),#2287,.T.);
#2303 = FACE_BOUND('',#2304,.T.);
#2304 = EDGE_LOOP('',(#2305,#2330,#2331,#2356));
#2305 = ORIENTED_EDGE('',*,*,#2306,.F.);
#2306 = EDGE_CURVE('',#2224,#2307,#2309,.T.);
#2307 = VERTEX_POINT('',#2308);
#2308 = CARTESIAN_POINT('',(-6.669553042581,2.277512277667,0.));
#2309 = SURFACE_CURVE('',#2310,(#2315,#2322),.PCURVE_S1.);
#2310 = B_SPLINE_CURVE_WITH_KNOTS('',3,(#2311,#2312,#2313,#2314),
  .UNSPECIFIED.,.F.,.F.,(4,4),(0.,1.),.PIECEWISE_BEZIER_KNOTS.);
#2311 = CARTESIAN_POINT('',(-8.23983889704,2.086876841316,0.));
#2312 = CARTESIAN_POINT('',(-7.741550108159,2.257158883487,0.));
#2313 = CARTESIAN_POINT('',(-7.194985315678,2.389308471084,0.));
#2314 = CARTESIAN_POINT('',(-6.669553042581,2.277512277667,0.));
#2315 = PCURVE('',#2287,#2316);
#2316 = DEFINITIONAL_REPRESENTATION('',(#2317),#2321);
#2317 = LINE('',#2318,#2319);
#2318 = CARTESIAN_POINT('',(0.,0.));
#2319 = VECTOR('',#2320,1.);
#2320 = DIRECTION('',(0.,1.));
#2321 = ( GEOMETRIC_REPRESENTATION_CONTEXT(2) 
PARAMETRIC_REPRESENTATION_CONTEXT() REPRESENTATION_CONTEXT('2D SPACE',''
  ) );
#2322 = PCURVE('',#125,#2323);
#2323 = DEFINITIONAL_REPRESENTATION('',(#2324),#2329);
#2324 = B_SPLINE_CURVE_WITH_KNOTS('',3,(#2325,#2326,#2327,#2328),
  .UNSPECIFIED.,.F.,.F.,(4,4),(0.,1.),.PIECEWISE_BEZIER_KNOTS.);
#2325 = CARTESIAN_POINT('',(-8.23983889704,2.086876841316));
#2326 = CARTESIAN_POINT('',(-7.741550108159,2.257158883487));
#2327 = CARTESIAN_POINT('',(-7.194985315678,2.389308471084));
#2328 = CARTESIAN_POINT('',(-6.669553042581,2.277512277667));
#2329 = ( GEOMETRIC_REPRESENTATION_CONTEXT(2) 
PARAMETRIC_REPRESENTATION_CONTEXT() REPRESENTATION_CONTEXT('2D SPACE',''
  ) );
#2330 = ORIENTED_EDGE('',*,*,#2274,.T.);
#2331 = ORIENTED_EDGE('',*,*,#2332,.T.);
#2332 = EDGE_CURVE('',#2250,#2333,#2335,.T.);
#2333 = VERTEX_POINT('',#2334);
#2334 = CARTESIAN_POINT('',(-6.669553042581,2.277512277667,10.));
#2335 = SURFACE_CURVE('',#2336,(#2341,#2348),.PCURVE_S1.);
#2336 = B_SPLINE_CURVE_WITH_KNOTS('',3,(#2337,#2338,#2339,#2340),
  .UNSPECIFIED.,.F.,.F.,(4,4),(0.,1.),.PIECEWISE_BEZIER_KNOTS.);
#2337 = CARTESIAN_POINT('',(-8.23983889704,2.086876841316,10.));
#2338 = CARTESIAN_POINT('',(-7.741550108159,2.257158883487,10.));
#2339 = CARTESIAN_POINT('',(-7.194985315678,2.389308471084,10.));
#2340 = CARTESIAN_POINT('',(-6.669553042581,2.277512277667,10.));
#2341 = PCURVE('',#2287,#2342);
#2342 = DEFINITIONAL_REPRESENTATION('',(#2343),#2347);
#2343 = LINE('',#2344,#2345);
#2344 = CARTESIAN_POINT('',(1.,0.));
#2345 = VECTOR('',#2346,1.);
#2346 = DIRECTION('',(0.,1.));
#2347 = ( GEOMETRIC_REPRESENTATION_CONTEXT(2) 
PARAMETRIC_REPRESENTATION_CONTEXT() REPRESENTATION_CONTEXT('2D SPACE',''
  ) );
#2348 = PCURVE('',#186,#2349);
#2349 = DEFINITIONAL_REPRESENTATION('',(#2350),#2355);
#2350 = B_SPLINE_CURVE_WITH_KNOTS('',3,(#2351,#2352,#2353,#2354),
  .UNSPECIFIED.,.F.,.F.,(4,4),(0.,1.),.PIECEWISE_BEZIER_KNOTS.);
#2351 = CARTESIAN_POINT('',(8.23983889704,2.086876841316));
#2352 = CARTESIAN_POINT('',(7.741550108159,2.257158883487));
#2353 = CARTESIAN_POINT('',(7.194985315678,2.389308471084));
#2354 = CARTESIAN_POINT('',(6.669553042581,2.277512277667));
#2355 = ( GEOMETRIC_REPRESENTATION_CONTEXT(2) 
PARAMETRIC_REPRESENTATION_CONTEXT() REPRESENTATION_CONTEXT('2D SPACE',''
  ) );
#2356 = ORIENTED_EDGE('',*,*,#2357,.F.);
#2357 = EDGE_CURVE('',#2307,#2333,#2358,.T.);
#2358 = SURFACE_CURVE('',#2359,(#2362,#2369),.PCURVE_S1.);
#2359 = B_SPLINE_CURVE_WITH_KNOTS('',1,(#2360,#2361),.UNSPECIFIED.,.F.,
  .F.,(2,2),(0.,1.),.PIECEWISE_BEZIER_KNOTS.);
#2360 = CARTESIAN_POINT('',(-6.669553042581,2.277512277667,0.));
#2361 = CARTESIAN_POINT('',(-6.669553042581,2.277512277667,10.));
#2362 = PCURVE('',#2287,#2363);
#2363 = DEFINITIONAL_REPRESENTATION('',(#2364),#2368);
#2364 = LINE('',#2365,#2366);
#2365 = CARTESIAN_POINT('',(0.,1.));
#2366 = VECTOR('',#2367,1.);
#2367 = DIRECTION('',(1.,0.));
#2368 = ( GEOMETRIC_REPRESENTATION_CONTEXT(2) 
PARAMETRIC_REPRESENTATION_CONTEXT() REPRESENTATION_CONTEXT('2D SPACE',''
  ) );
#2369 = PCURVE('',#2370,#2379);
#2370 = B_SPLINE_SURFACE_WITH_KNOTS('',1,3,(
    (#2371,#2372,#2373,#2374)
    ,(#2375,#2376,#2377,#2378
    )),.UNSPECIFIED.,.F.,.F.,.F.,(2,2),(4,4),(0.,1.),(0.,1.),
  .PIECEWISE_BEZIER_KNOTS.);
#2371 = CARTESIAN_POINT('',(-6.669553042581,2.277512277667,0.));
#2372 = CARTESIAN_POINT('',(-5.789465003572,1.748362343027,0.));
#2373 = CARTESIAN_POINT('',(-5.173194656613,3.132528204962,0.));
#2374 = CARTESIAN_POINT('',(-6.155323535634,3.432490660496,0.));
#2375 = CARTESIAN_POINT('',(-6.669553042581,2.277512277667,10.));
#2376 = CARTESIAN_POINT('',(-5.789465003572,1.748362343027,10.));
#2377 = CARTESIAN_POINT('',(-5.173194656613,3.132528204962,10.));
#2378 = CARTESIAN_POINT('',(-6.155323535634,3.432490660496,10.));
#2379 = DEFINITIONAL_REPRESENTATION('',(#2380),#2384);
#2380 = LINE('',#2381,#2382);
#2381 = CARTESIAN_POINT('',(0.,0.));
#2382 = VECTOR('',#2383,1.);
#2383 = DIRECTION('',(1.,0.));
#2384 = ( GEOMETRIC_REPRESENTATION_CONTEXT(2) 
PARAMETRIC_REPRESENTATION_CONTEXT() REPRESENTATION_CONTEXT('2D SPACE',''
  ) );
#2385 = ADVANCED_FACE('',(#2386),#2370,.T.);
#2386 = FACE_BOUND('',#2387,.T.);
#2387 = EDGE_LOOP('',(#2388,#2413,#2414,#2439));
#2388 = ORIENTED_EDGE('',*,*,#2389,.F.);
#2389 = EDGE_CURVE('',#2307,#2390,#2392,.T.);
#2390 = VERTEX_POINT('',#2391);
#2391 = CARTESIAN_POINT('',(-6.155323535634,3.432490660496,0.));
#2392 = SURFACE_CURVE('',#2393,(#2398,#2405),.PCURVE_S1.);
#2393 = B_SPLINE_CURVE_WITH_KNOTS('',3,(#2394,#2395,#2396,#2397),
  .UNSPECIFIED.,.F.,.F.,(4,4),(0.,1.),.PIECEWISE_BEZIER_KNOTS.);
#2394 = CARTESIAN_POINT('',(-6.669553042581,2.277512277667,0.));
#2395 = CARTESIAN_POINT('',(-5.789465003572,1.748362343027,0.));
#2396 = CARTESIAN_POINT('',(-5.173194656613,3.132528204962,0.));
#2397 = CARTESIAN_POINT('',(-6.155323535634,3.432490660496,0.));
#2398 = PCURVE('',#2370,#2399);
#2399 = DEFINITIONAL_REPRESENTATION('',(#2400),#2404);
#2400 = LINE('',#2401,#2402);
#2401 = CARTESIAN_POINT('',(0.,0.));
#2402 = VECTOR('',#2403,1.);
#2403 = DIRECTION('',(0.,1.));
#2404 = ( GEOMETRIC_REPRESENTATION_CONTEXT(2) 
PARAMETRIC_REPRESENTATION_CONTEXT() REPRESENTATION_CONTEXT('2D SPACE',''
  ) );
#2405 = PCURVE('',#125,#2406);
#2406 = DEFINITIONAL_REPRESENTATION('',(#2407),#2412);
#2407 = B_SPLINE_CURVE_WITH_KNOTS('',3,(#2408,#2409,#2410,#2411),
  .UNSPECIFIED.,.F.,.F.,(4,4),(0.,1.),.PIECEWISE_BEZIER_KNOTS.);
#2408 = CARTESIAN_POINT('',(-6.669553042581,2.277512277667));
#2409 = CARTESIAN_POINT('',(-5.789465003572,1.748362343027));
#2410 = CARTESIAN_POINT('',(-5.173194656613,3.132528204962));
#2411 = CARTESIAN_POINT('',(-6.155323535634,3.432490660496));
#2412 = ( GEOMETRIC_REPRESENTATION_CONTEXT(2) 
PARAMETRIC_REPRESENTATION_CONTEXT() REPRESENTATION_CONTEXT('2D SPACE',''
  ) );
#2413 = ORIENTED_EDGE('',*,*,#2357,.T.);
#2414 = ORIENTED_EDGE('',*,*,#2415,.T.);
#2415 = EDGE_CURVE('',#2333,#2416,#2418,.T.);
#2416 = VERTEX_POINT('',#2417);
#2417 = CARTESIAN_POINT('',(-6.155323535634,3.432490660496,10.));
#2418 = SURFACE_CURVE('',#2419,(#2424,#2431),.PCURVE_S1.);
#2419 = B_SPLINE_CURVE_WITH_KNOTS('',3,(#2420,#2421,#2422,#2423),
  .UNSPECIFIED.,.F.,.F.,(4,4),(0.,1.),.PIECEWISE_BEZIER_KNOTS.);
#2420 = CARTESIAN_POINT('',(-6.669553042581,2.277512277667,10.));
#2421 = CARTESIAN_POINT('',(-5.789465003572,1.748362343027,10.));
#2422 = CARTESIAN_POINT('',(-5.173194656613,3.132528204962,10.));
#2423 = CARTESIAN_POINT('',(-6.155323535634,3.432490660496,10.));
#2424 = PCURVE('',#2370,#2425);
#2425 = DEFINITIONAL_REPRESENTATION('',(#2426),#2430);
#2426 = LINE('',#2427,#2428);
#2427 = CARTESIAN_POINT('',(1.,0.));
#2428 = VECTOR('',#2429,1.);
#2429 = DIRECTION('',(0.,1.));
#2430 = ( GEOMETRIC_REPRESENTATION_CONTEXT(2) 
PARAMETRIC_REPRESENTATION_CONTEXT() REPRESENTATION_CONTEXT('2D SPACE',''
  ) );
#2431 = PCURVE('',#186,#2432);
#2432 = DEFINITIONAL_REPRESENTATION('',(#2433),#2438);
#2433 = B_SPLINE_CURVE_WITH_KNOTS('',3,(#2434,#2435,#2436,#2437),
  .UNSPECIFIED.,.F.,.F.,(4,4),(0.,1.),.PIECEWISE_BEZIER_KNOTS.);
#2434 = CARTESIAN_POINT('',(6.669553042581,2.277512277667));
#2435 = CARTESIAN_POINT('',(5.789465003572,1.748362343027));
#2436 = CARTESIAN_POINT('',(5.173194656613,3.132528204962));
#2437 = CARTESIAN_POINT('',(6.155323535634,3.432490660496));
#2438 = ( GEOMETRIC_REPRESENTATION_CONTEXT(2) 
PARAMETRIC_REPRESENTATION_CONTEXT() REPRESENTATION_CONTEXT('2D SPACE',''
  ) );
#2439 = ORIENTED_EDGE('',*,*,#2440,.F.);
#2440 = EDGE_CURVE('',#2390,#2416,#2441,.T.);
#2441 = SURFACE_CURVE('',#2442,(#2445,#2452),.PCURVE_S1.);
#2442 = B_SPLINE_CURVE_WITH_KNOTS('',1,(#2443,#2444),.UNSPECIFIED.,.F.,
  .F.,(2,2),(0.,1.),.PIECEWISE_BEZIER_KNOTS.);
#2443 = CARTESIAN_POINT('',(-6.155323535634,3.432490660496,0.));
#2444 = CARTESIAN_POINT('',(-6.155323535634,3.432490660496,10.));
#2445 = PCURVE('',#2370,#2446);
#2446 = DEFINITIONAL_REPRESENTATION('',(#2447),#2451);
#2447 = LINE('',#2448,#2449);
#2448 = CARTESIAN_POINT('',(0.,1.));
#2449 = VECTOR('',#2450,1.);
#2450 = DIRECTION('',(1.,0.));
#2451 = ( GEOMETRIC_REPRESENTATION_CONTEXT(2) 
PARAMETRIC_REPRESENTATION_CONTEXT() REPRESENTATION_CONTEXT('2D SPACE',''
  ) );
#2452 = PCURVE('',#2453,#2462);
#2453 = B_SPLINE_SURFACE_WITH_KNOTS('',1,3,(
    (#2454,#2455,#2456,#2457)
    ,(#2458,#2459,#2460,#2461
    )),.UNSPECIFIED.,.F.,.F.,.F.,(2,2),(4,4),(0.,1.),(0.,1.),
  .PIECEWISE_BEZIER_KNOTS.);
#2454 = CARTESIAN_POINT('',(-6.155323535634,3.432490660496,0.));
#2455 = CARTESIAN_POINT('',(-6.589987113778,3.748156680697,0.));
#2456 = CARTESIAN_POINT('',(-6.857504062573,4.242758811696,0.));
#2457 = CARTESIAN_POINT('',(-7.064380123509,4.727000472876,0.));
#2458 = CARTESIAN_POINT('',(-6.155323535634,3.432490660496,10.));
#2459 = CARTESIAN_POINT('',(-6.589987113778,3.748156680697,10.));
#2460 = CARTESIAN_POINT('',(-6.857504062573,4.242758811696,10.));
#2461 = CARTESIAN_POINT('',(-7.064380123509,4.727000472876,10.));
#2462 = DEFINITIONAL_REPRESENTATION('',(#2463),#2467);
#2463 = LINE('',#2464,#2465);
#2464 = CARTESIAN_POINT('',(0.,0.));
#2465 = VECTOR('',#2466,1.);
#2466 = DIRECTION('',(1.,0.));
#2467 = ( GEOMETRIC_REPRESENTATION_CONTEXT(2) 
PARAMETRIC_REPRESENTATION_CONTEXT() REPRESENTATION_CONTEXT('2D SPACE',''
  ) );
#2468 = ADVANCED_FACE('',(#2469),#2453,.T.);
#2469 = FACE_BOUND('',#2470,.T.);
#2470 = EDGE_LOOP('',(#2471,#2496,#2497,#2522));
#2471 = ORIENTED_EDGE('',*,*,#2472,.F.);
#2472 = EDGE_CURVE('',#2390,#2473,#2475,.T.);
#2473 = VERTEX_POINT('',#2474);
#2474 = CARTESIAN_POINT('',(-7.064380123509,4.727000472876,0.));
#2475 = SURFACE_CURVE('',#2476,(#2481,#2488),.PCURVE_S1.);
#2476 = B_SPLINE_CURVE_WITH_KNOTS('',3,(#2477,#2478,#2479,#2480),
  .UNSPECIFIED.,.F.,.F.,(4,4),(0.,1.),.PIECEWISE_BEZIER_KNOTS.);
#2477 = CARTESIAN_POINT('',(-6.155323535634,3.432490660496,0.));
#2478 = CARTESIAN_POINT('',(-6.589987113778,3.748156680697,0.));
#2479 = CARTESIAN_POINT('',(-6.857504062573,4.242758811696,0.));
#2480 = CARTESIAN_POINT('',(-7.064380123509,4.727000472876,0.));
#2481 = PCURVE('',#2453,#2482);
#2482 = DEFINITIONAL_REPRESENTATION('',(#2483),#2487);
#2483 = LINE('',#2484,#2485);
#2484 = CARTESIAN_POINT('',(0.,0.));
#2485 = VECTOR('',#2486,1.);
#2486 = DIRECTION('',(0.,1.));
#2487 = ( GEOMETRIC_REPRESENTATION_CONTEXT(2) 
PARAMETRIC_REPRESENTATION_CONTEXT() REPRESENTATION_CONTEXT('2D SPACE',''
  ) );
#2488 = PCURVE('',#125,#2489);
#2489 = DEFINITIONAL_REPRESENTATION('',(#2490),#2495);
#2490 = B_SPLINE_CURVE_WITH_KNOTS('',3,(#2491,#2492,#2493,#2494),
  .UNSPECIFIED.,.F.,.F.,(4,4),(0.,1.),.PIECEWISE_BEZIER_KNOTS.);
#2491 = CARTESIAN_POINT('',(-6.155323535634,3.432490660496));
#2492 = CARTESIAN_POINT('',(-6.589987113778,3.748156680697));
#2493 = CARTESIAN_POINT('',(-6.857504062573,4.242758811696));
#2494 = CARTESIAN_POINT('',(-7.064380123509,4.727000472876));
#2495 = ( GEOMETRIC_REPRESENTATION_CONTEXT(2) 
PARAMETRIC_REPRESENTATION_CONTEXT() REPRESENTATION_CONTEXT('2D SPACE',''
  ) );
#2496 = ORIENTED_EDGE('',*,*,#2440,.T.);
#2497 = ORIENTED_EDGE('',*,*,#2498,.T.);
#2498 = EDGE_CURVE('',#2416,#2499,#2501,.T.);
#2499 = VERTEX_POINT('',#2500);
#2500 = CARTESIAN_POINT('',(-7.064380123509,4.727000472876,10.));
#2501 = SURFACE_CURVE('',#2502,(#2507,#2514),.PCURVE_S1.);
#2502 = B_SPLINE_CURVE_WITH_KNOTS('',3,(#2503,#2504,#2505,#2506),
  .UNSPECIFIED.,.F.,.F.,(4,4),(0.,1.),.PIECEWISE_BEZIER_KNOTS.);
#2503 = CARTESIAN_POINT('',(-6.155323535634,3.432490660496,10.));
#2504 = CARTESIAN_POINT('',(-6.589987113778,3.748156680697,10.));
#2505 = CARTESIAN_POINT('',(-6.857504062573,4.242758811696,10.));
#2506 = CARTESIAN_POINT('',(-7.064380123509,4.727000472876,10.));
#2507 = PCURVE('',#2453,#2508);
#2508 = DEFINITIONAL_REPRESENTATION('',(#2509),#2513);
#2509 = LINE('',#2510,#2511);
#2510 = CARTESIAN_POINT('',(1.,0.));
#2511 = VECTOR('',#2512,1.);
#2512 = DIRECTION('',(0.,1.));
#2513 = ( GEOMETRIC_REPRESENTATION_CONTEXT(2) 
PARAMETRIC_REPRESENTATION_CONTEXT() REPRESENTATION_CONTEXT('2D SPACE',''
  ) );
#2514 = PCURVE('',#186,#2515);
#2515 = DEFINITIONAL_REPRESENTATION('',(#2516),#2521);
#2516 = B_SPLINE_CURVE_WITH_KNOTS('',3,(#2517,#2518,#2519,#2520),
  .UNSPECIFIED.,.F.,.F.,(4,4),(0.,1.),.PIECEWISE_BEZIER_KNOTS.);
#2517 = CARTESIAN_POINT('',(6.155323535634,3.432490660496));
#2518 = CARTESIAN_POINT('',(6.589987113778,3.748156680697));
#2519 = CARTESIAN_POINT('',(6.857504062573,4.242758811696));
#2520 = CARTESIAN_POINT('',(7.064380123509,4.727000472876));
#2521 = ( GEOMETRIC_REPRESENTATION_CONTEXT(2) 
PARAMETRIC_REPRESENTATION_CONTEXT() REPRESENTATION_CONTEXT('2D SPACE',''
  ) );
#2522 = ORIENTED_EDGE('',*,*,#2523,.F.);
#2523 = EDGE_CURVE('',#2473,#2499,#2524,.T.);
#2524 = SURFACE_CURVE('',#2525,(#2528,#2535),.PCURVE_S1.);
#2525 = B_SPLINE_CURVE_WITH_KNOTS('',1,(#2526,#2527),.UNSPECIFIED.,.F.,
  .F.,(2,2),(0.,1.),.PIECEWISE_BEZIER_KNOTS.);
#2526 = CARTESIAN_POINT('',(-7.064380123509,4.727000472876,0.));
#2527 = CARTESIAN_POINT('',(-7.064380123509,4.727000472876,10.));
#2528 = PCURVE('',#2453,#2529);
#2529 = DEFINITIONAL_REPRESENTATION('',(#2530),#2534);
#2530 = LINE('',#2531,#2532);
#2531 = CARTESIAN_POINT('',(0.,1.));
#2532 = VECTOR('',#2533,1.);
#2533 = DIRECTION('',(1.,0.));
#2534 = ( GEOMETRIC_REPRESENTATION_CONTEXT(2) 
PARAMETRIC_REPRESENTATION_CONTEXT() REPRESENTATION_CONTEXT('2D SPACE',''
  ) );
#2535 = PCURVE('',#2536,#2545);
#2536 = B_SPLINE_SURFACE_WITH_KNOTS('',1,3,(
    (#2537,#2538,#2539,#2540)
    ,(#2541,#2542,#2543,#2544
    )),.UNSPECIFIED.,.F.,.F.,.F.,(2,2),(4,4),(0.,1.),(0.,1.),
  .PIECEWISE_BEZIER_KNOTS.);
#2537 = CARTESIAN_POINT('',(-7.064380123509,4.727000472876,0.));
#2538 = CARTESIAN_POINT('',(-6.942703675814,4.908844397705,0.));
#2539 = CARTESIAN_POINT('',(-6.814001874652,5.085987229956,0.));
#2540 = CARTESIAN_POINT('',(-6.678658115148,5.257901271512,0.));
#2541 = CARTESIAN_POINT('',(-7.064380123509,4.727000472876,10.));
#2542 = CARTESIAN_POINT('',(-6.942703675814,4.908844397705,10.));
#2543 = CARTESIAN_POINT('',(-6.814001874652,5.085987229956,10.));
#2544 = CARTESIAN_POINT('',(-6.678658115148,5.257901271512,10.));
#2545 = DEFINITIONAL_REPRESENTATION('',(#2546),#2550);
#2546 = LINE('',#2547,#2548);
#2547 = CARTESIAN_POINT('',(0.,0.));
#2548 = VECTOR('',#2549,1.);
#2549 = DIRECTION('',(1.,0.));
#2550 = ( GEOMETRIC_REPRESENTATION_CONTEXT(2) 
PARAMETRIC_REPRESENTATION_CONTEXT() REPRESENTATION_CONTEXT('2D SPACE',''
  ) );
#2551 = ADVANCED_FACE('',(#2552),#2536,.T.);
#2552 = FACE_BOUND('',#2553,.T.);
#2553 = EDGE_LOOP('',(#2554,#2579,#2580,#2605));
#2554 = ORIENTED_EDGE('',*,*,#2555,.F.);
#2555 = EDGE_CURVE('',#2473,#2556,#2558,.T.);
#2556 = VERTEX_POINT('',#2557);
#2557 = CARTESIAN_POINT('',(-6.678658115148,5.257901271512,0.));
#2558 = SURFACE_CURVE('',#2559,(#2564,#2571),.PCURVE_S1.);
#2559 = B_SPLINE_CURVE_WITH_KNOTS('',3,(#2560,#2561,#2562,#2563),
  .UNSPECIFIED.,.F.,.F.,(4,4),(0.,1.),.PIECEWISE_BEZIER_KNOTS.);
#2560 = CARTESIAN_POINT('',(-7.064380123509,4.727000472876,0.));
#2561 = CARTESIAN_POINT('',(-6.942703675814,4.908844397705,0.));
#2562 = CARTESIAN_POINT('',(-6.814001874652,5.085987229956,0.));
#2563 = CARTESIAN_POINT('',(-6.678658115148,5.257901271512,0.));
#2564 = PCURVE('',#2536,#2565);
#2565 = DEFINITIONAL_REPRESENTATION('',(#2566),#2570);
#2566 = LINE('',#2567,#2568);
#2567 = CARTESIAN_POINT('',(0.,0.));
#2568 = VECTOR('',#2569,1.);
#2569 = DIRECTION('',(0.,1.));
#2570 = ( GEOMETRIC_REPRESENTATION_CONTEXT(2) 
PARAMETRIC_REPRESENTATION_CONTEXT() REPRESENTATION_CONTEXT('2D SPACE',''
  ) );
#2571 = PCURVE('',#125,#2572);
#2572 = DEFINITIONAL_REPRESENTATION('',(#2573),#2578);
#2573 = B_SPLINE_CURVE_WITH_KNOTS('',3,(#2574,#2575,#2576,#2577),
  .UNSPECIFIED.,.F.,.F.,(4,4),(0.,1.),.PIECEWISE_BEZIER_KNOTS.);
#2574 = CARTESIAN_POINT('',(-7.064380123509,4.727000472876));
#2575 = CARTESIAN_POINT('',(-6.942703675814,4.908844397705));
#2576 = CARTESIAN_POINT('',(-6.814001874652,5.085987229956));
#2577 = CARTESIAN_POINT('',(-6.678658115148,5.257901271512));
#2578 = ( GEOMETRIC_REPRESENTATION_CONTEXT(2) 
PARAMETRIC_REPRESENTATION_CONTEXT() REPRESENTATION_CONTEXT('2D SPACE',''
  ) );
#2579 = ORIENTED_EDGE('',*,*,#2523,.T.);
#2580 = ORIENTED_EDGE('',*,*,#2581,.T.);
#2581 = EDGE_CURVE('',#2499,#2582,#2584,.T.);
#2582 = VERTEX_POINT('',#2583);
#2583 = CARTESIAN_POINT('',(-6.678658115148,5.257901271512,10.));
#2584 = SURFACE_CURVE('',#2585,(#2590,#2597),.PCURVE_S1.);
#2585 = B_SPLINE_CURVE_WITH_KNOTS('',3,(#2586,#2587,#2588,#2589),
  .UNSPECIFIED.,.F.,.F.,(4,4),(0.,1.),.PIECEWISE_BEZIER_KNOTS.);
#2586 = CARTESIAN_POINT('',(-7.064380123509,4.727000472876,10.));
#2587 = CARTESIAN_POINT('',(-6.942703675814,4.908844397705,10.));
#2588 = CARTESIAN_POINT('',(-6.814001874652,5.085987229956,10.));
#2589 = CARTESIAN_POINT('',(-6.678658115148,5.257901271512,10.));
#2590 = PCURVE('',#2536,#2591);
#2591 = DEFINITIONAL_REPRESENTATION('',(#2592),#2596);
#2592 = LINE('',#2593,#2594);
#2593 = CARTESIAN_POINT('',(1.,0.));
#2594 = VECTOR('',#2595,1.);
#2595 = DIRECTION('',(0.,1.));
#2596 = ( GEOMETRIC_REPRESENTATION_CONTEXT(2) 
PARAMETRIC_REPRESENTATION_CONTEXT() REPRESENTATION_CONTEXT('2D SPACE',''
  ) );
#2597 = PCURVE('',#186,#2598);
#2598 = DEFINITIONAL_REPRESENTATION('',(#2599),#2604);
#2599 = B_SPLINE_CURVE_WITH_KNOTS('',3,(#2600,#2601,#2602,#2603),
  .UNSPECIFIED.,.F.,.F.,(4,4),(0.,1.),.PIECEWISE_BEZIER_KNOTS.);
#2600 = CARTESIAN_POINT('',(7.064380123509,4.727000472876));
#2601 = CARTESIAN_POINT('',(6.942703675814,4.908844397705));
#2602 = CARTESIAN_POINT('',(6.814001874652,5.085987229956));
#2603 = CARTESIAN_POINT('',(6.678658115148,5.257901271512));
#2604 = ( GEOMETRIC_REPRESENTATION_CONTEXT(2) 
PARAMETRIC_REPRESENTATION_CONTEXT() REPRESENTATION_CONTEXT('2D SPACE',''
  ) );
#2605 = ORIENTED_EDGE('',*,*,#2606,.F.);
#2606 = EDGE_CURVE('',#2556,#2582,#2607,.T.);
#2607 = SURFACE_CURVE('',#2608,(#2611,#2618),.PCURVE_S1.);
#2608 = B_SPLINE_CURVE_WITH_KNOTS('',1,(#2609,#2610),.UNSPECIFIED.,.F.,
  .F.,(2,2),(0.,1.),.PIECEWISE_BEZIER_KNOTS.);
#2609 = CARTESIAN_POINT('',(-6.678658115148,5.257901271512,0.));
#2610 = CARTESIAN_POINT('',(-6.678658115148,5.257901271512,10.));
#2611 = PCURVE('',#2536,#2612);
#2612 = DEFINITIONAL_REPRESENTATION('',(#2613),#2617);
#2613 = LINE('',#2614,#2615);
#2614 = CARTESIAN_POINT('',(0.,1.));
#2615 = VECTOR('',#2616,1.);
#2616 = DIRECTION('',(1.,0.));
#2617 = ( GEOMETRIC_REPRESENTATION_CONTEXT(2) 
PARAMETRIC_REPRESENTATION_CONTEXT() REPRESENTATION_CONTEXT('2D SPACE',''
  ) );
#2618 = PCURVE('',#2619,#2628);
#2619 = B_SPLINE_SURFACE_WITH_KNOTS('',1,3,(
    (#2620,#2621,#2622,#2623)
    ,(#2624,#2625,#2626,#2627
    )),.UNSPECIFIED.,.F.,.F.,.F.,(2,2),(4,4),(0.,1.),(0.,1.),
  .PIECEWISE_BEZIER_KNOTS.);
#2620 = CARTESIAN_POINT('',(-6.678658115148,5.257901271512,0.));
#2621 = CARTESIAN_POINT('',(-6.154188709263,5.210789348382,0.));
#2622 = CARTESIAN_POINT('',(-5.601126846142,5.109206074945,0.));
#2623 = CARTESIAN_POINT('',(-5.166592188174,4.793362611343,0.));
#2624 = CARTESIAN_POINT('',(-6.678658115148,5.257901271512,10.));
#2625 = CARTESIAN_POINT('',(-6.154188709263,5.210789348382,10.));
#2626 = CARTESIAN_POINT('',(-5.601126846142,5.109206074945,10.));
#2627 = CARTESIAN_POINT('',(-5.166592188174,4.793362611343,10.));
#2628 = DEFINITIONAL_REPRESENTATION('',(#2629),#2633);
#2629 = LINE('',#2630,#2631);
#2630 = CARTESIAN_POINT('',(0.,0.));
#2631 = VECTOR('',#2632,1.);
#2632 = DIRECTION('',(1.,0.));
#2633 = ( GEOMETRIC_REPRESENTATION_CONTEXT(2) 
PARAMETRIC_REPRESENTATION_CONTEXT() REPRESENTATION_CONTEXT('2D SPACE',''
  ) );
#2634 = ADVANCED_FACE('',(#2635),#2619,.T.);
#2635 = FACE_BOUND('',#2636,.T.);
#2636 = EDGE_LOOP('',(#2637,#2662,#2663,#2688));
#2637 = ORIENTED_EDGE('',*,*,#2638,.F.);
#2638 = EDGE_CURVE('',#2556,#2639,#2641,.T.);
#2639 = VERTEX_POINT('',#2640);
#2640 = CARTESIAN_POINT('',(-5.166592188174,4.793362611343,0.));
#2641 = SURFACE_CURVE('',#2642,(#2647,#2654),.PCURVE_S1.);
#2642 = B_SPLINE_CURVE_WITH_KNOTS('',3,(#2643,#2644,#2645,#2646),
  .UNSPECIFIED.,.F.,.F.,(4,4),(0.,1.),.PIECEWISE_BEZIER_KNOTS.);
#2643 = CARTESIAN_POINT('',(-6.678658115148,5.257901271512,0.));
#2644 = CARTESIAN_POINT('',(-6.154188709263,5.210789348382,0.));
#2645 = CARTESIAN_POINT('',(-5.601126846142,5.109206074945,0.));
#2646 = CARTESIAN_POINT('',(-5.166592188174,4.793362611343,0.));
#2647 = PCURVE('',#2619,#2648);
#2648 = DEFINITIONAL_REPRESENTATION('',(#2649),#2653);
#2649 = LINE('',#2650,#2651);
#2650 = CARTESIAN_POINT('',(0.,0.));
#2651 = VECTOR('',#2652,1.);
#2652 = DIRECTION('',(0.,1.));
#2653 = ( GEOMETRIC_REPRESENTATION_CONTEXT(2) 
PARAMETRIC_REPRESENTATION_CONTEXT() REPRESENTATION_CONTEXT('2D SPACE',''
  ) );
#2654 = PCURVE('',#125,#2655);
#2655 = DEFINITIONAL_REPRESENTATION('',(#2656),#2661);
#2656 = B_SPLINE_CURVE_WITH_KNOTS('',3,(#2657,#2658,#2659,#2660),
  .UNSPECIFIED.,.F.,.F.,(4,4),(0.,1.),.PIECEWISE_BEZIER_KNOTS.);
#2657 = CARTESIAN_POINT('',(-6.678658115148,5.257901271512));
#2658 = CARTESIAN_POINT('',(-6.154188709263,5.210789348382));
#2659 = CARTESIAN_POINT('',(-5.601126846142,5.109206074945));
#2660 = CARTESIAN_POINT('',(-5.166592188174,4.793362611343));
#2661 = ( GEOMETRIC_REPRESENTATION_CONTEXT(2) 
PARAMETRIC_REPRESENTATION_CONTEXT() REPRESENTATION_CONTEXT('2D SPACE',''
  ) );
#2662 = ORIENTED_EDGE('',*,*,#2606,.T.);
#2663 = ORIENTED_EDGE('',*,*,#2664,.T.);
#2664 = EDGE_CURVE('',#2582,#2665,#2667,.T.);
#2665 = VERTEX_POINT('',#2666);
#2666 = CARTESIAN_POINT('',(-5.166592188174,4.793362611343,10.));
#2667 = SURFACE_CURVE('',#2668,(#2673,#2680),.PCURVE_S1.);
#2668 = B_SPLINE_CURVE_WITH_KNOTS('',3,(#2669,#2670,#2671,#2672),
  .UNSPECIFIED.,.F.,.F.,(4,4),(0.,1.),.PIECEWISE_BEZIER_KNOTS.);
#2669 = CARTESIAN_POINT('',(-6.678658115148,5.257901271512,10.));
#2670 = CARTESIAN_POINT('',(-6.154188709263,5.210789348382,10.));
#2671 = CARTESIAN_POINT('',(-5.601126846142,5.109206074945,10.));
#2672 = CARTESIAN_POINT('',(-5.166592188174,4.793362611343,10.));
#2673 = PCURVE('',#2619,#2674);
#2674 = DEFINITIONAL_REPRESENTATION('',(#2675),#2679);
#2675 = LINE('',#2676,#2677);
#2676 = CARTESIAN_POINT('',(1.,0.));
#2677 = VECTOR('',#2678,1.);
#2678 = DIRECTION('',(0.,1.));
#2679 = ( GEOMETRIC_REPRESENTATION_CONTEXT(2) 
PARAMETRIC_REPRESENTATION_CONTEXT() REPRESENTATION_CONTEXT('2D SPACE',''
  ) );
#2680 = PCURVE('',#186,#2681);
#2681 = DEFINITIONAL_REPRESENTATION('',(#2682),#2687);
#2682 = B_SPLINE_CURVE_WITH_KNOTS('',3,(#2683,#2684,#2685,#2686),
  .UNSPECIFIED.,.F.,.F.,(4,4),(0.,1.),.PIECEWISE_BEZIER_KNOTS.);
#2683 = CARTESIAN_POINT('',(6.678658115148,5.257901271512));
#2684 = CARTESIAN_POINT('',(6.154188709263,5.210789348382));
#2685 = CARTESIAN_POINT('',(5.601126846142,5.109206074945));
#2686 = CARTESIAN_POINT('',(5.166592188174,4.793362611343));
#2687 = ( GEOMETRIC_REPRESENTATION_CONTEXT(2) 
PARAMETRIC_REPRESENTATION_CONTEXT() REPRESENTATION_CONTEXT('2D SPACE',''
  ) );
#2688 = ORIENTED_EDGE('',*,*,#2689,.F.);
#2689 = EDGE_CURVE('',#2639,#2665,#2690,.T.);
#2690 = SURFACE_CURVE('',#2691,(#2694,#2701),.PCURVE_S1.);
#2691 = B_SPLINE_CURVE_WITH_KNOTS('',1,(#2692,#2693),.UNSPECIFIED.,.F.,
  .F.,(2,2),(0.,1.),.PIECEWISE_BEZIER_KNOTS.);
#2692 = CARTESIAN_POINT('',(-5.166592188174,4.793362611343,0.));
#2693 = CARTESIAN_POINT('',(-5.166592188174,4.793362611343,10.));
#2694 = PCURVE('',#2619,#2695);
#2695 = DEFINITIONAL_REPRESENTATION('',(#2696),#2700);
#2696 = LINE('',#2697,#2698);
#2697 = CARTESIAN_POINT('',(0.,1.));
#2698 = VECTOR('',#2699,1.);
#2699 = DIRECTION('',(1.,0.));
#2700 = ( GEOMETRIC_REPRESENTATION_CONTEXT(2) 
PARAMETRIC_REPRESENTATION_CONTEXT() REPRESENTATION_CONTEXT('2D SPACE',''
  ) );
#2701 = PCURVE('',#2702,#2711);
#2702 = B_SPLINE_SURFACE_WITH_KNOTS('',1,3,(
    (#2703,#2704,#2705,#2706)
    ,(#2707,#2708,#2709,#2710
    )),.UNSPECIFIED.,.F.,.F.,.F.,(2,2),(4,4),(0.,1.),(0.,1.),
  .PIECEWISE_BEZIER_KNOTS.);
#2703 = CARTESIAN_POINT('',(-5.166592188174,4.793362611343,0.));
#2704 = CARTESIAN_POINT('',(-4.577816425911,3.951996037543,0.));
#2705 = CARTESIAN_POINT('',(-3.451834473624,4.965834741189,0.));
#2706 = CARTESIAN_POINT('',(-4.22704812766,5.639331883226,0.));
#2707 = CARTESIAN_POINT('',(-5.166592188174,4.793362611343,10.));
#2708 = CARTESIAN_POINT('',(-4.577816425911,3.951996037543,10.));
#2709 = CARTESIAN_POINT('',(-3.451834473624,4.965834741189,10.));
#2710 = CARTESIAN_POINT('',(-4.22704812766,5.639331883226,10.));
#2711 = DEFINITIONAL_REPRESENTATION('',(#2712),#2716);
#2712 = LINE('',#2713,#2714);
#2713 = CARTESIAN_POINT('',(0.,0.));
#2714 = VECTOR('',#2715,1.);
#2715 = DIRECTION('',(1.,0.));
#2716 = ( GEOMETRIC_REPRESENTATION_CONTEXT(2) 
PARAMETRIC_REPRESENTATION_CONTEXT() REPRESENTATION_CONTEXT('2D SPACE',''
  ) );
#2717 = ADVANCED_FACE('',(#2718),#2702,.T.);
#2718 = FACE_BOUND('',#2719,.T.);
#2719 = EDGE_LOOP('',(#2720,#2745,#2746,#2771));
#2720 = ORIENTED_EDGE('',*,*,#2721,.F.);
#2721 = EDGE_CURVE('',#2639,#2722,#2724,.T.);
#2722 = VERTEX_POINT('',#2723);
#2723 = CARTESIAN_POINT('',(-4.22704812766,5.639331883226,0.));
#2724 = SURFACE_CURVE('',#2725,(#2730,#2737),.PCURVE_S1.);
#2725 = B_SPLINE_CURVE_WITH_KNOTS('',3,(#2726,#2727,#2728,#2729),
  .UNSPECIFIED.,.F.,.F.,(4,4),(0.,1.),.PIECEWISE_BEZIER_KNOTS.);
#2726 = CARTESIAN_POINT('',(-5.166592188174,4.793362611343,0.));
#2727 = CARTESIAN_POINT('',(-4.577816425911,3.951996037543,0.));
#2728 = CARTESIAN_POINT('',(-3.451834473624,4.965834741189,0.));
#2729 = CARTESIAN_POINT('',(-4.22704812766,5.639331883226,0.));
#2730 = PCURVE('',#2702,#2731);
#2731 = DEFINITIONAL_REPRESENTATION('',(#2732),#2736);
#2732 = LINE('',#2733,#2734);
#2733 = CARTESIAN_POINT('',(0.,0.));
#2734 = VECTOR('',#2735,1.);
#2735 = DIRECTION('',(0.,1.));
#2736 = ( GEOMETRIC_REPRESENTATION_CONTEXT(2) 
PARAMETRIC_REPRESENTATION_CONTEXT() REPRESENTATION_CONTEXT('2D SPACE',''
  ) );
#2737 = PCURVE('',#125,#2738);
#2738 = DEFINITIONAL_REPRESENTATION('',(#2739),#2744);
#2739 = B_SPLINE_CURVE_WITH_KNOTS('',3,(#2740,#2741,#2742,#2743),
  .UNSPECIFIED.,.F.,.F.,(4,4),(0.,1.),.PIECEWISE_BEZIER_KNOTS.);
#2740 = CARTESIAN_POINT('',(-5.166592188174,4.793362611343));
#2741 = CARTESIAN_POINT('',(-4.577816425911,3.951996037543));
#2742 = CARTESIAN_POINT('',(-3.451834473624,4.965834741189));
#2743 = CARTESIAN_POINT('',(-4.22704812766,5.639331883226));
#2744 = ( GEOMETRIC_REPRESENTATION_CONTEXT(2) 
PARAMETRIC_REPRESENTATION_CONTEXT() REPRESENTATION_CONTEXT('2D SPACE',''
  ) );
#2745 = ORIENTED_EDGE('',*,*,#2689,.T.);
#2746 = ORIENTED_EDGE('',*,*,#2747,.T.);
#2747 = EDGE_CURVE('',#2665,#2748,#2750,.T.);
#2748 = VERTEX_POINT('',#2749);
#2749 = CARTESIAN_POINT('',(-4.22704812766,5.639331883226,10.));
#2750 = SURFACE_CURVE('',#2751,(#2756,#2763),.PCURVE_S1.);
#2751 = B_SPLINE_CURVE_WITH_KNOTS('',3,(#2752,#2753,#2754,#2755),
  .UNSPECIFIED.,.F.,.F.,(4,4),(0.,1.),.PIECEWISE_BEZIER_KNOTS.);
#2752 = CARTESIAN_POINT('',(-5.166592188174,4.793362611343,10.));
#2753 = CARTESIAN_POINT('',(-4.577816425911,3.951996037543,10.));
#2754 = CARTESIAN_POINT('',(-3.451834473624,4.965834741189,10.));
#2755 = CARTESIAN_POINT('',(-4.22704812766,5.639331883226,10.));
#2756 = PCURVE('',#2702,#2757);
#2757 = DEFINITIONAL_REPRESENTATION('',(#2758),#2762);
#2758 = LINE('',#2759,#2760);
#2759 = CARTESIAN_POINT('',(1.,0.));
#2760 = VECTOR('',#2761,1.);
#2761 = DIRECTION('',(0.,1.));
#2762 = ( GEOMETRIC_REPRESENTATION_CONTEXT(2) 
PARAMETRIC_REPRESENTATION_CONTEXT() REPRESENTATION_CONTEXT('2D SPACE',''
  ) );
#2763 = PCURVE('',#186,#2764);
#2764 = DEFINITIONAL_REPRESENTATION('',(#2765),#2770);
#2765 = B_SPLINE_CURVE_WITH_KNOTS('',3,(#2766,#2767,#2768,#2769),
  .UNSPECIFIED.,.F.,.F.,(4,4),(0.,1.),.PIECEWISE_BEZIER_KNOTS.);
#2766 = CARTESIAN_POINT('',(5.166592188174,4.793362611343));
#2767 = CARTESIAN_POINT('',(4.577816425911,3.951996037543));
#2768 = CARTESIAN_POINT('',(3.451834473624,4.965834741189));
#2769 = CARTESIAN_POINT('',(4.22704812766,5.639331883226));
#2770 = ( GEOMETRIC_REPRESENTATION_CONTEXT(2) 
PARAMETRIC_REPRESENTATION_CONTEXT() REPRESENTATION_CONTEXT('2D SPACE',''
  ) );
#2771 = ORIENTED_EDGE('',*,*,#2772,.F.);
#2772 = EDGE_CURVE('',#2722,#2748,#2773,.T.);
#2773 = SURFACE_CURVE('',#2774,(#2777,#2784),.PCURVE_S1.);
#2774 = B_SPLINE_CURVE_WITH_KNOTS('',1,(#2775,#2776),.UNSPECIFIED.,.F.,
  .F.,(2,2),(0.,1.),.PIECEWISE_BEZIER_KNOTS.);
#2775 = CARTESIAN_POINT('',(-4.22704812766,5.639331883226,0.));
#2776 = CARTESIAN_POINT('',(-4.22704812766,5.639331883226,10.));
#2777 = PCURVE('',#2702,#2778);
#2778 = DEFINITIONAL_REPRESENTATION('',(#2779),#2783);
#2779 = LINE('',#2780,#2781);
#2780 = CARTESIAN_POINT('',(0.,1.));
#2781 = VECTOR('',#2782,1.);
#2782 = DIRECTION('',(1.,0.));
#2783 = ( GEOMETRIC_REPRESENTATION_CONTEXT(2) 
PARAMETRIC_REPRESENTATION_CONTEXT() REPRESENTATION_CONTEXT('2D SPACE',''
  ) );
#2784 = PCURVE('',#2785,#2794);
#2785 = B_SPLINE_SURFACE_WITH_KNOTS('',1,3,(
    (#2786,#2787,#2788,#2789)
    ,(#2790,#2791,#2792,#2793
    )),.UNSPECIFIED.,.F.,.F.,.F.,(2,2),(4,4),(0.,1.),(0.,1.),
  .PIECEWISE_BEZIER_KNOTS.);
#2786 = CARTESIAN_POINT('',(-4.22704812766,5.639331883226,0.));
#2787 = CARTESIAN_POINT('',(-4.495740127687,6.104500746755,0.));
#2788 = CARTESIAN_POINT('',(-4.53895621068,6.665151222588,0.));
#2789 = CARTESIAN_POINT('',(-4.530988068737,7.191672067118,0.));
#2790 = CARTESIAN_POINT('',(-4.22704812766,5.639331883226,10.));
#2791 = CARTESIAN_POINT('',(-4.495740127687,6.104500746755,10.));
#2792 = CARTESIAN_POINT('',(-4.53895621068,6.665151222588,10.));
#2793 = CARTESIAN_POINT('',(-4.530988068737,7.191672067118,10.));
#2794 = DEFINITIONAL_REPRESENTATION('',(#2795),#2799);
#2795 = LINE('',#2796,#2797);
#2796 = CARTESIAN_POINT('',(0.,0.));
#2797 = VECTOR('',#2798,1.);
#2798 = DIRECTION('',(1.,0.));
#2799 = ( GEOMETRIC_REPRESENTATION_CONTEXT(2) 
PARAMETRIC_REPRESENTATION_CONTEXT() REPRESENTATION_CONTEXT('2D SPACE',''
  ) );
#2800 = ADVANCED_FACE('',(#2801),#2785,.T.);
#2801 = FACE_BOUND('',#2802,.T.);
#2802 = EDGE_LOOP('',(#2803,#2828,#2829,#2854));
#2803 = ORIENTED_EDGE('',*,*,#2804,.F.);
#2804 = EDGE_CURVE('',#2722,#2805,#2807,.T.);
#2805 = VERTEX_POINT('',#2806);
#2806 = CARTESIAN_POINT('',(-4.530988068737,7.191672067118,0.));
#2807 = SURFACE_CURVE('',#2808,(#2813,#2820),.PCURVE_S1.);
#2808 = B_SPLINE_CURVE_WITH_KNOTS('',3,(#2809,#2810,#2811,#2812),
  .UNSPECIFIED.,.F.,.F.,(4,4),(0.,1.),.PIECEWISE_BEZIER_KNOTS.);
#2809 = CARTESIAN_POINT('',(-4.22704812766,5.639331883226,0.));
#2810 = CARTESIAN_POINT('',(-4.495740127687,6.104500746755,0.));
#2811 = CARTESIAN_POINT('',(-4.53895621068,6.665151222588,0.));
#2812 = CARTESIAN_POINT('',(-4.530988068737,7.191672067118,0.));
#2813 = PCURVE('',#2785,#2814);
#2814 = DEFINITIONAL_REPRESENTATION('',(#2815),#2819);
#2815 = LINE('',#2816,#2817);
#2816 = CARTESIAN_POINT('',(0.,0.));
#2817 = VECTOR('',#2818,1.);
#2818 = DIRECTION('',(0.,1.));
#2819 = ( GEOMETRIC_REPRESENTATION_CONTEXT(2) 
PARAMETRIC_REPRESENTATION_CONTEXT() REPRESENTATION_CONTEXT('2D SPACE',''
  ) );
#2820 = PCURVE('',#125,#2821);
#2821 = DEFINITIONAL_REPRESENTATION('',(#2822),#2827);
#2822 = B_SPLINE_CURVE_WITH_KNOTS('',3,(#2823,#2824,#2825,#2826),
  .UNSPECIFIED.,.F.,.F.,(4,4),(0.,1.),.PIECEWISE_BEZIER_KNOTS.);
#2823 = CARTESIAN_POINT('',(-4.22704812766,5.639331883226));
#2824 = CARTESIAN_POINT('',(-4.495740127687,6.104500746755));
#2825 = CARTESIAN_POINT('',(-4.53895621068,6.665151222588));
#2826 = CARTESIAN_POINT('',(-4.530988068737,7.191672067118));
#2827 = ( GEOMETRIC_REPRESENTATION_CONTEXT(2) 
PARAMETRIC_REPRESENTATION_CONTEXT() REPRESENTATION_CONTEXT('2D SPACE',''
  ) );
#2828 = ORIENTED_EDGE('',*,*,#2772,.T.);
#2829 = ORIENTED_EDGE('',*,*,#2830,.T.);
#2830 = EDGE_CURVE('',#2748,#2831,#2833,.T.);
#2831 = VERTEX_POINT('',#2832);
#2832 = CARTESIAN_POINT('',(-4.530988068737,7.191672067118,10.));
#2833 = SURFACE_CURVE('',#2834,(#2839,#2846),.PCURVE_S1.);
#2834 = B_SPLINE_CURVE_WITH_KNOTS('',3,(#2835,#2836,#2837,#2838),
  .UNSPECIFIED.,.F.,.F.,(4,4),(0.,1.),.PIECEWISE_BEZIER_KNOTS.);
#2835 = CARTESIAN_POINT('',(-4.22704812766,5.639331883226,10.));
#2836 = CARTESIAN_POINT('',(-4.495740127687,6.104500746755,10.));
#2837 = CARTESIAN_POINT('',(-4.53895621068,6.665151222588,10.));
#2838 = CARTESIAN_POINT('',(-4.530988068737,7.191672067118,10.));
#2839 = PCURVE('',#2785,#2840);
#2840 = DEFINITIONAL_REPRESENTATION('',(#2841),#2845);
#2841 = LINE('',#2842,#2843);
#2842 = CARTESIAN_POINT('',(1.,0.));
#2843 = VECTOR('',#2844,1.);
#2844 = DIRECTION('',(0.,1.));
#2845 = ( GEOMETRIC_REPRESENTATION_CONTEXT(2) 
PARAMETRIC_REPRESENTATION_CONTEXT() REPRESENTATION_CONTEXT('2D SPACE',''
  ) );
#2846 = PCURVE('',#186,#2847);
#2847 = DEFINITIONAL_REPRESENTATION('',(#2848),#2853);
#2848 = B_SPLINE_CURVE_WITH_KNOTS('',3,(#2849,#2850,#2851,#2852),
  .UNSPECIFIED.,.F.,.F.,(4,4),(0.,1.),.PIECEWISE_BEZIER_KNOTS.);
#2849 = CARTESIAN_POINT('',(4.22704812766,5.639331883226));
#2850 = CARTESIAN_POINT('',(4.495740127687,6.104500746755));
#2851 = CARTESIAN_POINT('',(4.53895621068,6.665151222588));
#2852 = CARTESIAN_POINT('',(4.530988068737,7.191672067118));
#2853 = ( GEOMETRIC_REPRESENTATION_CONTEXT(2) 
PARAMETRIC_REPRESENTATION_CONTEXT() REPRESENTATION_CONTEXT('2D SPACE',''
  ) );
#2854 = ORIENTED_EDGE('',*,*,#2855,.F.);
#2855 = EDGE_CURVE('',#2805,#2831,#2856,.T.);
#2856 = SURFACE_CURVE('',#2857,(#2860,#2867),.PCURVE_S1.);
#2857 = B_SPLINE_CURVE_WITH_KNOTS('',1,(#2858,#2859),.UNSPECIFIED.,.F.,
  .F.,(2,2),(0.,1.),.PIECEWISE_BEZIER_KNOTS.);
#2858 = CARTESIAN_POINT('',(-4.530988068737,7.191672067118,0.));
#2859 = CARTESIAN_POINT('',(-4.530988068737,7.191672067118,10.));
#2860 = PCURVE('',#2785,#2861);
#2861 = DEFINITIONAL_REPRESENTATION('',(#2862),#2866);
#2862 = LINE('',#2863,#2864);
#2863 = CARTESIAN_POINT('',(0.,1.));
#2864 = VECTOR('',#2865,1.);
#2865 = DIRECTION('',(1.,0.));
#2866 = ( GEOMETRIC_REPRESENTATION_CONTEXT(2) 
PARAMETRIC_REPRESENTATION_CONTEXT() REPRESENTATION_CONTEXT('2D SPACE',''
  ) );
#2867 = PCURVE('',#2868,#2877);
#2868 = B_SPLINE_SURFACE_WITH_KNOTS('',1,3,(
    (#2869,#2870,#2871,#2872)
    ,(#2873,#2874,#2875,#2876
    )),.UNSPECIFIED.,.F.,.F.,.F.,(2,2),(4,4),(0.,1.),(0.,1.),
  .PIECEWISE_BEZIER_KNOTS.);
#2869 = CARTESIAN_POINT('',(-4.530988068737,7.191672067118,0.));
#2870 = CARTESIAN_POINT('',(-4.345868515095,7.308304488768,0.));
#2871 = CARTESIAN_POINT('',(-4.156243088318,7.417784779963,0.));
#2872 = CARTESIAN_POINT('',(-3.962676671443,7.519786805329,0.));
#2873 = CARTESIAN_POINT('',(-4.530988068737,7.191672067118,10.));
#2874 = CARTESIAN_POINT('',(-4.345868515095,7.308304488768,10.));
#2875 = CARTESIAN_POINT('',(-4.156243088318,7.417784779963,10.));
#2876 = CARTESIAN_POINT('',(-3.962676671443,7.519786805329,10.));
#2877 = DEFINITIONAL_REPRESENTATION('',(#2878),#2882);
#2878 = LINE('',#2879,#2880);
#2879 = CARTESIAN_POINT('',(0.,0.));
#2880 = VECTOR('',#2881,1.);
#2881 = DIRECTION('',(1.,0.));
#2882 = ( GEOMETRIC_REPRESENTATION_CONTEXT(2) 
PARAMETRIC_REPRESENTATION_CONTEXT() REPRESENTATION_CONTEXT('2D SPACE',''
  ) );
#2883 = ADVANCED_FACE('',(#2884),#2868,.T.);
#2884 = FACE_BOUND('',#2885,.T.);
#2885 = EDGE_LOOP('',(#2886,#2911,#2912,#2937));
#2886 = ORIENTED_EDGE('',*,*,#2887,.F.);
#2887 = EDGE_CURVE('',#2805,#2888,#2890,.T.);
#2888 = VERTEX_POINT('',#2889);
#2889 = CARTESIAN_POINT('',(-3.962676671443,7.519786805329,0.));
#2890 = SURFACE_CURVE('',#2891,(#2896,#2903),.PCURVE_S1.);
#2891 = B_SPLINE_CURVE_WITH_KNOTS('',3,(#2892,#2893,#2894,#2895),
  .UNSPECIFIED.,.F.,.F.,(4,4),(0.,1.),.PIECEWISE_BEZIER_KNOTS.);
#2892 = CARTESIAN_POINT('',(-4.530988068737,7.191672067118,0.));
#2893 = CARTESIAN_POINT('',(-4.345868515095,7.308304488768,0.));
#2894 = CARTESIAN_POINT('',(-4.156243088318,7.417784779963,0.));
#2895 = CARTESIAN_POINT('',(-3.962676671443,7.519786805329,0.));
#2896 = PCURVE('',#2868,#2897);
#2897 = DEFINITIONAL_REPRESENTATION('',(#2898),#2902);
#2898 = LINE('',#2899,#2900);
#2899 = CARTESIAN_POINT('',(0.,0.));
#2900 = VECTOR('',#2901,1.);
#2901 = DIRECTION('',(0.,1.));
#2902 = ( GEOMETRIC_REPRESENTATION_CONTEXT(2) 
PARAMETRIC_REPRESENTATION_CONTEXT() REPRESENTATION_CONTEXT('2D SPACE',''
  ) );
#2903 = PCURVE('',#125,#2904);
#2904 = DEFINITIONAL_REPRESENTATION('',(#2905),#2910);
#2905 = B_SPLINE_CURVE_WITH_KNOTS('',3,(#2906,#2907,#2908,#2909),
  .UNSPECIFIED.,.F.,.F.,(4,4),(0.,1.),.PIECEWISE_BEZIER_KNOTS.);
#2906 = CARTESIAN_POINT('',(-4.530988068737,7.191672067118));
#2907 = CARTESIAN_POINT('',(-4.345868515095,7.308304488768));
#2908 = CARTESIAN_POINT('',(-4.156243088318,7.417784779963));
#2909 = CARTESIAN_POINT('',(-3.962676671443,7.519786805329));
#2910 = ( GEOMETRIC_REPRESENTATION_CONTEXT(2) 
PARAMETRIC_REPRESENTATION_CONTEXT() REPRESENTATION_CONTEXT('2D SPACE',''
  ) );
#2911 = ORIENTED_EDGE('',*,*,#2855,.T.);
#2912 = ORIENTED_EDGE('',*,*,#2913,.T.);
#2913 = EDGE_CURVE('',#2831,#2914,#2916,.T.);
#2914 = VERTEX_POINT('',#2915);
#2915 = CARTESIAN_POINT('',(-3.962676671443,7.519786805329,10.));
#2916 = SURFACE_CURVE('',#2917,(#2922,#2929),.PCURVE_S1.);
#2917 = B_SPLINE_CURVE_WITH_KNOTS('',3,(#2918,#2919,#2920,#2921),
  .UNSPECIFIED.,.F.,.F.,(4,4),(0.,1.),.PIECEWISE_BEZIER_KNOTS.);
#2918 = CARTESIAN_POINT('',(-4.530988068737,7.191672067118,10.));
#2919 = CARTESIAN_POINT('',(-4.345868515095,7.308304488768,10.));
#2920 = CARTESIAN_POINT('',(-4.156243088318,7.417784779963,10.));
#2921 = CARTESIAN_POINT('',(-3.962676671443,7.519786805329,10.));
#2922 = PCURVE('',#2868,#2923);
#2923 = DEFINITIONAL_REPRESENTATION('',(#2924),#2928);
#2924 = LINE('',#2925,#2926);
#2925 = CARTESIAN_POINT('',(1.,0.));
#2926 = VECTOR('',#2927,1.);
#2927 = DIRECTION('',(0.,1.));
#2928 = ( GEOMETRIC_REPRESENTATION_CONTEXT(2) 
PARAMETRIC_REPRESENTATION_CONTEXT() REPRESENTATION_CONTEXT('2D SPACE',''
  ) );
#2929 = PCURVE('',#186,#2930);
#2930 = DEFINITIONAL_REPRESENTATION('',(#2931),#2936);
#2931 = B_SPLINE_CURVE_WITH_KNOTS('',3,(#2932,#2933,#2934,#2935),
  .UNSPECIFIED.,.F.,.F.,(4,4),(0.,1.),.PIECEWISE_BEZIER_KNOTS.);
#2932 = CARTESIAN_POINT('',(4.530988068737,7.191672067118));
#2933 = CARTESIAN_POINT('',(4.345868515095,7.308304488768));
#2934 = CARTESIAN_POINT('',(4.156243088318,7.417784779963));
#2935 = CARTESIAN_POINT('',(3.962676671443,7.519786805329));
#2936 = ( GEOMETRIC_REPRESENTATION_CONTEXT(2) 
PARAMETRIC_REPRESENTATION_CONTEXT() REPRESENTATION_CONTEXT('2D SPACE',''
  ) );
#2937 = ORIENTED_EDGE('',*,*,#2938,.F.);
#2938 = EDGE_CURVE('',#2888,#2914,#2939,.T.);
#2939 = SURFACE_CURVE('',#2940,(#2943,#2950),.PCURVE_S1.);
#2940 = B_SPLINE_CURVE_WITH_KNOTS('',1,(#2941,#2942),.UNSPECIFIED.,.F.,
  .F.,(2,2),(0.,1.),.PIECEWISE_BEZIER_KNOTS.);
#2941 = CARTESIAN_POINT('',(-3.962676671443,7.519786805329,0.));
#2942 = CARTESIAN_POINT('',(-3.962676671443,7.519786805329,10.));
#2943 = PCURVE('',#2868,#2944);
#2944 = DEFINITIONAL_REPRESENTATION('',(#2945),#2949);
#2945 = LINE('',#2946,#2947);
#2946 = CARTESIAN_POINT('',(0.,1.));
#2947 = VECTOR('',#2948,1.);
#2948 = DIRECTION('',(1.,0.));
#2949 = ( GEOMETRIC_REPRESENTATION_CONTEXT(2) 
PARAMETRIC_REPRESENTATION_CONTEXT() REPRESENTATION_CONTEXT('2D SPACE',''
  ) );
#2950 = PCURVE('',#2951,#2960);
#2951 = B_SPLINE_SURFACE_WITH_KNOTS('',1,3,(
    (#2952,#2953,#2954,#2955)
    ,(#2956,#2957,#2958,#2959
    )),.UNSPECIFIED.,.F.,.F.,.F.,(2,2),(4,4),(0.,1.),(0.,1.),
  .PIECEWISE_BEZIER_KNOTS.);
#2952 = CARTESIAN_POINT('',(-3.962676671443,7.519786805329,0.));
#2953 = CARTESIAN_POINT('',(-3.502712173486,7.263426996408,0.));
#2954 = CARTESIAN_POINT('',(-3.038782660267,6.945675532767,0.));
#2955 = CARTESIAN_POINT('',(-2.770280607415,6.480397003186,0.));
#2956 = CARTESIAN_POINT('',(-3.962676671443,7.519786805329,10.));
#2957 = CARTESIAN_POINT('',(-3.502712173486,7.263426996408,10.));
#2958 = CARTESIAN_POINT('',(-3.038782660267,6.945675532767,10.));
#2959 = CARTESIAN_POINT('',(-2.770280607415,6.480397003186,10.));
#2960 = DEFINITIONAL_REPRESENTATION('',(#2961),#2965);
#2961 = LINE('',#2962,#2963);
#2962 = CARTESIAN_POINT('',(0.,0.));
#2963 = VECTOR('',#2964,1.);
#2964 = DIRECTION('',(1.,0.));
#2965 = ( GEOMETRIC_REPRESENTATION_CONTEXT(2) 
PARAMETRIC_REPRESENTATION_CONTEXT() REPRESENTATION_CONTEXT('2D SPACE',''
  ) );
#2966 = ADVANCED_FACE('',(#2967),#2951,.T.);
#2967 = FACE_BOUND('',#2968,.T.);
#2968 = EDGE_LOOP('',(#2969,#2994,#2995,#3020));
#2969 = ORIENTED_EDGE('',*,*,#2970,.F.);
#2970 = EDGE_CURVE('',#2888,#2971,#2973,.T.);
#2971 = VERTEX_POINT('',#2972);
#2972 = CARTESIAN_POINT('',(-2.770280607415,6.480397003186,0.));
#2973 = SURFACE_CURVE('',#2974,(#2979,#2986),.PCURVE_S1.);
#2974 = B_SPLINE_CURVE_WITH_KNOTS('',3,(#2975,#2976,#2977,#2978),
  .UNSPECIFIED.,.F.,.F.,(4,4),(0.,1.),.PIECEWISE_BEZIER_KNOTS.);
#2975 = CARTESIAN_POINT('',(-3.962676671443,7.519786805329,0.));
#2976 = CARTESIAN_POINT('',(-3.502712173486,7.263426996408,0.));
#2977 = CARTESIAN_POINT('',(-3.038782660267,6.945675532767,0.));
#2978 = CARTESIAN_POINT('',(-2.770280607415,6.480397003186,0.));
#2979 = PCURVE('',#2951,#2980);
#2980 = DEFINITIONAL_REPRESENTATION('',(#2981),#2985);
#2981 = LINE('',#2982,#2983);
#2982 = CARTESIAN_POINT('',(0.,0.));
#2983 = VECTOR('',#2984,1.);
#2984 = DIRECTION('',(0.,1.));
#2985 = ( GEOMETRIC_REPRESENTATION_CONTEXT(2) 
PARAMETRIC_REPRESENTATION_CONTEXT() REPRESENTATION_CONTEXT('2D SPACE',''
  ) );
#2986 = PCURVE('',#125,#2987);
#2987 = DEFINITIONAL_REPRESENTATION('',(#2988),#2993);
#2988 = B_SPLINE_CURVE_WITH_KNOTS('',3,(#2989,#2990,#2991,#2992),
  .UNSPECIFIED.,.F.,.F.,(4,4),(0.,1.),.PIECEWISE_BEZIER_KNOTS.);
#2989 = CARTESIAN_POINT('',(-3.962676671443,7.519786805329));
#2990 = CARTESIAN_POINT('',(-3.502712173486,7.263426996408));
#2991 = CARTESIAN_POINT('',(-3.038782660267,6.945675532767));
#2992 = CARTESIAN_POINT('',(-2.770280607415,6.480397003186));
#2993 = ( GEOMETRIC_REPRESENTATION_CONTEXT(2) 
PARAMETRIC_REPRESENTATION_CONTEXT() REPRESENTATION_CONTEXT('2D SPACE',''
  ) );
#2994 = ORIENTED_EDGE('',*,*,#2938,.T.);
#2995 = ORIENTED_EDGE('',*,*,#2996,.T.);
#2996 = EDGE_CURVE('',#2914,#2997,#2999,.T.);
#2997 = VERTEX_POINT('',#2998);
#2998 = CARTESIAN_POINT('',(-2.770280607415,6.480397003186,10.));
#2999 = SURFACE_CURVE('',#3000,(#3005,#3012),.PCURVE_S1.);
#3000 = B_SPLINE_CURVE_WITH_KNOTS('',3,(#3001,#3002,#3003,#3004),
  .UNSPECIFIED.,.F.,.F.,(4,4),(0.,1.),.PIECEWISE_BEZIER_KNOTS.);
#3001 = CARTESIAN_POINT('',(-3.962676671443,7.519786805329,10.));
#3002 = CARTESIAN_POINT('',(-3.502712173486,7.263426996408,10.));
#3003 = CARTESIAN_POINT('',(-3.038782660267,6.945675532767,10.));
#3004 = CARTESIAN_POINT('',(-2.770280607415,6.480397003186,10.));
#3005 = PCURVE('',#2951,#3006);
#3006 = DEFINITIONAL_REPRESENTATION('',(#3007),#3011);
#3007 = LINE('',#3008,#3009);
#3008 = CARTESIAN_POINT('',(1.,0.));
#3009 = VECTOR('',#3010,1.);
#3010 = DIRECTION('',(0.,1.));
#3011 = ( GEOMETRIC_REPRESENTATION_CONTEXT(2) 
PARAMETRIC_REPRESENTATION_CONTEXT() REPRESENTATION_CONTEXT('2D SPACE',''
  ) );
#3012 = PCURVE('',#186,#3013);
#3013 = DEFINITIONAL_REPRESENTATION('',(#3014),#3019);
#3014 = B_SPLINE_CURVE_WITH_KNOTS('',3,(#3015,#3016,#3017,#3018),
  .UNSPECIFIED.,.F.,.F.,(4,4),(0.,1.),.PIECEWISE_BEZIER_KNOTS.);
#3015 = CARTESIAN_POINT('',(3.962676671443,7.519786805329));
#3016 = CARTESIAN_POINT('',(3.502712173486,7.263426996408));
#3017 = CARTESIAN_POINT('',(3.038782660267,6.945675532767));
#3018 = CARTESIAN_POINT('',(2.770280607415,6.480397003186));
#3019 = ( GEOMETRIC_REPRESENTATION_CONTEXT(2) 
PARAMETRIC_REPRESENTATION_CONTEXT() REPRESENTATION_CONTEXT('2D SPACE',''
  ) );
#3020 = ORIENTED_EDGE('',*,*,#3021,.F.);
#3021 = EDGE_CURVE('',#2971,#2997,#3022,.T.);
#3022 = SURFACE_CURVE('',#3023,(#3026,#3033),.PCURVE_S1.);
#3023 = B_SPLINE_CURVE_WITH_KNOTS('',1,(#3024,#3025),.UNSPECIFIED.,.F.,
  .F.,(2,2),(0.,1.),.PIECEWISE_BEZIER_KNOTS.);
#3024 = CARTESIAN_POINT('',(-2.770280607415,6.480397003186,0.));
#3025 = CARTESIAN_POINT('',(-2.770280607415,6.480397003186,10.));
#3026 = PCURVE('',#2951,#3027);
#3027 = DEFINITIONAL_REPRESENTATION('',(#3028),#3032);
#3028 = LINE('',#3029,#3030);
#3029 = CARTESIAN_POINT('',(0.,1.));
#3030 = VECTOR('',#3031,1.);
#3031 = DIRECTION('',(1.,0.));
#3032 = ( GEOMETRIC_REPRESENTATION_CONTEXT(2) 
PARAMETRIC_REPRESENTATION_CONTEXT() REPRESENTATION_CONTEXT('2D SPACE',''
  ) );
#3033 = PCURVE('',#3034,#3043);
#3034 = B_SPLINE_SURFACE_WITH_KNOTS('',1,3,(
    (#3035,#3036,#3037,#3038)
    ,(#3039,#3040,#3041,#3042
    )),.UNSPECIFIED.,.F.,.F.,.F.,(2,2),(4,4),(0.,1.),(0.,1.),
  .PIECEWISE_BEZIER_KNOTS.);
#3035 = CARTESIAN_POINT('',(-2.770280607415,6.480397003186,0.));
#3036 = CARTESIAN_POINT('',(-2.574621800054,5.472293714412,0.));
#3037 = CARTESIAN_POINT('',(-1.133620751212,5.940503337472,0.));
#3038 = CARTESIAN_POINT('',(-1.567877696887,6.871081391624,0.));
#3039 = CARTESIAN_POINT('',(-2.770280607415,6.480397003186,10.));
#3040 = CARTESIAN_POINT('',(-2.574621800054,5.472293714412,10.));
#3041 = CARTESIAN_POINT('',(-1.133620751212,5.940503337472,10.));
#3042 = CARTESIAN_POINT('',(-1.567877696887,6.871081391624,10.));
#3043 = DEFINITIONAL_REPRESENTATION('',(#3044),#3048);
#3044 = LINE('',#3045,#3046);
#3045 = CARTESIAN_POINT('',(0.,0.));
#3046 = VECTOR('',#3047,1.);
#3047 = DIRECTION('',(1.,0.));
#3048 = ( GEOMETRIC_REPRESENTATION_CONTEXT(2) 
PARAMETRIC_REPRESENTATION_CONTEXT() REPRESENTATION_CONTEXT('2D SPACE',''
  ) );
#3049 = ADVANCED_FACE('',(#3050),#3034,.T.);
#3050 = FACE_BOUND('',#3051,.T.);
#3051 = EDGE_LOOP('',(#3052,#3077,#3078,#3103));
#3052 = ORIENTED_EDGE('',*,*,#3053,.F.);
#3053 = EDGE_CURVE('',#2971,#3054,#3056,.T.);
#3054 = VERTEX_POINT('',#3055);
#3055 = CARTESIAN_POINT('',(-1.567877696887,6.871081391624,0.));
#3056 = SURFACE_CURVE('',#3057,(#3062,#3069),.PCURVE_S1.);
#3057 = B_SPLINE_CURVE_WITH_KNOTS('',3,(#3058,#3059,#3060,#3061),
  .UNSPECIFIED.,.F.,.F.,(4,4),(0.,1.),.PIECEWISE_BEZIER_KNOTS.);
#3058 = CARTESIAN_POINT('',(-2.770280607415,6.480397003186,0.));
#3059 = CARTESIAN_POINT('',(-2.574621800054,5.472293714412,0.));
#3060 = CARTESIAN_POINT('',(-1.133620751212,5.940503337472,0.));
#3061 = CARTESIAN_POINT('',(-1.567877696887,6.871081391624,0.));
#3062 = PCURVE('',#3034,#3063);
#3063 = DEFINITIONAL_REPRESENTATION('',(#3064),#3068);
#3064 = LINE('',#3065,#3066);
#3065 = CARTESIAN_POINT('',(0.,0.));
#3066 = VECTOR('',#3067,1.);
#3067 = DIRECTION('',(0.,1.));
#3068 = ( GEOMETRIC_REPRESENTATION_CONTEXT(2) 
PARAMETRIC_REPRESENTATION_CONTEXT() REPRESENTATION_CONTEXT('2D SPACE',''
  ) );
#3069 = PCURVE('',#125,#3070);
#3070 = DEFINITIONAL_REPRESENTATION('',(#3071),#3076);
#3071 = B_SPLINE_CURVE_WITH_KNOTS('',3,(#3072,#3073,#3074,#3075),
  .UNSPECIFIED.,.F.,.F.,(4,4),(0.,1.),.PIECEWISE_BEZIER_KNOTS.);
#3072 = CARTESIAN_POINT('',(-2.770280607415,6.480397003186));
#3073 = CARTESIAN_POINT('',(-2.574621800054,5.472293714412));
#3074 = CARTESIAN_POINT('',(-1.133620751212,5.940503337472));
#3075 = CARTESIAN_POINT('',(-1.567877696887,6.871081391624));
#3076 = ( GEOMETRIC_REPRESENTATION_CONTEXT(2) 
PARAMETRIC_REPRESENTATION_CONTEXT() REPRESENTATION_CONTEXT('2D SPACE',''
  ) );
#3077 = ORIENTED_EDGE('',*,*,#3021,.T.);
#3078 = ORIENTED_EDGE('',*,*,#3079,.T.);
#3079 = EDGE_CURVE('',#2997,#3080,#3082,.T.);
#3080 = VERTEX_POINT('',#3081);
#3081 = CARTESIAN_POINT('',(-1.567877696887,6.871081391624,10.));
#3082 = SURFACE_CURVE('',#3083,(#3088,#3095),.PCURVE_S1.);
#3083 = B_SPLINE_CURVE_WITH_KNOTS('',3,(#3084,#3085,#3086,#3087),
  .UNSPECIFIED.,.F.,.F.,(4,4),(0.,1.),.PIECEWISE_BEZIER_KNOTS.);
#3084 = CARTESIAN_POINT('',(-2.770280607415,6.480397003186,10.));
#3085 = CARTESIAN_POINT('',(-2.574621800054,5.472293714412,10.));
#3086 = CARTESIAN_POINT('',(-1.133620751212,5.940503337472,10.));
#3087 = CARTESIAN_POINT('',(-1.567877696887,6.871081391624,10.));
#3088 = PCURVE('',#3034,#3089);
#3089 = DEFINITIONAL_REPRESENTATION('',(#3090),#3094);
#3090 = LINE('',#3091,#3092);
#3091 = CARTESIAN_POINT('',(1.,0.));
#3092 = VECTOR('',#3093,1.);
#3093 = DIRECTION('',(0.,1.));
#3094 = ( GEOMETRIC_REPRESENTATION_CONTEXT(2) 
PARAMETRIC_REPRESENTATION_CONTEXT() REPRESENTATION_CONTEXT('2D SPACE',''
  ) );
#3095 = PCURVE('',#186,#3096);
#3096 = DEFINITIONAL_REPRESENTATION('',(#3097),#3102);
#3097 = B_SPLINE_CURVE_WITH_KNOTS('',3,(#3098,#3099,#3100,#3101),
  .UNSPECIFIED.,.F.,.F.,(4,4),(0.,1.),.PIECEWISE_BEZIER_KNOTS.);
#3098 = CARTESIAN_POINT('',(2.770280607415,6.480397003186));
#3099 = CARTESIAN_POINT('',(2.574621800054,5.472293714412));
#3100 = CARTESIAN_POINT('',(1.133620751212,5.940503337472));
#3101 = CARTESIAN_POINT('',(1.567877696887,6.871081391624));
#3102 = ( GEOMETRIC_REPRESENTATION_CONTEXT(2) 
PARAMETRIC_REPRESENTATION_CONTEXT() REPRESENTATION_CONTEXT('2D SPACE',''
  ) );
#3103 = ORIENTED_EDGE('',*,*,#3104,.F.);
#3104 = EDGE_CURVE('',#3054,#3080,#3105,.T.);
#3105 = SURFACE_CURVE('',#3106,(#3109,#3116),.PCURVE_S1.);
#3106 = B_SPLINE_CURVE_WITH_KNOTS('',1,(#3107,#3108),.UNSPECIFIED.,.F.,
  .F.,(2,2),(0.,1.),.PIECEWISE_BEZIER_KNOTS.);
#3107 = CARTESIAN_POINT('',(-1.567877696887,6.871081391624,0.));
#3108 = CARTESIAN_POINT('',(-1.567877696887,6.871081391624,10.));
#3109 = PCURVE('',#3034,#3110);
#3110 = DEFINITIONAL_REPRESENTATION('',(#3111),#3115);
#3111 = LINE('',#3112,#3113);
#3112 = CARTESIAN_POINT('',(0.,1.));
#3113 = VECTOR('',#3114,1.);
#3114 = DIRECTION('',(1.,0.));
#3115 = ( GEOMETRIC_REPRESENTATION_CONTEXT(2) 
PARAMETRIC_REPRESENTATION_CONTEXT() REPRESENTATION_CONTEXT('2D SPACE',''
  ) );
#3116 = PCURVE('',#3117,#3126);
#3117 = B_SPLINE_SURFACE_WITH_KNOTS('',1,3,(
    (#3118,#3119,#3120,#3121)
    ,(#3122,#3123,#3124,#3125
    )),.UNSPECIFIED.,.F.,.F.,.F.,(2,2),(4,4),(0.,1.),(0.,1.),
  .PIECEWISE_BEZIER_KNOTS.);
#3118 = CARTESIAN_POINT('',(-1.567877696887,6.871081391624,0.));
#3119 = CARTESIAN_POINT('',(-1.624138831001,7.40532117605,0.));
#3120 = CARTESIAN_POINT('',(-1.435581594837,7.935078436096,0.));
#3121 = CARTESIAN_POINT('',(-1.214147014146,8.412838226665,0.));
#3122 = CARTESIAN_POINT('',(-1.567877696887,6.871081391624,10.));
#3123 = CARTESIAN_POINT('',(-1.624138831001,7.40532117605,10.));
#3124 = CARTESIAN_POINT('',(-1.435581594837,7.935078436096,10.));
#3125 = CARTESIAN_POINT('',(-1.214147014146,8.412838226665,10.));
#3126 = DEFINITIONAL_REPRESENTATION('',(#3127),#3131);
#3127 = LINE('',#3128,#3129);
#3128 = CARTESIAN_POINT('',(0.,0.));
#3129 = VECTOR('',#3130,1.);
#3130 = DIRECTION('',(1.,0.));
#3131 = ( GEOMETRIC_REPRESENTATION_CONTEXT(2) 
PARAMETRIC_REPRESENTATION_CONTEXT() REPRESENTATION_CONTEXT('2D SPACE',''
  ) );
#3132 = ADVANCED_FACE('',(#3133),#3117,.T.);
#3133 = FACE_BOUND('',#3134,.T.);
#3134 = EDGE_LOOP('',(#3135,#3160,#3161,#3186));
#3135 = ORIENTED_EDGE('',*,*,#3136,.F.);
#3136 = EDGE_CURVE('',#3054,#3137,#3139,.T.);
#3137 = VERTEX_POINT('',#3138);
#3138 = CARTESIAN_POINT('',(-1.214147014146,8.412838226665,0.));
#3139 = SURFACE_CURVE('',#3140,(#3145,#3152),.PCURVE_S1.);
#3140 = B_SPLINE_CURVE_WITH_KNOTS('',3,(#3141,#3142,#3143,#3144),
  .UNSPECIFIED.,.F.,.F.,(4,4),(0.,1.),.PIECEWISE_BEZIER_KNOTS.);
#3141 = CARTESIAN_POINT('',(-1.567877696887,6.871081391624,0.));
#3142 = CARTESIAN_POINT('',(-1.624138831001,7.40532117605,0.));
#3143 = CARTESIAN_POINT('',(-1.435581594837,7.935078436096,0.));
#3144 = CARTESIAN_POINT('',(-1.214147014146,8.412838226665,0.));
#3145 = PCURVE('',#3117,#3146);
#3146 = DEFINITIONAL_REPRESENTATION('',(#3147),#3151);
#3147 = LINE('',#3148,#3149);
#3148 = CARTESIAN_POINT('',(0.,0.));
#3149 = VECTOR('',#3150,1.);
#3150 = DIRECTION('',(0.,1.));
#3151 = ( GEOMETRIC_REPRESENTATION_CONTEXT(2) 
PARAMETRIC_REPRESENTATION_CONTEXT() REPRESENTATION_CONTEXT('2D SPACE',''
  ) );
#3152 = PCURVE('',#125,#3153);
#3153 = DEFINITIONAL_REPRESENTATION('',(#3154),#3159);
#3154 = B_SPLINE_CURVE_WITH_KNOTS('',3,(#3155,#3156,#3157,#3158),
  .UNSPECIFIED.,.F.,.F.,(4,4),(0.,1.),.PIECEWISE_BEZIER_KNOTS.);
#3155 = CARTESIAN_POINT('',(-1.567877696887,6.871081391624));
#3156 = CARTESIAN_POINT('',(-1.624138831001,7.40532117605));
#3157 = CARTESIAN_POINT('',(-1.435581594837,7.935078436096));
#3158 = CARTESIAN_POINT('',(-1.214147014146,8.412838226665));
#3159 = ( GEOMETRIC_REPRESENTATION_CONTEXT(2) 
PARAMETRIC_REPRESENTATION_CONTEXT() REPRESENTATION_CONTEXT('2D SPACE',''
  ) );
#3160 = ORIENTED_EDGE('',*,*,#3104,.T.);
#3161 = ORIENTED_EDGE('',*,*,#3162,.T.);
#3162 = EDGE_CURVE('',#3080,#3163,#3165,.T.);
#3163 = VERTEX_POINT('',#3164);
#3164 = CARTESIAN_POINT('',(-1.214147014146,8.412838226665,10.));
#3165 = SURFACE_CURVE('',#3166,(#3171,#3178),.PCURVE_S1.);
#3166 = B_SPLINE_CURVE_WITH_KNOTS('',3,(#3167,#3168,#3169,#3170),
  .UNSPECIFIED.,.F.,.F.,(4,4),(0.,1.),.PIECEWISE_BEZIER_KNOTS.);
#3167 = CARTESIAN_POINT('',(-1.567877696887,6.871081391624,10.));
#3168 = CARTESIAN_POINT('',(-1.624138831001,7.40532117605,10.));
#3169 = CARTESIAN_POINT('',(-1.435581594837,7.935078436096,10.));
#3170 = CARTESIAN_POINT('',(-1.214147014146,8.412838226665,10.));
#3171 = PCURVE('',#3117,#3172);
#3172 = DEFINITIONAL_REPRESENTATION('',(#3173),#3177);
#3173 = LINE('',#3174,#3175);
#3174 = CARTESIAN_POINT('',(1.,0.));
#3175 = VECTOR('',#3176,1.);
#3176 = DIRECTION('',(0.,1.));
#3177 = ( GEOMETRIC_REPRESENTATION_CONTEXT(2) 
PARAMETRIC_REPRESENTATION_CONTEXT() REPRESENTATION_CONTEXT('2D SPACE',''
  ) );
#3178 = PCURVE('',#186,#3179);
#3179 = DEFINITIONAL_REPRESENTATION('',(#3180),#3185);
#3180 = B_SPLINE_CURVE_WITH_KNOTS('',3,(#3181,#3182,#3183,#3184),
  .UNSPECIFIED.,.F.,.F.,(4,4),(0.,1.),.PIECEWISE_BEZIER_KNOTS.);
#3181 = CARTESIAN_POINT('',(1.567877696887,6.871081391624));
#3182 = CARTESIAN_POINT('',(1.624138831001,7.40532117605));
#3183 = CARTESIAN_POINT('',(1.435581594837,7.935078436096));
#3184 = CARTESIAN_POINT('',(1.214147014146,8.412838226665));
#3185 = ( GEOMETRIC_REPRESENTATION_CONTEXT(2) 
PARAMETRIC_REPRESENTATION_CONTEXT() REPRESENTATION_CONTEXT('2D SPACE',''
  ) );
#3186 = ORIENTED_EDGE('',*,*,#3187,.F.);
#3187 = EDGE_CURVE('',#3137,#3163,#3188,.T.);
#3188 = SURFACE_CURVE('',#3189,(#3192,#3199),.PCURVE_S1.);
#3189 = B_SPLINE_CURVE_WITH_KNOTS('',1,(#3190,#3191),.UNSPECIFIED.,.F.,
  .F.,(2,2),(0.,1.),.PIECEWISE_BEZIER_KNOTS.);
#3190 = CARTESIAN_POINT('',(-1.214147014146,8.412838226665,0.));
#3191 = CARTESIAN_POINT('',(-1.214147014146,8.412838226665,10.));
#3192 = PCURVE('',#3117,#3193);
#3193 = DEFINITIONAL_REPRESENTATION('',(#3194),#3198);
#3194 = LINE('',#3195,#3196);
#3195 = CARTESIAN_POINT('',(0.,1.));
#3196 = VECTOR('',#3197,1.);
#3197 = DIRECTION('',(1.,0.));
#3198 = ( GEOMETRIC_REPRESENTATION_CONTEXT(2) 
PARAMETRIC_REPRESENTATION_CONTEXT() REPRESENTATION_CONTEXT('2D SPACE',''
  ) );
#3199 = PCURVE('',#3200,#3209);
#3200 = B_SPLINE_SURFACE_WITH_KNOTS('',1,3,(
    (#3201,#3202,#3203,#3204)
    ,(#3205,#3206,#3207,#3208
    )),.UNSPECIFIED.,.F.,.F.,.F.,(2,2),(4,4),(0.,1.),(0.,1.),
  .PIECEWISE_BEZIER_KNOTS.);
#3201 = CARTESIAN_POINT('',(-1.214147014146,8.412838226665,0.));
#3202 = CARTESIAN_POINT('',(-0.997593207139,8.444092339862,0.));
#3203 = CARTESIAN_POINT('',(-0.77983211373,8.466979953055,0.));
#3204 = CARTESIAN_POINT('',(-0.561512431458,8.481432885387,0.));
#3205 = CARTESIAN_POINT('',(-1.214147014146,8.412838226665,10.));
#3206 = CARTESIAN_POINT('',(-0.997593207139,8.444092339862,10.));
#3207 = CARTESIAN_POINT('',(-0.77983211373,8.466979953055,10.));
#3208 = CARTESIAN_POINT('',(-0.561512431458,8.481432885387,10.));
#3209 = DEFINITIONAL_REPRESENTATION('',(#3210),#3214);
#3210 = LINE('',#3211,#3212);
#3211 = CARTESIAN_POINT('',(0.,0.));
#3212 = VECTOR('',#3213,1.);
#3213 = DIRECTION('',(1.,0.));
#3214 = ( GEOMETRIC_REPRESENTATION_CONTEXT(2) 
PARAMETRIC_REPRESENTATION_CONTEXT() REPRESENTATION_CONTEXT('2D SPACE',''
  ) );
#3215 = ADVANCED_FACE('',(#3216),#3200,.T.);
#3216 = FACE_BOUND('',#3217,.T.);
#3217 = EDGE_LOOP('',(#3218,#3243,#3244,#3269));
#3218 = ORIENTED_EDGE('',*,*,#3219,.F.);
#3219 = EDGE_CURVE('',#3137,#3220,#3222,.T.);
#3220 = VERTEX_POINT('',#3221);
#3221 = CARTESIAN_POINT('',(-0.561512431458,8.481432885387,0.));
#3222 = SURFACE_CURVE('',#3223,(#3228,#3235),.PCURVE_S1.);
#3223 = B_SPLINE_CURVE_WITH_KNOTS('',3,(#3224,#3225,#3226,#3227),
  .UNSPECIFIED.,.F.,.F.,(4,4),(0.,1.),.PIECEWISE_BEZIER_KNOTS.);
#3224 = CARTESIAN_POINT('',(-1.214147014146,8.412838226665,0.));
#3225 = CARTESIAN_POINT('',(-0.997593207139,8.444092339862,0.));
#3226 = CARTESIAN_POINT('',(-0.77983211373,8.466979953055,0.));
#3227 = CARTESIAN_POINT('',(-0.561512431458,8.481432885387,0.));
#3228 = PCURVE('',#3200,#3229);
#3229 = DEFINITIONAL_REPRESENTATION('',(#3230),#3234);
#3230 = LINE('',#3231,#3232);
#3231 = CARTESIAN_POINT('',(0.,0.));
#3232 = VECTOR('',#3233,1.);
#3233 = DIRECTION('',(0.,1.));
#3234 = ( GEOMETRIC_REPRESENTATION_CONTEXT(2) 
PARAMETRIC_REPRESENTATION_CONTEXT() REPRESENTATION_CONTEXT('2D SPACE',''
  ) );
#3235 = PCURVE('',#125,#3236);
#3236 = DEFINITIONAL_REPRESENTATION('',(#3237),#3242);
#3237 = B_SPLINE_CURVE_WITH_KNOTS('',3,(#3238,#3239,#3240,#3241),
  .UNSPECIFIED.,.F.,.F.,(4,4),(0.,1.),.PIECEWISE_BEZIER_KNOTS.);
#3238 = CARTESIAN_POINT('',(-1.214147014146,8.412838226665));
#3239 = CARTESIAN_POINT('',(-0.997593207139,8.444092339862));
#3240 = CARTESIAN_POINT('',(-0.77983211373,8.466979953055));
#3241 = CARTESIAN_POINT('',(-0.561512431458,8.481432885387));
#3242 = ( GEOMETRIC_REPRESENTATION_CONTEXT(2) 
PARAMETRIC_REPRESENTATION_CONTEXT() REPRESENTATION_CONTEXT('2D SPACE',''
  ) );
#3243 = ORIENTED_EDGE('',*,*,#3187,.T.);
#3244 = ORIENTED_EDGE('',*,*,#3245,.T.);
#3245 = EDGE_CURVE('',#3163,#3246,#3248,.T.);
#3246 = VERTEX_POINT('',#3247);
#3247 = CARTESIAN_POINT('',(-0.561512431458,8.481432885387,10.));
#3248 = SURFACE_CURVE('',#3249,(#3254,#3261),.PCURVE_S1.);
#3249 = B_SPLINE_CURVE_WITH_KNOTS('',3,(#3250,#3251,#3252,#3253),
  .UNSPECIFIED.,.F.,.F.,(4,4),(0.,1.),.PIECEWISE_BEZIER_KNOTS.);
#3250 = CARTESIAN_POINT('',(-1.214147014146,8.412838226665,10.));
#3251 = CARTESIAN_POINT('',(-0.997593207139,8.444092339862,10.));
#3252 = CARTESIAN_POINT('',(-0.77983211373,8.466979953055,10.));
#3253 = CARTESIAN_POINT('',(-0.561512431458,8.481432885387,10.));
#3254 = PCURVE('',#3200,#3255);
#3255 = DEFINITIONAL_REPRESENTATION('',(#3256),#3260);
#3256 = LINE('',#3257,#3258);
#3257 = CARTESIAN_POINT('',(1.,0.));
#3258 = VECTOR('',#3259,1.);
#3259 = DIRECTION('',(0.,1.));
#3260 = ( GEOMETRIC_REPRESENTATION_CONTEXT(2) 
PARAMETRIC_REPRESENTATION_CONTEXT() REPRESENTATION_CONTEXT('2D SPACE',''
  ) );
#3261 = PCURVE('',#186,#3262);
#3262 = DEFINITIONAL_REPRESENTATION('',(#3263),#3268);
#3263 = B_SPLINE_CURVE_WITH_KNOTS('',3,(#3264,#3265,#3266,#3267),
  .UNSPECIFIED.,.F.,.F.,(4,4),(0.,1.),.PIECEWISE_BEZIER_KNOTS.);
#3264 = CARTESIAN_POINT('',(1.214147014146,8.412838226665));
#3265 = CARTESIAN_POINT('',(0.997593207139,8.444092339862));
#3266 = CARTESIAN_POINT('',(0.77983211373,8.466979953055));
#3267 = CARTESIAN_POINT('',(0.561512431458,8.481432885387));
#3268 = ( GEOMETRIC_REPRESENTATION_CONTEXT(2) 
PARAMETRIC_REPRESENTATION_CONTEXT() REPRESENTATION_CONTEXT('2D SPACE',''
  ) );
#3269 = ORIENTED_EDGE('',*,*,#3270,.F.);
#3270 = EDGE_CURVE('',#3220,#3246,#3271,.T.);
#3271 = SURFACE_CURVE('',#3272,(#3275,#3282),.PCURVE_S1.);
#3272 = B_SPLINE_CURVE_WITH_KNOTS('',1,(#3273,#3274),.UNSPECIFIED.,.F.,
  .F.,(2,2),(0.,1.),.PIECEWISE_BEZIER_KNOTS.);
#3273 = CARTESIAN_POINT('',(-0.561512431458,8.481432885387,0.));
#3274 = CARTESIAN_POINT('',(-0.561512431458,8.481432885387,10.));
#3275 = PCURVE('',#3200,#3276);
#3276 = DEFINITIONAL_REPRESENTATION('',(#3277),#3281);
#3277 = LINE('',#3278,#3279);
#3278 = CARTESIAN_POINT('',(0.,1.));
#3279 = VECTOR('',#3280,1.);
#3280 = DIRECTION('',(1.,0.));
#3281 = ( GEOMETRIC_REPRESENTATION_CONTEXT(2) 
PARAMETRIC_REPRESENTATION_CONTEXT() REPRESENTATION_CONTEXT('2D SPACE',''
  ) );
#3282 = PCURVE('',#3283,#3292);
#3283 = B_SPLINE_SURFACE_WITH_KNOTS('',1,3,(
    (#3284,#3285,#3286,#3287)
    ,(#3288,#3289,#3290,#3291
    )),.UNSPECIFIED.,.F.,.F.,.F.,(2,2),(4,4),(0.,1.),(0.,1.),
  .PIECEWISE_BEZIER_KNOTS.);
#3284 = CARTESIAN_POINT('',(-0.561512431458,8.481432885387,0.));
#3285 = CARTESIAN_POINT('',(-0.245584881773,8.060152130591,0.));
#3286 = CARTESIAN_POINT('',(4.899465404118E-02,7.581174591493,0.));
#3287 = CARTESIAN_POINT('',(0.105037657575,7.046911880619,0.));
#3288 = CARTESIAN_POINT('',(-0.561512431458,8.481432885387,10.));
#3289 = CARTESIAN_POINT('',(-0.245584881773,8.060152130591,10.));
#3290 = CARTESIAN_POINT('',(4.899465404118E-02,7.581174591493,10.));
#3291 = CARTESIAN_POINT('',(0.105037657575,7.046911880619,10.));
#3292 = DEFINITIONAL_REPRESENTATION('',(#3293),#3297);
#3293 = LINE('',#3294,#3295);
#3294 = CARTESIAN_POINT('',(0.,0.));
#3295 = VECTOR('',#3296,1.);
#3296 = DIRECTION('',(1.,0.));
#3297 = ( GEOMETRIC_REPRESENTATION_CONTEXT(2) 
PARAMETRIC_REPRESENTATION_CONTEXT() REPRESENTATION_CONTEXT('2D SPACE',''
  ) );
#3298 = ADVANCED_FACE('',(#3299),#3283,.T.);
#3299 = FACE_BOUND('',#3300,.T.);
#3300 = EDGE_LOOP('',(#3301,#3326,#3327,#3352));
#3301 = ORIENTED_EDGE('',*,*,#3302,.F.);
#3302 = EDGE_CURVE('',#3220,#3303,#3305,.T.);
#3303 = VERTEX_POINT('',#3304);
#3304 = CARTESIAN_POINT('',(0.105037657575,7.046911880619,0.));
#3305 = SURFACE_CURVE('',#3306,(#3311,#3318),.PCURVE_S1.);
#3306 = B_SPLINE_CURVE_WITH_KNOTS('',3,(#3307,#3308,#3309,#3310),
  .UNSPECIFIED.,.F.,.F.,(4,4),(0.,1.),.PIECEWISE_BEZIER_KNOTS.);
#3307 = CARTESIAN_POINT('',(-0.561512431458,8.481432885387,0.));
#3308 = CARTESIAN_POINT('',(-0.245584881773,8.060152130591,0.));
#3309 = CARTESIAN_POINT('',(4.899465404118E-02,7.581174591493,0.));
#3310 = CARTESIAN_POINT('',(0.105037657575,7.046911880619,0.));
#3311 = PCURVE('',#3283,#3312);
#3312 = DEFINITIONAL_REPRESENTATION('',(#3313),#3317);
#3313 = LINE('',#3314,#3315);
#3314 = CARTESIAN_POINT('',(0.,0.));
#3315 = VECTOR('',#3316,1.);
#3316 = DIRECTION('',(0.,1.));
#3317 = ( GEOMETRIC_REPRESENTATION_CONTEXT(2) 
PARAMETRIC_REPRESENTATION_CONTEXT() REPRESENTATION_CONTEXT('2D SPACE',''
  ) );
#3318 = PCURVE('',#125,#3319);
#3319 = DEFINITIONAL_REPRESENTATION('',(#3320),#3325);
#3320 = B_SPLINE_CURVE_WITH_KNOTS('',3,(#3321,#3322,#3323,#3324),
  .UNSPECIFIED.,.F.,.F.,(4,4),(0.,1.),.PIECEWISE_BEZIER_KNOTS.);
#3321 = CARTESIAN_POINT('',(-0.561512431458,8.481432885387));
#3322 = CARTESIAN_POINT('',(-0.245584881773,8.060152130591));
#3323 = CARTESIAN_POINT('',(4.899465404118E-02,7.581174591493));
#3324 = CARTESIAN_POINT('',(0.105037657575,7.046911880619));
#3325 = ( GEOMETRIC_REPRESENTATION_CONTEXT(2) 
PARAMETRIC_REPRESENTATION_CONTEXT() REPRESENTATION_CONTEXT('2D SPACE',''
  ) );
#3326 = ORIENTED_EDGE('',*,*,#3270,.T.);
#3327 = ORIENTED_EDGE('',*,*,#3328,.T.);
#3328 = EDGE_CURVE('',#3246,#3329,#3331,.T.);
#3329 = VERTEX_POINT('',#3330);
#3330 = CARTESIAN_POINT('',(0.105037657575,7.046911880619,10.));
#3331 = SURFACE_CURVE('',#3332,(#3337,#3344),.PCURVE_S1.);
#3332 = B_SPLINE_CURVE_WITH_KNOTS('',3,(#3333,#3334,#3335,#3336),
  .UNSPECIFIED.,.F.,.F.,(4,4),(0.,1.),.PIECEWISE_BEZIER_KNOTS.);
#3333 = CARTESIAN_POINT('',(-0.561512431458,8.481432885387,10.));
#3334 = CARTESIAN_POINT('',(-0.245584881773,8.060152130591,10.));
#3335 = CARTESIAN_POINT('',(4.899465404118E-02,7.581174591493,10.));
#3336 = CARTESIAN_POINT('',(0.105037657575,7.046911880619,10.));
#3337 = PCURVE('',#3283,#3338);
#3338 = DEFINITIONAL_REPRESENTATION('',(#3339),#3343);
#3339 = LINE('',#3340,#3341);
#3340 = CARTESIAN_POINT('',(1.,0.));
#3341 = VECTOR('',#3342,1.);
#3342 = DIRECTION('',(0.,1.));
#3343 = ( GEOMETRIC_REPRESENTATION_CONTEXT(2) 
PARAMETRIC_REPRESENTATION_CONTEXT() REPRESENTATION_CONTEXT('2D SPACE',''
  ) );
#3344 = PCURVE('',#186,#3345);
#3345 = DEFINITIONAL_REPRESENTATION('',(#3346),#3351);
#3346 = B_SPLINE_CURVE_WITH_KNOTS('',3,(#3347,#3348,#3349,#3350),
  .UNSPECIFIED.,.F.,.F.,(4,4),(0.,1.),.PIECEWISE_BEZIER_KNOTS.);
#3347 = CARTESIAN_POINT('',(0.561512431458,8.481432885387));
#3348 = CARTESIAN_POINT('',(0.245584881773,8.060152130591));
#3349 = CARTESIAN_POINT('',(-4.899465404118E-02,7.581174591493));
#3350 = CARTESIAN_POINT('',(-0.105037657575,7.046911880619));
#3351 = ( GEOMETRIC_REPRESENTATION_CONTEXT(2) 
PARAMETRIC_REPRESENTATION_CONTEXT() REPRESENTATION_CONTEXT('2D SPACE',''
  ) );
#3352 = ORIENTED_EDGE('',*,*,#3353,.F.);
#3353 = EDGE_CURVE('',#3303,#3329,#3354,.T.);
#3354 = SURFACE_CURVE('',#3355,(#3358,#3365),.PCURVE_S1.);
#3355 = B_SPLINE_CURVE_WITH_KNOTS('',1,(#3356,#3357),.UNSPECIFIED.,.F.,
  .F.,(2,2),(0.,1.),.PIECEWISE_BEZIER_KNOTS.);
#3356 = CARTESIAN_POINT('',(0.105037657575,7.046911880619,0.));
#3357 = CARTESIAN_POINT('',(0.105037657575,7.046911880619,10.));
#3358 = PCURVE('',#3283,#3359);
#3359 = DEFINITIONAL_REPRESENTATION('',(#3360),#3364);
#3360 = LINE('',#3361,#3362);
#3361 = CARTESIAN_POINT('',(0.,1.));
#3362 = VECTOR('',#3363,1.);
#3363 = DIRECTION('',(1.,0.));
#3364 = ( GEOMETRIC_REPRESENTATION_CONTEXT(2) 
PARAMETRIC_REPRESENTATION_CONTEXT() REPRESENTATION_CONTEXT('2D SPACE',''
  ) );
#3365 = PCURVE('',#3366,#3375);
#3366 = B_SPLINE_SURFACE_WITH_KNOTS('',1,3,(
    (#3367,#3368,#3369,#3370)
    ,(#3371,#3372,#3373,#3374
    )),.UNSPECIFIED.,.F.,.F.,.F.,(2,2),(4,4),(0.,1.),(0.,1.),
  .PIECEWISE_BEZIER_KNOTS.);
#3367 = CARTESIAN_POINT('',(0.105037657575,7.046911880619,0.));
#3368 = CARTESIAN_POINT('',(-0.126251675262,6.04638209383,0.));
#3369 = CARTESIAN_POINT('',(1.380606297705,5.888004938928,0.));
#3370 = CARTESIAN_POINT('',(1.3623930314,6.914758505596,0.));
#3371 = CARTESIAN_POINT('',(0.105037657575,7.046911880619,10.));
#3372 = CARTESIAN_POINT('',(-0.126251675262,6.04638209383,10.));
#3373 = CARTESIAN_POINT('',(1.380606297705,5.888004938928,10.));
#3374 = CARTESIAN_POINT('',(1.3623930314,6.914758505596,10.));
#3375 = DEFINITIONAL_REPRESENTATION('',(#3376),#3380);
#3376 = LINE('',#3377,#3378);
#3377 = CARTESIAN_POINT('',(0.,0.));
#3378 = VECTOR('',#3379,1.);
#3379 = DIRECTION('',(1.,0.));
#3380 = ( GEOMETRIC_REPRESENTATION_CONTEXT(2) 
PARAMETRIC_REPRESENTATION_CONTEXT() REPRESENTATION_CONTEXT('2D SPACE',''
  ) );
#3381 = ADVANCED_FACE('',(#3382),#3366,.T.);
#3382 = FACE_BOUND('',#3383,.T.);
#3383 = EDGE_LOOP('',(#3384,#3409,#3410,#3435));
#3384 = ORIENTED_EDGE('',*,*,#3385,.F.);
#3385 = EDGE_CURVE('',#3303,#3386,#3388,.T.);
#3386 = VERTEX_POINT('',#3387);
#3387 = CARTESIAN_POINT('',(1.3623930314,6.914758505596,0.));
#3388 = SURFACE_CURVE('',#3389,(#3394,#3401),.PCURVE_S1.);
#3389 = B_SPLINE_CURVE_WITH_KNOTS('',3,(#3390,#3391,#3392,#3393),
  .UNSPECIFIED.,.F.,.F.,(4,4),(0.,1.),.PIECEWISE_BEZIER_KNOTS.);
#3390 = CARTESIAN_POINT('',(0.105037657575,7.046911880619,0.));
#3391 = CARTESIAN_POINT('',(-0.126251675262,6.04638209383,0.));
#3392 = CARTESIAN_POINT('',(1.380606297705,5.888004938928,0.));
#3393 = CARTESIAN_POINT('',(1.3623930314,6.914758505596,0.));
#3394 = PCURVE('',#3366,#3395);
#3395 = DEFINITIONAL_REPRESENTATION('',(#3396),#3400);
#3396 = LINE('',#3397,#3398);
#3397 = CARTESIAN_POINT('',(0.,0.));
#3398 = VECTOR('',#3399,1.);
#3399 = DIRECTION('',(0.,1.));
#3400 = ( GEOMETRIC_REPRESENTATION_CONTEXT(2) 
PARAMETRIC_REPRESENTATION_CONTEXT() REPRESENTATION_CONTEXT('2D SPACE',''
  ) );
#3401 = PCURVE('',#125,#3402);
#3402 = DEFINITIONAL_REPRESENTATION('',(#3403),#3408);
#3403 = B_SPLINE_CURVE_WITH_KNOTS('',3,(#3404,#3405,#3406,#3407),
  .UNSPECIFIED.,.F.,.F.,(4,4),(0.,1.),.PIECEWISE_BEZIER_KNOTS.);
#3404 = CARTESIAN_POINT('',(0.105037657575,7.046911880619));
#3405 = CARTESIAN_POINT('',(-0.126251675262,6.04638209383));
#3406 = CARTESIAN_POINT('',(1.380606297705,5.888004938928));
#3407 = CARTESIAN_POINT('',(1.3623930314,6.914758505596));
#3408 = ( GEOMETRIC_REPRESENTATION_CONTEXT(2) 
PARAMETRIC_REPRESENTATION_CONTEXT() REPRESENTATION_CONTEXT('2D SPACE',''
  ) );
#3409 = ORIENTED_EDGE('',*,*,#3353,.T.);
#3410 = ORIENTED_EDGE('',*,*,#3411,.T.);
#3411 = EDGE_CURVE('',#3329,#3412,#3414,.T.);
#3412 = VERTEX_POINT('',#3413);
#3413 = CARTESIAN_POINT('',(1.3623930314,6.914758505596,10.));
#3414 = SURFACE_CURVE('',#3415,(#3420,#3427),.PCURVE_S1.);
#3415 = B_SPLINE_CURVE_WITH_KNOTS('',3,(#3416,#3417,#3418,#3419),
  .UNSPECIFIED.,.F.,.F.,(4,4),(0.,1.),.PIECEWISE_BEZIER_KNOTS.);
#3416 = CARTESIAN_POINT('',(0.105037657575,7.046911880619,10.));
#3417 = CARTESIAN_POINT('',(-0.126251675262,6.04638209383,10.));
#3418 = CARTESIAN_POINT('',(1.380606297705,5.888004938928,10.));
#3419 = CARTESIAN_POINT('',(1.3623930314,6.914758505596,10.));
#3420 = PCURVE('',#3366,#3421);
#3421 = DEFINITIONAL_REPRESENTATION('',(#3422),#3426);
#3422 = LINE('',#3423,#3424);
#3423 = CARTESIAN_POINT('',(1.,0.));
#3424 = VECTOR('',#3425,1.);
#3425 = DIRECTION('',(0.,1.));
#3426 = ( GEOMETRIC_REPRESENTATION_CONTEXT(2) 
PARAMETRIC_REPRESENTATION_CONTEXT() REPRESENTATION_CONTEXT('2D SPACE',''
  ) );
#3427 = PCURVE('',#186,#3428);
#3428 = DEFINITIONAL_REPRESENTATION('',(#3429),#3434);
#3429 = B_SPLINE_CURVE_WITH_KNOTS('',3,(#3430,#3431,#3432,#3433),
  .UNSPECIFIED.,.F.,.F.,(4,4),(0.,1.),.PIECEWISE_BEZIER_KNOTS.);
#3430 = CARTESIAN_POINT('',(-0.105037657575,7.046911880619));
#3431 = CARTESIAN_POINT('',(0.126251675262,6.04638209383));
#3432 = CARTESIAN_POINT('',(-1.380606297705,5.888004938928));
#3433 = CARTESIAN_POINT('',(-1.3623930314,6.914758505596));
#3434 = ( GEOMETRIC_REPRESENTATION_CONTEXT(2) 
PARAMETRIC_REPRESENTATION_CONTEXT() REPRESENTATION_CONTEXT('2D SPACE',''
  ) );
#3435 = ORIENTED_EDGE('',*,*,#3436,.F.);
#3436 = EDGE_CURVE('',#3386,#3412,#3437,.T.);
#3437 = SURFACE_CURVE('',#3438,(#3441,#3448),.PCURVE_S1.);
#3438 = B_SPLINE_CURVE_WITH_KNOTS('',1,(#3439,#3440),.UNSPECIFIED.,.F.,
  .F.,(2,2),(0.,1.),.PIECEWISE_BEZIER_KNOTS.);
#3439 = CARTESIAN_POINT('',(1.3623930314,6.914758505596,0.));
#3440 = CARTESIAN_POINT('',(1.3623930314,6.914758505596,10.));
#3441 = PCURVE('',#3366,#3442);
#3442 = DEFINITIONAL_REPRESENTATION('',(#3443),#3447);
#3443 = LINE('',#3444,#3445);
#3444 = CARTESIAN_POINT('',(0.,1.));
#3445 = VECTOR('',#3446,1.);
#3446 = DIRECTION('',(1.,0.));
#3447 = ( GEOMETRIC_REPRESENTATION_CONTEXT(2) 
PARAMETRIC_REPRESENTATION_CONTEXT() REPRESENTATION_CONTEXT('2D SPACE',''
  ) );
#3448 = PCURVE('',#3449,#3458);
#3449 = B_SPLINE_SURFACE_WITH_KNOTS('',1,3,(
    (#3450,#3451,#3452,#3453)
    ,(#3454,#3455,#3456,#3457
    )),.UNSPECIFIED.,.F.,.F.,.F.,(2,2),(4,4),(0.,1.),(0.,1.),
  .PIECEWISE_BEZIER_KNOTS.);
#3450 = CARTESIAN_POINT('',(1.3623930314,6.914758505596,0.));
#3451 = CARTESIAN_POINT('',(1.528290824403,7.425694298776,0.));
#3452 = CARTESIAN_POINT('',(1.916018120602,7.832958500079,0.));
#3453 = CARTESIAN_POINT('',(2.312631089371,8.179348228586,0.));
#3454 = CARTESIAN_POINT('',(1.3623930314,6.914758505596,10.));
#3455 = CARTESIAN_POINT('',(1.528290824403,7.425694298776,10.));
#3456 = CARTESIAN_POINT('',(1.916018120602,7.832958500079,10.));
#3457 = CARTESIAN_POINT('',(2.312631089371,8.179348228586,10.));
#3458 = DEFINITIONAL_REPRESENTATION('',(#3459),#3463);
#3459 = LINE('',#3460,#3461);
#3460 = CARTESIAN_POINT('',(0.,0.));
#3461 = VECTOR('',#3462,1.);
#3462 = DIRECTION('',(1.,0.));
#3463 = ( GEOMETRIC_REPRESENTATION_CONTEXT(2) 
PARAMETRIC_REPRESENTATION_CONTEXT() REPRESENTATION_CONTEXT('2D SPACE',''
  ) );
#3464 = ADVANCED_FACE('',(#3465),#3449,.T.);
#3465 = FACE_BOUND('',#3466,.T.);
#3466 = EDGE_LOOP('',(#3467,#3492,#3493,#3518));
#3467 = ORIENTED_EDGE('',*,*,#3468,.F.);
#3468 = EDGE_CURVE('',#3386,#3469,#3471,.T.);
#3469 = VERTEX_POINT('',#3470);
#3470 = CARTESIAN_POINT('',(2.312631089371,8.179348228586,0.));
#3471 = SURFACE_CURVE('',#3472,(#3477,#3484),.PCURVE_S1.);
#3472 = B_SPLINE_CURVE_WITH_KNOTS('',3,(#3473,#3474,#3475,#3476),
  .UNSPECIFIED.,.F.,.F.,(4,4),(0.,1.),.PIECEWISE_BEZIER_KNOTS.);
#3473 = CARTESIAN_POINT('',(1.3623930314,6.914758505596,0.));
#3474 = CARTESIAN_POINT('',(1.528290824403,7.425694298776,0.));
#3475 = CARTESIAN_POINT('',(1.916018120602,7.832958500079,0.));
#3476 = CARTESIAN_POINT('',(2.312631089371,8.179348228586,0.));
#3477 = PCURVE('',#3449,#3478);
#3478 = DEFINITIONAL_REPRESENTATION('',(#3479),#3483);
#3479 = LINE('',#3480,#3481);
#3480 = CARTESIAN_POINT('',(0.,0.));
#3481 = VECTOR('',#3482,1.);
#3482 = DIRECTION('',(0.,1.));
#3483 = ( GEOMETRIC_REPRESENTATION_CONTEXT(2) 
PARAMETRIC_REPRESENTATION_CONTEXT() REPRESENTATION_CONTEXT('2D SPACE',''
  ) );
#3484 = PCURVE('',#125,#3485);
#3485 = DEFINITIONAL_REPRESENTATION('',(#3486),#3491);
#3486 = B_SPLINE_CURVE_WITH_KNOTS('',3,(#3487,#3488,#3489,#3490),
  .UNSPECIFIED.,.F.,.F.,(4,4),(0.,1.),.PIECEWISE_BEZIER_KNOTS.);
#3487 = CARTESIAN_POINT('',(1.3623930314,6.914758505596));
#3488 = CARTESIAN_POINT('',(1.528290824403,7.425694298776));
#3489 = CARTESIAN_POINT('',(1.916018120602,7.832958500079));
#3490 = CARTESIAN_POINT('',(2.312631089371,8.179348228586));
#3491 = ( GEOMETRIC_REPRESENTATION_CONTEXT(2) 
PARAMETRIC_REPRESENTATION_CONTEXT() REPRESENTATION_CONTEXT('2D SPACE',''
  ) );
#3492 = ORIENTED_EDGE('',*,*,#3436,.T.);
#3493 = ORIENTED_EDGE('',*,*,#3494,.T.);
#3494 = EDGE_CURVE('',#3412,#3495,#3497,.T.);
#3495 = VERTEX_POINT('',#3496);
#3496 = CARTESIAN_POINT('',(2.312631089371,8.179348228586,10.));
#3497 = SURFACE_CURVE('',#3498,(#3503,#3510),.PCURVE_S1.);
#3498 = B_SPLINE_CURVE_WITH_KNOTS('',3,(#3499,#3500,#3501,#3502),
  .UNSPECIFIED.,.F.,.F.,(4,4),(0.,1.),.PIECEWISE_BEZIER_KNOTS.);
#3499 = CARTESIAN_POINT('',(1.3623930314,6.914758505596,10.));
#3500 = CARTESIAN_POINT('',(1.528290824403,7.425694298776,10.));
#3501 = CARTESIAN_POINT('',(1.916018120602,7.832958500079,10.));
#3502 = CARTESIAN_POINT('',(2.312631089371,8.179348228586,10.));
#3503 = PCURVE('',#3449,#3504);
#3504 = DEFINITIONAL_REPRESENTATION('',(#3505),#3509);
#3505 = LINE('',#3506,#3507);
#3506 = CARTESIAN_POINT('',(1.,0.));
#3507 = VECTOR('',#3508,1.);
#3508 = DIRECTION('',(0.,1.));
#3509 = ( GEOMETRIC_REPRESENTATION_CONTEXT(2) 
PARAMETRIC_REPRESENTATION_CONTEXT() REPRESENTATION_CONTEXT('2D SPACE',''
  ) );
#3510 = PCURVE('',#186,#3511);
#3511 = DEFINITIONAL_REPRESENTATION('',(#3512),#3517);
#3512 = B_SPLINE_CURVE_WITH_KNOTS('',3,(#3513,#3514,#3515,#3516),
  .UNSPECIFIED.,.F.,.F.,(4,4),(0.,1.),.PIECEWISE_BEZIER_KNOTS.);
#3513 = CARTESIAN_POINT('',(-1.3623930314,6.914758505596));
#3514 = CARTESIAN_POINT('',(-1.528290824403,7.425694298776));
#3515 = CARTESIAN_POINT('',(-1.916018120602,7.832958500079));
#3516 = CARTESIAN_POINT('',(-2.312631089371,8.179348228586));
#3517 = ( GEOMETRIC_REPRESENTATION_CONTEXT(2) 
PARAMETRIC_REPRESENTATION_CONTEXT() REPRESENTATION_CONTEXT('2D SPACE',''
  ) );
#3518 = ORIENTED_EDGE('',*,*,#3519,.F.);
#3519 = EDGE_CURVE('',#3469,#3495,#3520,.T.);
#3520 = SURFACE_CURVE('',#3521,(#3524,#3531),.PCURVE_S1.);
#3521 = B_SPLINE_CURVE_WITH_KNOTS('',1,(#3522,#3523),.UNSPECIFIED.,.F.,
  .F.,(2,2),(0.,1.),.PIECEWISE_BEZIER_KNOTS.);
#3522 = CARTESIAN_POINT('',(2.312631089371,8.179348228586,0.));
#3523 = CARTESIAN_POINT('',(2.312631089371,8.179348228586,10.));
#3524 = PCURVE('',#3449,#3525);
#3525 = DEFINITIONAL_REPRESENTATION('',(#3526),#3530);
#3526 = LINE('',#3527,#3528);
#3527 = CARTESIAN_POINT('',(0.,1.));
#3528 = VECTOR('',#3529,1.);
#3529 = DIRECTION('',(1.,0.));
#3530 = ( GEOMETRIC_REPRESENTATION_CONTEXT(2) 
PARAMETRIC_REPRESENTATION_CONTEXT() REPRESENTATION_CONTEXT('2D SPACE',''
  ) );
#3531 = PCURVE('',#3532,#3541);
#3532 = B_SPLINE_SURFACE_WITH_KNOTS('',1,3,(
    (#3533,#3534,#3535,#3536)
    ,(#3537,#3538,#3539,#3540
    )),.UNSPECIFIED.,.F.,.F.,.F.,(2,2),(4,4),(0.,1.),(0.,1.),
  .PIECEWISE_BEZIER_KNOTS.);
#3533 = CARTESIAN_POINT('',(2.312631089371,8.179348228586,0.));
#3534 = CARTESIAN_POINT('',(2.52317502918,8.119819913222,0.));
#3535 = CARTESIAN_POINT('',(2.731418917874,8.052157372166,0.));
#3536 = CARTESIAN_POINT('',(2.936742409107,7.976562168162,0.));
#3537 = CARTESIAN_POINT('',(2.312631089371,8.179348228586,10.));
#3538 = CARTESIAN_POINT('',(2.52317502918,8.119819913222,10.));
#3539 = CARTESIAN_POINT('',(2.731418917874,8.052157372166,10.));
#3540 = CARTESIAN_POINT('',(2.936742409107,7.976562168162,10.));
#3541 = DEFINITIONAL_REPRESENTATION('',(#3542),#3546);
#3542 = LINE('',#3543,#3544);
#3543 = CARTESIAN_POINT('',(0.,0.));
#3544 = VECTOR('',#3545,1.);
#3545 = DIRECTION('',(1.,0.));
#3546 = ( GEOMETRIC_REPRESENTATION_CONTEXT(2) 
PARAMETRIC_REPRESENTATION_CONTEXT() REPRESENTATION_CONTEXT('2D SPACE',''
  ) );
#3547 = ADVANCED_FACE('',(#3548),#3532,.T.);
#3548 = FACE_BOUND('',#3549,.T.);
#3549 = EDGE_LOOP('',(#3550,#3575,#3576,#3601));
#3550 = ORIENTED_EDGE('',*,*,#3551,.F.);
#3551 = EDGE_CURVE('',#3469,#3552,#3554,.T.);
#3552 = VERTEX_POINT('',#3553);
#3553 = CARTESIAN_POINT('',(2.936742409107,7.976562168162,0.));
#3554 = SURFACE_CURVE('',#3555,(#3560,#3567),.PCURVE_S1.);
#3555 = B_SPLINE_CURVE_WITH_KNOTS('',3,(#3556,#3557,#3558,#3559),
  .UNSPECIFIED.,.F.,.F.,(4,4),(0.,1.),.PIECEWISE_BEZIER_KNOTS.);
#3556 = CARTESIAN_POINT('',(2.312631089371,8.179348228586,0.));
#3557 = CARTESIAN_POINT('',(2.52317502918,8.119819913222,0.));
#3558 = CARTESIAN_POINT('',(2.731418917874,8.052157372166,0.));
#3559 = CARTESIAN_POINT('',(2.936742409107,7.976562168162,0.));
#3560 = PCURVE('',#3532,#3561);
#3561 = DEFINITIONAL_REPRESENTATION('',(#3562),#3566);
#3562 = LINE('',#3563,#3564);
#3563 = CARTESIAN_POINT('',(0.,0.));
#3564 = VECTOR('',#3565,1.);
#3565 = DIRECTION('',(0.,1.));
#3566 = ( GEOMETRIC_REPRESENTATION_CONTEXT(2) 
PARAMETRIC_REPRESENTATION_CONTEXT() REPRESENTATION_CONTEXT('2D SPACE',''
  ) );
#3567 = PCURVE('',#125,#3568);
#3568 = DEFINITIONAL_REPRESENTATION('',(#3569),#3574);
#3569 = B_SPLINE_CURVE_WITH_KNOTS('',3,(#3570,#3571,#3572,#3573),
  .UNSPECIFIED.,.F.,.F.,(4,4),(0.,1.),.PIECEWISE_BEZIER_KNOTS.);
#3570 = CARTESIAN_POINT('',(2.312631089371,8.179348228586));
#3571 = CARTESIAN_POINT('',(2.52317502918,8.119819913222));
#3572 = CARTESIAN_POINT('',(2.731418917874,8.052157372166));
#3573 = CARTESIAN_POINT('',(2.936742409107,7.976562168162));
#3574 = ( GEOMETRIC_REPRESENTATION_CONTEXT(2) 
PARAMETRIC_REPRESENTATION_CONTEXT() REPRESENTATION_CONTEXT('2D SPACE',''
  ) );
#3575 = ORIENTED_EDGE('',*,*,#3519,.T.);
#3576 = ORIENTED_EDGE('',*,*,#3577,.T.);
#3577 = EDGE_CURVE('',#3495,#3578,#3580,.T.);
#3578 = VERTEX_POINT('',#3579);
#3579 = CARTESIAN_POINT('',(2.936742409107,7.976562168162,10.));
#3580 = SURFACE_CURVE('',#3581,(#3586,#3593),.PCURVE_S1.);
#3581 = B_SPLINE_CURVE_WITH_KNOTS('',3,(#3582,#3583,#3584,#3585),
  .UNSPECIFIED.,.F.,.F.,(4,4),(0.,1.),.PIECEWISE_BEZIER_KNOTS.);
#3582 = CARTESIAN_POINT('',(2.312631089371,8.179348228586,10.));
#3583 = CARTESIAN_POINT('',(2.52317502918,8.119819913222,10.));
#3584 = CARTESIAN_POINT('',(2.731418917874,8.052157372166,10.));
#3585 = CARTESIAN_POINT('',(2.936742409107,7.976562168162,10.));
#3586 = PCURVE('',#3532,#3587);
#3587 = DEFINITIONAL_REPRESENTATION('',(#3588),#3592);
#3588 = LINE('',#3589,#3590);
#3589 = CARTESIAN_POINT('',(1.,0.));
#3590 = VECTOR('',#3591,1.);
#3591 = DIRECTION('',(0.,1.));
#3592 = ( GEOMETRIC_REPRESENTATION_CONTEXT(2) 
PARAMETRIC_REPRESENTATION_CONTEXT() REPRESENTATION_CONTEXT('2D SPACE',''
  ) );
#3593 = PCURVE('',#186,#3594);
#3594 = DEFINITIONAL_REPRESENTATION('',(#3595),#3600);
#3595 = B_SPLINE_CURVE_WITH_KNOTS('',3,(#3596,#3597,#3598,#3599),
  .UNSPECIFIED.,.F.,.F.,(4,4),(0.,1.),.PIECEWISE_BEZIER_KNOTS.);
#3596 = CARTESIAN_POINT('',(-2.312631089371,8.179348228586));
#3597 = CARTESIAN_POINT('',(-2.52317502918,8.119819913222));
#3598 = CARTESIAN_POINT('',(-2.731418917874,8.052157372166));
#3599 = CARTESIAN_POINT('',(-2.936742409107,7.976562168162));
#3600 = ( GEOMETRIC_REPRESENTATION_CONTEXT(2) 
PARAMETRIC_REPRESENTATION_CONTEXT() REPRESENTATION_CONTEXT('2D SPACE',''
  ) );
#3601 = ORIENTED_EDGE('',*,*,#3602,.F.);
#3602 = EDGE_CURVE('',#3552,#3578,#3603,.T.);
#3603 = SURFACE_CURVE('',#3604,(#3607,#3614),.PCURVE_S1.);
#3604 = B_SPLINE_CURVE_WITH_KNOTS('',1,(#3605,#3606),.UNSPECIFIED.,.F.,
  .F.,(2,2),(0.,1.),.PIECEWISE_BEZIER_KNOTS.);
#3605 = CARTESIAN_POINT('',(2.936742409107,7.976562168162,0.));
#3606 = CARTESIAN_POINT('',(2.936742409107,7.976562168162,10.));
#3607 = PCURVE('',#3532,#3608);
#3608 = DEFINITIONAL_REPRESENTATION('',(#3609),#3613);
#3609 = LINE('',#3610,#3611);
#3610 = CARTESIAN_POINT('',(0.,1.));
#3611 = VECTOR('',#3612,1.);
#3612 = DIRECTION('',(1.,0.));
#3613 = ( GEOMETRIC_REPRESENTATION_CONTEXT(2) 
PARAMETRIC_REPRESENTATION_CONTEXT() REPRESENTATION_CONTEXT('2D SPACE',''
  ) );
#3614 = PCURVE('',#3615,#3624);
#3615 = B_SPLINE_SURFACE_WITH_KNOTS('',1,3,(
    (#3616,#3617,#3618,#3619)
    ,(#3620,#3621,#3622,#3623
    )),.UNSPECIFIED.,.F.,.F.,.F.,(2,2),(4,4),(0.,1.),(0.,1.),
  .PIECEWISE_BEZIER_KNOTS.);
#3616 = CARTESIAN_POINT('',(2.936742409107,7.976562168162,0.));
#3617 = CARTESIAN_POINT('',(3.054006267068,7.463203737212,0.));
#3618 = CARTESIAN_POINT('',(3.128300347563,6.90581969054,0.));
#3619 = CARTESIAN_POINT('',(2.962193957333,6.394951674709,0.));
#3620 = CARTESIAN_POINT('',(2.936742409107,7.976562168162,10.));
#3621 = CARTESIAN_POINT('',(3.054006267068,7.463203737212,10.));
#3622 = CARTESIAN_POINT('',(3.128300347563,6.90581969054,10.));
#3623 = CARTESIAN_POINT('',(2.962193957333,6.394951674709,10.));
#3624 = DEFINITIONAL_REPRESENTATION('',(#3625),#3629);
#3625 = LINE('',#3626,#3627);
#3626 = CARTESIAN_POINT('',(0.,0.));
#3627 = VECTOR('',#3628,1.);
#3628 = DIRECTION('',(1.,0.));
#3629 = ( GEOMETRIC_REPRESENTATION_CONTEXT(2) 
PARAMETRIC_REPRESENTATION_CONTEXT() REPRESENTATION_CONTEXT('2D SPACE',''
  ) );
#3630 = ADVANCED_FACE('',(#3631),#3615,.T.);
#3631 = FACE_BOUND('',#3632,.T.);
#3632 = EDGE_LOOP('',(#3633,#3658,#3659,#3684));
#3633 = ORIENTED_EDGE('',*,*,#3634,.F.);
#3634 = EDGE_CURVE('',#3552,#3635,#3637,.T.);
#3635 = VERTEX_POINT('',#3636);
#3636 = CARTESIAN_POINT('',(2.962193957333,6.394951674709,0.));
#3637 = SURFACE_CURVE('',#3638,(#3643,#3650),.PCURVE_S1.);
#3638 = B_SPLINE_CURVE_WITH_KNOTS('',3,(#3639,#3640,#3641,#3642),
  .UNSPECIFIED.,.F.,.F.,(4,4),(0.,1.),.PIECEWISE_BEZIER_KNOTS.);
#3639 = CARTESIAN_POINT('',(2.936742409107,7.976562168162,0.));
#3640 = CARTESIAN_POINT('',(3.054006267068,7.463203737212,0.));
#3641 = CARTESIAN_POINT('',(3.128300347563,6.90581969054,0.));
#3642 = CARTESIAN_POINT('',(2.962193957333,6.394951674709,0.));
#3643 = PCURVE('',#3615,#3644);
#3644 = DEFINITIONAL_REPRESENTATION('',(#3645),#3649);
#3645 = LINE('',#3646,#3647);
#3646 = CARTESIAN_POINT('',(0.,0.));
#3647 = VECTOR('',#3648,1.);
#3648 = DIRECTION('',(0.,1.));
#3649 = ( GEOMETRIC_REPRESENTATION_CONTEXT(2) 
PARAMETRIC_REPRESENTATION_CONTEXT() REPRESENTATION_CONTEXT('2D SPACE',''
  ) );
#3650 = PCURVE('',#125,#3651);
#3651 = DEFINITIONAL_REPRESENTATION('',(#3652),#3657);
#3652 = B_SPLINE_CURVE_WITH_KNOTS('',3,(#3653,#3654,#3655,#3656),
  .UNSPECIFIED.,.F.,.F.,(4,4),(0.,1.),.PIECEWISE_BEZIER_KNOTS.);
#3653 = CARTESIAN_POINT('',(2.936742409107,7.976562168162));
#3654 = CARTESIAN_POINT('',(3.054006267068,7.463203737212));
#3655 = CARTESIAN_POINT('',(3.128300347563,6.90581969054));
#3656 = CARTESIAN_POINT('',(2.962193957333,6.394951674709));
#3657 = ( GEOMETRIC_REPRESENTATION_CONTEXT(2) 
PARAMETRIC_REPRESENTATION_CONTEXT() REPRESENTATION_CONTEXT('2D SPACE',''
  ) );
#3658 = ORIENTED_EDGE('',*,*,#3602,.T.);
#3659 = ORIENTED_EDGE('',*,*,#3660,.T.);
#3660 = EDGE_CURVE('',#3578,#3661,#3663,.T.);
#3661 = VERTEX_POINT('',#3662);
#3662 = CARTESIAN_POINT('',(2.962193957333,6.394951674709,10.));
#3663 = SURFACE_CURVE('',#3664,(#3669,#3676),.PCURVE_S1.);
#3664 = B_SPLINE_CURVE_WITH_KNOTS('',3,(#3665,#3666,#3667,#3668),
  .UNSPECIFIED.,.F.,.F.,(4,4),(0.,1.),.PIECEWISE_BEZIER_KNOTS.);
#3665 = CARTESIAN_POINT('',(2.936742409107,7.976562168162,10.));
#3666 = CARTESIAN_POINT('',(3.054006267068,7.463203737212,10.));
#3667 = CARTESIAN_POINT('',(3.128300347563,6.90581969054,10.));
#3668 = CARTESIAN_POINT('',(2.962193957333,6.394951674709,10.));
#3669 = PCURVE('',#3615,#3670);
#3670 = DEFINITIONAL_REPRESENTATION('',(#3671),#3675);
#3671 = LINE('',#3672,#3673);
#3672 = CARTESIAN_POINT('',(1.,0.));
#3673 = VECTOR('',#3674,1.);
#3674 = DIRECTION('',(0.,1.));
#3675 = ( GEOMETRIC_REPRESENTATION_CONTEXT(2) 
PARAMETRIC_REPRESENTATION_CONTEXT() REPRESENTATION_CONTEXT('2D SPACE',''
  ) );
#3676 = PCURVE('',#186,#3677);
#3677 = DEFINITIONAL_REPRESENTATION('',(#3678),#3683);
#3678 = B_SPLINE_CURVE_WITH_KNOTS('',3,(#3679,#3680,#3681,#3682),
  .UNSPECIFIED.,.F.,.F.,(4,4),(0.,1.),.PIECEWISE_BEZIER_KNOTS.);
#3679 = CARTESIAN_POINT('',(-2.936742409107,7.976562168162));
#3680 = CARTESIAN_POINT('',(-3.054006267068,7.463203737212));
#3681 = CARTESIAN_POINT('',(-3.128300347563,6.90581969054));
#3682 = CARTESIAN_POINT('',(-2.962193957333,6.394951674709));
#3683 = ( GEOMETRIC_REPRESENTATION_CONTEXT(2) 
PARAMETRIC_REPRESENTATION_CONTEXT() REPRESENTATION_CONTEXT('2D SPACE',''
  ) );
#3684 = ORIENTED_EDGE('',*,*,#3685,.F.);
#3685 = EDGE_CURVE('',#3635,#3661,#3686,.T.);
#3686 = SURFACE_CURVE('',#3687,(#3690,#3697),.PCURVE_S1.);
#3687 = B_SPLINE_CURVE_WITH_KNOTS('',1,(#3688,#3689),.UNSPECIFIED.,.F.,
  .F.,(2,2),(0.,1.),.PIECEWISE_BEZIER_KNOTS.);
#3688 = CARTESIAN_POINT('',(2.962193957333,6.394951674709,0.));
#3689 = CARTESIAN_POINT('',(2.962193957333,6.394951674709,10.));
#3690 = PCURVE('',#3615,#3691);
#3691 = DEFINITIONAL_REPRESENTATION('',(#3692),#3696);
#3692 = LINE('',#3693,#3694);
#3693 = CARTESIAN_POINT('',(0.,1.));
#3694 = VECTOR('',#3695,1.);
#3695 = DIRECTION('',(1.,0.));
#3696 = ( GEOMETRIC_REPRESENTATION_CONTEXT(2) 
PARAMETRIC_REPRESENTATION_CONTEXT() REPRESENTATION_CONTEXT('2D SPACE',''
  ) );
#3697 = PCURVE('',#3698,#3707);
#3698 = B_SPLINE_SURFACE_WITH_KNOTS('',1,3,(
    (#3699,#3700,#3701,#3702)
    ,(#3703,#3704,#3705,#3706
    )),.UNSPECIFIED.,.F.,.F.,.F.,(2,2),(4,4),(0.,1.),(0.,1.),
  .PIECEWISE_BEZIER_KNOTS.);
#3699 = CARTESIAN_POINT('',(2.962193957333,6.394951674709,0.));
#3700 = CARTESIAN_POINT('',(2.343948511143,5.574996079569,0.));
#3701 = CARTESIAN_POINT('',(3.656113975334,4.817416995597,0.));
#3702 = CARTESIAN_POINT('',(4.057093627605,5.762811055341,0.));
#3703 = CARTESIAN_POINT('',(2.962193957333,6.394951674709,10.));
#3704 = CARTESIAN_POINT('',(2.343948511143,5.574996079569,10.));
#3705 = CARTESIAN_POINT('',(3.656113975334,4.817416995597,10.));
#3706 = CARTESIAN_POINT('',(4.057093627605,5.762811055341,10.));
#3707 = DEFINITIONAL_REPRESENTATION('',(#3708),#3712);
#3708 = LINE('',#3709,#3710);
#3709 = CARTESIAN_POINT('',(0.,0.));
#3710 = VECTOR('',#3711,1.);
#3711 = DIRECTION('',(1.,0.));
#3712 = ( GEOMETRIC_REPRESENTATION_CONTEXT(2) 
PARAMETRIC_REPRESENTATION_CONTEXT() REPRESENTATION_CONTEXT('2D SPACE',''
  ) );
#3713 = ADVANCED_FACE('',(#3714),#3698,.T.);
#3714 = FACE_BOUND('',#3715,.T.);
#3715 = EDGE_LOOP('',(#3716,#3741,#3742,#3767));
#3716 = ORIENTED_EDGE('',*,*,#3717,.F.);
#3717 = EDGE_CURVE('',#3635,#3718,#3720,.T.);
#3718 = VERTEX_POINT('',#3719);
#3719 = CARTESIAN_POINT('',(4.057093627605,5.762811055341,0.));
#3720 = SURFACE_CURVE('',#3721,(#3726,#3733),.PCURVE_S1.);
#3721 = B_SPLINE_CURVE_WITH_KNOTS('',3,(#3722,#3723,#3724,#3725),
  .UNSPECIFIED.,.F.,.F.,(4,4),(0.,1.),.PIECEWISE_BEZIER_KNOTS.);
#3722 = CARTESIAN_POINT('',(2.962193957333,6.394951674709,0.));
#3723 = CARTESIAN_POINT('',(2.343948511143,5.574996079569,0.));
#3724 = CARTESIAN_POINT('',(3.656113975334,4.817416995597,0.));
#3725 = CARTESIAN_POINT('',(4.057093627605,5.762811055341,0.));
#3726 = PCURVE('',#3698,#3727);
#3727 = DEFINITIONAL_REPRESENTATION('',(#3728),#3732);
#3728 = LINE('',#3729,#3730);
#3729 = CARTESIAN_POINT('',(0.,0.));
#3730 = VECTOR('',#3731,1.);
#3731 = DIRECTION('',(0.,1.));
#3732 = ( GEOMETRIC_REPRESENTATION_CONTEXT(2) 
PARAMETRIC_REPRESENTATION_CONTEXT() REPRESENTATION_CONTEXT('2D SPACE',''
  ) );
#3733 = PCURVE('',#125,#3734);
#3734 = DEFINITIONAL_REPRESENTATION('',(#3735),#3740);
#3735 = B_SPLINE_CURVE_WITH_KNOTS('',3,(#3736,#3737,#3738,#3739),
  .UNSPECIFIED.,.F.,.F.,(4,4),(0.,1.),.PIECEWISE_BEZIER_KNOTS.);
#3736 = CARTESIAN_POINT('',(2.962193957333,6.394951674709));
#3737 = CARTESIAN_POINT('',(2.343948511143,5.574996079569));
#3738 = CARTESIAN_POINT('',(3.656113975334,4.817416995597));
#3739 = CARTESIAN_POINT('',(4.057093627605,5.762811055341));
#3740 = ( GEOMETRIC_REPRESENTATION_CONTEXT(2) 
PARAMETRIC_REPRESENTATION_CONTEXT() REPRESENTATION_CONTEXT('2D SPACE',''
  ) );
#3741 = ORIENTED_EDGE('',*,*,#3685,.T.);
#3742 = ORIENTED_EDGE('',*,*,#3743,.T.);
#3743 = EDGE_CURVE('',#3661,#3744,#3746,.T.);
#3744 = VERTEX_POINT('',#3745);
#3745 = CARTESIAN_POINT('',(4.057093627605,5.762811055341,10.));
#3746 = SURFACE_CURVE('',#3747,(#3752,#3759),.PCURVE_S1.);
#3747 = B_SPLINE_CURVE_WITH_KNOTS('',3,(#3748,#3749,#3750,#3751),
  .UNSPECIFIED.,.F.,.F.,(4,4),(0.,1.),.PIECEWISE_BEZIER_KNOTS.);
#3748 = CARTESIAN_POINT('',(2.962193957333,6.394951674709,10.));
#3749 = CARTESIAN_POINT('',(2.343948511143,5.574996079569,10.));
#3750 = CARTESIAN_POINT('',(3.656113975334,4.817416995597,10.));
#3751 = CARTESIAN_POINT('',(4.057093627605,5.762811055341,10.));
#3752 = PCURVE('',#3698,#3753);
#3753 = DEFINITIONAL_REPRESENTATION('',(#3754),#3758);
#3754 = LINE('',#3755,#3756);
#3755 = CARTESIAN_POINT('',(1.,0.));
#3756 = VECTOR('',#3757,1.);
#3757 = DIRECTION('',(0.,1.));
#3758 = ( GEOMETRIC_REPRESENTATION_CONTEXT(2) 
PARAMETRIC_REPRESENTATION_CONTEXT() REPRESENTATION_CONTEXT('2D SPACE',''
  ) );
#3759 = PCURVE('',#186,#3760);
#3760 = DEFINITIONAL_REPRESENTATION('',(#3761),#3766);
#3761 = B_SPLINE_CURVE_WITH_KNOTS('',3,(#3762,#3763,#3764,#3765),
  .UNSPECIFIED.,.F.,.F.,(4,4),(0.,1.),.PIECEWISE_BEZIER_KNOTS.);
#3762 = CARTESIAN_POINT('',(-2.962193957333,6.394951674709));
#3763 = CARTESIAN_POINT('',(-2.343948511143,5.574996079569));
#3764 = CARTESIAN_POINT('',(-3.656113975334,4.817416995597));
#3765 = CARTESIAN_POINT('',(-4.057093627605,5.762811055341));
#3766 = ( GEOMETRIC_REPRESENTATION_CONTEXT(2) 
PARAMETRIC_REPRESENTATION_CONTEXT() REPRESENTATION_CONTEXT('2D SPACE',''
  ) );
#3767 = ORIENTED_EDGE('',*,*,#3768,.F.);
#3768 = EDGE_CURVE('',#3718,#3744,#3769,.T.);
#3769 = SURFACE_CURVE('',#3770,(#3773,#3780),.PCURVE_S1.);
#3770 = B_SPLINE_CURVE_WITH_KNOTS('',1,(#3771,#3772),.UNSPECIFIED.,.F.,
  .F.,(2,2),(0.,1.),.PIECEWISE_BEZIER_KNOTS.);
#3771 = CARTESIAN_POINT('',(4.057093627605,5.762811055341,0.));
#3772 = CARTESIAN_POINT('',(4.057093627605,5.762811055341,10.));
#3773 = PCURVE('',#3698,#3774);
#3774 = DEFINITIONAL_REPRESENTATION('',(#3775),#3779);
#3775 = LINE('',#3776,#3777);
#3776 = CARTESIAN_POINT('',(0.,1.));
#3777 = VECTOR('',#3778,1.);
#3778 = DIRECTION('',(1.,0.));
#3779 = ( GEOMETRIC_REPRESENTATION_CONTEXT(2) 
PARAMETRIC_REPRESENTATION_CONTEXT() REPRESENTATION_CONTEXT('2D SPACE',''
  ) );
#3780 = PCURVE('',#3781,#3790);
#3781 = B_SPLINE_SURFACE_WITH_KNOTS('',1,3,(
    (#3782,#3783,#3784,#3785)
    ,(#3786,#3787,#3788,#3789
    )),.UNSPECIFIED.,.F.,.F.,.F.,(2,2),(4,4),(0.,1.),(0.,1.),
  .PIECEWISE_BEZIER_KNOTS.);
#3782 = CARTESIAN_POINT('',(4.057093627605,5.762811055341,0.));
#3783 = CARTESIAN_POINT('',(4.416465112181,6.162097416928,0.));
#3784 = CARTESIAN_POINT('',(4.936320896511,6.376448879204,0.));
#3785 = CARTESIAN_POINT('',(5.439534267941,6.531574614739,0.));
#3786 = CARTESIAN_POINT('',(4.057093627605,5.762811055341,10.));
#3787 = CARTESIAN_POINT('',(4.416465112181,6.162097416928,10.));
#3788 = CARTESIAN_POINT('',(4.936320896511,6.376448879204,10.));
#3789 = CARTESIAN_POINT('',(5.439534267941,6.531574614739,10.));
#3790 = DEFINITIONAL_REPRESENTATION('',(#3791),#3795);
#3791 = LINE('',#3792,#3793);
#3792 = CARTESIAN_POINT('',(0.,0.));
#3793 = VECTOR('',#3794,1.);
#3794 = DIRECTION('',(1.,0.));
#3795 = ( GEOMETRIC_REPRESENTATION_CONTEXT(2) 
PARAMETRIC_REPRESENTATION_CONTEXT() REPRESENTATION_CONTEXT('2D SPACE',''
  ) );
#3796 = ADVANCED_FACE('',(#3797),#3781,.T.);
#3797 = FACE_BOUND('',#3798,.T.);
#3798 = EDGE_LOOP('',(#3799,#3824,#3825,#3850));
#3799 = ORIENTED_EDGE('',*,*,#3800,.F.);
#3800 = EDGE_CURVE('',#3718,#3801,#3803,.T.);
#3801 = VERTEX_POINT('',#3802);
#3802 = CARTESIAN_POINT('',(5.439534267941,6.531574614739,0.));
#3803 = SURFACE_CURVE('',#3804,(#3809,#3816),.PCURVE_S1.);
#3804 = B_SPLINE_CURVE_WITH_KNOTS('',3,(#3805,#3806,#3807,#3808),
  .UNSPECIFIED.,.F.,.F.,(4,4),(0.,1.),.PIECEWISE_BEZIER_KNOTS.);
#3805 = CARTESIAN_POINT('',(4.057093627605,5.762811055341,0.));
#3806 = CARTESIAN_POINT('',(4.416465112181,6.162097416928,0.));
#3807 = CARTESIAN_POINT('',(4.936320896511,6.376448879204,0.));
#3808 = CARTESIAN_POINT('',(5.439534267941,6.531574614739,0.));
#3809 = PCURVE('',#3781,#3810);
#3810 = DEFINITIONAL_REPRESENTATION('',(#3811),#3815);
#3811 = LINE('',#3812,#3813);
#3812 = CARTESIAN_POINT('',(0.,0.));
#3813 = VECTOR('',#3814,1.);
#3814 = DIRECTION('',(0.,1.));
#3815 = ( GEOMETRIC_REPRESENTATION_CONTEXT(2) 
PARAMETRIC_REPRESENTATION_CONTEXT() REPRESENTATION_CONTEXT('2D SPACE',''
  ) );
#3816 = PCURVE('',#125,#3817);
#3817 = DEFINITIONAL_REPRESENTATION('',(#3818),#3823);
#3818 = B_SPLINE_CURVE_WITH_KNOTS('',3,(#3819,#3820,#3821,#3822),
  .UNSPECIFIED.,.F.,.F.,(4,4),(0.,1.),.PIECEWISE_BEZIER_KNOTS.);
#3819 = CARTESIAN_POINT('',(4.057093627605,5.762811055341));
#3820 = CARTESIAN_POINT('',(4.416465112181,6.162097416928));
#3821 = CARTESIAN_POINT('',(4.936320896511,6.376448879204));
#3822 = CARTESIAN_POINT('',(5.439534267941,6.531574614739));
#3823 = ( GEOMETRIC_REPRESENTATION_CONTEXT(2) 
PARAMETRIC_REPRESENTATION_CONTEXT() REPRESENTATION_CONTEXT('2D SPACE',''
  ) );
#3824 = ORIENTED_EDGE('',*,*,#3768,.T.);
#3825 = ORIENTED_EDGE('',*,*,#3826,.T.);
#3826 = EDGE_CURVE('',#3744,#3827,#3829,.T.);
#3827 = VERTEX_POINT('',#3828);
#3828 = CARTESIAN_POINT('',(5.439534267941,6.531574614739,10.));
#3829 = SURFACE_CURVE('',#3830,(#3835,#3842),.PCURVE_S1.);
#3830 = B_SPLINE_CURVE_WITH_KNOTS('',3,(#3831,#3832,#3833,#3834),
  .UNSPECIFIED.,.F.,.F.,(4,4),(0.,1.),.PIECEWISE_BEZIER_KNOTS.);
#3831 = CARTESIAN_POINT('',(4.057093627605,5.762811055341,10.));
#3832 = CARTESIAN_POINT('',(4.416465112181,6.162097416928,10.));
#3833 = CARTESIAN_POINT('',(4.936320896511,6.376448879204,10.));
#3834 = CARTESIAN_POINT('',(5.439534267941,6.531574614739,10.));
#3835 = PCURVE('',#3781,#3836);
#3836 = DEFINITIONAL_REPRESENTATION('',(#3837),#3841);
#3837 = LINE('',#3838,#3839);
#3838 = CARTESIAN_POINT('',(1.,0.));
#3839 = VECTOR('',#3840,1.);
#3840 = DIRECTION('',(0.,1.));
#3841 = ( GEOMETRIC_REPRESENTATION_CONTEXT(2) 
PARAMETRIC_REPRESENTATION_CONTEXT() REPRESENTATION_CONTEXT('2D SPACE',''
  ) );
#3842 = PCURVE('',#186,#3843);
#3843 = DEFINITIONAL_REPRESENTATION('',(#3844),#3849);
#3844 = B_SPLINE_CURVE_WITH_KNOTS('',3,(#3845,#3846,#3847,#3848),
  .UNSPECIFIED.,.F.,.F.,(4,4),(0.,1.),.PIECEWISE_BEZIER_KNOTS.);
#3845 = CARTESIAN_POINT('',(-4.057093627605,5.762811055341));
#3846 = CARTESIAN_POINT('',(-4.416465112181,6.162097416928));
#3847 = CARTESIAN_POINT('',(-4.936320896511,6.376448879204));
#3848 = CARTESIAN_POINT('',(-5.439534267941,6.531574614739));
#3849 = ( GEOMETRIC_REPRESENTATION_CONTEXT(2) 
PARAMETRIC_REPRESENTATION_CONTEXT() REPRESENTATION_CONTEXT('2D SPACE',''
  ) );
#3850 = ORIENTED_EDGE('',*,*,#3851,.F.);
#3851 = EDGE_CURVE('',#3801,#3827,#3852,.T.);
#3852 = SURFACE_CURVE('',#3853,(#3856,#3863),.PCURVE_S1.);
#3853 = B_SPLINE_CURVE_WITH_KNOTS('',1,(#3854,#3855),.UNSPECIFIED.,.F.,
  .F.,(2,2),(0.,1.),.PIECEWISE_BEZIER_KNOTS.);
#3854 = CARTESIAN_POINT('',(5.439534267941,6.531574614739,0.));
#3855 = CARTESIAN_POINT('',(5.439534267941,6.531574614739,10.));
#3856 = PCURVE('',#3781,#3857);
#3857 = DEFINITIONAL_REPRESENTATION('',(#3858),#3862);
#3858 = LINE('',#3859,#3860);
#3859 = CARTESIAN_POINT('',(0.,1.));
#3860 = VECTOR('',#3861,1.);
#3861 = DIRECTION('',(1.,0.));
#3862 = ( GEOMETRIC_REPRESENTATION_CONTEXT(2) 
PARAMETRIC_REPRESENTATION_CONTEXT() REPRESENTATION_CONTEXT('2D SPACE',''
  ) );
#3863 = PCURVE('',#3864,#3873);
#3864 = B_SPLINE_SURFACE_WITH_KNOTS('',1,3,(
    (#3865,#3866,#3867,#3868)
    ,(#3869,#3870,#3871,#3872
    )),.UNSPECIFIED.,.F.,.F.,.F.,(2,2),(4,4),(0.,1.),(0.,1.),
  .PIECEWISE_BEZIER_KNOTS.);
#3865 = CARTESIAN_POINT('',(5.439534267941,6.531574614739,0.));
#3866 = CARTESIAN_POINT('',(5.607663380629,6.391556857339,0.));
#3867 = CARTESIAN_POINT('',(5.770382804415,6.245043630076,0.));
#3868 = CARTESIAN_POINT('',(5.92720780767,6.09247138727,0.));
#3869 = CARTESIAN_POINT('',(5.439534267941,6.531574614739,10.));
#3870 = CARTESIAN_POINT('',(5.607663380629,6.391556857339,10.));
#3871 = CARTESIAN_POINT('',(5.770382804415,6.245043630076,10.));
#3872 = CARTESIAN_POINT('',(5.92720780767,6.09247138727,10.));
#3873 = DEFINITIONAL_REPRESENTATION('',(#3874),#3878);
#3874 = LINE('',#3875,#3876);
#3875 = CARTESIAN_POINT('',(0.,0.));
#3876 = VECTOR('',#3877,1.);
#3877 = DIRECTION('',(1.,0.));
#3878 = ( GEOMETRIC_REPRESENTATION_CONTEXT(2) 
PARAMETRIC_REPRESENTATION_CONTEXT() REPRESENTATION_CONTEXT('2D SPACE',''
  ) );
#3879 = ADVANCED_FACE('',(#3880),#3864,.T.);
#3880 = FACE_BOUND('',#3881,.T.);
#3881 = EDGE_LOOP('',(#3882,#3907,#3908,#3933));
#3882 = ORIENTED_EDGE('',*,*,#3883,.F.);
#3883 = EDGE_CURVE('',#3801,#3884,#3886,.T.);
#3884 = VERTEX_POINT('',#3885);
#3885 = CARTESIAN_POINT('',(5.92720780767,6.09247138727,0.));
#3886 = SURFACE_CURVE('',#3887,(#3892,#3899),.PCURVE_S1.);
#3887 = B_SPLINE_CURVE_WITH_KNOTS('',3,(#3888,#3889,#3890,#3891),
  .UNSPECIFIED.,.F.,.F.,(4,4),(0.,1.),.PIECEWISE_BEZIER_KNOTS.);
#3888 = CARTESIAN_POINT('',(5.439534267941,6.531574614739,0.));
#3889 = CARTESIAN_POINT('',(5.607663380629,6.391556857339,0.));
#3890 = CARTESIAN_POINT('',(5.770382804415,6.245043630076,0.));
#3891 = CARTESIAN_POINT('',(5.92720780767,6.09247138727,0.));
#3892 = PCURVE('',#3864,#3893);
#3893 = DEFINITIONAL_REPRESENTATION('',(#3894),#3898);
#3894 = LINE('',#3895,#3896);
#3895 = CARTESIAN_POINT('',(0.,0.));
#3896 = VECTOR('',#3897,1.);
#3897 = DIRECTION('',(0.,1.));
#3898 = ( GEOMETRIC_REPRESENTATION_CONTEXT(2) 
PARAMETRIC_REPRESENTATION_CONTEXT() REPRESENTATION_CONTEXT('2D SPACE',''
  ) );
#3899 = PCURVE('',#125,#3900);
#3900 = DEFINITIONAL_REPRESENTATION('',(#3901),#3906);
#3901 = B_SPLINE_CURVE_WITH_KNOTS('',3,(#3902,#3903,#3904,#3905),
  .UNSPECIFIED.,.F.,.F.,(4,4),(0.,1.),.PIECEWISE_BEZIER_KNOTS.);
#3902 = CARTESIAN_POINT('',(5.439534267941,6.531574614739));
#3903 = CARTESIAN_POINT('',(5.607663380629,6.391556857339));
#3904 = CARTESIAN_POINT('',(5.770382804415,6.245043630076));
#3905 = CARTESIAN_POINT('',(5.92720780767,6.09247138727));
#3906 = ( GEOMETRIC_REPRESENTATION_CONTEXT(2) 
PARAMETRIC_REPRESENTATION_CONTEXT() REPRESENTATION_CONTEXT('2D SPACE',''
  ) );
#3907 = ORIENTED_EDGE('',*,*,#3851,.T.);
#3908 = ORIENTED_EDGE('',*,*,#3909,.T.);
#3909 = EDGE_CURVE('',#3827,#3910,#3912,.T.);
#3910 = VERTEX_POINT('',#3911);
#3911 = CARTESIAN_POINT('',(5.92720780767,6.09247138727,10.));
#3912 = SURFACE_CURVE('',#3913,(#3918,#3925),.PCURVE_S1.);
#3913 = B_SPLINE_CURVE_WITH_KNOTS('',3,(#3914,#3915,#3916,#3917),
  .UNSPECIFIED.,.F.,.F.,(4,4),(0.,1.),.PIECEWISE_BEZIER_KNOTS.);
#3914 = CARTESIAN_POINT('',(5.439534267941,6.531574614739,10.));
#3915 = CARTESIAN_POINT('',(5.607663380629,6.391556857339,10.));
#3916 = CARTESIAN_POINT('',(5.770382804415,6.245043630076,10.));
#3917 = CARTESIAN_POINT('',(5.92720780767,6.09247138727,10.));
#3918 = PCURVE('',#3864,#3919);
#3919 = DEFINITIONAL_REPRESENTATION('',(#3920),#3924);
#3920 = LINE('',#3921,#3922);
#3921 = CARTESIAN_POINT('',(1.,0.));
#3922 = VECTOR('',#3923,1.);
#3923 = DIRECTION('',(0.,1.));
#3924 = ( GEOMETRIC_REPRESENTATION_CONTEXT(2) 
PARAMETRIC_REPRESENTATION_CONTEXT() REPRESENTATION_CONTEXT('2D SPACE',''
  ) );
#3925 = PCURVE('',#186,#3926);
#3926 = DEFINITIONAL_REPRESENTATION('',(#3927),#3932);
#3927 = B_SPLINE_CURVE_WITH_KNOTS('',3,(#3928,#3929,#3930,#3931),
  .UNSPECIFIED.,.F.,.F.,(4,4),(0.,1.),.PIECEWISE_BEZIER_KNOTS.);
#3928 = CARTESIAN_POINT('',(-5.439534267941,6.531574614739));
#3929 = CARTESIAN_POINT('',(-5.607663380629,6.391556857339));
#3930 = CARTESIAN_POINT('',(-5.770382804415,6.245043630076));
#3931 = CARTESIAN_POINT('',(-5.92720780767,6.09247138727));
#3932 = ( GEOMETRIC_REPRESENTATION_CONTEXT(2) 
PARAMETRIC_REPRESENTATION_CONTEXT() REPRESENTATION_CONTEXT('2D SPACE',''
  ) );
#3933 = ORIENTED_EDGE('',*,*,#3934,.F.);
#3934 = EDGE_CURVE('',#3884,#3910,#3935,.T.);
#3935 = SURFACE_CURVE('',#3936,(#3939,#3946),.PCURVE_S1.);
#3936 = B_SPLINE_CURVE_WITH_KNOTS('',1,(#3937,#3938),.UNSPECIFIED.,.F.,
  .F.,(2,2),(0.,1.),.PIECEWISE_BEZIER_KNOTS.);
#3937 = CARTESIAN_POINT('',(5.92720780767,6.09247138727,0.));
#3938 = CARTESIAN_POINT('',(5.92720780767,6.09247138727,10.));
#3939 = PCURVE('',#3864,#3940);
#3940 = DEFINITIONAL_REPRESENTATION('',(#3941),#3945);
#3941 = LINE('',#3942,#3943);
#3942 = CARTESIAN_POINT('',(0.,1.));
#3943 = VECTOR('',#3944,1.);
#3944 = DIRECTION('',(1.,0.));
#3945 = ( GEOMETRIC_REPRESENTATION_CONTEXT(2) 
PARAMETRIC_REPRESENTATION_CONTEXT() REPRESENTATION_CONTEXT('2D SPACE',''
  ) );
#3946 = PCURVE('',#3947,#3956);
#3947 = B_SPLINE_SURFACE_WITH_KNOTS('',1,3,(
    (#3948,#3949,#3950,#3951)
    ,(#3952,#3953,#3954,#3955
    )),.UNSPECIFIED.,.F.,.F.,.F.,(2,2),(4,4),(0.,1.),(0.,1.),
  .PIECEWISE_BEZIER_KNOTS.);
#3948 = CARTESIAN_POINT('',(5.92720780767,6.09247138727,0.));
#3949 = CARTESIAN_POINT('',(5.825531987556,5.575799616592,0.));
#3950 = CARTESIAN_POINT('',(5.666694491275,5.036385827691,0.));
#3951 = CARTESIAN_POINT('',(5.307160011181,4.637246227929,0.));
#3952 = CARTESIAN_POINT('',(5.92720780767,6.09247138727,10.));
#3953 = CARTESIAN_POINT('',(5.825531987556,5.575799616592,10.));
#3954 = CARTESIAN_POINT('',(5.666694491275,5.036385827691,10.));
#3955 = CARTESIAN_POINT('',(5.307160011181,4.637246227929,10.));
#3956 = DEFINITIONAL_REPRESENTATION('',(#3957),#3961);
#3957 = LINE('',#3958,#3959);
#3958 = CARTESIAN_POINT('',(0.,0.));
#3959 = VECTOR('',#3960,1.);
#3960 = DIRECTION('',(1.,0.));
#3961 = ( GEOMETRIC_REPRESENTATION_CONTEXT(2) 
PARAMETRIC_REPRESENTATION_CONTEXT() REPRESENTATION_CONTEXT('2D SPACE',''
  ) );
#3962 = ADVANCED_FACE('',(#3963),#3947,.T.);
#3963 = FACE_BOUND('',#3964,.T.);
#3964 = EDGE_LOOP('',(#3965,#3990,#3991,#4016));
#3965 = ORIENTED_EDGE('',*,*,#3966,.F.);
#3966 = EDGE_CURVE('',#3884,#3967,#3969,.T.);
#3967 = VERTEX_POINT('',#3968);
#3968 = CARTESIAN_POINT('',(5.307160011181,4.637246227929,0.));
#3969 = SURFACE_CURVE('',#3970,(#3975,#3982),.PCURVE_S1.);
#3970 = B_SPLINE_CURVE_WITH_KNOTS('',3,(#3971,#3972,#3973,#3974),
  .UNSPECIFIED.,.F.,.F.,(4,4),(0.,1.),.PIECEWISE_BEZIER_KNOTS.);
#3971 = CARTESIAN_POINT('',(5.92720780767,6.09247138727,0.));
#3972 = CARTESIAN_POINT('',(5.825531987556,5.575799616592,0.));
#3973 = CARTESIAN_POINT('',(5.666694491275,5.036385827691,0.));
#3974 = CARTESIAN_POINT('',(5.307160011181,4.637246227929,0.));
#3975 = PCURVE('',#3947,#3976);
#3976 = DEFINITIONAL_REPRESENTATION('',(#3977),#3981);
#3977 = LINE('',#3978,#3979);
#3978 = CARTESIAN_POINT('',(0.,0.));
#3979 = VECTOR('',#3980,1.);
#3980 = DIRECTION('',(0.,1.));
#3981 = ( GEOMETRIC_REPRESENTATION_CONTEXT(2) 
PARAMETRIC_REPRESENTATION_CONTEXT() REPRESENTATION_CONTEXT('2D SPACE',''
  ) );
#3982 = PCURVE('',#125,#3983);
#3983 = DEFINITIONAL_REPRESENTATION('',(#3984),#3989);
#3984 = B_SPLINE_CURVE_WITH_KNOTS('',3,(#3985,#3986,#3987,#3988),
  .UNSPECIFIED.,.F.,.F.,(4,4),(0.,1.),.PIECEWISE_BEZIER_KNOTS.);
#3985 = CARTESIAN_POINT('',(5.92720780767,6.09247138727));
#3986 = CARTESIAN_POINT('',(5.825531987556,5.575799616592));
#3987 = CARTESIAN_POINT('',(5.666694491276,5.036385827691));
#3988 = CARTESIAN_POINT('',(5.307160011181,4.637246227929));
#3989 = ( GEOMETRIC_REPRESENTATION_CONTEXT(2) 
PARAMETRIC_REPRESENTATION_CONTEXT() REPRESENTATION_CONTEXT('2D SPACE',''
  ) );
#3990 = ORIENTED_EDGE('',*,*,#3934,.T.);
#3991 = ORIENTED_EDGE('',*,*,#3992,.T.);
#3992 = EDGE_CURVE('',#3910,#3993,#3995,.T.);
#3993 = VERTEX_POINT('',#3994);
#3994 = CARTESIAN_POINT('',(5.307160011181,4.637246227929,10.));
#3995 = SURFACE_CURVE('',#3996,(#4001,#4008),.PCURVE_S1.);
#3996 = B_SPLINE_CURVE_WITH_KNOTS('',3,(#3997,#3998,#3999,#4000),
  .UNSPECIFIED.,.F.,.F.,(4,4),(0.,1.),.PIECEWISE_BEZIER_KNOTS.);
#3997 = CARTESIAN_POINT('',(5.92720780767,6.09247138727,10.));
#3998 = CARTESIAN_POINT('',(5.825531987556,5.575799616592,10.));
#3999 = CARTESIAN_POINT('',(5.666694491275,5.036385827691,10.));
#4000 = CARTESIAN_POINT('',(5.307160011181,4.637246227929,10.));
#4001 = PCURVE('',#3947,#4002);
#4002 = DEFINITIONAL_REPRESENTATION('',(#4003),#4007);
#4003 = LINE('',#4004,#4005);
#4004 = CARTESIAN_POINT('',(1.,0.));
#4005 = VECTOR('',#4006,1.);
#4006 = DIRECTION('',(0.,1.));
#4007 = ( GEOMETRIC_REPRESENTATION_CONTEXT(2) 
PARAMETRIC_REPRESENTATION_CONTEXT() REPRESENTATION_CONTEXT('2D SPACE',''
  ) );
#4008 = PCURVE('',#186,#4009);
#4009 = DEFINITIONAL_REPRESENTATION('',(#4010),#4015);
#4010 = B_SPLINE_CURVE_WITH_KNOTS('',3,(#4011,#4012,#4013,#4014),
  .UNSPECIFIED.,.F.,.F.,(4,4),(0.,1.),.PIECEWISE_BEZIER_KNOTS.);
#4011 = CARTESIAN_POINT('',(-5.92720780767,6.09247138727));
#4012 = CARTESIAN_POINT('',(-5.825531987556,5.575799616592));
#4013 = CARTESIAN_POINT('',(-5.666694491275,5.036385827691));
#4014 = CARTESIAN_POINT('',(-5.307160011181,4.637246227929));
#4015 = ( GEOMETRIC_REPRESENTATION_CONTEXT(2) 
PARAMETRIC_REPRESENTATION_CONTEXT() REPRESENTATION_CONTEXT('2D SPACE',''
  ) );
#4016 = ORIENTED_EDGE('',*,*,#4017,.F.);
#4017 = EDGE_CURVE('',#3967,#3993,#4018,.T.);
#4018 = SURFACE_CURVE('',#4019,(#4022,#4029),.PCURVE_S1.);
#4019 = B_SPLINE_CURVE_WITH_KNOTS('',1,(#4020,#4021),.UNSPECIFIED.,.F.,
  .F.,(2,2),(0.,1.),.PIECEWISE_BEZIER_KNOTS.);
#4020 = CARTESIAN_POINT('',(5.307160011181,4.637246227929,0.));
#4021 = CARTESIAN_POINT('',(5.307160011181,4.637246227929,10.));
#4022 = PCURVE('',#3947,#4023);
#4023 = DEFINITIONAL_REPRESENTATION('',(#4024),#4028);
#4024 = LINE('',#4025,#4026);
#4025 = CARTESIAN_POINT('',(0.,1.));
#4026 = VECTOR('',#4027,1.);
#4027 = DIRECTION('',(1.,0.));
#4028 = ( GEOMETRIC_REPRESENTATION_CONTEXT(2) 
PARAMETRIC_REPRESENTATION_CONTEXT() REPRESENTATION_CONTEXT('2D SPACE',''
  ) );
#4029 = PCURVE('',#4030,#4039);
#4030 = B_SPLINE_SURFACE_WITH_KNOTS('',1,3,(
    (#4031,#4032,#4033,#4034)
    ,(#4035,#4036,#4037,#4038
    )),.UNSPECIFIED.,.F.,.F.,.F.,(2,2),(4,4),(0.,1.),(0.,1.),
  .PIECEWISE_BEZIER_KNOTS.);
#4031 = CARTESIAN_POINT('',(5.307160011181,4.637246227929,0.));
#4032 = CARTESIAN_POINT('',(4.408858705867,4.139642595901,0.));
#4033 = CARTESIAN_POINT('',(5.299446331875,2.913853888868,0.));
#4034 = CARTESIAN_POINT('',(6.050285878059,3.614421220123,0.));
#4035 = CARTESIAN_POINT('',(5.307160011181,4.637246227929,10.));
#4036 = CARTESIAN_POINT('',(4.408858705867,4.139642595901,10.));
#4037 = CARTESIAN_POINT('',(5.299446331875,2.913853888868,10.));
#4038 = CARTESIAN_POINT('',(6.050285878059,3.614421220123,10.));
#4039 = DEFINITIONAL_REPRESENTATION('',(#4040),#4044);
#4040 = LINE('',#4041,#4042);
#4041 = CARTESIAN_POINT('',(0.,0.));
#4042 = VECTOR('',#4043,1.);
#4043 = DIRECTION('',(1.,0.));
#4044 = ( GEOMETRIC_REPRESENTATION_CONTEXT(2) 
PARAMETRIC_REPRESENTATION_CONTEXT() REPRESENTATION_CONTEXT('2D SPACE',''
  ) );
#4045 = ADVANCED_FACE('',(#4046),#4030,.T.);
#4046 = FACE_BOUND('',#4047,.T.);
#4047 = EDGE_LOOP('',(#4048,#4073,#4074,#4099));
#4048 = ORIENTED_EDGE('',*,*,#4049,.F.);
#4049 = EDGE_CURVE('',#3967,#4050,#4052,.T.);
#4050 = VERTEX_POINT('',#4051);
#4051 = CARTESIAN_POINT('',(6.050285878059,3.614421220123,0.));
#4052 = SURFACE_CURVE('',#4053,(#4058,#4065),.PCURVE_S1.);
#4053 = B_SPLINE_CURVE_WITH_KNOTS('',3,(#4054,#4055,#4056,#4057),
  .UNSPECIFIED.,.F.,.F.,(4,4),(0.,1.),.PIECEWISE_BEZIER_KNOTS.);
#4054 = CARTESIAN_POINT('',(5.307160011181,4.637246227929,0.));
#4055 = CARTESIAN_POINT('',(4.408858705867,4.139642595901,0.));
#4056 = CARTESIAN_POINT('',(5.299446331875,2.913853888868,0.));
#4057 = CARTESIAN_POINT('',(6.050285878059,3.614421220123,0.));
#4058 = PCURVE('',#4030,#4059);
#4059 = DEFINITIONAL_REPRESENTATION('',(#4060),#4064);
#4060 = LINE('',#4061,#4062);
#4061 = CARTESIAN_POINT('',(0.,0.));
#4062 = VECTOR('',#4063,1.);
#4063 = DIRECTION('',(0.,1.));
#4064 = ( GEOMETRIC_REPRESENTATION_CONTEXT(2) 
PARAMETRIC_REPRESENTATION_CONTEXT() REPRESENTATION_CONTEXT('2D SPACE',''
  ) );
#4065 = PCURVE('',#125,#4066);
#4066 = DEFINITIONAL_REPRESENTATION('',(#4067),#4072);
#4067 = B_SPLINE_CURVE_WITH_KNOTS('',3,(#4068,#4069,#4070,#4071),
  .UNSPECIFIED.,.F.,.F.,(4,4),(0.,1.),.PIECEWISE_BEZIER_KNOTS.);
#4068 = CARTESIAN_POINT('',(5.307160011181,4.637246227929));
#4069 = CARTESIAN_POINT('',(4.408858705867,4.139642595901));
#4070 = CARTESIAN_POINT('',(5.299446331875,2.913853888868));
#4071 = CARTESIAN_POINT('',(6.050285878059,3.614421220123));
#4072 = ( GEOMETRIC_REPRESENTATION_CONTEXT(2) 
PARAMETRIC_REPRESENTATION_CONTEXT() REPRESENTATION_CONTEXT('2D SPACE',''
  ) );
#4073 = ORIENTED_EDGE('',*,*,#4017,.T.);
#4074 = ORIENTED_EDGE('',*,*,#4075,.T.);
#4075 = EDGE_CURVE('',#3993,#4076,#4078,.T.);
#4076 = VERTEX_POINT('',#4077);
#4077 = CARTESIAN_POINT('',(6.050285878059,3.614421220123,10.));
#4078 = SURFACE_CURVE('',#4079,(#4084,#4091),.PCURVE_S1.);
#4079 = B_SPLINE_CURVE_WITH_KNOTS('',3,(#4080,#4081,#4082,#4083),
  .UNSPECIFIED.,.F.,.F.,(4,4),(0.,1.),.PIECEWISE_BEZIER_KNOTS.);
#4080 = CARTESIAN_POINT('',(5.307160011181,4.637246227929,10.));
#4081 = CARTESIAN_POINT('',(4.408858705867,4.139642595901,10.));
#4082 = CARTESIAN_POINT('',(5.299446331875,2.913853888868,10.));
#4083 = CARTESIAN_POINT('',(6.050285878059,3.614421220123,10.));
#4084 = PCURVE('',#4030,#4085);
#4085 = DEFINITIONAL_REPRESENTATION('',(#4086),#4090);
#4086 = LINE('',#4087,#4088);
#4087 = CARTESIAN_POINT('',(1.,0.));
#4088 = VECTOR('',#4089,1.);
#4089 = DIRECTION('',(0.,1.));
#4090 = ( GEOMETRIC_REPRESENTATION_CONTEXT(2) 
PARAMETRIC_REPRESENTATION_CONTEXT() REPRESENTATION_CONTEXT('2D SPACE',''
  ) );
#4091 = PCURVE('',#186,#4092);
#4092 = DEFINITIONAL_REPRESENTATION('',(#4093),#4098);
#4093 = B_SPLINE_CURVE_WITH_KNOTS('',3,(#4094,#4095,#4096,#4097),
  .UNSPECIFIED.,.F.,.F.,(4,4),(0.,1.),.PIECEWISE_BEZIER_KNOTS.);
#4094 = CARTESIAN_POINT('',(-5.307160011181,4.637246227929));
#4095 = CARTESIAN_POINT('',(-4.408858705867,4.139642595901));
#4096 = CARTESIAN_POINT('',(-5.299446331875,2.913853888868));
#4097 = CARTESIAN_POINT('',(-6.050285878059,3.614421220123));
#4098 = ( GEOMETRIC_REPRESENTATION_CONTEXT(2) 
PARAMETRIC_REPRESENTATION_CONTEXT() REPRESENTATION_CONTEXT('2D SPACE',''
  ) );
#4099 = ORIENTED_EDGE('',*,*,#4100,.F.);
#4100 = EDGE_CURVE('',#4050,#4076,#4101,.T.);
#4101 = SURFACE_CURVE('',#4102,(#4105,#4112),.PCURVE_S1.);
#4102 = B_SPLINE_CURVE_WITH_KNOTS('',1,(#4103,#4104),.UNSPECIFIED.,.F.,
  .F.,(2,2),(0.,1.),.PIECEWISE_BEZIER_KNOTS.);
#4103 = CARTESIAN_POINT('',(6.050285878059,3.614421220123,0.));
#4104 = CARTESIAN_POINT('',(6.050285878059,3.614421220123,10.));
#4105 = PCURVE('',#4030,#4106);
#4106 = DEFINITIONAL_REPRESENTATION('',(#4107),#4111);
#4107 = LINE('',#4108,#4109);
#4108 = CARTESIAN_POINT('',(0.,1.));
#4109 = VECTOR('',#4110,1.);
#4110 = DIRECTION('',(1.,0.));
#4111 = ( GEOMETRIC_REPRESENTATION_CONTEXT(2) 
PARAMETRIC_REPRESENTATION_CONTEXT() REPRESENTATION_CONTEXT('2D SPACE',''
  ) );
#4112 = PCURVE('',#4113,#4122);
#4113 = B_SPLINE_SURFACE_WITH_KNOTS('',1,3,(
    (#4114,#4115,#4116,#4117)
    ,(#4118,#4119,#4120,#4121
    )),.UNSPECIFIED.,.F.,.F.,.F.,(2,2),(4,4),(0.,1.),(0.,1.),
  .PIECEWISE_BEZIER_KNOTS.);
#4114 = CARTESIAN_POINT('',(6.050285878059,3.614421220123,0.));
#4115 = CARTESIAN_POINT('',(6.540992459737,3.833017910796,0.));
#4116 = CARTESIAN_POINT('',(7.103088944346,3.817393318895,0.));
#4117 = CARTESIAN_POINT('',(7.625892554966,3.75443241251,0.));
#4118 = CARTESIAN_POINT('',(6.050285878059,3.614421220123,10.));
#4119 = CARTESIAN_POINT('',(6.540992459737,3.833017910796,10.));
#4120 = CARTESIAN_POINT('',(7.103088944346,3.817393318895,10.));
#4121 = CARTESIAN_POINT('',(7.625892554966,3.75443241251,10.));
#4122 = DEFINITIONAL_REPRESENTATION('',(#4123),#4127);
#4123 = LINE('',#4124,#4125);
#4124 = CARTESIAN_POINT('',(0.,0.));
#4125 = VECTOR('',#4126,1.);
#4126 = DIRECTION('',(1.,0.));
#4127 = ( GEOMETRIC_REPRESENTATION_CONTEXT(2) 
PARAMETRIC_REPRESENTATION_CONTEXT() REPRESENTATION_CONTEXT('2D SPACE',''
  ) );
#4128 = ADVANCED_FACE('',(#4129),#4113,.T.);
#4129 = FACE_BOUND('',#4130,.T.);
#4130 = EDGE_LOOP('',(#4131,#4156,#4157,#4182));
#4131 = ORIENTED_EDGE('',*,*,#4132,.F.);
#4132 = EDGE_CURVE('',#4050,#4133,#4135,.T.);
#4133 = VERTEX_POINT('',#4134);
#4134 = CARTESIAN_POINT('',(7.625892554966,3.75443241251,0.));
#4135 = SURFACE_CURVE('',#4136,(#4141,#4148),.PCURVE_S1.);
#4136 = B_SPLINE_CURVE_WITH_KNOTS('',3,(#4137,#4138,#4139,#4140),
  .UNSPECIFIED.,.F.,.F.,(4,4),(0.,1.),.PIECEWISE_BEZIER_KNOTS.);
#4137 = CARTESIAN_POINT('',(6.050285878059,3.614421220123,0.));
#4138 = CARTESIAN_POINT('',(6.540992459737,3.833017910796,0.));
#4139 = CARTESIAN_POINT('',(7.103088944346,3.817393318895,0.));
#4140 = CARTESIAN_POINT('',(7.625892554966,3.75443241251,0.));
#4141 = PCURVE('',#4113,#4142);
#4142 = DEFINITIONAL_REPRESENTATION('',(#4143),#4147);
#4143 = LINE('',#4144,#4145);
#4144 = CARTESIAN_POINT('',(0.,0.));
#4145 = VECTOR('',#4146,1.);
#4146 = DIRECTION('',(0.,1.));
#4147 = ( GEOMETRIC_REPRESENTATION_CONTEXT(2) 
PARAMETRIC_REPRESENTATION_CONTEXT() REPRESENTATION_CONTEXT('2D SPACE',''
  ) );
#4148 = PCURVE('',#125,#4149);
#4149 = DEFINITIONAL_REPRESENTATION('',(#4150),#4155);
#4150 = B_SPLINE_CURVE_WITH_KNOTS('',3,(#4151,#4152,#4153,#4154),
  .UNSPECIFIED.,.F.,.F.,(4,4),(0.,1.),.PIECEWISE_BEZIER_KNOTS.);
#4151 = CARTESIAN_POINT('',(6.050285878059,3.614421220123));
#4152 = CARTESIAN_POINT('',(6.540992459737,3.833017910796));
#4153 = CARTESIAN_POINT('',(7.103088944346,3.817393318895));
#4154 = CARTESIAN_POINT('',(7.625892554966,3.75443241251));
#4155 = ( GEOMETRIC_REPRESENTATION_CONTEXT(2) 
PARAMETRIC_REPRESENTATION_CONTEXT() REPRESENTATION_CONTEXT('2D SPACE',''
  ) );
#4156 = ORIENTED_EDGE('',*,*,#4100,.T.);
#4157 = ORIENTED_EDGE('',*,*,#4158,.T.);
#4158 = EDGE_CURVE('',#4076,#4159,#4161,.T.);
#4159 = VERTEX_POINT('',#4160);
#4160 = CARTESIAN_POINT('',(7.625892554966,3.75443241251,10.));
#4161 = SURFACE_CURVE('',#4162,(#4167,#4174),.PCURVE_S1.);
#4162 = B_SPLINE_CURVE_WITH_KNOTS('',3,(#4163,#4164,#4165,#4166),
  .UNSPECIFIED.,.F.,.F.,(4,4),(0.,1.),.PIECEWISE_BEZIER_KNOTS.);
#4163 = CARTESIAN_POINT('',(6.050285878059,3.614421220123,10.));
#4164 = CARTESIAN_POINT('',(6.540992459737,3.833017910796,10.));
#4165 = CARTESIAN_POINT('',(7.103088944346,3.817393318895,10.));
#4166 = CARTESIAN_POINT('',(7.625892554966,3.75443241251,10.));
#4167 = PCURVE('',#4113,#4168);
#4168 = DEFINITIONAL_REPRESENTATION('',(#4169),#4173);
#4169 = LINE('',#4170,#4171);
#4170 = CARTESIAN_POINT('',(1.,0.));
#4171 = VECTOR('',#4172,1.);
#4172 = DIRECTION('',(0.,1.));
#4173 = ( GEOMETRIC_REPRESENTATION_CONTEXT(2) 
PARAMETRIC_REPRESENTATION_CONTEXT() REPRESENTATION_CONTEXT('2D SPACE',''
  ) );
#4174 = PCURVE('',#186,#4175);
#4175 = DEFINITIONAL_REPRESENTATION('',(#4176),#4181);
#4176 = B_SPLINE_CURVE_WITH_KNOTS('',3,(#4177,#4178,#4179,#4180),
  .UNSPECIFIED.,.F.,.F.,(4,4),(0.,1.),.PIECEWISE_BEZIER_KNOTS.);
#4177 = CARTESIAN_POINT('',(-6.050285878059,3.614421220123));
#4178 = CARTESIAN_POINT('',(-6.540992459737,3.833017910796));
#4179 = CARTESIAN_POINT('',(-7.103088944346,3.817393318895));
#4180 = CARTESIAN_POINT('',(-7.625892554966,3.75443241251));
#4181 = ( GEOMETRIC_REPRESENTATION_CONTEXT(2) 
PARAMETRIC_REPRESENTATION_CONTEXT() REPRESENTATION_CONTEXT('2D SPACE',''
  ) );
#4182 = ORIENTED_EDGE('',*,*,#4183,.F.);
#4183 = EDGE_CURVE('',#4133,#4159,#4184,.T.);
#4184 = SURFACE_CURVE('',#4185,(#4188,#4195),.PCURVE_S1.);
#4185 = B_SPLINE_CURVE_WITH_KNOTS('',1,(#4186,#4187),.UNSPECIFIED.,.F.,
  .F.,(2,2),(0.,1.),.PIECEWISE_BEZIER_KNOTS.);
#4186 = CARTESIAN_POINT('',(7.625892554966,3.75443241251,0.));
#4187 = CARTESIAN_POINT('',(7.625892554966,3.75443241251,10.));
#4188 = PCURVE('',#4113,#4189);
#4189 = DEFINITIONAL_REPRESENTATION('',(#4190),#4194);
#4190 = LINE('',#4191,#4192);
#4191 = CARTESIAN_POINT('',(0.,1.));
#4192 = VECTOR('',#4193,1.);
#4193 = DIRECTION('',(1.,0.));
#4194 = ( GEOMETRIC_REPRESENTATION_CONTEXT(2) 
PARAMETRIC_REPRESENTATION_CONTEXT() REPRESENTATION_CONTEXT('2D SPACE',''
  ) );
#4195 = PCURVE('',#4196,#4205);
#4196 = B_SPLINE_SURFACE_WITH_KNOTS('',1,3,(
    (#4197,#4198,#4199,#4200)
    ,(#4201,#4202,#4203,#4204
    )),.UNSPECIFIED.,.F.,.F.,.F.,(2,2),(4,4),(0.,1.),(0.,1.),
  .PIECEWISE_BEZIER_KNOTS.);
#4197 = CARTESIAN_POINT('',(7.625892554966,3.75443241251,0.));
#4198 = CARTESIAN_POINT('',(7.722535789544,3.55813555535,0.));
#4199 = CARTESIAN_POINT('',(7.811595081791,3.358105109905,0.));
#4200 = CARTESIAN_POINT('',(7.892805129294,3.154936955154,0.));
#4201 = CARTESIAN_POINT('',(7.625892554966,3.75443241251,10.));
#4202 = CARTESIAN_POINT('',(7.722535789544,3.55813555535,10.));
#4203 = CARTESIAN_POINT('',(7.811595081791,3.358105109905,10.));
#4204 = CARTESIAN_POINT('',(7.892805129294,3.154936955154,10.));
#4205 = DEFINITIONAL_REPRESENTATION('',(#4206),#4210);
#4206 = LINE('',#4207,#4208);
#4207 = CARTESIAN_POINT('',(0.,0.));
#4208 = VECTOR('',#4209,1.);
#4209 = DIRECTION('',(1.,0.));
#4210 = ( GEOMETRIC_REPRESENTATION_CONTEXT(2) 
PARAMETRIC_REPRESENTATION_CONTEXT() REPRESENTATION_CONTEXT('2D SPACE',''
  ) );
#4211 = ADVANCED_FACE('',(#4212),#4196,.T.);
#4212 = FACE_BOUND('',#4213,.T.);
#4213 = EDGE_LOOP('',(#4214,#4239,#4240,#4265));
#4214 = ORIENTED_EDGE('',*,*,#4215,.F.);
#4215 = EDGE_CURVE('',#4133,#4216,#4218,.T.);
#4216 = VERTEX_POINT('',#4217);
#4217 = CARTESIAN_POINT('',(7.892805129294,3.154936955154,0.));
#4218 = SURFACE_CURVE('',#4219,(#4224,#4231),.PCURVE_S1.);
#4219 = B_SPLINE_CURVE_WITH_KNOTS('',3,(#4220,#4221,#4222,#4223),
  .UNSPECIFIED.,.F.,.F.,(4,4),(0.,1.),.PIECEWISE_BEZIER_KNOTS.);
#4220 = CARTESIAN_POINT('',(7.625892554966,3.75443241251,0.));
#4221 = CARTESIAN_POINT('',(7.722535789544,3.55813555535,0.));
#4222 = CARTESIAN_POINT('',(7.811595081791,3.358105109905,0.));
#4223 = CARTESIAN_POINT('',(7.892805129294,3.154936955154,0.));
#4224 = PCURVE('',#4196,#4225);
#4225 = DEFINITIONAL_REPRESENTATION('',(#4226),#4230);
#4226 = LINE('',#4227,#4228);
#4227 = CARTESIAN_POINT('',(0.,0.));
#4228 = VECTOR('',#4229,1.);
#4229 = DIRECTION('',(0.,1.));
#4230 = ( GEOMETRIC_REPRESENTATION_CONTEXT(2) 
PARAMETRIC_REPRESENTATION_CONTEXT() REPRESENTATION_CONTEXT('2D SPACE',''
  ) );
#4231 = PCURVE('',#125,#4232);
#4232 = DEFINITIONAL_REPRESENTATION('',(#4233),#4238);
#4233 = B_SPLINE_CURVE_WITH_KNOTS('',3,(#4234,#4235,#4236,#4237),
  .UNSPECIFIED.,.F.,.F.,(4,4),(0.,1.),.PIECEWISE_BEZIER_KNOTS.);
#4234 = CARTESIAN_POINT('',(7.625892554966,3.75443241251));
#4235 = CARTESIAN_POINT('',(7.722535789544,3.55813555535));
#4236 = CARTESIAN_POINT('',(7.811595081791,3.358105109905));
#4237 = CARTESIAN_POINT('',(7.892805129294,3.154936955154));
#4238 = ( GEOMETRIC_REPRESENTATION_CONTEXT(2) 
PARAMETRIC_REPRESENTATION_CONTEXT() REPRESENTATION_CONTEXT('2D SPACE',''
  ) );
#4239 = ORIENTED_EDGE('',*,*,#4183,.T.);
#4240 = ORIENTED_EDGE('',*,*,#4241,.T.);
#4241 = EDGE_CURVE('',#4159,#4242,#4244,.T.);
#4242 = VERTEX_POINT('',#4243);
#4243 = CARTESIAN_POINT('',(7.892805129294,3.154936955154,10.));
#4244 = SURFACE_CURVE('',#4245,(#4250,#4257),.PCURVE_S1.);
#4245 = B_SPLINE_CURVE_WITH_KNOTS('',3,(#4246,#4247,#4248,#4249),
  .UNSPECIFIED.,.F.,.F.,(4,4),(0.,1.),.PIECEWISE_BEZIER_KNOTS.);
#4246 = CARTESIAN_POINT('',(7.625892554966,3.75443241251,10.));
#4247 = CARTESIAN_POINT('',(7.722535789544,3.55813555535,10.));
#4248 = CARTESIAN_POINT('',(7.811595081791,3.358105109905,10.));
#4249 = CARTESIAN_POINT('',(7.892805129294,3.154936955154,10.));
#4250 = PCURVE('',#4196,#4251);
#4251 = DEFINITIONAL_REPRESENTATION('',(#4252),#4256);
#4252 = LINE('',#4253,#4254);
#4253 = CARTESIAN_POINT('',(1.,0.));
#4254 = VECTOR('',#4255,1.);
#4255 = DIRECTION('',(0.,1.));
#4256 = ( GEOMETRIC_REPRESENTATION_CONTEXT(2) 
PARAMETRIC_REPRESENTATION_CONTEXT() REPRESENTATION_CONTEXT('2D SPACE',''
  ) );
#4257 = PCURVE('',#186,#4258);
#4258 = DEFINITIONAL_REPRESENTATION('',(#4259),#4264);
#4259 = B_SPLINE_CURVE_WITH_KNOTS('',3,(#4260,#4261,#4262,#4263),
  .UNSPECIFIED.,.F.,.F.,(4,4),(0.,1.),.PIECEWISE_BEZIER_KNOTS.);
#4260 = CARTESIAN_POINT('',(-7.625892554966,3.75443241251));
#4261 = CARTESIAN_POINT('',(-7.722535789544,3.55813555535));
#4262 = CARTESIAN_POINT('',(-7.811595081791,3.358105109905));
#4263 = CARTESIAN_POINT('',(-7.892805129294,3.154936955154));
#4264 = ( GEOMETRIC_REPRESENTATION_CONTEXT(2) 
PARAMETRIC_REPRESENTATION_CONTEXT() REPRESENTATION_CONTEXT('2D SPACE',''
  ) );
#4265 = ORIENTED_EDGE('',*,*,#4266,.F.);
#4266 = EDGE_CURVE('',#4216,#4242,#4267,.T.);
#4267 = SURFACE_CURVE('',#4268,(#4271,#4278),.PCURVE_S1.);
#4268 = B_SPLINE_CURVE_WITH_KNOTS('',1,(#4269,#4270),.UNSPECIFIED.,.F.,
  .F.,(2,2),(0.,1.),.PIECEWISE_BEZIER_KNOTS.);
#4269 = CARTESIAN_POINT('',(7.892805129294,3.154936955154,0.));
#4270 = CARTESIAN_POINT('',(7.892805129294,3.154936955154,10.));
#4271 = PCURVE('',#4196,#4272);
#4272 = DEFINITIONAL_REPRESENTATION('',(#4273),#4277);
#4273 = LINE('',#4274,#4275);
#4274 = CARTESIAN_POINT('',(0.,1.));
#4275 = VECTOR('',#4276,1.);
#4276 = DIRECTION('',(1.,0.));
#4277 = ( GEOMETRIC_REPRESENTATION_CONTEXT(2) 
PARAMETRIC_REPRESENTATION_CONTEXT() REPRESENTATION_CONTEXT('2D SPACE',''
  ) );
#4278 = PCURVE('',#4279,#4288);
#4279 = B_SPLINE_SURFACE_WITH_KNOTS('',1,3,(
    (#4280,#4281,#4282,#4283)
    ,(#4284,#4285,#4286,#4287
    )),.UNSPECIFIED.,.F.,.F.,.F.,(2,2),(4,4),(0.,1.),(0.,1.),
  .PIECEWISE_BEZIER_KNOTS.);
#4280 = CARTESIAN_POINT('',(7.892805129294,3.154936955154,0.));
#4281 = CARTESIAN_POINT('',(7.5897703041,2.724289087714,0.));
#4282 = CARTESIAN_POINT('',(7.225265677143,2.296115101105,0.));
#4283 = CARTESIAN_POINT('',(6.734469885061,2.077718780281,0.));
#4284 = CARTESIAN_POINT('',(7.892805129294,3.154936955154,10.));
#4285 = CARTESIAN_POINT('',(7.5897703041,2.724289087714,10.));
#4286 = CARTESIAN_POINT('',(7.225265677143,2.296115101105,10.));
#4287 = CARTESIAN_POINT('',(6.734469885061,2.077718780281,10.));
#4288 = DEFINITIONAL_REPRESENTATION('',(#4289),#4293);
#4289 = LINE('',#4290,#4291);
#4290 = CARTESIAN_POINT('',(0.,0.));
#4291 = VECTOR('',#4292,1.);
#4292 = DIRECTION('',(1.,0.));
#4293 = ( GEOMETRIC_REPRESENTATION_CONTEXT(2) 
PARAMETRIC_REPRESENTATION_CONTEXT() REPRESENTATION_CONTEXT('2D SPACE',''
  ) );
#4294 = ADVANCED_FACE('',(#4295),#4279,.T.);
#4295 = FACE_BOUND('',#4296,.T.);
#4296 = EDGE_LOOP('',(#4297,#4322,#4323,#4348));
#4297 = ORIENTED_EDGE('',*,*,#4298,.F.);
#4298 = EDGE_CURVE('',#4216,#4299,#4301,.T.);
#4299 = VERTEX_POINT('',#4300);
#4300 = CARTESIAN_POINT('',(6.734469885061,2.077718780281,0.));
#4301 = SURFACE_CURVE('',#4302,(#4307,#4314),.PCURVE_S1.);
#4302 = B_SPLINE_CURVE_WITH_KNOTS('',3,(#4303,#4304,#4305,#4306),
  .UNSPECIFIED.,.F.,.F.,(4,4),(0.,1.),.PIECEWISE_BEZIER_KNOTS.);
#4303 = CARTESIAN_POINT('',(7.892805129294,3.154936955154,0.));
#4304 = CARTESIAN_POINT('',(7.5897703041,2.724289087714,0.));
#4305 = CARTESIAN_POINT('',(7.225265677143,2.296115101105,0.));
#4306 = CARTESIAN_POINT('',(6.734469885061,2.077718780281,0.));
#4307 = PCURVE('',#4279,#4308);
#4308 = DEFINITIONAL_REPRESENTATION('',(#4309),#4313);
#4309 = LINE('',#4310,#4311);
#4310 = CARTESIAN_POINT('',(0.,0.));
#4311 = VECTOR('',#4312,1.);
#4312 = DIRECTION('',(0.,1.));
#4313 = ( GEOMETRIC_REPRESENTATION_CONTEXT(2) 
PARAMETRIC_REPRESENTATION_CONTEXT() REPRESENTATION_CONTEXT('2D SPACE',''
  ) );
#4314 = PCURVE('',#125,#4315);
#4315 = DEFINITIONAL_REPRESENTATION('',(#4316),#4321);
#4316 = B_SPLINE_CURVE_WITH_KNOTS('',3,(#4317,#4318,#4319,#4320),
  .UNSPECIFIED.,.F.,.F.,(4,4),(0.,1.),.PIECEWISE_BEZIER_KNOTS.);
#4317 = CARTESIAN_POINT('',(7.892805129294,3.154936955154));
#4318 = CARTESIAN_POINT('',(7.5897703041,2.724289087714));
#4319 = CARTESIAN_POINT('',(7.225265677143,2.296115101105));
#4320 = CARTESIAN_POINT('',(6.734469885061,2.077718780281));
#4321 = ( GEOMETRIC_REPRESENTATION_CONTEXT(2) 
PARAMETRIC_REPRESENTATION_CONTEXT() REPRESENTATION_CONTEXT('2D SPACE',''
  ) );
#4322 = ORIENTED_EDGE('',*,*,#4266,.T.);
#4323 = ORIENTED_EDGE('',*,*,#4324,.T.);
#4324 = EDGE_CURVE('',#4242,#4325,#4327,.T.);
#4325 = VERTEX_POINT('',#4326);
#4326 = CARTESIAN_POINT('',(6.734469885061,2.077718780281,10.));
#4327 = SURFACE_CURVE('',#4328,(#4333,#4340),.PCURVE_S1.);
#4328 = B_SPLINE_CURVE_WITH_KNOTS('',3,(#4329,#4330,#4331,#4332),
  .UNSPECIFIED.,.F.,.F.,(4,4),(0.,1.),.PIECEWISE_BEZIER_KNOTS.);
#4329 = CARTESIAN_POINT('',(7.892805129294,3.154936955154,10.));
#4330 = CARTESIAN_POINT('',(7.5897703041,2.724289087714,10.));
#4331 = CARTESIAN_POINT('',(7.225265677143,2.296115101105,10.));
#4332 = CARTESIAN_POINT('',(6.734469885061,2.077718780281,10.));
#4333 = PCURVE('',#4279,#4334);
#4334 = DEFINITIONAL_REPRESENTATION('',(#4335),#4339);
#4335 = LINE('',#4336,#4337);
#4336 = CARTESIAN_POINT('',(1.,0.));
#4337 = VECTOR('',#4338,1.);
#4338 = DIRECTION('',(0.,1.));
#4339 = ( GEOMETRIC_REPRESENTATION_CONTEXT(2) 
PARAMETRIC_REPRESENTATION_CONTEXT() REPRESENTATION_CONTEXT('2D SPACE',''
  ) );
#4340 = PCURVE('',#186,#4341);
#4341 = DEFINITIONAL_REPRESENTATION('',(#4342),#4347);
#4342 = B_SPLINE_CURVE_WITH_KNOTS('',3,(#4343,#4344,#4345,#4346),
  .UNSPECIFIED.,.F.,.F.,(4,4),(0.,1.),.PIECEWISE_BEZIER_KNOTS.);
#4343 = CARTESIAN_POINT('',(-7.892805129294,3.154936955154));
#4344 = CARTESIAN_POINT('',(-7.5897703041,2.724289087714));
#4345 = CARTESIAN_POINT('',(-7.225265677143,2.296115101105));
#4346 = CARTESIAN_POINT('',(-6.734469885061,2.077718780281));
#4347 = ( GEOMETRIC_REPRESENTATION_CONTEXT(2) 
PARAMETRIC_REPRESENTATION_CONTEXT() REPRESENTATION_CONTEXT('2D SPACE',''
  ) );
#4348 = ORIENTED_EDGE('',*,*,#4349,.F.);
#4349 = EDGE_CURVE('',#4299,#4325,#4350,.T.);
#4350 = SURFACE_CURVE('',#4351,(#4354,#4361),.PCURVE_S1.);
#4351 = B_SPLINE_CURVE_WITH_KNOTS('',1,(#4352,#4353),.UNSPECIFIED.,.F.,
  .F.,(2,2),(0.,1.),.PIECEWISE_BEZIER_KNOTS.);
#4352 = CARTESIAN_POINT('',(6.734469885061,2.077718780281,0.));
#4353 = CARTESIAN_POINT('',(6.734469885061,2.077718780281,10.));
#4354 = PCURVE('',#4279,#4355);
#4355 = DEFINITIONAL_REPRESENTATION('',(#4356),#4360);
#4356 = LINE('',#4357,#4358);
#4357 = CARTESIAN_POINT('',(0.,1.));
#4358 = VECTOR('',#4359,1.);
#4359 = DIRECTION('',(1.,0.));
#4360 = ( GEOMETRIC_REPRESENTATION_CONTEXT(2) 
PARAMETRIC_REPRESENTATION_CONTEXT() REPRESENTATION_CONTEXT('2D SPACE',''
  ) );
#4361 = PCURVE('',#4362,#4371);
#4362 = B_SPLINE_SURFACE_WITH_KNOTS('',1,3,(
    (#4363,#4364,#4365,#4366)
    ,(#4367,#4368,#4369,#4370
    )),.UNSPECIFIED.,.F.,.F.,.F.,(2,2),(4,4),(0.,1.),(0.,1.),
  .PIECEWISE_BEZIER_KNOTS.);
#4363 = CARTESIAN_POINT('',(6.734469885061,2.077718780281,0.));
#4364 = CARTESIAN_POINT('',(5.711437177123,1.988507299929,0.));
#4365 = CARTESIAN_POINT('',(6.026456273677,0.506458973222,0.));
#4366 = CARTESIAN_POINT('',(6.997328735075,0.84106511996,0.));
#4367 = CARTESIAN_POINT('',(6.734469885061,2.077718780281,10.));
#4368 = CARTESIAN_POINT('',(5.711437177123,1.988507299929,10.));
#4369 = CARTESIAN_POINT('',(6.026456273677,0.506458973222,10.));
#4370 = CARTESIAN_POINT('',(6.997328735075,0.84106511996,10.));
#4371 = DEFINITIONAL_REPRESENTATION('',(#4372),#4376);
#4372 = LINE('',#4373,#4374);
#4373 = CARTESIAN_POINT('',(0.,0.));
#4374 = VECTOR('',#4375,1.);
#4375 = DIRECTION('',(1.,0.));
#4376 = ( GEOMETRIC_REPRESENTATION_CONTEXT(2) 
PARAMETRIC_REPRESENTATION_CONTEXT() REPRESENTATION_CONTEXT('2D SPACE',''
  ) );
#4377 = ADVANCED_FACE('',(#4378),#4362,.T.);
#4378 = FACE_BOUND('',#4379,.T.);
#4379 = EDGE_LOOP('',(#4380,#4405,#4406,#4431));
#4380 = ORIENTED_EDGE('',*,*,#4381,.F.);
#4381 = EDGE_CURVE('',#4299,#4382,#4384,.T.);
#4382 = VERTEX_POINT('',#4383);
#4383 = CARTESIAN_POINT('',(6.997328735075,0.84106511996,0.));
#4384 = SURFACE_CURVE('',#4385,(#4390,#4397),.PCURVE_S1.);
#4385 = B_SPLINE_CURVE_WITH_KNOTS('',3,(#4386,#4387,#4388,#4389),
  .UNSPECIFIED.,.F.,.F.,(4,4),(0.,1.),.PIECEWISE_BEZIER_KNOTS.);
#4386 = CARTESIAN_POINT('',(6.734469885061,2.077718780281,0.));
#4387 = CARTESIAN_POINT('',(5.711437177123,1.988507299929,0.));
#4388 = CARTESIAN_POINT('',(6.026456273677,0.506458973222,0.));
#4389 = CARTESIAN_POINT('',(6.997328735075,0.84106511996,0.));
#4390 = PCURVE('',#4362,#4391);
#4391 = DEFINITIONAL_REPRESENTATION('',(#4392),#4396);
#4392 = LINE('',#4393,#4394);
#4393 = CARTESIAN_POINT('',(0.,0.));
#4394 = VECTOR('',#4395,1.);
#4395 = DIRECTION('',(0.,1.));
#4396 = ( GEOMETRIC_REPRESENTATION_CONTEXT(2) 
PARAMETRIC_REPRESENTATION_CONTEXT() REPRESENTATION_CONTEXT('2D SPACE',''
  ) );
#4397 = PCURVE('',#125,#4398);
#4398 = DEFINITIONAL_REPRESENTATION('',(#4399),#4404);
#4399 = B_SPLINE_CURVE_WITH_KNOTS('',3,(#4400,#4401,#4402,#4403),
  .UNSPECIFIED.,.F.,.F.,(4,4),(0.,1.),.PIECEWISE_BEZIER_KNOTS.);
#4400 = CARTESIAN_POINT('',(6.734469885061,2.077718780281));
#4401 = CARTESIAN_POINT('',(5.711437177123,1.988507299929));
#4402 = CARTESIAN_POINT('',(6.026456273677,0.506458973222));
#4403 = CARTESIAN_POINT('',(6.997328735075,0.84106511996));
#4404 = ( GEOMETRIC_REPRESENTATION_CONTEXT(2) 
PARAMETRIC_REPRESENTATION_CONTEXT() REPRESENTATION_CONTEXT('2D SPACE',''
  ) );
#4405 = ORIENTED_EDGE('',*,*,#4349,.T.);
#4406 = ORIENTED_EDGE('',*,*,#4407,.T.);
#4407 = EDGE_CURVE('',#4325,#4408,#4410,.T.);
#4408 = VERTEX_POINT('',#4409);
#4409 = CARTESIAN_POINT('',(6.997328735075,0.84106511996,10.));
#4410 = SURFACE_CURVE('',#4411,(#4416,#4423),.PCURVE_S1.);
#4411 = B_SPLINE_CURVE_WITH_KNOTS('',3,(#4412,#4413,#4414,#4415),
  .UNSPECIFIED.,.F.,.F.,(4,4),(0.,1.),.PIECEWISE_BEZIER_KNOTS.);
#4412 = CARTESIAN_POINT('',(6.734469885061,2.077718780281,10.));
#4413 = CARTESIAN_POINT('',(5.711437177123,1.988507299929,10.));
#4414 = CARTESIAN_POINT('',(6.026456273677,0.506458973222,10.));
#4415 = CARTESIAN_POINT('',(6.997328735075,0.84106511996,10.));
#4416 = PCURVE('',#4362,#4417);
#4417 = DEFINITIONAL_REPRESENTATION('',(#4418),#4422);
#4418 = LINE('',#4419,#4420);
#4419 = CARTESIAN_POINT('',(1.,0.));
#4420 = VECTOR('',#4421,1.);
#4421 = DIRECTION('',(0.,1.));
#4422 = ( GEOMETRIC_REPRESENTATION_CONTEXT(2) 
PARAMETRIC_REPRESENTATION_CONTEXT() REPRESENTATION_CONTEXT('2D SPACE',''
  ) );
#4423 = PCURVE('',#186,#4424);
#4424 = DEFINITIONAL_REPRESENTATION('',(#4425),#4430);
#4425 = B_SPLINE_CURVE_WITH_KNOTS('',3,(#4426,#4427,#4428,#4429),
  .UNSPECIFIED.,.F.,.F.,(4,4),(0.,1.),.PIECEWISE_BEZIER_KNOTS.);
#4426 = CARTESIAN_POINT('',(-6.734469885061,2.077718780281));
#4427 = CARTESIAN_POINT('',(-5.711437177123,1.988507299929));
#4428 = CARTESIAN_POINT('',(-6.026456273677,0.506458973222));
#4429 = CARTESIAN_POINT('',(-6.997328735075,0.84106511996));
#4430 = ( GEOMETRIC_REPRESENTATION_CONTEXT(2) 
PARAMETRIC_REPRESENTATION_CONTEXT() REPRESENTATION_CONTEXT('2D SPACE',''
  ) );
#4431 = ORIENTED_EDGE('',*,*,#4432,.F.);
#4432 = EDGE_CURVE('',#4382,#4408,#4433,.T.);
#4433 = SURFACE_CURVE('',#4434,(#4437,#4444),.PCURVE_S1.);
#4434 = B_SPLINE_CURVE_WITH_KNOTS('',1,(#4435,#4436),.UNSPECIFIED.,.F.,
  .F.,(2,2),(0.,1.),.PIECEWISE_BEZIER_KNOTS.);
#4435 = CARTESIAN_POINT('',(6.997328735075,0.84106511996,0.));
#4436 = CARTESIAN_POINT('',(6.997328735075,0.84106511996,10.));
#4437 = PCURVE('',#4362,#4438);
#4438 = DEFINITIONAL_REPRESENTATION('',(#4439),#4443);
#4439 = LINE('',#4440,#4441);
#4440 = CARTESIAN_POINT('',(0.,1.));
#4441 = VECTOR('',#4442,1.);
#4442 = DIRECTION('',(1.,0.));
#4443 = ( GEOMETRIC_REPRESENTATION_CONTEXT(2) 
PARAMETRIC_REPRESENTATION_CONTEXT() REPRESENTATION_CONTEXT('2D SPACE',''
  ) );
#4444 = PCURVE('',#4445,#4454);
#4445 = B_SPLINE_SURFACE_WITH_KNOTS('',1,3,(
    (#4446,#4447,#4448,#4449)
    ,(#4450,#4451,#4452,#4453
    )),.UNSPECIFIED.,.F.,.F.,.F.,(2,2),(4,4),(0.,1.),(0.,1.),
  .PIECEWISE_BEZIER_KNOTS.);
#4446 = CARTESIAN_POINT('',(6.997328735075,0.84106511996,0.));
#4447 = CARTESIAN_POINT('',(7.534522787954,0.841174786012,0.));
#4448 = CARTESIAN_POINT('',(8.041668384166,0.59827577382,0.));
#4449 = CARTESIAN_POINT('',(8.49366474018,0.328114738211,0.));
#4450 = CARTESIAN_POINT('',(6.997328735075,0.84106511996,10.));
#4451 = CARTESIAN_POINT('',(7.534522787954,0.841174786012,10.));
#4452 = CARTESIAN_POINT('',(8.041668384166,0.59827577382,10.));
#4453 = CARTESIAN_POINT('',(8.49366474018,0.328114738211,10.));
#4454 = DEFINITIONAL_REPRESENTATION('',(#4455),#4459);
#4455 = LINE('',#4456,#4457);
#4456 = CARTESIAN_POINT('',(0.,0.));
#4457 = VECTOR('',#4458,1.);
#4458 = DIRECTION('',(1.,0.));
#4459 = ( GEOMETRIC_REPRESENTATION_CONTEXT(2) 
PARAMETRIC_REPRESENTATION_CONTEXT() REPRESENTATION_CONTEXT('2D SPACE',''
  ) );
#4460 = ADVANCED_FACE('',(#4461),#4445,.T.);
#4461 = FACE_BOUND('',#4462,.T.);
#4462 = EDGE_LOOP('',(#4463,#4488,#4489,#4514));
#4463 = ORIENTED_EDGE('',*,*,#4464,.F.);
#4464 = EDGE_CURVE('',#4382,#4465,#4467,.T.);
#4465 = VERTEX_POINT('',#4466);
#4466 = CARTESIAN_POINT('',(8.49366474018,0.328114738211,0.));
#4467 = SURFACE_CURVE('',#4468,(#4473,#4480),.PCURVE_S1.);
#4468 = B_SPLINE_CURVE_WITH_KNOTS('',3,(#4469,#4470,#4471,#4472),
  .UNSPECIFIED.,.F.,.F.,(4,4),(0.,1.),.PIECEWISE_BEZIER_KNOTS.);
#4469 = CARTESIAN_POINT('',(6.997328735075,0.84106511996,0.));
#4470 = CARTESIAN_POINT('',(7.534522787954,0.841174786012,0.));
#4471 = CARTESIAN_POINT('',(8.041668384166,0.59827577382,0.));
#4472 = CARTESIAN_POINT('',(8.49366474018,0.328114738211,0.));
#4473 = PCURVE('',#4445,#4474);
#4474 = DEFINITIONAL_REPRESENTATION('',(#4475),#4479);
#4475 = LINE('',#4476,#4477);
#4476 = CARTESIAN_POINT('',(0.,0.));
#4477 = VECTOR('',#4478,1.);
#4478 = DIRECTION('',(0.,1.));
#4479 = ( GEOMETRIC_REPRESENTATION_CONTEXT(2) 
PARAMETRIC_REPRESENTATION_CONTEXT() REPRESENTATION_CONTEXT('2D SPACE',''
  ) );
#4480 = PCURVE('',#125,#4481);
#4481 = DEFINITIONAL_REPRESENTATION('',(#4482),#4487);
#4482 = B_SPLINE_CURVE_WITH_KNOTS('',3,(#4483,#4484,#4485,#4486),
  .UNSPECIFIED.,.F.,.F.,(4,4),(0.,1.),.PIECEWISE_BEZIER_KNOTS.);
#4483 = CARTESIAN_POINT('',(6.997328735075,0.84106511996));
#4484 = CARTESIAN_POINT('',(7.534522787954,0.841174786012));
#4485 = CARTESIAN_POINT('',(8.041668384166,0.59827577382));
#4486 = CARTESIAN_POINT('',(8.49366474018,0.328114738211));
#4487 = ( GEOMETRIC_REPRESENTATION_CONTEXT(2) 
PARAMETRIC_REPRESENTATION_CONTEXT() REPRESENTATION_CONTEXT('2D SPACE',''
  ) );
#4488 = ORIENTED_EDGE('',*,*,#4432,.T.);
#4489 = ORIENTED_EDGE('',*,*,#4490,.T.);
#4490 = EDGE_CURVE('',#4408,#4491,#4493,.T.);
#4491 = VERTEX_POINT('',#4492);
#4492 = CARTESIAN_POINT('',(8.49366474018,0.328114738211,10.));
#4493 = SURFACE_CURVE('',#4494,(#4499,#4506),.PCURVE_S1.);
#4494 = B_SPLINE_CURVE_WITH_KNOTS('',3,(#4495,#4496,#4497,#4498),
  .UNSPECIFIED.,.F.,.F.,(4,4),(0.,1.),.PIECEWISE_BEZIER_KNOTS.);
#4495 = CARTESIAN_POINT('',(6.997328735075,0.84106511996,10.));
#4496 = CARTESIAN_POINT('',(7.534522787954,0.841174786012,10.));
#4497 = CARTESIAN_POINT('',(8.041668384166,0.59827577382,10.));
#4498 = CARTESIAN_POINT('',(8.49366474018,0.328114738211,10.));
#4499 = PCURVE('',#4445,#4500);
#4500 = DEFINITIONAL_REPRESENTATION('',(#4501),#4505);
#4501 = LINE('',#4502,#4503);
#4502 = CARTESIAN_POINT('',(1.,0.));
#4503 = VECTOR('',#4504,1.);
#4504 = DIRECTION('',(0.,1.));
#4505 = ( GEOMETRIC_REPRESENTATION_CONTEXT(2) 
PARAMETRIC_REPRESENTATION_CONTEXT() REPRESENTATION_CONTEXT('2D SPACE',''
  ) );
#4506 = PCURVE('',#186,#4507);
#4507 = DEFINITIONAL_REPRESENTATION('',(#4508),#4513);
#4508 = B_SPLINE_CURVE_WITH_KNOTS('',3,(#4509,#4510,#4511,#4512),
  .UNSPECIFIED.,.F.,.F.,(4,4),(0.,1.),.PIECEWISE_BEZIER_KNOTS.);
#4509 = CARTESIAN_POINT('',(-6.997328735075,0.84106511996));
#4510 = CARTESIAN_POINT('',(-7.534522787954,0.841174786012));
#4511 = CARTESIAN_POINT('',(-8.041668384166,0.59827577382));
#4512 = CARTESIAN_POINT('',(-8.49366474018,0.328114738211));
#4513 = ( GEOMETRIC_REPRESENTATION_CONTEXT(2) 
PARAMETRIC_REPRESENTATION_CONTEXT() REPRESENTATION_CONTEXT('2D SPACE',''
  ) );
#4514 = ORIENTED_EDGE('',*,*,#4515,.F.);
#4515 = EDGE_CURVE('',#4465,#4491,#4516,.T.);
#4516 = SURFACE_CURVE('',#4517,(#4520,#4527),.PCURVE_S1.);
#4517 = B_SPLINE_CURVE_WITH_KNOTS('',1,(#4518,#4519),.UNSPECIFIED.,.F.,
  .F.,(2,2),(0.,1.),.PIECEWISE_BEZIER_KNOTS.);
#4518 = CARTESIAN_POINT('',(8.49366474018,0.328114738211,0.));
#4519 = CARTESIAN_POINT('',(8.49366474018,0.328114738211,10.));
#4520 = PCURVE('',#4445,#4521);
#4521 = DEFINITIONAL_REPRESENTATION('',(#4522),#4526);
#4522 = LINE('',#4523,#4524);
#4523 = CARTESIAN_POINT('',(0.,1.));
#4524 = VECTOR('',#4525,1.);
#4525 = DIRECTION('',(1.,0.));
#4526 = ( GEOMETRIC_REPRESENTATION_CONTEXT(2) 
PARAMETRIC_REPRESENTATION_CONTEXT() REPRESENTATION_CONTEXT('2D SPACE',''
  ) );
#4527 = PCURVE('',#4528,#4537);
#4528 = B_SPLINE_SURFACE_WITH_KNOTS('',1,3,(
    (#4529,#4530,#4531,#4532)
    ,(#4533,#4534,#4535,#4536
    )),.UNSPECIFIED.,.F.,.F.,.F.,(2,2),(4,4),(0.,1.),(0.,1.),
  .PIECEWISE_BEZIER_KNOTS.);
#4529 = CARTESIAN_POINT('',(8.49366474018,0.328114738211,0.));
#4530 = CARTESIAN_POINT('',(8.502111603412,0.109480291195,0.));
#4531 = CARTESIAN_POINT('',(8.502111603412,-0.109480291195,0.));
#4532 = CARTESIAN_POINT('',(8.49366474018,-0.328114738211,0.));
#4533 = CARTESIAN_POINT('',(8.49366474018,0.328114738211,10.));
#4534 = CARTESIAN_POINT('',(8.502111603412,0.109480291195,10.));
#4535 = CARTESIAN_POINT('',(8.502111603412,-0.109480291195,10.));
#4536 = CARTESIAN_POINT('',(8.49366474018,-0.328114738211,10.));
#4537 = DEFINITIONAL_REPRESENTATION('',(#4538),#4542);
#4538 = LINE('',#4539,#4540);
#4539 = CARTESIAN_POINT('',(0.,0.));
#4540 = VECTOR('',#4541,1.);
#4541 = DIRECTION('',(1.,0.));
#4542 = ( GEOMETRIC_REPRESENTATION_CONTEXT(2) 
PARAMETRIC_REPRESENTATION_CONTEXT() REPRESENTATION_CONTEXT('2D SPACE',''
  ) );
#4543 = ADVANCED_FACE('',(#4544),#4528,.T.);
#4544 = FACE_BOUND('',#4545,.T.);
#4545 = EDGE_LOOP('',(#4546,#4571,#4572,#4597));
#4546 = ORIENTED_EDGE('',*,*,#4547,.F.);
#4547 = EDGE_CURVE('',#4465,#4548,#4550,.T.);
#4548 = VERTEX_POINT('',#4549);
#4549 = CARTESIAN_POINT('',(8.49366474018,-0.328114738211,0.));
#4550 = SURFACE_CURVE('',#4551,(#4556,#4563),.PCURVE_S1.);
#4551 = B_SPLINE_CURVE_WITH_KNOTS('',3,(#4552,#4553,#4554,#4555),
  .UNSPECIFIED.,.F.,.F.,(4,4),(0.,1.),.PIECEWISE_BEZIER_KNOTS.);
#4552 = CARTESIAN_POINT('',(8.49366474018,0.328114738211,0.));
#4553 = CARTESIAN_POINT('',(8.502111603412,0.109480291195,0.));
#4554 = CARTESIAN_POINT('',(8.502111603412,-0.109480291195,0.));
#4555 = CARTESIAN_POINT('',(8.49366474018,-0.328114738211,0.));
#4556 = PCURVE('',#4528,#4557);
#4557 = DEFINITIONAL_REPRESENTATION('',(#4558),#4562);
#4558 = LINE('',#4559,#4560);
#4559 = CARTESIAN_POINT('',(0.,0.));
#4560 = VECTOR('',#4561,1.);
#4561 = DIRECTION('',(0.,1.));
#4562 = ( GEOMETRIC_REPRESENTATION_CONTEXT(2) 
PARAMETRIC_REPRESENTATION_CONTEXT() REPRESENTATION_CONTEXT('2D SPACE',''
  ) );
#4563 = PCURVE('',#125,#4564);
#4564 = DEFINITIONAL_REPRESENTATION('',(#4565),#4570);
#4565 = B_SPLINE_CURVE_WITH_KNOTS('',3,(#4566,#4567,#4568,#4569),
  .UNSPECIFIED.,.F.,.F.,(4,4),(0.,1.),.PIECEWISE_BEZIER_KNOTS.);
#4566 = CARTESIAN_POINT('',(8.49366474018,0.328114738211));
#4567 = CARTESIAN_POINT('',(8.502111603412,0.109480291195));
#4568 = CARTESIAN_POINT('',(8.502111603412,-0.109480291195));
#4569 = CARTESIAN_POINT('',(8.49366474018,-0.328114738211));
#4570 = ( GEOMETRIC_REPRESENTATION_CONTEXT(2) 
PARAMETRIC_REPRESENTATION_CONTEXT() REPRESENTATION_CONTEXT('2D SPACE',''
  ) );
#4571 = ORIENTED_EDGE('',*,*,#4515,.T.);
#4572 = ORIENTED_EDGE('',*,*,#4573,.T.);
#4573 = EDGE_CURVE('',#4491,#4574,#4576,.T.);
#4574 = VERTEX_POINT('',#4575);
#4575 = CARTESIAN_POINT('',(8.49366474018,-0.328114738211,10.));
#4576 = SURFACE_CURVE('',#4577,(#4582,#4589),.PCURVE_S1.);
#4577 = B_SPLINE_CURVE_WITH_KNOTS('',3,(#4578,#4579,#4580,#4581),
  .UNSPECIFIED.,.F.,.F.,(4,4),(0.,1.),.PIECEWISE_BEZIER_KNOTS.);
#4578 = CARTESIAN_POINT('',(8.49366474018,0.328114738211,10.));
#4579 = CARTESIAN_POINT('',(8.502111603412,0.109480291195,10.));
#4580 = CARTESIAN_POINT('',(8.502111603412,-0.109480291195,10.));
#4581 = CARTESIAN_POINT('',(8.49366474018,-0.328114738211,10.));
#4582 = PCURVE('',#4528,#4583);
#4583 = DEFINITIONAL_REPRESENTATION('',(#4584),#4588);
#4584 = LINE('',#4585,#4586);
#4585 = CARTESIAN_POINT('',(1.,0.));
#4586 = VECTOR('',#4587,1.);
#4587 = DIRECTION('',(0.,1.));
#4588 = ( GEOMETRIC_REPRESENTATION_CONTEXT(2) 
PARAMETRIC_REPRESENTATION_CONTEXT() REPRESENTATION_CONTEXT('2D SPACE',''
  ) );
#4589 = PCURVE('',#186,#4590);
#4590 = DEFINITIONAL_REPRESENTATION('',(#4591),#4596);
#4591 = B_SPLINE_CURVE_WITH_KNOTS('',3,(#4592,#4593,#4594,#4595),
  .UNSPECIFIED.,.F.,.F.,(4,4),(0.,1.),.PIECEWISE_BEZIER_KNOTS.);
#4592 = CARTESIAN_POINT('',(-8.49366474018,0.328114738211));
#4593 = CARTESIAN_POINT('',(-8.502111603412,0.109480291195));
#4594 = CARTESIAN_POINT('',(-8.502111603412,-0.109480291195));
#4595 = CARTESIAN_POINT('',(-8.49366474018,-0.328114738211));
#4596 = ( GEOMETRIC_REPRESENTATION_CONTEXT(2) 
PARAMETRIC_REPRESENTATION_CONTEXT() REPRESENTATION_CONTEXT('2D SPACE',''
  ) );
#4597 = ORIENTED_EDGE('',*,*,#4598,.F.);
#4598 = EDGE_CURVE('',#4548,#4574,#4599,.T.);
#4599 = SURFACE_CURVE('',#4600,(#4603,#4610),.PCURVE_S1.);
#4600 = B_SPLINE_CURVE_WITH_KNOTS('',1,(#4601,#4602),.UNSPECIFIED.,.F.,
  .F.,(2,2),(0.,1.),.PIECEWISE_BEZIER_KNOTS.);
#4601 = CARTESIAN_POINT('',(8.49366474018,-0.328114738211,0.));
#4602 = CARTESIAN_POINT('',(8.49366474018,-0.328114738211,10.));
#4603 = PCURVE('',#4528,#4604);
#4604 = DEFINITIONAL_REPRESENTATION('',(#4605),#4609);
#4605 = LINE('',#4606,#4607);
#4606 = CARTESIAN_POINT('',(0.,1.));
#4607 = VECTOR('',#4608,1.);
#4608 = DIRECTION('',(1.,0.));
#4609 = ( GEOMETRIC_REPRESENTATION_CONTEXT(2) 
PARAMETRIC_REPRESENTATION_CONTEXT() REPRESENTATION_CONTEXT('2D SPACE',''
  ) );
#4610 = PCURVE('',#4611,#4620);
#4611 = B_SPLINE_SURFACE_WITH_KNOTS('',1,3,(
    (#4612,#4613,#4614,#4615)
    ,(#4616,#4617,#4618,#4619
    )),.UNSPECIFIED.,.F.,.F.,.F.,(2,2),(4,4),(0.,1.),(0.,1.),
  .PIECEWISE_BEZIER_KNOTS.);
#4612 = CARTESIAN_POINT('',(8.49366474018,-0.328114738211,0.));
#4613 = CARTESIAN_POINT('',(8.041668384166,-0.59827577382,0.));
#4614 = CARTESIAN_POINT('',(7.534522787954,-0.841174786012,0.));
#4615 = CARTESIAN_POINT('',(6.997328735075,-0.84106511996,0.));
#4616 = CARTESIAN_POINT('',(8.49366474018,-0.328114738211,10.));
#4617 = CARTESIAN_POINT('',(8.041668384166,-0.59827577382,10.));
#4618 = CARTESIAN_POINT('',(7.534522787954,-0.841174786012,10.));
#4619 = CARTESIAN_POINT('',(6.997328735075,-0.84106511996,10.));
#4620 = DEFINITIONAL_REPRESENTATION('',(#4621),#4625);
#4621 = LINE('',#4622,#4623);
#4622 = CARTESIAN_POINT('',(0.,0.));
#4623 = VECTOR('',#4624,1.);
#4624 = DIRECTION('',(1.,0.));
#4625 = ( GEOMETRIC_REPRESENTATION_CONTEXT(2) 
PARAMETRIC_REPRESENTATION_CONTEXT() REPRESENTATION_CONTEXT('2D SPACE',''
  ) );
#4626 = ADVANCED_FACE('',(#4627),#4611,.T.);
#4627 = FACE_BOUND('',#4628,.T.);
#4628 = EDGE_LOOP('',(#4629,#4654,#4655,#4680));
#4629 = ORIENTED_EDGE('',*,*,#4630,.F.);
#4630 = EDGE_CURVE('',#4548,#4631,#4633,.T.);
#4631 = VERTEX_POINT('',#4632);
#4632 = CARTESIAN_POINT('',(6.997328735075,-0.84106511996,0.));
#4633 = SURFACE_CURVE('',#4634,(#4639,#4646),.PCURVE_S1.);
#4634 = B_SPLINE_CURVE_WITH_KNOTS('',3,(#4635,#4636,#4637,#4638),
  .UNSPECIFIED.,.F.,.F.,(4,4),(0.,1.),.PIECEWISE_BEZIER_KNOTS.);
#4635 = CARTESIAN_POINT('',(8.49366474018,-0.328114738211,0.));
#4636 = CARTESIAN_POINT('',(8.041668384166,-0.59827577382,0.));
#4637 = CARTESIAN_POINT('',(7.534522787954,-0.841174786012,0.));
#4638 = CARTESIAN_POINT('',(6.997328735075,-0.84106511996,0.));
#4639 = PCURVE('',#4611,#4640);
#4640 = DEFINITIONAL_REPRESENTATION('',(#4641),#4645);
#4641 = LINE('',#4642,#4643);
#4642 = CARTESIAN_POINT('',(0.,0.));
#4643 = VECTOR('',#4644,1.);
#4644 = DIRECTION('',(0.,1.));
#4645 = ( GEOMETRIC_REPRESENTATION_CONTEXT(2) 
PARAMETRIC_REPRESENTATION_CONTEXT() REPRESENTATION_CONTEXT('2D SPACE',''
  ) );
#4646 = PCURVE('',#125,#4647);
#4647 = DEFINITIONAL_REPRESENTATION('',(#4648),#4653);
#4648 = B_SPLINE_CURVE_WITH_KNOTS('',3,(#4649,#4650,#4651,#4652),
  .UNSPECIFIED.,.F.,.F.,(4,4),(0.,1.),.PIECEWISE_BEZIER_KNOTS.);
#4649 = CARTESIAN_POINT('',(8.49366474018,-0.328114738211));
#4650 = CARTESIAN_POINT('',(8.041668384166,-0.59827577382));
#4651 = CARTESIAN_POINT('',(7.534522787954,-0.841174786012));
#4652 = CARTESIAN_POINT('',(6.997328735075,-0.84106511996));
#4653 = ( GEOMETRIC_REPRESENTATION_CONTEXT(2) 
PARAMETRIC_REPRESENTATION_CONTEXT() REPRESENTATION_CONTEXT('2D SPACE',''
  ) );
#4654 = ORIENTED_EDGE('',*,*,#4598,.T.);
#4655 = ORIENTED_EDGE('',*,*,#4656,.T.);
#4656 = EDGE_CURVE('',#4574,#4657,#4659,.T.);
#4657 = VERTEX_POINT('',#4658);
#4658 = CARTESIAN_POINT('',(6.997328735075,-0.84106511996,10.));
#4659 = SURFACE_CURVE('',#4660,(#4665,#4672),.PCURVE_S1.);
#4660 = B_SPLINE_CURVE_WITH_KNOTS('',3,(#4661,#4662,#4663,#4664),
  .UNSPECIFIED.,.F.,.F.,(4,4),(0.,1.),.PIECEWISE_BEZIER_KNOTS.);
#4661 = CARTESIAN_POINT('',(8.49366474018,-0.328114738211,10.));
#4662 = CARTESIAN_POINT('',(8.041668384166,-0.59827577382,10.));
#4663 = CARTESIAN_POINT('',(7.534522787954,-0.841174786012,10.));
#4664 = CARTESIAN_POINT('',(6.997328735075,-0.84106511996,10.));
#4665 = PCURVE('',#4611,#4666);
#4666 = DEFINITIONAL_REPRESENTATION('',(#4667),#4671);
#4667 = LINE('',#4668,#4669);
#4668 = CARTESIAN_POINT('',(1.,0.));
#4669 = VECTOR('',#4670,1.);
#4670 = DIRECTION('',(0.,1.));
#4671 = ( GEOMETRIC_REPRESENTATION_CONTEXT(2) 
PARAMETRIC_REPRESENTATION_CONTEXT() REPRESENTATION_CONTEXT('2D SPACE',''
  ) );
#4672 = PCURVE('',#186,#4673);
#4673 = DEFINITIONAL_REPRESENTATION('',(#4674),#4679);
#4674 = B_SPLINE_CURVE_WITH_KNOTS('',3,(#4675,#4676,#4677,#4678),
  .UNSPECIFIED.,.F.,.F.,(4,4),(0.,1.),.PIECEWISE_BEZIER_KNOTS.);
#4675 = CARTESIAN_POINT('',(-8.49366474018,-0.328114738211));
#4676 = CARTESIAN_POINT('',(-8.041668384166,-0.59827577382));
#4677 = CARTESIAN_POINT('',(-7.534522787954,-0.841174786012));
#4678 = CARTESIAN_POINT('',(-6.997328735075,-0.84106511996));
#4679 = ( GEOMETRIC_REPRESENTATION_CONTEXT(2) 
PARAMETRIC_REPRESENTATION_CONTEXT() REPRESENTATION_CONTEXT('2D SPACE',''
  ) );
#4680 = ORIENTED_EDGE('',*,*,#4681,.F.);
#4681 = EDGE_CURVE('',#4631,#4657,#4682,.T.);
#4682 = SURFACE_CURVE('',#4683,(#4686,#4693),.PCURVE_S1.);
#4683 = B_SPLINE_CURVE_WITH_KNOTS('',1,(#4684,#4685),.UNSPECIFIED.,.F.,
  .F.,(2,2),(0.,1.),.PIECEWISE_BEZIER_KNOTS.);
#4684 = CARTESIAN_POINT('',(6.997328735075,-0.84106511996,0.));
#4685 = CARTESIAN_POINT('',(6.997328735075,-0.84106511996,10.));
#4686 = PCURVE('',#4611,#4687);
#4687 = DEFINITIONAL_REPRESENTATION('',(#4688),#4692);
#4688 = LINE('',#4689,#4690);
#4689 = CARTESIAN_POINT('',(0.,1.));
#4690 = VECTOR('',#4691,1.);
#4691 = DIRECTION('',(1.,0.));
#4692 = ( GEOMETRIC_REPRESENTATION_CONTEXT(2) 
PARAMETRIC_REPRESENTATION_CONTEXT() REPRESENTATION_CONTEXT('2D SPACE',''
  ) );
#4693 = PCURVE('',#4694,#4703);
#4694 = B_SPLINE_SURFACE_WITH_KNOTS('',1,3,(
    (#4695,#4696,#4697,#4698)
    ,(#4699,#4700,#4701,#4702
    )),.UNSPECIFIED.,.F.,.F.,.F.,(2,2),(4,4),(0.,1.),(0.,1.),
  .PIECEWISE_BEZIER_KNOTS.);
#4695 = CARTESIAN_POINT('',(6.997328735075,-0.84106511996,0.));
#4696 = CARTESIAN_POINT('',(6.026456273677,-0.506458973222,0.));
#4697 = CARTESIAN_POINT('',(5.711437177123,-1.988507299929,0.));
#4698 = CARTESIAN_POINT('',(6.734469885061,-2.077718780281,0.));
#4699 = CARTESIAN_POINT('',(6.997328735075,-0.84106511996,10.));
#4700 = CARTESIAN_POINT('',(6.026456273677,-0.506458973222,10.));
#4701 = CARTESIAN_POINT('',(5.711437177123,-1.988507299929,10.));
#4702 = CARTESIAN_POINT('',(6.734469885061,-2.077718780281,10.));
#4703 = DEFINITIONAL_REPRESENTATION('',(#4704),#4708);
#4704 = LINE('',#4705,#4706);
#4705 = CARTESIAN_POINT('',(0.,0.));
#4706 = VECTOR('',#4707,1.);
#4707 = DIRECTION('',(1.,0.));
#4708 = ( GEOMETRIC_REPRESENTATION_CONTEXT(2) 
PARAMETRIC_REPRESENTATION_CONTEXT() REPRESENTATION_CONTEXT('2D SPACE',''
  ) );
#4709 = ADVANCED_FACE('',(#4710),#4694,.T.);
#4710 = FACE_BOUND('',#4711,.T.);
#4711 = EDGE_LOOP('',(#4712,#4737,#4738,#4763));
#4712 = ORIENTED_EDGE('',*,*,#4713,.F.);
#4713 = EDGE_CURVE('',#4631,#4714,#4716,.T.);
#4714 = VERTEX_POINT('',#4715);
#4715 = CARTESIAN_POINT('',(6.734469885061,-2.077718780281,0.));
#4716 = SURFACE_CURVE('',#4717,(#4722,#4729),.PCURVE_S1.);
#4717 = B_SPLINE_CURVE_WITH_KNOTS('',3,(#4718,#4719,#4720,#4721),
  .UNSPECIFIED.,.F.,.F.,(4,4),(0.,1.),.PIECEWISE_BEZIER_KNOTS.);
#4718 = CARTESIAN_POINT('',(6.997328735075,-0.84106511996,0.));
#4719 = CARTESIAN_POINT('',(6.026456273677,-0.506458973222,0.));
#4720 = CARTESIAN_POINT('',(5.711437177123,-1.988507299929,0.));
#4721 = CARTESIAN_POINT('',(6.734469885061,-2.077718780281,0.));
#4722 = PCURVE('',#4694,#4723);
#4723 = DEFINITIONAL_REPRESENTATION('',(#4724),#4728);
#4724 = LINE('',#4725,#4726);
#4725 = CARTESIAN_POINT('',(0.,0.));
#4726 = VECTOR('',#4727,1.);
#4727 = DIRECTION('',(0.,1.));
#4728 = ( GEOMETRIC_REPRESENTATION_CONTEXT(2) 
PARAMETRIC_REPRESENTATION_CONTEXT() REPRESENTATION_CONTEXT('2D SPACE',''
  ) );
#4729 = PCURVE('',#125,#4730);
#4730 = DEFINITIONAL_REPRESENTATION('',(#4731),#4736);
#4731 = B_SPLINE_CURVE_WITH_KNOTS('',3,(#4732,#4733,#4734,#4735),
  .UNSPECIFIED.,.F.,.F.,(4,4),(0.,1.),.PIECEWISE_BEZIER_KNOTS.);
#4732 = CARTESIAN_POINT('',(6.997328735075,-0.84106511996));
#4733 = CARTESIAN_POINT('',(6.026456273677,-0.506458973222));
#4734 = CARTESIAN_POINT('',(5.711437177123,-1.988507299929));
#4735 = CARTESIAN_POINT('',(6.734469885061,-2.077718780281));
#4736 = ( GEOMETRIC_REPRESENTATION_CONTEXT(2) 
PARAMETRIC_REPRESENTATION_CONTEXT() REPRESENTATION_CONTEXT('2D SPACE',''
  ) );
#4737 = ORIENTED_EDGE('',*,*,#4681,.T.);
#4738 = ORIENTED_EDGE('',*,*,#4739,.T.);
#4739 = EDGE_CURVE('',#4657,#4740,#4742,.T.);
#4740 = VERTEX_POINT('',#4741);
#4741 = CARTESIAN_POINT('',(6.734469885061,-2.077718780281,10.));
#4742 = SURFACE_CURVE('',#4743,(#4748,#4755),.PCURVE_S1.);
#4743 = B_SPLINE_CURVE_WITH_KNOTS('',3,(#4744,#4745,#4746,#4747),
  .UNSPECIFIED.,.F.,.F.,(4,4),(0.,1.),.PIECEWISE_BEZIER_KNOTS.);
#4744 = CARTESIAN_POINT('',(6.997328735075,-0.84106511996,10.));
#4745 = CARTESIAN_POINT('',(6.026456273677,-0.506458973222,10.));
#4746 = CARTESIAN_POINT('',(5.711437177123,-1.988507299929,10.));
#4747 = CARTESIAN_POINT('',(6.734469885061,-2.077718780281,10.));
#4748 = PCURVE('',#4694,#4749);
#4749 = DEFINITIONAL_REPRESENTATION('',(#4750),#4754);
#4750 = LINE('',#4751,#4752);
#4751 = CARTESIAN_POINT('',(1.,0.));
#4752 = VECTOR('',#4753,1.);
#4753 = DIRECTION('',(0.,1.));
#4754 = ( GEOMETRIC_REPRESENTATION_CONTEXT(2) 
PARAMETRIC_REPRESENTATION_CONTEXT() REPRESENTATION_CONTEXT('2D SPACE',''
  ) );
#4755 = PCURVE('',#186,#4756);
#4756 = DEFINITIONAL_REPRESENTATION('',(#4757),#4762);
#4757 = B_SPLINE_CURVE_WITH_KNOTS('',3,(#4758,#4759,#4760,#4761),
  .UNSPECIFIED.,.F.,.F.,(4,4),(0.,1.),.PIECEWISE_BEZIER_KNOTS.);
#4758 = CARTESIAN_POINT('',(-6.997328735075,-0.84106511996));
#4759 = CARTESIAN_POINT('',(-6.026456273677,-0.506458973222));
#4760 = CARTESIAN_POINT('',(-5.711437177123,-1.988507299929));
#4761 = CARTESIAN_POINT('',(-6.734469885061,-2.077718780281));
#4762 = ( GEOMETRIC_REPRESENTATION_CONTEXT(2) 
PARAMETRIC_REPRESENTATION_CONTEXT() REPRESENTATION_CONTEXT('2D SPACE',''
  ) );
#4763 = ORIENTED_EDGE('',*,*,#4764,.F.);
#4764 = EDGE_CURVE('',#4714,#4740,#4765,.T.);
#4765 = SURFACE_CURVE('',#4766,(#4769,#4776),.PCURVE_S1.);
#4766 = B_SPLINE_CURVE_WITH_KNOTS('',1,(#4767,#4768),.UNSPECIFIED.,.F.,
  .F.,(2,2),(0.,1.),.PIECEWISE_BEZIER_KNOTS.);
#4767 = CARTESIAN_POINT('',(6.734469885061,-2.077718780281,0.));
#4768 = CARTESIAN_POINT('',(6.734469885061,-2.077718780281,10.));
#4769 = PCURVE('',#4694,#4770);
#4770 = DEFINITIONAL_REPRESENTATION('',(#4771),#4775);
#4771 = LINE('',#4772,#4773);
#4772 = CARTESIAN_POINT('',(0.,1.));
#4773 = VECTOR('',#4774,1.);
#4774 = DIRECTION('',(1.,0.));
#4775 = ( GEOMETRIC_REPRESENTATION_CONTEXT(2) 
PARAMETRIC_REPRESENTATION_CONTEXT() REPRESENTATION_CONTEXT('2D SPACE',''
  ) );
#4776 = PCURVE('',#4777,#4786);
#4777 = B_SPLINE_SURFACE_WITH_KNOTS('',1,3,(
    (#4778,#4779,#4780,#4781)
    ,(#4782,#4783,#4784,#4785
    )),.UNSPECIFIED.,.F.,.F.,.F.,(2,2),(4,4),(0.,1.),(0.,1.),
  .PIECEWISE_BEZIER_KNOTS.);
#4778 = CARTESIAN_POINT('',(6.734469885061,-2.077718780281,0.));
#4779 = CARTESIAN_POINT('',(7.225265677143,-2.296115101105,0.));
#4780 = CARTESIAN_POINT('',(7.5897703041,-2.724289087714,0.));
#4781 = CARTESIAN_POINT('',(7.892805129294,-3.154936955154,0.));
#4782 = CARTESIAN_POINT('',(6.734469885061,-2.077718780281,10.));
#4783 = CARTESIAN_POINT('',(7.225265677143,-2.296115101105,10.));
#4784 = CARTESIAN_POINT('',(7.5897703041,-2.724289087714,10.));
#4785 = CARTESIAN_POINT('',(7.892805129294,-3.154936955154,10.));
#4786 = DEFINITIONAL_REPRESENTATION('',(#4787),#4791);
#4787 = LINE('',#4788,#4789);
#4788 = CARTESIAN_POINT('',(0.,0.));
#4789 = VECTOR('',#4790,1.);
#4790 = DIRECTION('',(1.,0.));
#4791 = ( GEOMETRIC_REPRESENTATION_CONTEXT(2) 
PARAMETRIC_REPRESENTATION_CONTEXT() REPRESENTATION_CONTEXT('2D SPACE',''
  ) );
#4792 = ADVANCED_FACE('',(#4793),#4777,.T.);
#4793 = FACE_BOUND('',#4794,.T.);
#4794 = EDGE_LOOP('',(#4795,#4820,#4821,#4846));
#4795 = ORIENTED_EDGE('',*,*,#4796,.F.);
#4796 = EDGE_CURVE('',#4714,#4797,#4799,.T.);
#4797 = VERTEX_POINT('',#4798);
#4798 = CARTESIAN_POINT('',(7.892805129294,-3.154936955154,0.));
#4799 = SURFACE_CURVE('',#4800,(#4805,#4812),.PCURVE_S1.);
#4800 = B_SPLINE_CURVE_WITH_KNOTS('',3,(#4801,#4802,#4803,#4804),
  .UNSPECIFIED.,.F.,.F.,(4,4),(0.,1.),.PIECEWISE_BEZIER_KNOTS.);
#4801 = CARTESIAN_POINT('',(6.734469885061,-2.077718780281,0.));
#4802 = CARTESIAN_POINT('',(7.225265677143,-2.296115101105,0.));
#4803 = CARTESIAN_POINT('',(7.5897703041,-2.724289087714,0.));
#4804 = CARTESIAN_POINT('',(7.892805129294,-3.154936955154,0.));
#4805 = PCURVE('',#4777,#4806);
#4806 = DEFINITIONAL_REPRESENTATION('',(#4807),#4811);
#4807 = LINE('',#4808,#4809);
#4808 = CARTESIAN_POINT('',(0.,0.));
#4809 = VECTOR('',#4810,1.);
#4810 = DIRECTION('',(0.,1.));
#4811 = ( GEOMETRIC_REPRESENTATION_CONTEXT(2) 
PARAMETRIC_REPRESENTATION_CONTEXT() REPRESENTATION_CONTEXT('2D SPACE',''
  ) );
#4812 = PCURVE('',#125,#4813);
#4813 = DEFINITIONAL_REPRESENTATION('',(#4814),#4819);
#4814 = B_SPLINE_CURVE_WITH_KNOTS('',3,(#4815,#4816,#4817,#4818),
  .UNSPECIFIED.,.F.,.F.,(4,4),(0.,1.),.PIECEWISE_BEZIER_KNOTS.);
#4815 = CARTESIAN_POINT('',(6.734469885061,-2.077718780281));
#4816 = CARTESIAN_POINT('',(7.225265677143,-2.296115101105));
#4817 = CARTESIAN_POINT('',(7.5897703041,-2.724289087714));
#4818 = CARTESIAN_POINT('',(7.892805129294,-3.154936955154));
#4819 = ( GEOMETRIC_REPRESENTATION_CONTEXT(2) 
PARAMETRIC_REPRESENTATION_CONTEXT() REPRESENTATION_CONTEXT('2D SPACE',''
  ) );
#4820 = ORIENTED_EDGE('',*,*,#4764,.T.);
#4821 = ORIENTED_EDGE('',*,*,#4822,.T.);
#4822 = EDGE_CURVE('',#4740,#4823,#4825,.T.);
#4823 = VERTEX_POINT('',#4824);
#4824 = CARTESIAN_POINT('',(7.892805129294,-3.154936955154,10.));
#4825 = SURFACE_CURVE('',#4826,(#4831,#4838),.PCURVE_S1.);
#4826 = B_SPLINE_CURVE_WITH_KNOTS('',3,(#4827,#4828,#4829,#4830),
  .UNSPECIFIED.,.F.,.F.,(4,4),(0.,1.),.PIECEWISE_BEZIER_KNOTS.);
#4827 = CARTESIAN_POINT('',(6.734469885061,-2.077718780281,10.));
#4828 = CARTESIAN_POINT('',(7.225265677143,-2.296115101105,10.));
#4829 = CARTESIAN_POINT('',(7.5897703041,-2.724289087714,10.));
#4830 = CARTESIAN_POINT('',(7.892805129294,-3.154936955154,10.));
#4831 = PCURVE('',#4777,#4832);
#4832 = DEFINITIONAL_REPRESENTATION('',(#4833),#4837);
#4833 = LINE('',#4834,#4835);
#4834 = CARTESIAN_POINT('',(1.,0.));
#4835 = VECTOR('',#4836,1.);
#4836 = DIRECTION('',(0.,1.));
#4837 = ( GEOMETRIC_REPRESENTATION_CONTEXT(2) 
PARAMETRIC_REPRESENTATION_CONTEXT() REPRESENTATION_CONTEXT('2D SPACE',''
  ) );
#4838 = PCURVE('',#186,#4839);
#4839 = DEFINITIONAL_REPRESENTATION('',(#4840),#4845);
#4840 = B_SPLINE_CURVE_WITH_KNOTS('',3,(#4841,#4842,#4843,#4844),
  .UNSPECIFIED.,.F.,.F.,(4,4),(0.,1.),.PIECEWISE_BEZIER_KNOTS.);
#4841 = CARTESIAN_POINT('',(-6.734469885061,-2.077718780281));
#4842 = CARTESIAN_POINT('',(-7.225265677143,-2.296115101105));
#4843 = CARTESIAN_POINT('',(-7.5897703041,-2.724289087714));
#4844 = CARTESIAN_POINT('',(-7.892805129294,-3.154936955154));
#4845 = ( GEOMETRIC_REPRESENTATION_CONTEXT(2) 
PARAMETRIC_REPRESENTATION_CONTEXT() REPRESENTATION_CONTEXT('2D SPACE',''
  ) );
#4846 = ORIENTED_EDGE('',*,*,#4847,.F.);
#4847 = EDGE_CURVE('',#4797,#4823,#4848,.T.);
#4848 = SURFACE_CURVE('',#4849,(#4852,#4859),.PCURVE_S1.);
#4849 = B_SPLINE_CURVE_WITH_KNOTS('',1,(#4850,#4851),.UNSPECIFIED.,.F.,
  .F.,(2,2),(0.,1.),.PIECEWISE_BEZIER_KNOTS.);
#4850 = CARTESIAN_POINT('',(7.892805129294,-3.154936955154,0.));
#4851 = CARTESIAN_POINT('',(7.892805129294,-3.154936955154,10.));
#4852 = PCURVE('',#4777,#4853);
#4853 = DEFINITIONAL_REPRESENTATION('',(#4854),#4858);
#4854 = LINE('',#4855,#4856);
#4855 = CARTESIAN_POINT('',(0.,1.));
#4856 = VECTOR('',#4857,1.);
#4857 = DIRECTION('',(1.,0.));
#4858 = ( GEOMETRIC_REPRESENTATION_CONTEXT(2) 
PARAMETRIC_REPRESENTATION_CONTEXT() REPRESENTATION_CONTEXT('2D SPACE',''
  ) );
#4859 = PCURVE('',#4860,#4869);
#4860 = B_SPLINE_SURFACE_WITH_KNOTS('',1,3,(
    (#4861,#4862,#4863,#4864)
    ,(#4865,#4866,#4867,#4868
    )),.UNSPECIFIED.,.F.,.F.,.F.,(2,2),(4,4),(0.,1.),(0.,1.),
  .PIECEWISE_BEZIER_KNOTS.);
#4861 = CARTESIAN_POINT('',(7.892805129294,-3.154936955154,0.));
#4862 = CARTESIAN_POINT('',(7.811595081791,-3.358105109905,0.));
#4863 = CARTESIAN_POINT('',(7.722535789544,-3.55813555535,0.));
#4864 = CARTESIAN_POINT('',(7.625892554966,-3.75443241251,0.));
#4865 = CARTESIAN_POINT('',(7.892805129294,-3.154936955154,10.));
#4866 = CARTESIAN_POINT('',(7.811595081791,-3.358105109905,10.));
#4867 = CARTESIAN_POINT('',(7.722535789544,-3.55813555535,10.));
#4868 = CARTESIAN_POINT('',(7.625892554966,-3.75443241251,10.));
#4869 = DEFINITIONAL_REPRESENTATION('',(#4870),#4874);
#4870 = LINE('',#4871,#4872);
#4871 = CARTESIAN_POINT('',(0.,0.));
#4872 = VECTOR('',#4873,1.);
#4873 = DIRECTION('',(1.,0.));
#4874 = ( GEOMETRIC_REPRESENTATION_CONTEXT(2) 
PARAMETRIC_REPRESENTATION_CONTEXT() REPRESENTATION_CONTEXT('2D SPACE',''
  ) );
#4875 = ADVANCED_FACE('',(#4876),#4860,.T.);
#4876 = FACE_BOUND('',#4877,.T.);
#4877 = EDGE_LOOP('',(#4878,#4903,#4904,#4929));
#4878 = ORIENTED_EDGE('',*,*,#4879,.F.);
#4879 = EDGE_CURVE('',#4797,#4880,#4882,.T.);
#4880 = VERTEX_POINT('',#4881);
#4881 = CARTESIAN_POINT('',(7.625892554966,-3.75443241251,0.));
#4882 = SURFACE_CURVE('',#4883,(#4888,#4895),.PCURVE_S1.);
#4883 = B_SPLINE_CURVE_WITH_KNOTS('',3,(#4884,#4885,#4886,#4887),
  .UNSPECIFIED.,.F.,.F.,(4,4),(0.,1.),.PIECEWISE_BEZIER_KNOTS.);
#4884 = CARTESIAN_POINT('',(7.892805129294,-3.154936955154,0.));
#4885 = CARTESIAN_POINT('',(7.811595081791,-3.358105109905,0.));
#4886 = CARTESIAN_POINT('',(7.722535789544,-3.55813555535,0.));
#4887 = CARTESIAN_POINT('',(7.625892554966,-3.75443241251,0.));
#4888 = PCURVE('',#4860,#4889);
#4889 = DEFINITIONAL_REPRESENTATION('',(#4890),#4894);
#4890 = LINE('',#4891,#4892);
#4891 = CARTESIAN_POINT('',(0.,0.));
#4892 = VECTOR('',#4893,1.);
#4893 = DIRECTION('',(0.,1.));
#4894 = ( GEOMETRIC_REPRESENTATION_CONTEXT(2) 
PARAMETRIC_REPRESENTATION_CONTEXT() REPRESENTATION_CONTEXT('2D SPACE',''
  ) );
#4895 = PCURVE('',#125,#4896);
#4896 = DEFINITIONAL_REPRESENTATION('',(#4897),#4902);
#4897 = B_SPLINE_CURVE_WITH_KNOTS('',3,(#4898,#4899,#4900,#4901),
  .UNSPECIFIED.,.F.,.F.,(4,4),(0.,1.),.PIECEWISE_BEZIER_KNOTS.);
#4898 = CARTESIAN_POINT('',(7.892805129294,-3.154936955154));
#4899 = CARTESIAN_POINT('',(7.811595081791,-3.358105109905));
#4900 = CARTESIAN_POINT('',(7.722535789544,-3.55813555535));
#4901 = CARTESIAN_POINT('',(7.625892554966,-3.75443241251));
#4902 = ( GEOMETRIC_REPRESENTATION_CONTEXT(2) 
PARAMETRIC_REPRESENTATION_CONTEXT() REPRESENTATION_CONTEXT('2D SPACE',''
  ) );
#4903 = ORIENTED_EDGE('',*,*,#4847,.T.);
#4904 = ORIENTED_EDGE('',*,*,#4905,.T.);
#4905 = EDGE_CURVE('',#4823,#4906,#4908,.T.);
#4906 = VERTEX_POINT('',#4907);
#4907 = CARTESIAN_POINT('',(7.625892554966,-3.75443241251,10.));
#4908 = SURFACE_CURVE('',#4909,(#4914,#4921),.PCURVE_S1.);
#4909 = B_SPLINE_CURVE_WITH_KNOTS('',3,(#4910,#4911,#4912,#4913),
  .UNSPECIFIED.,.F.,.F.,(4,4),(0.,1.),.PIECEWISE_BEZIER_KNOTS.);
#4910 = CARTESIAN_POINT('',(7.892805129294,-3.154936955154,10.));
#4911 = CARTESIAN_POINT('',(7.811595081791,-3.358105109905,10.));
#4912 = CARTESIAN_POINT('',(7.722535789544,-3.55813555535,10.));
#4913 = CARTESIAN_POINT('',(7.625892554966,-3.75443241251,10.));
#4914 = PCURVE('',#4860,#4915);
#4915 = DEFINITIONAL_REPRESENTATION('',(#4916),#4920);
#4916 = LINE('',#4917,#4918);
#4917 = CARTESIAN_POINT('',(1.,0.));
#4918 = VECTOR('',#4919,1.);
#4919 = DIRECTION('',(0.,1.));
#4920 = ( GEOMETRIC_REPRESENTATION_CONTEXT(2) 
PARAMETRIC_REPRESENTATION_CONTEXT() REPRESENTATION_CONTEXT('2D SPACE',''
  ) );
#4921 = PCURVE('',#186,#4922);
#4922 = DEFINITIONAL_REPRESENTATION('',(#4923),#4928);
#4923 = B_SPLINE_CURVE_WITH_KNOTS('',3,(#4924,#4925,#4926,#4927),
  .UNSPECIFIED.,.F.,.F.,(4,4),(0.,1.),.PIECEWISE_BEZIER_KNOTS.);
#4924 = CARTESIAN_POINT('',(-7.892805129294,-3.154936955154));
#4925 = CARTESIAN_POINT('',(-7.811595081791,-3.358105109905));
#4926 = CARTESIAN_POINT('',(-7.722535789544,-3.55813555535));
#4927 = CARTESIAN_POINT('',(-7.625892554966,-3.75443241251));
#4928 = ( GEOMETRIC_REPRESENTATION_CONTEXT(2) 
PARAMETRIC_REPRESENTATION_CONTEXT() REPRESENTATION_CONTEXT('2D SPACE',''
  ) );
#4929 = ORIENTED_EDGE('',*,*,#4930,.F.);
#4930 = EDGE_CURVE('',#4880,#4906,#4931,.T.);
#4931 = SURFACE_CURVE('',#4932,(#4935,#4942),.PCURVE_S1.);
#4932 = B_SPLINE_CURVE_WITH_KNOTS('',1,(#4933,#4934),.UNSPECIFIED.,.F.,
  .F.,(2,2),(0.,1.),.PIECEWISE_BEZIER_KNOTS.);
#4933 = CARTESIAN_POINT('',(7.625892554966,-3.75443241251,0.));
#4934 = CARTESIAN_POINT('',(7.625892554966,-3.75443241251,10.));
#4935 = PCURVE('',#4860,#4936);
#4936 = DEFINITIONAL_REPRESENTATION('',(#4937),#4941);
#4937 = LINE('',#4938,#4939);
#4938 = CARTESIAN_POINT('',(0.,1.));
#4939 = VECTOR('',#4940,1.);
#4940 = DIRECTION('',(1.,0.));
#4941 = ( GEOMETRIC_REPRESENTATION_CONTEXT(2) 
PARAMETRIC_REPRESENTATION_CONTEXT() REPRESENTATION_CONTEXT('2D SPACE',''
  ) );
#4942 = PCURVE('',#4943,#4952);
#4943 = B_SPLINE_SURFACE_WITH_KNOTS('',1,3,(
    (#4944,#4945,#4946,#4947)
    ,(#4948,#4949,#4950,#4951
    )),.UNSPECIFIED.,.F.,.F.,.F.,(2,2),(4,4),(0.,1.),(0.,1.),
  .PIECEWISE_BEZIER_KNOTS.);
#4944 = CARTESIAN_POINT('',(7.625892554966,-3.75443241251,0.));
#4945 = CARTESIAN_POINT('',(7.103088944346,-3.817393318895,0.));
#4946 = CARTESIAN_POINT('',(6.540992459737,-3.833017910796,0.));
#4947 = CARTESIAN_POINT('',(6.050285878059,-3.614421220123,0.));
#4948 = CARTESIAN_POINT('',(7.625892554966,-3.75443241251,10.));
#4949 = CARTESIAN_POINT('',(7.103088944346,-3.817393318895,10.));
#4950 = CARTESIAN_POINT('',(6.540992459737,-3.833017910796,10.));
#4951 = CARTESIAN_POINT('',(6.050285878059,-3.614421220123,10.));
#4952 = DEFINITIONAL_REPRESENTATION('',(#4953),#4957);
#4953 = LINE('',#4954,#4955);
#4954 = CARTESIAN_POINT('',(0.,0.));
#4955 = VECTOR('',#4956,1.);
#4956 = DIRECTION('',(1.,0.));
#4957 = ( GEOMETRIC_REPRESENTATION_CONTEXT(2) 
PARAMETRIC_REPRESENTATION_CONTEXT() REPRESENTATION_CONTEXT('2D SPACE',''
  ) );
#4958 = ADVANCED_FACE('',(#4959),#4943,.T.);
#4959 = FACE_BOUND('',#4960,.T.);
#4960 = EDGE_LOOP('',(#4961,#4986,#4987,#5012));
#4961 = ORIENTED_EDGE('',*,*,#4962,.F.);
#4962 = EDGE_CURVE('',#4880,#4963,#4965,.T.);
#4963 = VERTEX_POINT('',#4964);
#4964 = CARTESIAN_POINT('',(6.050285878059,-3.614421220123,0.));
#4965 = SURFACE_CURVE('',#4966,(#4971,#4978),.PCURVE_S1.);
#4966 = B_SPLINE_CURVE_WITH_KNOTS('',3,(#4967,#4968,#4969,#4970),
  .UNSPECIFIED.,.F.,.F.,(4,4),(0.,1.),.PIECEWISE_BEZIER_KNOTS.);
#4967 = CARTESIAN_POINT('',(7.625892554966,-3.75443241251,0.));
#4968 = CARTESIAN_POINT('',(7.103088944346,-3.817393318895,0.));
#4969 = CARTESIAN_POINT('',(6.540992459737,-3.833017910796,0.));
#4970 = CARTESIAN_POINT('',(6.050285878059,-3.614421220123,0.));
#4971 = PCURVE('',#4943,#4972);
#4972 = DEFINITIONAL_REPRESENTATION('',(#4973),#4977);
#4973 = LINE('',#4974,#4975);
#4974 = CARTESIAN_POINT('',(0.,0.));
#4975 = VECTOR('',#4976,1.);
#4976 = DIRECTION('',(0.,1.));
#4977 = ( GEOMETRIC_REPRESENTATION_CONTEXT(2) 
PARAMETRIC_REPRESENTATION_CONTEXT() REPRESENTATION_CONTEXT('2D SPACE',''
  ) );
#4978 = PCURVE('',#125,#4979);
#4979 = DEFINITIONAL_REPRESENTATION('',(#4980),#4985);
#4980 = B_SPLINE_CURVE_WITH_KNOTS('',3,(#4981,#4982,#4983,#4984),
  .UNSPECIFIED.,.F.,.F.,(4,4),(0.,1.),.PIECEWISE_BEZIER_KNOTS.);
#4981 = CARTESIAN_POINT('',(7.625892554966,-3.75443241251));
#4982 = CARTESIAN_POINT('',(7.103088944346,-3.817393318895));
#4983 = CARTESIAN_POINT('',(6.540992459737,-3.833017910796));
#4984 = CARTESIAN_POINT('',(6.050285878059,-3.614421220123));
#4985 = ( GEOMETRIC_REPRESENTATION_CONTEXT(2) 
PARAMETRIC_REPRESENTATION_CONTEXT() REPRESENTATION_CONTEXT('2D SPACE',''
  ) );
#4986 = ORIENTED_EDGE('',*,*,#4930,.T.);
#4987 = ORIENTED_EDGE('',*,*,#4988,.T.);
#4988 = EDGE_CURVE('',#4906,#4989,#4991,.T.);
#4989 = VERTEX_POINT('',#4990);
#4990 = CARTESIAN_POINT('',(6.050285878059,-3.614421220123,10.));
#4991 = SURFACE_CURVE('',#4992,(#4997,#5004),.PCURVE_S1.);
#4992 = B_SPLINE_CURVE_WITH_KNOTS('',3,(#4993,#4994,#4995,#4996),
  .UNSPECIFIED.,.F.,.F.,(4,4),(0.,1.),.PIECEWISE_BEZIER_KNOTS.);
#4993 = CARTESIAN_POINT('',(7.625892554966,-3.75443241251,10.));
#4994 = CARTESIAN_POINT('',(7.103088944346,-3.817393318895,10.));
#4995 = CARTESIAN_POINT('',(6.540992459737,-3.833017910796,10.));
#4996 = CARTESIAN_POINT('',(6.050285878059,-3.614421220123,10.));
#4997 = PCURVE('',#4943,#4998);
#4998 = DEFINITIONAL_REPRESENTATION('',(#4999),#5003);
#4999 = LINE('',#5000,#5001);
#5000 = CARTESIAN_POINT('',(1.,0.));
#5001 = VECTOR('',#5002,1.);
#5002 = DIRECTION('',(0.,1.));
#5003 = ( GEOMETRIC_REPRESENTATION_CONTEXT(2) 
PARAMETRIC_REPRESENTATION_CONTEXT() REPRESENTATION_CONTEXT('2D SPACE',''
  ) );
#5004 = PCURVE('',#186,#5005);
#5005 = DEFINITIONAL_REPRESENTATION('',(#5006),#5011);
#5006 = B_SPLINE_CURVE_WITH_KNOTS('',3,(#5007,#5008,#5009,#5010),
  .UNSPECIFIED.,.F.,.F.,(4,4),(0.,1.),.PIECEWISE_BEZIER_KNOTS.);
#5007 = CARTESIAN_POINT('',(-7.625892554966,-3.75443241251));
#5008 = CARTESIAN_POINT('',(-7.103088944346,-3.817393318895));
#5009 = CARTESIAN_POINT('',(-6.540992459737,-3.833017910796));
#5010 = CARTESIAN_POINT('',(-6.050285878059,-3.614421220123));
#5011 = ( GEOMETRIC_REPRESENTATION_CONTEXT(2) 
PARAMETRIC_REPRESENTATION_CONTEXT() REPRESENTATION_CONTEXT('2D SPACE',''
  ) );
#5012 = ORIENTED_EDGE('',*,*,#5013,.F.);
#5013 = EDGE_CURVE('',#4963,#4989,#5014,.T.);
#5014 = SURFACE_CURVE('',#5015,(#5018,#5025),.PCURVE_S1.);
#5015 = B_SPLINE_CURVE_WITH_KNOTS('',1,(#5016,#5017),.UNSPECIFIED.,.F.,
  .F.,(2,2),(0.,1.),.PIECEWISE_BEZIER_KNOTS.);
#5016 = CARTESIAN_POINT('',(6.050285878059,-3.614421220123,0.));
#5017 = CARTESIAN_POINT('',(6.050285878059,-3.614421220123,10.));
#5018 = PCURVE('',#4943,#5019);
#5019 = DEFINITIONAL_REPRESENTATION('',(#5020),#5024);
#5020 = LINE('',#5021,#5022);
#5021 = CARTESIAN_POINT('',(0.,1.));
#5022 = VECTOR('',#5023,1.);
#5023 = DIRECTION('',(1.,0.));
#5024 = ( GEOMETRIC_REPRESENTATION_CONTEXT(2) 
PARAMETRIC_REPRESENTATION_CONTEXT() REPRESENTATION_CONTEXT('2D SPACE',''
  ) );
#5025 = PCURVE('',#153,#5026);
#5026 = DEFINITIONAL_REPRESENTATION('',(#5027),#5031);
#5027 = LINE('',#5028,#5029);
#5028 = CARTESIAN_POINT('',(0.,0.));
#5029 = VECTOR('',#5030,1.);
#5030 = DIRECTION('',(1.,0.));
#5031 = ( GEOMETRIC_REPRESENTATION_CONTEXT(2) 
PARAMETRIC_REPRESENTATION_CONTEXT() REPRESENTATION_CONTEXT('2D SPACE',''
  ) );
#5032 = ADVANCED_FACE('',(#5033),#153,.T.);
#5033 = FACE_BOUND('',#5034,.T.);
#5034 = EDGE_LOOP('',(#5035,#5058,#5059,#5082));
#5035 = ORIENTED_EDGE('',*,*,#5036,.F.);
#5036 = EDGE_CURVE('',#4963,#98,#5037,.T.);
#5037 = SURFACE_CURVE('',#5038,(#5043,#5050),.PCURVE_S1.);
#5038 = B_SPLINE_CURVE_WITH_KNOTS('',3,(#5039,#5040,#5041,#5042),
  .UNSPECIFIED.,.F.,.F.,(4,4),(0.,1.),.PIECEWISE_BEZIER_KNOTS.);
#5039 = CARTESIAN_POINT('',(6.050285878059,-3.614421220123,0.));
#5040 = CARTESIAN_POINT('',(5.299446331875,-2.913853888868,0.));
#5041 = CARTESIAN_POINT('',(4.408858705867,-4.139642595901,0.));
#5042 = CARTESIAN_POINT('',(5.307160011181,-4.637246227929,0.));
#5043 = PCURVE('',#153,#5044);
#5044 = DEFINITIONAL_REPRESENTATION('',(#5045),#5049);
#5045 = LINE('',#5046,#5047);
#5046 = CARTESIAN_POINT('',(0.,0.));
#5047 = VECTOR('',#5048,1.);
#5048 = DIRECTION('',(0.,1.));
#5049 = ( GEOMETRIC_REPRESENTATION_CONTEXT(2) 
PARAMETRIC_REPRESENTATION_CONTEXT() REPRESENTATION_CONTEXT('2D SPACE',''
  ) );
#5050 = PCURVE('',#125,#5051);
#5051 = DEFINITIONAL_REPRESENTATION('',(#5052),#5057);
#5052 = B_SPLINE_CURVE_WITH_KNOTS('',3,(#5053,#5054,#5055,#5056),
  .UNSPECIFIED.,.F.,.F.,(4,4),(0.,1.),.PIECEWISE_BEZIER_KNOTS.);
#5053 = CARTESIAN_POINT('',(6.050285878059,-3.614421220123));
#5054 = CARTESIAN_POINT('',(5.299446331875,-2.913853888868));
#5055 = CARTESIAN_POINT('',(4.408858705867,-4.139642595901));
#5056 = CARTESIAN_POINT('',(5.307160011181,-4.637246227929));
#5057 = ( GEOMETRIC_REPRESENTATION_CONTEXT(2) 
PARAMETRIC_REPRESENTATION_CONTEXT() REPRESENTATION_CONTEXT('2D SPACE',''
  ) );
#5058 = ORIENTED_EDGE('',*,*,#5013,.T.);
#5059 = ORIENTED_EDGE('',*,*,#5060,.T.);
#5060 = EDGE_CURVE('',#4989,#139,#5061,.T.);
#5061 = SURFACE_CURVE('',#5062,(#5067,#5074),.PCURVE_S1.);
#5062 = B_SPLINE_CURVE_WITH_KNOTS('',3,(#5063,#5064,#5065,#5066),
  .UNSPECIFIED.,.F.,.F.,(4,4),(0.,1.),.PIECEWISE_BEZIER_KNOTS.);
#5063 = CARTESIAN_POINT('',(6.050285878059,-3.614421220123,10.));
#5064 = CARTESIAN_POINT('',(5.299446331875,-2.913853888868,10.));
#5065 = CARTESIAN_POINT('',(4.408858705867,-4.139642595901,10.));
#5066 = CARTESIAN_POINT('',(5.307160011181,-4.637246227929,10.));
#5067 = PCURVE('',#153,#5068);
#5068 = DEFINITIONAL_REPRESENTATION('',(#5069),#5073);
#5069 = LINE('',#5070,#5071);
#5070 = CARTESIAN_POINT('',(1.,0.));
#5071 = VECTOR('',#5072,1.);
#5072 = DIRECTION('',(0.,1.));
#5073 = ( GEOMETRIC_REPRESENTATION_CONTEXT(2) 
PARAMETRIC_REPRESENTATION_CONTEXT() REPRESENTATION_CONTEXT('2D SPACE',''
  ) );
#5074 = PCURVE('',#186,#5075);
#5075 = DEFINITIONAL_REPRESENTATION('',(#5076),#5081);
#5076 = B_SPLINE_CURVE_WITH_KNOTS('',3,(#5077,#5078,#5079,#5080),
  .UNSPECIFIED.,.F.,.F.,(4,4),(0.,1.),.PIECEWISE_BEZIER_KNOTS.);
#5077 = CARTESIAN_POINT('',(-6.050285878059,-3.614421220123));
#5078 = CARTESIAN_POINT('',(-5.299446331875,-2.913853888868));
#5079 = CARTESIAN_POINT('',(-4.408858705867,-4.139642595901));
#5080 = CARTESIAN_POINT('',(-5.307160011181,-4.637246227929));
#5081 = ( GEOMETRIC_REPRESENTATION_CONTEXT(2) 
PARAMETRIC_REPRESENTATION_CONTEXT() REPRESENTATION_CONTEXT('2D SPACE',''
  ) );
#5082 = ORIENTED_EDGE('',*,*,#138,.F.);
#5083 = ADVANCED_FACE('',(#5084),#125,.F.);
#5084 = FACE_BOUND('',#5085,.F.);
#5085 = EDGE_LOOP('',(#5086,#5087,#5088,#5089,#5090,#5091,#5092,#5093,
    #5094,#5095,#5096,#5097,#5098,#5099,#5100,#5101,#5102,#5103,#5104,
    #5105,#5106,#5107,#5108,#5109,#5110,#5111,#5112,#5113,#5114,#5115,
    #5116,#5117,#5118,#5119,#5120,#5121,#5122,#5123,#5124,#5125,#5126,
    #5127,#5128,#5129,#5130,#5131,#5132,#5133,#5134,#5135,#5136,#5137,
    #5138,#5139,#5140,#5141,#5142,#5143,#5144,#5145));
#5086 = ORIENTED_EDGE('',*,*,#4713,.F.);
#5087 = ORIENTED_EDGE('',*,*,#4630,.F.);
#5088 = ORIENTED_EDGE('',*,*,#4547,.F.);
#5089 = ORIENTED_EDGE('',*,*,#4464,.F.);
#5090 = ORIENTED_EDGE('',*,*,#4381,.F.);
#5091 = ORIENTED_EDGE('',*,*,#4298,.F.);
#5092 = ORIENTED_EDGE('',*,*,#4215,.F.);
#5093 = ORIENTED_EDGE('',*,*,#4132,.F.);
#5094 = ORIENTED_EDGE('',*,*,#4049,.F.);
#5095 = ORIENTED_EDGE('',*,*,#3966,.F.);
#5096 = ORIENTED_EDGE('',*,*,#3883,.F.);
#5097 = ORIENTED_EDGE('',*,*,#3800,.F.);
#5098 = ORIENTED_EDGE('',*,*,#3717,.F.);
#5099 = ORIENTED_EDGE('',*,*,#3634,.F.);
#5100 = ORIENTED_EDGE('',*,*,#3551,.F.);
#5101 = ORIENTED_EDGE('',*,*,#3468,.F.);
#5102 = ORIENTED_EDGE('',*,*,#3385,.F.);
#5103 = ORIENTED_EDGE('',*,*,#3302,.F.);
#5104 = ORIENTED_EDGE('',*,*,#3219,.F.);
#5105 = ORIENTED_EDGE('',*,*,#3136,.F.);
#5106 = ORIENTED_EDGE('',*,*,#3053,.F.);
#5107 = ORIENTED_EDGE('',*,*,#2970,.F.);
#5108 = ORIENTED_EDGE('',*,*,#2887,.F.);
#5109 = ORIENTED_EDGE('',*,*,#2804,.F.);
#5110 = ORIENTED_EDGE('',*,*,#2721,.F.);
#5111 = ORIENTED_EDGE('',*,*,#2638,.F.);
#5112 = ORIENTED_EDGE('',*,*,#2555,.F.);
#5113 = ORIENTED_EDGE('',*,*,#2472,.F.);
#5114 = ORIENTED_EDGE('',*,*,#2389,.F.);
#5115 = ORIENTED_EDGE('',*,*,#2306,.F.);
#5116 = ORIENTED_EDGE('',*,*,#2223,.F.);
#5117 = ORIENTED_EDGE('',*,*,#2140,.F.);
#5118 = ORIENTED_EDGE('',*,*,#2057,.F.);
#5119 = ORIENTED_EDGE('',*,*,#1974,.F.);
#5120 = ORIENTED_EDGE('',*,*,#1891,.F.);
#5121 = ORIENTED_EDGE('',*,*,#1808,.F.);
#5122 = ORIENTED_EDGE('',*,*,#1725,.F.);
#5123 = ORIENTED_EDGE('',*,*,#1642,.F.);
#5124 = ORIENTED_EDGE('',*,*,#1559,.F.);
#5125 = ORIENTED_EDGE('',*,*,#1476,.F.);
#5126 = ORIENTED_EDGE('',*,*,#1393,.F.);
#5127 = ORIENTED_EDGE('',*,*,#1310,.F.);
#5128 = ORIENTED_EDGE('',*,*,#1227,.F.);
#5129 = ORIENTED_EDGE('',*,*,#1144,.F.);
#5130 = ORIENTED_EDGE('',*,*,#1061,.F.);
#5131 = ORIENTED_EDGE('',*,*,#978,.F.);
#5132 = ORIENTED_EDGE('',*,*,#895,.F.);
#5133 = ORIENTED_EDGE('',*,*,#812,.F.);
#5134 = ORIENTED_EDGE('',*,*,#729,.F.);
#5135 = ORIENTED_EDGE('',*,*,#646,.F.);
#5136 = ORIENTED_EDGE('',*,*,#563,.F.);
#5137 = ORIENTED_EDGE('',*,*,#480,.F.);
#5138 = ORIENTED_EDGE('',*,*,#397,.F.);
#5139 = ORIENTED_EDGE('',*,*,#314,.F.);
#5140 = ORIENTED_EDGE('',*,*,#231,.F.);
#5141 = ORIENTED_EDGE('',*,*,#97,.F.);
#5142 = ORIENTED_EDGE('',*,*,#5036,.F.);
#5143 = ORIENTED_EDGE('',*,*,#4962,.F.);
#5144 = ORIENTED_EDGE('',*,*,#4879,.F.);
#5145 = ORIENTED_EDGE('',*,*,#4796,.F.);
#5146 = ADVANCED_FACE('',(#5147),#186,.F.);
#5147 = FACE_BOUND('',#5148,.F.);
#5148 = EDGE_LOOP('',(#5149,#5150,#5151,#5152,#5153,#5154,#5155,#5156,
    #5157,#5158,#5159,#5160,#5161,#5162,#5163,#5164,#5165,#5166,#5167,
    #5168,#5169,#5170,#5171,#5172,#5173,#5174,#5175,#5176,#5177,#5178,
    #5179,#5180,#5181,#5182,#5183,#5184,#5185,#5186,#5187,#5188,#5189,
    #5190,#5191,#5192,#5193,#5194,#5195,#5196,#5197,#5198,#5199,#5200,
    #5201,#5202,#5203,#5204,#5205,#5206,#5207,#5208));
#5149 = ORIENTED_EDGE('',*,*,#2166,.T.);
#5150 = ORIENTED_EDGE('',*,*,#2249,.T.);
#5151 = ORIENTED_EDGE('',*,*,#2332,.T.);
#5152 = ORIENTED_EDGE('',*,*,#2415,.T.);
#5153 = ORIENTED_EDGE('',*,*,#2498,.T.);
#5154 = ORIENTED_EDGE('',*,*,#2581,.T.);
#5155 = ORIENTED_EDGE('',*,*,#2664,.T.);
#5156 = ORIENTED_EDGE('',*,*,#2747,.T.);
#5157 = ORIENTED_EDGE('',*,*,#2830,.T.);
#5158 = ORIENTED_EDGE('',*,*,#2913,.T.);
#5159 = ORIENTED_EDGE('',*,*,#2996,.T.);
#5160 = ORIENTED_EDGE('',*,*,#3079,.T.);
#5161 = ORIENTED_EDGE('',*,*,#3162,.T.);
#5162 = ORIENTED_EDGE('',*,*,#3245,.T.);
#5163 = ORIENTED_EDGE('',*,*,#3328,.T.);
#5164 = ORIENTED_EDGE('',*,*,#3411,.T.);
#5165 = ORIENTED_EDGE('',*,*,#3494,.T.);
#5166 = ORIENTED_EDGE('',*,*,#3577,.T.);
#5167 = ORIENTED_EDGE('',*,*,#3660,.T.);
#5168 = ORIENTED_EDGE('',*,*,#3743,.T.);
#5169 = ORIENTED_EDGE('',*,*,#3826,.T.);
#5170 = ORIENTED_EDGE('',*,*,#3909,.T.);
#5171 = ORIENTED_EDGE('',*,*,#3992,.T.);
#5172 = ORIENTED_EDGE('',*,*,#4075,.T.);
#5173 = ORIENTED_EDGE('',*,*,#4158,.T.);
#5174 = ORIENTED_EDGE('',*,*,#4241,.T.);
#5175 = ORIENTED_EDGE('',*,*,#4324,.T.);
#5176 = ORIENTED_EDGE('',*,*,#4407,.T.);
#5177 = ORIENTED_EDGE('',*,*,#4490,.T.);
#5178 = ORIENTED_EDGE('',*,*,#4573,.T.);
#5179 = ORIENTED_EDGE('',*,*,#4656,.T.);
#5180 = ORIENTED_EDGE('',*,*,#4739,.T.);
#5181 = ORIENTED_EDGE('',*,*,#4822,.T.);
#5182 = ORIENTED_EDGE('',*,*,#4905,.T.);
#5183 = ORIENTED_EDGE('',*,*,#4988,.T.);
#5184 = ORIENTED_EDGE('',*,*,#5060,.T.);
#5185 = ORIENTED_EDGE('',*,*,#169,.T.);
#5186 = ORIENTED_EDGE('',*,*,#257,.T.);
#5187 = ORIENTED_EDGE('',*,*,#340,.T.);
#5188 = ORIENTED_EDGE('',*,*,#423,.T.);
#5189 = ORIENTED_EDGE('',*,*,#506,.T.);
#5190 = ORIENTED_EDGE('',*,*,#589,.T.);
#5191 = ORIENTED_EDGE('',*,*,#672,.T.);
#5192 = ORIENTED_EDGE('',*,*,#755,.T.);
#5193 = ORIENTED_EDGE('',*,*,#838,.T.);
#5194 = ORIENTED_EDGE('',*,*,#921,.T.);
#5195 = ORIENTED_EDGE('',*,*,#1004,.T.);
#5196 = ORIENTED_EDGE('',*,*,#1087,.T.);
#5197 = ORIENTED_EDGE('',*,*,#1170,.T.);
#5198 = ORIENTED_EDGE('',*,*,#1253,.T.);
#5199 = ORIENTED_EDGE('',*,*,#1336,.T.);
#5200 = ORIENTED_EDGE('',*,*,#1419,.T.);
#5201 = ORIENTED_EDGE('',*,*,#1502,.T.);
#5202 = ORIENTED_EDGE('',*,*,#1585,.T.);
#5203 = ORIENTED_EDGE('',*,*,#1668,.T.);
#5204 = ORIENTED_EDGE('',*,*,#1751,.T.);
#5205 = ORIENTED_EDGE('',*,*,#1834,.T.);
#5206 = ORIENTED_EDGE('',*,*,#1917,.T.);
#5207 = ORIENTED_EDGE('',*,*,#2000,.T.);
#5208 = ORIENTED_EDGE('',*,*,#2083,.T.);
#5209 = ( GEOMETRIC_REPRESENTATION_CONTEXT(3) 
GLOBAL_UNCERTAINTY_ASSIGNED_CONTEXT((#5213)) 
GLOBAL_UNIT_ASSIGNED_CONTEXT((#5210,#5211,#5212)) REPRESENTATION_CONTEXT
('Context #1','3D Context with UNIT and UNCERTAINTY') );
#5210 = ( LENGTH_UNIT() NAMED_UNIT(*) SI_UNIT(.MILLI.,.METRE.) );
#5211 = ( NAMED_UNIT(*) PLANE_ANGLE_UNIT() SI_UNIT($,.RADIAN.) );
#5212 = ( NAMED_UNIT(*) SI_UNIT($,.STERADIAN.) SOLID_ANGLE_UNIT() );
#5213 = UNCERTAINTY_MEASURE_WITH_UNIT(LENGTH_MEASURE(1.E-07),#5210,
  'distance_accuracy_value','confusion accuracy');
#5214 = SHAPE_DEFINITION_REPRESENTATION(#5215,#90);
#5215 = PRODUCT_DEFINITION_SHAPE('','',#5216);
#5216 = PRODUCT_DEFINITION('design','',#5217,#5220);
#5217 = PRODUCT_DEFINITION_FORMATION('','',#5218);
#5218 = PRODUCT('gear_0_part','gear_0_part','',(#5219));
#5219 = PRODUCT_CONTEXT('',#2,'mechanical');
#5220 = PRODUCT_DEFINITION_CONTEXT('part definition',#2,'design');
#5221 = CONTEXT_DEPENDENT_SHAPE_REPRESENTATION(#5222,#5224);
#5222 = ( REPRESENTATION_RELATIONSHIP('','',#90,#80) 
REPRESENTATION_RELATIONSHIP_WITH_TRANSFORMATION(#5223) 
SHAPE_REPRESENTATION_RELATIONSHIP() );
#5223 = ITEM_DEFINED_TRANSFORMATION('','',#11,#81);
#5224 = PRODUCT_DEFINITION_SHAPE('Placement','Placement of an item',
  #5225);
#5225 = NEXT_ASSEMBLY_USAGE_OCCURRENCE('51','','',#75,#5216,$);
#5226 = PRODUCT_RELATED_PRODUCT_CATEGORY('part',$,(#5218));
#5227 = CONTEXT_DEPENDENT_SHAPE_REPRESENTATION(#5228,#5230);
#5228 = ( REPRESENTATION_RELATIONSHIP('','',#80,#32) 
REPRESENTATION_RELATIONSHIP_WITH_TRANSFORMATION(#5229) 
SHAPE_REPRESENTATION_RELATIONSHIP() );
#5229 = ITEM_DEFINED_TRANSFORMATION('','',#11,#37);
#5230 = PRODUCT_DEFINITION_SHAPE('Placement','Placement of an item',
  #5231);
#5231 = NEXT_ASSEMBLY_USAGE_OCCURRENCE('52','','',#27,#75,$);
#5232 = PRODUCT_RELATED_PRODUCT_CATEGORY('part',$,(#77));
#5233 = SHAPE_DEFINITION_REPRESENTATION(#5234,#5240);
#5234 = PRODUCT_DEFINITION_SHAPE('','',#5235);
#5235 = PRODUCT_DEFINITION('design','',#5236,#5239);
#5236 = PRODUCT_DEFINITION_FORMATION('','',#5237);
#5237 = PRODUCT('shaft_1','shaft_1','',(#5238));
#5238 = PRODUCT_CONTEXT('',#2,'mechanical');
#5239 = PRODUCT_DEFINITION_CONTEXT('part definition',#2,'design');
#5240 = SHAPE_REPRESENTATION('',(#11,#5241),#5245);
#5241 = AXIS2_PLACEMENT_3D('',#5242,#5243,#5244);
#5242 = CARTESIAN_POINT('',(0.,0.,0.));
#5243 = DIRECTION('',(0.,0.,1.));
#5244 = DIRECTION('',(1.,0.,-0.));
#5245 = ( GEOMETRIC_REPRESENTATION_CONTEXT(3) 
GLOBAL_UNCERTAINTY_ASSIGNED_CONTEXT((#5249)) 
GLOBAL_UNIT_ASSIGNED_CONTEXT((#5246,#5247,#5248)) REPRESENTATION_CONTEXT
('Context #1','3D Context with UNIT and UNCERTAINTY') );
#5246 = ( LENGTH_UNIT() NAMED_UNIT(*) SI_UNIT(.MILLI.,.METRE.) );
#5247 = ( NAMED_UNIT(*) PLANE_ANGLE_UNIT() SI_UNIT($,.RADIAN.) );
#5248 = ( NAMED_UNIT(*) SI_UNIT($,.STERADIAN.) SOLID_ANGLE_UNIT() );
#5249 = UNCERTAINTY_MEASURE_WITH_UNIT(LENGTH_MEASURE(1.E-07),#5246,
  'distance_accuracy_value','confusion accuracy');
#5250 = ADVANCED_BREP_SHAPE_REPRESENTATION('',(#11,#5251),#5718);
#5251 = MANIFOLD_SOLID_BREP('',#5252);
#5252 = CLOSED_SHELL('',(#5253,#5341,#5394,#5512,#5610,#5657,#5684,#5711
    ));
#5253 = ADVANCED_FACE('',(#5254),#5268,.T.);
#5254 = FACE_BOUND('',#5255,.F.);
#5255 = EDGE_LOOP('',(#5256,#5286,#5313,#5314));
#5256 = ORIENTED_EDGE('',*,*,#5257,.T.);
#5257 = EDGE_CURVE('',#5258,#5260,#5262,.T.);
#5258 = VERTEX_POINT('',#5259);
#5259 = CARTESIAN_POINT('',(2.5,0.,0.));
#5260 = VERTEX_POINT('',#5261);
#5261 = CARTESIAN_POINT('',(2.5,0.,9.75));
#5262 = SEAM_CURVE('',#5263,(#5267,#5279),.PCURVE_S1.);
#5263 = LINE('',#5264,#5265);
#5264 = CARTESIAN_POINT('',(2.5,0.,0.));
#5265 = VECTOR('',#5266,1.);
#5266 = DIRECTION('',(0.,0.,1.));
#5267 = PCURVE('',#5268,#5273);
#5268 = CYLINDRICAL_SURFACE('',#5269,2.5);
#5269 = AXIS2_PLACEMENT_3D('',#5270,#5271,#5272);
#5270 = CARTESIAN_POINT('',(0.,0.,0.));
#5271 = DIRECTION('',(-0.,-0.,-1.));
#5272 = DIRECTION('',(1.,0.,0.));
#5273 = DEFINITIONAL_REPRESENTATION('',(#5274),#5278);
#5274 = LINE('',#5275,#5276);
#5275 = CARTESIAN_POINT('',(-0.,0.));
#5276 = VECTOR('',#5277,1.);
#5277 = DIRECTION('',(-0.,-1.));
#5278 = ( GEOMETRIC_REPRESENTATION_CONTEXT(2) 
PARAMETRIC_REPRESENTATION_CONTEXT() REPRESENTATION_CONTEXT('2D SPACE',''
  ) );
#5279 = PCURVE('',#5268,#5280);
#5280 = DEFINITIONAL_REPRESENTATION('',(#5281),#5285);
#5281 = LINE('',#5282,#5283);
#5282 = CARTESIAN_POINT('',(-6.28318530718,0.));
#5283 = VECTOR('',#5284,1.);
#5284 = DIRECTION('',(-0.,-1.));
#5285 = ( GEOMETRIC_REPRESENTATION_CONTEXT(2) 
PARAMETRIC_REPRESENTATION_CONTEXT() REPRESENTATION_CONTEXT('2D SPACE',''
  ) );
#5286 = ORIENTED_EDGE('',*,*,#5287,.T.);
#5287 = EDGE_CURVE('',#5260,#5260,#5288,.T.);
#5288 = SURFACE_CURVE('',#5289,(#5294,#5301),.PCURVE_S1.);
#5289 = CIRCLE('',#5290,2.5);
#5290 = AXIS2_PLACEMENT_3D('',#5291,#5292,#5293);
#5291 = CARTESIAN_POINT('',(0.,0.,9.75));
#5292 = DIRECTION('',(0.,0.,1.));
#5293 = DIRECTION('',(1.,0.,-0.));
#5294 = PCURVE('',#5268,#5295);
#5295 = DEFINITIONAL_REPRESENTATION('',(#5296),#5300);
#5296 = LINE('',#5297,#5298);
#5297 = CARTESIAN_POINT('',(-0.,-9.75));
#5298 = VECTOR('',#5299,1.);
#5299 = DIRECTION('',(-1.,0.));
#5300 = ( GEOMETRIC_REPRESENTATION_CONTEXT(2) 
PARAMETRIC_REPRESENTATION_CONTEXT() REPRESENTATION_CONTEXT('2D SPACE',''
  ) );
#5301 = PCURVE('',#5302,#5307);
#5302 = CONICAL_SURFACE('',#5303,2.5,0.785398163397);
#5303 = AXIS2_PLACEMENT_3D('',#5304,#5305,#5306);
#5304 = CARTESIAN_POINT('',(0.,0.,9.75));
#5305 = DIRECTION('',(-0.,-0.,-1.));
#5306 = DIRECTION('',(1.,0.,0.));
#5307 = DEFINITIONAL_REPRESENTATION('',(#5308),#5312);
#5308 = LINE('',#5309,#5310);
#5309 = CARTESIAN_POINT('',(-0.,-0.));
#5310 = VECTOR('',#5311,1.);
#5311 = DIRECTION('',(-1.,-0.));
#5312 = ( GEOMETRIC_REPRESENTATION_CONTEXT(2) 
PARAMETRIC_REPRESENTATION_CONTEXT() REPRESENTATION_CONTEXT('2D SPACE',''
  ) );
#5313 = ORIENTED_EDGE('',*,*,#5257,.F.);
#5314 = ORIENTED_EDGE('',*,*,#5315,.F.);
#5315 = EDGE_CURVE('',#5258,#5258,#5316,.T.);
#5316 = SURFACE_CURVE('',#5317,(#5322,#5329),.PCURVE_S1.);
#5317 = CIRCLE('',#5318,2.5);
#5318 = AXIS2_PLACEMENT_3D('',#5319,#5320,#5321);
#5319 = CARTESIAN_POINT('',(0.,0.,0.));
#5320 = DIRECTION('',(0.,0.,1.));
#5321 = DIRECTION('',(1.,0.,0.));
#5322 = PCURVE('',#5268,#5323);
#5323 = DEFINITIONAL_REPRESENTATION('',(#5324),#5328);
#5324 = LINE('',#5325,#5326);
#5325 = CARTESIAN_POINT('',(-0.,0.));
#5326 = VECTOR('',#5327,1.);
#5327 = DIRECTION('',(-1.,0.));
#5328 = ( GEOMETRIC_REPRESENTATION_CONTEXT(2) 
PARAMETRIC_REPRESENTATION_CONTEXT() REPRESENTATION_CONTEXT('2D SPACE',''
  ) );
#5329 = PCURVE('',#5330,#5335);
#5330 = PLANE('',#5331);
#5331 = AXIS2_PLACEMENT_3D('',#5332,#5333,#5334);
#5332 = CARTESIAN_POINT('',(-1.367440132539E-16,1.714341265789E-16,0.));
#5333 = DIRECTION('',(0.,0.,1.));
#5334 = DIRECTION('',(1.,0.,-0.));
#5335 = DEFINITIONAL_REPRESENTATION('',(#5336),#5340);
#5336 = CIRCLE('',#5337,2.5);
#5337 = AXIS2_PLACEMENT_2D('',#5338,#5339);
#5338 = CARTESIAN_POINT('',(1.367440132539E-16,-1.714341265789E-16));
#5339 = DIRECTION('',(1.,0.));
#5340 = ( GEOMETRIC_REPRESENTATION_CONTEXT(2) 
PARAMETRIC_REPRESENTATION_CONTEXT() REPRESENTATION_CONTEXT('2D SPACE',''
  ) );
#5341 = ADVANCED_FACE('',(#5342),#5302,.T.);
#5342 = FACE_BOUND('',#5343,.T.);
#5343 = EDGE_LOOP('',(#5344,#5365,#5366,#5367));
#5344 = ORIENTED_EDGE('',*,*,#5345,.F.);
#5345 = EDGE_CURVE('',#5260,#5346,#5348,.T.);
#5346 = VERTEX_POINT('',#5347);
#5347 = CARTESIAN_POINT('',(2.25,0.,10.));
#5348 = SEAM_CURVE('',#5349,(#5353,#5359),.PCURVE_S1.);
#5349 = LINE('',#5350,#5351);
#5350 = CARTESIAN_POINT('',(2.5,0.,9.75));
#5351 = VECTOR('',#5352,1.);
#5352 = DIRECTION('',(-0.707106781187,0.,0.707106781187));
#5353 = PCURVE('',#5302,#5354);
#5354 = DEFINITIONAL_REPRESENTATION('',(#5355),#5358);
#5355 = B_SPLINE_CURVE_WITH_KNOTS('',1,(#5356,#5357),.UNSPECIFIED.,.F.,
  .F.,(2,2),(0.,0.353553390593),.PIECEWISE_BEZIER_KNOTS.);
#5356 = CARTESIAN_POINT('',(0.,0.));
#5357 = CARTESIAN_POINT('',(0.,-0.25));
#5358 = ( GEOMETRIC_REPRESENTATION_CONTEXT(2) 
PARAMETRIC_REPRESENTATION_CONTEXT() REPRESENTATION_CONTEXT('2D SPACE',''
  ) );
#5359 = PCURVE('',#5302,#5360);
#5360 = DEFINITIONAL_REPRESENTATION('',(#5361),#5364);
#5361 = B_SPLINE_CURVE_WITH_KNOTS('',1,(#5362,#5363),.UNSPECIFIED.,.F.,
  .F.,(2,2),(0.,0.353553390593),.PIECEWISE_BEZIER_KNOTS.);
#5362 = CARTESIAN_POINT('',(-6.28318530718,0.));
#5363 = CARTESIAN_POINT('',(-6.28318530718,-0.25));
#5364 = ( GEOMETRIC_REPRESENTATION_CONTEXT(2) 
PARAMETRIC_REPRESENTATION_CONTEXT() REPRESENTATION_CONTEXT('2D SPACE',''
  ) );
#5365 = ORIENTED_EDGE('',*,*,#5287,.T.);
#5366 = ORIENTED_EDGE('',*,*,#5345,.T.);
#5367 = ORIENTED_EDGE('',*,*,#5368,.F.);
#5368 = EDGE_CURVE('',#5346,#5346,#5369,.T.);
#5369 = SURFACE_CURVE('',#5370,(#5375,#5382),.PCURVE_S1.);
#5370 = CIRCLE('',#5371,2.25);
#5371 = AXIS2_PLACEMENT_3D('',#5372,#5373,#5374);
#5372 = CARTESIAN_POINT('',(0.,0.,10.));
#5373 = DIRECTION('',(0.,0.,1.));
#5374 = DIRECTION('',(1.,0.,-0.));
#5375 = PCURVE('',#5302,#5376);
#5376 = DEFINITIONAL_REPRESENTATION('',(#5377),#5381);
#5377 = LINE('',#5378,#5379);
#5378 = CARTESIAN_POINT('',(-0.,-0.25));
#5379 = VECTOR('',#5380,1.);
#5380 = DIRECTION('',(-1.,-0.));
#5381 = ( GEOMETRIC_REPRESENTATION_CONTEXT(2) 
PARAMETRIC_REPRESENTATION_CONTEXT() REPRESENTATION_CONTEXT('2D SPACE',''
  ) );
#5382 = PCURVE('',#5383,#5388);
#5383 = PLANE('',#5384);
#5384 = AXIS2_PLACEMENT_3D('',#5385,#5386,#5387);
#5385 = CARTESIAN_POINT('',(-1.367440132539E-16,1.714341265789E-16,10.)
  );
#5386 = DIRECTION('',(0.,0.,1.));
#5387 = DIRECTION('',(1.,0.,-0.));
#5388 = DEFINITIONAL_REPRESENTATION('',(#5389),#5393);
#5389 = CIRCLE('',#5390,2.25);
#5390 = AXIS2_PLACEMENT_2D('',#5391,#5392);
#5391 = CARTESIAN_POINT('',(1.367440132539E-16,-1.714341265789E-16));
#5392 = DIRECTION('',(1.,0.));
#5393 = ( GEOMETRIC_REPRESENTATION_CONTEXT(2) 
PARAMETRIC_REPRESENTATION_CONTEXT() REPRESENTATION_CONTEXT('2D SPACE',''
  ) );
#5394 = ADVANCED_FACE('',(#5395,#5398),#5330,.F.);
#5395 = FACE_BOUND('',#5396,.F.);
#5396 = EDGE_LOOP('',(#5397));
#5397 = ORIENTED_EDGE('',*,*,#5315,.T.);
#5398 = FACE_BOUND('',#5399,.F.);
#5399 = EDGE_LOOP('',(#5400,#5430,#5458,#5486));
#5400 = ORIENTED_EDGE('',*,*,#5401,.F.);
#5401 = EDGE_CURVE('',#5402,#5404,#5406,.T.);
#5402 = VERTEX_POINT('',#5403);
#5403 = CARTESIAN_POINT('',(-0.625,1.875,0.));
#5404 = VERTEX_POINT('',#5405);
#5405 = CARTESIAN_POINT('',(-0.625,1.25,0.));
#5406 = SURFACE_CURVE('',#5407,(#5411,#5418),.PCURVE_S1.);
#5407 = LINE('',#5408,#5409);
#5408 = CARTESIAN_POINT('',(-0.625,1.875,0.));
#5409 = VECTOR('',#5410,1.);
#5410 = DIRECTION('',(0.,-1.,0.));
#5411 = PCURVE('',#5330,#5412);
#5412 = DEFINITIONAL_REPRESENTATION('',(#5413),#5417);
#5413 = LINE('',#5414,#5415);
#5414 = CARTESIAN_POINT('',(-0.625,1.875));
#5415 = VECTOR('',#5416,1.);
#5416 = DIRECTION('',(0.,-1.));
#5417 = ( GEOMETRIC_REPRESENTATION_CONTEXT(2) 
PARAMETRIC_REPRESENTATION_CONTEXT() REPRESENTATION_CONTEXT('2D SPACE',''
  ) );
#5418 = PCURVE('',#5419,#5424);
#5419 = PLANE('',#5420);
#5420 = AXIS2_PLACEMENT_3D('',#5421,#5422,#5423);
#5421 = CARTESIAN_POINT('',(-0.625,1.875,10.));
#5422 = DIRECTION('',(1.,0.,0.));
#5423 = DIRECTION('',(0.,0.,-1.));
#5424 = DEFINITIONAL_REPRESENTATION('',(#5425),#5429);
#5425 = LINE('',#5426,#5427);
#5426 = CARTESIAN_POINT('',(10.,0.));
#5427 = VECTOR('',#5428,1.);
#5428 = DIRECTION('',(0.,-1.));
#5429 = ( GEOMETRIC_REPRESENTATION_CONTEXT(2) 
PARAMETRIC_REPRESENTATION_CONTEXT() REPRESENTATION_CONTEXT('2D SPACE',''
  ) );
#5430 = ORIENTED_EDGE('',*,*,#5431,.T.);
#5431 = EDGE_CURVE('',#5402,#5432,#5434,.T.);
#5432 = VERTEX_POINT('',#5433);
#5433 = CARTESIAN_POINT('',(0.625,1.875,0.));
#5434 = SURFACE_CURVE('',#5435,(#5439,#5446),.PCURVE_S1.);
#5435 = LINE('',#5436,#5437);
#5436 = CARTESIAN_POINT('',(-0.625,1.875,0.));
#5437 = VECTOR('',#5438,1.);
#5438 = DIRECTION('',(1.,0.,0.));
#5439 = PCURVE('',#5330,#5440);
#5440 = DEFINITIONAL_REPRESENTATION('',(#5441),#5445);
#5441 = LINE('',#5442,#5443);
#5442 = CARTESIAN_POINT('',(-0.625,1.875));
#5443 = VECTOR('',#5444,1.);
#5444 = DIRECTION('',(1.,0.));
#5445 = ( GEOMETRIC_REPRESENTATION_CONTEXT(2) 
PARAMETRIC_REPRESENTATION_CONTEXT() REPRESENTATION_CONTEXT('2D SPACE',''
  ) );
#5446 = PCURVE('',#5447,#5452);
#5447 = PLANE('',#5448);
#5448 = AXIS2_PLACEMENT_3D('',#5449,#5450,#5451);
#5449 = CARTESIAN_POINT('',(0.,1.875,5.));
#5450 = DIRECTION('',(-0.,-1.,-0.));
#5451 = DIRECTION('',(0.,0.,-1.));
#5452 = DEFINITIONAL_REPRESENTATION('',(#5453),#5457);
#5453 = LINE('',#5454,#5455);
#5454 = CARTESIAN_POINT('',(5.,-0.625));
#5455 = VECTOR('',#5456,1.);
#5456 = DIRECTION('',(0.,1.));
#5457 = ( GEOMETRIC_REPRESENTATION_CONTEXT(2) 
PARAMETRIC_REPRESENTATION_CONTEXT() REPRESENTATION_CONTEXT('2D SPACE',''
  ) );
#5458 = ORIENTED_EDGE('',*,*,#5459,.T.);
#5459 = EDGE_CURVE('',#5432,#5460,#5462,.T.);
#5460 = VERTEX_POINT('',#5461);
#5461 = CARTESIAN_POINT('',(0.625,1.25,0.));
#5462 = SURFACE_CURVE('',#5463,(#5467,#5474),.PCURVE_S1.);
#5463 = LINE('',#5464,#5465);
#5464 = CARTESIAN_POINT('',(0.625,1.875,0.));
#5465 = VECTOR('',#5466,1.);
#5466 = DIRECTION('',(0.,-1.,0.));
#5467 = PCURVE('',#5330,#5468);
#5468 = DEFINITIONAL_REPRESENTATION('',(#5469),#5473);
#5469 = LINE('',#5470,#5471);
#5470 = CARTESIAN_POINT('',(0.625,1.875));
#5471 = VECTOR('',#5472,1.);
#5472 = DIRECTION('',(0.,-1.));
#5473 = ( GEOMETRIC_REPRESENTATION_CONTEXT(2) 
PARAMETRIC_REPRESENTATION_CONTEXT() REPRESENTATION_CONTEXT('2D SPACE',''
  ) );
#5474 = PCURVE('',#5475,#5480);
#5475 = PLANE('',#5476);
#5476 = AXIS2_PLACEMENT_3D('',#5477,#5478,#5479);
#5477 = CARTESIAN_POINT('',(0.625,1.875,0.));
#5478 = DIRECTION('',(-1.,0.,0.));
#5479 = DIRECTION('',(0.,0.,1.));
#5480 = DEFINITIONAL_REPRESENTATION('',(#5481),#5485);
#5481 = LINE('',#5482,#5483);
#5482 = CARTESIAN_POINT('',(0.,0.));
#5483 = VECTOR('',#5484,1.);
#5484 = DIRECTION('',(0.,-1.));
#5485 = ( GEOMETRIC_REPRESENTATION_CONTEXT(2) 
PARAMETRIC_REPRESENTATION_CONTEXT() REPRESENTATION_CONTEXT('2D SPACE',''
  ) );
#5486 = ORIENTED_EDGE('',*,*,#5487,.F.);
#5487 = EDGE_CURVE('',#5404,#5460,#5488,.T.);
#5488 = SURFACE_CURVE('',#5489,(#5493,#5500),.PCURVE_S1.);
#5489 = LINE('',#5490,#5491);
#5490 = CARTESIAN_POINT('',(-0.625,1.25,0.));
#5491 = VECTOR('',#5492,1.);
#5492 = DIRECTION('',(1.,0.,0.));
#5493 = PCURVE('',#5330,#5494);
#5494 = DEFINITIONAL_REPRESENTATION('',(#5495),#5499);
#5495 = LINE('',#5496,#5497);
#5496 = CARTESIAN_POINT('',(-0.625,1.25));
#5497 = VECTOR('',#5498,1.);
#5498 = DIRECTION('',(1.,0.));
#5499 = ( GEOMETRIC_REPRESENTATION_CONTEXT(2) 
PARAMETRIC_REPRESENTATION_CONTEXT() REPRESENTATION_CONTEXT('2D SPACE',''
  ) );
#5500 = PCURVE('',#5501,#5506);
#5501 = PLANE('',#5502);
#5502 = AXIS2_PLACEMENT_3D('',#5503,#5504,#5505);
#5503 = CARTESIAN_POINT('',(0.,1.25,5.));
#5504 = DIRECTION('',(-0.,-1.,-0.));
#5505 = DIRECTION('',(0.,0.,-1.));
#5506 = DEFINITIONAL_REPRESENTATION('',(#5507),#5511);
#5507 = LINE('',#5508,#5509);
#5508 = CARTESIAN_POINT('',(5.,-0.625));
#5509 = VECTOR('',#5510,1.);
#5510 = DIRECTION('',(0.,1.));
#5511 = ( GEOMETRIC_REPRESENTATION_CONTEXT(2) 
PARAMETRIC_REPRESENTATION_CONTEXT() REPRESENTATION_CONTEXT('2D SPACE',''
  ) );
#5512 = ADVANCED_FACE('',(#5513,#5516),#5383,.T.);
#5513 = FACE_BOUND('',#5514,.T.);
#5514 = EDGE_LOOP('',(#5515));
#5515 = ORIENTED_EDGE('',*,*,#5368,.T.);
#5516 = FACE_BOUND('',#5517,.T.);
#5517 = EDGE_LOOP('',(#5518,#5543,#5566,#5589));
#5518 = ORIENTED_EDGE('',*,*,#5519,.F.);
#5519 = EDGE_CURVE('',#5520,#5522,#5524,.T.);
#5520 = VERTEX_POINT('',#5521);
#5521 = CARTESIAN_POINT('',(0.625,1.875,10.));
#5522 = VERTEX_POINT('',#5523);
#5523 = CARTESIAN_POINT('',(-0.625,1.875,10.));
#5524 = SURFACE_CURVE('',#5525,(#5529,#5536),.PCURVE_S1.);
#5525 = LINE('',#5526,#5527);
#5526 = CARTESIAN_POINT('',(0.625,1.875,10.));
#5527 = VECTOR('',#5528,1.);
#5528 = DIRECTION('',(-1.,0.,0.));
#5529 = PCURVE('',#5383,#5530);
#5530 = DEFINITIONAL_REPRESENTATION('',(#5531),#5535);
#5531 = LINE('',#5532,#5533);
#5532 = CARTESIAN_POINT('',(0.625,1.875));
#5533 = VECTOR('',#5534,1.);
#5534 = DIRECTION('',(-1.,0.));
#5535 = ( GEOMETRIC_REPRESENTATION_CONTEXT(2) 
PARAMETRIC_REPRESENTATION_CONTEXT() REPRESENTATION_CONTEXT('2D SPACE',''
  ) );
#5536 = PCURVE('',#5447,#5537);
#5537 = DEFINITIONAL_REPRESENTATION('',(#5538),#5542);
#5538 = LINE('',#5539,#5540);
#5539 = CARTESIAN_POINT('',(-5.,0.625));
#5540 = VECTOR('',#5541,1.);
#5541 = DIRECTION('',(0.,-1.));
#5542 = ( GEOMETRIC_REPRESENTATION_CONTEXT(2) 
PARAMETRIC_REPRESENTATION_CONTEXT() REPRESENTATION_CONTEXT('2D SPACE',''
  ) );
#5543 = ORIENTED_EDGE('',*,*,#5544,.T.);
#5544 = EDGE_CURVE('',#5520,#5545,#5547,.T.);
#5545 = VERTEX_POINT('',#5546);
#5546 = CARTESIAN_POINT('',(0.625,1.25,10.));
#5547 = SURFACE_CURVE('',#5548,(#5552,#5559),.PCURVE_S1.);
#5548 = LINE('',#5549,#5550);
#5549 = CARTESIAN_POINT('',(0.625,1.875,10.));
#5550 = VECTOR('',#5551,1.);
#5551 = DIRECTION('',(0.,-1.,0.));
#5552 = PCURVE('',#5383,#5553);
#5553 = DEFINITIONAL_REPRESENTATION('',(#5554),#5558);
#5554 = LINE('',#5555,#5556);
#5555 = CARTESIAN_POINT('',(0.625,1.875));
#5556 = VECTOR('',#5557,1.);
#5557 = DIRECTION('',(0.,-1.));
#5558 = ( GEOMETRIC_REPRESENTATION_CONTEXT(2) 
PARAMETRIC_REPRESENTATION_CONTEXT() REPRESENTATION_CONTEXT('2D SPACE',''
  ) );
#5559 = PCURVE('',#5475,#5560);
#5560 = DEFINITIONAL_REPRESENTATION('',(#5561),#5565);
#5561 = LINE('',#5562,#5563);
#5562 = CARTESIAN_POINT('',(10.,0.));
#5563 = VECTOR('',#5564,1.);
#5564 = DIRECTION('',(0.,-1.));
#5565 = ( GEOMETRIC_REPRESENTATION_CONTEXT(2) 
PARAMETRIC_REPRESENTATION_CONTEXT() REPRESENTATION_CONTEXT('2D SPACE',''
  ) );
#5566 = ORIENTED_EDGE('',*,*,#5567,.T.);
#5567 = EDGE_CURVE('',#5545,#5568,#5570,.T.);
#5568 = VERTEX_POINT('',#5569);
#5569 = CARTESIAN_POINT('',(-0.625,1.25,10.));
#5570 = SURFACE_CURVE('',#5571,(#5575,#5582),.PCURVE_S1.);
#5571 = LINE('',#5572,#5573);
#5572 = CARTESIAN_POINT('',(0.625,1.25,10.));
#5573 = VECTOR('',#5574,1.);
#5574 = DIRECTION('',(-1.,0.,0.));
#5575 = PCURVE('',#5383,#5576);
#5576 = DEFINITIONAL_REPRESENTATION('',(#5577),#5581);
#5577 = LINE('',#5578,#5579);
#5578 = CARTESIAN_POINT('',(0.625,1.25));
#5579 = VECTOR('',#5580,1.);
#5580 = DIRECTION('',(-1.,0.));
#5581 = ( GEOMETRIC_REPRESENTATION_CONTEXT(2) 
PARAMETRIC_REPRESENTATION_CONTEXT() REPRESENTATION_CONTEXT('2D SPACE',''
  ) );
#5582 = PCURVE('',#5501,#5583);
#5583 = DEFINITIONAL_REPRESENTATION('',(#5584),#5588);
#5584 = LINE('',#5585,#5586);
#5585 = CARTESIAN_POINT('',(-5.,0.625));
#5586 = VECTOR('',#5587,1.);
#5587 = DIRECTION('',(0.,-1.));
#5588 = ( GEOMETRIC_REPRESENTATION_CONTEXT(2) 
PARAMETRIC_REPRESENTATION_CONTEXT() REPRESENTATION_CONTEXT('2D SPACE',''
  ) );
#5589 = ORIENTED_EDGE('',*,*,#5590,.F.);
#5590 = EDGE_CURVE('',#5522,#5568,#5591,.T.);
#5591 = SURFACE_CURVE('',#5592,(#5596,#5603),.PCURVE_S1.);
#5592 = LINE('',#5593,#5594);
#5593 = CARTESIAN_POINT('',(-0.625,1.875,10.));
#5594 = VECTOR('',#5595,1.);
#5595 = DIRECTION('',(0.,-1.,0.));
#5596 = PCURVE('',#5383,#5597);
#5597 = DEFINITIONAL_REPRESENTATION('',(#5598),#5602);
#5598 = LINE('',#5599,#5600);
#5599 = CARTESIAN_POINT('',(-0.625,1.875));
#5600 = VECTOR('',#5601,1.);
#5601 = DIRECTION('',(0.,-1.));
#5602 = ( GEOMETRIC_REPRESENTATION_CONTEXT(2) 
PARAMETRIC_REPRESENTATION_CONTEXT() REPRESENTATION_CONTEXT('2D SPACE',''
  ) );
#5603 = PCURVE('',#5419,#5604);
#5604 = DEFINITIONAL_REPRESENTATION('',(#5605),#5609);
#5605 = LINE('',#5606,#5607);
#5606 = CARTESIAN_POINT('',(0.,0.));
#5607 = VECTOR('',#5608,1.);
#5608 = DIRECTION('',(0.,-1.));
#5609 = ( GEOMETRIC_REPRESENTATION_CONTEXT(2) 
PARAMETRIC_REPRESENTATION_CONTEXT() REPRESENTATION_CONTEXT('2D SPACE',''
  ) );
#5610 = ADVANCED_FACE('',(#5611),#5419,.T.);
#5611 = FACE_BOUND('',#5612,.T.);
#5612 = EDGE_LOOP('',(#5613,#5614,#5635,#5636));
#5613 = ORIENTED_EDGE('',*,*,#5590,.T.);
#5614 = ORIENTED_EDGE('',*,*,#5615,.T.);
#5615 = EDGE_CURVE('',#5568,#5404,#5616,.T.);
#5616 = SURFACE_CURVE('',#5617,(#5621,#5628),.PCURVE_S1.);
#5617 = LINE('',#5618,#5619);
#5618 = CARTESIAN_POINT('',(-0.625,1.25,10.));
#5619 = VECTOR('',#5620,1.);
#5620 = DIRECTION('',(0.,0.,-1.));
#5621 = PCURVE('',#5419,#5622);
#5622 = DEFINITIONAL_REPRESENTATION('',(#5623),#5627);
#5623 = LINE('',#5624,#5625);
#5624 = CARTESIAN_POINT('',(0.,-0.625));
#5625 = VECTOR('',#5626,1.);
#5626 = DIRECTION('',(1.,0.));
#5627 = ( GEOMETRIC_REPRESENTATION_CONTEXT(2) 
PARAMETRIC_REPRESENTATION_CONTEXT() REPRESENTATION_CONTEXT('2D SPACE',''
  ) );
#5628 = PCURVE('',#5501,#5629);
#5629 = DEFINITIONAL_REPRESENTATION('',(#5630),#5634);
#5630 = LINE('',#5631,#5632);
#5631 = CARTESIAN_POINT('',(-5.,-0.625));
#5632 = VECTOR('',#5633,1.);
#5633 = DIRECTION('',(1.,0.));
#5634 = ( GEOMETRIC_REPRESENTATION_CONTEXT(2) 
PARAMETRIC_REPRESENTATION_CONTEXT() REPRESENTATION_CONTEXT('2D SPACE',''
  ) );
#5635 = ORIENTED_EDGE('',*,*,#5401,.F.);
#5636 = ORIENTED_EDGE('',*,*,#5637,.F.);
#5637 = EDGE_CURVE('',#5522,#5402,#5638,.T.);
#5638 = SURFACE_CURVE('',#5639,(#5643,#5650),.PCURVE_S1.);
#5639 = LINE('',#5640,#5641);
#5640 = CARTESIAN_POINT('',(-0.625,1.875,10.));
#5641 = VECTOR('',#5642,1.);
#5642 = DIRECTION('',(0.,0.,-1.));
#5643 = PCURVE('',#5419,#5644);
#5644 = DEFINITIONAL_REPRESENTATION('',(#5645),#5649);
#5645 = LINE('',#5646,#5647);
#5646 = CARTESIAN_POINT('',(0.,0.));
#5647 = VECTOR('',#5648,1.);
#5648 = DIRECTION('',(1.,0.));
#5649 = ( GEOMETRIC_REPRESENTATION_CONTEXT(2) 
PARAMETRIC_REPRESENTATION_CONTEXT() REPRESENTATION_CONTEXT('2D SPACE',''
  ) );
#5650 = PCURVE('',#5447,#5651);
#5651 = DEFINITIONAL_REPRESENTATION('',(#5652),#5656);
#5652 = LINE('',#5653,#5654);
#5653 = CARTESIAN_POINT('',(-5.,-0.625));
#5654 = VECTOR('',#5655,1.);
#5655 = DIRECTION('',(1.,0.));
#5656 = ( GEOMETRIC_REPRESENTATION_CONTEXT(2) 
PARAMETRIC_REPRESENTATION_CONTEXT() REPRESENTATION_CONTEXT('2D SPACE',''
  ) );
#5657 = ADVANCED_FACE('',(#5658),#5501,.F.);
#5658 = FACE_BOUND('',#5659,.F.);
#5659 = EDGE_LOOP('',(#5660,#5661,#5682,#5683));
#5660 = ORIENTED_EDGE('',*,*,#5487,.T.);
#5661 = ORIENTED_EDGE('',*,*,#5662,.T.);
#5662 = EDGE_CURVE('',#5460,#5545,#5663,.T.);
#5663 = SURFACE_CURVE('',#5664,(#5668,#5675),.PCURVE_S1.);
#5664 = LINE('',#5665,#5666);
#5665 = CARTESIAN_POINT('',(0.625,1.25,0.));
#5666 = VECTOR('',#5667,1.);
#5667 = DIRECTION('',(0.,0.,1.));
#5668 = PCURVE('',#5501,#5669);
#5669 = DEFINITIONAL_REPRESENTATION('',(#5670),#5674);
#5670 = LINE('',#5671,#5672);
#5671 = CARTESIAN_POINT('',(5.,0.625));
#5672 = VECTOR('',#5673,1.);
#5673 = DIRECTION('',(-1.,0.));
#5674 = ( GEOMETRIC_REPRESENTATION_CONTEXT(2) 
PARAMETRIC_REPRESENTATION_CONTEXT() REPRESENTATION_CONTEXT('2D SPACE',''
  ) );
#5675 = PCURVE('',#5475,#5676);
#5676 = DEFINITIONAL_REPRESENTATION('',(#5677),#5681);
#5677 = LINE('',#5678,#5679);
#5678 = CARTESIAN_POINT('',(0.,-0.625));
#5679 = VECTOR('',#5680,1.);
#5680 = DIRECTION('',(1.,0.));
#5681 = ( GEOMETRIC_REPRESENTATION_CONTEXT(2) 
PARAMETRIC_REPRESENTATION_CONTEXT() REPRESENTATION_CONTEXT('2D SPACE',''
  ) );
#5682 = ORIENTED_EDGE('',*,*,#5567,.T.);
#5683 = ORIENTED_EDGE('',*,*,#5615,.T.);
#5684 = ADVANCED_FACE('',(#5685),#5475,.T.);
#5685 = FACE_BOUND('',#5686,.T.);
#5686 = EDGE_LOOP('',(#5687,#5688,#5689,#5690));
#5687 = ORIENTED_EDGE('',*,*,#5459,.T.);
#5688 = ORIENTED_EDGE('',*,*,#5662,.T.);
#5689 = ORIENTED_EDGE('',*,*,#5544,.F.);
#5690 = ORIENTED_EDGE('',*,*,#5691,.F.);
#5691 = EDGE_CURVE('',#5432,#5520,#5692,.T.);
#5692 = SURFACE_CURVE('',#5693,(#5697,#5704),.PCURVE_S1.);
#5693 = LINE('',#5694,#5695);
#5694 = CARTESIAN_POINT('',(0.625,1.875,0.));
#5695 = VECTOR('',#5696,1.);
#5696 = DIRECTION('',(0.,0.,1.));
#5697 = PCURVE('',#5475,#5698);
#5698 = DEFINITIONAL_REPRESENTATION('',(#5699),#5703);
#5699 = LINE('',#5700,#5701);
#5700 = CARTESIAN_POINT('',(0.,0.));
#5701 = VECTOR('',#5702,1.);
#5702 = DIRECTION('',(1.,0.));
#5703 = ( GEOMETRIC_REPRESENTATION_CONTEXT(2) 
PARAMETRIC_REPRESENTATION_CONTEXT() REPRESENTATION_CONTEXT('2D SPACE',''
  ) );
#5704 = PCURVE('',#5447,#5705);
#5705 = DEFINITIONAL_REPRESENTATION('',(#5706),#5710);
#5706 = LINE('',#5707,#5708);
#5707 = CARTESIAN_POINT('',(5.,0.625));
#5708 = VECTOR('',#5709,1.);
#5709 = DIRECTION('',(-1.,0.));
#5710 = ( GEOMETRIC_REPRESENTATION_CONTEXT(2) 
PARAMETRIC_REPRESENTATION_CONTEXT() REPRESENTATION_CONTEXT('2D SPACE',''
  ) );
#5711 = ADVANCED_FACE('',(#5712),#5447,.T.);
#5712 = FACE_BOUND('',#5713,.T.);
#5713 = EDGE_LOOP('',(#5714,#5715,#5716,#5717));
#5714 = ORIENTED_EDGE('',*,*,#5431,.T.);
#5715 = ORIENTED_EDGE('',*,*,#5691,.T.);
#5716 = ORIENTED_EDGE('',*,*,#5519,.T.);
#5717 = ORIENTED_EDGE('',*,*,#5637,.T.);
#5718 = ( GEOMETRIC_REPRESENTATION_CONTEXT(3) 
GLOBAL_UNCERTAINTY_ASSIGNED_CONTEXT((#5722)) 
GLOBAL_UNIT_ASSIGNED_CONTEXT((#5719,#5720,#5721)) REPRESENTATION_CONTEXT
('Context #1','3D Context with UNIT and UNCERTAINTY') );
#5719 = ( LENGTH_UNIT() NAMED_UNIT(*) SI_UNIT(.MILLI.,.METRE.) );
#5720 = ( NAMED_UNIT(*) PLANE_ANGLE_UNIT() SI_UNIT($,.RADIAN.) );
#5721 = ( NAMED_UNIT(*) SI_UNIT($,.STERADIAN.) SOLID_ANGLE_UNIT() );
#5722 = UNCERTAINTY_MEASURE_WITH_UNIT(LENGTH_MEASURE(1.E-07),#5719,
  'distance_accuracy_value','confusion accuracy');
#5723 = SHAPE_DEFINITION_REPRESENTATION(#5724,#5250);
#5724 = PRODUCT_DEFINITION_SHAPE('','',#5725);
#5725 = PRODUCT_DEFINITION('design','',#5726,#5729);
#5726 = PRODUCT_DEFINITION_FORMATION('','',#5727);
#5727 = PRODUCT('shaft_1_part','shaft_1_part','',(#5728));
#5728 = PRODUCT_CONTEXT('',#2,'mechanical');
#5729 = PRODUCT_DEFINITION_CONTEXT('part definition',#2,'design');
#5730 = CONTEXT_DEPENDENT_SHAPE_REPRESENTATION(#5731,#5733);
#5731 = ( REPRESENTATION_RELATIONSHIP('','',#5250,#5240) 
REPRESENTATION_RELATIONSHIP_WITH_TRANSFORMATION(#5732) 
SHAPE_REPRESENTATION_RELATIONSHIP() );
#5732 = ITEM_DEFINED_TRANSFORMATION('','',#11,#5241);
#5733 = PRODUCT_DEFINITION_SHAPE('Placement','Placement of an item',
  #5734);
#5734 = NEXT_ASSEMBLY_USAGE_OCCURRENCE('53','','',#5235,#5725,$);
#5735 = PRODUCT_RELATED_PRODUCT_CATEGORY('part',$,(#5727));
#5736 = CONTEXT_DEPENDENT_SHAPE_REPRESENTATION(#5737,#5739);
#5737 = ( REPRESENTATION_RELATIONSHIP('','',#5240,#32) 
REPRESENTATION_RELATIONSHIP_WITH_TRANSFORMATION(#5738) 
SHAPE_REPRESENTATION_RELATIONSHIP() );
#5738 = ITEM_DEFINED_TRANSFORMATION('','',#11,#41);
#5739 = PRODUCT_DEFINITION_SHAPE('Placement','Placement of an item',
  #5740);
#5740 = NEXT_ASSEMBLY_USAGE_OCCURRENCE('54','','',#27,#5235,$);
#5741 = PRODUCT_RELATED_PRODUCT_CATEGORY('part',$,(#5237));
#5742 = SHAPE_DEFINITION_REPRESENTATION(#5743,#5749);
#5743 = PRODUCT_DEFINITION_SHAPE('','',#5744);
#5744 = PRODUCT_DEFINITION('design','',#5745,#5748);
#5745 = PRODUCT_DEFINITION_FORMATION('','',#5746);
#5746 = PRODUCT('shaft_2','shaft_2','',(#5747));
#5747 = PRODUCT_CONTEXT('',#2,'mechanical');
#5748 = PRODUCT_DEFINITION_CONTEXT('part definition',#2,'design');
#5749 = SHAPE_REPRESENTATION('',(#11,#5750),#5754);
#5750 = AXIS2_PLACEMENT_3D('',#5751,#5752,#5753);
#5751 = CARTESIAN_POINT('',(0.,0.,0.));
#5752 = DIRECTION('',(0.,0.,1.));
#5753 = DIRECTION('',(1.,0.,-0.));
#5754 = ( GEOMETRIC_REPRESENTATION_CONTEXT(3) 
GLOBAL_UNCERTAINTY_ASSIGNED_CONTEXT((#5758)) 
GLOBAL_UNIT_ASSIGNED_CONTEXT((#5755,#5756,#5757)) REPRESENTATION_CONTEXT
('Context #1','3D Context with UNIT and UNCERTAINTY') );
#5755 = ( LENGTH_UNIT() NAMED_UNIT(*) SI_UNIT(.MILLI.,.METRE.) );
#5756 = ( NAMED_UNIT(*) PLANE_ANGLE_UNIT() SI_UNIT($,.RADIAN.) );
#5757 = ( NAMED_UNIT(*) SI_UNIT($,.STERADIAN.) SOLID_ANGLE_UNIT() );
#5758 = UNCERTAINTY_MEASURE_WITH_UNIT(LENGTH_MEASURE(1.E-07),#5755,
  'distance_accuracy_value','confusion accuracy');
#5759 = ADVANCED_BREP_SHAPE_REPRESENTATION('',(#11,#5760),#6227);
#5760 = MANIFOLD_SOLID_BREP('',#5761);
#5761 = CLOSED_SHELL('',(#5762,#5850,#5903,#6021,#6119,#6166,#6193,#6220
    ));
#5762 = ADVANCED_FACE('',(#5763),#5777,.T.);
#5763 = FACE_BOUND('',#5764,.F.);
#5764 = EDGE_LOOP('',(#5765,#5795,#5822,#5823));
#5765 = ORIENTED_EDGE('',*,*,#5766,.T.);
#5766 = EDGE_CURVE('',#5767,#5769,#5771,.T.);
#5767 = VERTEX_POINT('',#5768);
#5768 = CARTESIAN_POINT('',(25.,0.,0.));
#5769 = VERTEX_POINT('',#5770);
#5770 = CARTESIAN_POINT('',(25.,0.,997.5));
#5771 = SEAM_CURVE('',#5772,(#5776,#5788),.PCURVE_S1.);
#5772 = LINE('',#5773,#5774);
#5773 = CARTESIAN_POINT('',(25.,0.,0.));
#5774 = VECTOR('',#5775,1.);
#5775 = DIRECTION('',(0.,0.,1.));
#5776 = PCURVE('',#5777,#5782);
#5777 = CYLINDRICAL_SURFACE('',#5778,25.);
#5778 = AXIS2_PLACEMENT_3D('',#5779,#5780,#5781);
#5779 = CARTESIAN_POINT('',(0.,0.,0.));
#5780 = DIRECTION('',(-0.,-0.,-1.));
#5781 = DIRECTION('',(1.,0.,0.));
#5782 = DEFINITIONAL_REPRESENTATION('',(#5783),#5787);
#5783 = LINE('',#5784,#5785);
#5784 = CARTESIAN_POINT('',(-0.,0.));
#5785 = VECTOR('',#5786,1.);
#5786 = DIRECTION('',(-0.,-1.));
#5787 = ( GEOMETRIC_REPRESENTATION_CONTEXT(2) 
PARAMETRIC_REPRESENTATION_CONTEXT() REPRESENTATION_CONTEXT('2D SPACE',''
  ) );
#5788 = PCURVE('',#5777,#5789);
#5789 = DEFINITIONAL_REPRESENTATION('',(#5790),#5794);
#5790 = LINE('',#5791,#5792);
#5791 = CARTESIAN_POINT('',(-6.28318530718,0.));
#5792 = VECTOR('',#5793,1.);
#5793 = DIRECTION('',(-0.,-1.));
#5794 = ( GEOMETRIC_REPRESENTATION_CONTEXT(2) 
PARAMETRIC_REPRESENTATION_CONTEXT() REPRESENTATION_CONTEXT('2D SPACE',''
  ) );
#5795 = ORIENTED_EDGE('',*,*,#5796,.T.);
#5796 = EDGE_CURVE('',#5769,#5769,#5797,.T.);
#5797 = SURFACE_CURVE('',#5798,(#5803,#5810),.PCURVE_S1.);
#5798 = CIRCLE('',#5799,25.);
#5799 = AXIS2_PLACEMENT_3D('',#5800,#5801,#5802);
#5800 = CARTESIAN_POINT('',(0.,0.,997.5));
#5801 = DIRECTION('',(0.,0.,1.));
#5802 = DIRECTION('',(1.,0.,-0.));
#5803 = PCURVE('',#5777,#5804);
#5804 = DEFINITIONAL_REPRESENTATION('',(#5805),#5809);
#5805 = LINE('',#5806,#5807);
#5806 = CARTESIAN_POINT('',(-0.,-997.5));
#5807 = VECTOR('',#5808,1.);
#5808 = DIRECTION('',(-1.,0.));
#5809 = ( GEOMETRIC_REPRESENTATION_CONTEXT(2) 
PARAMETRIC_REPRESENTATION_CONTEXT() REPRESENTATION_CONTEXT('2D SPACE',''
  ) );
#5810 = PCURVE('',#5811,#5816);
#5811 = CONICAL_SURFACE('',#5812,25.,0.785398163397);
#5812 = AXIS2_PLACEMENT_3D('',#5813,#5814,#5815);
#5813 = CARTESIAN_POINT('',(0.,0.,997.5));
#5814 = DIRECTION('',(-0.,-0.,-1.));
#5815 = DIRECTION('',(1.,0.,0.));
#5816 = DEFINITIONAL_REPRESENTATION('',(#5817),#5821);
#5817 = LINE('',#5818,#5819);
#5818 = CARTESIAN_POINT('',(-0.,-0.));
#5819 = VECTOR('',#5820,1.);
#5820 = DIRECTION('',(-1.,-0.));
#5821 = ( GEOMETRIC_REPRESENTATION_CONTEXT(2) 
PARAMETRIC_REPRESENTATION_CONTEXT() REPRESENTATION_CONTEXT('2D SPACE',''
  ) );
#5822 = ORIENTED_EDGE('',*,*,#5766,.F.);
#5823 = ORIENTED_EDGE('',*,*,#5824,.F.);
#5824 = EDGE_CURVE('',#5767,#5767,#5825,.T.);
#5825 = SURFACE_CURVE('',#5826,(#5831,#5838),.PCURVE_S1.);
#5826 = CIRCLE('',#5827,25.);
#5827 = AXIS2_PLACEMENT_3D('',#5828,#5829,#5830);
#5828 = CARTESIAN_POINT('',(0.,0.,0.));
#5829 = DIRECTION('',(0.,0.,1.));
#5830 = DIRECTION('',(1.,0.,0.));
#5831 = PCURVE('',#5777,#5832);
#5832 = DEFINITIONAL_REPRESENTATION('',(#5833),#5837);
#5833 = LINE('',#5834,#5835);
#5834 = CARTESIAN_POINT('',(-0.,0.));
#5835 = VECTOR('',#5836,1.);
#5836 = DIRECTION('',(-1.,0.));
#5837 = ( GEOMETRIC_REPRESENTATION_CONTEXT(2) 
PARAMETRIC_REPRESENTATION_CONTEXT() REPRESENTATION_CONTEXT('2D SPACE',''
  ) );
#5838 = PCURVE('',#5839,#5844);
#5839 = PLANE('',#5840);
#5840 = AXIS2_PLACEMENT_3D('',#5841,#5842,#5843);
#5841 = CARTESIAN_POINT('',(-8.751616848252E-16,1.604946055186E-15,0.));
#5842 = DIRECTION('',(0.,0.,1.));
#5843 = DIRECTION('',(1.,0.,-0.));
#5844 = DEFINITIONAL_REPRESENTATION('',(#5845),#5849);
#5845 = CIRCLE('',#5846,25.);
#5846 = AXIS2_PLACEMENT_2D('',#5847,#5848);
#5847 = CARTESIAN_POINT('',(8.751616848252E-16,-1.604946055186E-15));
#5848 = DIRECTION('',(1.,0.));
#5849 = ( GEOMETRIC_REPRESENTATION_CONTEXT(2) 
PARAMETRIC_REPRESENTATION_CONTEXT() REPRESENTATION_CONTEXT('2D SPACE',''
  ) );
#5850 = ADVANCED_FACE('',(#5851),#5811,.T.);
#5851 = FACE_BOUND('',#5852,.T.);
#5852 = EDGE_LOOP('',(#5853,#5874,#5875,#5876));
#5853 = ORIENTED_EDGE('',*,*,#5854,.F.);
#5854 = EDGE_CURVE('',#5769,#5855,#5857,.T.);
#5855 = VERTEX_POINT('',#5856);
#5856 = CARTESIAN_POINT('',(22.5,0.,1.E+03));
#5857 = SEAM_CURVE('',#5858,(#5862,#5868),.PCURVE_S1.);
#5858 = LINE('',#5859,#5860);
#5859 = CARTESIAN_POINT('',(25.,0.,997.5));
#5860 = VECTOR('',#5861,1.);
#5861 = DIRECTION('',(-0.707106781187,0.,0.707106781187));
#5862 = PCURVE('',#5811,#5863);
#5863 = DEFINITIONAL_REPRESENTATION('',(#5864),#5867);
#5864 = B_SPLINE_CURVE_WITH_KNOTS('',1,(#5865,#5866),.UNSPECIFIED.,.F.,
  .F.,(2,2),(0.,3.535533905933),.PIECEWISE_BEZIER_KNOTS.);
#5865 = CARTESIAN_POINT('',(0.,0.));
#5866 = CARTESIAN_POINT('',(0.,-2.5));
#5867 = ( GEOMETRIC_REPRESENTATION_CONTEXT(2) 
PARAMETRIC_REPRESENTATION_CONTEXT() REPRESENTATION_CONTEXT('2D SPACE',''
  ) );
#5868 = PCURVE('',#5811,#5869);
#5869 = DEFINITIONAL_REPRESENTATION('',(#5870),#5873);
#5870 = B_SPLINE_CURVE_WITH_KNOTS('',1,(#5871,#5872),.UNSPECIFIED.,.F.,
  .F.,(2,2),(0.,3.535533905933),.PIECEWISE_BEZIER_KNOTS.);
#5871 = CARTESIAN_POINT('',(-6.28318530718,0.));
#5872 = CARTESIAN_POINT('',(-6.28318530718,-2.5));
#5873 = ( GEOMETRIC_REPRESENTATION_CONTEXT(2) 
PARAMETRIC_REPRESENTATION_CONTEXT() REPRESENTATION_CONTEXT('2D SPACE',''
  ) );
#5874 = ORIENTED_EDGE('',*,*,#5796,.T.);
#5875 = ORIENTED_EDGE('',*,*,#5854,.T.);
#5876 = ORIENTED_EDGE('',*,*,#5877,.F.);
#5877 = EDGE_CURVE('',#5855,#5855,#5878,.T.);
#5878 = SURFACE_CURVE('',#5879,(#5884,#5891),.PCURVE_S1.);
#5879 = CIRCLE('',#5880,22.5);
#5880 = AXIS2_PLACEMENT_3D('',#5881,#5882,#5883);
#5881 = CARTESIAN_POINT('',(0.,0.,1.E+03));
#5882 = DIRECTION('',(0.,0.,1.));
#5883 = DIRECTION('',(1.,0.,-0.));
#5884 = PCURVE('',#5811,#5885);
#5885 = DEFINITIONAL_REPRESENTATION('',(#5886),#5890);
#5886 = LINE('',#5887,#5888);
#5887 = CARTESIAN_POINT('',(-0.,-2.5));
#5888 = VECTOR('',#5889,1.);
#5889 = DIRECTION('',(-1.,-0.));
#5890 = ( GEOMETRIC_REPRESENTATION_CONTEXT(2) 
PARAMETRIC_REPRESENTATION_CONTEXT() REPRESENTATION_CONTEXT('2D SPACE',''
  ) );
#5891 = PCURVE('',#5892,#5897);
#5892 = PLANE('',#5893);
#5893 = AXIS2_PLACEMENT_3D('',#5894,#5895,#5896);
#5894 = CARTESIAN_POINT('',(-8.751616848252E-16,1.604946055186E-15,
    1.E+03));
#5895 = DIRECTION('',(0.,0.,1.));
#5896 = DIRECTION('',(1.,0.,-0.));
#5897 = DEFINITIONAL_REPRESENTATION('',(#5898),#5902);
#5898 = CIRCLE('',#5899,22.5);
#5899 = AXIS2_PLACEMENT_2D('',#5900,#5901);
#5900 = CARTESIAN_POINT('',(8.751616848252E-16,-1.604946055186E-15));
#5901 = DIRECTION('',(1.,0.));
#5902 = ( GEOMETRIC_REPRESENTATION_CONTEXT(2) 
PARAMETRIC_REPRESENTATION_CONTEXT() REPRESENTATION_CONTEXT('2D SPACE',''
  ) );
#5903 = ADVANCED_FACE('',(#5904,#5907),#5839,.F.);
#5904 = FACE_BOUND('',#5905,.F.);
#5905 = EDGE_LOOP('',(#5906));
#5906 = ORIENTED_EDGE('',*,*,#5824,.T.);
#5907 = FACE_BOUND('',#5908,.F.);
#5908 = EDGE_LOOP('',(#5909,#5939,#5967,#5995));
#5909 = ORIENTED_EDGE('',*,*,#5910,.F.);
#5910 = EDGE_CURVE('',#5911,#5913,#5915,.T.);
#5911 = VERTEX_POINT('',#5912);
#5912 = CARTESIAN_POINT('',(-6.25,18.75,0.));
#5913 = VERTEX_POINT('',#5914);
#5914 = CARTESIAN_POINT('',(-6.25,12.5,0.));
#5915 = SURFACE_CURVE('',#5916,(#5920,#5927),.PCURVE_S1.);
#5916 = LINE('',#5917,#5918);
#5917 = CARTESIAN_POINT('',(-6.25,18.75,0.));
#5918 = VECTOR('',#5919,1.);
#5919 = DIRECTION('',(0.,-1.,0.));
#5920 = PCURVE('',#5839,#5921);
#5921 = DEFINITIONAL_REPRESENTATION('',(#5922),#5926);
#5922 = LINE('',#5923,#5924);
#5923 = CARTESIAN_POINT('',(-6.25,18.75));
#5924 = VECTOR('',#5925,1.);
#5925 = DIRECTION('',(0.,-1.));
#5926 = ( GEOMETRIC_REPRESENTATION_CONTEXT(2) 
PARAMETRIC_REPRESENTATION_CONTEXT() REPRESENTATION_CONTEXT('2D SPACE',''
  ) );
#5927 = PCURVE('',#5928,#5933);
#5928 = PLANE('',#5929);
#5929 = AXIS2_PLACEMENT_3D('',#5930,#5931,#5932);
#5930 = CARTESIAN_POINT('',(-6.25,18.75,1.E+03));
#5931 = DIRECTION('',(1.,0.,0.));
#5932 = DIRECTION('',(0.,0.,-1.));
#5933 = DEFINITIONAL_REPRESENTATION('',(#5934),#5938);
#5934 = LINE('',#5935,#5936);
#5935 = CARTESIAN_POINT('',(1.E+03,0.));
#5936 = VECTOR('',#5937,1.);
#5937 = DIRECTION('',(0.,-1.));
#5938 = ( GEOMETRIC_REPRESENTATION_CONTEXT(2) 
PARAMETRIC_REPRESENTATION_CONTEXT() REPRESENTATION_CONTEXT('2D SPACE',''
  ) );
#5939 = ORIENTED_EDGE('',*,*,#5940,.T.);
#5940 = EDGE_CURVE('',#5911,#5941,#5943,.T.);
#5941 = VERTEX_POINT('',#5942);
#5942 = CARTESIAN_POINT('',(6.25,18.75,0.));
#5943 = SURFACE_CURVE('',#5944,(#5948,#5955),.PCURVE_S1.);
#5944 = LINE('',#5945,#5946);
#5945 = CARTESIAN_POINT('',(-6.25,18.75,0.));
#5946 = VECTOR('',#5947,1.);
#5947 = DIRECTION('',(1.,0.,0.));
#5948 = PCURVE('',#5839,#5949);
#5949 = DEFINITIONAL_REPRESENTATION('',(#5950),#5954);
#5950 = LINE('',#5951,#5952);
#5951 = CARTESIAN_POINT('',(-6.25,18.75));
#5952 = VECTOR('',#5953,1.);
#5953 = DIRECTION('',(1.,0.));
#5954 = ( GEOMETRIC_REPRESENTATION_CONTEXT(2) 
PARAMETRIC_REPRESENTATION_CONTEXT() REPRESENTATION_CONTEXT('2D SPACE',''
  ) );
#5955 = PCURVE('',#5956,#5961);
#5956 = PLANE('',#5957);
#5957 = AXIS2_PLACEMENT_3D('',#5958,#5959,#5960);
#5958 = CARTESIAN_POINT('',(0.,18.75,500.));
#5959 = DIRECTION('',(-0.,-1.,-0.));
#5960 = DIRECTION('',(0.,0.,-1.));
#5961 = DEFINITIONAL_REPRESENTATION('',(#5962),#5966);
#5962 = LINE('',#5963,#5964);
#5963 = CARTESIAN_POINT('',(500.,-6.25));
#5964 = VECTOR('',#5965,1.);
#5965 = DIRECTION('',(0.,1.));
#5966 = ( GEOMETRIC_REPRESENTATION_CONTEXT(2) 
PARAMETRIC_REPRESENTATION_CONTEXT() REPRESENTATION_CONTEXT('2D SPACE',''
  ) );
#5967 = ORIENTED_EDGE('',*,*,#5968,.T.);
#5968 = EDGE_CURVE('',#5941,#5969,#5971,.T.);
#5969 = VERTEX_POINT('',#5970);
#5970 = CARTESIAN_POINT('',(6.25,12.5,0.));
#5971 = SURFACE_CURVE('',#5972,(#5976,#5983),.PCURVE_S1.);
#5972 = LINE('',#5973,#5974);
#5973 = CARTESIAN_POINT('',(6.25,18.75,0.));
#5974 = VECTOR('',#5975,1.);
#5975 = DIRECTION('',(0.,-1.,0.));
#5976 = PCURVE('',#5839,#5977);
#5977 = DEFINITIONAL_REPRESENTATION('',(#5978),#5982);
#5978 = LINE('',#5979,#5980);
#5979 = CARTESIAN_POINT('',(6.25,18.75));
#5980 = VECTOR('',#5981,1.);
#5981 = DIRECTION('',(0.,-1.));
#5982 = ( GEOMETRIC_REPRESENTATION_CONTEXT(2) 
PARAMETRIC_REPRESENTATION_CONTEXT() REPRESENTATION_CONTEXT('2D SPACE',''
  ) );
#5983 = PCURVE('',#5984,#5989);
#5984 = PLANE('',#5985);
#5985 = AXIS2_PLACEMENT_3D('',#5986,#5987,#5988);
#5986 = CARTESIAN_POINT('',(6.25,18.75,0.));
#5987 = DIRECTION('',(-1.,0.,0.));
#5988 = DIRECTION('',(0.,0.,1.));
#5989 = DEFINITIONAL_REPRESENTATION('',(#5990),#5994);
#5990 = LINE('',#5991,#5992);
#5991 = CARTESIAN_POINT('',(0.,0.));
#5992 = VECTOR('',#5993,1.);
#5993 = DIRECTION('',(0.,-1.));
#5994 = ( GEOMETRIC_REPRESENTATION_CONTEXT(2) 
PARAMETRIC_REPRESENTATION_CONTEXT() REPRESENTATION_CONTEXT('2D SPACE',''
  ) );
#5995 = ORIENTED_EDGE('',*,*,#5996,.F.);
#5996 = EDGE_CURVE('',#5913,#5969,#5997,.T.);
#5997 = SURFACE_CURVE('',#5998,(#6002,#6009),.PCURVE_S1.);
#5998 = LINE('',#5999,#6000);
#5999 = CARTESIAN_POINT('',(-6.25,12.5,0.));
#6000 = VECTOR('',#6001,1.);
#6001 = DIRECTION('',(1.,0.,0.));
#6002 = PCURVE('',#5839,#6003);
#6003 = DEFINITIONAL_REPRESENTATION('',(#6004),#6008);
#6004 = LINE('',#6005,#6006);
#6005 = CARTESIAN_POINT('',(-6.25,12.5));
#6006 = VECTOR('',#6007,1.);
#6007 = DIRECTION('',(1.,0.));
#6008 = ( GEOMETRIC_REPRESENTATION_CONTEXT(2) 
PARAMETRIC_REPRESENTATION_CONTEXT() REPRESENTATION_CONTEXT('2D SPACE',''
  ) );
#6009 = PCURVE('',#6010,#6015);
#6010 = PLANE('',#6011);
#6011 = AXIS2_PLACEMENT_3D('',#6012,#6013,#6014);
#6012 = CARTESIAN_POINT('',(0.,12.5,500.));
#6013 = DIRECTION('',(-0.,-1.,-0.));
#6014 = DIRECTION('',(0.,0.,-1.));
#6015 = DEFINITIONAL_REPRESENTATION('',(#6016),#6020);
#6016 = LINE('',#6017,#6018);
#6017 = CARTESIAN_POINT('',(500.,-6.25));
#6018 = VECTOR('',#6019,1.);
#6019 = DIRECTION('',(0.,1.));
#6020 = ( GEOMETRIC_REPRESENTATION_CONTEXT(2) 
PARAMETRIC_REPRESENTATION_CONTEXT() REPRESENTATION_CONTEXT('2D SPACE',''
  ) );
#6021 = ADVANCED_FACE('',(#6022,#6025),#5892,.T.);
#6022 = FACE_BOUND('',#6023,.T.);
#6023 = EDGE_LOOP('',(#6024));
#6024 = ORIENTED_EDGE('',*,*,#5877,.T.);
#6025 = FACE_BOUND('',#6026,.T.);
#6026 = EDGE_LOOP('',(#6027,#6052,#6075,#6098));
#6027 = ORIENTED_EDGE('',*,*,#6028,.F.);
#6028 = EDGE_CURVE('',#6029,#6031,#6033,.T.);
#6029 = VERTEX_POINT('',#6030);
#6030 = CARTESIAN_POINT('',(6.25,18.75,1.E+03));
#6031 = VERTEX_POINT('',#6032);
#6032 = CARTESIAN_POINT('',(-6.25,18.75,1.E+03));
#6033 = SURFACE_CURVE('',#6034,(#6038,#6045),.PCURVE_S1.);
#6034 = LINE('',#6035,#6036);
#6035 = CARTESIAN_POINT('',(6.25,18.75,1.E+03));
#6036 = VECTOR('',#6037,1.);
#6037 = DIRECTION('',(-1.,0.,0.));
#6038 = PCURVE('',#5892,#6039);
#6039 = DEFINITIONAL_REPRESENTATION('',(#6040),#6044);
#6040 = LINE('',#6041,#6042);
#6041 = CARTESIAN_POINT('',(6.25,18.75));
#6042 = VECTOR('',#6043,1.);
#6043 = DIRECTION('',(-1.,0.));
#6044 = ( GEOMETRIC_REPRESENTATION_CONTEXT(2) 
PARAMETRIC_REPRESENTATION_CONTEXT() REPRESENTATION_CONTEXT('2D SPACE',''
  ) );
#6045 = PCURVE('',#5956,#6046);
#6046 = DEFINITIONAL_REPRESENTATION('',(#6047),#6051);
#6047 = LINE('',#6048,#6049);
#6048 = CARTESIAN_POINT('',(-500.,6.25));
#6049 = VECTOR('',#6050,1.);
#6050 = DIRECTION('',(0.,-1.));
#6051 = ( GEOMETRIC_REPRESENTATION_CONTEXT(2) 
PARAMETRIC_REPRESENTATION_CONTEXT() REPRESENTATION_CONTEXT('2D SPACE',''
  ) );
#6052 = ORIENTED_EDGE('',*,*,#6053,.T.);
#6053 = EDGE_CURVE('',#6029,#6054,#6056,.T.);
#6054 = VERTEX_POINT('',#6055);
#6055 = CARTESIAN_POINT('',(6.25,12.5,1.E+03));
#6056 = SURFACE_CURVE('',#6057,(#6061,#6068),.PCURVE_S1.);
#6057 = LINE('',#6058,#6059);
#6058 = CARTESIAN_POINT('',(6.25,18.75,1.E+03));
#6059 = VECTOR('',#6060,1.);
#6060 = DIRECTION('',(0.,-1.,0.));
#6061 = PCURVE('',#5892,#6062);
#6062 = DEFINITIONAL_REPRESENTATION('',(#6063),#6067);
#6063 = LINE('',#6064,#6065);
#6064 = CARTESIAN_POINT('',(6.25,18.75));
#6065 = VECTOR('',#6066,1.);
#6066 = DIRECTION('',(0.,-1.));
#6067 = ( GEOMETRIC_REPRESENTATION_CONTEXT(2) 
PARAMETRIC_REPRESENTATION_CONTEXT() REPRESENTATION_CONTEXT('2D SPACE',''
  ) );
#6068 = PCURVE('',#5984,#6069);
#6069 = DEFINITIONAL_REPRESENTATION('',(#6070),#6074);
#6070 = LINE('',#6071,#6072);
#6071 = CARTESIAN_POINT('',(1.E+03,0.));
#6072 = VECTOR('',#6073,1.);
#6073 = DIRECTION('',(0.,-1.));
#6074 = ( GEOMETRIC_REPRESENTATION_CONTEXT(2) 
PARAMETRIC_REPRESENTATION_CONTEXT() REPRESENTATION_CONTEXT('2D SPACE',''
  ) );
#6075 = ORIENTED_EDGE('',*,*,#6076,.T.);
#6076 = EDGE_CURVE('',#6054,#6077,#6079,.T.);
#6077 = VERTEX_POINT('',#6078);
#6078 = CARTESIAN_POINT('',(-6.25,12.5,1.E+03));
#6079 = SURFACE_CURVE('',#6080,(#6084,#6091),.PCURVE_S1.);
#6080 = LINE('',#6081,#6082);
#6081 = CARTESIAN_POINT('',(6.25,12.5,1.E+03));
#6082 = VECTOR('',#6083,1.);
#6083 = DIRECTION('',(-1.,0.,0.));
#6084 = PCURVE('',#5892,#6085);
#6085 = DEFINITIONAL_REPRESENTATION('',(#6086),#6090);
#6086 = LINE('',#6087,#6088);
#6087 = CARTESIAN_POINT('',(6.25,12.5));
#6088 = VECTOR('',#6089,1.);
#6089 = DIRECTION('',(-1.,0.));
#6090 = ( GEOMETRIC_REPRESENTATION_CONTEXT(2) 
PARAMETRIC_REPRESENTATION_CONTEXT() REPRESENTATION_CONTEXT('2D SPACE',''
  ) );
#6091 = PCURVE('',#6010,#6092);
#6092 = DEFINITIONAL_REPRESENTATION('',(#6093),#6097);
#6093 = LINE('',#6094,#6095);
#6094 = CARTESIAN_POINT('',(-500.,6.25));
#6095 = VECTOR('',#6096,1.);
#6096 = DIRECTION('',(0.,-1.));
#6097 = ( GEOMETRIC_REPRESENTATION_CONTEXT(2) 
PARAMETRIC_REPRESENTATION_CONTEXT() REPRESENTATION_CONTEXT('2D SPACE',''
  ) );
#6098 = ORIENTED_EDGE('',*,*,#6099,.F.);
#6099 = EDGE_CURVE('',#6031,#6077,#6100,.T.);
#6100 = SURFACE_CURVE('',#6101,(#6105,#6112),.PCURVE_S1.);
#6101 = LINE('',#6102,#6103);
#6102 = CARTESIAN_POINT('',(-6.25,18.75,1.E+03));
#6103 = VECTOR('',#6104,1.);
#6104 = DIRECTION('',(0.,-1.,0.));
#6105 = PCURVE('',#5892,#6106);
#6106 = DEFINITIONAL_REPRESENTATION('',(#6107),#6111);
#6107 = LINE('',#6108,#6109);
#6108 = CARTESIAN_POINT('',(-6.25,18.75));
#6109 = VECTOR('',#6110,1.);
#6110 = DIRECTION('',(0.,-1.));
#6111 = ( GEOMETRIC_REPRESENTATION_CONTEXT(2) 
PARAMETRIC_REPRESENTATION_CONTEXT() REPRESENTATION_CONTEXT('2D SPACE',''
  ) );
#6112 = PCURVE('',#5928,#6113);
#6113 = DEFINITIONAL_REPRESENTATION('',(#6114),#6118);
#6114 = LINE('',#6115,#6116);
#6115 = CARTESIAN_POINT('',(0.,0.));
#6116 = VECTOR('',#6117,1.);
#6117 = DIRECTION('',(0.,-1.));
#6118 = ( GEOMETRIC_REPRESENTATION_CONTEXT(2) 
PARAMETRIC_REPRESENTATION_CONTEXT() REPRESENTATION_CONTEXT('2D SPACE',''
  ) );
#6119 = ADVANCED_FACE('',(#6120),#5928,.T.);
#6120 = FACE_BOUND('',#6121,.T.);
#6121 = EDGE_LOOP('',(#6122,#6123,#6144,#6145));
#6122 = ORIENTED_EDGE('',*,*,#6099,.T.);
#6123 = ORIENTED_EDGE('',*,*,#6124,.T.);
#6124 = EDGE_CURVE('',#6077,#5913,#6125,.T.);
#6125 = SURFACE_CURVE('',#6126,(#6130,#6137),.PCURVE_S1.);
#6126 = LINE('',#6127,#6128);
#6127 = CARTESIAN_POINT('',(-6.25,12.5,1.E+03));
#6128 = VECTOR('',#6129,1.);
#6129 = DIRECTION('',(0.,0.,-1.));
#6130 = PCURVE('',#5928,#6131);
#6131 = DEFINITIONAL_REPRESENTATION('',(#6132),#6136);
#6132 = LINE('',#6133,#6134);
#6133 = CARTESIAN_POINT('',(0.,-6.25));
#6134 = VECTOR('',#6135,1.);
#6135 = DIRECTION('',(1.,0.));
#6136 = ( GEOMETRIC_REPRESENTATION_CONTEXT(2) 
PARAMETRIC_REPRESENTATION_CONTEXT() REPRESENTATION_CONTEXT('2D SPACE',''
  ) );
#6137 = PCURVE('',#6010,#6138);
#6138 = DEFINITIONAL_REPRESENTATION('',(#6139),#6143);
#6139 = LINE('',#6140,#6141);
#6140 = CARTESIAN_POINT('',(-500.,-6.25));
#6141 = VECTOR('',#6142,1.);
#6142 = DIRECTION('',(1.,0.));
#6143 = ( GEOMETRIC_REPRESENTATION_CONTEXT(2) 
PARAMETRIC_REPRESENTATION_CONTEXT() REPRESENTATION_CONTEXT('2D SPACE',''
  ) );
#6144 = ORIENTED_EDGE('',*,*,#5910,.F.);
#6145 = ORIENTED_EDGE('',*,*,#6146,.F.);
#6146 = EDGE_CURVE('',#6031,#5911,#6147,.T.);
#6147 = SURFACE_CURVE('',#6148,(#6152,#6159),.PCURVE_S1.);
#6148 = LINE('',#6149,#6150);
#6149 = CARTESIAN_POINT('',(-6.25,18.75,1.E+03));
#6150 = VECTOR('',#6151,1.);
#6151 = DIRECTION('',(0.,0.,-1.));
#6152 = PCURVE('',#5928,#6153);
#6153 = DEFINITIONAL_REPRESENTATION('',(#6154),#6158);
#6154 = LINE('',#6155,#6156);
#6155 = CARTESIAN_POINT('',(0.,0.));
#6156 = VECTOR('',#6157,1.);
#6157 = DIRECTION('',(1.,0.));
#6158 = ( GEOMETRIC_REPRESENTATION_CONTEXT(2) 
PARAMETRIC_REPRESENTATION_CONTEXT() REPRESENTATION_CONTEXT('2D SPACE',''
  ) );
#6159 = PCURVE('',#5956,#6160);
#6160 = DEFINITIONAL_REPRESENTATION('',(#6161),#6165);
#6161 = LINE('',#6162,#6163);
#6162 = CARTESIAN_POINT('',(-500.,-6.25));
#6163 = VECTOR('',#6164,1.);
#6164 = DIRECTION('',(1.,0.));
#6165 = ( GEOMETRIC_REPRESENTATION_CONTEXT(2) 
PARAMETRIC_REPRESENTATION_CONTEXT() REPRESENTATION_CONTEXT('2D SPACE',''
  ) );
#6166 = ADVANCED_FACE('',(#6167),#6010,.F.);
#6167 = FACE_BOUND('',#6168,.F.);
#6168 = EDGE_LOOP('',(#6169,#6170,#6191,#6192));
#6169 = ORIENTED_EDGE('',*,*,#5996,.T.);
#6170 = ORIENTED_EDGE('',*,*,#6171,.T.);
#6171 = EDGE_CURVE('',#5969,#6054,#6172,.T.);
#6172 = SURFACE_CURVE('',#6173,(#6177,#6184),.PCURVE_S1.);
#6173 = LINE('',#6174,#6175);
#6174 = CARTESIAN_POINT('',(6.25,12.5,0.));
#6175 = VECTOR('',#6176,1.);
#6176 = DIRECTION('',(0.,0.,1.));
#6177 = PCURVE('',#6010,#6178);
#6178 = DEFINITIONAL_REPRESENTATION('',(#6179),#6183);
#6179 = LINE('',#6180,#6181);
#6180 = CARTESIAN_POINT('',(500.,6.25));
#6181 = VECTOR('',#6182,1.);
#6182 = DIRECTION('',(-1.,0.));
#6183 = ( GEOMETRIC_REPRESENTATION_CONTEXT(2) 
PARAMETRIC_REPRESENTATION_CONTEXT() REPRESENTATION_CONTEXT('2D SPACE',''
  ) );
#6184 = PCURVE('',#5984,#6185);
#6185 = DEFINITIONAL_REPRESENTATION('',(#6186),#6190);
#6186 = LINE('',#6187,#6188);
#6187 = CARTESIAN_POINT('',(0.,-6.25));
#6188 = VECTOR('',#6189,1.);
#6189 = DIRECTION('',(1.,0.));
#6190 = ( GEOMETRIC_REPRESENTATION_CONTEXT(2) 
PARAMETRIC_REPRESENTATION_CONTEXT() REPRESENTATION_CONTEXT('2D SPACE',''
  ) );
#6191 = ORIENTED_EDGE('',*,*,#6076,.T.);
#6192 = ORIENTED_EDGE('',*,*,#6124,.T.);
#6193 = ADVANCED_FACE('',(#6194),#5984,.T.);
#6194 = FACE_BOUND('',#6195,.T.);
#6195 = EDGE_LOOP('',(#6196,#6197,#6198,#6199));
#6196 = ORIENTED_EDGE('',*,*,#5968,.T.);
#6197 = ORIENTED_EDGE('',*,*,#6171,.T.);
#6198 = ORIENTED_EDGE('',*,*,#6053,.F.);
#6199 = ORIENTED_EDGE('',*,*,#6200,.F.);
#6200 = EDGE_CURVE('',#5941,#6029,#6201,.T.);
#6201 = SURFACE_CURVE('',#6202,(#6206,#6213),.PCURVE_S1.);
#6202 = LINE('',#6203,#6204);
#6203 = CARTESIAN_POINT('',(6.25,18.75,0.));
#6204 = VECTOR('',#6205,1.);
#6205 = DIRECTION('',(0.,0.,1.));
#6206 = PCURVE('',#5984,#6207);
#6207 = DEFINITIONAL_REPRESENTATION('',(#6208),#6212);
#6208 = LINE('',#6209,#6210);
#6209 = CARTESIAN_POINT('',(0.,0.));
#6210 = VECTOR('',#6211,1.);
#6211 = DIRECTION('',(1.,0.));
#6212 = ( GEOMETRIC_REPRESENTATION_CONTEXT(2) 
PARAMETRIC_REPRESENTATION_CONTEXT() REPRESENTATION_CONTEXT('2D SPACE',''
  ) );
#6213 = PCURVE('',#5956,#6214);
#6214 = DEFINITIONAL_REPRESENTATION('',(#6215),#6219);
#6215 = LINE('',#6216,#6217);
#6216 = CARTESIAN_POINT('',(500.,6.25));
#6217 = VECTOR('',#6218,1.);
#6218 = DIRECTION('',(-1.,0.));
#6219 = ( GEOMETRIC_REPRESENTATION_CONTEXT(2) 
PARAMETRIC_REPRESENTATION_CONTEXT() REPRESENTATION_CONTEXT('2D SPACE',''
  ) );
#6220 = ADVANCED_FACE('',(#6221),#5956,.T.);
#6221 = FACE_BOUND('',#6222,.T.);
#6222 = EDGE_LOOP('',(#6223,#6224,#6225,#6226));
#6223 = ORIENTED_EDGE('',*,*,#5940,.T.);
#6224 = ORIENTED_EDGE('',*,*,#6200,.T.);
#6225 = ORIENTED_EDGE('',*,*,#6028,.T.);
#6226 = ORIENTED_EDGE('',*,*,#6146,.T.);
#6227 = ( GEOMETRIC_REPRESENTATION_CONTEXT(3) 
GLOBAL_UNCERTAINTY_ASSIGNED_CONTEXT((#6231)) 
GLOBAL_UNIT_ASSIGNED_CONTEXT((#6228,#6229,#6230)) REPRESENTATION_CONTEXT
('Context #1','3D Context with UNIT and UNCERTAINTY') );
#6228 = ( LENGTH_UNIT() NAMED_UNIT(*) SI_UNIT(.MILLI.,.METRE.) );
#6229 = ( NAMED_UNIT(*) PLANE_ANGLE_UNIT() SI_UNIT($,.RADIAN.) );
#6230 = ( NAMED_UNIT(*) SI_UNIT($,.STERADIAN.) SOLID_ANGLE_UNIT() );
#6231 = UNCERTAINTY_MEASURE_WITH_UNIT(LENGTH_MEASURE(1.E-07),#6228,
  'distance_accuracy_value','confusion accuracy');
#6232 = SHAPE_DEFINITION_REPRESENTATION(#6233,#5759);
#6233 = PRODUCT_DEFINITION_SHAPE('','',#6234);
#6234 = PRODUCT_DEFINITION('design','',#6235,#6238);
#6235 = PRODUCT_DEFINITION_FORMATION('','',#6236);
#6236 = PRODUCT('shaft_2_part','shaft_2_part','',(#6237));
#6237 = PRODUCT_CONTEXT('',#2,'mechanical');
#6238 = PRODUCT_DEFINITION_CONTEXT('part definition',#2,'design');
#6239 = CONTEXT_DEPENDENT_SHAPE_REPRESENTATION(#6240,#6242);
#6240 = ( REPRESENTATION_RELATIONSHIP('','',#5759,#5749) 
REPRESENTATION_RELATIONSHIP_WITH_TRANSFORMATION(#6241) 
SHAPE_REPRESENTATION_RELATIONSHIP() );
#6241 = ITEM_DEFINED_TRANSFORMATION('','',#11,#5750);
#6242 = PRODUCT_DEFINITION_SHAPE('Placement','Placement of an item',
  #6243);
#6243 = NEXT_ASSEMBLY_USAGE_OCCURRENCE('55','','',#5744,#6234,$);
#6244 = PRODUCT_RELATED_PRODUCT_CATEGORY('part',$,(#6236));
#6245 = CONTEXT_DEPENDENT_SHAPE_REPRESENTATION(#6246,#6248);
#6246 = ( REPRESENTATION_RELATIONSHIP('','',#5749,#32) 
REPRESENTATION_RELATIONSHIP_WITH_TRANSFORMATION(#6247) 
SHAPE_REPRESENTATION_RELATIONSHIP() );
#6247 = ITEM_DEFINED_TRANSFORMATION('','',#11,#45);
#6248 = PRODUCT_DEFINITION_SHAPE('Placement','Placement of an item',
  #6249);
#6249 = NEXT_ASSEMBLY_USAGE_OCCURRENCE('56','','',#27,#5744,$);
#6250 = PRODUCT_RELATED_PRODUCT_CATEGORY('part',$,(#5746));
#6251 = CONTEXT_DEPENDENT_SHAPE_REPRESENTATION(#6252,#6254);
#6252 = ( REPRESENTATION_RELATIONSHIP('','',#32,#10) 
REPRESENTATION_RELATIONSHIP_WITH_TRANSFORMATION(#6253) 
SHAPE_REPRESENTATION_RELATIONSHIP() );
#6253 = ITEM_DEFINED_TRANSFORMATION('','',#11,#15);
#6254 = PRODUCT_DEFINITION_SHAPE('Placement','Placement of an item',
  #6255);
#6255 = NEXT_ASSEMBLY_USAGE_OCCURRENCE('57','','',#5,#27,$);
#6256 = PRODUCT_RELATED_PRODUCT_CATEGORY('part',$,(#29));
#6257 = MECHANICAL_DESIGN_GEOMETRIC_PRESENTATION_REPRESENTATION('',(
    #6258),#6227);
#6258 = STYLED_ITEM('color',(#6259),#5760);
#6259 = PRESENTATION_STYLE_ASSIGNMENT((#6260));
#6260 = SURFACE_STYLE_USAGE(.BOTH.,#6261);
#6261 = SURFACE_SIDE_STYLE('',(#6262));
#6262 = SURFACE_STYLE_FILL_AREA(#6263);
#6263 = FILL_AREA_STYLE('',(#6264));
#6264 = FILL_AREA_STYLE_COLOUR('',#6265);
#6265 = DRAUGHTING_PRE_DEFINED_COLOUR('blue');
#6266 = MECHANICAL_DESIGN_GEOMETRIC_PRESENTATION_REPRESENTATION('',(
    #6267),#5718);
#6267 = STYLED_ITEM('color',(#6268),#5251);
#6268 = PRESENTATION_STYLE_ASSIGNMENT((#6269));
#6269 = SURFACE_STYLE_USAGE(.BOTH.,#6270);
#6270 = SURFACE_SIDE_STYLE('',(#6271));
#6271 = SURFACE_STYLE_FILL_AREA(#6272);
#6272 = FILL_AREA_STYLE('',(#6273));
#6273 = FILL_AREA_STYLE_COLOUR('',#6265);
#6274 = MECHANICAL_DESIGN_GEOMETRIC_PRESENTATION_REPRESENTATION('',(
    #6275),#5209);
#6275 = STYLED_ITEM('color',(#6276),#91);
#6276 = PRESENTATION_STYLE_ASSIGNMENT((#6277));
#6277 = SURFACE_STYLE_USAGE(.BOTH.,#6278);
#6278 = SURFACE_SIDE_STYLE('',(#6279));
#6279 = SURFACE_STYLE_FILL_AREA(#6280);
#6280 = FILL_AREA_STYLE('',(#6281));
#6281 = FILL_AREA_STYLE_COLOUR('',#6282);
#6282 = DRAUGHTING_PRE_DEFINED_COLOUR('red');
ENDSEC;
END-ISO-10303-21;
