solid 
 facet normal  9.996892e-01  2.493069e-02  0.000000e+00
   outer loop
     vertex  4.968816e+00  2.479833e-01  0.000000e+00
     vertex  4.975000e+00  0.000000e+00  3.746300e+01
     vertex  4.975000e+00  0.000000e+00  0.000000e+00
   endloop
 endfacet
 facet normal  9.996892e-01  2.493069e-02 -0.000000e+00
   outer loop
     vertex  4.968816e+00  2.479833e-01  0.000000e+00
     vertex  4.968816e+00  2.479833e-01  3.746300e+01
     vertex  4.975000e+00  0.000000e+00  3.746300e+01
   endloop
 endfacet
 facet normal  9.972038e-01  7.473009e-02 -0.000000e+00
   outer loop
     vertex  4.950278e+00  4.953500e-01  0.000000e+00
     vertex  4.950278e+00  4.953500e-01  3.746300e+01
     vertex  4.968816e+00  2.479833e-01  3.746300e+01
   endloop
 endfacet
 facet normal  9.922392e-01  1.243437e-01 -0.000000e+00
   outer loop
     vertex  4.950278e+00  4.953500e-01  0.000000e+00
     vertex  4.919433e+00  7.414853e-01  3.746300e+01
     vertex  4.950278e+00  4.953500e-01  3.746300e+01
   endloop
 endfacet
 facet normal  9.972038e-01  7.473009e-02  0.000000e+00
   outer loop
     vertex  4.950278e+00  4.953500e-01  0.000000e+00
     vertex  4.968816e+00  2.479833e-01  3.746300e+01
     vertex  4.968816e+00  2.479833e-01  0.000000e+00
   endloop
 endfacet
 facet normal  9.848078e-01  1.736482e-01 -0.000000e+00
   outer loop
     vertex  4.919433e+00  7.414853e-01  0.000000e+00
     vertex  4.876358e+00  9.857771e-01  3.746300e+01
     vertex  4.919433e+00  7.414853e-01  3.746300e+01
   endloop
 endfacet
 facet normal  9.922392e-01  1.243437e-01 -0.000000e+00
   outer loop
     vertex  4.919433e+00  7.414853e-01  0.000000e+00
     vertex  4.919433e+00  7.414853e-01  3.746300e+01
     vertex  4.950278e+00  4.953500e-01  0.000000e+00
   endloop
 endfacet
 facet normal  9.848078e-01  1.736482e-01 -0.000000e+00
   outer loop
     vertex  4.876358e+00  9.857771e-01  0.000000e+00
     vertex  4.876358e+00  9.857771e-01  3.746300e+01
     vertex  4.919433e+00  7.414853e-01  0.000000e+00
   endloop
 endfacet
 facet normal  9.749279e-01  2.225209e-01 -0.000000e+00
   outer loop
     vertex  4.821159e+00  1.227618e+00  0.000000e+00
     vertex  4.821159e+00  1.227618e+00  3.746300e+01
     vertex  4.876358e+00  9.857771e-01  3.746300e+01
   endloop
 endfacet
 facet normal  9.749279e-01  2.225209e-01  0.000000e+00
   outer loop
     vertex  4.821159e+00  1.227618e+00  0.000000e+00
     vertex  4.876358e+00  9.857771e-01  3.746300e+01
     vertex  4.876358e+00  9.857771e-01  0.000000e+00
   endloop
 endfacet
 facet normal  9.626242e-01  2.708405e-01 -0.000000e+00
   outer loop
     vertex  4.753975e+00  1.466407e+00  0.000000e+00
     vertex  4.753975e+00  1.466407e+00  3.746300e+01
     vertex  4.821159e+00  1.227618e+00  3.746300e+01
   endloop
 endfacet
 facet normal  9.626242e-01  2.708405e-01  0.000000e+00
   outer loop
     vertex  4.753975e+00  1.466407e+00  0.000000e+00
     vertex  4.821159e+00  1.227618e+00  3.746300e+01
     vertex  4.821159e+00  1.227618e+00  0.000000e+00
   endloop
 endfacet
 facet normal  9.479273e-01  3.184867e-01 -0.000000e+00
   outer loop
     vertex  4.674971e+00  1.701550e+00  0.000000e+00
     vertex  4.674971e+00  1.701550e+00  3.746300e+01
     vertex  4.753975e+00  1.466407e+00  3.746300e+01
   endloop
 endfacet
 facet normal  9.479273e-01  3.184867e-01  0.000000e+00
   outer loop
     vertex  4.674971e+00  1.701550e+00  0.000000e+00
     vertex  4.753975e+00  1.466407e+00  3.746300e+01
     vertex  4.753975e+00  1.466407e+00  0.000000e+00
   endloop
 endfacet
 facet normal  9.308737e-01  3.653410e-01 -0.000000e+00
   outer loop
     vertex  4.584344e+00  1.932463e+00  0.000000e+00
     vertex  4.584344e+00  1.932463e+00  3.746300e+01
     vertex  4.674971e+00  1.701550e+00  3.746300e+01
   endloop
 endfacet
 facet normal  9.308737e-01  3.653410e-01  0.000000e+00
   outer loop
     vertex  4.584344e+00  1.932463e+00  0.000000e+00
     vertex  4.674971e+00  1.701550e+00  3.746300e+01
     vertex  4.674971e+00  1.701550e+00  0.000000e+00
   endloop
 endfacet
 facet normal  9.115059e-01  4.112871e-01 -0.000000e+00
   outer loop
     vertex  4.482320e+00  2.158572e+00  0.000000e+00
     vertex  4.482320e+00  2.158572e+00  3.746300e+01
     vertex  4.584344e+00  1.932463e+00  3.746300e+01
   endloop
 endfacet
 facet normal  9.115059e-01  4.112871e-01  0.000000e+00
   outer loop
     vertex  4.482320e+00  2.158572e+00  0.000000e+00
     vertex  4.584344e+00  1.932463e+00  3.746300e+01
     vertex  4.584344e+00  1.932463e+00  0.000000e+00
   endloop
 endfacet
 facet normal  8.898718e-01  4.562107e-01 -0.000000e+00
   outer loop
     vertex  4.369152e+00  2.379314e+00  0.000000e+00
     vertex  4.369152e+00  2.379314e+00  3.746300e+01
     vertex  4.482320e+00  2.158572e+00  3.746300e+01
   endloop
 endfacet
 facet normal  8.660254e-01  5.000000e-01 -0.000000e+00
   outer loop
     vertex  4.369152e+00  2.379314e+00  0.000000e+00
     vertex  4.245122e+00  2.594140e+00  3.746300e+01
     vertex  4.369152e+00  2.379314e+00  3.746300e+01
   endloop
 endfacet
 facet normal  8.898718e-01  4.562107e-01  0.000000e+00
   outer loop
     vertex  4.369152e+00  2.379314e+00  0.000000e+00
     vertex  4.482320e+00  2.158572e+00  3.746300e+01
     vertex  4.482320e+00  2.158572e+00  0.000000e+00
   endloop
 endfacet
 facet normal  8.660254e-01  5.000000e-01 -0.000000e+00
   outer loop
     vertex  4.245122e+00  2.594140e+00  0.000000e+00
     vertex  4.245122e+00  2.594140e+00  3.746300e+01
     vertex  4.369152e+00  2.379314e+00  0.000000e+00
   endloop
 endfacet
 facet normal  8.400259e-01  5.425463e-01 -0.000000e+00
   outer loop
     vertex  4.245122e+00  2.594140e+00  0.000000e+00
     vertex  4.110538e+00  2.802517e+00  3.746300e+01
     vertex  4.245122e+00  2.594140e+00  3.746300e+01
   endloop
 endfacet
 facet normal  8.400259e-01  5.425463e-01 -0.000000e+00
   outer loop
     vertex  4.110538e+00  2.802517e+00  0.000000e+00
     vertex  4.110538e+00  2.802517e+00  3.746300e+01
     vertex  4.245122e+00  2.594140e+00  0.000000e+00
   endloop
 endfacet
 facet normal  8.119380e-01  5.837437e-01  0.000000e+00
   outer loop
     vertex  3.965734e+00  3.003927e+00  0.000000e+00
     vertex  4.110538e+00  2.802517e+00  3.746300e+01
     vertex  4.110538e+00  2.802517e+00  0.000000e+00
   endloop
 endfacet
 facet normal  8.119380e-01  5.837437e-01 -0.000000e+00
   outer loop
     vertex  3.965734e+00  3.003927e+00  0.000000e+00
     vertex  3.965734e+00  3.003927e+00  3.746300e+01
     vertex  4.110538e+00  2.802517e+00  3.746300e+01
   endloop
 endfacet
 facet normal  7.818315e-01  6.234898e-01  0.000000e+00
   outer loop
     vertex  3.811071e+00  3.197868e+00  0.000000e+00
     vertex  3.965734e+00  3.003927e+00  3.746300e+01
     vertex  3.965734e+00  3.003927e+00  0.000000e+00
   endloop
 endfacet
 facet normal  7.818315e-01  6.234898e-01 -0.000000e+00
   outer loop
     vertex  3.811071e+00  3.197868e+00  0.000000e+00
     vertex  3.811071e+00  3.197868e+00  3.746300e+01
     vertex  3.965734e+00  3.003927e+00  3.746300e+01
   endloop
 endfacet
 facet normal  7.497812e-01  6.616858e-01 -0.000000e+00
   outer loop
     vertex  3.646933e+00  3.383859e+00  0.000000e+00
     vertex  3.646933e+00  3.383859e+00  3.746300e+01
     vertex  3.811071e+00  3.197868e+00  3.746300e+01
   endloop
 endfacet
 facet normal  7.497812e-01  6.616858e-01  0.000000e+00
   outer loop
     vertex  3.646933e+00  3.383859e+00  0.000000e+00
     vertex  3.811071e+00  3.197868e+00  3.746300e+01
     vertex  3.811071e+00  3.197868e+00  0.000000e+00
   endloop
 endfacet
 facet normal  7.158668e-01  6.982368e-01 -0.000000e+00
   outer loop
     vertex  3.473728e+00  3.561438e+00  0.000000e+00
     vertex  3.473728e+00  3.561438e+00  3.746300e+01
     vertex  3.646933e+00  3.383859e+00  3.746300e+01
   endloop
 endfacet
 facet normal  7.158668e-01  6.982368e-01  0.000000e+00
   outer loop
     vertex  3.473728e+00  3.561438e+00  0.000000e+00
     vertex  3.646933e+00  3.383859e+00  3.746300e+01
     vertex  3.646933e+00  3.383859e+00  0.000000e+00
   endloop
 endfacet
 facet normal  6.801727e-01  7.330519e-01  0.000000e+00
   outer loop
     vertex  3.291887e+00  3.730161e+00  0.000000e+00
     vertex  3.473728e+00  3.561438e+00  3.746300e+01
     vertex  3.473728e+00  3.561438e+00  0.000000e+00
   endloop
 endfacet
 facet normal  6.801727e-01  7.330519e-01 -0.000000e+00
   outer loop
     vertex  3.291887e+00  3.730161e+00  0.000000e+00
     vertex  3.291887e+00  3.730161e+00  3.746300e+01
     vertex  3.473728e+00  3.561438e+00  3.746300e+01
   endloop
 endfacet
 facet normal  6.427876e-01  7.660444e-01 -0.000000e+00
   outer loop
     vertex  3.291887e+00  3.730161e+00  0.000000e+00
     vertex  3.101862e+00  3.889612e+00  3.746300e+01
     vertex  3.291887e+00  3.730161e+00  3.746300e+01
   endloop
 endfacet
 facet normal  6.427876e-01  7.660444e-01 -0.000000e+00
   outer loop
     vertex  3.101862e+00  3.889612e+00  0.000000e+00
     vertex  3.101862e+00  3.889612e+00  3.746300e+01
     vertex  3.291887e+00  3.730161e+00  0.000000e+00
   endloop
 endfacet
 facet normal  6.038044e-01  7.971325e-01 -0.000000e+00
   outer loop
     vertex  2.904125e+00  4.039392e+00  0.000000e+00
     vertex  2.904125e+00  4.039392e+00  3.746300e+01
     vertex  3.101862e+00  3.889612e+00  3.746300e+01
   endloop
 endfacet
 facet normal  6.038044e-01  7.971325e-01  0.000000e+00
   outer loop
     vertex  2.904125e+00  4.039392e+00  0.000000e+00
     vertex  3.101862e+00  3.889612e+00  3.746300e+01
     vertex  3.101862e+00  3.889612e+00  0.000000e+00
   endloop
 endfacet
 facet normal  5.633201e-01  8.262388e-01 -0.000000e+00
   outer loop
     vertex  2.699168e+00  4.179129e+00  0.000000e+00
     vertex  2.699168e+00  4.179129e+00  3.746300e+01
     vertex  2.904125e+00  4.039392e+00  3.746300e+01
   endloop
 endfacet
 facet normal  5.633201e-01  8.262388e-01  0.000000e+00
   outer loop
     vertex  2.699168e+00  4.179129e+00  0.000000e+00
     vertex  2.904125e+00  4.039392e+00  3.746300e+01
     vertex  2.904125e+00  4.039392e+00  0.000000e+00
   endloop
 endfacet
 facet normal  5.214352e-01  8.532909e-01 -0.000000e+00
   outer loop
     vertex  2.487500e+00  4.308476e+00  0.000000e+00
     vertex  2.487500e+00  4.308476e+00  3.746300e+01
     vertex  2.699168e+00  4.179129e+00  3.746300e+01
   endloop
 endfacet
 facet normal  5.214352e-01  8.532909e-01  0.000000e+00
   outer loop
     vertex  2.487500e+00  4.308476e+00  0.000000e+00
     vertex  2.699168e+00  4.179129e+00  3.746300e+01
     vertex  2.699168e+00  4.179129e+00  0.000000e+00
   endloop
 endfacet
 facet normal  4.782540e-01  8.782216e-01 -0.000000e+00
   outer loop
     vertex  2.269648e+00  4.427112e+00  0.000000e+00
     vertex  2.269648e+00  4.427112e+00  3.746300e+01
     vertex  2.487500e+00  4.308476e+00  3.746300e+01
   endloop
 endfacet
 facet normal  4.782540e-01  8.782216e-01  0.000000e+00
   outer loop
     vertex  2.269648e+00  4.427112e+00  0.000000e+00
     vertex  2.487500e+00  4.308476e+00  3.746300e+01
     vertex  2.487500e+00  4.308476e+00  0.000000e+00
   endloop
 endfacet
 facet normal  4.338837e-01  9.009689e-01 -0.000000e+00
   outer loop
     vertex  2.046153e+00  4.534742e+00  0.000000e+00
     vertex  2.046153e+00  4.534742e+00  3.746300e+01
     vertex  2.269648e+00  4.427112e+00  3.746300e+01
   endloop
 endfacet
 facet normal  4.338837e-01  9.009689e-01  0.000000e+00
   outer loop
     vertex  2.046153e+00  4.534742e+00  0.000000e+00
     vertex  2.269648e+00  4.427112e+00  3.746300e+01
     vertex  2.269648e+00  4.427112e+00  0.000000e+00
   endloop
 endfacet
 facet normal  3.884348e-01  9.214762e-01 -0.000000e+00
   outer loop
     vertex  1.817572e+00  4.631097e+00  0.000000e+00
     vertex  1.817572e+00  4.631097e+00  3.746300e+01
     vertex  2.046153e+00  4.534742e+00  3.746300e+01
   endloop
 endfacet
 facet normal  3.884348e-01  9.214762e-01  0.000000e+00
   outer loop
     vertex  1.817572e+00  4.631097e+00  0.000000e+00
     vertex  2.046153e+00  4.534742e+00  3.746300e+01
     vertex  2.046153e+00  4.534742e+00  0.000000e+00
   endloop
 endfacet
 facet normal  3.420201e-01  9.396926e-01 -0.000000e+00
   outer loop
     vertex  1.584471e+00  4.715939e+00  0.000000e+00
     vertex  1.584471e+00  4.715939e+00  3.746300e+01
     vertex  1.817572e+00  4.631097e+00  3.746300e+01
   endloop
 endfacet
 facet normal  3.420201e-01  9.396926e-01  0.000000e+00
   outer loop
     vertex  1.584471e+00  4.715939e+00  0.000000e+00
     vertex  1.817572e+00  4.631097e+00  3.746300e+01
     vertex  1.817572e+00  4.631097e+00  0.000000e+00
   endloop
 endfacet
 facet normal  2.947552e-01  9.555728e-01 -0.000000e+00
   outer loop
     vertex  1.347431e+00  4.789056e+00  0.000000e+00
     vertex  1.347431e+00  4.789056e+00  3.746300e+01
     vertex  1.584471e+00  4.715939e+00  3.746300e+01
   endloop
 endfacet
 facet normal  2.467574e-01  9.690773e-01 -0.000000e+00
   outer loop
     vertex  1.347431e+00  4.789056e+00  0.000000e+00
     vertex  1.107042e+00  4.850266e+00  3.746300e+01
     vertex  1.347431e+00  4.789056e+00  3.746300e+01
   endloop
 endfacet
 facet normal  2.947552e-01  9.555728e-01  0.000000e+00
   outer loop
     vertex  1.347431e+00  4.789056e+00  0.000000e+00
     vertex  1.584471e+00  4.715939e+00  3.746300e+01
     vertex  1.584471e+00  4.715939e+00  0.000000e+00
   endloop
 endfacet
 facet normal  2.467574e-01  9.690773e-01 -0.000000e+00
   outer loop
     vertex  1.107042e+00  4.850266e+00  0.000000e+00
     vertex  1.107042e+00  4.850266e+00  3.746300e+01
     vertex  1.347431e+00  4.789056e+00  0.000000e+00
   endloop
 endfacet
 facet normal  1.981461e-01  9.801725e-01 -0.000000e+00
   outer loop
     vertex  8.638997e-01  4.899419e+00  0.000000e+00
     vertex  8.638997e-01  4.899419e+00  3.746300e+01
     vertex  1.107042e+00  4.850266e+00  3.746300e+01
   endloop
 endfacet
 facet normal  1.981461e-01  9.801725e-01  0.000000e+00
   outer loop
     vertex  8.638997e-01  4.899419e+00  0.000000e+00
     vertex  1.107042e+00  4.850266e+00  3.746300e+01
     vertex  1.107042e+00  4.850266e+00  0.000000e+00
   endloop
 endfacet
 facet normal  1.490423e-01  9.888308e-01 -0.000000e+00
   outer loop
     vertex  6.186099e-01  4.936390e+00  0.000000e+00
     vertex  6.186099e-01  4.936390e+00  3.746300e+01
     vertex  8.638997e-01  4.899419e+00  3.746300e+01
   endloop
 endfacet
 facet normal  9.956785e-02  9.950308e-01 -0.000000e+00
   outer loop
     vertex  6.186099e-01  4.936390e+00  0.000000e+00
     vertex  3.717822e-01  4.961089e+00  3.746300e+01
     vertex  6.186099e-01  4.936390e+00  3.746300e+01
   endloop
 endfacet
 facet normal  1.490423e-01  9.888308e-01  0.000000e+00
   outer loop
     vertex  6.186099e-01  4.936390e+00  0.000000e+00
     vertex  8.638997e-01  4.899419e+00  3.746300e+01
     vertex  8.638997e-01  4.899419e+00  0.000000e+00
   endloop
 endfacet
 facet normal  9.956785e-02  9.950308e-01 -0.000000e+00
   outer loop
     vertex  3.717822e-01  4.961089e+00  0.000000e+00
     vertex  3.717822e-01  4.961089e+00  3.746300e+01
     vertex  6.186099e-01  4.936390e+00  0.000000e+00
   endloop
 endfacet
 facet normal  4.984589e-02  9.987569e-01 -0.000000e+00
   outer loop
     vertex  1.240302e-01  4.973454e+00  0.000000e+00
     vertex  1.240302e-01  4.973454e+00  3.746300e+01
     vertex  3.717822e-01  4.961089e+00  3.746300e+01
   endloop
 endfacet
 facet normal  0.000000e+00  1.000000e+00 -0.000000e+00
   outer loop
     vertex  1.240302e-01  4.973454e+00  0.000000e+00
     vertex -1.240302e-01  4.973454e+00  3.746300e+01
     vertex  1.240302e-01  4.973454e+00  3.746300e+01
   endloop
 endfacet
 facet normal  4.984589e-02  9.987569e-01  0.000000e+00
   outer loop
     vertex  1.240302e-01  4.973454e+00  0.000000e+00
     vertex  3.717822e-01  4.961089e+00  3.746300e+01
     vertex  3.717822e-01  4.961089e+00  0.000000e+00
   endloop
 endfacet
 facet normal -4.984589e-02  9.987569e-01  0.000000e+00
   outer loop
     vertex -1.240302e-01  4.973454e+00  0.000000e+00
     vertex -3.717822e-01  4.961089e+00  3.746300e+01
     vertex -1.240302e-01  4.973454e+00  3.746300e+01
   endloop
 endfacet
 facet normal  0.000000e+00  1.000000e+00  0.000000e+00
   outer loop
     vertex -1.240302e-01  4.973454e+00  0.000000e+00
     vertex -1.240302e-01  4.973454e+00  3.746300e+01
     vertex  1.240302e-01  4.973454e+00  0.000000e+00
   endloop
 endfacet
 facet normal -9.956785e-02  9.950308e-01  0.000000e+00
   outer loop
     vertex -3.717822e-01  4.961089e+00  0.000000e+00
     vertex -6.186099e-01  4.936390e+00  3.746300e+01
     vertex -3.717822e-01  4.961089e+00  3.746300e+01
   endloop
 endfacet
 facet normal -4.984589e-02  9.987569e-01  0.000000e+00
   outer loop
     vertex -3.717822e-01  4.961089e+00  0.000000e+00
     vertex -3.717822e-01  4.961089e+00  3.746300e+01
     vertex -1.240302e-01  4.973454e+00  0.000000e+00
   endloop
 endfacet
 facet normal -1.490423e-01  9.888308e-01  0.000000e+00
   outer loop
     vertex -6.186099e-01  4.936390e+00  0.000000e+00
     vertex -8.638997e-01  4.899419e+00  3.746300e+01
     vertex -6.186099e-01  4.936390e+00  3.746300e+01
   endloop
 endfacet
 facet normal -9.956785e-02  9.950308e-01  0.000000e+00
   outer loop
     vertex -6.186099e-01  4.936390e+00  0.000000e+00
     vertex -6.186099e-01  4.936390e+00  3.746300e+01
     vertex -3.717822e-01  4.961089e+00  0.000000e+00
   endloop
 endfacet
 facet normal -1.981461e-01  9.801725e-01  0.000000e+00
   outer loop
     vertex -8.638997e-01  4.899419e+00  0.000000e+00
     vertex -1.107042e+00  4.850266e+00  3.746300e+01
     vertex -8.638997e-01  4.899419e+00  3.746300e+01
   endloop
 endfacet
 facet normal -1.490423e-01  9.888308e-01  0.000000e+00
   outer loop
     vertex -8.638997e-01  4.899419e+00  0.000000e+00
     vertex -8.638997e-01  4.899419e+00  3.746300e+01
     vertex -6.186099e-01  4.936390e+00  0.000000e+00
   endloop
 endfacet
 facet normal -1.981461e-01  9.801725e-01  0.000000e+00
   outer loop
     vertex -1.107042e+00  4.850266e+00  0.000000e+00
     vertex -1.107042e+00  4.850266e+00  3.746300e+01
     vertex -8.638997e-01  4.899419e+00  0.000000e+00
   endloop
 endfacet
 facet normal -2.467574e-01  9.690773e-01  0.000000e+00
   outer loop
     vertex -1.347431e+00  4.789056e+00  0.000000e+00
     vertex -1.107042e+00  4.850266e+00  3.746300e+01
     vertex -1.107042e+00  4.850266e+00  0.000000e+00
   endloop
 endfacet
 facet normal -2.467574e-01  9.690773e-01  0.000000e+00
   outer loop
     vertex -1.347431e+00  4.789056e+00  0.000000e+00
     vertex -1.347431e+00  4.789056e+00  3.746300e+01
     vertex -1.107042e+00  4.850266e+00  3.746300e+01
   endloop
 endfacet
 facet normal -2.947552e-01  9.555728e-01  0.000000e+00
   outer loop
     vertex -1.584471e+00  4.715939e+00  0.000000e+00
     vertex -1.347431e+00  4.789056e+00  3.746300e+01
     vertex -1.347431e+00  4.789056e+00  0.000000e+00
   endloop
 endfacet
 facet normal -2.947552e-01  9.555728e-01  0.000000e+00
   outer loop
     vertex -1.584471e+00  4.715939e+00  0.000000e+00
     vertex -1.584471e+00  4.715939e+00  3.746300e+01
     vertex -1.347431e+00  4.789056e+00  3.746300e+01
   endloop
 endfacet
 facet normal -3.420201e-01  9.396926e-01  0.000000e+00
   outer loop
     vertex -1.584471e+00  4.715939e+00  0.000000e+00
     vertex -1.817572e+00  4.631097e+00  3.746300e+01
     vertex -1.584471e+00  4.715939e+00  3.746300e+01
   endloop
 endfacet
 facet normal -3.420201e-01  9.396926e-01  0.000000e+00
   outer loop
     vertex -1.817572e+00  4.631097e+00  0.000000e+00
     vertex -1.817572e+00  4.631097e+00  3.746300e+01
     vertex -1.584471e+00  4.715939e+00  0.000000e+00
   endloop
 endfacet
 facet normal -3.884348e-01  9.214762e-01  0.000000e+00
   outer loop
     vertex -2.046153e+00  4.534742e+00  0.000000e+00
     vertex -1.817572e+00  4.631097e+00  3.746300e+01
     vertex -1.817572e+00  4.631097e+00  0.000000e+00
   endloop
 endfacet
 facet normal -3.884348e-01  9.214762e-01  0.000000e+00
   outer loop
     vertex -2.046153e+00  4.534742e+00  0.000000e+00
     vertex -2.046153e+00  4.534742e+00  3.746300e+01
     vertex -1.817572e+00  4.631097e+00  3.746300e+01
   endloop
 endfacet
 facet normal -4.338837e-01  9.009689e-01  0.000000e+00
   outer loop
     vertex -2.269648e+00  4.427112e+00  0.000000e+00
     vertex -2.046153e+00  4.534742e+00  3.746300e+01
     vertex -2.046153e+00  4.534742e+00  0.000000e+00
   endloop
 endfacet
 facet normal -4.338837e-01  9.009689e-01  0.000000e+00
   outer loop
     vertex -2.269648e+00  4.427112e+00  0.000000e+00
     vertex -2.269648e+00  4.427112e+00  3.746300e+01
     vertex -2.046153e+00  4.534742e+00  3.746300e+01
   endloop
 endfacet
 facet normal -4.782540e-01  8.782216e-01  0.000000e+00
   outer loop
     vertex -2.487500e+00  4.308476e+00  0.000000e+00
     vertex -2.269648e+00  4.427112e+00  3.746300e+01
     vertex -2.269648e+00  4.427112e+00  0.000000e+00
   endloop
 endfacet
 facet normal -4.782540e-01  8.782216e-01  0.000000e+00
   outer loop
     vertex -2.487500e+00  4.308476e+00  0.000000e+00
     vertex -2.487500e+00  4.308476e+00  3.746300e+01
     vertex -2.269648e+00  4.427112e+00  3.746300e+01
   endloop
 endfacet
 facet normal -5.214352e-01  8.532909e-01  0.000000e+00
   outer loop
     vertex -2.699168e+00  4.179129e+00  0.000000e+00
     vertex -2.487500e+00  4.308476e+00  3.746300e+01
     vertex -2.487500e+00  4.308476e+00  0.000000e+00
   endloop
 endfacet
 facet normal -5.214352e-01  8.532909e-01  0.000000e+00
   outer loop
     vertex -2.699168e+00  4.179129e+00  0.000000e+00
     vertex -2.699168e+00  4.179129e+00  3.746300e+01
     vertex -2.487500e+00  4.308476e+00  3.746300e+01
   endloop
 endfacet
 facet normal -5.633201e-01  8.262388e-01  0.000000e+00
   outer loop
     vertex -2.904125e+00  4.039392e+00  0.000000e+00
     vertex -2.699168e+00  4.179129e+00  3.746300e+01
     vertex -2.699168e+00  4.179129e+00  0.000000e+00
   endloop
 endfacet
 facet normal -5.633201e-01  8.262388e-01  0.000000e+00
   outer loop
     vertex -2.904125e+00  4.039392e+00  0.000000e+00
     vertex -2.904125e+00  4.039392e+00  3.746300e+01
     vertex -2.699168e+00  4.179129e+00  3.746300e+01
   endloop
 endfacet
 facet normal -6.038044e-01  7.971325e-01  0.000000e+00
   outer loop
     vertex -3.101862e+00  3.889612e+00  0.000000e+00
     vertex -2.904125e+00  4.039392e+00  3.746300e+01
     vertex -2.904125e+00  4.039392e+00  0.000000e+00
   endloop
 endfacet
 facet normal -6.038044e-01  7.971325e-01  0.000000e+00
   outer loop
     vertex -3.101862e+00  3.889612e+00  0.000000e+00
     vertex -3.101862e+00  3.889612e+00  3.746300e+01
     vertex -2.904125e+00  4.039392e+00  3.746300e+01
   endloop
 endfacet
 facet normal -6.427876e-01  7.660444e-01  0.000000e+00
   outer loop
     vertex -3.291887e+00  3.730161e+00  0.000000e+00
     vertex -3.101862e+00  3.889612e+00  3.746300e+01
     vertex -3.101862e+00  3.889612e+00  0.000000e+00
   endloop
 endfacet
 facet normal -6.427876e-01  7.660444e-01  0.000000e+00
   outer loop
     vertex -3.291887e+00  3.730161e+00  0.000000e+00
     vertex -3.291887e+00  3.730161e+00  3.746300e+01
     vertex -3.101862e+00  3.889612e+00  3.746300e+01
   endloop
 endfacet
 facet normal -6.801727e-01  7.330519e-01  0.000000e+00
   outer loop
     vertex -3.473728e+00  3.561438e+00  0.000000e+00
     vertex -3.291887e+00  3.730161e+00  3.746300e+01
     vertex -3.291887e+00  3.730161e+00  0.000000e+00
   endloop
 endfacet
 facet normal -6.801727e-01  7.330519e-01  0.000000e+00
   outer loop
     vertex -3.473728e+00  3.561438e+00  0.000000e+00
     vertex -3.473728e+00  3.561438e+00  3.746300e+01
     vertex -3.291887e+00  3.730161e+00  3.746300e+01
   endloop
 endfacet
 facet normal -7.158668e-01  6.982368e-01  0.000000e+00
   outer loop
     vertex -3.646933e+00  3.383859e+00  0.000000e+00
     vertex -3.646933e+00  3.383859e+00  3.746300e+01
     vertex -3.473728e+00  3.561438e+00  3.746300e+01
   endloop
 endfacet
 facet normal -7.158668e-01  6.982368e-01  0.000000e+00
   outer loop
     vertex -3.646933e+00  3.383859e+00  0.000000e+00
     vertex -3.473728e+00  3.561438e+00  3.746300e+01
     vertex -3.473728e+00  3.561438e+00  0.000000e+00
   endloop
 endfacet
 facet normal -7.497812e-01  6.616858e-01  0.000000e+00
   outer loop
     vertex -3.811071e+00  3.197868e+00  0.000000e+00
     vertex -3.811071e+00  3.197868e+00  3.746300e+01
     vertex -3.646933e+00  3.383859e+00  3.746300e+01
   endloop
 endfacet
 facet normal -7.818315e-01  6.234898e-01  0.000000e+00
   outer loop
     vertex -3.811071e+00  3.197868e+00  0.000000e+00
     vertex -3.965734e+00  3.003927e+00  3.746300e+01
     vertex -3.811071e+00  3.197868e+00  3.746300e+01
   endloop
 endfacet
 facet normal -7.497812e-01  6.616858e-01  0.000000e+00
   outer loop
     vertex -3.811071e+00  3.197868e+00  0.000000e+00
     vertex -3.646933e+00  3.383859e+00  3.746300e+01
     vertex -3.646933e+00  3.383859e+00  0.000000e+00
   endloop
 endfacet
 facet normal -7.818315e-01  6.234898e-01  0.000000e+00
   outer loop
     vertex -3.965734e+00  3.003927e+00  0.000000e+00
     vertex -3.965734e+00  3.003927e+00  3.746300e+01
     vertex -3.811071e+00  3.197868e+00  0.000000e+00
   endloop
 endfacet
 facet normal -8.119380e-01  5.837437e-01  0.000000e+00
   outer loop
     vertex -4.110538e+00  2.802517e+00  0.000000e+00
     vertex -4.110538e+00  2.802517e+00  3.746300e+01
     vertex -3.965734e+00  3.003927e+00  3.746300e+01
   endloop
 endfacet
 facet normal -8.400259e-01  5.425463e-01  0.000000e+00
   outer loop
     vertex -4.110538e+00  2.802517e+00  0.000000e+00
     vertex -4.245122e+00  2.594140e+00  3.746300e+01
     vertex -4.110538e+00  2.802517e+00  3.746300e+01
   endloop
 endfacet
 facet normal -8.119380e-01  5.837437e-01  0.000000e+00
   outer loop
     vertex -4.110538e+00  2.802517e+00  0.000000e+00
     vertex -3.965734e+00  3.003927e+00  3.746300e+01
     vertex -3.965734e+00  3.003927e+00  0.000000e+00
   endloop
 endfacet
 facet normal -8.400259e-01  5.425463e-01  0.000000e+00
   outer loop
     vertex -4.245122e+00  2.594140e+00  0.000000e+00
     vertex -4.245122e+00  2.594140e+00  3.746300e+01
     vertex -4.110538e+00  2.802517e+00  0.000000e+00
   endloop
 endfacet
 facet normal -8.660254e-01  5.000000e-01  0.000000e+00
   outer loop
     vertex -4.369152e+00  2.379314e+00  0.000000e+00
     vertex -4.369152e+00  2.379314e+00  3.746300e+01
     vertex -4.245122e+00  2.594140e+00  3.746300e+01
   endloop
 endfacet
 facet normal -8.660254e-01  5.000000e-01  0.000000e+00
   outer loop
     vertex -4.369152e+00  2.379314e+00  0.000000e+00
     vertex -4.245122e+00  2.594140e+00  3.746300e+01
     vertex -4.245122e+00  2.594140e+00  0.000000e+00
   endloop
 endfacet
 facet normal -8.898718e-01  4.562107e-01  0.000000e+00
   outer loop
     vertex -4.482320e+00  2.158572e+00  0.000000e+00
     vertex -4.482320e+00  2.158572e+00  3.746300e+01
     vertex -4.369152e+00  2.379314e+00  3.746300e+01
   endloop
 endfacet
 facet normal -8.898718e-01  4.562107e-01  0.000000e+00
   outer loop
     vertex -4.482320e+00  2.158572e+00  0.000000e+00
     vertex -4.369152e+00  2.379314e+00  3.746300e+01
     vertex -4.369152e+00  2.379314e+00  0.000000e+00
   endloop
 endfacet
 facet normal -9.115059e-01  4.112871e-01  0.000000e+00
   outer loop
     vertex -4.584344e+00  1.932463e+00  0.000000e+00
     vertex -4.584344e+00  1.932463e+00  3.746300e+01
     vertex -4.482320e+00  2.158572e+00  3.746300e+01
   endloop
 endfacet
 facet normal -9.115059e-01  4.112871e-01  0.000000e+00
   outer loop
     vertex -4.584344e+00  1.932463e+00  0.000000e+00
     vertex -4.482320e+00  2.158572e+00  3.746300e+01
     vertex -4.482320e+00  2.158572e+00  0.000000e+00
   endloop
 endfacet
 facet normal -9.308737e-01  3.653410e-01  0.000000e+00
   outer loop
     vertex -4.674971e+00  1.701550e+00  0.000000e+00
     vertex -4.674971e+00  1.701550e+00  3.746300e+01
     vertex -4.584344e+00  1.932463e+00  3.746300e+01
   endloop
 endfacet
 facet normal -9.308737e-01  3.653410e-01  0.000000e+00
   outer loop
     vertex -4.674971e+00  1.701550e+00  0.000000e+00
     vertex -4.584344e+00  1.932463e+00  3.746300e+01
     vertex -4.584344e+00  1.932463e+00  0.000000e+00
   endloop
 endfacet
 facet normal -9.479273e-01  3.184867e-01  0.000000e+00
   outer loop
     vertex -4.753975e+00  1.466407e+00  0.000000e+00
     vertex -4.753975e+00  1.466407e+00  3.746300e+01
     vertex -4.674971e+00  1.701550e+00  3.746300e+01
   endloop
 endfacet
 facet normal -9.479273e-01  3.184867e-01  0.000000e+00
   outer loop
     vertex -4.753975e+00  1.466407e+00  0.000000e+00
     vertex -4.674971e+00  1.701550e+00  3.746300e+01
     vertex -4.674971e+00  1.701550e+00  0.000000e+00
   endloop
 endfacet
 facet normal -9.626242e-01  2.708405e-01  0.000000e+00
   outer loop
     vertex -4.821159e+00  1.227618e+00  0.000000e+00
     vertex -4.821159e+00  1.227618e+00  3.746300e+01
     vertex -4.753975e+00  1.466407e+00  3.746300e+01
   endloop
 endfacet
 facet normal -9.626242e-01  2.708405e-01  0.000000e+00
   outer loop
     vertex -4.821159e+00  1.227618e+00  0.000000e+00
     vertex -4.753975e+00  1.466407e+00  3.746300e+01
     vertex -4.753975e+00  1.466407e+00  0.000000e+00
   endloop
 endfacet
 facet normal -9.749279e-01  2.225209e-01  0.000000e+00
   outer loop
     vertex -4.876358e+00  9.857771e-01  0.000000e+00
     vertex -4.876358e+00  9.857771e-01  3.746300e+01
     vertex -4.821159e+00  1.227618e+00  3.746300e+01
   endloop
 endfacet
 facet normal -9.749279e-01  2.225209e-01  0.000000e+00
   outer loop
     vertex -4.876358e+00  9.857771e-01  0.000000e+00
     vertex -4.821159e+00  1.227618e+00  3.746300e+01
     vertex -4.821159e+00  1.227618e+00  0.000000e+00
   endloop
 endfacet
 facet normal -9.848078e-01  1.736482e-01  0.000000e+00
   outer loop
     vertex -4.919433e+00  7.414853e-01  0.000000e+00
     vertex -4.919433e+00  7.414853e-01  3.746300e+01
     vertex -4.876358e+00  9.857771e-01  3.746300e+01
   endloop
 endfacet
 facet normal -9.922392e-01  1.243437e-01  0.000000e+00
   outer loop
     vertex -4.919433e+00  7.414853e-01  0.000000e+00
     vertex -4.950278e+00  4.953500e-01  3.746300e+01
     vertex -4.919433e+00  7.414853e-01  3.746300e+01
   endloop
 endfacet
 facet normal -9.848078e-01  1.736482e-01  0.000000e+00
   outer loop
     vertex -4.919433e+00  7.414853e-01  0.000000e+00
     vertex -4.876358e+00  9.857771e-01  3.746300e+01
     vertex -4.876358e+00  9.857771e-01  0.000000e+00
   endloop
 endfacet
 facet normal -9.922392e-01  1.243437e-01  0.000000e+00
   outer loop
     vertex -4.950278e+00  4.953500e-01  0.000000e+00
     vertex -4.950278e+00  4.953500e-01  3.746300e+01
     vertex -4.919433e+00  7.414853e-01  0.000000e+00
   endloop
 endfacet
 facet normal -9.972038e-01  7.473009e-02  0.000000e+00
   outer loop
     vertex -4.968816e+00  2.479833e-01  0.000000e+00
     vertex -4.950278e+00  4.953500e-01  3.746300e+01
     vertex -4.950278e+00  4.953500e-01  0.000000e+00
   endloop
 endfacet
 facet normal -9.972038e-01  7.473009e-02  0.000000e+00
   outer loop
     vertex -4.968816e+00  2.479833e-01  0.000000e+00
     vertex -4.968816e+00  2.479833e-01  3.746300e+01
     vertex -4.950278e+00  4.953500e-01  3.746300e+01
   endloop
 endfacet
 facet normal -9.996892e-01  2.493069e-02  0.000000e+00
   outer loop
     vertex -4.968816e+00  2.479833e-01  0.000000e+00
     vertex -4.975000e+00 -1.706549e-14  3.746300e+01
     vertex -4.968816e+00  2.479833e-01  3.746300e+01
   endloop
 endfacet
 facet normal -9.996892e-01  2.493069e-02  0.000000e+00
   outer loop
     vertex -4.975000e+00 -1.706549e-14  0.000000e+00
     vertex -4.975000e+00 -1.706549e-14  3.746300e+01
     vertex -4.968816e+00  2.479833e-01  0.000000e+00
   endloop
 endfacet
 facet normal -9.996892e-01 -2.493069e-02  0.000000e+00
   outer loop
     vertex -4.975000e+00 -1.706549e-14  0.000000e+00
     vertex -4.968816e+00 -2.479833e-01  3.746300e+01
     vertex -4.975000e+00 -1.706549e-14  3.746300e+01
   endloop
 endfacet
 facet normal -9.996892e-01 -2.493069e-02  0.000000e+00
   outer loop
     vertex -4.968816e+00 -2.479833e-01  0.000000e+00
     vertex -4.968816e+00 -2.479833e-01  3.746300e+01
     vertex -4.975000e+00 -1.706549e-14  0.000000e+00
   endloop
 endfacet
 facet normal -9.972038e-01 -7.473009e-02  0.000000e+00
   outer loop
     vertex -4.950278e+00 -4.953500e-01  0.000000e+00
     vertex -4.968816e+00 -2.479833e-01  3.746300e+01
     vertex -4.968816e+00 -2.479833e-01  0.000000e+00
   endloop
 endfacet
 facet normal -9.972038e-01 -7.473009e-02  0.000000e+00
   outer loop
     vertex -4.950278e+00 -4.953500e-01  0.000000e+00
     vertex -4.950278e+00 -4.953500e-01  3.746300e+01
     vertex -4.968816e+00 -2.479833e-01  3.746300e+01
   endloop
 endfacet
 facet normal -9.922392e-01 -1.243437e-01  0.000000e+00
   outer loop
     vertex -4.950278e+00 -4.953500e-01  0.000000e+00
     vertex -4.919433e+00 -7.414853e-01  3.746300e+01
     vertex -4.950278e+00 -4.953500e-01  3.746300e+01
   endloop
 endfacet
 facet normal -9.922392e-01 -1.243437e-01  0.000000e+00
   outer loop
     vertex -4.919433e+00 -7.414853e-01  0.000000e+00
     vertex -4.919433e+00 -7.414853e-01  3.746300e+01
     vertex -4.950278e+00 -4.953500e-01  0.000000e+00
   endloop
 endfacet
 facet normal -9.848078e-01 -1.736482e-01  0.000000e+00
   outer loop
     vertex -4.876358e+00 -9.857771e-01  0.000000e+00
     vertex -4.919433e+00 -7.414853e-01  3.746300e+01
     vertex -4.919433e+00 -7.414853e-01  0.000000e+00
   endloop
 endfacet
 facet normal -9.848078e-01 -1.736482e-01  0.000000e+00
   outer loop
     vertex -4.876358e+00 -9.857771e-01  0.000000e+00
     vertex -4.876358e+00 -9.857771e-01  3.746300e+01
     vertex -4.919433e+00 -7.414853e-01  3.746300e+01
   endloop
 endfacet
 facet normal -9.749279e-01 -2.225209e-01  0.000000e+00
   outer loop
     vertex -4.821159e+00 -1.227618e+00  0.000000e+00
     vertex -4.876358e+00 -9.857771e-01  3.746300e+01
     vertex -4.876358e+00 -9.857771e-01  0.000000e+00
   endloop
 endfacet
 facet normal -9.749279e-01 -2.225209e-01  0.000000e+00
   outer loop
     vertex -4.821159e+00 -1.227618e+00  0.000000e+00
     vertex -4.821159e+00 -1.227618e+00  3.746300e+01
     vertex -4.876358e+00 -9.857771e-01  3.746300e+01
   endloop
 endfacet
 facet normal -9.626242e-01 -2.708405e-01  0.000000e+00
   outer loop
     vertex -4.753975e+00 -1.466407e+00  0.000000e+00
     vertex -4.821159e+00 -1.227618e+00  3.746300e+01
     vertex -4.821159e+00 -1.227618e+00  0.000000e+00
   endloop
 endfacet
 facet normal -9.626242e-01 -2.708405e-01  0.000000e+00
   outer loop
     vertex -4.753975e+00 -1.466407e+00  0.000000e+00
     vertex -4.753975e+00 -1.466407e+00  3.746300e+01
     vertex -4.821159e+00 -1.227618e+00  3.746300e+01
   endloop
 endfacet
 facet normal -9.479273e-01 -3.184867e-01  0.000000e+00
   outer loop
     vertex -4.674971e+00 -1.701550e+00  0.000000e+00
     vertex -4.753975e+00 -1.466407e+00  3.746300e+01
     vertex -4.753975e+00 -1.466407e+00  0.000000e+00
   endloop
 endfacet
 facet normal -9.479273e-01 -3.184867e-01  0.000000e+00
   outer loop
     vertex -4.674971e+00 -1.701550e+00  0.000000e+00
     vertex -4.674971e+00 -1.701550e+00  3.746300e+01
     vertex -4.753975e+00 -1.466407e+00  3.746300e+01
   endloop
 endfacet
 facet normal -9.308737e-01 -3.653410e-01  0.000000e+00
   outer loop
     vertex -4.584344e+00 -1.932463e+00  0.000000e+00
     vertex -4.674971e+00 -1.701550e+00  3.746300e+01
     vertex -4.674971e+00 -1.701550e+00  0.000000e+00
   endloop
 endfacet
 facet normal -9.308737e-01 -3.653410e-01  0.000000e+00
   outer loop
     vertex -4.584344e+00 -1.932463e+00  0.000000e+00
     vertex -4.584344e+00 -1.932463e+00  3.746300e+01
     vertex -4.674971e+00 -1.701550e+00  3.746300e+01
   endloop
 endfacet
 facet normal -9.115059e-01 -4.112871e-01  0.000000e+00
   outer loop
     vertex -4.584344e+00 -1.932463e+00  0.000000e+00
     vertex -4.482320e+00 -2.158572e+00  3.746300e+01
     vertex -4.584344e+00 -1.932463e+00  3.746300e+01
   endloop
 endfacet
 facet normal -9.115059e-01 -4.112871e-01  0.000000e+00
   outer loop
     vertex -4.482320e+00 -2.158572e+00  0.000000e+00
     vertex -4.482320e+00 -2.158572e+00  3.746300e+01
     vertex -4.584344e+00 -1.932463e+00  0.000000e+00
   endloop
 endfacet
 facet normal -8.898718e-01 -4.562107e-01  0.000000e+00
   outer loop
     vertex -4.369152e+00 -2.379314e+00  0.000000e+00
     vertex -4.482320e+00 -2.158572e+00  3.746300e+01
     vertex -4.482320e+00 -2.158572e+00  0.000000e+00
   endloop
 endfacet
 facet normal -8.898718e-01 -4.562107e-01  0.000000e+00
   outer loop
     vertex -4.369152e+00 -2.379314e+00  0.000000e+00
     vertex -4.369152e+00 -2.379314e+00  3.746300e+01
     vertex -4.482320e+00 -2.158572e+00  3.746300e+01
   endloop
 endfacet
 facet normal -8.660254e-01 -5.000000e-01  0.000000e+00
   outer loop
     vertex -4.369152e+00 -2.379314e+00  0.000000e+00
     vertex -4.245122e+00 -2.594140e+00  3.746300e+01
     vertex -4.369152e+00 -2.379314e+00  3.746300e+01
   endloop
 endfacet
 facet normal -8.660254e-01 -5.000000e-01  0.000000e+00
   outer loop
     vertex -4.245122e+00 -2.594140e+00  0.000000e+00
     vertex -4.245122e+00 -2.594140e+00  3.746300e+01
     vertex -4.369152e+00 -2.379314e+00  0.000000e+00
   endloop
 endfacet
 facet normal -8.400259e-01 -5.425463e-01  0.000000e+00
   outer loop
     vertex -4.110538e+00 -2.802517e+00  0.000000e+00
     vertex -4.245122e+00 -2.594140e+00  3.746300e+01
     vertex -4.245122e+00 -2.594140e+00  0.000000e+00
   endloop
 endfacet
 facet normal -8.400259e-01 -5.425463e-01  0.000000e+00
   outer loop
     vertex -4.110538e+00 -2.802517e+00  0.000000e+00
     vertex -4.110538e+00 -2.802517e+00  3.746300e+01
     vertex -4.245122e+00 -2.594140e+00  3.746300e+01
   endloop
 endfacet
 facet normal -8.119380e-01 -5.837437e-01  0.000000e+00
   outer loop
     vertex -4.110538e+00 -2.802517e+00  0.000000e+00
     vertex -3.965734e+00 -3.003927e+00  3.746300e+01
     vertex -4.110538e+00 -2.802517e+00  3.746300e+01
   endloop
 endfacet
 facet normal -8.119380e-01 -5.837437e-01  0.000000e+00
   outer loop
     vertex -3.965734e+00 -3.003927e+00  0.000000e+00
     vertex -3.965734e+00 -3.003927e+00  3.746300e+01
     vertex -4.110538e+00 -2.802517e+00  0.000000e+00
   endloop
 endfacet
 facet normal -7.818315e-01 -6.234898e-01  0.000000e+00
   outer loop
     vertex -3.965734e+00 -3.003927e+00  0.000000e+00
     vertex -3.811071e+00 -3.197868e+00  3.746300e+01
     vertex -3.965734e+00 -3.003927e+00  3.746300e+01
   endloop
 endfacet
 facet normal -7.818315e-01 -6.234898e-01  0.000000e+00
   outer loop
     vertex -3.811071e+00 -3.197868e+00  0.000000e+00
     vertex -3.811071e+00 -3.197868e+00  3.746300e+01
     vertex -3.965734e+00 -3.003927e+00  0.000000e+00
   endloop
 endfacet
 facet normal -7.497812e-01 -6.616858e-01  0.000000e+00
   outer loop
     vertex -3.646933e+00 -3.383859e+00  0.000000e+00
     vertex -3.811071e+00 -3.197868e+00  3.746300e+01
     vertex -3.811071e+00 -3.197868e+00  0.000000e+00
   endloop
 endfacet
 facet normal -7.497812e-01 -6.616858e-01  0.000000e+00
   outer loop
     vertex -3.646933e+00 -3.383859e+00  0.000000e+00
     vertex -3.646933e+00 -3.383859e+00  3.746300e+01
     vertex -3.811071e+00 -3.197868e+00  3.746300e+01
   endloop
 endfacet
 facet normal -7.158668e-01 -6.982368e-01  0.000000e+00
   outer loop
     vertex -3.646933e+00 -3.383859e+00  0.000000e+00
     vertex -3.473728e+00 -3.561438e+00  3.746300e+01
     vertex -3.646933e+00 -3.383859e+00  3.746300e+01
   endloop
 endfacet
 facet normal -7.158668e-01 -6.982368e-01  0.000000e+00
   outer loop
     vertex -3.473728e+00 -3.561438e+00  0.000000e+00
     vertex -3.473728e+00 -3.561438e+00  3.746300e+01
     vertex -3.646933e+00 -3.383859e+00  0.000000e+00
   endloop
 endfacet
 facet normal -6.801727e-01 -7.330519e-01  0.000000e+00
   outer loop
     vertex -3.473728e+00 -3.561438e+00  0.000000e+00
     vertex -3.291887e+00 -3.730161e+00  3.746300e+01
     vertex -3.473728e+00 -3.561438e+00  3.746300e+01
   endloop
 endfacet
 facet normal -6.801727e-01 -7.330519e-01  0.000000e+00
   outer loop
     vertex -3.291887e+00 -3.730161e+00  0.000000e+00
     vertex -3.291887e+00 -3.730161e+00  3.746300e+01
     vertex -3.473728e+00 -3.561438e+00  0.000000e+00
   endloop
 endfacet
 facet normal -6.427876e-01 -7.660444e-01  0.000000e+00
   outer loop
     vertex -3.101862e+00 -3.889612e+00  0.000000e+00
     vertex -3.291887e+00 -3.730161e+00  3.746300e+01
     vertex -3.291887e+00 -3.730161e+00  0.000000e+00
   endloop
 endfacet
 facet normal -6.427876e-01 -7.660444e-01  0.000000e+00
   outer loop
     vertex -3.101862e+00 -3.889612e+00  0.000000e+00
     vertex -3.101862e+00 -3.889612e+00  3.746300e+01
     vertex -3.291887e+00 -3.730161e+00  3.746300e+01
   endloop
 endfacet
 facet normal -6.038044e-01 -7.971325e-01  0.000000e+00
   outer loop
     vertex -3.101862e+00 -3.889612e+00  0.000000e+00
     vertex -2.904125e+00 -4.039392e+00  3.746300e+01
     vertex -3.101862e+00 -3.889612e+00  3.746300e+01
   endloop
 endfacet
 facet normal -6.038044e-01 -7.971325e-01  0.000000e+00
   outer loop
     vertex -2.904125e+00 -4.039392e+00  0.000000e+00
     vertex -2.904125e+00 -4.039392e+00  3.746300e+01
     vertex -3.101862e+00 -3.889612e+00  0.000000e+00
   endloop
 endfacet
 facet normal -5.633201e-01 -8.262388e-01  0.000000e+00
   outer loop
     vertex -2.699168e+00 -4.179129e+00  0.000000e+00
     vertex -2.699168e+00 -4.179129e+00  3.746300e+01
     vertex -2.904125e+00 -4.039392e+00  3.746300e+01
   endloop
 endfacet
 facet normal -5.633201e-01 -8.262388e-01  0.000000e+00
   outer loop
     vertex -2.699168e+00 -4.179129e+00  0.000000e+00
     vertex -2.904125e+00 -4.039392e+00  3.746300e+01
     vertex -2.904125e+00 -4.039392e+00  0.000000e+00
   endloop
 endfacet
 facet normal -5.214352e-01 -8.532909e-01  0.000000e+00
   outer loop
     vertex -2.487500e+00 -4.308476e+00  0.000000e+00
     vertex -2.487500e+00 -4.308476e+00  3.746300e+01
     vertex -2.699168e+00 -4.179129e+00  3.746300e+01
   endloop
 endfacet
 facet normal -5.214352e-01 -8.532909e-01  0.000000e+00
   outer loop
     vertex -2.487500e+00 -4.308476e+00  0.000000e+00
     vertex -2.699168e+00 -4.179129e+00  3.746300e+01
     vertex -2.699168e+00 -4.179129e+00  0.000000e+00
   endloop
 endfacet
 facet normal -4.782540e-01 -8.782216e-01  0.000000e+00
   outer loop
     vertex -2.269648e+00 -4.427112e+00  0.000000e+00
     vertex -2.269648e+00 -4.427112e+00  3.746300e+01
     vertex -2.487500e+00 -4.308476e+00  3.746300e+01
   endloop
 endfacet
 facet normal -4.782540e-01 -8.782216e-01  0.000000e+00
   outer loop
     vertex -2.269648e+00 -4.427112e+00  0.000000e+00
     vertex -2.487500e+00 -4.308476e+00  3.746300e+01
     vertex -2.487500e+00 -4.308476e+00  0.000000e+00
   endloop
 endfacet
 facet normal -4.338837e-01 -9.009689e-01  0.000000e+00
   outer loop
     vertex -2.046153e+00 -4.534742e+00  0.000000e+00
     vertex -2.046153e+00 -4.534742e+00  3.746300e+01
     vertex -2.269648e+00 -4.427112e+00  3.746300e+01
   endloop
 endfacet
 facet normal -3.884348e-01 -9.214762e-01  0.000000e+00
   outer loop
     vertex -2.046153e+00 -4.534742e+00  0.000000e+00
     vertex -1.817572e+00 -4.631097e+00  3.746300e+01
     vertex -2.046153e+00 -4.534742e+00  3.746300e+01
   endloop
 endfacet
 facet normal -4.338837e-01 -9.009689e-01  0.000000e+00
   outer loop
     vertex -2.046153e+00 -4.534742e+00  0.000000e+00
     vertex -2.269648e+00 -4.427112e+00  3.746300e+01
     vertex -2.269648e+00 -4.427112e+00  0.000000e+00
   endloop
 endfacet
 facet normal -3.884348e-01 -9.214762e-01  0.000000e+00
   outer loop
     vertex -1.817572e+00 -4.631097e+00  0.000000e+00
     vertex -1.817572e+00 -4.631097e+00  3.746300e+01
     vertex -2.046153e+00 -4.534742e+00  0.000000e+00
   endloop
 endfacet
 facet normal -3.420201e-01 -9.396926e-01  0.000000e+00
   outer loop
     vertex -1.584471e+00 -4.715939e+00  0.000000e+00
     vertex -1.817572e+00 -4.631097e+00  3.746300e+01
     vertex -1.817572e+00 -4.631097e+00  0.000000e+00
   endloop
 endfacet
 facet normal -3.420201e-01 -9.396926e-01  0.000000e+00
   outer loop
     vertex -1.584471e+00 -4.715939e+00  0.000000e+00
     vertex -1.584471e+00 -4.715939e+00  3.746300e+01
     vertex -1.817572e+00 -4.631097e+00  3.746300e+01
   endloop
 endfacet
 facet normal -2.947552e-01 -9.555728e-01  0.000000e+00
   outer loop
     vertex -1.347431e+00 -4.789056e+00  0.000000e+00
     vertex -1.584471e+00 -4.715939e+00  3.746300e+01
     vertex -1.584471e+00 -4.715939e+00  0.000000e+00
   endloop
 endfacet
 facet normal -2.947552e-01 -9.555728e-01  0.000000e+00
   outer loop
     vertex -1.347431e+00 -4.789056e+00  0.000000e+00
     vertex -1.347431e+00 -4.789056e+00  3.746300e+01
     vertex -1.584471e+00 -4.715939e+00  3.746300e+01
   endloop
 endfacet
 facet normal -2.467574e-01 -9.690773e-01  0.000000e+00
   outer loop
     vertex -1.107042e+00 -4.850266e+00  0.000000e+00
     vertex -1.347431e+00 -4.789056e+00  3.746300e+01
     vertex -1.347431e+00 -4.789056e+00  0.000000e+00
   endloop
 endfacet
 facet normal -2.467574e-01 -9.690773e-01  0.000000e+00
   outer loop
     vertex -1.107042e+00 -4.850266e+00  0.000000e+00
     vertex -1.107042e+00 -4.850266e+00  3.746300e+01
     vertex -1.347431e+00 -4.789056e+00  3.746300e+01
   endloop
 endfacet
 facet normal -1.981461e-01 -9.801725e-01  0.000000e+00
   outer loop
     vertex -1.107042e+00 -4.850266e+00  0.000000e+00
     vertex -8.638997e-01 -4.899419e+00  3.746300e+01
     vertex -1.107042e+00 -4.850266e+00  3.746300e+01
   endloop
 endfacet
 facet normal -1.981461e-01 -9.801725e-01  0.000000e+00
   outer loop
     vertex -8.638997e-01 -4.899419e+00  0.000000e+00
     vertex -8.638997e-01 -4.899419e+00  3.746300e+01
     vertex -1.107042e+00 -4.850266e+00  0.000000e+00
   endloop
 endfacet
 facet normal -1.490423e-01 -9.888308e-01  0.000000e+00
   outer loop
     vertex -8.638997e-01 -4.899419e+00  0.000000e+00
     vertex -6.186099e-01 -4.936390e+00  3.746300e+01
     vertex -8.638997e-01 -4.899419e+00  3.746300e+01
   endloop
 endfacet
 facet normal -1.490423e-01 -9.888308e-01  0.000000e+00
   outer loop
     vertex -6.186099e-01 -4.936390e+00  0.000000e+00
     vertex -6.186099e-01 -4.936390e+00  3.746300e+01
     vertex -8.638997e-01 -4.899419e+00  0.000000e+00
   endloop
 endfacet
 facet normal -9.956785e-02 -9.950308e-01  0.000000e+00
   outer loop
     vertex -3.717822e-01 -4.961089e+00  0.000000e+00
     vertex -6.186099e-01 -4.936390e+00  3.746300e+01
     vertex -6.186099e-01 -4.936390e+00  0.000000e+00
   endloop
 endfacet
 facet normal -9.956785e-02 -9.950308e-01  0.000000e+00
   outer loop
     vertex -3.717822e-01 -4.961089e+00  0.000000e+00
     vertex -3.717822e-01 -4.961089e+00  3.746300e+01
     vertex -6.186099e-01 -4.936390e+00  3.746300e+01
   endloop
 endfacet
 facet normal -4.984589e-02 -9.987569e-01  0.000000e+00
   outer loop
     vertex -3.717822e-01 -4.961089e+00  0.000000e+00
     vertex -1.240302e-01 -4.973454e+00  3.746300e+01
     vertex -3.717822e-01 -4.961089e+00  3.746300e+01
   endloop
 endfacet
 facet normal -4.984589e-02 -9.987569e-01  0.000000e+00
   outer loop
     vertex -1.240302e-01 -4.973454e+00  0.000000e+00
     vertex -1.240302e-01 -4.973454e+00  3.746300e+01
     vertex -3.717822e-01 -4.961089e+00  0.000000e+00
   endloop
 endfacet
 facet normal  7.160986e-15 -1.000000e+00  0.000000e+00
   outer loop
     vertex  1.240302e-01 -4.973454e+00  0.000000e+00
     vertex -1.240302e-01 -4.973454e+00  3.746300e+01
     vertex -1.240302e-01 -4.973454e+00  0.000000e+00
   endloop
 endfacet
 facet normal  7.160986e-15 -1.000000e+00  0.000000e+00
   outer loop
     vertex  1.240302e-01 -4.973454e+00  0.000000e+00
     vertex  1.240302e-01 -4.973454e+00  3.746300e+01
     vertex -1.240302e-01 -4.973454e+00  3.746300e+01
   endloop
 endfacet
 facet normal  4.984589e-02 -9.987569e-01  0.000000e+00
   outer loop
     vertex  3.717822e-01 -4.961089e+00  0.000000e+00
     vertex  1.240302e-01 -4.973454e+00  3.746300e+01
     vertex  1.240302e-01 -4.973454e+00  0.000000e+00
   endloop
 endfacet
 facet normal  4.984589e-02 -9.987569e-01  0.000000e+00
   outer loop
     vertex  3.717822e-01 -4.961089e+00  0.000000e+00
     vertex  3.717822e-01 -4.961089e+00  3.746300e+01
     vertex  1.240302e-01 -4.973454e+00  3.746300e+01
   endloop
 endfacet
 facet normal  9.956785e-02 -9.950308e-01  0.000000e+00
   outer loop
     vertex  3.717822e-01 -4.961089e+00  0.000000e+00
     vertex  6.186099e-01 -4.936390e+00  3.746300e+01
     vertex  3.717822e-01 -4.961089e+00  3.746300e+01
   endloop
 endfacet
 facet normal  9.956785e-02 -9.950308e-01  0.000000e+00
   outer loop
     vertex  6.186099e-01 -4.936390e+00  0.000000e+00
     vertex  6.186099e-01 -4.936390e+00  3.746300e+01
     vertex  3.717822e-01 -4.961089e+00  0.000000e+00
   endloop
 endfacet
 facet normal  1.490423e-01 -9.888308e-01  0.000000e+00
   outer loop
     vertex  8.638997e-01 -4.899419e+00  0.000000e+00
     vertex  6.186099e-01 -4.936390e+00  3.746300e+01
     vertex  6.186099e-01 -4.936390e+00  0.000000e+00
   endloop
 endfacet
 facet normal  1.490423e-01 -9.888308e-01  0.000000e+00
   outer loop
     vertex  8.638997e-01 -4.899419e+00  0.000000e+00
     vertex  8.638997e-01 -4.899419e+00  3.746300e+01
     vertex  6.186099e-01 -4.936390e+00  3.746300e+01
   endloop
 endfacet
 facet normal  2.467574e-01 -9.690773e-01  0.000000e+00
   outer loop
     vertex  1.107042e+00 -4.850266e+00  0.000000e+00
     vertex  1.347431e+00 -4.789056e+00  3.746300e+01
     vertex  1.107042e+00 -4.850266e+00  3.746300e+01
   endloop
 endfacet
 facet normal  1.981461e-01 -9.801725e-01  0.000000e+00
   outer loop
     vertex  1.107042e+00 -4.850266e+00  0.000000e+00
     vertex  8.638997e-01 -4.899419e+00  3.746300e+01
     vertex  8.638997e-01 -4.899419e+00  0.000000e+00
   endloop
 endfacet
 facet normal  1.981461e-01 -9.801725e-01  0.000000e+00
   outer loop
     vertex  1.107042e+00 -4.850266e+00  0.000000e+00
     vertex  1.107042e+00 -4.850266e+00  3.746300e+01
     vertex  8.638997e-01 -4.899419e+00  3.746300e+01
   endloop
 endfacet
 facet normal  2.467574e-01 -9.690773e-01  0.000000e+00
   outer loop
     vertex  1.347431e+00 -4.789056e+00  0.000000e+00
     vertex  1.347431e+00 -4.789056e+00  3.746300e+01
     vertex  1.107042e+00 -4.850266e+00  0.000000e+00
   endloop
 endfacet
 facet normal  2.947552e-01 -9.555728e-01  0.000000e+00
   outer loop
     vertex  1.584471e+00 -4.715939e+00  0.000000e+00
     vertex  1.584471e+00 -4.715939e+00  3.746300e+01
     vertex  1.347431e+00 -4.789056e+00  3.746300e+01
   endloop
 endfacet
 facet normal  3.420201e-01 -9.396926e-01  0.000000e+00
   outer loop
     vertex  1.584471e+00 -4.715939e+00  0.000000e+00
     vertex  1.817572e+00 -4.631097e+00  3.746300e+01
     vertex  1.584471e+00 -4.715939e+00  3.746300e+01
   endloop
 endfacet
 facet normal  2.947552e-01 -9.555728e-01  0.000000e+00
   outer loop
     vertex  1.584471e+00 -4.715939e+00  0.000000e+00
     vertex  1.347431e+00 -4.789056e+00  3.746300e+01
     vertex  1.347431e+00 -4.789056e+00  0.000000e+00
   endloop
 endfacet
 facet normal  3.420201e-01 -9.396926e-01  0.000000e+00
   outer loop
     vertex  1.817572e+00 -4.631097e+00  0.000000e+00
     vertex  1.817572e+00 -4.631097e+00  3.746300e+01
     vertex  1.584471e+00 -4.715939e+00  0.000000e+00
   endloop
 endfacet
 facet normal  3.884348e-01 -9.214762e-01  0.000000e+00
   outer loop
     vertex  2.046153e+00 -4.534742e+00  0.000000e+00
     vertex  2.046153e+00 -4.534742e+00  3.746300e+01
     vertex  1.817572e+00 -4.631097e+00  3.746300e+01
   endloop
 endfacet
 facet normal  3.884348e-01 -9.214762e-01  0.000000e+00
   outer loop
     vertex  2.046153e+00 -4.534742e+00  0.000000e+00
     vertex  1.817572e+00 -4.631097e+00  3.746300e+01
     vertex  1.817572e+00 -4.631097e+00  0.000000e+00
   endloop
 endfacet
 facet normal  4.338837e-01 -9.009689e-01  0.000000e+00
   outer loop
     vertex  2.269648e+00 -4.427112e+00  0.000000e+00
     vertex  2.269648e+00 -4.427112e+00  3.746300e+01
     vertex  2.046153e+00 -4.534742e+00  3.746300e+01
   endloop
 endfacet
 facet normal  4.338837e-01 -9.009689e-01  0.000000e+00
   outer loop
     vertex  2.269648e+00 -4.427112e+00  0.000000e+00
     vertex  2.046153e+00 -4.534742e+00  3.746300e+01
     vertex  2.046153e+00 -4.534742e+00  0.000000e+00
   endloop
 endfacet
 facet normal  4.782540e-01 -8.782216e-01  0.000000e+00
   outer loop
     vertex  2.487500e+00 -4.308476e+00  0.000000e+00
     vertex  2.487500e+00 -4.308476e+00  3.746300e+01
     vertex  2.269648e+00 -4.427112e+00  3.746300e+01
   endloop
 endfacet
 facet normal  5.214352e-01 -8.532909e-01  0.000000e+00
   outer loop
     vertex  2.487500e+00 -4.308476e+00  0.000000e+00
     vertex  2.699168e+00 -4.179129e+00  3.746300e+01
     vertex  2.487500e+00 -4.308476e+00  3.746300e+01
   endloop
 endfacet
 facet normal  4.782540e-01 -8.782216e-01  0.000000e+00
   outer loop
     vertex  2.487500e+00 -4.308476e+00  0.000000e+00
     vertex  2.269648e+00 -4.427112e+00  3.746300e+01
     vertex  2.269648e+00 -4.427112e+00  0.000000e+00
   endloop
 endfacet
 facet normal  5.214352e-01 -8.532909e-01  0.000000e+00
   outer loop
     vertex  2.699168e+00 -4.179129e+00  0.000000e+00
     vertex  2.699168e+00 -4.179129e+00  3.746300e+01
     vertex  2.487500e+00 -4.308476e+00  0.000000e+00
   endloop
 endfacet
 facet normal  5.633201e-01 -8.262388e-01  0.000000e+00
   outer loop
     vertex  2.904125e+00 -4.039392e+00  0.000000e+00
     vertex  2.904125e+00 -4.039392e+00  3.746300e+01
     vertex  2.699168e+00 -4.179129e+00  3.746300e+01
   endloop
 endfacet
 facet normal  5.633201e-01 -8.262388e-01  0.000000e+00
   outer loop
     vertex  2.904125e+00 -4.039392e+00  0.000000e+00
     vertex  2.699168e+00 -4.179129e+00  3.746300e+01
     vertex  2.699168e+00 -4.179129e+00  0.000000e+00
   endloop
 endfacet
 facet normal  6.038044e-01 -7.971325e-01  0.000000e+00
   outer loop
     vertex  3.101862e+00 -3.889612e+00  0.000000e+00
     vertex  3.101862e+00 -3.889612e+00  3.746300e+01
     vertex  2.904125e+00 -4.039392e+00  3.746300e+01
   endloop
 endfacet
 facet normal  6.427876e-01 -7.660444e-01  0.000000e+00
   outer loop
     vertex  3.101862e+00 -3.889612e+00  0.000000e+00
     vertex  3.291887e+00 -3.730161e+00  3.746300e+01
     vertex  3.101862e+00 -3.889612e+00  3.746300e+01
   endloop
 endfacet
 facet normal  6.038044e-01 -7.971325e-01  0.000000e+00
   outer loop
     vertex  3.101862e+00 -3.889612e+00  0.000000e+00
     vertex  2.904125e+00 -4.039392e+00  3.746300e+01
     vertex  2.904125e+00 -4.039392e+00  0.000000e+00
   endloop
 endfacet
 facet normal  6.427876e-01 -7.660444e-01  0.000000e+00
   outer loop
     vertex  3.291887e+00 -3.730161e+00  0.000000e+00
     vertex  3.291887e+00 -3.730161e+00  3.746300e+01
     vertex  3.101862e+00 -3.889612e+00  0.000000e+00
   endloop
 endfacet
 facet normal  6.801727e-01 -7.330519e-01  0.000000e+00
   outer loop
     vertex  3.473728e+00 -3.561438e+00  0.000000e+00
     vertex  3.473728e+00 -3.561438e+00  3.746300e+01
     vertex  3.291887e+00 -3.730161e+00  3.746300e+01
   endloop
 endfacet
 facet normal  6.801727e-01 -7.330519e-01  0.000000e+00
   outer loop
     vertex  3.473728e+00 -3.561438e+00  0.000000e+00
     vertex  3.291887e+00 -3.730161e+00  3.746300e+01
     vertex  3.291887e+00 -3.730161e+00  0.000000e+00
   endloop
 endfacet
 facet normal  7.158668e-01 -6.982368e-01  0.000000e+00
   outer loop
     vertex  3.646933e+00 -3.383859e+00  0.000000e+00
     vertex  3.646933e+00 -3.383859e+00  3.746300e+01
     vertex  3.473728e+00 -3.561438e+00  3.746300e+01
   endloop
 endfacet
 facet normal  7.158668e-01 -6.982368e-01  0.000000e+00
   outer loop
     vertex  3.646933e+00 -3.383859e+00  0.000000e+00
     vertex  3.473728e+00 -3.561438e+00  3.746300e+01
     vertex  3.473728e+00 -3.561438e+00  0.000000e+00
   endloop
 endfacet
 facet normal  7.497812e-01 -6.616858e-01  0.000000e+00
   outer loop
     vertex  3.811071e+00 -3.197868e+00  0.000000e+00
     vertex  3.646933e+00 -3.383859e+00  3.746300e+01
     vertex  3.646933e+00 -3.383859e+00  0.000000e+00
   endloop
 endfacet
 facet normal  7.497812e-01 -6.616858e-01  0.000000e+00
   outer loop
     vertex  3.811071e+00 -3.197868e+00  0.000000e+00
     vertex  3.811071e+00 -3.197868e+00  3.746300e+01
     vertex  3.646933e+00 -3.383859e+00  3.746300e+01
   endloop
 endfacet
 facet normal  7.818315e-01 -6.234898e-01  0.000000e+00
   outer loop
     vertex  3.965734e+00 -3.003927e+00  0.000000e+00
     vertex  3.811071e+00 -3.197868e+00  3.746300e+01
     vertex  3.811071e+00 -3.197868e+00  0.000000e+00
   endloop
 endfacet
 facet normal  7.818315e-01 -6.234898e-01  0.000000e+00
   outer loop
     vertex  3.965734e+00 -3.003927e+00  0.000000e+00
     vertex  3.965734e+00 -3.003927e+00  3.746300e+01
     vertex  3.811071e+00 -3.197868e+00  3.746300e+01
   endloop
 endfacet
 facet normal  8.119380e-01 -5.837437e-01  0.000000e+00
   outer loop
     vertex  4.110538e+00 -2.802517e+00  0.000000e+00
     vertex  3.965734e+00 -3.003927e+00  3.746300e+01
     vertex  3.965734e+00 -3.003927e+00  0.000000e+00
   endloop
 endfacet
 facet normal  8.119380e-01 -5.837437e-01  0.000000e+00
   outer loop
     vertex  4.110538e+00 -2.802517e+00  0.000000e+00
     vertex  4.110538e+00 -2.802517e+00  3.746300e+01
     vertex  3.965734e+00 -3.003927e+00  3.746300e+01
   endloop
 endfacet
 facet normal  8.400259e-01 -5.425463e-01  0.000000e+00
   outer loop
     vertex  4.110538e+00 -2.802517e+00  0.000000e+00
     vertex  4.245122e+00 -2.594140e+00  3.746300e+01
     vertex  4.110538e+00 -2.802517e+00  3.746300e+01
   endloop
 endfacet
 facet normal  8.400259e-01 -5.425463e-01  0.000000e+00
   outer loop
     vertex  4.245122e+00 -2.594140e+00  0.000000e+00
     vertex  4.245122e+00 -2.594140e+00  3.746300e+01
     vertex  4.110538e+00 -2.802517e+00  0.000000e+00
   endloop
 endfacet
 facet normal  8.660254e-01 -5.000000e-01  0.000000e+00
   outer loop
     vertex  4.369152e+00 -2.379314e+00  0.000000e+00
     vertex  4.245122e+00 -2.594140e+00  3.746300e+01
     vertex  4.245122e+00 -2.594140e+00  0.000000e+00
   endloop
 endfacet
 facet normal  8.660254e-01 -5.000000e-01  0.000000e+00
   outer loop
     vertex  4.369152e+00 -2.379314e+00  0.000000e+00
     vertex  4.369152e+00 -2.379314e+00  3.746300e+01
     vertex  4.245122e+00 -2.594140e+00  3.746300e+01
   endloop
 endfacet
 facet normal  8.898718e-01 -4.562107e-01  0.000000e+00
   outer loop
     vertex  4.482320e+00 -2.158572e+00  0.000000e+00
     vertex  4.482320e+00 -2.158572e+00  3.746300e+01
     vertex  4.369152e+00 -2.379314e+00  3.746300e+01
   endloop
 endfacet
 facet normal  9.115059e-01 -4.112871e-01  0.000000e+00
   outer loop
     vertex  4.482320e+00 -2.158572e+00  0.000000e+00
     vertex  4.584344e+00 -1.932463e+00  3.746300e+01
     vertex  4.482320e+00 -2.158572e+00  3.746300e+01
   endloop
 endfacet
 facet normal  8.898718e-01 -4.562107e-01  0.000000e+00
   outer loop
     vertex  4.482320e+00 -2.158572e+00  0.000000e+00
     vertex  4.369152e+00 -2.379314e+00  3.746300e+01
     vertex  4.369152e+00 -2.379314e+00  0.000000e+00
   endloop
 endfacet
 facet normal  9.308737e-01 -3.653410e-01  0.000000e+00
   outer loop
     vertex  4.584344e+00 -1.932463e+00  0.000000e+00
     vertex  4.674971e+00 -1.701550e+00  3.746300e+01
     vertex  4.584344e+00 -1.932463e+00  3.746300e+01
   endloop
 endfacet
 facet normal  9.115059e-01 -4.112871e-01  0.000000e+00
   outer loop
     vertex  4.584344e+00 -1.932463e+00  0.000000e+00
     vertex  4.584344e+00 -1.932463e+00  3.746300e+01
     vertex  4.482320e+00 -2.158572e+00  0.000000e+00
   endloop
 endfacet
 facet normal  9.308737e-01 -3.653410e-01  0.000000e+00
   outer loop
     vertex  4.674971e+00 -1.701550e+00  0.000000e+00
     vertex  4.674971e+00 -1.701550e+00  3.746300e+01
     vertex  4.584344e+00 -1.932463e+00  0.000000e+00
   endloop
 endfacet
 facet normal  9.479273e-01 -3.184867e-01  0.000000e+00
   outer loop
     vertex  4.753975e+00 -1.466407e+00  0.000000e+00
     vertex  4.753975e+00 -1.466407e+00  3.746300e+01
     vertex  4.674971e+00 -1.701550e+00  3.746300e+01
   endloop
 endfacet
 facet normal  9.626242e-01 -2.708405e-01  0.000000e+00
   outer loop
     vertex  4.753975e+00 -1.466407e+00  0.000000e+00
     vertex  4.821159e+00 -1.227618e+00  3.746300e+01
     vertex  4.753975e+00 -1.466407e+00  3.746300e+01
   endloop
 endfacet
 facet normal  9.479273e-01 -3.184867e-01  0.000000e+00
   outer loop
     vertex  4.753975e+00 -1.466407e+00  0.000000e+00
     vertex  4.674971e+00 -1.701550e+00  3.746300e+01
     vertex  4.674971e+00 -1.701550e+00  0.000000e+00
   endloop
 endfacet
 facet normal  9.749279e-01 -2.225209e-01  0.000000e+00
   outer loop
     vertex  4.821159e+00 -1.227618e+00  0.000000e+00
     vertex  4.876358e+00 -9.857771e-01  3.746300e+01
     vertex  4.821159e+00 -1.227618e+00  3.746300e+01
   endloop
 endfacet
 facet normal  9.626242e-01 -2.708405e-01  0.000000e+00
   outer loop
     vertex  4.821159e+00 -1.227618e+00  0.000000e+00
     vertex  4.821159e+00 -1.227618e+00  3.746300e+01
     vertex  4.753975e+00 -1.466407e+00  0.000000e+00
   endloop
 endfacet
 facet normal  9.749279e-01 -2.225209e-01  0.000000e+00
   outer loop
     vertex  4.876358e+00 -9.857771e-01  0.000000e+00
     vertex  4.876358e+00 -9.857771e-01  3.746300e+01
     vertex  4.821159e+00 -1.227618e+00  0.000000e+00
   endloop
 endfacet
 facet normal  9.848078e-01 -1.736482e-01  0.000000e+00
   outer loop
     vertex  4.919433e+00 -7.414853e-01  0.000000e+00
     vertex  4.919433e+00 -7.414853e-01  3.746300e+01
     vertex  4.876358e+00 -9.857771e-01  3.746300e+01
   endloop
 endfacet
 facet normal  9.922392e-01 -1.243437e-01  0.000000e+00
   outer loop
     vertex  4.919433e+00 -7.414853e-01  0.000000e+00
     vertex  4.950278e+00 -4.953500e-01  3.746300e+01
     vertex  4.919433e+00 -7.414853e-01  3.746300e+01
   endloop
 endfacet
 facet normal  9.848078e-01 -1.736482e-01  0.000000e+00
   outer loop
     vertex  4.919433e+00 -7.414853e-01  0.000000e+00
     vertex  4.876358e+00 -9.857771e-01  3.746300e+01
     vertex  4.876358e+00 -9.857771e-01  0.000000e+00
   endloop
 endfacet
 facet normal  9.922392e-01 -1.243437e-01  0.000000e+00
   outer loop
     vertex  4.950278e+00 -4.953500e-01  0.000000e+00
     vertex  4.950278e+00 -4.953500e-01  3.746300e+01
     vertex  4.919433e+00 -7.414853e-01  0.000000e+00
   endloop
 endfacet
 facet normal  9.972038e-01 -7.473009e-02  0.000000e+00
   outer loop
     vertex  4.968816e+00 -2.479833e-01  0.000000e+00
     vertex  4.968816e+00 -2.479833e-01  3.746300e+01
     vertex  4.950278e+00 -4.953500e-01  3.746300e+01
   endloop
 endfacet
 facet normal  9.972038e-01 -7.473009e-02  0.000000e+00
   outer loop
     vertex  4.968816e+00 -2.479833e-01  0.000000e+00
     vertex  4.950278e+00 -4.953500e-01  3.746300e+01
     vertex  4.950278e+00 -4.953500e-01  0.000000e+00
   endloop
 endfacet
 facet normal  9.996892e-01 -2.493069e-02  0.000000e+00
   outer loop
     vertex  4.975000e+00  0.000000e+00  0.000000e+00
     vertex  4.975000e+00  0.000000e+00  3.746300e+01
     vertex  4.968816e+00 -2.479833e-01  3.746300e+01
   endloop
 endfacet
 facet normal  9.996892e-01 -2.493069e-02  0.000000e+00
   outer loop
     vertex  4.975000e+00  0.000000e+00  0.000000e+00
     vertex  4.968816e+00 -2.479833e-01  3.746300e+01
     vertex  4.968816e+00 -2.479833e-01  0.000000e+00
   endloop
 endfacet
 facet normal  7.069969e-01  1.763140e-02  7.069969e-01
   outer loop
     vertex  4.726500e+00  0.000000e+00  3.771150e+01
     vertex  4.975000e+00  0.000000e+00  3.746300e+01
     vertex  4.968816e+00  2.479833e-01  3.746300e+01
   endloop
 endfacet
 facet normal  7.069969e-01  1.763140e-02  7.069969e-01
   outer loop
     vertex  4.472433e+00  2.232099e-01  3.796000e+01
     vertex  4.478000e+00  0.000000e+00  3.796000e+01
     vertex  4.726500e+00  0.000000e+00  3.771150e+01
   endloop
 endfacet
 facet normal  7.069969e-01 -1.763140e-02  7.069969e-01
   outer loop
     vertex  4.726500e+00  0.000000e+00  3.771150e+01
     vertex  4.968816e+00 -2.479833e-01  3.746300e+01
     vertex  4.975000e+00  0.000000e+00  3.746300e+01
   endloop
 endfacet
 facet normal  7.069969e-01 -1.763140e-02  7.069969e-01
   outer loop
     vertex  4.478000e+00  0.000000e+00  3.796000e+01
     vertex  4.472433e+00 -2.232099e-01  3.796000e+01
     vertex  4.726500e+00  0.000000e+00  3.771150e+01
   endloop
 endfacet
 facet normal  7.052392e-01  5.285037e-02  7.069969e-01
   outer loop
     vertex  4.703013e+00  4.706074e-01  3.771150e+01
     vertex  4.968816e+00  2.479833e-01  3.746300e+01
     vertex  4.950278e+00  4.953500e-01  3.746300e+01
   endloop
 endfacet
 facet normal  7.017281e-01  8.793794e-02  7.069969e-01
   outer loop
     vertex  4.703013e+00  4.706074e-01  3.771150e+01
     vertex  4.950278e+00  4.953500e-01  3.746300e+01
     vertex  4.919433e+00  7.414853e-01  3.746300e+01
   endloop
 endfacet
 facet normal  7.052392e-01  5.285037e-02  7.069969e-01
   outer loop
     vertex  4.703013e+00  4.706074e-01  3.771150e+01
     vertex  4.455748e+00  4.458648e-01  3.796000e+01
     vertex  4.472433e+00  2.232099e-01  3.796000e+01
   endloop
 endfacet
 facet normal  7.017281e-01  8.793794e-02  7.069969e-01
   outer loop
     vertex  4.703013e+00  4.706074e-01  3.771150e+01
     vertex  4.427984e+00  6.674113e-01  3.796000e+01
     vertex  4.455748e+00  4.458648e-01  3.796000e+01
   endloop
 endfacet
 facet normal  6.979289e-01  3.483218e-02  7.153195e-01
   outer loop
     vertex  4.703013e+00  4.706074e-01  3.771150e+01
     vertex  4.726500e+00  0.000000e+00  3.771150e+01
     vertex  4.968816e+00  2.479833e-01  3.746300e+01
   endloop
 endfacet
 facet normal  7.146254e-01  3.566547e-02  6.985975e-01
   outer loop
     vertex  4.703013e+00  4.706074e-01  3.771150e+01
     vertex  4.472433e+00  2.232099e-01  3.796000e+01
     vertex  4.726500e+00  0.000000e+00  3.771150e+01
   endloop
 endfacet
 facet normal  6.964725e-01  1.228069e-01  7.069969e-01
   outer loop
     vertex  4.632785e+00  9.365377e-01  3.771150e+01
     vertex  4.919433e+00  7.414853e-01  3.746300e+01
     vertex  4.876358e+00  9.857771e-01  3.746300e+01
   endloop
 endfacet
 facet normal  6.894853e-01  1.573705e-01  7.069969e-01
   outer loop
     vertex  4.632785e+00  9.365377e-01  3.771150e+01
     vertex  4.876358e+00  9.857771e-01  3.746300e+01
     vertex  4.821159e+00  1.227618e+00  3.746300e+01
   endloop
 endfacet
 facet normal  6.964725e-01  1.228069e-01  7.069969e-01
   outer loop
     vertex  4.632785e+00  9.365377e-01  3.771150e+01
     vertex  4.389212e+00  8.872984e-01  3.796000e+01
     vertex  4.427984e+00  6.674113e-01  3.796000e+01
   endloop
 endfacet
 facet normal  6.894853e-01  1.573705e-01  7.069969e-01
   outer loop
     vertex  4.632785e+00  9.365377e-01  3.771150e+01
     vertex  4.339528e+00  1.104980e+00  3.796000e+01
     vertex  4.389212e+00  8.872984e-01  3.796000e+01
   endloop
 endfacet
 facet normal  6.909925e-01  1.041504e-01  7.153195e-01
   outer loop
     vertex  4.632785e+00  9.365377e-01  3.771150e+01
     vertex  4.703013e+00  4.706074e-01  3.771150e+01
     vertex  4.919433e+00  7.414853e-01  3.746300e+01
   endloop
 endfacet
 facet normal  7.075231e-01  1.066420e-01  6.985975e-01
   outer loop
     vertex  4.632785e+00  9.365377e-01  3.771150e+01
     vertex  4.427984e+00  6.674113e-01  3.796000e+01
     vertex  4.703013e+00  4.706074e-01  3.771150e+01
   endloop
 endfacet
 facet normal  6.807839e-01  1.915429e-01  7.069969e-01
   outer loop
     vertex  4.516515e+00  1.393160e+00  3.771150e+01
     vertex  4.821159e+00  1.227618e+00  3.746300e+01
     vertex  4.753975e+00  1.466407e+00  3.746300e+01
   endloop
 endfacet
 facet normal  6.703900e-01  2.252391e-01  7.069969e-01
   outer loop
     vertex  4.516515e+00  1.393160e+00  3.771150e+01
     vertex  4.753975e+00  1.466407e+00  3.746300e+01
     vertex  4.674971e+00  1.701550e+00  3.746300e+01
   endloop
 endfacet
 facet normal  6.933892e-01  1.765586e-01  6.985975e-01
   outer loop
     vertex  4.516515e+00  1.393160e+00  3.771150e+01
     vertex  4.339528e+00  1.104980e+00  3.796000e+01
     vertex  4.632785e+00  9.365377e-01  3.771150e+01
   endloop
 endfacet
 facet normal  6.807839e-01  1.915429e-01  7.069969e-01
   outer loop
     vertex  4.516515e+00  1.393160e+00  3.771150e+01
     vertex  4.279055e+00  1.319914e+00  3.796000e+01
     vertex  4.339528e+00  1.104980e+00  3.796000e+01
   endloop
 endfacet
 facet normal  6.703900e-01  2.252391e-01  7.069969e-01
   outer loop
     vertex  4.516515e+00  1.393160e+00  3.771150e+01
     vertex  4.207944e+00  1.531566e+00  3.796000e+01
     vertex  4.279055e+00  1.319914e+00  3.796000e+01
   endloop
 endfacet
 facet normal  6.771888e-01  1.724335e-01  7.153195e-01
   outer loop
     vertex  4.516515e+00  1.393160e+00  3.771150e+01
     vertex  4.632785e+00  9.365377e-01  3.771150e+01
     vertex  4.821159e+00  1.227618e+00  3.746300e+01
   endloop
 endfacet
 facet normal  6.583294e-01  2.583753e-01  7.069969e-01
   outer loop
     vertex  4.355357e+00  1.835937e+00  3.771150e+01
     vertex  4.674971e+00  1.701550e+00  3.746300e+01
     vertex  4.584344e+00  1.932463e+00  3.746300e+01
   endloop
 endfacet
 facet normal  6.446321e-01  2.908691e-01  7.069969e-01
   outer loop
     vertex  4.355357e+00  1.835937e+00  3.771150e+01
     vertex  4.584344e+00  1.932463e+00  3.746300e+01
     vertex  4.482320e+00  2.158572e+00  3.746300e+01
   endloop
 endfacet
 facet normal  6.566549e-01  2.390028e-01  7.153195e-01
   outer loop
     vertex  4.355357e+00  1.835937e+00  3.771150e+01
     vertex  4.516515e+00  1.393160e+00  3.771150e+01
     vertex  4.674971e+00  1.701550e+00  3.746300e+01
   endloop
 endfacet
 facet normal  6.583294e-01  2.583753e-01  7.069969e-01
   outer loop
     vertex  4.355357e+00  1.835937e+00  3.771150e+01
     vertex  4.126370e+00  1.739411e+00  3.796000e+01
     vertex  4.207944e+00  1.531566e+00  3.796000e+01
   endloop
 endfacet
 facet normal  6.446321e-01  2.908691e-01  7.069969e-01
   outer loop
     vertex  4.355357e+00  1.835937e+00  3.771150e+01
     vertex  4.034539e+00  1.942931e+00  3.796000e+01
     vertex  4.126370e+00  1.739411e+00  3.796000e+01
   endloop
 endfacet
 facet normal  6.723640e-01  2.447205e-01  6.985975e-01
   outer loop
     vertex  4.355357e+00  1.835937e+00  3.771150e+01
     vertex  4.207944e+00  1.531566e+00  3.796000e+01
     vertex  4.516515e+00  1.393160e+00  3.771150e+01
   endloop
 endfacet
 facet normal  6.293322e-01  3.226398e-01  7.069969e-01
   outer loop
     vertex  4.150914e+00  2.260467e+00  3.771150e+01
     vertex  4.482320e+00  2.158572e+00  3.746300e+01
     vertex  4.369152e+00  2.379314e+00  3.746300e+01
   endloop
 endfacet
 facet normal  6.124676e-01  3.536083e-01  7.069969e-01
   outer loop
     vertex  4.150914e+00  2.260467e+00  3.771150e+01
     vertex  4.369152e+00  2.379314e+00  3.746300e+01
     vertex  4.245122e+00  2.594140e+00  3.746300e+01
   endloop
 endfacet
 facet normal  6.293322e-01  3.226398e-01  7.069969e-01
   outer loop
     vertex  4.150914e+00  2.260467e+00  3.771150e+01
     vertex  3.932676e+00  2.141621e+00  3.796000e+01
     vertex  4.034539e+00  1.942931e+00  3.796000e+01
   endloop
 endfacet
 facet normal  6.124676e-01  3.536083e-01  7.069969e-01
   outer loop
     vertex  4.150914e+00  2.260467e+00  3.771150e+01
     vertex  3.821037e+00  2.334987e+00  3.796000e+01
     vertex  3.932676e+00  2.141621e+00  3.796000e+01
   endloop
 endfacet
 facet normal  6.295948e-01  3.031969e-01  7.153195e-01
   outer loop
     vertex  4.150914e+00  2.260467e+00  3.771150e+01
     vertex  4.355357e+00  1.835937e+00  3.771150e+01
     vertex  4.482320e+00  2.158572e+00  3.746300e+01
   endloop
 endfacet
 facet normal  6.446566e-01  3.104502e-01  6.985975e-01
   outer loop
     vertex  4.150914e+00  2.260467e+00  3.771150e+01
     vertex  4.034539e+00  1.942931e+00  3.796000e+01
     vertex  4.355357e+00  1.835937e+00  3.771150e+01
   endloop
 endfacet
 facet normal  5.962775e-01  3.643776e-01  7.153195e-01
   outer loop
     vertex  3.905218e+00  2.662532e+00  3.771150e+01
     vertex  4.150914e+00  2.260467e+00  3.771150e+01
     vertex  4.245122e+00  2.594140e+00  3.746300e+01
   endloop
 endfacet
 facet normal  5.940803e-01  3.836978e-01  7.069969e-01
   outer loop
     vertex  3.905218e+00  2.662532e+00  3.771150e+01
     vertex  4.245122e+00  2.594140e+00  3.746300e+01
     vertex  4.110538e+00  2.802517e+00  3.746300e+01
   endloop
 endfacet
 facet normal  5.742161e-01  4.128333e-01  7.069969e-01
   outer loop
     vertex  3.905218e+00  2.662532e+00  3.771150e+01
     vertex  4.110538e+00  2.802517e+00  3.746300e+01
     vertex  3.965734e+00  3.003927e+00  3.746300e+01
   endloop
 endfacet
 facet normal  6.105423e-01  3.730946e-01  6.985975e-01
   outer loop
     vertex  3.905218e+00  2.662532e+00  3.771150e+01
     vertex  3.821037e+00  2.334987e+00  3.796000e+01
     vertex  4.150914e+00  2.260467e+00  3.771150e+01
   endloop
 endfacet
 facet normal  5.940803e-01  3.836978e-01  7.069969e-01
   outer loop
     vertex  3.905218e+00  2.662532e+00  3.771150e+01
     vertex  3.699897e+00  2.522547e+00  3.796000e+01
     vertex  3.821037e+00  2.334987e+00  3.796000e+01
   endloop
 endfacet
 facet normal  5.742161e-01  4.128333e-01  7.069969e-01
   outer loop
     vertex  3.905218e+00  2.662532e+00  3.771150e+01
     vertex  3.569559e+00  2.703836e+00  3.796000e+01
     vertex  3.699897e+00  2.522547e+00  3.796000e+01
   endloop
 endfacet
 facet normal  5.529243e-01  4.409424e-01  7.069969e-01
   outer loop
     vertex  3.620709e+00  3.038136e+00  3.771150e+01
     vertex  3.965734e+00  3.003927e+00  3.746300e+01
     vertex  3.811071e+00  3.197868e+00  3.746300e+01
   endloop
 endfacet
 facet normal  5.302578e-01  4.679553e-01  7.069969e-01
   outer loop
     vertex  3.620709e+00  3.038136e+00  3.771150e+01
     vertex  3.811071e+00  3.197868e+00  3.746300e+01
     vertex  3.646933e+00  3.383859e+00  3.746300e+01
   endloop
 endfacet
 facet normal  5.570342e-01  4.219370e-01  7.153195e-01
   outer loop
     vertex  3.620709e+00  3.038136e+00  3.771150e+01
     vertex  3.905218e+00  2.662532e+00  3.771150e+01
     vertex  3.965734e+00  3.003927e+00  3.746300e+01
   endloop
 endfacet
 facet normal  5.529243e-01  4.409424e-01  7.069969e-01
   outer loop
     vertex  3.620709e+00  3.038136e+00  3.771150e+01
     vertex  3.430347e+00  2.878403e+00  3.796000e+01
     vertex  3.569559e+00  2.703836e+00  3.796000e+01
   endloop
 endfacet
 facet normal  5.302578e-01  4.679553e-01  7.069969e-01
   outer loop
     vertex  3.620709e+00  3.038136e+00  3.771150e+01
     vertex  3.282606e+00  3.045814e+00  3.796000e+01
     vertex  3.430347e+00  2.878403e+00  3.796000e+01
   endloop
 endfacet
 facet normal  5.703601e-01  4.320310e-01  6.985975e-01
   outer loop
     vertex  3.620709e+00  3.038136e+00  3.771150e+01
     vertex  3.569559e+00  2.703836e+00  3.796000e+01
     vertex  3.905218e+00  2.662532e+00  3.771150e+01
   endloop
 endfacet
 facet normal  5.062730e-01  4.938047e-01  7.069969e-01
   outer loop
     vertex  3.300216e+00  3.383545e+00  3.771150e+01
     vertex  3.646933e+00  3.383859e+00  3.746300e+01
     vertex  3.473728e+00  3.561438e+00  3.746300e+01
   endloop
 endfacet
 facet normal  4.810295e-01  5.184265e-01  7.069969e-01
   outer loop
     vertex  3.300216e+00  3.383545e+00  3.771150e+01
     vertex  3.473728e+00  3.561438e+00  3.746300e+01
     vertex  3.291887e+00  3.730161e+00  3.746300e+01
   endloop
 endfacet
 facet normal  5.062730e-01  4.938047e-01  7.069969e-01
   outer loop
     vertex  3.300216e+00  3.383545e+00  3.771150e+01
     vertex  3.126704e+00  3.205652e+00  3.796000e+01
     vertex  3.282606e+00  3.045814e+00  3.796000e+01
   endloop
 endfacet
 facet normal  4.810295e-01  5.184265e-01  7.069969e-01
   outer loop
     vertex  3.300216e+00  3.383545e+00  3.771150e+01
     vertex  2.963029e+00  3.357520e+00  3.796000e+01
     vertex  3.126704e+00  3.205652e+00  3.796000e+01
   endloop
 endfacet
 facet normal  5.122548e-01  4.753030e-01  7.153195e-01
   outer loop
     vertex  3.300216e+00  3.383545e+00  3.771150e+01
     vertex  3.620709e+00  3.038136e+00  3.771150e+01
     vertex  3.646933e+00  3.383859e+00  3.746300e+01
   endloop
 endfacet
 facet normal  5.245095e-01  4.866737e-01  6.985975e-01
   outer loop
     vertex  3.300216e+00  3.383545e+00  3.771150e+01
     vertex  3.282606e+00  3.045814e+00  3.796000e+01
     vertex  3.620709e+00  3.038136e+00  3.771150e+01
   endloop
 endfacet
 facet normal  4.623844e-01  5.239452e-01  7.153195e-01
   outer loop
     vertex  2.946925e+00  3.695327e+00  3.771150e+01
     vertex  3.300216e+00  3.383545e+00  3.771150e+01
     vertex  3.291887e+00  3.730161e+00  3.746300e+01
   endloop
 endfacet
 facet normal  4.545901e-01  5.417594e-01  7.069969e-01
   outer loop
     vertex  2.946925e+00  3.695327e+00  3.771150e+01
     vertex  3.291887e+00  3.730161e+00  3.746300e+01
     vertex  3.101862e+00  3.889612e+00  3.746300e+01
   endloop
 endfacet
 facet normal  4.270206e-01  5.637454e-01  7.069969e-01
   outer loop
     vertex  2.946925e+00  3.695327e+00  3.771150e+01
     vertex  3.101862e+00  3.889612e+00  3.746300e+01
     vertex  2.904125e+00  4.039392e+00  3.746300e+01
   endloop
 endfacet
 facet normal  4.734460e-01  5.364796e-01  6.985975e-01
   outer loop
     vertex  2.946925e+00  3.695327e+00  3.771150e+01
     vertex  2.963029e+00  3.357520e+00  3.796000e+01
     vertex  3.300216e+00  3.383545e+00  3.771150e+01
   endloop
 endfacet
 facet normal  4.545901e-01  5.417594e-01  7.069969e-01
   outer loop
     vertex  2.946925e+00  3.695327e+00  3.771150e+01
     vertex  2.791987e+00  3.501041e+00  3.796000e+01
     vertex  2.963029e+00  3.357520e+00  3.796000e+01
   endloop
 endfacet
 facet normal  4.270206e-01  5.637454e-01  7.069969e-01
   outer loop
     vertex  2.946925e+00  3.695327e+00  3.771150e+01
     vertex  2.614004e+00  3.635858e+00  3.796000e+01
     vertex  2.791987e+00  3.501041e+00  3.796000e+01
   endloop
 endfacet
 facet normal  3.983893e-01  5.843298e-01  7.069969e-01
   outer loop
     vertex  2.564345e+00  3.970383e+00  3.771150e+01
     vertex  2.904125e+00  4.039392e+00  3.746300e+01
     vertex  2.699168e+00  4.179129e+00  3.746300e+01
   endloop
 endfacet
 facet normal  3.687677e-01  6.034615e-01  7.069969e-01
   outer loop
     vertex  2.564345e+00  3.970383e+00  3.771150e+01
     vertex  2.699168e+00  4.179129e+00  3.746300e+01
     vertex  2.487500e+00  4.308476e+00  3.746300e+01
   endloop
 endfacet
 facet normal  3.983893e-01  5.843298e-01  7.069969e-01
   outer loop
     vertex  2.564345e+00  3.970383e+00  3.771150e+01
     vertex  2.429522e+00  3.761636e+00  3.796000e+01
     vertex  2.614004e+00  3.635858e+00  3.796000e+01
   endloop
 endfacet
 facet normal  3.687677e-01  6.034615e-01  7.069969e-01
   outer loop
     vertex  2.564345e+00  3.970383e+00  3.771150e+01
     vertex  2.239000e+00  3.878062e+00  3.796000e+01
     vertex  2.429522e+00  3.761636e+00  3.796000e+01
   endloop
 endfacet
 facet normal  4.079186e-01  5.673803e-01  7.153195e-01
   outer loop
     vertex  2.564345e+00  3.970383e+00  3.771150e+01
     vertex  2.946925e+00  3.695327e+00  3.771150e+01
     vertex  2.904125e+00  4.039392e+00  3.746300e+01
   endloop
 endfacet
 facet normal  4.176773e-01  5.809537e-01  6.985975e-01
   outer loop
     vertex  2.564345e+00  3.970383e+00  3.771150e+01
     vertex  2.614004e+00  3.635858e+00  3.796000e+01
     vertex  2.946925e+00  3.695327e+00  3.771150e+01
   endloop
 endfacet
 facet normal  3.577574e-01  6.196540e-01  6.985975e-01
   outer loop
     vertex  2.156280e+00  4.205979e+00  3.771150e+01
     vertex  2.239000e+00  3.878062e+00  3.796000e+01
     vertex  2.564345e+00  3.970383e+00  3.771150e+01
   endloop
 endfacet
 facet normal  3.382292e-01  6.210929e-01  7.069969e-01
   outer loop
     vertex  2.156280e+00  4.205979e+00  3.771150e+01
     vertex  2.487500e+00  4.308476e+00  3.746300e+01
     vertex  2.269648e+00  4.427112e+00  3.746300e+01
   endloop
 endfacet
 facet normal  3.068498e-01  6.371802e-01  7.069969e-01
   outer loop
     vertex  2.156280e+00  4.205979e+00  3.771150e+01
     vertex  2.269648e+00  4.427112e+00  3.746300e+01
     vertex  2.046153e+00  4.534742e+00  3.746300e+01
   endloop
 endfacet
 facet normal  3.382292e-01  6.210929e-01  7.069969e-01
   outer loop
     vertex  2.156280e+00  4.205979e+00  3.771150e+01
     vertex  2.042911e+00  3.984846e+00  3.796000e+01
     vertex  2.239000e+00  3.878062e+00  3.796000e+01
   endloop
 endfacet
 facet normal  3.068498e-01  6.371802e-01  7.069969e-01
   outer loop
     vertex  2.156280e+00  4.205979e+00  3.771150e+01
     vertex  1.841744e+00  4.081723e+00  3.796000e+01
     vertex  2.042911e+00  3.984846e+00  3.796000e+01
   endloop
 endfacet
 facet normal  3.493988e-01  6.051764e-01  7.153195e-01
   outer loop
     vertex  2.156280e+00  4.205979e+00  3.771150e+01
     vertex  2.564345e+00  3.970383e+00  3.771150e+01
     vertex  2.487500e+00  4.308476e+00  3.746300e+01
   endloop
 endfacet
 facet normal  2.747076e-01  6.516833e-01  7.069969e-01
   outer loop
     vertex  1.726784e+00  4.399775e+00  3.771150e+01
     vertex  2.046153e+00  4.534742e+00  3.746300e+01
     vertex  1.817572e+00  4.631097e+00  3.746300e+01
   endloop
 endfacet
 facet normal  2.418824e-01  6.645663e-01  7.069969e-01
   outer loop
     vertex  1.726784e+00  4.399775e+00  3.771150e+01
     vertex  1.817572e+00  4.631097e+00  3.746300e+01
     vertex  1.584471e+00  4.715939e+00  3.746300e+01
   endloop
 endfacet
 facet normal  2.874064e-01  6.369580e-01  7.153195e-01
   outer loop
     vertex  1.726784e+00  4.399775e+00  3.771150e+01
     vertex  2.156280e+00  4.205979e+00  3.771150e+01
     vertex  2.046153e+00  4.534742e+00  3.746300e+01
   endloop
 endfacet
 facet normal  2.942820e-01  6.521960e-01  6.985975e-01
   outer loop
     vertex  1.726784e+00  4.399775e+00  3.771150e+01
     vertex  1.841744e+00  4.081723e+00  3.796000e+01
     vertex  2.156280e+00  4.205979e+00  3.771150e+01
   endloop
 endfacet
 facet normal  2.747076e-01  6.516833e-01  7.069969e-01
   outer loop
     vertex  1.726784e+00  4.399775e+00  3.771150e+01
     vertex  1.635997e+00  4.168453e+00  3.796000e+01
     vertex  1.841744e+00  4.081723e+00  3.796000e+01
   endloop
 endfacet
 facet normal  2.418824e-01  6.645663e-01  7.069969e-01
   outer loop
     vertex  1.726784e+00  4.399775e+00  3.771150e+01
     vertex  1.426183e+00  4.244819e+00  3.796000e+01
     vertex  1.635997e+00  4.168453e+00  3.796000e+01
   endloop
 endfacet
 facet normal  2.084558e-01  6.757970e-01  7.069969e-01
   outer loop
     vertex  1.280127e+00  4.549844e+00  3.771150e+01
     vertex  1.584471e+00  4.715939e+00  3.746300e+01
     vertex  1.347431e+00  4.789056e+00  3.746300e+01
   endloop
 endfacet
 facet normal  1.745109e-01  6.853476e-01  7.069969e-01
   outer loop
     vertex  1.280127e+00  4.549844e+00  3.771150e+01
     vertex  1.347431e+00  4.789056e+00  3.746300e+01
     vertex  1.107042e+00  4.850266e+00  3.746300e+01
   endloop
 endfacet
 facet normal  2.084558e-01  6.757970e-01  7.069969e-01
   outer loop
     vertex  1.280127e+00  4.549844e+00  3.771150e+01
     vertex  1.212824e+00  4.310631e+00  3.796000e+01
     vertex  1.426183e+00  4.244819e+00  3.796000e+01
   endloop
 endfacet
 facet normal  1.745109e-01  6.853476e-01  7.069969e-01
   outer loop
     vertex  1.280127e+00  4.549844e+00  3.771150e+01
     vertex  9.964487e-01  4.365727e+00  3.796000e+01
     vertex  1.212824e+00  4.310631e+00  3.796000e+01
   endloop
 endfacet
 facet normal  2.225577e-01  6.624093e-01  7.153195e-01
   outer loop
     vertex  1.280127e+00  4.549844e+00  3.771150e+01
     vertex  1.726784e+00  4.399775e+00  3.771150e+01
     vertex  1.584471e+00  4.715939e+00  3.746300e+01
   endloop
 endfacet
 facet normal  2.278819e-01  6.782561e-01  6.985975e-01
   outer loop
     vertex  1.280127e+00  4.549844e+00  3.771150e+01
     vertex  1.426183e+00  4.244819e+00  3.796000e+01
     vertex  1.726784e+00  4.399775e+00  3.771150e+01
   endloop
 endfacet
 facet normal  1.592170e-01  6.975754e-01  6.985975e-01
   outer loop
     vertex  8.207481e-01  4.654694e+00  3.771150e+01
     vertex  9.964487e-01  4.365727e+00  3.796000e+01
     vertex  1.280127e+00  4.549844e+00  3.771150e+01
   endloop
 endfacet
 facet normal  1.401323e-01  6.931943e-01  7.069969e-01
   outer loop
     vertex  8.207481e-01  4.654694e+00  3.771150e+01
     vertex  1.107042e+00  4.850266e+00  3.746300e+01
     vertex  8.638997e-01  4.899419e+00  3.746300e+01
   endloop
 endfacet
 facet normal  1.054052e-01  6.993177e-01  7.069969e-01
   outer loop
     vertex  8.207481e-01  4.654694e+00  3.771150e+01
     vertex  8.638997e-01  4.899419e+00  3.746300e+01
     vertex  6.186099e-01  4.936390e+00  3.746300e+01
   endloop
 endfacet
 facet normal  1.401323e-01  6.931943e-01  7.069969e-01
   outer loop
     vertex  8.207481e-01  4.654694e+00  3.771150e+01
     vertex  7.775965e-01  4.409969e+00  3.796000e+01
     vertex  9.964487e-01  4.365727e+00  3.796000e+01
   endloop
 endfacet
 facet normal  1.054052e-01  6.993177e-01  7.069969e-01
   outer loop
     vertex  8.207481e-01  4.654694e+00  3.771150e+01
     vertex  5.568111e-01  4.443247e+00  3.796000e+01
     vertex  7.775965e-01  4.409969e+00  3.796000e+01
   endloop
 endfacet
 facet normal  1.554971e-01  6.812772e-01  7.153195e-01
   outer loop
     vertex  8.207481e-01  4.654694e+00  3.771150e+01
     vertex  1.280127e+00  4.549844e+00  3.771150e+01
     vertex  1.107042e+00  4.850266e+00  3.746300e+01
   endloop
 endfacet
 facet normal  7.041604e-02  7.037024e-01  7.069969e-01
   outer loop
     vertex  3.532118e-01  4.713284e+00  3.771150e+01
     vertex  6.186099e-01  4.936390e+00  3.746300e+01
     vertex  3.717822e-01  4.961089e+00  3.746300e+01
   endloop
 endfacet
 facet normal  3.525184e-02  7.063376e-01  7.069969e-01
   outer loop
     vertex  3.532118e-01  4.713284e+00  3.771150e+01
     vertex  3.717822e-01  4.961089e+00  3.746300e+01
     vertex  1.240302e-01  4.973454e+00  3.746300e+01
   endloop
 endfacet
 facet normal  8.689107e-02  6.933743e-01  7.153195e-01
   outer loop
     vertex  3.532118e-01  4.713284e+00  3.771150e+01
     vertex  8.207481e-01  4.654694e+00  3.771150e+01
     vertex  6.186099e-01  4.936390e+00  3.746300e+01
   endloop
 endfacet
 facet normal  8.896976e-02  7.099619e-01  6.985975e-01
   outer loop
     vertex  3.532118e-01  4.713284e+00  3.771150e+01
     vertex  5.568111e-01  4.443247e+00  3.796000e+01
     vertex  8.207481e-01  4.654694e+00  3.771150e+01
   endloop
 endfacet
 facet normal  7.041604e-02  7.037024e-01  7.069969e-01
   outer loop
     vertex  3.532118e-01  4.713284e+00  3.771150e+01
     vertex  3.346414e-01  4.465479e+00  3.796000e+01
     vertex  5.568111e-01  4.443247e+00  3.796000e+01
   endloop
 endfacet
 facet normal  3.525184e-02  7.063376e-01  7.069969e-01
   outer loop
     vertex  3.532118e-01  4.713284e+00  3.771150e+01
     vertex  1.116396e-01  4.476608e+00  3.796000e+01
     vertex  3.346414e-01  4.465479e+00  3.796000e+01
   endloop
 endfacet
 facet normal  0.000000e+00  7.072167e-01  7.069969e-01
   outer loop
     vertex -1.178349e-01  4.725031e+00  3.771150e+01
     vertex  1.240302e-01  4.973454e+00  3.746300e+01
     vertex -1.240302e-01  4.973454e+00  3.746300e+01
   endloop
 endfacet
 facet normal -3.525184e-02  7.063376e-01  7.069969e-01
   outer loop
     vertex -1.178349e-01  4.725031e+00  3.771150e+01
     vertex -1.240302e-01  4.973454e+00  3.746300e+01
     vertex -3.717822e-01  4.961089e+00  3.746300e+01
   endloop
 endfacet
 facet normal  0.000000e+00  7.072167e-01  7.069969e-01
   outer loop
     vertex -1.178349e-01  4.725031e+00  3.771150e+01
     vertex -1.116396e-01  4.476608e+00  3.796000e+01
     vertex  1.116396e-01  4.476608e+00  3.796000e+01
   endloop
 endfacet
 facet normal -3.525184e-02  7.063376e-01  7.069969e-01
   outer loop
     vertex -1.178349e-01  4.725031e+00  3.771150e+01
     vertex -3.346414e-01  4.465479e+00  3.796000e+01
     vertex -1.116396e-01  4.476608e+00  3.796000e+01
   endloop
 endfacet
 facet normal  1.742151e-02  6.985803e-01  7.153195e-01
   outer loop
     vertex -1.178349e-01  4.725031e+00  3.771150e+01
     vertex  3.532118e-01  4.713284e+00  3.771150e+01
     vertex  1.240302e-01  4.973454e+00  3.746300e+01
   endloop
 endfacet
 facet normal  1.783828e-02  7.152924e-01  6.985975e-01
   outer loop
     vertex -1.178349e-01  4.725031e+00  3.771150e+01
     vertex  1.116396e-01  4.476608e+00  3.796000e+01
     vertex  3.532118e-01  4.713284e+00  3.771150e+01
   endloop
 endfacet
 facet normal -5.222120e-02  6.968435e-01  7.153195e-01
   outer loop
     vertex -5.877105e-01  4.689819e+00  3.771150e+01
     vertex -1.178349e-01  4.725031e+00  3.771150e+01
     vertex -3.717822e-01  4.961089e+00  3.746300e+01
   endloop
 endfacet
 facet normal -5.347049e-02  7.135141e-01  6.985975e-01
   outer loop
     vertex -5.877105e-01  4.689819e+00  3.771150e+01
     vertex -3.346414e-01  4.465479e+00  3.796000e+01
     vertex -1.178349e-01  4.725031e+00  3.771150e+01
   endloop
 endfacet
 facet normal -7.041604e-02  7.037024e-01  7.069969e-01
   outer loop
     vertex -5.877105e-01  4.689819e+00  3.771150e+01
     vertex -3.717822e-01  4.961089e+00  3.746300e+01
     vertex -6.186099e-01  4.936390e+00  3.746300e+01
   endloop
 endfacet
 facet normal -1.054052e-01  6.993177e-01  7.069969e-01
   outer loop
     vertex -5.877105e-01  4.689819e+00  3.771150e+01
     vertex -6.186099e-01  4.936390e+00  3.746300e+01
     vertex -8.638997e-01  4.899419e+00  3.746300e+01
   endloop
 endfacet
 facet normal -7.041604e-02  7.037024e-01  7.069969e-01
   outer loop
     vertex -5.877105e-01  4.689819e+00  3.771150e+01
     vertex -5.568111e-01  4.443247e+00  3.796000e+01
     vertex -3.346414e-01  4.465479e+00  3.796000e+01
   endloop
 endfacet
 facet normal -1.054052e-01  6.993177e-01  7.069969e-01
   outer loop
     vertex -5.877105e-01  4.689819e+00  3.771150e+01
     vertex -7.775965e-01  4.409969e+00  3.796000e+01
     vertex -5.568111e-01  4.443247e+00  3.796000e+01
   endloop
 endfacet
 facet normal -1.401323e-01  6.931943e-01  7.069969e-01
   outer loop
     vertex -1.051745e+00  4.607997e+00  3.771150e+01
     vertex -8.638997e-01  4.899419e+00  3.746300e+01
     vertex -1.107042e+00  4.850266e+00  3.746300e+01
   endloop
 endfacet
 facet normal -1.745109e-01  6.853476e-01  7.069969e-01
   outer loop
     vertex -1.051745e+00  4.607997e+00  3.771150e+01
     vertex -1.107042e+00  4.850266e+00  3.746300e+01
     vertex -1.347431e+00  4.789056e+00  3.746300e+01
   endloop
 endfacet
 facet normal -1.213449e-01  6.881812e-01  7.153195e-01
   outer loop
     vertex -1.051745e+00  4.607997e+00  3.771150e+01
     vertex -5.877105e-01  4.689819e+00  3.771150e+01
     vertex -8.638997e-01  4.899419e+00  3.746300e+01
   endloop
 endfacet
 facet normal -1.401323e-01  6.931943e-01  7.069969e-01
   outer loop
     vertex -1.051745e+00  4.607997e+00  3.771150e+01
     vertex -9.964487e-01  4.365727e+00  3.796000e+01
     vertex -7.775965e-01  4.409969e+00  3.796000e+01
   endloop
 endfacet
 facet normal -1.745109e-01  6.853476e-01  7.069969e-01
   outer loop
     vertex -1.051745e+00  4.607997e+00  3.771150e+01
     vertex -1.212824e+00  4.310631e+00  3.796000e+01
     vertex -9.964487e-01  4.365727e+00  3.796000e+01
   endloop
 endfacet
 facet normal -1.242478e-01  7.046445e-01  6.985975e-01
   outer loop
     vertex -1.051745e+00  4.607997e+00  3.771150e+01
     vertex -7.775965e-01  4.409969e+00  3.796000e+01
     vertex -5.877105e-01  4.689819e+00  3.771150e+01
   endloop
 endfacet
 facet normal -1.937904e-01  6.887719e-01  6.985975e-01
   outer loop
     vertex -1.505327e+00  4.480379e+00  3.771150e+01
     vertex -1.212824e+00  4.310631e+00  3.796000e+01
     vertex -1.051745e+00  4.607997e+00  3.771150e+01
   endloop
 endfacet
 facet normal -2.084558e-01  6.757970e-01  7.069969e-01
   outer loop
     vertex -1.505327e+00  4.480379e+00  3.771150e+01
     vertex -1.347431e+00  4.789056e+00  3.746300e+01
     vertex -1.584471e+00  4.715939e+00  3.746300e+01
   endloop
 endfacet
 facet normal -2.418824e-01  6.645663e-01  7.069969e-01
   outer loop
     vertex -1.505327e+00  4.480379e+00  3.771150e+01
     vertex -1.584471e+00  4.715939e+00  3.746300e+01
     vertex -1.817572e+00  4.631097e+00  3.746300e+01
   endloop
 endfacet
 facet normal -2.084558e-01  6.757970e-01  7.069969e-01
   outer loop
     vertex -1.505327e+00  4.480379e+00  3.771150e+01
     vertex -1.426183e+00  4.244819e+00  3.796000e+01
     vertex -1.212824e+00  4.310631e+00  3.796000e+01
   endloop
 endfacet
 facet normal -2.418824e-01  6.645663e-01  7.069969e-01
   outer loop
     vertex -1.505327e+00  4.480379e+00  3.771150e+01
     vertex -1.635997e+00  4.168453e+00  3.796000e+01
     vertex -1.426183e+00  4.244819e+00  3.796000e+01
   endloop
 endfacet
 facet normal -1.892626e-01  6.726794e-01  7.153195e-01
   outer loop
     vertex -1.505327e+00  4.480379e+00  3.771150e+01
     vertex -1.051745e+00  4.607997e+00  3.771150e+01
     vertex -1.347431e+00  4.789056e+00  3.746300e+01
   endloop
 endfacet
 facet normal -2.552994e-01  6.504923e-01  7.153195e-01
   outer loop
     vertex -1.943948e+00  4.308232e+00  3.771150e+01
     vertex -1.505327e+00  4.480379e+00  3.771150e+01
     vertex -1.817572e+00  4.631097e+00  3.746300e+01
   endloop
 endfacet
 facet normal -2.614069e-01  6.660540e-01  6.985975e-01
   outer loop
     vertex -1.943948e+00  4.308232e+00  3.771150e+01
     vertex -1.635997e+00  4.168453e+00  3.796000e+01
     vertex -1.505327e+00  4.480379e+00  3.771150e+01
   endloop
 endfacet
 facet normal -2.747076e-01  6.516833e-01  7.069969e-01
   outer loop
     vertex -1.943948e+00  4.308232e+00  3.771150e+01
     vertex -1.817572e+00  4.631097e+00  3.746300e+01
     vertex -2.046153e+00  4.534742e+00  3.746300e+01
   endloop
 endfacet
 facet normal -3.068498e-01  6.371802e-01  7.069969e-01
   outer loop
     vertex -1.943948e+00  4.308232e+00  3.771150e+01
     vertex -2.046153e+00  4.534742e+00  3.746300e+01
     vertex -2.269648e+00  4.427112e+00  3.746300e+01
   endloop
 endfacet
 facet normal -2.747076e-01  6.516833e-01  7.069969e-01
   outer loop
     vertex -1.943948e+00  4.308232e+00  3.771150e+01
     vertex -1.841744e+00  4.081723e+00  3.796000e+01
     vertex -1.635997e+00  4.168453e+00  3.796000e+01
   endloop
 endfacet
 facet normal -3.068498e-01  6.371802e-01  7.069969e-01
   outer loop
     vertex -1.943948e+00  4.308232e+00  3.771150e+01
     vertex -2.042911e+00  3.984846e+00  3.796000e+01
     vertex -1.841744e+00  4.081723e+00  3.796000e+01
   endloop
 endfacet
 facet normal -3.382292e-01  6.210929e-01  7.069969e-01
   outer loop
     vertex -2.363250e+00  4.093269e+00  3.771150e+01
     vertex -2.269648e+00  4.427112e+00  3.746300e+01
     vertex -2.487500e+00  4.308476e+00  3.746300e+01
   endloop
 endfacet
 facet normal -3.687677e-01  6.034615e-01  7.069969e-01
   outer loop
     vertex -2.363250e+00  4.093269e+00  3.771150e+01
     vertex -2.487500e+00  4.308476e+00  3.746300e+01
     vertex -2.699168e+00  4.179129e+00  3.746300e+01
   endloop
 endfacet
 facet normal -3.187989e-01  6.218402e-01  7.153195e-01
   outer loop
     vertex -2.363250e+00  4.093269e+00  3.771150e+01
     vertex -1.943948e+00  4.308232e+00  3.771150e+01
     vertex -2.269648e+00  4.427112e+00  3.746300e+01
   endloop
 endfacet
 facet normal -3.382292e-01  6.210929e-01  7.069969e-01
   outer loop
     vertex -2.363250e+00  4.093269e+00  3.771150e+01
     vertex -2.239000e+00  3.878062e+00  3.796000e+01
     vertex -2.042911e+00  3.984846e+00  3.796000e+01
   endloop
 endfacet
 facet normal -3.687677e-01  6.034615e-01  7.069969e-01
   outer loop
     vertex -2.363250e+00  4.093269e+00  3.771150e+01
     vertex -2.429522e+00  3.761636e+00  3.796000e+01
     vertex -2.239000e+00  3.878062e+00  3.796000e+01
   endloop
 endfacet
 facet normal -3.264255e-01  6.367165e-01  6.985975e-01
   outer loop
     vertex -2.363250e+00  4.093269e+00  3.771150e+01
     vertex -2.042911e+00  3.984846e+00  3.796000e+01
     vertex -1.943948e+00  4.308232e+00  3.771150e+01
   endloop
 endfacet
 facet normal -3.881999e-01  6.010510e-01  6.985975e-01
   outer loop
     vertex -2.759064e+00  3.837625e+00  3.771150e+01
     vertex -2.429522e+00  3.761636e+00  3.796000e+01
     vertex -2.363250e+00  4.093269e+00  3.771150e+01
   endloop
 endfacet
 facet normal -3.983893e-01  5.843298e-01  7.069969e-01
   outer loop
     vertex -2.759064e+00  3.837625e+00  3.771150e+01
     vertex -2.699168e+00  4.179129e+00  3.746300e+01
     vertex -2.904125e+00  4.039392e+00  3.746300e+01
   endloop
 endfacet
 facet normal -4.270206e-01  5.637454e-01  7.069969e-01
   outer loop
     vertex -2.759064e+00  3.837625e+00  3.771150e+01
     vertex -2.904125e+00  4.039392e+00  3.746300e+01
     vertex -3.101862e+00  3.889612e+00  3.746300e+01
   endloop
 endfacet
 facet normal -3.983893e-01  5.843298e-01  7.069969e-01
   outer loop
     vertex -2.759064e+00  3.837625e+00  3.771150e+01
     vertex -2.614004e+00  3.635858e+00  3.796000e+01
     vertex -2.429522e+00  3.761636e+00  3.796000e+01
   endloop
 endfacet
 facet normal -4.270206e-01  5.637454e-01  7.069969e-01
   outer loop
     vertex -2.759064e+00  3.837625e+00  3.771150e+01
     vertex -2.791987e+00  3.501041e+00  3.796000e+01
     vertex -2.614004e+00  3.635858e+00  3.796000e+01
   endloop
 endfacet
 facet normal -3.791300e-01  5.870080e-01  7.153195e-01
   outer loop
     vertex -2.759064e+00  3.837625e+00  3.771150e+01
     vertex -2.363250e+00  4.093269e+00  3.771150e+01
     vertex -2.699168e+00  4.179129e+00  3.746300e+01
   endloop
 endfacet
 facet normal -4.356931e-01  5.463419e-01  7.153195e-01
   outer loop
     vertex -3.127458e+00  3.543841e+00  3.771150e+01
     vertex -2.759064e+00  3.837625e+00  3.771150e+01
     vertex -3.101862e+00  3.889612e+00  3.746300e+01
   endloop
 endfacet
 facet normal -4.461162e-01  5.594120e-01  6.985975e-01
   outer loop
     vertex -3.127458e+00  3.543841e+00  3.771150e+01
     vertex -2.791987e+00  3.501041e+00  3.796000e+01
     vertex -2.759064e+00  3.837625e+00  3.771150e+01
   endloop
 endfacet
 facet normal -4.545901e-01  5.417594e-01  7.069969e-01
   outer loop
     vertex -3.127458e+00  3.543841e+00  3.771150e+01
     vertex -3.101862e+00  3.889612e+00  3.746300e+01
     vertex -3.291887e+00  3.730161e+00  3.746300e+01
   endloop
 endfacet
 facet normal -4.810295e-01  5.184265e-01  7.069969e-01
   outer loop
     vertex -3.127458e+00  3.543841e+00  3.771150e+01
     vertex -3.291887e+00  3.730161e+00  3.746300e+01
     vertex -3.473728e+00  3.561438e+00  3.746300e+01
   endloop
 endfacet
 facet normal -4.545901e-01  5.417594e-01  7.069969e-01
   outer loop
     vertex -3.127458e+00  3.543841e+00  3.771150e+01
     vertex -2.963029e+00  3.357520e+00  3.796000e+01
     vertex -2.791987e+00  3.501041e+00  3.796000e+01
   endloop
 endfacet
 facet normal -4.810295e-01  5.184265e-01  7.069969e-01
   outer loop
     vertex -3.127458e+00  3.543841e+00  3.771150e+01
     vertex -3.126704e+00  3.205652e+00  3.796000e+01
     vertex -2.963029e+00  3.357520e+00  3.796000e+01
   endloop
 endfacet
 facet normal -5.062730e-01  4.938047e-01  7.069969e-01
   outer loop
     vertex -3.464770e+00  3.214836e+00  3.771150e+01
     vertex -3.473728e+00  3.561438e+00  3.746300e+01
     vertex -3.646933e+00  3.383859e+00  3.746300e+01
   endloop
 endfacet
 facet normal -5.302578e-01  4.679553e-01  7.069969e-01
   outer loop
     vertex -3.464770e+00  3.214836e+00  3.771150e+01
     vertex -3.646933e+00  3.383859e+00  3.746300e+01
     vertex -3.811071e+00  3.197868e+00  3.746300e+01
   endloop
 endfacet
 facet normal -4.879262e-01  5.002460e-01  7.153195e-01
   outer loop
     vertex -3.464770e+00  3.214836e+00  3.771150e+01
     vertex -3.127458e+00  3.543841e+00  3.771150e+01
     vertex -3.473728e+00  3.561438e+00  3.746300e+01
   endloop
 endfacet
 facet normal -5.062730e-01  4.938047e-01  7.069969e-01
   outer loop
     vertex -3.464770e+00  3.214836e+00  3.771150e+01
     vertex -3.282606e+00  3.045814e+00  3.796000e+01
     vertex -3.126704e+00  3.205652e+00  3.796000e+01
   endloop
 endfacet
 facet normal -5.302578e-01  4.679553e-01  7.069969e-01
   outer loop
     vertex -3.464770e+00  3.214836e+00  3.771150e+01
     vertex -3.430347e+00  2.878403e+00  3.796000e+01
     vertex -3.282606e+00  3.045814e+00  3.796000e+01
   endloop
 endfacet
 facet normal -4.995988e-01  5.122133e-01  6.985975e-01
   outer loop
     vertex -3.464770e+00  3.214836e+00  3.771150e+01
     vertex -3.126704e+00  3.205652e+00  3.796000e+01
     vertex -3.127458e+00  3.543841e+00  3.771150e+01
   endloop
 endfacet
 facet normal -5.481162e-01  4.599241e-01  6.985975e-01
   outer loop
     vertex -3.767647e+00  2.853882e+00  3.771150e+01
     vertex -3.430347e+00  2.878403e+00  3.796000e+01
     vertex -3.464770e+00  3.214836e+00  3.771150e+01
   endloop
 endfacet
 facet normal -5.529243e-01  4.409424e-01  7.069969e-01
   outer loop
     vertex -3.767647e+00  2.853882e+00  3.771150e+01
     vertex -3.811071e+00  3.197868e+00  3.746300e+01
     vertex -3.965734e+00  3.003927e+00  3.746300e+01
   endloop
 endfacet
 facet normal -5.742161e-01  4.128333e-01  7.069969e-01
   outer loop
     vertex -3.767647e+00  2.853882e+00  3.771150e+01
     vertex -3.965734e+00  3.003927e+00  3.746300e+01
     vertex -4.110538e+00  2.802517e+00  3.746300e+01
   endloop
 endfacet
 facet normal -5.529243e-01  4.409424e-01  7.069969e-01
   outer loop
     vertex -3.767647e+00  2.853882e+00  3.771150e+01
     vertex -3.569559e+00  2.703836e+00  3.796000e+01
     vertex -3.430347e+00  2.878403e+00  3.796000e+01
   endloop
 endfacet
 facet normal -5.742161e-01  4.128333e-01  7.069969e-01
   outer loop
     vertex -3.767647e+00  2.853882e+00  3.771150e+01
     vertex -3.699897e+00  2.522547e+00  3.796000e+01
     vertex -3.569559e+00  2.703836e+00  3.796000e+01
   endloop
 endfacet
 facet normal -5.353100e-01  4.491784e-01  7.153195e-01
   outer loop
     vertex -3.767647e+00  2.853882e+00  3.771150e+01
     vertex -3.464770e+00  3.214836e+00  3.771150e+01
     vertex -3.811071e+00  3.197868e+00  3.746300e+01
   endloop
 endfacet
 facet normal -5.911861e-01  4.030639e-01  6.985975e-01
   outer loop
     vertex -4.033079e+00  2.464563e+00  3.771150e+01
     vertex -3.699897e+00  2.522547e+00  3.796000e+01
     vertex -3.767647e+00  2.853882e+00  3.771150e+01
   endloop
 endfacet
 facet normal -5.773736e-01  3.936467e-01  7.153195e-01
   outer loop
     vertex -4.033079e+00  2.464563e+00  3.771150e+01
     vertex -3.767647e+00  2.853882e+00  3.771150e+01
     vertex -4.110538e+00  2.802517e+00  3.746300e+01
   endloop
 endfacet
 facet normal -5.940803e-01  3.836978e-01  7.069969e-01
   outer loop
     vertex -4.033079e+00  2.464563e+00  3.771150e+01
     vertex -4.110538e+00  2.802517e+00  3.746300e+01
     vertex -4.245122e+00  2.594140e+00  3.746300e+01
   endloop
 endfacet
 facet normal -6.124676e-01  3.536083e-01  7.069969e-01
   outer loop
     vertex -4.033079e+00  2.464563e+00  3.771150e+01
     vertex -4.245122e+00  2.594140e+00  3.746300e+01
     vertex -4.369152e+00  2.379314e+00  3.746300e+01
   endloop
 endfacet
 facet normal -5.940803e-01  3.836978e-01  7.069969e-01
   outer loop
     vertex -4.033079e+00  2.464563e+00  3.771150e+01
     vertex -3.821037e+00  2.334987e+00  3.796000e+01
     vertex -3.699897e+00  2.522547e+00  3.796000e+01
   endloop
 endfacet
 facet normal -6.124676e-01  3.536083e-01  7.069969e-01
   outer loop
     vertex -4.033079e+00  2.464563e+00  3.771150e+01
     vertex -3.932676e+00  2.141621e+00  3.796000e+01
     vertex -3.821037e+00  2.334987e+00  3.796000e+01
   endloop
 endfacet
 facet normal -6.293322e-01  3.226398e-01  7.069969e-01
   outer loop
     vertex -4.258429e+00  2.050751e+00  3.771150e+01
     vertex -4.369152e+00  2.379314e+00  3.746300e+01
     vertex -4.482320e+00  2.158572e+00  3.746300e+01
   endloop
 endfacet
 facet normal -6.446321e-01  2.908691e-01  7.069969e-01
   outer loop
     vertex -4.258429e+00  2.050751e+00  3.771150e+01
     vertex -4.482320e+00  2.158572e+00  3.746300e+01
     vertex -4.584344e+00  1.932463e+00  3.746300e+01
   endloop
 endfacet
 facet normal -6.136990e-01  3.342027e-01  7.153195e-01
   outer loop
     vertex -4.258429e+00  2.050751e+00  3.771150e+01
     vertex -4.033079e+00  2.464563e+00  3.771150e+01
     vertex -4.369152e+00  2.379314e+00  3.746300e+01
   endloop
 endfacet
 facet normal -6.293322e-01  3.226398e-01  7.069969e-01
   outer loop
     vertex -4.258429e+00  2.050751e+00  3.771150e+01
     vertex -4.034539e+00  1.942931e+00  3.796000e+01
     vertex -3.932676e+00  2.141621e+00  3.796000e+01
   endloop
 endfacet
 facet normal -6.446321e-01  2.908691e-01  7.069969e-01
   outer loop
     vertex -4.258429e+00  2.050751e+00  3.771150e+01
     vertex -4.126370e+00  1.739411e+00  3.796000e+01
     vertex -4.034539e+00  1.942931e+00  3.796000e+01
   endloop
 endfacet
 facet normal -6.283806e-01  3.421978e-01  6.985975e-01
   outer loop
     vertex -4.258429e+00  2.050751e+00  3.771150e+01
     vertex -3.932676e+00  2.141621e+00  3.796000e+01
     vertex -4.033079e+00  2.464563e+00  3.771150e+01
   endloop
 endfacet
 facet normal -6.593299e-01  2.779309e-01  6.985975e-01
   outer loop
     vertex -4.441457e+00  1.616558e+00  3.771150e+01
     vertex -4.126370e+00  1.739411e+00  3.796000e+01
     vertex -4.258429e+00  2.050751e+00  3.771150e+01
   endloop
 endfacet
 facet normal -6.583294e-01  2.583753e-01  7.069969e-01
   outer loop
     vertex -4.441457e+00  1.616558e+00  3.771150e+01
     vertex -4.584344e+00  1.932463e+00  3.746300e+01
     vertex -4.674971e+00  1.701550e+00  3.746300e+01
   endloop
 endfacet
 facet normal -6.703900e-01  2.252391e-01  7.069969e-01
   outer loop
     vertex -4.441457e+00  1.616558e+00  3.771150e+01
     vertex -4.674971e+00  1.701550e+00  3.746300e+01
     vertex -4.753975e+00  1.466407e+00  3.746300e+01
   endloop
 endfacet
 facet normal -6.583294e-01  2.583753e-01  7.069969e-01
   outer loop
     vertex -4.441457e+00  1.616558e+00  3.771150e+01
     vertex -4.207944e+00  1.531566e+00  3.796000e+01
     vertex -4.126370e+00  1.739411e+00  3.796000e+01
   endloop
 endfacet
 facet normal -6.703900e-01  2.252391e-01  7.069969e-01
   outer loop
     vertex -4.441457e+00  1.616558e+00  3.771150e+01
     vertex -4.279055e+00  1.319914e+00  3.796000e+01
     vertex -4.207944e+00  1.531566e+00  3.796000e+01
   endloop
 endfacet
 facet normal -6.439253e-01  2.714373e-01  7.153195e-01
   outer loop
     vertex -4.441457e+00  1.616558e+00  3.771150e+01
     vertex -4.258429e+00  2.050751e+00  3.771150e+01
     vertex -4.584344e+00  1.932463e+00  3.746300e+01
   endloop
 endfacet
 facet normal -6.677519e-01  2.059742e-01  7.153195e-01
   outer loop
     vertex -4.580344e+00  1.166299e+00  3.771150e+01
     vertex -4.441457e+00  1.616558e+00  3.771150e+01
     vertex -4.753975e+00  1.466407e+00  3.746300e+01
   endloop
 endfacet
 facet normal -6.837265e-01  2.109017e-01  6.985975e-01
   outer loop
     vertex -4.580344e+00  1.166299e+00  3.771150e+01
     vertex -4.279055e+00  1.319914e+00  3.796000e+01
     vertex -4.441457e+00  1.616558e+00  3.771150e+01
   endloop
 endfacet
 facet normal -6.807839e-01  1.915429e-01  7.069969e-01
   outer loop
     vertex -4.580344e+00  1.166299e+00  3.771150e+01
     vertex -4.753975e+00  1.466407e+00  3.746300e+01
     vertex -4.821159e+00  1.227618e+00  3.746300e+01
   endloop
 endfacet
 facet normal -6.894853e-01  1.573705e-01  7.069969e-01
   outer loop
     vertex -4.580344e+00  1.166299e+00  3.771150e+01
     vertex -4.821159e+00  1.227618e+00  3.746300e+01
     vertex -4.876358e+00  9.857771e-01  3.746300e+01
   endloop
 endfacet
 facet normal -6.807839e-01  1.915429e-01  7.069969e-01
   outer loop
     vertex -4.580344e+00  1.166299e+00  3.771150e+01
     vertex -4.339528e+00  1.104980e+00  3.796000e+01
     vertex -4.279055e+00  1.319914e+00  3.796000e+01
   endloop
 endfacet
 facet normal -6.894853e-01  1.573705e-01  7.069969e-01
   outer loop
     vertex -4.580344e+00  1.166299e+00  3.771150e+01
     vertex -4.389212e+00  8.872984e-01  3.796000e+01
     vertex -4.339528e+00  1.104980e+00  3.796000e+01
   endloop
 endfacet
 facet normal -6.849421e-01  1.384640e-01  7.153195e-01
   outer loop
     vertex -4.673709e+00  7.044483e-01  3.771150e+01
     vertex -4.580344e+00  1.166299e+00  3.771150e+01
     vertex -4.876358e+00  9.857771e-01  3.746300e+01
   endloop
 endfacet
 facet normal -6.964725e-01  1.228069e-01  7.069969e-01
   outer loop
     vertex -4.673709e+00  7.044483e-01  3.771150e+01
     vertex -4.876358e+00  9.857771e-01  3.746300e+01
     vertex -4.919433e+00  7.414853e-01  3.746300e+01
   endloop
 endfacet
 facet normal -7.017281e-01  8.793794e-02  7.069969e-01
   outer loop
     vertex -4.673709e+00  7.044483e-01  3.771150e+01
     vertex -4.919433e+00  7.414853e-01  3.746300e+01
     vertex -4.950278e+00  4.953500e-01  3.746300e+01
   endloop
 endfacet
 facet normal -7.013279e-01  1.417765e-01  6.985975e-01
   outer loop
     vertex -4.673709e+00  7.044483e-01  3.771150e+01
     vertex -4.389212e+00  8.872984e-01  3.796000e+01
     vertex -4.580344e+00  1.166299e+00  3.771150e+01
   endloop
 endfacet
 facet normal -6.964725e-01  1.228069e-01  7.069969e-01
   outer loop
     vertex -4.673709e+00  7.044483e-01  3.771150e+01
     vertex -4.427984e+00  6.674113e-01  3.796000e+01
     vertex -4.389212e+00  8.872984e-01  3.796000e+01
   endloop
 endfacet
 facet normal -7.017281e-01  8.793794e-02  7.069969e-01
   outer loop
     vertex -4.673709e+00  7.044483e-01  3.771150e+01
     vertex -4.455748e+00  4.458648e-01  3.796000e+01
     vertex -4.427984e+00  6.674113e-01  3.796000e+01
   endloop
 endfacet
 facet normal -7.119593e-01  7.124227e-02  6.985975e-01
   outer loop
     vertex -4.720625e+00  2.355966e-01  3.771150e+01
     vertex -4.455748e+00  4.458648e-01  3.796000e+01
     vertex -4.673709e+00  7.044483e-01  3.771150e+01
   endloop
 endfacet
 facet normal -7.052392e-01  5.285037e-02  7.069969e-01
   outer loop
     vertex -4.720625e+00  2.355966e-01  3.771150e+01
     vertex -4.950278e+00  4.953500e-01  3.746300e+01
     vertex -4.968816e+00  2.479833e-01  3.746300e+01
   endloop
 endfacet
 facet normal -7.069969e-01  1.763140e-02  7.069969e-01
   outer loop
     vertex -4.720625e+00  2.355966e-01  3.771150e+01
     vertex -4.968816e+00  2.479833e-01  3.746300e+01
     vertex -4.975000e+00 -1.706549e-14  3.746300e+01
   endloop
 endfacet
 facet normal -6.953250e-01  6.957776e-02  7.153195e-01
   outer loop
     vertex -4.720625e+00  2.355966e-01  3.771150e+01
     vertex -4.673709e+00  7.044483e-01  3.771150e+01
     vertex -4.950278e+00  4.953500e-01  3.746300e+01
   endloop
 endfacet
 facet normal -7.052392e-01  5.285037e-02  7.069969e-01
   outer loop
     vertex -4.720625e+00  2.355966e-01  3.771150e+01
     vertex -4.472433e+00  2.232099e-01  3.796000e+01
     vertex -4.455748e+00  4.458648e-01  3.796000e+01
   endloop
 endfacet
 facet normal -7.069969e-01  1.763140e-02  7.069969e-01
   outer loop
     vertex -4.720625e+00  2.355966e-01  3.771150e+01
     vertex -4.478000e+00 -1.536066e-14  3.796000e+01
     vertex -4.472433e+00  2.232099e-01  3.796000e+01
   endloop
 endfacet
 facet normal -7.069969e-01 -1.763140e-02  7.069969e-01
   outer loop
     vertex -4.720625e+00 -2.355966e-01  3.771150e+01
     vertex -4.975000e+00 -1.706549e-14  3.746300e+01
     vertex -4.968816e+00 -2.479833e-01  3.746300e+01
   endloop
 endfacet
 facet normal -7.052392e-01 -5.285037e-02  7.069969e-01
   outer loop
     vertex -4.720625e+00 -2.355966e-01  3.771150e+01
     vertex -4.968816e+00 -2.479833e-01  3.746300e+01
     vertex -4.950278e+00 -4.953500e-01  3.746300e+01
   endloop
 endfacet
 facet normal -6.987975e-01  1.317203e-15  7.153195e-01
   outer loop
     vertex -4.720625e+00 -2.355966e-01  3.771150e+01
     vertex -4.720625e+00  2.355966e-01  3.771150e+01
     vertex -4.975000e+00 -1.706549e-14  3.746300e+01
   endloop
 endfacet
 facet normal -7.155148e-01  1.348714e-15  6.985975e-01
   outer loop
     vertex -4.720625e+00 -2.355966e-01  3.771150e+01
     vertex -4.478000e+00 -1.536066e-14  3.796000e+01
     vertex -4.720625e+00  2.355966e-01  3.771150e+01
   endloop
 endfacet
 facet normal -7.069969e-01 -1.763140e-02  7.069969e-01
   outer loop
     vertex -4.720625e+00 -2.355966e-01  3.771150e+01
     vertex -4.472433e+00 -2.232099e-01  3.796000e+01
     vertex -4.478000e+00 -1.536066e-14  3.796000e+01
   endloop
 endfacet
 facet normal -7.052392e-01 -5.285037e-02  7.069969e-01
   outer loop
     vertex -4.720625e+00 -2.355966e-01  3.771150e+01
     vertex -4.455748e+00 -4.458648e-01  3.796000e+01
     vertex -4.472433e+00 -2.232099e-01  3.796000e+01
   endloop
 endfacet
 facet normal -7.119593e-01 -7.124227e-02  6.985975e-01
   outer loop
     vertex -4.673709e+00 -7.044483e-01  3.771150e+01
     vertex -4.455748e+00 -4.458648e-01  3.796000e+01
     vertex -4.720625e+00 -2.355966e-01  3.771150e+01
   endloop
 endfacet
 facet normal -7.017281e-01 -8.793794e-02  7.069969e-01
   outer loop
     vertex -4.673709e+00 -7.044483e-01  3.771150e+01
     vertex -4.950278e+00 -4.953500e-01  3.746300e+01
     vertex -4.919433e+00 -7.414853e-01  3.746300e+01
   endloop
 endfacet
 facet normal -6.964725e-01 -1.228069e-01  7.069969e-01
   outer loop
     vertex -4.673709e+00 -7.044483e-01  3.771150e+01
     vertex -4.919433e+00 -7.414853e-01  3.746300e+01
     vertex -4.876358e+00 -9.857771e-01  3.746300e+01
   endloop
 endfacet
 facet normal -6.953250e-01 -6.957776e-02  7.153195e-01
   outer loop
     vertex -4.673709e+00 -7.044483e-01  3.771150e+01
     vertex -4.720625e+00 -2.355966e-01  3.771150e+01
     vertex -4.950278e+00 -4.953500e-01  3.746300e+01
   endloop
 endfacet
 facet normal -7.017281e-01 -8.793794e-02  7.069969e-01
   outer loop
     vertex -4.673709e+00 -7.044483e-01  3.771150e+01
     vertex -4.427984e+00 -6.674113e-01  3.796000e+01
     vertex -4.455748e+00 -4.458648e-01  3.796000e+01
   endloop
 endfacet
 facet normal -6.964725e-01 -1.228069e-01  7.069969e-01
   outer loop
     vertex -4.673709e+00 -7.044483e-01  3.771150e+01
     vertex -4.389212e+00 -8.872984e-01  3.796000e+01
     vertex -4.427984e+00 -6.674113e-01  3.796000e+01
   endloop
 endfacet
 facet normal -6.849421e-01 -1.384640e-01  7.153195e-01
   outer loop
     vertex -4.580344e+00 -1.166299e+00  3.771150e+01
     vertex -4.673709e+00 -7.044483e-01  3.771150e+01
     vertex -4.876358e+00 -9.857771e-01  3.746300e+01
   endloop
 endfacet
 facet normal -7.013279e-01 -1.417765e-01  6.985975e-01
   outer loop
     vertex -4.580344e+00 -1.166299e+00  3.771150e+01
     vertex -4.389212e+00 -8.872984e-01  3.796000e+01
     vertex -4.673709e+00 -7.044483e-01  3.771150e+01
   endloop
 endfacet
 facet normal -6.894853e-01 -1.573705e-01  7.069969e-01
   outer loop
     vertex -4.580344e+00 -1.166299e+00  3.771150e+01
     vertex -4.876358e+00 -9.857771e-01  3.746300e+01
     vertex -4.821159e+00 -1.227618e+00  3.746300e+01
   endloop
 endfacet
 facet normal -6.807839e-01 -1.915429e-01  7.069969e-01
   outer loop
     vertex -4.580344e+00 -1.166299e+00  3.771150e+01
     vertex -4.821159e+00 -1.227618e+00  3.746300e+01
     vertex -4.753975e+00 -1.466407e+00  3.746300e+01
   endloop
 endfacet
 facet normal -6.894853e-01 -1.573705e-01  7.069969e-01
   outer loop
     vertex -4.580344e+00 -1.166299e+00  3.771150e+01
     vertex -4.339528e+00 -1.104980e+00  3.796000e+01
     vertex -4.389212e+00 -8.872984e-01  3.796000e+01
   endloop
 endfacet
 facet normal -6.807839e-01 -1.915429e-01  7.069969e-01
   outer loop
     vertex -4.580344e+00 -1.166299e+00  3.771150e+01
     vertex -4.279055e+00 -1.319914e+00  3.796000e+01
     vertex -4.339528e+00 -1.104980e+00  3.796000e+01
   endloop
 endfacet
 facet normal -6.677519e-01 -2.059742e-01  7.153195e-01
   outer loop
     vertex -4.441457e+00 -1.616558e+00  3.771150e+01
     vertex -4.580344e+00 -1.166299e+00  3.771150e+01
     vertex -4.753975e+00 -1.466407e+00  3.746300e+01
   endloop
 endfacet
 facet normal -6.703900e-01 -2.252391e-01  7.069969e-01
   outer loop
     vertex -4.441457e+00 -1.616558e+00  3.771150e+01
     vertex -4.753975e+00 -1.466407e+00  3.746300e+01
     vertex -4.674971e+00 -1.701550e+00  3.746300e+01
   endloop
 endfacet
 facet normal -6.583294e-01 -2.583753e-01  7.069969e-01
   outer loop
     vertex -4.441457e+00 -1.616558e+00  3.771150e+01
     vertex -4.674971e+00 -1.701550e+00  3.746300e+01
     vertex -4.584344e+00 -1.932463e+00  3.746300e+01
   endloop
 endfacet
 facet normal -6.837265e-01 -2.109017e-01  6.985975e-01
   outer loop
     vertex -4.441457e+00 -1.616558e+00  3.771150e+01
     vertex -4.279055e+00 -1.319914e+00  3.796000e+01
     vertex -4.580344e+00 -1.166299e+00  3.771150e+01
   endloop
 endfacet
 facet normal -6.703900e-01 -2.252391e-01  7.069969e-01
   outer loop
     vertex -4.441457e+00 -1.616558e+00  3.771150e+01
     vertex -4.207944e+00 -1.531566e+00  3.796000e+01
     vertex -4.279055e+00 -1.319914e+00  3.796000e+01
   endloop
 endfacet
 facet normal -6.583294e-01 -2.583753e-01  7.069969e-01
   outer loop
     vertex -4.441457e+00 -1.616558e+00  3.771150e+01
     vertex -4.126370e+00 -1.739411e+00  3.796000e+01
     vertex -4.207944e+00 -1.531566e+00  3.796000e+01
   endloop
 endfacet
 facet normal -6.446321e-01 -2.908691e-01  7.069969e-01
   outer loop
     vertex -4.258429e+00 -2.050751e+00  3.771150e+01
     vertex -4.034539e+00 -1.942931e+00  3.796000e+01
     vertex -4.126370e+00 -1.739411e+00  3.796000e+01
   endloop
 endfacet
 facet normal -6.293322e-01 -3.226398e-01  7.069969e-01
   outer loop
     vertex -4.258429e+00 -2.050751e+00  3.771150e+01
     vertex -3.932676e+00 -2.141621e+00  3.796000e+01
     vertex -4.034539e+00 -1.942931e+00  3.796000e+01
   endloop
 endfacet
 facet normal -6.593299e-01 -2.779309e-01  6.985975e-01
   outer loop
     vertex -4.258429e+00 -2.050751e+00  3.771150e+01
     vertex -4.126370e+00 -1.739411e+00  3.796000e+01
     vertex -4.441457e+00 -1.616558e+00  3.771150e+01
   endloop
 endfacet
 facet normal -6.439253e-01 -2.714373e-01  7.153195e-01
   outer loop
     vertex -4.258429e+00 -2.050751e+00  3.771150e+01
     vertex -4.441457e+00 -1.616558e+00  3.771150e+01
     vertex -4.584344e+00 -1.932463e+00  3.746300e+01
   endloop
 endfacet
 facet normal -6.446321e-01 -2.908691e-01  7.069969e-01
   outer loop
     vertex -4.258429e+00 -2.050751e+00  3.771150e+01
     vertex -4.584344e+00 -1.932463e+00  3.746300e+01
     vertex -4.482320e+00 -2.158572e+00  3.746300e+01
   endloop
 endfacet
 facet normal -6.293322e-01 -3.226398e-01  7.069969e-01
   outer loop
     vertex -4.258429e+00 -2.050751e+00  3.771150e+01
     vertex -4.482320e+00 -2.158572e+00  3.746300e+01
     vertex -4.369152e+00 -2.379314e+00  3.746300e+01
   endloop
 endfacet
 facet normal -6.136990e-01 -3.342027e-01  7.153195e-01
   outer loop
     vertex -4.033079e+00 -2.464563e+00  3.771150e+01
     vertex -4.258429e+00 -2.050751e+00  3.771150e+01
     vertex -4.369152e+00 -2.379314e+00  3.746300e+01
   endloop
 endfacet
 facet normal -6.124676e-01 -3.536083e-01  7.069969e-01
   outer loop
     vertex -4.033079e+00 -2.464563e+00  3.771150e+01
     vertex -3.821037e+00 -2.334987e+00  3.796000e+01
     vertex -3.932676e+00 -2.141621e+00  3.796000e+01
   endloop
 endfacet
 facet normal -5.940803e-01 -3.836978e-01  7.069969e-01
   outer loop
     vertex -4.033079e+00 -2.464563e+00  3.771150e+01
     vertex -3.699897e+00 -2.522547e+00  3.796000e+01
     vertex -3.821037e+00 -2.334987e+00  3.796000e+01
   endloop
 endfacet
 facet normal -6.283806e-01 -3.421978e-01  6.985975e-01
   outer loop
     vertex -4.033079e+00 -2.464563e+00  3.771150e+01
     vertex -3.932676e+00 -2.141621e+00  3.796000e+01
     vertex -4.258429e+00 -2.050751e+00  3.771150e+01
   endloop
 endfacet
 facet normal -6.124676e-01 -3.536083e-01  7.069969e-01
   outer loop
     vertex -4.033079e+00 -2.464563e+00  3.771150e+01
     vertex -4.369152e+00 -2.379314e+00  3.746300e+01
     vertex -4.245122e+00 -2.594140e+00  3.746300e+01
   endloop
 endfacet
 facet normal -5.940803e-01 -3.836978e-01  7.069969e-01
   outer loop
     vertex -4.033079e+00 -2.464563e+00  3.771150e+01
     vertex -4.245122e+00 -2.594140e+00  3.746300e+01
     vertex -4.110538e+00 -2.802517e+00  3.746300e+01
   endloop
 endfacet
 facet normal -5.742161e-01 -4.128333e-01  7.069969e-01
   outer loop
     vertex -3.767647e+00 -2.853882e+00  3.771150e+01
     vertex -3.569559e+00 -2.703836e+00  3.796000e+01
     vertex -3.699897e+00 -2.522547e+00  3.796000e+01
   endloop
 endfacet
 facet normal -5.529243e-01 -4.409424e-01  7.069969e-01
   outer loop
     vertex -3.767647e+00 -2.853882e+00  3.771150e+01
     vertex -3.430347e+00 -2.878403e+00  3.796000e+01
     vertex -3.569559e+00 -2.703836e+00  3.796000e+01
   endloop
 endfacet
 facet normal -5.911861e-01 -4.030639e-01  6.985975e-01
   outer loop
     vertex -3.767647e+00 -2.853882e+00  3.771150e+01
     vertex -3.699897e+00 -2.522547e+00  3.796000e+01
     vertex -4.033079e+00 -2.464563e+00  3.771150e+01
   endloop
 endfacet
 facet normal -5.773736e-01 -3.936467e-01  7.153195e-01
   outer loop
     vertex -3.767647e+00 -2.853882e+00  3.771150e+01
     vertex -4.033079e+00 -2.464563e+00  3.771150e+01
     vertex -4.110538e+00 -2.802517e+00  3.746300e+01
   endloop
 endfacet
 facet normal -5.742161e-01 -4.128333e-01  7.069969e-01
   outer loop
     vertex -3.767647e+00 -2.853882e+00  3.771150e+01
     vertex -4.110538e+00 -2.802517e+00  3.746300e+01
     vertex -3.965734e+00 -3.003927e+00  3.746300e+01
   endloop
 endfacet
 facet normal -5.529243e-01 -4.409424e-01  7.069969e-01
   outer loop
     vertex -3.767647e+00 -2.853882e+00  3.771150e+01
     vertex -3.965734e+00 -3.003927e+00  3.746300e+01
     vertex -3.811071e+00 -3.197868e+00  3.746300e+01
   endloop
 endfacet
 facet normal -5.302578e-01 -4.679553e-01  7.069969e-01
   outer loop
     vertex -3.464770e+00 -3.214836e+00  3.771150e+01
     vertex -3.282606e+00 -3.045814e+00  3.796000e+01
     vertex -3.430347e+00 -2.878403e+00  3.796000e+01
   endloop
 endfacet
 facet normal -5.062730e-01 -4.938047e-01  7.069969e-01
   outer loop
     vertex -3.464770e+00 -3.214836e+00  3.771150e+01
     vertex -3.126704e+00 -3.205652e+00  3.796000e+01
     vertex -3.282606e+00 -3.045814e+00  3.796000e+01
   endloop
 endfacet
 facet normal -5.353100e-01 -4.491784e-01  7.153195e-01
   outer loop
     vertex -3.464770e+00 -3.214836e+00  3.771150e+01
     vertex -3.767647e+00 -2.853882e+00  3.771150e+01
     vertex -3.811071e+00 -3.197868e+00  3.746300e+01
   endloop
 endfacet
 facet normal -5.302578e-01 -4.679553e-01  7.069969e-01
   outer loop
     vertex -3.464770e+00 -3.214836e+00  3.771150e+01
     vertex -3.811071e+00 -3.197868e+00  3.746300e+01
     vertex -3.646933e+00 -3.383859e+00  3.746300e+01
   endloop
 endfacet
 facet normal -5.062730e-01 -4.938047e-01  7.069969e-01
   outer loop
     vertex -3.464770e+00 -3.214836e+00  3.771150e+01
     vertex -3.646933e+00 -3.383859e+00  3.746300e+01
     vertex -3.473728e+00 -3.561438e+00  3.746300e+01
   endloop
 endfacet
 facet normal -5.481162e-01 -4.599241e-01  6.985975e-01
   outer loop
     vertex -3.464770e+00 -3.214836e+00  3.771150e+01
     vertex -3.430347e+00 -2.878403e+00  3.796000e+01
     vertex -3.767647e+00 -2.853882e+00  3.771150e+01
   endloop
 endfacet
 facet normal -4.810295e-01 -5.184265e-01  7.069969e-01
   outer loop
     vertex -3.127458e+00 -3.543841e+00  3.771150e+01
     vertex -2.963029e+00 -3.357520e+00  3.796000e+01
     vertex -3.126704e+00 -3.205652e+00  3.796000e+01
   endloop
 endfacet
 facet normal -4.545901e-01 -5.417594e-01  7.069969e-01
   outer loop
     vertex -3.127458e+00 -3.543841e+00  3.771150e+01
     vertex -2.791987e+00 -3.501041e+00  3.796000e+01
     vertex -2.963029e+00 -3.357520e+00  3.796000e+01
   endloop
 endfacet
 facet normal -4.995988e-01 -5.122133e-01  6.985975e-01
   outer loop
     vertex -3.127458e+00 -3.543841e+00  3.771150e+01
     vertex -3.126704e+00 -3.205652e+00  3.796000e+01
     vertex -3.464770e+00 -3.214836e+00  3.771150e+01
   endloop
 endfacet
 facet normal -4.810295e-01 -5.184265e-01  7.069969e-01
   outer loop
     vertex -3.127458e+00 -3.543841e+00  3.771150e+01
     vertex -3.473728e+00 -3.561438e+00  3.746300e+01
     vertex -3.291887e+00 -3.730161e+00  3.746300e+01
   endloop
 endfacet
 facet normal -4.545901e-01 -5.417594e-01  7.069969e-01
   outer loop
     vertex -3.127458e+00 -3.543841e+00  3.771150e+01
     vertex -3.291887e+00 -3.730161e+00  3.746300e+01
     vertex -3.101862e+00 -3.889612e+00  3.746300e+01
   endloop
 endfacet
 facet normal -4.879262e-01 -5.002460e-01  7.153195e-01
   outer loop
     vertex -3.127458e+00 -3.543841e+00  3.771150e+01
     vertex -3.464770e+00 -3.214836e+00  3.771150e+01
     vertex -3.473728e+00 -3.561438e+00  3.746300e+01
   endloop
 endfacet
 facet normal -4.356931e-01 -5.463419e-01  7.153195e-01
   outer loop
     vertex -2.759064e+00 -3.837625e+00  3.771150e+01
     vertex -3.127458e+00 -3.543841e+00  3.771150e+01
     vertex -3.101862e+00 -3.889612e+00  3.746300e+01
   endloop
 endfacet
 facet normal -4.270206e-01 -5.637454e-01  7.069969e-01
   outer loop
     vertex -2.759064e+00 -3.837625e+00  3.771150e+01
     vertex -2.614004e+00 -3.635858e+00  3.796000e+01
     vertex -2.791987e+00 -3.501041e+00  3.796000e+01
   endloop
 endfacet
 facet normal -3.983893e-01 -5.843298e-01  7.069969e-01
   outer loop
     vertex -2.759064e+00 -3.837625e+00  3.771150e+01
     vertex -2.429522e+00 -3.761636e+00  3.796000e+01
     vertex -2.614004e+00 -3.635858e+00  3.796000e+01
   endloop
 endfacet
 facet normal -4.270206e-01 -5.637454e-01  7.069969e-01
   outer loop
     vertex -2.759064e+00 -3.837625e+00  3.771150e+01
     vertex -3.101862e+00 -3.889612e+00  3.746300e+01
     vertex -2.904125e+00 -4.039392e+00  3.746300e+01
   endloop
 endfacet
 facet normal -3.983893e-01 -5.843298e-01  7.069969e-01
   outer loop
     vertex -2.759064e+00 -3.837625e+00  3.771150e+01
     vertex -2.904125e+00 -4.039392e+00  3.746300e+01
     vertex -2.699168e+00 -4.179129e+00  3.746300e+01
   endloop
 endfacet
 facet normal -4.461162e-01 -5.594120e-01  6.985975e-01
   outer loop
     vertex -2.759064e+00 -3.837625e+00  3.771150e+01
     vertex -2.791987e+00 -3.501041e+00  3.796000e+01
     vertex -3.127458e+00 -3.543841e+00  3.771150e+01
   endloop
 endfacet
 facet normal -3.881999e-01 -6.010510e-01  6.985975e-01
   outer loop
     vertex -2.363250e+00 -4.093269e+00  3.771150e+01
     vertex -2.429522e+00 -3.761636e+00  3.796000e+01
     vertex -2.759064e+00 -3.837625e+00  3.771150e+01
   endloop
 endfacet
 facet normal -3.791300e-01 -5.870080e-01  7.153195e-01
   outer loop
     vertex -2.363250e+00 -4.093269e+00  3.771150e+01
     vertex -2.759064e+00 -3.837625e+00  3.771150e+01
     vertex -2.699168e+00 -4.179129e+00  3.746300e+01
   endloop
 endfacet
 facet normal -3.687677e-01 -6.034615e-01  7.069969e-01
   outer loop
     vertex -2.363250e+00 -4.093269e+00  3.771150e+01
     vertex -2.239000e+00 -3.878062e+00  3.796000e+01
     vertex -2.429522e+00 -3.761636e+00  3.796000e+01
   endloop
 endfacet
 facet normal -3.382292e-01 -6.210929e-01  7.069969e-01
   outer loop
     vertex -2.363250e+00 -4.093269e+00  3.771150e+01
     vertex -2.042911e+00 -3.984846e+00  3.796000e+01
     vertex -2.239000e+00 -3.878062e+00  3.796000e+01
   endloop
 endfacet
 facet normal -3.687677e-01 -6.034615e-01  7.069969e-01
   outer loop
     vertex -2.363250e+00 -4.093269e+00  3.771150e+01
     vertex -2.699168e+00 -4.179129e+00  3.746300e+01
     vertex -2.487500e+00 -4.308476e+00  3.746300e+01
   endloop
 endfacet
 facet normal -3.382292e-01 -6.210929e-01  7.069969e-01
   outer loop
     vertex -2.363250e+00 -4.093269e+00  3.771150e+01
     vertex -2.487500e+00 -4.308476e+00  3.746300e+01
     vertex -2.269648e+00 -4.427112e+00  3.746300e+01
   endloop
 endfacet
 facet normal -3.187989e-01 -6.218402e-01  7.153195e-01
   outer loop
     vertex -1.943948e+00 -4.308232e+00  3.771150e+01
     vertex -2.363250e+00 -4.093269e+00  3.771150e+01
     vertex -2.269648e+00 -4.427112e+00  3.746300e+01
   endloop
 endfacet
 facet normal -3.068498e-01 -6.371802e-01  7.069969e-01
   outer loop
     vertex -1.943948e+00 -4.308232e+00  3.771150e+01
     vertex -1.841744e+00 -4.081723e+00  3.796000e+01
     vertex -2.042911e+00 -3.984846e+00  3.796000e+01
   endloop
 endfacet
 facet normal -2.747076e-01 -6.516833e-01  7.069969e-01
   outer loop
     vertex -1.943948e+00 -4.308232e+00  3.771150e+01
     vertex -1.635997e+00 -4.168453e+00  3.796000e+01
     vertex -1.841744e+00 -4.081723e+00  3.796000e+01
   endloop
 endfacet
 facet normal -3.264255e-01 -6.367165e-01  6.985975e-01
   outer loop
     vertex -1.943948e+00 -4.308232e+00  3.771150e+01
     vertex -2.042911e+00 -3.984846e+00  3.796000e+01
     vertex -2.363250e+00 -4.093269e+00  3.771150e+01
   endloop
 endfacet
 facet normal -3.068498e-01 -6.371802e-01  7.069969e-01
   outer loop
     vertex -1.943948e+00 -4.308232e+00  3.771150e+01
     vertex -2.269648e+00 -4.427112e+00  3.746300e+01
     vertex -2.046153e+00 -4.534742e+00  3.746300e+01
   endloop
 endfacet
 facet normal -2.747076e-01 -6.516833e-01  7.069969e-01
   outer loop
     vertex -1.943948e+00 -4.308232e+00  3.771150e+01
     vertex -2.046153e+00 -4.534742e+00  3.746300e+01
     vertex -1.817572e+00 -4.631097e+00  3.746300e+01
   endloop
 endfacet
 facet normal -2.418824e-01 -6.645663e-01  7.069969e-01
   outer loop
     vertex -1.505327e+00 -4.480379e+00  3.771150e+01
     vertex -1.426183e+00 -4.244819e+00  3.796000e+01
     vertex -1.635997e+00 -4.168453e+00  3.796000e+01
   endloop
 endfacet
 facet normal -2.084558e-01 -6.757970e-01  7.069969e-01
   outer loop
     vertex -1.505327e+00 -4.480379e+00  3.771150e+01
     vertex -1.212824e+00 -4.310631e+00  3.796000e+01
     vertex -1.426183e+00 -4.244819e+00  3.796000e+01
   endloop
 endfacet
 facet normal -2.614069e-01 -6.660540e-01  6.985975e-01
   outer loop
     vertex -1.505327e+00 -4.480379e+00  3.771150e+01
     vertex -1.635997e+00 -4.168453e+00  3.796000e+01
     vertex -1.943948e+00 -4.308232e+00  3.771150e+01
   endloop
 endfacet
 facet normal -2.552994e-01 -6.504923e-01  7.153195e-01
   outer loop
     vertex -1.505327e+00 -4.480379e+00  3.771150e+01
     vertex -1.943948e+00 -4.308232e+00  3.771150e+01
     vertex -1.817572e+00 -4.631097e+00  3.746300e+01
   endloop
 endfacet
 facet normal -2.418824e-01 -6.645663e-01  7.069969e-01
   outer loop
     vertex -1.505327e+00 -4.480379e+00  3.771150e+01
     vertex -1.817572e+00 -4.631097e+00  3.746300e+01
     vertex -1.584471e+00 -4.715939e+00  3.746300e+01
   endloop
 endfacet
 facet normal -2.084558e-01 -6.757970e-01  7.069969e-01
   outer loop
     vertex -1.505327e+00 -4.480379e+00  3.771150e+01
     vertex -1.584471e+00 -4.715939e+00  3.746300e+01
     vertex -1.347431e+00 -4.789056e+00  3.746300e+01
   endloop
 endfacet
 facet normal -1.745109e-01 -6.853476e-01  7.069969e-01
   outer loop
     vertex -1.051745e+00 -4.607997e+00  3.771150e+01
     vertex -9.964487e-01 -4.365727e+00  3.796000e+01
     vertex -1.212824e+00 -4.310631e+00  3.796000e+01
   endloop
 endfacet
 facet normal -1.892626e-01 -6.726794e-01  7.153195e-01
   outer loop
     vertex -1.051745e+00 -4.607997e+00  3.771150e+01
     vertex -1.505327e+00 -4.480379e+00  3.771150e+01
     vertex -1.347431e+00 -4.789056e+00  3.746300e+01
   endloop
 endfacet
 facet normal -1.401323e-01 -6.931943e-01  7.069969e-01
   outer loop
     vertex -1.051745e+00 -4.607997e+00  3.771150e+01
     vertex -7.775965e-01 -4.409969e+00  3.796000e+01
     vertex -9.964487e-01 -4.365727e+00  3.796000e+01
   endloop
 endfacet
 facet normal -1.937904e-01 -6.887719e-01  6.985975e-01
   outer loop
     vertex -1.051745e+00 -4.607997e+00  3.771150e+01
     vertex -1.212824e+00 -4.310631e+00  3.796000e+01
     vertex -1.505327e+00 -4.480379e+00  3.771150e+01
   endloop
 endfacet
 facet normal -1.745109e-01 -6.853476e-01  7.069969e-01
   outer loop
     vertex -1.051745e+00 -4.607997e+00  3.771150e+01
     vertex -1.347431e+00 -4.789056e+00  3.746300e+01
     vertex -1.107042e+00 -4.850266e+00  3.746300e+01
   endloop
 endfacet
 facet normal -1.401323e-01 -6.931943e-01  7.069969e-01
   outer loop
     vertex -1.051745e+00 -4.607997e+00  3.771150e+01
     vertex -1.107042e+00 -4.850266e+00  3.746300e+01
     vertex -8.638997e-01 -4.899419e+00  3.746300e+01
   endloop
 endfacet
 facet normal -1.054052e-01 -6.993177e-01  7.069969e-01
   outer loop
     vertex -5.877105e-01 -4.689819e+00  3.771150e+01
     vertex -5.568111e-01 -4.443247e+00  3.796000e+01
     vertex -7.775965e-01 -4.409969e+00  3.796000e+01
   endloop
 endfacet
 facet normal -7.041604e-02 -7.037024e-01  7.069969e-01
   outer loop
     vertex -5.877105e-01 -4.689819e+00  3.771150e+01
     vertex -3.346414e-01 -4.465479e+00  3.796000e+01
     vertex -5.568111e-01 -4.443247e+00  3.796000e+01
   endloop
 endfacet
 facet normal -1.213449e-01 -6.881812e-01  7.153195e-01
   outer loop
     vertex -5.877105e-01 -4.689819e+00  3.771150e+01
     vertex -1.051745e+00 -4.607997e+00  3.771150e+01
     vertex -8.638997e-01 -4.899419e+00  3.746300e+01
   endloop
 endfacet
 facet normal -1.242478e-01 -7.046445e-01  6.985975e-01
   outer loop
     vertex -5.877105e-01 -4.689819e+00  3.771150e+01
     vertex -7.775965e-01 -4.409969e+00  3.796000e+01
     vertex -1.051745e+00 -4.607997e+00  3.771150e+01
   endloop
 endfacet
 facet normal -1.054052e-01 -6.993177e-01  7.069969e-01
   outer loop
     vertex -5.877105e-01 -4.689819e+00  3.771150e+01
     vertex -8.638997e-01 -4.899419e+00  3.746300e+01
     vertex -6.186099e-01 -4.936390e+00  3.746300e+01
   endloop
 endfacet
 facet normal -7.041604e-02 -7.037024e-01  7.069969e-01
   outer loop
     vertex -5.877105e-01 -4.689819e+00  3.771150e+01
     vertex -6.186099e-01 -4.936390e+00  3.746300e+01
     vertex -3.717822e-01 -4.961089e+00  3.746300e+01
   endloop
 endfacet
 facet normal -3.525184e-02 -7.063376e-01  7.069969e-01
   outer loop
     vertex -1.178349e-01 -4.725031e+00  3.771150e+01
     vertex -1.116396e-01 -4.476608e+00  3.796000e+01
     vertex -3.346414e-01 -4.465479e+00  3.796000e+01
   endloop
 endfacet
 facet normal  5.660410e-15 -7.072167e-01  7.069969e-01
   outer loop
     vertex -1.178349e-01 -4.725031e+00  3.771150e+01
     vertex  1.116396e-01 -4.476608e+00  3.796000e+01
     vertex -1.116396e-01 -4.476608e+00  3.796000e+01
   endloop
 endfacet
 facet normal -5.222120e-02 -6.968435e-01  7.153195e-01
   outer loop
     vertex -1.178349e-01 -4.725031e+00  3.771150e+01
     vertex -5.877105e-01 -4.689819e+00  3.771150e+01
     vertex -3.717822e-01 -4.961089e+00  3.746300e+01
   endloop
 endfacet
 facet normal -5.347049e-02 -7.135141e-01  6.985975e-01
   outer loop
     vertex -1.178349e-01 -4.725031e+00  3.771150e+01
     vertex -3.346414e-01 -4.465479e+00  3.796000e+01
     vertex -5.877105e-01 -4.689819e+00  3.771150e+01
   endloop
 endfacet
 facet normal -3.525184e-02 -7.063376e-01  7.069969e-01
   outer loop
     vertex -1.178349e-01 -4.725031e+00  3.771150e+01
     vertex -3.717822e-01 -4.961089e+00  3.746300e+01
     vertex -1.240302e-01 -4.973454e+00  3.746300e+01
   endloop
 endfacet
 facet normal  5.094938e-15 -7.072167e-01  7.069969e-01
   outer loop
     vertex -1.178349e-01 -4.725031e+00  3.771150e+01
     vertex -1.240302e-01 -4.973454e+00  3.746300e+01
     vertex  1.240302e-01 -4.973454e+00  3.746300e+01
   endloop
 endfacet
 facet normal  3.525184e-02 -7.063376e-01  7.069969e-01
   outer loop
     vertex  3.532118e-01 -4.713284e+00  3.771150e+01
     vertex  3.346414e-01 -4.465479e+00  3.796000e+01
     vertex  1.116396e-01 -4.476608e+00  3.796000e+01
   endloop
 endfacet
 facet normal  7.041604e-02 -7.037024e-01  7.069969e-01
   outer loop
     vertex  3.532118e-01 -4.713284e+00  3.771150e+01
     vertex  5.568111e-01 -4.443247e+00  3.796000e+01
     vertex  3.346414e-01 -4.465479e+00  3.796000e+01
   endloop
 endfacet
 facet normal  1.783828e-02 -7.152924e-01  6.985975e-01
   outer loop
     vertex  3.532118e-01 -4.713284e+00  3.771150e+01
     vertex  1.116396e-01 -4.476608e+00  3.796000e+01
     vertex -1.178349e-01 -4.725031e+00  3.771150e+01
   endloop
 endfacet
 facet normal  1.742151e-02 -6.985803e-01  7.153195e-01
   outer loop
     vertex  3.532118e-01 -4.713284e+00  3.771150e+01
     vertex -1.178349e-01 -4.725031e+00  3.771150e+01
     vertex  1.240302e-01 -4.973454e+00  3.746300e+01
   endloop
 endfacet
 facet normal  3.525184e-02 -7.063376e-01  7.069969e-01
   outer loop
     vertex  3.532118e-01 -4.713284e+00  3.771150e+01
     vertex  1.240302e-01 -4.973454e+00  3.746300e+01
     vertex  3.717822e-01 -4.961089e+00  3.746300e+01
   endloop
 endfacet
 facet normal  7.041604e-02 -7.037024e-01  7.069969e-01
   outer loop
     vertex  3.532118e-01 -4.713284e+00  3.771150e+01
     vertex  3.717822e-01 -4.961089e+00  3.746300e+01
     vertex  6.186099e-01 -4.936390e+00  3.746300e+01
   endloop
 endfacet
 facet normal  1.401323e-01 -6.931943e-01  7.069969e-01
   outer loop
     vertex  8.207481e-01 -4.654694e+00  3.771150e+01
     vertex  8.638997e-01 -4.899419e+00  3.746300e+01
     vertex  1.107042e+00 -4.850266e+00  3.746300e+01
   endloop
 endfacet
 facet normal  8.896976e-02 -7.099619e-01  6.985975e-01
   outer loop
     vertex  8.207481e-01 -4.654694e+00  3.771150e+01
     vertex  5.568111e-01 -4.443247e+00  3.796000e+01
     vertex  3.532118e-01 -4.713284e+00  3.771150e+01
   endloop
 endfacet
 facet normal  1.054052e-01 -6.993177e-01  7.069969e-01
   outer loop
     vertex  8.207481e-01 -4.654694e+00  3.771150e+01
     vertex  7.775965e-01 -4.409969e+00  3.796000e+01
     vertex  5.568111e-01 -4.443247e+00  3.796000e+01
   endloop
 endfacet
 facet normal  1.401323e-01 -6.931943e-01  7.069969e-01
   outer loop
     vertex  8.207481e-01 -4.654694e+00  3.771150e+01
     vertex  9.964487e-01 -4.365727e+00  3.796000e+01
     vertex  7.775965e-01 -4.409969e+00  3.796000e+01
   endloop
 endfacet
 facet normal  8.689107e-02 -6.933743e-01  7.153195e-01
   outer loop
     vertex  8.207481e-01 -4.654694e+00  3.771150e+01
     vertex  3.532118e-01 -4.713284e+00  3.771150e+01
     vertex  6.186099e-01 -4.936390e+00  3.746300e+01
   endloop
 endfacet
 facet normal  1.054052e-01 -6.993177e-01  7.069969e-01
   outer loop
     vertex  8.207481e-01 -4.654694e+00  3.771150e+01
     vertex  6.186099e-01 -4.936390e+00  3.746300e+01
     vertex  8.638997e-01 -4.899419e+00  3.746300e+01
   endloop
 endfacet
 facet normal  1.745109e-01 -6.853476e-01  7.069969e-01
   outer loop
     vertex  1.280127e+00 -4.549844e+00  3.771150e+01
     vertex  1.107042e+00 -4.850266e+00  3.746300e+01
     vertex  1.347431e+00 -4.789056e+00  3.746300e+01
   endloop
 endfacet
 facet normal  2.084558e-01 -6.757970e-01  7.069969e-01
   outer loop
     vertex  1.280127e+00 -4.549844e+00  3.771150e+01
     vertex  1.347431e+00 -4.789056e+00  3.746300e+01
     vertex  1.584471e+00 -4.715939e+00  3.746300e+01
   endloop
 endfacet
 facet normal  1.592170e-01 -6.975754e-01  6.985975e-01
   outer loop
     vertex  1.280127e+00 -4.549844e+00  3.771150e+01
     vertex  9.964487e-01 -4.365727e+00  3.796000e+01
     vertex  8.207481e-01 -4.654694e+00  3.771150e+01
   endloop
 endfacet
 facet normal  1.745109e-01 -6.853476e-01  7.069969e-01
   outer loop
     vertex  1.280127e+00 -4.549844e+00  3.771150e+01
     vertex  1.212824e+00 -4.310631e+00  3.796000e+01
     vertex  9.964487e-01 -4.365727e+00  3.796000e+01
   endloop
 endfacet
 facet normal  2.084558e-01 -6.757970e-01  7.069969e-01
   outer loop
     vertex  1.280127e+00 -4.549844e+00  3.771150e+01
     vertex  1.426183e+00 -4.244819e+00  3.796000e+01
     vertex  1.212824e+00 -4.310631e+00  3.796000e+01
   endloop
 endfacet
 facet normal  1.554971e-01 -6.812772e-01  7.153195e-01
   outer loop
     vertex  1.280127e+00 -4.549844e+00  3.771150e+01
     vertex  8.207481e-01 -4.654694e+00  3.771150e+01
     vertex  1.107042e+00 -4.850266e+00  3.746300e+01
   endloop
 endfacet
 facet normal  2.418824e-01 -6.645663e-01  7.069969e-01
   outer loop
     vertex  1.726784e+00 -4.399775e+00  3.771150e+01
     vertex  1.584471e+00 -4.715939e+00  3.746300e+01
     vertex  1.817572e+00 -4.631097e+00  3.746300e+01
   endloop
 endfacet
 facet normal  2.747076e-01 -6.516833e-01  7.069969e-01
   outer loop
     vertex  1.726784e+00 -4.399775e+00  3.771150e+01
     vertex  1.817572e+00 -4.631097e+00  3.746300e+01
     vertex  2.046153e+00 -4.534742e+00  3.746300e+01
   endloop
 endfacet
 facet normal  2.418824e-01 -6.645663e-01  7.069969e-01
   outer loop
     vertex  1.726784e+00 -4.399775e+00  3.771150e+01
     vertex  1.635997e+00 -4.168453e+00  3.796000e+01
     vertex  1.426183e+00 -4.244819e+00  3.796000e+01
   endloop
 endfacet
 facet normal  2.747076e-01 -6.516833e-01  7.069969e-01
   outer loop
     vertex  1.726784e+00 -4.399775e+00  3.771150e+01
     vertex  1.841744e+00 -4.081723e+00  3.796000e+01
     vertex  1.635997e+00 -4.168453e+00  3.796000e+01
   endloop
 endfacet
 facet normal  2.225577e-01 -6.624093e-01  7.153195e-01
   outer loop
     vertex  1.726784e+00 -4.399775e+00  3.771150e+01
     vertex  1.280127e+00 -4.549844e+00  3.771150e+01
     vertex  1.584471e+00 -4.715939e+00  3.746300e+01
   endloop
 endfacet
 facet normal  2.278819e-01 -6.782561e-01  6.985975e-01
   outer loop
     vertex  1.726784e+00 -4.399775e+00  3.771150e+01
     vertex  1.426183e+00 -4.244819e+00  3.796000e+01
     vertex  1.280127e+00 -4.549844e+00  3.771150e+01
   endloop
 endfacet
 facet normal  3.068498e-01 -6.371802e-01  7.069969e-01
   outer loop
     vertex  2.156280e+00 -4.205979e+00  3.771150e+01
     vertex  2.046153e+00 -4.534742e+00  3.746300e+01
     vertex  2.269648e+00 -4.427112e+00  3.746300e+01
   endloop
 endfacet
 facet normal  3.382292e-01 -6.210929e-01  7.069969e-01
   outer loop
     vertex  2.156280e+00 -4.205979e+00  3.771150e+01
     vertex  2.269648e+00 -4.427112e+00  3.746300e+01
     vertex  2.487500e+00 -4.308476e+00  3.746300e+01
   endloop
 endfacet
 facet normal  2.874064e-01 -6.369580e-01  7.153195e-01
   outer loop
     vertex  2.156280e+00 -4.205979e+00  3.771150e+01
     vertex  1.726784e+00 -4.399775e+00  3.771150e+01
     vertex  2.046153e+00 -4.534742e+00  3.746300e+01
   endloop
 endfacet
 facet normal  2.942820e-01 -6.521960e-01  6.985975e-01
   outer loop
     vertex  2.156280e+00 -4.205979e+00  3.771150e+01
     vertex  1.841744e+00 -4.081723e+00  3.796000e+01
     vertex  1.726784e+00 -4.399775e+00  3.771150e+01
   endloop
 endfacet
 facet normal  3.068498e-01 -6.371802e-01  7.069969e-01
   outer loop
     vertex  2.156280e+00 -4.205979e+00  3.771150e+01
     vertex  2.042911e+00 -3.984846e+00  3.796000e+01
     vertex  1.841744e+00 -4.081723e+00  3.796000e+01
   endloop
 endfacet
 facet normal  3.382292e-01 -6.210929e-01  7.069969e-01
   outer loop
     vertex  2.156280e+00 -4.205979e+00  3.771150e+01
     vertex  2.239000e+00 -3.878062e+00  3.796000e+01
     vertex  2.042911e+00 -3.984846e+00  3.796000e+01
   endloop
 endfacet
 facet normal  3.687677e-01 -6.034615e-01  7.069969e-01
   outer loop
     vertex  2.564345e+00 -3.970383e+00  3.771150e+01
     vertex  2.487500e+00 -4.308476e+00  3.746300e+01
     vertex  2.699168e+00 -4.179129e+00  3.746300e+01
   endloop
 endfacet
 facet normal  3.983893e-01 -5.843298e-01  7.069969e-01
   outer loop
     vertex  2.564345e+00 -3.970383e+00  3.771150e+01
     vertex  2.699168e+00 -4.179129e+00  3.746300e+01
     vertex  2.904125e+00 -4.039392e+00  3.746300e+01
   endloop
 endfacet
 facet normal  3.577574e-01 -6.196540e-01  6.985975e-01
   outer loop
     vertex  2.564345e+00 -3.970383e+00  3.771150e+01
     vertex  2.239000e+00 -3.878062e+00  3.796000e+01
     vertex  2.156280e+00 -4.205979e+00  3.771150e+01
   endloop
 endfacet
 facet normal  3.687677e-01 -6.034615e-01  7.069969e-01
   outer loop
     vertex  2.564345e+00 -3.970383e+00  3.771150e+01
     vertex  2.429522e+00 -3.761636e+00  3.796000e+01
     vertex  2.239000e+00 -3.878062e+00  3.796000e+01
   endloop
 endfacet
 facet normal  3.983893e-01 -5.843298e-01  7.069969e-01
   outer loop
     vertex  2.564345e+00 -3.970383e+00  3.771150e+01
     vertex  2.614004e+00 -3.635858e+00  3.796000e+01
     vertex  2.429522e+00 -3.761636e+00  3.796000e+01
   endloop
 endfacet
 facet normal  3.493988e-01 -6.051764e-01  7.153195e-01
   outer loop
     vertex  2.564345e+00 -3.970383e+00  3.771150e+01
     vertex  2.156280e+00 -4.205979e+00  3.771150e+01
     vertex  2.487500e+00 -4.308476e+00  3.746300e+01
   endloop
 endfacet
 facet normal  4.270206e-01 -5.637454e-01  7.069969e-01
   outer loop
     vertex  2.946925e+00 -3.695327e+00  3.771150e+01
     vertex  2.904125e+00 -4.039392e+00  3.746300e+01
     vertex  3.101862e+00 -3.889612e+00  3.746300e+01
   endloop
 endfacet
 facet normal  4.545901e-01 -5.417594e-01  7.069969e-01
   outer loop
     vertex  2.946925e+00 -3.695327e+00  3.771150e+01
     vertex  3.101862e+00 -3.889612e+00  3.746300e+01
     vertex  3.291887e+00 -3.730161e+00  3.746300e+01
   endloop
 endfacet
 facet normal  4.270206e-01 -5.637454e-01  7.069969e-01
   outer loop
     vertex  2.946925e+00 -3.695327e+00  3.771150e+01
     vertex  2.791987e+00 -3.501041e+00  3.796000e+01
     vertex  2.614004e+00 -3.635858e+00  3.796000e+01
   endloop
 endfacet
 facet normal  4.545901e-01 -5.417594e-01  7.069969e-01
   outer loop
     vertex  2.946925e+00 -3.695327e+00  3.771150e+01
     vertex  2.963029e+00 -3.357520e+00  3.796000e+01
     vertex  2.791987e+00 -3.501041e+00  3.796000e+01
   endloop
 endfacet
 facet normal  4.079186e-01 -5.673803e-01  7.153195e-01
   outer loop
     vertex  2.946925e+00 -3.695327e+00  3.771150e+01
     vertex  2.564345e+00 -3.970383e+00  3.771150e+01
     vertex  2.904125e+00 -4.039392e+00  3.746300e+01
   endloop
 endfacet
 facet normal  4.176773e-01 -5.809537e-01  6.985975e-01
   outer loop
     vertex  2.946925e+00 -3.695327e+00  3.771150e+01
     vertex  2.614004e+00 -3.635858e+00  3.796000e+01
     vertex  2.564345e+00 -3.970383e+00  3.771150e+01
   endloop
 endfacet
 facet normal  4.810295e-01 -5.184265e-01  7.069969e-01
   outer loop
     vertex  3.300216e+00 -3.383545e+00  3.771150e+01
     vertex  3.291887e+00 -3.730161e+00  3.746300e+01
     vertex  3.473728e+00 -3.561438e+00  3.746300e+01
   endloop
 endfacet
 facet normal  5.062730e-01 -4.938047e-01  7.069969e-01
   outer loop
     vertex  3.300216e+00 -3.383545e+00  3.771150e+01
     vertex  3.473728e+00 -3.561438e+00  3.746300e+01
     vertex  3.646933e+00 -3.383859e+00  3.746300e+01
   endloop
 endfacet
 facet normal  4.810295e-01 -5.184265e-01  7.069969e-01
   outer loop
     vertex  3.300216e+00 -3.383545e+00  3.771150e+01
     vertex  3.126704e+00 -3.205652e+00  3.796000e+01
     vertex  2.963029e+00 -3.357520e+00  3.796000e+01
   endloop
 endfacet
 facet normal  5.062730e-01 -4.938047e-01  7.069969e-01
   outer loop
     vertex  3.300216e+00 -3.383545e+00  3.771150e+01
     vertex  3.282606e+00 -3.045814e+00  3.796000e+01
     vertex  3.126704e+00 -3.205652e+00  3.796000e+01
   endloop
 endfacet
 facet normal  4.623844e-01 -5.239452e-01  7.153195e-01
   outer loop
     vertex  3.300216e+00 -3.383545e+00  3.771150e+01
     vertex  2.946925e+00 -3.695327e+00  3.771150e+01
     vertex  3.291887e+00 -3.730161e+00  3.746300e+01
   endloop
 endfacet
 facet normal  4.734460e-01 -5.364796e-01  6.985975e-01
   outer loop
     vertex  3.300216e+00 -3.383545e+00  3.771150e+01
     vertex  2.963029e+00 -3.357520e+00  3.796000e+01
     vertex  2.946925e+00 -3.695327e+00  3.771150e+01
   endloop
 endfacet
 facet normal  5.302578e-01 -4.679553e-01  7.069969e-01
   outer loop
     vertex  3.620709e+00 -3.038136e+00  3.771150e+01
     vertex  3.646933e+00 -3.383859e+00  3.746300e+01
     vertex  3.811071e+00 -3.197868e+00  3.746300e+01
   endloop
 endfacet
 facet normal  5.529243e-01 -4.409424e-01  7.069969e-01
   outer loop
     vertex  3.620709e+00 -3.038136e+00  3.771150e+01
     vertex  3.811071e+00 -3.197868e+00  3.746300e+01
     vertex  3.965734e+00 -3.003927e+00  3.746300e+01
   endloop
 endfacet
 facet normal  5.302578e-01 -4.679553e-01  7.069969e-01
   outer loop
     vertex  3.620709e+00 -3.038136e+00  3.771150e+01
     vertex  3.430347e+00 -2.878403e+00  3.796000e+01
     vertex  3.282606e+00 -3.045814e+00  3.796000e+01
   endloop
 endfacet
 facet normal  5.529243e-01 -4.409424e-01  7.069969e-01
   outer loop
     vertex  3.620709e+00 -3.038136e+00  3.771150e+01
     vertex  3.569559e+00 -2.703836e+00  3.796000e+01
     vertex  3.430347e+00 -2.878403e+00  3.796000e+01
   endloop
 endfacet
 facet normal  5.122548e-01 -4.753030e-01  7.153195e-01
   outer loop
     vertex  3.620709e+00 -3.038136e+00  3.771150e+01
     vertex  3.300216e+00 -3.383545e+00  3.771150e+01
     vertex  3.646933e+00 -3.383859e+00  3.746300e+01
   endloop
 endfacet
 facet normal  5.245095e-01 -4.866737e-01  6.985975e-01
   outer loop
     vertex  3.620709e+00 -3.038136e+00  3.771150e+01
     vertex  3.282606e+00 -3.045814e+00  3.796000e+01
     vertex  3.300216e+00 -3.383545e+00  3.771150e+01
   endloop
 endfacet
 facet normal  5.742161e-01 -4.128333e-01  7.069969e-01
   outer loop
     vertex  3.905218e+00 -2.662532e+00  3.771150e+01
     vertex  3.965734e+00 -3.003927e+00  3.746300e+01
     vertex  4.110538e+00 -2.802517e+00  3.746300e+01
   endloop
 endfacet
 facet normal  5.940803e-01 -3.836978e-01  7.069969e-01
   outer loop
     vertex  3.905218e+00 -2.662532e+00  3.771150e+01
     vertex  4.110538e+00 -2.802517e+00  3.746300e+01
     vertex  4.245122e+00 -2.594140e+00  3.746300e+01
   endloop
 endfacet
 facet normal  5.742161e-01 -4.128333e-01  7.069969e-01
   outer loop
     vertex  3.905218e+00 -2.662532e+00  3.771150e+01
     vertex  3.699897e+00 -2.522547e+00  3.796000e+01
     vertex  3.569559e+00 -2.703836e+00  3.796000e+01
   endloop
 endfacet
 facet normal  5.940803e-01 -3.836978e-01  7.069969e-01
   outer loop
     vertex  3.905218e+00 -2.662532e+00  3.771150e+01
     vertex  3.821037e+00 -2.334987e+00  3.796000e+01
     vertex  3.699897e+00 -2.522547e+00  3.796000e+01
   endloop
 endfacet
 facet normal  5.570342e-01 -4.219370e-01  7.153195e-01
   outer loop
     vertex  3.905218e+00 -2.662532e+00  3.771150e+01
     vertex  3.620709e+00 -3.038136e+00  3.771150e+01
     vertex  3.965734e+00 -3.003927e+00  3.746300e+01
   endloop
 endfacet
 facet normal  5.703601e-01 -4.320310e-01  6.985975e-01
   outer loop
     vertex  3.905218e+00 -2.662532e+00  3.771150e+01
     vertex  3.569559e+00 -2.703836e+00  3.796000e+01
     vertex  3.620709e+00 -3.038136e+00  3.771150e+01
   endloop
 endfacet
 facet normal  6.124676e-01 -3.536083e-01  7.069969e-01
   outer loop
     vertex  4.150914e+00 -2.260467e+00  3.771150e+01
     vertex  4.245122e+00 -2.594140e+00  3.746300e+01
     vertex  4.369152e+00 -2.379314e+00  3.746300e+01
   endloop
 endfacet
 facet normal  6.293322e-01 -3.226398e-01  7.069969e-01
   outer loop
     vertex  4.150914e+00 -2.260467e+00  3.771150e+01
     vertex  4.369152e+00 -2.379314e+00  3.746300e+01
     vertex  4.482320e+00 -2.158572e+00  3.746300e+01
   endloop
 endfacet
 facet normal  6.124676e-01 -3.536083e-01  7.069969e-01
   outer loop
     vertex  4.150914e+00 -2.260467e+00  3.771150e+01
     vertex  3.932676e+00 -2.141621e+00  3.796000e+01
     vertex  3.821037e+00 -2.334987e+00  3.796000e+01
   endloop
 endfacet
 facet normal  6.293322e-01 -3.226398e-01  7.069969e-01
   outer loop
     vertex  4.150914e+00 -2.260467e+00  3.771150e+01
     vertex  4.034539e+00 -1.942931e+00  3.796000e+01
     vertex  3.932676e+00 -2.141621e+00  3.796000e+01
   endloop
 endfacet
 facet normal  5.962775e-01 -3.643776e-01  7.153195e-01
   outer loop
     vertex  4.150914e+00 -2.260467e+00  3.771150e+01
     vertex  3.905218e+00 -2.662532e+00  3.771150e+01
     vertex  4.245122e+00 -2.594140e+00  3.746300e+01
   endloop
 endfacet
 facet normal  6.105423e-01 -3.730946e-01  6.985975e-01
   outer loop
     vertex  4.150914e+00 -2.260467e+00  3.771150e+01
     vertex  3.821037e+00 -2.334987e+00  3.796000e+01
     vertex  3.905218e+00 -2.662532e+00  3.771150e+01
   endloop
 endfacet
 facet normal  6.446321e-01 -2.908691e-01  7.069969e-01
   outer loop
     vertex  4.355357e+00 -1.835937e+00  3.771150e+01
     vertex  4.482320e+00 -2.158572e+00  3.746300e+01
     vertex  4.584344e+00 -1.932463e+00  3.746300e+01
   endloop
 endfacet
 facet normal  6.583294e-01 -2.583753e-01  7.069969e-01
   outer loop
     vertex  4.355357e+00 -1.835937e+00  3.771150e+01
     vertex  4.584344e+00 -1.932463e+00  3.746300e+01
     vertex  4.674971e+00 -1.701550e+00  3.746300e+01
   endloop
 endfacet
 facet normal  6.446321e-01 -2.908691e-01  7.069969e-01
   outer loop
     vertex  4.355357e+00 -1.835937e+00  3.771150e+01
     vertex  4.126370e+00 -1.739411e+00  3.796000e+01
     vertex  4.034539e+00 -1.942931e+00  3.796000e+01
   endloop
 endfacet
 facet normal  6.583294e-01 -2.583753e-01  7.069969e-01
   outer loop
     vertex  4.355357e+00 -1.835937e+00  3.771150e+01
     vertex  4.207944e+00 -1.531566e+00  3.796000e+01
     vertex  4.126370e+00 -1.739411e+00  3.796000e+01
   endloop
 endfacet
 facet normal  6.446566e-01 -3.104502e-01  6.985975e-01
   outer loop
     vertex  4.355357e+00 -1.835937e+00  3.771150e+01
     vertex  4.034539e+00 -1.942931e+00  3.796000e+01
     vertex  4.150914e+00 -2.260467e+00  3.771150e+01
   endloop
 endfacet
 facet normal  6.295948e-01 -3.031969e-01  7.153195e-01
   outer loop
     vertex  4.355357e+00 -1.835937e+00  3.771150e+01
     vertex  4.150914e+00 -2.260467e+00  3.771150e+01
     vertex  4.482320e+00 -2.158572e+00  3.746300e+01
   endloop
 endfacet
 facet normal  6.566549e-01 -2.390028e-01  7.153195e-01
   outer loop
     vertex  4.516515e+00 -1.393160e+00  3.771150e+01
     vertex  4.355357e+00 -1.835937e+00  3.771150e+01
     vertex  4.674971e+00 -1.701550e+00  3.746300e+01
   endloop
 endfacet
 facet normal  6.703900e-01 -2.252391e-01  7.069969e-01
   outer loop
     vertex  4.516515e+00 -1.393160e+00  3.771150e+01
     vertex  4.674971e+00 -1.701550e+00  3.746300e+01
     vertex  4.753975e+00 -1.466407e+00  3.746300e+01
   endloop
 endfacet
 facet normal  6.807839e-01 -1.915429e-01  7.069969e-01
   outer loop
     vertex  4.516515e+00 -1.393160e+00  3.771150e+01
     vertex  4.753975e+00 -1.466407e+00  3.746300e+01
     vertex  4.821159e+00 -1.227618e+00  3.746300e+01
   endloop
 endfacet
 facet normal  6.723640e-01 -2.447205e-01  6.985975e-01
   outer loop
     vertex  4.516515e+00 -1.393160e+00  3.771150e+01
     vertex  4.207944e+00 -1.531566e+00  3.796000e+01
     vertex  4.355357e+00 -1.835937e+00  3.771150e+01
   endloop
 endfacet
 facet normal  6.703900e-01 -2.252391e-01  7.069969e-01
   outer loop
     vertex  4.516515e+00 -1.393160e+00  3.771150e+01
     vertex  4.279055e+00 -1.319914e+00  3.796000e+01
     vertex  4.207944e+00 -1.531566e+00  3.796000e+01
   endloop
 endfacet
 facet normal  6.807839e-01 -1.915429e-01  7.069969e-01
   outer loop
     vertex  4.516515e+00 -1.393160e+00  3.771150e+01
     vertex  4.339528e+00 -1.104980e+00  3.796000e+01
     vertex  4.279055e+00 -1.319914e+00  3.796000e+01
   endloop
 endfacet
 facet normal  6.894853e-01 -1.573705e-01  7.069969e-01
   outer loop
     vertex  4.632785e+00 -9.365377e-01  3.771150e+01
     vertex  4.821159e+00 -1.227618e+00  3.746300e+01
     vertex  4.876358e+00 -9.857771e-01  3.746300e+01
   endloop
 endfacet
 facet normal  6.964725e-01 -1.228069e-01  7.069969e-01
   outer loop
     vertex  4.632785e+00 -9.365377e-01  3.771150e+01
     vertex  4.876358e+00 -9.857771e-01  3.746300e+01
     vertex  4.919433e+00 -7.414853e-01  3.746300e+01
   endloop
 endfacet
 facet normal  6.771888e-01 -1.724335e-01  7.153195e-01
   outer loop
     vertex  4.632785e+00 -9.365377e-01  3.771150e+01
     vertex  4.516515e+00 -1.393160e+00  3.771150e+01
     vertex  4.821159e+00 -1.227618e+00  3.746300e+01
   endloop
 endfacet
 facet normal  6.894853e-01 -1.573705e-01  7.069969e-01
   outer loop
     vertex  4.632785e+00 -9.365377e-01  3.771150e+01
     vertex  4.389212e+00 -8.872984e-01  3.796000e+01
     vertex  4.339528e+00 -1.104980e+00  3.796000e+01
   endloop
 endfacet
 facet normal  6.964725e-01 -1.228069e-01  7.069969e-01
   outer loop
     vertex  4.632785e+00 -9.365377e-01  3.771150e+01
     vertex  4.427984e+00 -6.674113e-01  3.796000e+01
     vertex  4.389212e+00 -8.872984e-01  3.796000e+01
   endloop
 endfacet
 facet normal  6.933892e-01 -1.765586e-01  6.985975e-01
   outer loop
     vertex  4.632785e+00 -9.365377e-01  3.771150e+01
     vertex  4.339528e+00 -1.104980e+00  3.796000e+01
     vertex  4.516515e+00 -1.393160e+00  3.771150e+01
   endloop
 endfacet
 facet normal  7.017281e-01 -8.793794e-02  7.069969e-01
   outer loop
     vertex  4.703013e+00 -4.706074e-01  3.771150e+01
     vertex  4.919433e+00 -7.414853e-01  3.746300e+01
     vertex  4.950278e+00 -4.953500e-01  3.746300e+01
   endloop
 endfacet
 facet normal  7.052392e-01 -5.285037e-02  7.069969e-01
   outer loop
     vertex  4.703013e+00 -4.706074e-01  3.771150e+01
     vertex  4.950278e+00 -4.953500e-01  3.746300e+01
     vertex  4.968816e+00 -2.479833e-01  3.746300e+01
   endloop
 endfacet
 facet normal  6.909925e-01 -1.041504e-01  7.153195e-01
   outer loop
     vertex  4.703013e+00 -4.706074e-01  3.771150e+01
     vertex  4.632785e+00 -9.365377e-01  3.771150e+01
     vertex  4.919433e+00 -7.414853e-01  3.746300e+01
   endloop
 endfacet
 facet normal  7.075231e-01 -1.066420e-01  6.985975e-01
   outer loop
     vertex  4.703013e+00 -4.706074e-01  3.771150e+01
     vertex  4.427984e+00 -6.674113e-01  3.796000e+01
     vertex  4.632785e+00 -9.365377e-01  3.771150e+01
   endloop
 endfacet
 facet normal  7.017281e-01 -8.793794e-02  7.069969e-01
   outer loop
     vertex  4.703013e+00 -4.706074e-01  3.771150e+01
     vertex  4.455748e+00 -4.458648e-01  3.796000e+01
     vertex  4.427984e+00 -6.674113e-01  3.796000e+01
   endloop
 endfacet
 facet normal  7.052392e-01 -5.285037e-02  7.069969e-01
   outer loop
     vertex  4.703013e+00 -4.706074e-01  3.771150e+01
     vertex  4.472433e+00 -2.232099e-01  3.796000e+01
     vertex  4.455748e+00 -4.458648e-01  3.796000e+01
   endloop
 endfacet
 facet normal  6.979289e-01 -3.483218e-02  7.153195e-01
   outer loop
     vertex  4.703013e+00 -4.706074e-01  3.771150e+01
     vertex  4.968816e+00 -2.479833e-01  3.746300e+01
     vertex  4.726500e+00  0.000000e+00  3.771150e+01
   endloop
 endfacet
 facet normal  7.146254e-01 -3.566547e-02  6.985975e-01
   outer loop
     vertex  4.703013e+00 -4.706074e-01  3.771150e+01
     vertex  4.726500e+00  0.000000e+00  3.771150e+01
     vertex  4.472433e+00 -2.232099e-01  3.796000e+01
   endloop
 endfacet
 facet normal  0.000000e+00  0.000000e+00 -1.000000e+00
   outer loop
     vertex -1.243750e+00  2.487500e+00  0.000000e+00
     vertex -3.101862e+00  3.889612e+00  0.000000e+00
     vertex -2.904125e+00  4.039392e+00  0.000000e+00
   endloop
 endfacet
 facet normal  0.000000e+00  0.000000e+00 -1.000000e+00
   outer loop
     vertex -1.243750e+00  2.487500e+00  0.000000e+00
     vertex -3.291887e+00  3.730161e+00  0.000000e+00
     vertex -3.101862e+00  3.889612e+00  0.000000e+00
   endloop
 endfacet
 facet normal  0.000000e+00  0.000000e+00 -1.000000e+00
   outer loop
     vertex -1.243750e+00  2.487500e+00  0.000000e+00
     vertex -3.473728e+00  3.561438e+00  0.000000e+00
     vertex -3.291887e+00  3.730161e+00  0.000000e+00
   endloop
 endfacet
 facet normal  0.000000e+00  0.000000e+00 -1.000000e+00
   outer loop
     vertex -1.243750e+00  2.487500e+00  0.000000e+00
     vertex -3.646933e+00  3.383859e+00  0.000000e+00
     vertex -3.473728e+00  3.561438e+00  0.000000e+00
   endloop
 endfacet
 facet normal  0.000000e+00  0.000000e+00 -1.000000e+00
   outer loop
     vertex -1.243750e+00  2.487500e+00  0.000000e+00
     vertex -3.811071e+00  3.197868e+00  0.000000e+00
     vertex -3.646933e+00  3.383859e+00  0.000000e+00
   endloop
 endfacet
 facet normal  0.000000e+00  0.000000e+00 -1.000000e+00
   outer loop
     vertex -1.243750e+00  2.487500e+00  0.000000e+00
     vertex -3.965734e+00  3.003927e+00  0.000000e+00
     vertex -3.811071e+00  3.197868e+00  0.000000e+00
   endloop
 endfacet
 facet normal  0.000000e+00  0.000000e+00 -1.000000e+00
   outer loop
     vertex -1.243750e+00  2.487500e+00  0.000000e+00
     vertex -4.110538e+00  2.802517e+00  0.000000e+00
     vertex -3.965734e+00  3.003927e+00  0.000000e+00
   endloop
 endfacet
 facet normal  0.000000e+00  0.000000e+00 -1.000000e+00
   outer loop
     vertex -1.243750e+00  2.487500e+00  0.000000e+00
     vertex -4.245122e+00  2.594140e+00  0.000000e+00
     vertex -4.110538e+00  2.802517e+00  0.000000e+00
   endloop
 endfacet
 facet normal -0.000000e+00  0.000000e+00 -1.000000e+00
   outer loop
     vertex -1.243750e+00  2.487500e+00  0.000000e+00
     vertex -4.369152e+00  2.379314e+00  0.000000e+00
     vertex -4.245122e+00  2.594140e+00  0.000000e+00
   endloop
 endfacet
 facet normal  0.000000e+00  0.000000e+00 -1.000000e+00
   outer loop
     vertex -1.243750e+00  2.487500e+00  0.000000e+00
     vertex -4.482320e+00  2.158572e+00  0.000000e+00
     vertex -4.369152e+00  2.379314e+00  0.000000e+00
   endloop
 endfacet
 facet normal  0.000000e+00  0.000000e+00 -1.000000e+00
   outer loop
     vertex -1.243750e+00  2.487500e+00  0.000000e+00
     vertex -4.584344e+00  1.932463e+00  0.000000e+00
     vertex -4.482320e+00  2.158572e+00  0.000000e+00
   endloop
 endfacet
 facet normal  0.000000e+00  0.000000e+00 -1.000000e+00
   outer loop
     vertex -1.243750e+00  2.487500e+00  0.000000e+00
     vertex -4.674971e+00  1.701550e+00  0.000000e+00
     vertex -4.584344e+00  1.932463e+00  0.000000e+00
   endloop
 endfacet
 facet normal  0.000000e+00  0.000000e+00 -1.000000e+00
   outer loop
     vertex -1.243750e+00  2.487500e+00  0.000000e+00
     vertex -4.753975e+00  1.466407e+00  0.000000e+00
     vertex -4.674971e+00  1.701550e+00  0.000000e+00
   endloop
 endfacet
 facet normal  0.000000e+00  0.000000e+00 -1.000000e+00
   outer loop
     vertex -1.243750e+00  2.487500e+00  0.000000e+00
     vertex -4.821159e+00  1.227618e+00  0.000000e+00
     vertex -4.753975e+00  1.466407e+00  0.000000e+00
   endloop
 endfacet
 facet normal  0.000000e+00  0.000000e+00 -1.000000e+00
   outer loop
     vertex -1.243750e+00  2.487500e+00  0.000000e+00
     vertex -4.876358e+00  9.857771e-01  0.000000e+00
     vertex -4.821159e+00  1.227618e+00  0.000000e+00
   endloop
 endfacet
 facet normal  0.000000e+00  0.000000e+00 -1.000000e+00
   outer loop
     vertex -1.243750e+00  2.487500e+00  0.000000e+00
     vertex -4.919433e+00  7.414853e-01  0.000000e+00
     vertex -4.876358e+00  9.857771e-01  0.000000e+00
   endloop
 endfacet
 facet normal  0.000000e+00  0.000000e+00 -1.000000e+00
   outer loop
     vertex -1.243750e+00  2.487500e+00  0.000000e+00
     vertex -4.950278e+00  4.953500e-01  0.000000e+00
     vertex -4.919433e+00  7.414853e-01  0.000000e+00
   endloop
 endfacet
 facet normal  0.000000e+00  0.000000e+00 -1.000000e+00
   outer loop
     vertex -1.243750e+00  2.487500e+00  0.000000e+00
     vertex -4.968816e+00  2.479833e-01  0.000000e+00
     vertex -4.950278e+00  4.953500e-01  0.000000e+00
   endloop
 endfacet
 facet normal  0.000000e+00  0.000000e+00 -1.000000e+00
   outer loop
     vertex -1.243750e+00  2.487500e+00  0.000000e+00
     vertex -4.975000e+00 -1.706549e-14  0.000000e+00
     vertex -4.968816e+00  2.479833e-01  0.000000e+00
   endloop
 endfacet
 facet normal  0.000000e+00  0.000000e+00 -1.000000e+00
   outer loop
     vertex -1.243750e+00  2.487500e+00  0.000000e+00
     vertex -4.968816e+00 -2.479833e-01  0.000000e+00
     vertex -4.975000e+00 -1.706549e-14  0.000000e+00
   endloop
 endfacet
 facet normal  0.000000e+00  0.000000e+00 -1.000000e+00
   outer loop
     vertex -1.243750e+00  2.487500e+00  0.000000e+00
     vertex -4.950278e+00 -4.953500e-01  0.000000e+00
     vertex -4.968816e+00 -2.479833e-01  0.000000e+00
   endloop
 endfacet
 facet normal  0.000000e+00  0.000000e+00 -1.000000e+00
   outer loop
     vertex -1.243750e+00  2.487500e+00  0.000000e+00
     vertex -4.919433e+00 -7.414853e-01  0.000000e+00
     vertex -4.950278e+00 -4.953500e-01  0.000000e+00
   endloop
 endfacet
 facet normal  0.000000e+00  0.000000e+00 -1.000000e+00
   outer loop
     vertex -1.243750e+00  2.487500e+00  0.000000e+00
     vertex -4.876358e+00 -9.857771e-01  0.000000e+00
     vertex -4.919433e+00 -7.414853e-01  0.000000e+00
   endloop
 endfacet
 facet normal  0.000000e+00  0.000000e+00 -1.000000e+00
   outer loop
     vertex -1.243750e+00  2.487500e+00  0.000000e+00
     vertex -4.821159e+00 -1.227618e+00  0.000000e+00
     vertex -4.876358e+00 -9.857771e-01  0.000000e+00
   endloop
 endfacet
 facet normal  0.000000e+00  0.000000e+00 -1.000000e+00
   outer loop
     vertex -1.243750e+00  2.487500e+00  0.000000e+00
     vertex -4.753975e+00 -1.466407e+00  0.000000e+00
     vertex -4.821159e+00 -1.227618e+00  0.000000e+00
   endloop
 endfacet
 facet normal  0.000000e+00  0.000000e+00 -1.000000e+00
   outer loop
     vertex -1.243750e+00  2.487500e+00  0.000000e+00
     vertex -4.674971e+00 -1.701550e+00  0.000000e+00
     vertex -4.753975e+00 -1.466407e+00  0.000000e+00
   endloop
 endfacet
 facet normal  0.000000e+00  0.000000e+00 -1.000000e+00
   outer loop
     vertex -1.243750e+00  2.487500e+00  0.000000e+00
     vertex -4.584344e+00 -1.932463e+00  0.000000e+00
     vertex -4.674971e+00 -1.701550e+00  0.000000e+00
   endloop
 endfacet
 facet normal  0.000000e+00  0.000000e+00 -1.000000e+00
   outer loop
     vertex -1.243750e+00  2.487500e+00  0.000000e+00
     vertex -4.482320e+00 -2.158572e+00  0.000000e+00
     vertex -4.584344e+00 -1.932463e+00  0.000000e+00
   endloop
 endfacet
 facet normal  0.000000e+00  0.000000e+00 -1.000000e+00
   outer loop
     vertex -1.243750e+00  2.487500e+00  0.000000e+00
     vertex -4.369152e+00 -2.379314e+00  0.000000e+00
     vertex -4.482320e+00 -2.158572e+00  0.000000e+00
   endloop
 endfacet
 facet normal  0.000000e+00  0.000000e+00 -1.000000e+00
   outer loop
     vertex -1.243750e+00  2.487500e+00  0.000000e+00
     vertex -4.245122e+00 -2.594140e+00  0.000000e+00
     vertex -4.369152e+00 -2.379314e+00  0.000000e+00
   endloop
 endfacet
 facet normal  0.000000e+00  0.000000e+00 -1.000000e+00
   outer loop
     vertex -1.243750e+00  2.487500e+00  0.000000e+00
     vertex -4.110538e+00 -2.802517e+00  0.000000e+00
     vertex -4.245122e+00 -2.594140e+00  0.000000e+00
   endloop
 endfacet
 facet normal  0.000000e+00  0.000000e+00 -1.000000e+00
   outer loop
     vertex -1.243750e+00  2.487500e+00  0.000000e+00
     vertex -3.965734e+00 -3.003927e+00  0.000000e+00
     vertex -4.110538e+00 -2.802517e+00  0.000000e+00
   endloop
 endfacet
 facet normal  0.000000e+00  0.000000e+00 -1.000000e+00
   outer loop
     vertex -1.243750e+00  2.487500e+00  0.000000e+00
     vertex -3.811071e+00 -3.197868e+00  0.000000e+00
     vertex -3.965734e+00 -3.003927e+00  0.000000e+00
   endloop
 endfacet
 facet normal  0.000000e+00  0.000000e+00 -1.000000e+00
   outer loop
     vertex -1.243750e+00  2.487500e+00  0.000000e+00
     vertex -3.646933e+00 -3.383859e+00  0.000000e+00
     vertex -3.811071e+00 -3.197868e+00  0.000000e+00
   endloop
 endfacet
 facet normal  0.000000e+00  0.000000e+00 -1.000000e+00
   outer loop
     vertex -1.243750e+00  2.487500e+00  0.000000e+00
     vertex -3.473728e+00 -3.561438e+00  0.000000e+00
     vertex -3.646933e+00 -3.383859e+00  0.000000e+00
   endloop
 endfacet
 facet normal  0.000000e+00  0.000000e+00 -1.000000e+00
   outer loop
     vertex -1.243750e+00  2.487500e+00  0.000000e+00
     vertex -3.291887e+00 -3.730161e+00  0.000000e+00
     vertex -3.473728e+00 -3.561438e+00  0.000000e+00
   endloop
 endfacet
 facet normal  0.000000e+00  0.000000e+00 -1.000000e+00
   outer loop
     vertex -1.243750e+00  2.487500e+00  0.000000e+00
     vertex -3.101862e+00 -3.889612e+00  0.000000e+00
     vertex -3.291887e+00 -3.730161e+00  0.000000e+00
   endloop
 endfacet
 facet normal  0.000000e+00  0.000000e+00 -1.000000e+00
   outer loop
     vertex -1.243750e+00  2.487500e+00  0.000000e+00
     vertex -2.904125e+00 -4.039392e+00  0.000000e+00
     vertex -3.101862e+00 -3.889612e+00  0.000000e+00
   endloop
 endfacet
 facet normal  0.000000e+00  0.000000e+00 -1.000000e+00
   outer loop
     vertex -1.243750e+00  2.487500e+00  0.000000e+00
     vertex -2.699168e+00 -4.179129e+00  0.000000e+00
     vertex -2.904125e+00 -4.039392e+00  0.000000e+00
   endloop
 endfacet
 facet normal  0.000000e+00  0.000000e+00 -1.000000e+00
   outer loop
     vertex -1.243750e+00  2.487500e+00  0.000000e+00
     vertex -2.487500e+00 -4.308476e+00  0.000000e+00
     vertex -2.699168e+00 -4.179129e+00  0.000000e+00
   endloop
 endfacet
 facet normal  0.000000e+00  0.000000e+00 -1.000000e+00
   outer loop
     vertex -1.243750e+00  2.487500e+00  0.000000e+00
     vertex -2.269648e+00 -4.427112e+00  0.000000e+00
     vertex -2.487500e+00 -4.308476e+00  0.000000e+00
   endloop
 endfacet
 facet normal  0.000000e+00  0.000000e+00 -1.000000e+00
   outer loop
     vertex -1.243750e+00  2.487500e+00  0.000000e+00
     vertex -2.046153e+00 -4.534742e+00  0.000000e+00
     vertex -2.269648e+00 -4.427112e+00  0.000000e+00
   endloop
 endfacet
 facet normal  0.000000e+00  0.000000e+00 -1.000000e+00
   outer loop
     vertex -1.243750e+00  2.487500e+00  0.000000e+00
     vertex -1.817572e+00 -4.631097e+00  0.000000e+00
     vertex -2.046153e+00 -4.534742e+00  0.000000e+00
   endloop
 endfacet
 facet normal  0.000000e+00  0.000000e+00 -1.000000e+00
   outer loop
     vertex -1.243750e+00  2.487500e+00  0.000000e+00
     vertex -1.584471e+00 -4.715939e+00  0.000000e+00
     vertex -1.817572e+00 -4.631097e+00  0.000000e+00
   endloop
 endfacet
 facet normal  0.000000e+00  0.000000e+00 -1.000000e+00
   outer loop
     vertex -1.243750e+00  2.487500e+00  0.000000e+00
     vertex -1.347431e+00 -4.789056e+00  0.000000e+00
     vertex -1.584471e+00 -4.715939e+00  0.000000e+00
   endloop
 endfacet
 facet normal  0.000000e+00 -0.000000e+00 -1.000000e+00
   outer loop
     vertex -1.243750e+00  2.487500e+00  0.000000e+00
     vertex -1.107042e+00 -4.850266e+00  0.000000e+00
     vertex -1.347431e+00 -4.789056e+00  0.000000e+00
   endloop
 endfacet
 facet normal  0.000000e+00  0.000000e+00 -1.000000e+00
   outer loop
     vertex -1.243750e+00  2.487500e+00  0.000000e+00
     vertex -8.638997e-01 -4.899419e+00  0.000000e+00
     vertex -1.107042e+00 -4.850266e+00  0.000000e+00
   endloop
 endfacet
 facet normal  0.000000e+00  0.000000e+00 -1.000000e+00
   outer loop
     vertex -1.243750e+00  2.487500e+00  0.000000e+00
     vertex -6.186099e-01 -4.936390e+00  0.000000e+00
     vertex -8.638997e-01 -4.899419e+00  0.000000e+00
   endloop
 endfacet
 facet normal  0.000000e+00  0.000000e+00 -1.000000e+00
   outer loop
     vertex -1.243750e+00  2.487500e+00  0.000000e+00
     vertex -3.717822e-01 -4.961089e+00  0.000000e+00
     vertex -6.186099e-01 -4.936390e+00  0.000000e+00
   endloop
 endfacet
 facet normal  0.000000e+00  0.000000e+00 -1.000000e+00
   outer loop
     vertex -1.243750e+00  2.487500e+00  0.000000e+00
     vertex -1.240302e-01 -4.973454e+00  0.000000e+00
     vertex -3.717822e-01 -4.961089e+00  0.000000e+00
   endloop
 endfacet
 facet normal -0.000000e+00 -0.000000e+00 -1.000000e+00
   outer loop
     vertex -1.243750e+00  3.731250e+00  0.000000e+00
     vertex -1.243750e+00  2.487500e+00  0.000000e+00
     vertex -2.904125e+00  4.039392e+00  0.000000e+00
   endloop
 endfacet
 facet normal  0.000000e+00  0.000000e+00 -1.000000e+00
   outer loop
     vertex -1.243750e+00  3.731250e+00  0.000000e+00
     vertex -2.487500e+00  4.308476e+00  0.000000e+00
     vertex -2.269648e+00  4.427112e+00  0.000000e+00
   endloop
 endfacet
 facet normal  0.000000e+00  0.000000e+00 -1.000000e+00
   outer loop
     vertex -1.243750e+00  3.731250e+00  0.000000e+00
     vertex -2.699168e+00  4.179129e+00  0.000000e+00
     vertex -2.487500e+00  4.308476e+00  0.000000e+00
   endloop
 endfacet
 facet normal  0.000000e+00  0.000000e+00 -1.000000e+00
   outer loop
     vertex -1.243750e+00  3.731250e+00  0.000000e+00
     vertex -2.904125e+00  4.039392e+00  0.000000e+00
     vertex -2.699168e+00  4.179129e+00  0.000000e+00
   endloop
 endfacet
 facet normal  0.000000e+00 -0.000000e+00 -1.000000e+00
   outer loop
     vertex -2.046153e+00  4.534742e+00  0.000000e+00
     vertex -1.243750e+00  3.731250e+00  0.000000e+00
     vertex -2.269648e+00  4.427112e+00  0.000000e+00
   endloop
 endfacet
 facet normal  0.000000e+00 -0.000000e+00 -1.000000e+00
   outer loop
     vertex -1.817572e+00  4.631097e+00  0.000000e+00
     vertex -1.243750e+00  3.731250e+00  0.000000e+00
     vertex -2.046153e+00  4.534742e+00  0.000000e+00
   endloop
 endfacet
 facet normal  0.000000e+00 -0.000000e+00 -1.000000e+00
   outer loop
     vertex -1.584471e+00  4.715939e+00  0.000000e+00
     vertex -1.243750e+00  3.731250e+00  0.000000e+00
     vertex -1.817572e+00  4.631097e+00  0.000000e+00
   endloop
 endfacet
 facet normal  0.000000e+00 -0.000000e+00 -1.000000e+00
   outer loop
     vertex -1.347431e+00  4.789056e+00  0.000000e+00
     vertex -1.243750e+00  3.731250e+00  0.000000e+00
     vertex -1.584471e+00  4.715939e+00  0.000000e+00
   endloop
 endfacet
 facet normal  0.000000e+00  0.000000e+00 -1.000000e+00
   outer loop
     vertex  1.243750e+00  2.487500e+00  0.000000e+00
     vertex  1.584471e+00 -4.715939e+00  0.000000e+00
     vertex  1.347431e+00 -4.789056e+00  0.000000e+00
   endloop
 endfacet
 facet normal  0.000000e+00  0.000000e+00 -1.000000e+00
   outer loop
     vertex  1.243750e+00  2.487500e+00  0.000000e+00
     vertex  1.817572e+00 -4.631097e+00  0.000000e+00
     vertex  1.584471e+00 -4.715939e+00  0.000000e+00
   endloop
 endfacet
 facet normal  0.000000e+00  0.000000e+00 -1.000000e+00
   outer loop
     vertex  1.243750e+00  2.487500e+00  0.000000e+00
     vertex  2.046153e+00 -4.534742e+00  0.000000e+00
     vertex  1.817572e+00 -4.631097e+00  0.000000e+00
   endloop
 endfacet
 facet normal  0.000000e+00  0.000000e+00 -1.000000e+00
   outer loop
     vertex  1.243750e+00  2.487500e+00  0.000000e+00
     vertex  2.269648e+00 -4.427112e+00  0.000000e+00
     vertex  2.046153e+00 -4.534742e+00  0.000000e+00
   endloop
 endfacet
 facet normal  0.000000e+00  0.000000e+00 -1.000000e+00
   outer loop
     vertex  1.243750e+00  2.487500e+00  0.000000e+00
     vertex  2.487500e+00 -4.308476e+00  0.000000e+00
     vertex  2.269648e+00 -4.427112e+00  0.000000e+00
   endloop
 endfacet
 facet normal  0.000000e+00  0.000000e+00 -1.000000e+00
   outer loop
     vertex  1.243750e+00  2.487500e+00  0.000000e+00
     vertex  2.699168e+00 -4.179129e+00  0.000000e+00
     vertex  2.487500e+00 -4.308476e+00  0.000000e+00
   endloop
 endfacet
 facet normal  0.000000e+00  0.000000e+00 -1.000000e+00
   outer loop
     vertex  1.243750e+00  2.487500e+00  0.000000e+00
     vertex  2.904125e+00 -4.039392e+00  0.000000e+00
     vertex  2.699168e+00 -4.179129e+00  0.000000e+00
   endloop
 endfacet
 facet normal  0.000000e+00  0.000000e+00 -1.000000e+00
   outer loop
     vertex  1.243750e+00  2.487500e+00  0.000000e+00
     vertex  3.101862e+00 -3.889612e+00  0.000000e+00
     vertex  2.904125e+00 -4.039392e+00  0.000000e+00
   endloop
 endfacet
 facet normal  0.000000e+00  0.000000e+00 -1.000000e+00
   outer loop
     vertex  1.243750e+00  2.487500e+00  0.000000e+00
     vertex  3.291887e+00 -3.730161e+00  0.000000e+00
     vertex  3.101862e+00 -3.889612e+00  0.000000e+00
   endloop
 endfacet
 facet normal  0.000000e+00  0.000000e+00 -1.000000e+00
   outer loop
     vertex  1.243750e+00  2.487500e+00  0.000000e+00
     vertex  3.473728e+00 -3.561438e+00  0.000000e+00
     vertex  3.291887e+00 -3.730161e+00  0.000000e+00
   endloop
 endfacet
 facet normal  0.000000e+00  0.000000e+00 -1.000000e+00
   outer loop
     vertex  1.243750e+00  2.487500e+00  0.000000e+00
     vertex  3.646933e+00 -3.383859e+00  0.000000e+00
     vertex  3.473728e+00 -3.561438e+00  0.000000e+00
   endloop
 endfacet
 facet normal  0.000000e+00  0.000000e+00 -1.000000e+00
   outer loop
     vertex  1.243750e+00  2.487500e+00  0.000000e+00
     vertex  3.811071e+00 -3.197868e+00  0.000000e+00
     vertex  3.646933e+00 -3.383859e+00  0.000000e+00
   endloop
 endfacet
 facet normal  0.000000e+00  0.000000e+00 -1.000000e+00
   outer loop
     vertex  1.243750e+00  2.487500e+00  0.000000e+00
     vertex  3.965734e+00 -3.003927e+00  0.000000e+00
     vertex  3.811071e+00 -3.197868e+00  0.000000e+00
   endloop
 endfacet
 facet normal  0.000000e+00  0.000000e+00 -1.000000e+00
   outer loop
     vertex  1.243750e+00  2.487500e+00  0.000000e+00
     vertex  4.110538e+00 -2.802517e+00  0.000000e+00
     vertex  3.965734e+00 -3.003927e+00  0.000000e+00
   endloop
 endfacet
 facet normal  0.000000e+00  0.000000e+00 -1.000000e+00
   outer loop
     vertex  1.243750e+00  2.487500e+00  0.000000e+00
     vertex  4.245122e+00 -2.594140e+00  0.000000e+00
     vertex  4.110538e+00 -2.802517e+00  0.000000e+00
   endloop
 endfacet
 facet normal  0.000000e+00  0.000000e+00 -1.000000e+00
   outer loop
     vertex  1.243750e+00  2.487500e+00  0.000000e+00
     vertex  4.369152e+00 -2.379314e+00  0.000000e+00
     vertex  4.245122e+00 -2.594140e+00  0.000000e+00
   endloop
 endfacet
 facet normal  0.000000e+00  0.000000e+00 -1.000000e+00
   outer loop
     vertex  1.243750e+00  2.487500e+00  0.000000e+00
     vertex  4.482320e+00 -2.158572e+00  0.000000e+00
     vertex  4.369152e+00 -2.379314e+00  0.000000e+00
   endloop
 endfacet
 facet normal  0.000000e+00  0.000000e+00 -1.000000e+00
   outer loop
     vertex  1.243750e+00  2.487500e+00  0.000000e+00
     vertex  4.584344e+00 -1.932463e+00  0.000000e+00
     vertex  4.482320e+00 -2.158572e+00  0.000000e+00
   endloop
 endfacet
 facet normal  0.000000e+00  0.000000e+00 -1.000000e+00
   outer loop
     vertex  1.243750e+00  2.487500e+00  0.000000e+00
     vertex  4.674971e+00 -1.701550e+00  0.000000e+00
     vertex  4.584344e+00 -1.932463e+00  0.000000e+00
   endloop
 endfacet
 facet normal  0.000000e+00  0.000000e+00 -1.000000e+00
   outer loop
     vertex  1.243750e+00  2.487500e+00  0.000000e+00
     vertex  4.753975e+00 -1.466407e+00  0.000000e+00
     vertex  4.674971e+00 -1.701550e+00  0.000000e+00
   endloop
 endfacet
 facet normal  0.000000e+00  0.000000e+00 -1.000000e+00
   outer loop
     vertex  1.243750e+00  2.487500e+00  0.000000e+00
     vertex  4.821159e+00 -1.227618e+00  0.000000e+00
     vertex  4.753975e+00 -1.466407e+00  0.000000e+00
   endloop
 endfacet
 facet normal -0.000000e+00  0.000000e+00 -1.000000e+00
   outer loop
     vertex  1.243750e+00  2.487500e+00  0.000000e+00
     vertex -1.240302e-01 -4.973454e+00  0.000000e+00
     vertex -1.243750e+00  2.487500e+00  0.000000e+00
   endloop
 endfacet
 facet normal  0.000000e+00  0.000000e+00 -1.000000e+00
   outer loop
     vertex  1.243750e+00  2.487500e+00  0.000000e+00
     vertex  1.240302e-01 -4.973454e+00  0.000000e+00
     vertex -1.240302e-01 -4.973454e+00  0.000000e+00
   endloop
 endfacet
 facet normal  0.000000e+00  0.000000e+00 -1.000000e+00
   outer loop
     vertex  1.243750e+00  2.487500e+00  0.000000e+00
     vertex  3.717822e-01 -4.961089e+00  0.000000e+00
     vertex  1.240302e-01 -4.973454e+00  0.000000e+00
   endloop
 endfacet
 facet normal  0.000000e+00  0.000000e+00 -1.000000e+00
   outer loop
     vertex  1.243750e+00  2.487500e+00  0.000000e+00
     vertex  6.186099e-01 -4.936390e+00  0.000000e+00
     vertex  3.717822e-01 -4.961089e+00  0.000000e+00
   endloop
 endfacet
 facet normal  0.000000e+00  0.000000e+00 -1.000000e+00
   outer loop
     vertex  1.243750e+00  2.487500e+00  0.000000e+00
     vertex  8.638997e-01 -4.899419e+00  0.000000e+00
     vertex  6.186099e-01 -4.936390e+00  0.000000e+00
   endloop
 endfacet
 facet normal  0.000000e+00  0.000000e+00 -1.000000e+00
   outer loop
     vertex  1.243750e+00  2.487500e+00  0.000000e+00
     vertex  1.107042e+00 -4.850266e+00  0.000000e+00
     vertex  8.638997e-01 -4.899419e+00  0.000000e+00
   endloop
 endfacet
 facet normal  0.000000e+00 -0.000000e+00 -1.000000e+00
   outer loop
     vertex  1.243750e+00  2.487500e+00  0.000000e+00
     vertex  1.347431e+00 -4.789056e+00  0.000000e+00
     vertex  1.107042e+00 -4.850266e+00  0.000000e+00
   endloop
 endfacet
 facet normal  0.000000e+00  0.000000e+00 -1.000000e+00
   outer loop
     vertex -1.107042e+00  4.850266e+00  0.000000e+00
     vertex -1.243750e+00  3.731250e+00  0.000000e+00
     vertex -1.347431e+00  4.789056e+00  0.000000e+00
   endloop
 endfacet
 facet normal -0.000000e+00  0.000000e+00 -1.000000e+00
   outer loop
     vertex  4.876358e+00 -9.857771e-01  0.000000e+00
     vertex  4.821159e+00 -1.227618e+00  0.000000e+00
     vertex  1.243750e+00  2.487500e+00  0.000000e+00
   endloop
 endfacet
 facet normal  0.000000e+00  0.000000e+00 -1.000000e+00
   outer loop
     vertex -8.638997e-01  4.899419e+00  0.000000e+00
     vertex -1.243750e+00  3.731250e+00  0.000000e+00
     vertex -1.107042e+00  4.850266e+00  0.000000e+00
   endloop
 endfacet
 facet normal -0.000000e+00  0.000000e+00 -1.000000e+00
   outer loop
     vertex  4.919433e+00 -7.414853e-01  0.000000e+00
     vertex  4.876358e+00 -9.857771e-01  0.000000e+00
     vertex  1.243750e+00  2.487500e+00  0.000000e+00
   endloop
 endfacet
 facet normal  0.000000e+00  0.000000e+00 -1.000000e+00
   outer loop
     vertex -6.186099e-01  4.936390e+00  0.000000e+00
     vertex -1.243750e+00  3.731250e+00  0.000000e+00
     vertex -8.638997e-01  4.899419e+00  0.000000e+00
   endloop
 endfacet
 facet normal -0.000000e+00  0.000000e+00 -1.000000e+00
   outer loop
     vertex  4.950278e+00 -4.953500e-01  0.000000e+00
     vertex  4.919433e+00 -7.414853e-01  0.000000e+00
     vertex  1.243750e+00  2.487500e+00  0.000000e+00
   endloop
 endfacet
 facet normal  0.000000e+00  0.000000e+00 -1.000000e+00
   outer loop
     vertex -3.717822e-01  4.961089e+00  0.000000e+00
     vertex -1.243750e+00  3.731250e+00  0.000000e+00
     vertex -6.186099e-01  4.936390e+00  0.000000e+00
   endloop
 endfacet
 facet normal -0.000000e+00  0.000000e+00 -1.000000e+00
   outer loop
     vertex  4.968816e+00 -2.479833e-01  0.000000e+00
     vertex  4.950278e+00 -4.953500e-01  0.000000e+00
     vertex  1.243750e+00  2.487500e+00  0.000000e+00
   endloop
 endfacet
 facet normal  0.000000e+00  0.000000e+00 -1.000000e+00
   outer loop
     vertex -1.240302e-01  4.973454e+00  0.000000e+00
     vertex -1.243750e+00  3.731250e+00  0.000000e+00
     vertex -3.717822e-01  4.961089e+00  0.000000e+00
   endloop
 endfacet
 facet normal -0.000000e+00  0.000000e+00 -1.000000e+00
   outer loop
     vertex  4.975000e+00  0.000000e+00  0.000000e+00
     vertex  4.968816e+00 -2.479833e-01  0.000000e+00
     vertex  1.243750e+00  2.487500e+00  0.000000e+00
   endloop
 endfacet
 facet normal  0.000000e+00  0.000000e+00 -1.000000e+00
   outer loop
     vertex  1.243750e+00  3.731250e+00  0.000000e+00
     vertex -1.243750e+00  3.731250e+00  0.000000e+00
     vertex -1.240302e-01  4.973454e+00  0.000000e+00
   endloop
 endfacet
 facet normal -0.000000e+00 -0.000000e+00 -1.000000e+00
   outer loop
     vertex  1.240302e-01  4.973454e+00  0.000000e+00
     vertex  1.243750e+00  3.731250e+00  0.000000e+00
     vertex -1.240302e-01  4.973454e+00  0.000000e+00
   endloop
 endfacet
 facet normal -0.000000e+00 -0.000000e+00 -1.000000e+00
   outer loop
     vertex  4.968816e+00  2.479833e-01  0.000000e+00
     vertex  4.975000e+00  0.000000e+00  0.000000e+00
     vertex  1.243750e+00  2.487500e+00  0.000000e+00
   endloop
 endfacet
 facet normal -0.000000e+00 -0.000000e+00 -1.000000e+00
   outer loop
     vertex  3.717822e-01  4.961089e+00  0.000000e+00
     vertex  1.243750e+00  3.731250e+00  0.000000e+00
     vertex  1.240302e-01  4.973454e+00  0.000000e+00
   endloop
 endfacet
 facet normal -0.000000e+00 -0.000000e+00 -1.000000e+00
   outer loop
     vertex  4.950278e+00  4.953500e-01  0.000000e+00
     vertex  4.968816e+00  2.479833e-01  0.000000e+00
     vertex  1.243750e+00  2.487500e+00  0.000000e+00
   endloop
 endfacet
 facet normal -0.000000e+00 -0.000000e+00 -1.000000e+00
   outer loop
     vertex  6.186099e-01  4.936390e+00  0.000000e+00
     vertex  1.243750e+00  3.731250e+00  0.000000e+00
     vertex  3.717822e-01  4.961089e+00  0.000000e+00
   endloop
 endfacet
 facet normal -0.000000e+00 -0.000000e+00 -1.000000e+00
   outer loop
     vertex  4.919433e+00  7.414853e-01  0.000000e+00
     vertex  4.950278e+00  4.953500e-01  0.000000e+00
     vertex  1.243750e+00  2.487500e+00  0.000000e+00
   endloop
 endfacet
 facet normal -0.000000e+00 -0.000000e+00 -1.000000e+00
   outer loop
     vertex  8.638997e-01  4.899419e+00  0.000000e+00
     vertex  1.243750e+00  3.731250e+00  0.000000e+00
     vertex  6.186099e-01  4.936390e+00  0.000000e+00
   endloop
 endfacet
 facet normal -0.000000e+00 -0.000000e+00 -1.000000e+00
   outer loop
     vertex  4.876358e+00  9.857771e-01  0.000000e+00
     vertex  4.919433e+00  7.414853e-01  0.000000e+00
     vertex  1.243750e+00  2.487500e+00  0.000000e+00
   endloop
 endfacet
 facet normal -0.000000e+00 -0.000000e+00 -1.000000e+00
   outer loop
     vertex  1.107042e+00  4.850266e+00  0.000000e+00
     vertex  1.243750e+00  3.731250e+00  0.000000e+00
     vertex  8.638997e-01  4.899419e+00  0.000000e+00
   endloop
 endfacet
 facet normal -0.000000e+00 -0.000000e+00 -1.000000e+00
   outer loop
     vertex  4.821159e+00  1.227618e+00  0.000000e+00
     vertex  4.876358e+00  9.857771e-01  0.000000e+00
     vertex  1.243750e+00  2.487500e+00  0.000000e+00
   endloop
 endfacet
 facet normal -0.000000e+00  0.000000e+00 -1.000000e+00
   outer loop
     vertex  1.347431e+00  4.789056e+00  0.000000e+00
     vertex  1.243750e+00  3.731250e+00  0.000000e+00
     vertex  1.107042e+00  4.850266e+00  0.000000e+00
   endloop
 endfacet
 facet normal -0.000000e+00 -0.000000e+00 -1.000000e+00
   outer loop
     vertex  4.753975e+00  1.466407e+00  0.000000e+00
     vertex  4.821159e+00  1.227618e+00  0.000000e+00
     vertex  1.243750e+00  2.487500e+00  0.000000e+00
   endloop
 endfacet
 facet normal -0.000000e+00  0.000000e+00 -1.000000e+00
   outer loop
     vertex  1.584471e+00  4.715939e+00  0.000000e+00
     vertex  1.243750e+00  3.731250e+00  0.000000e+00
     vertex  1.347431e+00  4.789056e+00  0.000000e+00
   endloop
 endfacet
 facet normal -0.000000e+00 -0.000000e+00 -1.000000e+00
   outer loop
     vertex  4.674971e+00  1.701550e+00  0.000000e+00
     vertex  4.753975e+00  1.466407e+00  0.000000e+00
     vertex  1.243750e+00  2.487500e+00  0.000000e+00
   endloop
 endfacet
 facet normal -0.000000e+00  0.000000e+00 -1.000000e+00
   outer loop
     vertex  1.817572e+00  4.631097e+00  0.000000e+00
     vertex  1.243750e+00  3.731250e+00  0.000000e+00
     vertex  1.584471e+00  4.715939e+00  0.000000e+00
   endloop
 endfacet
 facet normal -0.000000e+00 -0.000000e+00 -1.000000e+00
   outer loop
     vertex  4.584344e+00  1.932463e+00  0.000000e+00
     vertex  4.674971e+00  1.701550e+00  0.000000e+00
     vertex  1.243750e+00  2.487500e+00  0.000000e+00
   endloop
 endfacet
 facet normal -0.000000e+00  0.000000e+00 -1.000000e+00
   outer loop
     vertex  2.046153e+00  4.534742e+00  0.000000e+00
     vertex  1.243750e+00  3.731250e+00  0.000000e+00
     vertex  1.817572e+00  4.631097e+00  0.000000e+00
   endloop
 endfacet
 facet normal -0.000000e+00 -0.000000e+00 -1.000000e+00
   outer loop
     vertex  4.482320e+00  2.158572e+00  0.000000e+00
     vertex  4.584344e+00  1.932463e+00  0.000000e+00
     vertex  1.243750e+00  2.487500e+00  0.000000e+00
   endloop
 endfacet
 facet normal -0.000000e+00  0.000000e+00 -1.000000e+00
   outer loop
     vertex  2.269648e+00  4.427112e+00  0.000000e+00
     vertex  1.243750e+00  3.731250e+00  0.000000e+00
     vertex  2.046153e+00  4.534742e+00  0.000000e+00
   endloop
 endfacet
 facet normal -0.000000e+00 -0.000000e+00 -1.000000e+00
   outer loop
     vertex  4.369152e+00  2.379314e+00  0.000000e+00
     vertex  4.482320e+00  2.158572e+00  0.000000e+00
     vertex  1.243750e+00  2.487500e+00  0.000000e+00
   endloop
 endfacet
 facet normal -0.000000e+00  0.000000e+00 -1.000000e+00
   outer loop
     vertex  2.487500e+00  4.308476e+00  0.000000e+00
     vertex  1.243750e+00  3.731250e+00  0.000000e+00
     vertex  2.269648e+00  4.427112e+00  0.000000e+00
   endloop
 endfacet
 facet normal  0.000000e+00 -0.000000e+00 -1.000000e+00
   outer loop
     vertex  4.245122e+00  2.594140e+00  0.000000e+00
     vertex  4.369152e+00  2.379314e+00  0.000000e+00
     vertex  1.243750e+00  2.487500e+00  0.000000e+00
   endloop
 endfacet
 facet normal -0.000000e+00  0.000000e+00 -1.000000e+00
   outer loop
     vertex  2.699168e+00  4.179129e+00  0.000000e+00
     vertex  1.243750e+00  3.731250e+00  0.000000e+00
     vertex  2.487500e+00  4.308476e+00  0.000000e+00
   endloop
 endfacet
 facet normal  0.000000e+00 -0.000000e+00 -1.000000e+00
   outer loop
     vertex  4.110538e+00  2.802517e+00  0.000000e+00
     vertex  4.245122e+00  2.594140e+00  0.000000e+00
     vertex  1.243750e+00  2.487500e+00  0.000000e+00
   endloop
 endfacet
 facet normal  0.000000e+00  0.000000e+00 -1.000000e+00
   outer loop
     vertex  2.904125e+00  4.039392e+00  0.000000e+00
     vertex  1.243750e+00  2.487500e+00  0.000000e+00
     vertex  1.243750e+00  3.731250e+00  0.000000e+00
   endloop
 endfacet
 facet normal -0.000000e+00  0.000000e+00 -1.000000e+00
   outer loop
     vertex  2.904125e+00  4.039392e+00  0.000000e+00
     vertex  1.243750e+00  3.731250e+00  0.000000e+00
     vertex  2.699168e+00  4.179129e+00  0.000000e+00
   endloop
 endfacet
 facet normal  0.000000e+00 -0.000000e+00 -1.000000e+00
   outer loop
     vertex  3.965734e+00  3.003927e+00  0.000000e+00
     vertex  4.110538e+00  2.802517e+00  0.000000e+00
     vertex  1.243750e+00  2.487500e+00  0.000000e+00
   endloop
 endfacet
 facet normal -0.000000e+00  0.000000e+00 -1.000000e+00
   outer loop
     vertex  3.101862e+00  3.889612e+00  0.000000e+00
     vertex  1.243750e+00  2.487500e+00  0.000000e+00
     vertex  2.904125e+00  4.039392e+00  0.000000e+00
   endloop
 endfacet
 facet normal  0.000000e+00 -0.000000e+00 -1.000000e+00
   outer loop
     vertex  3.811071e+00  3.197868e+00  0.000000e+00
     vertex  3.965734e+00  3.003927e+00  0.000000e+00
     vertex  1.243750e+00  2.487500e+00  0.000000e+00
   endloop
 endfacet
 facet normal -0.000000e+00  0.000000e+00 -1.000000e+00
   outer loop
     vertex  3.291887e+00  3.730161e+00  0.000000e+00
     vertex  1.243750e+00  2.487500e+00  0.000000e+00
     vertex  3.101862e+00  3.889612e+00  0.000000e+00
   endloop
 endfacet
 facet normal  0.000000e+00 -0.000000e+00 -1.000000e+00
   outer loop
     vertex  3.646933e+00  3.383859e+00  0.000000e+00
     vertex  3.811071e+00  3.197868e+00  0.000000e+00
     vertex  1.243750e+00  2.487500e+00  0.000000e+00
   endloop
 endfacet
 facet normal -0.000000e+00  0.000000e+00 -1.000000e+00
   outer loop
     vertex  3.473728e+00  3.561438e+00  0.000000e+00
     vertex  1.243750e+00  2.487500e+00  0.000000e+00
     vertex  3.291887e+00  3.730161e+00  0.000000e+00
   endloop
 endfacet
 facet normal  0.000000e+00 -0.000000e+00 -1.000000e+00
   outer loop
     vertex  3.473728e+00  3.561438e+00  0.000000e+00
     vertex  3.646933e+00  3.383859e+00  0.000000e+00
     vertex  1.243750e+00  2.487500e+00  0.000000e+00
   endloop
 endfacet
 facet normal  0.000000e+00  0.000000e+00  1.000000e+00
   outer loop
     vertex -1.243750e+00  2.487500e+00  3.796000e+01
     vertex -2.614004e+00  3.635858e+00  3.796000e+01
     vertex -2.791987e+00  3.501041e+00  3.796000e+01
   endloop
 endfacet
 facet normal  0.000000e+00  0.000000e+00  1.000000e+00
   outer loop
     vertex -1.243750e+00  2.487500e+00  3.796000e+01
     vertex -2.791987e+00  3.501041e+00  3.796000e+01
     vertex -2.963029e+00  3.357520e+00  3.796000e+01
   endloop
 endfacet
 facet normal  0.000000e+00  0.000000e+00  1.000000e+00
   outer loop
     vertex -1.243750e+00  2.487500e+00  3.796000e+01
     vertex -2.963029e+00  3.357520e+00  3.796000e+01
     vertex -3.126704e+00  3.205652e+00  3.796000e+01
   endloop
 endfacet
 facet normal  0.000000e+00  0.000000e+00  1.000000e+00
   outer loop
     vertex -1.243750e+00  2.487500e+00  3.796000e+01
     vertex -3.126704e+00  3.205652e+00  3.796000e+01
     vertex -3.282606e+00  3.045814e+00  3.796000e+01
   endloop
 endfacet
 facet normal  0.000000e+00  0.000000e+00  1.000000e+00
   outer loop
     vertex -1.243750e+00  2.487500e+00  3.796000e+01
     vertex -3.282606e+00  3.045814e+00  3.796000e+01
     vertex -3.430347e+00  2.878403e+00  3.796000e+01
   endloop
 endfacet
 facet normal  0.000000e+00  0.000000e+00  1.000000e+00
   outer loop
     vertex -1.243750e+00  2.487500e+00  3.796000e+01
     vertex -3.430347e+00  2.878403e+00  3.796000e+01
     vertex -3.569559e+00  2.703836e+00  3.796000e+01
   endloop
 endfacet
 facet normal  0.000000e+00  0.000000e+00  1.000000e+00
   outer loop
     vertex -1.243750e+00  2.487500e+00  3.796000e+01
     vertex -3.569559e+00  2.703836e+00  3.796000e+01
     vertex -3.699897e+00  2.522547e+00  3.796000e+01
   endloop
 endfacet
 facet normal  0.000000e+00  0.000000e+00  1.000000e+00
   outer loop
     vertex -1.243750e+00  2.487500e+00  3.796000e+01
     vertex -3.699897e+00  2.522547e+00  3.796000e+01
     vertex -3.821037e+00  2.334987e+00  3.796000e+01
   endloop
 endfacet
 facet normal  0.000000e+00  0.000000e+00  1.000000e+00
   outer loop
     vertex -1.243750e+00  2.487500e+00  3.796000e+01
     vertex -3.821037e+00  2.334987e+00  3.796000e+01
     vertex -3.932676e+00  2.141621e+00  3.796000e+01
   endloop
 endfacet
 facet normal  0.000000e+00  0.000000e+00  1.000000e+00
   outer loop
     vertex -1.243750e+00  2.487500e+00  3.796000e+01
     vertex -3.932676e+00  2.141621e+00  3.796000e+01
     vertex -4.034539e+00  1.942931e+00  3.796000e+01
   endloop
 endfacet
 facet normal  0.000000e+00  0.000000e+00  1.000000e+00
   outer loop
     vertex -1.243750e+00  2.487500e+00  3.796000e+01
     vertex -4.034539e+00  1.942931e+00  3.796000e+01
     vertex -4.126370e+00  1.739411e+00  3.796000e+01
   endloop
 endfacet
 facet normal  0.000000e+00  0.000000e+00  1.000000e+00
   outer loop
     vertex -1.243750e+00  2.487500e+00  3.796000e+01
     vertex -4.126370e+00  1.739411e+00  3.796000e+01
     vertex -4.207944e+00  1.531566e+00  3.796000e+01
   endloop
 endfacet
 facet normal  0.000000e+00  0.000000e+00  1.000000e+00
   outer loop
     vertex -1.243750e+00  2.487500e+00  3.796000e+01
     vertex -4.207944e+00  1.531566e+00  3.796000e+01
     vertex -4.279055e+00  1.319914e+00  3.796000e+01
   endloop
 endfacet
 facet normal  0.000000e+00  0.000000e+00  1.000000e+00
   outer loop
     vertex -1.243750e+00  2.487500e+00  3.796000e+01
     vertex -4.279055e+00  1.319914e+00  3.796000e+01
     vertex -4.339528e+00  1.104980e+00  3.796000e+01
   endloop
 endfacet
 facet normal  0.000000e+00  0.000000e+00  1.000000e+00
   outer loop
     vertex -1.243750e+00  2.487500e+00  3.796000e+01
     vertex -4.339528e+00  1.104980e+00  3.796000e+01
     vertex -4.389212e+00  8.872984e-01  3.796000e+01
   endloop
 endfacet
 facet normal  0.000000e+00  0.000000e+00  1.000000e+00
   outer loop
     vertex -1.243750e+00  2.487500e+00  3.796000e+01
     vertex -4.389212e+00  8.872984e-01  3.796000e+01
     vertex -4.427984e+00  6.674113e-01  3.796000e+01
   endloop
 endfacet
 facet normal  0.000000e+00  0.000000e+00  1.000000e+00
   outer loop
     vertex -1.243750e+00  2.487500e+00  3.796000e+01
     vertex -4.427984e+00  6.674113e-01  3.796000e+01
     vertex -4.455748e+00  4.458648e-01  3.796000e+01
   endloop
 endfacet
 facet normal  0.000000e+00  0.000000e+00  1.000000e+00
   outer loop
     vertex -1.243750e+00  2.487500e+00  3.796000e+01
     vertex -4.455748e+00  4.458648e-01  3.796000e+01
     vertex -4.472433e+00  2.232099e-01  3.796000e+01
   endloop
 endfacet
 facet normal  0.000000e+00  0.000000e+00  1.000000e+00
   outer loop
     vertex -1.243750e+00  2.487500e+00  3.796000e+01
     vertex -4.472433e+00  2.232099e-01  3.796000e+01
     vertex -4.478000e+00 -1.536066e-14  3.796000e+01
   endloop
 endfacet
 facet normal  0.000000e+00  0.000000e+00  1.000000e+00
   outer loop
     vertex -1.243750e+00  2.487500e+00  3.796000e+01
     vertex -4.478000e+00 -1.536066e-14  3.796000e+01
     vertex -4.472433e+00 -2.232099e-01  3.796000e+01
   endloop
 endfacet
 facet normal  0.000000e+00  0.000000e+00  1.000000e+00
   outer loop
     vertex -1.243750e+00  2.487500e+00  3.796000e+01
     vertex -4.472433e+00 -2.232099e-01  3.796000e+01
     vertex -4.455748e+00 -4.458648e-01  3.796000e+01
   endloop
 endfacet
 facet normal  0.000000e+00  0.000000e+00  1.000000e+00
   outer loop
     vertex -1.243750e+00  2.487500e+00  3.796000e+01
     vertex -4.455748e+00 -4.458648e-01  3.796000e+01
     vertex -4.427984e+00 -6.674113e-01  3.796000e+01
   endloop
 endfacet
 facet normal  0.000000e+00  0.000000e+00  1.000000e+00
   outer loop
     vertex -1.243750e+00  2.487500e+00  3.796000e+01
     vertex -4.427984e+00 -6.674113e-01  3.796000e+01
     vertex -4.389212e+00 -8.872984e-01  3.796000e+01
   endloop
 endfacet
 facet normal  0.000000e+00  0.000000e+00  1.000000e+00
   outer loop
     vertex -1.243750e+00  2.487500e+00  3.796000e+01
     vertex -4.389212e+00 -8.872984e-01  3.796000e+01
     vertex -4.339528e+00 -1.104980e+00  3.796000e+01
   endloop
 endfacet
 facet normal  0.000000e+00  0.000000e+00  1.000000e+00
   outer loop
     vertex -1.243750e+00  2.487500e+00  3.796000e+01
     vertex -4.339528e+00 -1.104980e+00  3.796000e+01
     vertex -4.279055e+00 -1.319914e+00  3.796000e+01
   endloop
 endfacet
 facet normal  0.000000e+00  0.000000e+00  1.000000e+00
   outer loop
     vertex -1.243750e+00  2.487500e+00  3.796000e+01
     vertex -4.279055e+00 -1.319914e+00  3.796000e+01
     vertex -4.207944e+00 -1.531566e+00  3.796000e+01
   endloop
 endfacet
 facet normal  0.000000e+00  0.000000e+00  1.000000e+00
   outer loop
     vertex -1.243750e+00  2.487500e+00  3.796000e+01
     vertex -4.207944e+00 -1.531566e+00  3.796000e+01
     vertex -4.126370e+00 -1.739411e+00  3.796000e+01
   endloop
 endfacet
 facet normal  0.000000e+00  0.000000e+00  1.000000e+00
   outer loop
     vertex -1.243750e+00  2.487500e+00  3.796000e+01
     vertex -4.126370e+00 -1.739411e+00  3.796000e+01
     vertex -4.034539e+00 -1.942931e+00  3.796000e+01
   endloop
 endfacet
 facet normal  0.000000e+00  0.000000e+00  1.000000e+00
   outer loop
     vertex -1.243750e+00  2.487500e+00  3.796000e+01
     vertex -4.034539e+00 -1.942931e+00  3.796000e+01
     vertex -3.932676e+00 -2.141621e+00  3.796000e+01
   endloop
 endfacet
 facet normal  0.000000e+00  0.000000e+00  1.000000e+00
   outer loop
     vertex -1.243750e+00  2.487500e+00  3.796000e+01
     vertex -3.932676e+00 -2.141621e+00  3.796000e+01
     vertex -3.821037e+00 -2.334987e+00  3.796000e+01
   endloop
 endfacet
 facet normal  0.000000e+00  0.000000e+00  1.000000e+00
   outer loop
     vertex -1.243750e+00  2.487500e+00  3.796000e+01
     vertex -3.821037e+00 -2.334987e+00  3.796000e+01
     vertex -3.699897e+00 -2.522547e+00  3.796000e+01
   endloop
 endfacet
 facet normal  0.000000e+00  0.000000e+00  1.000000e+00
   outer loop
     vertex -1.243750e+00  2.487500e+00  3.796000e+01
     vertex -3.699897e+00 -2.522547e+00  3.796000e+01
     vertex -3.569559e+00 -2.703836e+00  3.796000e+01
   endloop
 endfacet
 facet normal  0.000000e+00  0.000000e+00  1.000000e+00
   outer loop
     vertex -1.243750e+00  2.487500e+00  3.796000e+01
     vertex -3.569559e+00 -2.703836e+00  3.796000e+01
     vertex -3.430347e+00 -2.878403e+00  3.796000e+01
   endloop
 endfacet
 facet normal  0.000000e+00  0.000000e+00  1.000000e+00
   outer loop
     vertex -1.243750e+00  2.487500e+00  3.796000e+01
     vertex -3.430347e+00 -2.878403e+00  3.796000e+01
     vertex -3.282606e+00 -3.045814e+00  3.796000e+01
   endloop
 endfacet
 facet normal  0.000000e+00  0.000000e+00  1.000000e+00
   outer loop
     vertex -1.243750e+00  2.487500e+00  3.796000e+01
     vertex -3.282606e+00 -3.045814e+00  3.796000e+01
     vertex -3.126704e+00 -3.205652e+00  3.796000e+01
   endloop
 endfacet
 facet normal  0.000000e+00  0.000000e+00  1.000000e+00
   outer loop
     vertex -1.243750e+00  2.487500e+00  3.796000e+01
     vertex -3.126704e+00 -3.205652e+00  3.796000e+01
     vertex -2.963029e+00 -3.357520e+00  3.796000e+01
   endloop
 endfacet
 facet normal  0.000000e+00  0.000000e+00  1.000000e+00
   outer loop
     vertex -1.243750e+00  2.487500e+00  3.796000e+01
     vertex -2.963029e+00 -3.357520e+00  3.796000e+01
     vertex -2.791987e+00 -3.501041e+00  3.796000e+01
   endloop
 endfacet
 facet normal  0.000000e+00  0.000000e+00  1.000000e+00
   outer loop
     vertex -1.243750e+00  2.487500e+00  3.796000e+01
     vertex -2.791987e+00 -3.501041e+00  3.796000e+01
     vertex -2.614004e+00 -3.635858e+00  3.796000e+01
   endloop
 endfacet
 facet normal  0.000000e+00  0.000000e+00  1.000000e+00
   outer loop
     vertex -1.243750e+00  2.487500e+00  3.796000e+01
     vertex -2.614004e+00 -3.635858e+00  3.796000e+01
     vertex -2.429522e+00 -3.761636e+00  3.796000e+01
   endloop
 endfacet
 facet normal  0.000000e+00  0.000000e+00  1.000000e+00
   outer loop
     vertex -1.243750e+00  2.487500e+00  3.796000e+01
     vertex -2.429522e+00 -3.761636e+00  3.796000e+01
     vertex -2.239000e+00 -3.878062e+00  3.796000e+01
   endloop
 endfacet
 facet normal  0.000000e+00  0.000000e+00  1.000000e+00
   outer loop
     vertex -1.243750e+00  2.487500e+00  3.796000e+01
     vertex -2.239000e+00 -3.878062e+00  3.796000e+01
     vertex -2.042911e+00 -3.984846e+00  3.796000e+01
   endloop
 endfacet
 facet normal  0.000000e+00  0.000000e+00  1.000000e+00
   outer loop
     vertex -1.243750e+00  2.487500e+00  3.796000e+01
     vertex -2.042911e+00 -3.984846e+00  3.796000e+01
     vertex -1.841744e+00 -4.081723e+00  3.796000e+01
   endloop
 endfacet
 facet normal  0.000000e+00  0.000000e+00  1.000000e+00
   outer loop
     vertex -1.243750e+00  2.487500e+00  3.796000e+01
     vertex -1.841744e+00 -4.081723e+00  3.796000e+01
     vertex -1.635997e+00 -4.168453e+00  3.796000e+01
   endloop
 endfacet
 facet normal  0.000000e+00  0.000000e+00  1.000000e+00
   outer loop
     vertex -1.243750e+00  2.487500e+00  3.796000e+01
     vertex -1.635997e+00 -4.168453e+00  3.796000e+01
     vertex -1.426183e+00 -4.244819e+00  3.796000e+01
   endloop
 endfacet
 facet normal  0.000000e+00  0.000000e+00  1.000000e+00
   outer loop
     vertex -1.243750e+00  2.487500e+00  3.796000e+01
     vertex -1.426183e+00 -4.244819e+00  3.796000e+01
     vertex -1.212824e+00 -4.310631e+00  3.796000e+01
   endloop
 endfacet
 facet normal  0.000000e+00  0.000000e+00  1.000000e+00
   outer loop
     vertex -1.243750e+00  2.487500e+00  3.796000e+01
     vertex -1.212824e+00 -4.310631e+00  3.796000e+01
     vertex -9.964487e-01 -4.365727e+00  3.796000e+01
   endloop
 endfacet
 facet normal  0.000000e+00  0.000000e+00  1.000000e+00
   outer loop
     vertex -1.243750e+00  2.487500e+00  3.796000e+01
     vertex -9.964487e-01 -4.365727e+00  3.796000e+01
     vertex -7.775965e-01 -4.409969e+00  3.796000e+01
   endloop
 endfacet
 facet normal  0.000000e+00  0.000000e+00  1.000000e+00
   outer loop
     vertex -1.243750e+00  2.487500e+00  3.796000e+01
     vertex -7.775965e-01 -4.409969e+00  3.796000e+01
     vertex -5.568111e-01 -4.443247e+00  3.796000e+01
   endloop
 endfacet
 facet normal  0.000000e+00  0.000000e+00  1.000000e+00
   outer loop
     vertex -1.243750e+00  2.487500e+00  3.796000e+01
     vertex -5.568111e-01 -4.443247e+00  3.796000e+01
     vertex -3.346414e-01 -4.465479e+00  3.796000e+01
   endloop
 endfacet
 facet normal  0.000000e+00  0.000000e+00  1.000000e+00
   outer loop
     vertex -1.243750e+00  2.487500e+00  3.796000e+01
     vertex -3.346414e-01 -4.465479e+00  3.796000e+01
     vertex -1.116396e-01 -4.476608e+00  3.796000e+01
   endloop
 endfacet
 facet normal  0.000000e+00  0.000000e+00  1.000000e+00
   outer loop
     vertex -2.429522e+00  3.761636e+00  3.796000e+01
     vertex -2.614004e+00  3.635858e+00  3.796000e+01
     vertex -1.243750e+00  2.487500e+00  3.796000e+01
   endloop
 endfacet
 facet normal  0.000000e+00  0.000000e+00  1.000000e+00
   outer loop
     vertex -2.239000e+00  3.878062e+00  3.796000e+01
     vertex -2.429522e+00  3.761636e+00  3.796000e+01
     vertex -1.243750e+00  2.487500e+00  3.796000e+01
   endloop
 endfacet
 facet normal  0.000000e+00  0.000000e+00  1.000000e+00
   outer loop
     vertex -1.243750e+00  3.731250e+00  3.796000e+01
     vertex -1.841744e+00  4.081723e+00  3.796000e+01
     vertex -2.042911e+00  3.984846e+00  3.796000e+01
   endloop
 endfacet
 facet normal  0.000000e+00  0.000000e+00  1.000000e+00
   outer loop
     vertex -1.243750e+00  3.731250e+00  3.796000e+01
     vertex -2.042911e+00  3.984846e+00  3.796000e+01
     vertex -2.239000e+00  3.878062e+00  3.796000e+01
   endloop
 endfacet
 facet normal  0.000000e+00  0.000000e+00  1.000000e+00
   outer loop
     vertex -1.243750e+00  3.731250e+00  3.796000e+01
     vertex -2.239000e+00  3.878062e+00  3.796000e+01
     vertex -1.243750e+00  2.487500e+00  3.796000e+01
   endloop
 endfacet
 facet normal  0.000000e+00  0.000000e+00  1.000000e+00
   outer loop
     vertex -1.635997e+00  4.168453e+00  3.796000e+01
     vertex -1.841744e+00  4.081723e+00  3.796000e+01
     vertex -1.243750e+00  3.731250e+00  3.796000e+01
   endloop
 endfacet
 facet normal  0.000000e+00  0.000000e+00  1.000000e+00
   outer loop
     vertex -1.426183e+00  4.244819e+00  3.796000e+01
     vertex -1.635997e+00  4.168453e+00  3.796000e+01
     vertex -1.243750e+00  3.731250e+00  3.796000e+01
   endloop
 endfacet
 facet normal  0.000000e+00  0.000000e+00  1.000000e+00
   outer loop
     vertex -1.212824e+00  4.310631e+00  3.796000e+01
     vertex -1.426183e+00  4.244819e+00  3.796000e+01
     vertex -1.243750e+00  3.731250e+00  3.796000e+01
   endloop
 endfacet
 facet normal  0.000000e+00  0.000000e+00  1.000000e+00
   outer loop
     vertex -9.964487e-01  4.365727e+00  3.796000e+01
     vertex -1.212824e+00  4.310631e+00  3.796000e+01
     vertex -1.243750e+00  3.731250e+00  3.796000e+01
   endloop
 endfacet
 facet normal  0.000000e+00  0.000000e+00  1.000000e+00
   outer loop
     vertex -7.775965e-01  4.409969e+00  3.796000e+01
     vertex -9.964487e-01  4.365727e+00  3.796000e+01
     vertex -1.243750e+00  3.731250e+00  3.796000e+01
   endloop
 endfacet
 facet normal  0.000000e+00  0.000000e+00  1.000000e+00
   outer loop
     vertex  1.243750e+00  2.487500e+00  3.796000e+01
     vertex  1.212824e+00 -4.310631e+00  3.796000e+01
     vertex  1.426183e+00 -4.244819e+00  3.796000e+01
   endloop
 endfacet
 facet normal  0.000000e+00  0.000000e+00  1.000000e+00
   outer loop
     vertex  1.243750e+00  2.487500e+00  3.796000e+01
     vertex  1.426183e+00 -4.244819e+00  3.796000e+01
     vertex  1.635997e+00 -4.168453e+00  3.796000e+01
   endloop
 endfacet
 facet normal  0.000000e+00  0.000000e+00  1.000000e+00
   outer loop
     vertex  1.243750e+00  2.487500e+00  3.796000e+01
     vertex  1.635997e+00 -4.168453e+00  3.796000e+01
     vertex  1.841744e+00 -4.081723e+00  3.796000e+01
   endloop
 endfacet
 facet normal  0.000000e+00  0.000000e+00  1.000000e+00
   outer loop
     vertex  1.243750e+00  2.487500e+00  3.796000e+01
     vertex  1.841744e+00 -4.081723e+00  3.796000e+01
     vertex  2.042911e+00 -3.984846e+00  3.796000e+01
   endloop
 endfacet
 facet normal  0.000000e+00  0.000000e+00  1.000000e+00
   outer loop
     vertex  1.243750e+00  2.487500e+00  3.796000e+01
     vertex  2.042911e+00 -3.984846e+00  3.796000e+01
     vertex  2.239000e+00 -3.878062e+00  3.796000e+01
   endloop
 endfacet
 facet normal  0.000000e+00  0.000000e+00  1.000000e+00
   outer loop
     vertex  1.243750e+00  2.487500e+00  3.796000e+01
     vertex  2.239000e+00 -3.878062e+00  3.796000e+01
     vertex  2.429522e+00 -3.761636e+00  3.796000e+01
   endloop
 endfacet
 facet normal  0.000000e+00  0.000000e+00  1.000000e+00
   outer loop
     vertex  1.243750e+00  2.487500e+00  3.796000e+01
     vertex  2.429522e+00 -3.761636e+00  3.796000e+01
     vertex  2.614004e+00 -3.635858e+00  3.796000e+01
   endloop
 endfacet
 facet normal  0.000000e+00  0.000000e+00  1.000000e+00
   outer loop
     vertex  1.243750e+00  2.487500e+00  3.796000e+01
     vertex  2.614004e+00 -3.635858e+00  3.796000e+01
     vertex  2.791987e+00 -3.501041e+00  3.796000e+01
   endloop
 endfacet
 facet normal  0.000000e+00  0.000000e+00  1.000000e+00
   outer loop
     vertex  1.243750e+00  2.487500e+00  3.796000e+01
     vertex  2.791987e+00 -3.501041e+00  3.796000e+01
     vertex  2.963029e+00 -3.357520e+00  3.796000e+01
   endloop
 endfacet
 facet normal  0.000000e+00  0.000000e+00  1.000000e+00
   outer loop
     vertex  1.243750e+00  2.487500e+00  3.796000e+01
     vertex  2.963029e+00 -3.357520e+00  3.796000e+01
     vertex  3.126704e+00 -3.205652e+00  3.796000e+01
   endloop
 endfacet
 facet normal  0.000000e+00  0.000000e+00  1.000000e+00
   outer loop
     vertex  1.243750e+00  2.487500e+00  3.796000e+01
     vertex  3.126704e+00 -3.205652e+00  3.796000e+01
     vertex  3.282606e+00 -3.045814e+00  3.796000e+01
   endloop
 endfacet
 facet normal  0.000000e+00  0.000000e+00  1.000000e+00
   outer loop
     vertex  1.243750e+00  2.487500e+00  3.796000e+01
     vertex  3.282606e+00 -3.045814e+00  3.796000e+01
     vertex  3.430347e+00 -2.878403e+00  3.796000e+01
   endloop
 endfacet
 facet normal  0.000000e+00  0.000000e+00  1.000000e+00
   outer loop
     vertex  1.243750e+00  2.487500e+00  3.796000e+01
     vertex  3.430347e+00 -2.878403e+00  3.796000e+01
     vertex  3.569559e+00 -2.703836e+00  3.796000e+01
   endloop
 endfacet
 facet normal  0.000000e+00  0.000000e+00  1.000000e+00
   outer loop
     vertex  1.243750e+00  2.487500e+00  3.796000e+01
     vertex  3.569559e+00 -2.703836e+00  3.796000e+01
     vertex  3.699897e+00 -2.522547e+00  3.796000e+01
   endloop
 endfacet
 facet normal  0.000000e+00  0.000000e+00  1.000000e+00
   outer loop
     vertex  1.243750e+00  2.487500e+00  3.796000e+01
     vertex  3.699897e+00 -2.522547e+00  3.796000e+01
     vertex  3.821037e+00 -2.334987e+00  3.796000e+01
   endloop
 endfacet
 facet normal  0.000000e+00  0.000000e+00  1.000000e+00
   outer loop
     vertex  1.243750e+00  2.487500e+00  3.796000e+01
     vertex  3.821037e+00 -2.334987e+00  3.796000e+01
     vertex  3.932676e+00 -2.141621e+00  3.796000e+01
   endloop
 endfacet
 facet normal  0.000000e+00  0.000000e+00  1.000000e+00
   outer loop
     vertex  1.243750e+00  2.487500e+00  3.796000e+01
     vertex  3.932676e+00 -2.141621e+00  3.796000e+01
     vertex  4.034539e+00 -1.942931e+00  3.796000e+01
   endloop
 endfacet
 facet normal  0.000000e+00  0.000000e+00  1.000000e+00
   outer loop
     vertex  1.243750e+00  2.487500e+00  3.796000e+01
     vertex  4.034539e+00 -1.942931e+00  3.796000e+01
     vertex  4.126370e+00 -1.739411e+00  3.796000e+01
   endloop
 endfacet
 facet normal  0.000000e+00  0.000000e+00  1.000000e+00
   outer loop
     vertex  1.243750e+00  2.487500e+00  3.796000e+01
     vertex  4.126370e+00 -1.739411e+00  3.796000e+01
     vertex  4.207944e+00 -1.531566e+00  3.796000e+01
   endloop
 endfacet
 facet normal  0.000000e+00  0.000000e+00  1.000000e+00
   outer loop
     vertex  1.243750e+00  2.487500e+00  3.796000e+01
     vertex  4.207944e+00 -1.531566e+00  3.796000e+01
     vertex  4.279055e+00 -1.319914e+00  3.796000e+01
   endloop
 endfacet
 facet normal  0.000000e+00  0.000000e+00  1.000000e+00
   outer loop
     vertex  1.243750e+00  2.487500e+00  3.796000e+01
     vertex  4.279055e+00 -1.319914e+00  3.796000e+01
     vertex  4.339528e+00 -1.104980e+00  3.796000e+01
   endloop
 endfacet
 facet normal  0.000000e+00  0.000000e+00  1.000000e+00
   outer loop
     vertex  1.243750e+00  2.487500e+00  3.796000e+01
     vertex  4.339528e+00 -1.104980e+00  3.796000e+01
     vertex  4.389212e+00 -8.872984e-01  3.796000e+01
   endloop
 endfacet
 facet normal  0.000000e+00  0.000000e+00  1.000000e+00
   outer loop
     vertex  1.243750e+00  2.487500e+00  3.796000e+01
     vertex -1.243750e+00  2.487500e+00  3.796000e+01
     vertex -1.116396e-01 -4.476608e+00  3.796000e+01
   endloop
 endfacet
 facet normal  0.000000e+00  0.000000e+00  1.000000e+00
   outer loop
     vertex  1.243750e+00  2.487500e+00  3.796000e+01
     vertex -1.116396e-01 -4.476608e+00  3.796000e+01
     vertex  1.116396e-01 -4.476608e+00  3.796000e+01
   endloop
 endfacet
 facet normal  0.000000e+00  0.000000e+00  1.000000e+00
   outer loop
     vertex  1.243750e+00  2.487500e+00  3.796000e+01
     vertex  1.116396e-01 -4.476608e+00  3.796000e+01
     vertex  3.346414e-01 -4.465479e+00  3.796000e+01
   endloop
 endfacet
 facet normal  0.000000e+00  0.000000e+00  1.000000e+00
   outer loop
     vertex  1.243750e+00  2.487500e+00  3.796000e+01
     vertex  3.346414e-01 -4.465479e+00  3.796000e+01
     vertex  5.568111e-01 -4.443247e+00  3.796000e+01
   endloop
 endfacet
 facet normal  0.000000e+00  0.000000e+00  1.000000e+00
   outer loop
     vertex  1.243750e+00  2.487500e+00  3.796000e+01
     vertex  5.568111e-01 -4.443247e+00  3.796000e+01
     vertex  7.775965e-01 -4.409969e+00  3.796000e+01
   endloop
 endfacet
 facet normal  0.000000e+00  0.000000e+00  1.000000e+00
   outer loop
     vertex  1.243750e+00  2.487500e+00  3.796000e+01
     vertex  7.775965e-01 -4.409969e+00  3.796000e+01
     vertex  9.964487e-01 -4.365727e+00  3.796000e+01
   endloop
 endfacet
 facet normal  0.000000e+00  0.000000e+00  1.000000e+00
   outer loop
     vertex  1.243750e+00  2.487500e+00  3.796000e+01
     vertex  9.964487e-01 -4.365727e+00  3.796000e+01
     vertex  1.212824e+00 -4.310631e+00  3.796000e+01
   endloop
 endfacet
 facet normal  0.000000e+00  0.000000e+00  1.000000e+00
   outer loop
     vertex  4.427984e+00 -6.674113e-01  3.796000e+01
     vertex  1.243750e+00  2.487500e+00  3.796000e+01
     vertex  4.389212e+00 -8.872984e-01  3.796000e+01
   endloop
 endfacet
 facet normal  0.000000e+00  0.000000e+00  1.000000e+00
   outer loop
     vertex -5.568111e-01  4.443247e+00  3.796000e+01
     vertex -7.775965e-01  4.409969e+00  3.796000e+01
     vertex -1.243750e+00  3.731250e+00  3.796000e+01
   endloop
 endfacet
 facet normal  0.000000e+00  0.000000e+00  1.000000e+00
   outer loop
     vertex  4.455748e+00 -4.458648e-01  3.796000e+01
     vertex  1.243750e+00  2.487500e+00  3.796000e+01
     vertex  4.427984e+00 -6.674113e-01  3.796000e+01
   endloop
 endfacet
 facet normal  0.000000e+00  0.000000e+00  1.000000e+00
   outer loop
     vertex -3.346414e-01  4.465479e+00  3.796000e+01
     vertex -5.568111e-01  4.443247e+00  3.796000e+01
     vertex -1.243750e+00  3.731250e+00  3.796000e+01
   endloop
 endfacet
 facet normal  0.000000e+00  0.000000e+00  1.000000e+00
   outer loop
     vertex  4.472433e+00 -2.232099e-01  3.796000e+01
     vertex  1.243750e+00  2.487500e+00  3.796000e+01
     vertex  4.455748e+00 -4.458648e-01  3.796000e+01
   endloop
 endfacet
 facet normal  0.000000e+00  0.000000e+00  1.000000e+00
   outer loop
     vertex -1.116396e-01  4.476608e+00  3.796000e+01
     vertex -3.346414e-01  4.465479e+00  3.796000e+01
     vertex -1.243750e+00  3.731250e+00  3.796000e+01
   endloop
 endfacet
 facet normal  0.000000e+00  0.000000e+00  1.000000e+00
   outer loop
     vertex  4.478000e+00  0.000000e+00  3.796000e+01
     vertex  1.243750e+00  2.487500e+00  3.796000e+01
     vertex  4.472433e+00 -2.232099e-01  3.796000e+01
   endloop
 endfacet
 facet normal  0.000000e+00  0.000000e+00  1.000000e+00
   outer loop
     vertex  4.472433e+00  2.232099e-01  3.796000e+01
     vertex  1.243750e+00  2.487500e+00  3.796000e+01
     vertex  4.478000e+00  0.000000e+00  3.796000e+01
   endloop
 endfacet
 facet normal  0.000000e+00  0.000000e+00  1.000000e+00
   outer loop
     vertex  4.455748e+00  4.458648e-01  3.796000e+01
     vertex  1.243750e+00  2.487500e+00  3.796000e+01
     vertex  4.472433e+00  2.232099e-01  3.796000e+01
   endloop
 endfacet
 facet normal  0.000000e+00  0.000000e+00  1.000000e+00
   outer loop
     vertex  1.243750e+00  3.731250e+00  3.796000e+01
     vertex  3.346414e-01  4.465479e+00  3.796000e+01
     vertex  1.116396e-01  4.476608e+00  3.796000e+01
   endloop
 endfacet
 facet normal  0.000000e+00  0.000000e+00  1.000000e+00
   outer loop
     vertex  5.568111e-01  4.443247e+00  3.796000e+01
     vertex  3.346414e-01  4.465479e+00  3.796000e+01
     vertex  1.243750e+00  3.731250e+00  3.796000e+01
   endloop
 endfacet
 facet normal  0.000000e+00  0.000000e+00  1.000000e+00
   outer loop
     vertex  4.427984e+00  6.674113e-01  3.796000e+01
     vertex  1.243750e+00  2.487500e+00  3.796000e+01
     vertex  4.455748e+00  4.458648e-01  3.796000e+01
   endloop
 endfacet
 facet normal  0.000000e+00  0.000000e+00  1.000000e+00
   outer loop
     vertex  7.775965e-01  4.409969e+00  3.796000e+01
     vertex  5.568111e-01  4.443247e+00  3.796000e+01
     vertex  1.243750e+00  3.731250e+00  3.796000e+01
   endloop
 endfacet
 facet normal  0.000000e+00  0.000000e+00  1.000000e+00
   outer loop
     vertex  4.389212e+00  8.872984e-01  3.796000e+01
     vertex  1.243750e+00  2.487500e+00  3.796000e+01
     vertex  4.427984e+00  6.674113e-01  3.796000e+01
   endloop
 endfacet
 facet normal  0.000000e+00  0.000000e+00  1.000000e+00
   outer loop
     vertex  9.964487e-01  4.365727e+00  3.796000e+01
     vertex  7.775965e-01  4.409969e+00  3.796000e+01
     vertex  1.243750e+00  3.731250e+00  3.796000e+01
   endloop
 endfacet
 facet normal  0.000000e+00  0.000000e+00  1.000000e+00
   outer loop
     vertex  4.339528e+00  1.104980e+00  3.796000e+01
     vertex  1.243750e+00  2.487500e+00  3.796000e+01
     vertex  4.389212e+00  8.872984e-01  3.796000e+01
   endloop
 endfacet
 facet normal  0.000000e+00  0.000000e+00  1.000000e+00
   outer loop
     vertex  1.212824e+00  4.310631e+00  3.796000e+01
     vertex  9.964487e-01  4.365727e+00  3.796000e+01
     vertex  1.243750e+00  3.731250e+00  3.796000e+01
   endloop
 endfacet
 facet normal  0.000000e+00  0.000000e+00  1.000000e+00
   outer loop
     vertex  4.279055e+00  1.319914e+00  3.796000e+01
     vertex  1.243750e+00  2.487500e+00  3.796000e+01
     vertex  4.339528e+00  1.104980e+00  3.796000e+01
   endloop
 endfacet
 facet normal  0.000000e+00  0.000000e+00  1.000000e+00
   outer loop
     vertex  1.426183e+00  4.244819e+00  3.796000e+01
     vertex  1.212824e+00  4.310631e+00  3.796000e+01
     vertex  1.243750e+00  3.731250e+00  3.796000e+01
   endloop
 endfacet
 facet normal  0.000000e+00  0.000000e+00  1.000000e+00
   outer loop
     vertex  4.207944e+00  1.531566e+00  3.796000e+01
     vertex  1.243750e+00  2.487500e+00  3.796000e+01
     vertex  4.279055e+00  1.319914e+00  3.796000e+01
   endloop
 endfacet
 facet normal  0.000000e+00  0.000000e+00  1.000000e+00
   outer loop
     vertex  1.635997e+00  4.168453e+00  3.796000e+01
     vertex  1.426183e+00  4.244819e+00  3.796000e+01
     vertex  1.243750e+00  3.731250e+00  3.796000e+01
   endloop
 endfacet
 facet normal  0.000000e+00  0.000000e+00  1.000000e+00
   outer loop
     vertex  4.126370e+00  1.739411e+00  3.796000e+01
     vertex  1.243750e+00  2.487500e+00  3.796000e+01
     vertex  4.207944e+00  1.531566e+00  3.796000e+01
   endloop
 endfacet
 facet normal  0.000000e+00  0.000000e+00  1.000000e+00
   outer loop
     vertex  1.841744e+00  4.081723e+00  3.796000e+01
     vertex  1.635997e+00  4.168453e+00  3.796000e+01
     vertex  1.243750e+00  3.731250e+00  3.796000e+01
   endloop
 endfacet
 facet normal  0.000000e+00  0.000000e+00  1.000000e+00
   outer loop
     vertex  4.034539e+00  1.942931e+00  3.796000e+01
     vertex  1.243750e+00  2.487500e+00  3.796000e+01
     vertex  4.126370e+00  1.739411e+00  3.796000e+01
   endloop
 endfacet
 facet normal  0.000000e+00  0.000000e+00  1.000000e+00
   outer loop
     vertex  2.042911e+00  3.984846e+00  3.796000e+01
     vertex  1.841744e+00  4.081723e+00  3.796000e+01
     vertex  1.243750e+00  3.731250e+00  3.796000e+01
   endloop
 endfacet
 facet normal  0.000000e+00  0.000000e+00  1.000000e+00
   outer loop
     vertex  3.932676e+00  2.141621e+00  3.796000e+01
     vertex  1.243750e+00  2.487500e+00  3.796000e+01
     vertex  4.034539e+00  1.942931e+00  3.796000e+01
   endloop
 endfacet
 facet normal  0.000000e+00  0.000000e+00  1.000000e+00
   outer loop
     vertex  2.239000e+00  3.878062e+00  3.796000e+01
     vertex  1.243750e+00  3.731250e+00  3.796000e+01
     vertex  1.243750e+00  2.487500e+00  3.796000e+01
   endloop
 endfacet
 facet normal  0.000000e+00  0.000000e+00  1.000000e+00
   outer loop
     vertex  2.239000e+00  3.878062e+00  3.796000e+01
     vertex  2.042911e+00  3.984846e+00  3.796000e+01
     vertex  1.243750e+00  3.731250e+00  3.796000e+01
   endloop
 endfacet
 facet normal  0.000000e+00  0.000000e+00  1.000000e+00
   outer loop
     vertex  3.821037e+00  2.334987e+00  3.796000e+01
     vertex  1.243750e+00  2.487500e+00  3.796000e+01
     vertex  3.932676e+00  2.141621e+00  3.796000e+01
   endloop
 endfacet
 facet normal  0.000000e+00  0.000000e+00  1.000000e+00
   outer loop
     vertex  2.429522e+00  3.761636e+00  3.796000e+01
     vertex  2.239000e+00  3.878062e+00  3.796000e+01
     vertex  1.243750e+00  2.487500e+00  3.796000e+01
   endloop
 endfacet
 facet normal  0.000000e+00  0.000000e+00  1.000000e+00
   outer loop
     vertex  3.699897e+00  2.522547e+00  3.796000e+01
     vertex  1.243750e+00  2.487500e+00  3.796000e+01
     vertex  3.821037e+00  2.334987e+00  3.796000e+01
   endloop
 endfacet
 facet normal  0.000000e+00  0.000000e+00  1.000000e+00
   outer loop
     vertex  2.614004e+00  3.635858e+00  3.796000e+01
     vertex  2.429522e+00  3.761636e+00  3.796000e+01
     vertex  1.243750e+00  2.487500e+00  3.796000e+01
   endloop
 endfacet
 facet normal  0.000000e+00  0.000000e+00  1.000000e+00
   outer loop
     vertex  3.569559e+00  2.703836e+00  3.796000e+01
     vertex  1.243750e+00  2.487500e+00  3.796000e+01
     vertex  3.699897e+00  2.522547e+00  3.796000e+01
   endloop
 endfacet
 facet normal  0.000000e+00  0.000000e+00  1.000000e+00
   outer loop
     vertex  2.791987e+00  3.501041e+00  3.796000e+01
     vertex  2.614004e+00  3.635858e+00  3.796000e+01
     vertex  1.243750e+00  2.487500e+00  3.796000e+01
   endloop
 endfacet
 facet normal  0.000000e+00  0.000000e+00  1.000000e+00
   outer loop
     vertex  3.430347e+00  2.878403e+00  3.796000e+01
     vertex  1.243750e+00  2.487500e+00  3.796000e+01
     vertex  3.569559e+00  2.703836e+00  3.796000e+01
   endloop
 endfacet
 facet normal  0.000000e+00  0.000000e+00  1.000000e+00
   outer loop
     vertex  2.963029e+00  3.357520e+00  3.796000e+01
     vertex  2.791987e+00  3.501041e+00  3.796000e+01
     vertex  1.243750e+00  2.487500e+00  3.796000e+01
   endloop
 endfacet
 facet normal  0.000000e+00  0.000000e+00  1.000000e+00
   outer loop
     vertex  3.282606e+00  3.045814e+00  3.796000e+01
     vertex  1.243750e+00  2.487500e+00  3.796000e+01
     vertex  3.430347e+00  2.878403e+00  3.796000e+01
   endloop
 endfacet
 facet normal  0.000000e+00  0.000000e+00  1.000000e+00
   outer loop
     vertex  3.126704e+00  3.205652e+00  3.796000e+01
     vertex  2.963029e+00  3.357520e+00  3.796000e+01
     vertex  1.243750e+00  2.487500e+00  3.796000e+01
   endloop
 endfacet
 facet normal  0.000000e+00  0.000000e+00  1.000000e+00
   outer loop
     vertex  3.126704e+00  3.205652e+00  3.796000e+01
     vertex  1.243750e+00  2.487500e+00  3.796000e+01
     vertex  3.282606e+00  3.045814e+00  3.796000e+01
   endloop
 endfacet
 facet normal  0.000000e+00  0.000000e+00  1.000000e+00
   outer loop
     vertex -1.243750e+00  3.731250e+00  3.796000e+01
     vertex  1.243750e+00  3.731250e+00  3.796000e+01
     vertex  1.116396e-01  4.476608e+00  3.796000e+01
   endloop
 endfacet
 facet normal  0.000000e+00  0.000000e+00  1.000000e+00
   outer loop
     vertex -1.243750e+00  3.731250e+00  3.796000e+01
     vertex  1.116396e-01  4.476608e+00  3.796000e+01
     vertex -1.116396e-01  4.476608e+00  3.796000e+01
   endloop
 endfacet
 facet normal  1.000000e+00  0.000000e+00 -0.000000e+00
   outer loop
     vertex -1.243750e+00  3.731250e+00  0.000000e+00
     vertex -1.243750e+00  3.731250e+00  3.796000e+01
     vertex -1.243750e+00  2.487500e+00  3.796000e+01
   endloop
 endfacet
 facet normal  1.000000e+00  0.000000e+00  0.000000e+00
   outer loop
     vertex -1.243750e+00  3.731250e+00  0.000000e+00
     vertex -1.243750e+00  2.487500e+00  3.796000e+01
     vertex -1.243750e+00  2.487500e+00  0.000000e+00
   endloop
 endfacet
 facet normal  0.000000e+00  1.000000e+00 -0.000000e+00
   outer loop
     vertex  1.243750e+00  2.487500e+00  0.000000e+00
     vertex -1.243750e+00  2.487500e+00  3.796000e+01
     vertex  1.243750e+00  2.487500e+00  3.796000e+01
   endloop
 endfacet
 facet normal  0.000000e+00  1.000000e+00  0.000000e+00
   outer loop
     vertex  1.243750e+00  2.487500e+00  0.000000e+00
     vertex -1.243750e+00  2.487500e+00  0.000000e+00
     vertex -1.243750e+00  2.487500e+00  3.796000e+01
   endloop
 endfacet
 facet normal -1.000000e+00  0.000000e+00  0.000000e+00
   outer loop
     vertex  1.243750e+00  2.487500e+00  3.796000e+01
     vertex  1.243750e+00  3.731250e+00  0.000000e+00
     vertex  1.243750e+00  2.487500e+00  0.000000e+00
   endloop
 endfacet
 facet normal -1.000000e+00 -0.000000e+00 -0.000000e+00
   outer loop
     vertex  1.243750e+00  3.731250e+00  3.796000e+01
     vertex  1.243750e+00  3.731250e+00  0.000000e+00
     vertex  1.243750e+00  2.487500e+00  3.796000e+01
   endloop
 endfacet
 facet normal  0.000000e+00 -1.000000e+00  0.000000e+00
   outer loop
     vertex  1.243750e+00  3.731250e+00  0.000000e+00
     vertex  1.243750e+00  3.731250e+00  3.796000e+01
     vertex -1.243750e+00  3.731250e+00  3.796000e+01
   endloop
 endfacet
 facet normal  0.000000e+00 -1.000000e+00  0.000000e+00
   outer loop
     vertex  1.243750e+00  3.731250e+00  0.000000e+00
     vertex -1.243750e+00  3.731250e+00  3.796000e+01
     vertex -1.243750e+00  3.731250e+00  0.000000e+00
   endloop
 endfacet
endsolid
