solid 
 facet normal  9.996892e-01  2.493069e-02  0.000000e+00
   outer loop
     vertex  8.943868e+00  4.463699e-01  5.000000e-01
     vertex  8.955000e+00  0.000000e+00  3.480000e+00
     vertex  8.955000e+00  0.000000e+00  5.000000e-01
   endloop
 endfacet
 facet normal  9.996892e-01  2.493069e-02 -0.000000e+00
   outer loop
     vertex  8.943868e+00  4.463699e-01  5.000000e-01
     vertex  8.943868e+00  4.463699e-01  3.480000e+00
     vertex  8.955000e+00  0.000000e+00  3.480000e+00
   endloop
 endfacet
 facet normal  9.972038e-01  7.473009e-02 -0.000000e+00
   outer loop
     vertex  8.910501e+00  8.916301e-01  5.000000e-01
     vertex  8.910501e+00  8.916301e-01  3.480000e+00
     vertex  8.943868e+00  4.463699e-01  3.480000e+00
   endloop
 endfacet
 facet normal  9.972038e-01  7.473009e-02  0.000000e+00
   outer loop
     vertex  8.910501e+00  8.916301e-01  5.000000e-01
     vertex  8.943868e+00  4.463699e-01  3.480000e+00
     vertex  8.943868e+00  4.463699e-01  5.000000e-01
   endloop
 endfacet
 facet normal  9.922392e-01  1.243437e-01 -0.000000e+00
   outer loop
     vertex  8.854980e+00  1.334673e+00  5.000000e-01
     vertex  8.854980e+00  1.334673e+00  3.480000e+00
     vertex  8.910501e+00  8.916301e-01  3.480000e+00
   endloop
 endfacet
 facet normal  9.922392e-01  1.243437e-01  0.000000e+00
   outer loop
     vertex  8.854980e+00  1.334673e+00  5.000000e-01
     vertex  8.910501e+00  8.916301e-01  3.480000e+00
     vertex  8.910501e+00  8.916301e-01  5.000000e-01
   endloop
 endfacet
 facet normal  9.848078e-01  1.736482e-01 -0.000000e+00
   outer loop
     vertex  8.777445e+00  1.774399e+00  5.000000e-01
     vertex  8.777445e+00  1.774399e+00  3.480000e+00
     vertex  8.854980e+00  1.334673e+00  3.480000e+00
   endloop
 endfacet
 facet normal  9.848078e-01  1.736482e-01  0.000000e+00
   outer loop
     vertex  8.777445e+00  1.774399e+00  5.000000e-01
     vertex  8.854980e+00  1.334673e+00  3.480000e+00
     vertex  8.854980e+00  1.334673e+00  5.000000e-01
   endloop
 endfacet
 facet normal  9.749279e-01  2.225209e-01 -0.000000e+00
   outer loop
     vertex  8.678087e+00  2.209712e+00  5.000000e-01
     vertex  8.678087e+00  2.209712e+00  3.480000e+00
     vertex  8.777445e+00  1.774399e+00  3.480000e+00
   endloop
 endfacet
 facet normal  9.749279e-01  2.225209e-01  0.000000e+00
   outer loop
     vertex  8.678087e+00  2.209712e+00  5.000000e-01
     vertex  8.777445e+00  1.774399e+00  3.480000e+00
     vertex  8.777445e+00  1.774399e+00  5.000000e-01
   endloop
 endfacet
 facet normal  9.626242e-01  2.708405e-01 -0.000000e+00
   outer loop
     vertex  8.557154e+00  2.639533e+00  5.000000e-01
     vertex  8.557154e+00  2.639533e+00  3.480000e+00
     vertex  8.678087e+00  2.209712e+00  3.480000e+00
   endloop
 endfacet
 facet normal  9.479273e-01  3.184867e-01 -0.000000e+00
   outer loop
     vertex  8.557154e+00  2.639533e+00  5.000000e-01
     vertex  8.414947e+00  3.062790e+00  3.480000e+00
     vertex  8.557154e+00  2.639533e+00  3.480000e+00
   endloop
 endfacet
 facet normal  9.626242e-01  2.708405e-01  0.000000e+00
   outer loop
     vertex  8.557154e+00  2.639533e+00  5.000000e-01
     vertex  8.678087e+00  2.209712e+00  3.480000e+00
     vertex  8.678087e+00  2.209712e+00  5.000000e-01
   endloop
 endfacet
 facet normal  9.479273e-01  3.184867e-01 -0.000000e+00
   outer loop
     vertex  8.414947e+00  3.062790e+00  5.000000e-01
     vertex  8.414947e+00  3.062790e+00  3.480000e+00
     vertex  8.557154e+00  2.639533e+00  5.000000e-01
   endloop
 endfacet
 facet normal  9.308737e-01  3.653410e-01 -0.000000e+00
   outer loop
     vertex  8.251819e+00  3.478434e+00  5.000000e-01
     vertex  8.251819e+00  3.478434e+00  3.480000e+00
     vertex  8.414947e+00  3.062790e+00  3.480000e+00
   endloop
 endfacet
 facet normal  9.308737e-01  3.653410e-01  0.000000e+00
   outer loop
     vertex  8.251819e+00  3.478434e+00  5.000000e-01
     vertex  8.414947e+00  3.062790e+00  3.480000e+00
     vertex  8.414947e+00  3.062790e+00  5.000000e-01
   endloop
 endfacet
 facet normal  9.115059e-01  4.112871e-01 -0.000000e+00
   outer loop
     vertex  8.068176e+00  3.885429e+00  5.000000e-01
     vertex  8.068176e+00  3.885429e+00  3.480000e+00
     vertex  8.251819e+00  3.478434e+00  3.480000e+00
   endloop
 endfacet
 facet normal  9.115059e-01  4.112871e-01  0.000000e+00
   outer loop
     vertex  8.068176e+00  3.885429e+00  5.000000e-01
     vertex  8.251819e+00  3.478434e+00  3.480000e+00
     vertex  8.251819e+00  3.478434e+00  5.000000e-01
   endloop
 endfacet
 facet normal  8.898718e-01  4.562107e-01 -0.000000e+00
   outer loop
     vertex  7.864474e+00  4.282764e+00  5.000000e-01
     vertex  7.864474e+00  4.282764e+00  3.480000e+00
     vertex  8.068176e+00  3.885429e+00  3.480000e+00
   endloop
 endfacet
 facet normal  8.898718e-01  4.562107e-01  0.000000e+00
   outer loop
     vertex  7.864474e+00  4.282764e+00  5.000000e-01
     vertex  8.068176e+00  3.885429e+00  3.480000e+00
     vertex  8.068176e+00  3.885429e+00  5.000000e-01
   endloop
 endfacet
 facet normal  8.660254e-01  5.000000e-01  0.000000e+00
   outer loop
     vertex  7.641220e+00  4.669452e+00  5.000000e-01
     vertex  7.864474e+00  4.282764e+00  3.480000e+00
     vertex  7.864474e+00  4.282764e+00  5.000000e-01
   endloop
 endfacet
 facet normal  8.660254e-01  5.000000e-01 -0.000000e+00
   outer loop
     vertex  7.641220e+00  4.669452e+00  5.000000e-01
     vertex  7.641220e+00  4.669452e+00  3.480000e+00
     vertex  7.864474e+00  4.282764e+00  3.480000e+00
   endloop
 endfacet
 facet normal  8.400259e-01  5.425463e-01  0.000000e+00
   outer loop
     vertex  7.398968e+00  5.044531e+00  5.000000e-01
     vertex  7.641220e+00  4.669452e+00  3.480000e+00
     vertex  7.641220e+00  4.669452e+00  5.000000e-01
   endloop
 endfacet
 facet normal  8.400259e-01  5.425463e-01 -0.000000e+00
   outer loop
     vertex  7.398968e+00  5.044531e+00  5.000000e-01
     vertex  7.398968e+00  5.044531e+00  3.480000e+00
     vertex  7.641220e+00  4.669452e+00  3.480000e+00
   endloop
 endfacet
 facet normal  8.119380e-01  5.837437e-01  0.000000e+00
   outer loop
     vertex  7.138322e+00  5.407068e+00  5.000000e-01
     vertex  7.398968e+00  5.044531e+00  3.480000e+00
     vertex  7.398968e+00  5.044531e+00  5.000000e-01
   endloop
 endfacet
 facet normal  8.119380e-01  5.837437e-01 -0.000000e+00
   outer loop
     vertex  7.138322e+00  5.407068e+00  5.000000e-01
     vertex  7.138322e+00  5.407068e+00  3.480000e+00
     vertex  7.398968e+00  5.044531e+00  3.480000e+00
   endloop
 endfacet
 facet normal  7.818315e-01  6.234898e-01 -0.000000e+00
   outer loop
     vertex  7.138322e+00  5.407068e+00  5.000000e-01
     vertex  6.859928e+00  5.756163e+00  3.480000e+00
     vertex  7.138322e+00  5.407068e+00  3.480000e+00
   endloop
 endfacet
 facet normal  7.818315e-01  6.234898e-01 -0.000000e+00
   outer loop
     vertex  6.859928e+00  5.756163e+00  5.000000e-01
     vertex  6.859928e+00  5.756163e+00  3.480000e+00
     vertex  7.138322e+00  5.407068e+00  5.000000e-01
   endloop
 endfacet
 facet normal  7.497812e-01  6.616858e-01 -0.000000e+00
   outer loop
     vertex  6.859928e+00  5.756163e+00  5.000000e-01
     vertex  6.564480e+00  6.090947e+00  3.480000e+00
     vertex  6.859928e+00  5.756163e+00  3.480000e+00
   endloop
 endfacet
 facet normal  7.497812e-01  6.616858e-01 -0.000000e+00
   outer loop
     vertex  6.564480e+00  6.090947e+00  5.000000e-01
     vertex  6.564480e+00  6.090947e+00  3.480000e+00
     vertex  6.859928e+00  5.756163e+00  5.000000e-01
   endloop
 endfacet
 facet normal  7.158668e-01  6.982368e-01  0.000000e+00
   outer loop
     vertex  6.252711e+00  6.410588e+00  5.000000e-01
     vertex  6.564480e+00  6.090947e+00  3.480000e+00
     vertex  6.564480e+00  6.090947e+00  5.000000e-01
   endloop
 endfacet
 facet normal  7.158668e-01  6.982368e-01 -0.000000e+00
   outer loop
     vertex  6.252711e+00  6.410588e+00  5.000000e-01
     vertex  6.252711e+00  6.410588e+00  3.480000e+00
     vertex  6.564480e+00  6.090947e+00  3.480000e+00
   endloop
 endfacet
 facet normal  6.801727e-01  7.330519e-01 -0.000000e+00
   outer loop
     vertex  5.925397e+00  6.714291e+00  5.000000e-01
     vertex  5.925397e+00  6.714291e+00  3.480000e+00
     vertex  6.252711e+00  6.410588e+00  3.480000e+00
   endloop
 endfacet
 facet normal  6.801727e-01  7.330519e-01  0.000000e+00
   outer loop
     vertex  5.925397e+00  6.714291e+00  5.000000e-01
     vertex  6.252711e+00  6.410588e+00  3.480000e+00
     vertex  6.252711e+00  6.410588e+00  5.000000e-01
   endloop
 endfacet
 facet normal  6.427876e-01  7.660444e-01 -0.000000e+00
   outer loop
     vertex  5.583351e+00  7.001301e+00  5.000000e-01
     vertex  5.583351e+00  7.001301e+00  3.480000e+00
     vertex  5.925397e+00  6.714291e+00  3.480000e+00
   endloop
 endfacet
 facet normal  6.427876e-01  7.660444e-01  0.000000e+00
   outer loop
     vertex  5.583351e+00  7.001301e+00  5.000000e-01
     vertex  5.925397e+00  6.714291e+00  3.480000e+00
     vertex  5.925397e+00  6.714291e+00  5.000000e-01
   endloop
 endfacet
 facet normal  6.038044e-01  7.971325e-01 -0.000000e+00
   outer loop
     vertex  5.227425e+00  7.270905e+00  5.000000e-01
     vertex  5.227425e+00  7.270905e+00  3.480000e+00
     vertex  5.583351e+00  7.001301e+00  3.480000e+00
   endloop
 endfacet
 facet normal  6.038044e-01  7.971325e-01  0.000000e+00
   outer loop
     vertex  5.227425e+00  7.270905e+00  5.000000e-01
     vertex  5.583351e+00  7.001301e+00  3.480000e+00
     vertex  5.583351e+00  7.001301e+00  5.000000e-01
   endloop
 endfacet
 facet normal  5.633201e-01  8.262388e-01 -0.000000e+00
   outer loop
     vertex  4.858502e+00  7.522432e+00  5.000000e-01
     vertex  4.858502e+00  7.522432e+00  3.480000e+00
     vertex  5.227425e+00  7.270905e+00  3.480000e+00
   endloop
 endfacet
 facet normal  5.633201e-01  8.262388e-01  0.000000e+00
   outer loop
     vertex  4.858502e+00  7.522432e+00  5.000000e-01
     vertex  5.227425e+00  7.270905e+00  3.480000e+00
     vertex  5.227425e+00  7.270905e+00  5.000000e-01
   endloop
 endfacet
 facet normal  5.214352e-01  8.532909e-01 -0.000000e+00
   outer loop
     vertex  4.477500e+00  7.755257e+00  5.000000e-01
     vertex  4.477500e+00  7.755257e+00  3.480000e+00
     vertex  4.858502e+00  7.522432e+00  3.480000e+00
   endloop
 endfacet
 facet normal  5.214352e-01  8.532909e-01  0.000000e+00
   outer loop
     vertex  4.477500e+00  7.755257e+00  5.000000e-01
     vertex  4.858502e+00  7.522432e+00  3.480000e+00
     vertex  4.858502e+00  7.522432e+00  5.000000e-01
   endloop
 endfacet
 facet normal  4.782540e-01  8.782216e-01 -0.000000e+00
   outer loop
     vertex  4.085366e+00  7.968802e+00  5.000000e-01
     vertex  4.085366e+00  7.968802e+00  3.480000e+00
     vertex  4.477500e+00  7.755257e+00  3.480000e+00
   endloop
 endfacet
 facet normal  4.782540e-01  8.782216e-01  0.000000e+00
   outer loop
     vertex  4.085366e+00  7.968802e+00  5.000000e-01
     vertex  4.477500e+00  7.755257e+00  3.480000e+00
     vertex  4.477500e+00  7.755257e+00  5.000000e-01
   endloop
 endfacet
 facet normal  4.338837e-01  9.009689e-01 -0.000000e+00
   outer loop
     vertex  3.683076e+00  8.162535e+00  5.000000e-01
     vertex  3.683076e+00  8.162535e+00  3.480000e+00
     vertex  4.085366e+00  7.968802e+00  3.480000e+00
   endloop
 endfacet
 facet normal  4.338837e-01  9.009689e-01  0.000000e+00
   outer loop
     vertex  3.683076e+00  8.162535e+00  5.000000e-01
     vertex  4.085366e+00  7.968802e+00  3.480000e+00
     vertex  4.085366e+00  7.968802e+00  5.000000e-01
   endloop
 endfacet
 facet normal  3.884348e-01  9.214762e-01 -0.000000e+00
   outer loop
     vertex  3.271629e+00  8.335974e+00  5.000000e-01
     vertex  3.271629e+00  8.335974e+00  3.480000e+00
     vertex  3.683076e+00  8.162535e+00  3.480000e+00
   endloop
 endfacet
 facet normal  3.420201e-01  9.396926e-01 -0.000000e+00
   outer loop
     vertex  3.271629e+00  8.335974e+00  5.000000e-01
     vertex  2.852048e+00  8.488689e+00  3.480000e+00
     vertex  3.271629e+00  8.335974e+00  3.480000e+00
   endloop
 endfacet
 facet normal  3.884348e-01  9.214762e-01  0.000000e+00
   outer loop
     vertex  3.271629e+00  8.335974e+00  5.000000e-01
     vertex  3.683076e+00  8.162535e+00  3.480000e+00
     vertex  3.683076e+00  8.162535e+00  5.000000e-01
   endloop
 endfacet
 facet normal  3.420201e-01  9.396926e-01 -0.000000e+00
   outer loop
     vertex  2.852048e+00  8.488689e+00  5.000000e-01
     vertex  2.852048e+00  8.488689e+00  3.480000e+00
     vertex  3.271629e+00  8.335974e+00  5.000000e-01
   endloop
 endfacet
 facet normal  2.947552e-01  9.555728e-01 -0.000000e+00
   outer loop
     vertex  2.425376e+00  8.620300e+00  5.000000e-01
     vertex  2.425376e+00  8.620300e+00  3.480000e+00
     vertex  2.852048e+00  8.488689e+00  3.480000e+00
   endloop
 endfacet
 facet normal  2.947552e-01  9.555728e-01  0.000000e+00
   outer loop
     vertex  2.425376e+00  8.620300e+00  5.000000e-01
     vertex  2.852048e+00  8.488689e+00  3.480000e+00
     vertex  2.852048e+00  8.488689e+00  5.000000e-01
   endloop
 endfacet
 facet normal  2.467574e-01  9.690773e-01 -0.000000e+00
   outer loop
     vertex  1.992675e+00  8.730479e+00  5.000000e-01
     vertex  1.992675e+00  8.730479e+00  3.480000e+00
     vertex  2.425376e+00  8.620300e+00  3.480000e+00
   endloop
 endfacet
 facet normal  2.467574e-01  9.690773e-01  0.000000e+00
   outer loop
     vertex  1.992675e+00  8.730479e+00  5.000000e-01
     vertex  2.425376e+00  8.620300e+00  3.480000e+00
     vertex  2.425376e+00  8.620300e+00  5.000000e-01
   endloop
 endfacet
 facet normal  1.981461e-01  9.801725e-01 -0.000000e+00
   outer loop
     vertex  1.555019e+00  8.818953e+00  5.000000e-01
     vertex  1.555019e+00  8.818953e+00  3.480000e+00
     vertex  1.992675e+00  8.730479e+00  3.480000e+00
   endloop
 endfacet
 facet normal  1.981461e-01  9.801725e-01  0.000000e+00
   outer loop
     vertex  1.555019e+00  8.818953e+00  5.000000e-01
     vertex  1.992675e+00  8.730479e+00  3.480000e+00
     vertex  1.992675e+00  8.730479e+00  5.000000e-01
   endloop
 endfacet
 facet normal  1.490423e-01  9.888308e-01 -0.000000e+00
   outer loop
     vertex  1.113498e+00  8.885502e+00  5.000000e-01
     vertex  1.113498e+00  8.885502e+00  3.480000e+00
     vertex  1.555019e+00  8.818953e+00  3.480000e+00
   endloop
 endfacet
 facet normal  1.490423e-01  9.888308e-01  0.000000e+00
   outer loop
     vertex  1.113498e+00  8.885502e+00  5.000000e-01
     vertex  1.555019e+00  8.818953e+00  3.480000e+00
     vertex  1.555019e+00  8.818953e+00  5.000000e-01
   endloop
 endfacet
 facet normal  9.956785e-02  9.950308e-01 -0.000000e+00
   outer loop
     vertex  6.692080e-01  8.929960e+00  5.000000e-01
     vertex  6.692080e-01  8.929960e+00  3.480000e+00
     vertex  1.113498e+00  8.885502e+00  3.480000e+00
   endloop
 endfacet
 facet normal  9.956785e-02  9.950308e-01  0.000000e+00
   outer loop
     vertex  6.692080e-01  8.929960e+00  5.000000e-01
     vertex  1.113498e+00  8.885502e+00  3.480000e+00
     vertex  1.113498e+00  8.885502e+00  5.000000e-01
   endloop
 endfacet
 facet normal  4.984589e-02  9.987569e-01 -0.000000e+00
   outer loop
     vertex  2.232543e-01  8.952217e+00  5.000000e-01
     vertex  2.232543e-01  8.952217e+00  3.480000e+00
     vertex  6.692080e-01  8.929960e+00  3.480000e+00
   endloop
 endfacet
 facet normal  4.984589e-02  9.987569e-01  0.000000e+00
   outer loop
     vertex  2.232543e-01  8.952217e+00  5.000000e-01
     vertex  6.692080e-01  8.929960e+00  3.480000e+00
     vertex  6.692080e-01  8.929960e+00  5.000000e-01
   endloop
 endfacet
 facet normal  0.000000e+00  1.000000e+00  0.000000e+00
   outer loop
     vertex -2.232543e-01  8.952217e+00  5.000000e-01
     vertex -2.232543e-01  8.952217e+00  3.480000e+00
     vertex  2.232543e-01  8.952217e+00  3.480000e+00
   endloop
 endfacet
 facet normal  0.000000e+00  1.000000e+00  0.000000e+00
   outer loop
     vertex -2.232543e-01  8.952217e+00  5.000000e-01
     vertex  2.232543e-01  8.952217e+00  3.480000e+00
     vertex  2.232543e-01  8.952217e+00  5.000000e-01
   endloop
 endfacet
 facet normal -4.984589e-02  9.987569e-01  0.000000e+00
   outer loop
     vertex -6.692080e-01  8.929960e+00  5.000000e-01
     vertex -6.692080e-01  8.929960e+00  3.480000e+00
     vertex -2.232543e-01  8.952217e+00  3.480000e+00
   endloop
 endfacet
 facet normal -4.984589e-02  9.987569e-01  0.000000e+00
   outer loop
     vertex -6.692080e-01  8.929960e+00  5.000000e-01
     vertex -2.232543e-01  8.952217e+00  3.480000e+00
     vertex -2.232543e-01  8.952217e+00  5.000000e-01
   endloop
 endfacet
 facet normal -9.956785e-02  9.950308e-01  0.000000e+00
   outer loop
     vertex -1.113498e+00  8.885502e+00  5.000000e-01
     vertex -1.113498e+00  8.885502e+00  3.480000e+00
     vertex -6.692080e-01  8.929960e+00  3.480000e+00
   endloop
 endfacet
 facet normal -9.956785e-02  9.950308e-01  0.000000e+00
   outer loop
     vertex -1.113498e+00  8.885502e+00  5.000000e-01
     vertex -6.692080e-01  8.929960e+00  3.480000e+00
     vertex -6.692080e-01  8.929960e+00  5.000000e-01
   endloop
 endfacet
 facet normal -1.490423e-01  9.888308e-01  0.000000e+00
   outer loop
     vertex -1.555019e+00  8.818953e+00  5.000000e-01
     vertex -1.555019e+00  8.818953e+00  3.480000e+00
     vertex -1.113498e+00  8.885502e+00  3.480000e+00
   endloop
 endfacet
 facet normal -1.490423e-01  9.888308e-01  0.000000e+00
   outer loop
     vertex -1.555019e+00  8.818953e+00  5.000000e-01
     vertex -1.113498e+00  8.885502e+00  3.480000e+00
     vertex -1.113498e+00  8.885502e+00  5.000000e-01
   endloop
 endfacet
 facet normal -1.981461e-01  9.801725e-01  0.000000e+00
   outer loop
     vertex -1.992675e+00  8.730479e+00  5.000000e-01
     vertex -1.992675e+00  8.730479e+00  3.480000e+00
     vertex -1.555019e+00  8.818953e+00  3.480000e+00
   endloop
 endfacet
 facet normal -1.981461e-01  9.801725e-01  0.000000e+00
   outer loop
     vertex -1.992675e+00  8.730479e+00  5.000000e-01
     vertex -1.555019e+00  8.818953e+00  3.480000e+00
     vertex -1.555019e+00  8.818953e+00  5.000000e-01
   endloop
 endfacet
 facet normal -2.467574e-01  9.690773e-01  0.000000e+00
   outer loop
     vertex -2.425376e+00  8.620300e+00  5.000000e-01
     vertex -2.425376e+00  8.620300e+00  3.480000e+00
     vertex -1.992675e+00  8.730479e+00  3.480000e+00
   endloop
 endfacet
 facet normal -2.947552e-01  9.555728e-01  0.000000e+00
   outer loop
     vertex -2.425376e+00  8.620300e+00  5.000000e-01
     vertex -2.852048e+00  8.488689e+00  3.480000e+00
     vertex -2.425376e+00  8.620300e+00  3.480000e+00
   endloop
 endfacet
 facet normal -2.467574e-01  9.690773e-01  0.000000e+00
   outer loop
     vertex -2.425376e+00  8.620300e+00  5.000000e-01
     vertex -1.992675e+00  8.730479e+00  3.480000e+00
     vertex -1.992675e+00  8.730479e+00  5.000000e-01
   endloop
 endfacet
 facet normal -2.947552e-01  9.555728e-01  0.000000e+00
   outer loop
     vertex -2.852048e+00  8.488689e+00  5.000000e-01
     vertex -2.852048e+00  8.488689e+00  3.480000e+00
     vertex -2.425376e+00  8.620300e+00  5.000000e-01
   endloop
 endfacet
 facet normal -3.420201e-01  9.396926e-01  0.000000e+00
   outer loop
     vertex -3.271629e+00  8.335974e+00  5.000000e-01
     vertex -2.852048e+00  8.488689e+00  3.480000e+00
     vertex -2.852048e+00  8.488689e+00  5.000000e-01
   endloop
 endfacet
 facet normal -3.420201e-01  9.396926e-01  0.000000e+00
   outer loop
     vertex -3.271629e+00  8.335974e+00  5.000000e-01
     vertex -3.271629e+00  8.335974e+00  3.480000e+00
     vertex -2.852048e+00  8.488689e+00  3.480000e+00
   endloop
 endfacet
 facet normal -3.884348e-01  9.214762e-01  0.000000e+00
   outer loop
     vertex -3.683076e+00  8.162535e+00  5.000000e-01
     vertex -3.271629e+00  8.335974e+00  3.480000e+00
     vertex -3.271629e+00  8.335974e+00  5.000000e-01
   endloop
 endfacet
 facet normal -3.884348e-01  9.214762e-01  0.000000e+00
   outer loop
     vertex -3.683076e+00  8.162535e+00  5.000000e-01
     vertex -3.683076e+00  8.162535e+00  3.480000e+00
     vertex -3.271629e+00  8.335974e+00  3.480000e+00
   endloop
 endfacet
 facet normal -4.338837e-01  9.009689e-01  0.000000e+00
   outer loop
     vertex -4.085366e+00  7.968802e+00  5.000000e-01
     vertex -3.683076e+00  8.162535e+00  3.480000e+00
     vertex -3.683076e+00  8.162535e+00  5.000000e-01
   endloop
 endfacet
 facet normal -4.338837e-01  9.009689e-01  0.000000e+00
   outer loop
     vertex -4.085366e+00  7.968802e+00  5.000000e-01
     vertex -4.085366e+00  7.968802e+00  3.480000e+00
     vertex -3.683076e+00  8.162535e+00  3.480000e+00
   endloop
 endfacet
 facet normal -4.782540e-01  8.782216e-01  0.000000e+00
   outer loop
     vertex -4.085366e+00  7.968802e+00  5.000000e-01
     vertex -4.477500e+00  7.755257e+00  3.480000e+00
     vertex -4.085366e+00  7.968802e+00  3.480000e+00
   endloop
 endfacet
 facet normal -4.782540e-01  8.782216e-01  0.000000e+00
   outer loop
     vertex -4.477500e+00  7.755257e+00  5.000000e-01
     vertex -4.477500e+00  7.755257e+00  3.480000e+00
     vertex -4.085366e+00  7.968802e+00  5.000000e-01
   endloop
 endfacet
 facet normal -5.214352e-01  8.532909e-01  0.000000e+00
   outer loop
     vertex -4.858502e+00  7.522432e+00  5.000000e-01
     vertex -4.477500e+00  7.755257e+00  3.480000e+00
     vertex -4.477500e+00  7.755257e+00  5.000000e-01
   endloop
 endfacet
 facet normal -5.214352e-01  8.532909e-01  0.000000e+00
   outer loop
     vertex -4.858502e+00  7.522432e+00  5.000000e-01
     vertex -4.858502e+00  7.522432e+00  3.480000e+00
     vertex -4.477500e+00  7.755257e+00  3.480000e+00
   endloop
 endfacet
 facet normal -5.633201e-01  8.262388e-01  0.000000e+00
   outer loop
     vertex -5.227425e+00  7.270905e+00  5.000000e-01
     vertex -4.858502e+00  7.522432e+00  3.480000e+00
     vertex -4.858502e+00  7.522432e+00  5.000000e-01
   endloop
 endfacet
 facet normal -5.633201e-01  8.262388e-01  0.000000e+00
   outer loop
     vertex -5.227425e+00  7.270905e+00  5.000000e-01
     vertex -5.227425e+00  7.270905e+00  3.480000e+00
     vertex -4.858502e+00  7.522432e+00  3.480000e+00
   endloop
 endfacet
 facet normal -6.038044e-01  7.971325e-01  0.000000e+00
   outer loop
     vertex -5.583351e+00  7.001301e+00  5.000000e-01
     vertex -5.227425e+00  7.270905e+00  3.480000e+00
     vertex -5.227425e+00  7.270905e+00  5.000000e-01
   endloop
 endfacet
 facet normal -6.038044e-01  7.971325e-01  0.000000e+00
   outer loop
     vertex -5.583351e+00  7.001301e+00  5.000000e-01
     vertex -5.583351e+00  7.001301e+00  3.480000e+00
     vertex -5.227425e+00  7.270905e+00  3.480000e+00
   endloop
 endfacet
 facet normal -6.427876e-01  7.660444e-01  0.000000e+00
   outer loop
     vertex -5.925397e+00  6.714291e+00  5.000000e-01
     vertex -5.583351e+00  7.001301e+00  3.480000e+00
     vertex -5.583351e+00  7.001301e+00  5.000000e-01
   endloop
 endfacet
 facet normal -6.427876e-01  7.660444e-01  0.000000e+00
   outer loop
     vertex -5.925397e+00  6.714291e+00  5.000000e-01
     vertex -5.925397e+00  6.714291e+00  3.480000e+00
     vertex -5.583351e+00  7.001301e+00  3.480000e+00
   endloop
 endfacet
 facet normal -6.801727e-01  7.330519e-01  0.000000e+00
   outer loop
     vertex -6.252711e+00  6.410588e+00  5.000000e-01
     vertex -5.925397e+00  6.714291e+00  3.480000e+00
     vertex -5.925397e+00  6.714291e+00  5.000000e-01
   endloop
 endfacet
 facet normal -6.801727e-01  7.330519e-01  0.000000e+00
   outer loop
     vertex -6.252711e+00  6.410588e+00  5.000000e-01
     vertex -6.252711e+00  6.410588e+00  3.480000e+00
     vertex -5.925397e+00  6.714291e+00  3.480000e+00
   endloop
 endfacet
 facet normal -7.158668e-01  6.982368e-01  0.000000e+00
   outer loop
     vertex -6.252711e+00  6.410588e+00  5.000000e-01
     vertex -6.564480e+00  6.090947e+00  3.480000e+00
     vertex -6.252711e+00  6.410588e+00  3.480000e+00
   endloop
 endfacet
 facet normal -7.158668e-01  6.982368e-01  0.000000e+00
   outer loop
     vertex -6.564480e+00  6.090947e+00  5.000000e-01
     vertex -6.564480e+00  6.090947e+00  3.480000e+00
     vertex -6.252711e+00  6.410588e+00  5.000000e-01
   endloop
 endfacet
 facet normal -7.497812e-01  6.616858e-01  0.000000e+00
   outer loop
     vertex -6.859928e+00  5.756163e+00  5.000000e-01
     vertex -6.859928e+00  5.756163e+00  3.480000e+00
     vertex -6.564480e+00  6.090947e+00  3.480000e+00
   endloop
 endfacet
 facet normal -7.818315e-01  6.234898e-01  0.000000e+00
   outer loop
     vertex -6.859928e+00  5.756163e+00  5.000000e-01
     vertex -7.138322e+00  5.407068e+00  3.480000e+00
     vertex -6.859928e+00  5.756163e+00  3.480000e+00
   endloop
 endfacet
 facet normal -7.497812e-01  6.616858e-01  0.000000e+00
   outer loop
     vertex -6.859928e+00  5.756163e+00  5.000000e-01
     vertex -6.564480e+00  6.090947e+00  3.480000e+00
     vertex -6.564480e+00  6.090947e+00  5.000000e-01
   endloop
 endfacet
 facet normal -7.818315e-01  6.234898e-01  0.000000e+00
   outer loop
     vertex -7.138322e+00  5.407068e+00  5.000000e-01
     vertex -7.138322e+00  5.407068e+00  3.480000e+00
     vertex -6.859928e+00  5.756163e+00  5.000000e-01
   endloop
 endfacet
 facet normal -8.119380e-01  5.837437e-01  0.000000e+00
   outer loop
     vertex -7.398968e+00  5.044531e+00  5.000000e-01
     vertex -7.398968e+00  5.044531e+00  3.480000e+00
     vertex -7.138322e+00  5.407068e+00  3.480000e+00
   endloop
 endfacet
 facet normal -8.119380e-01  5.837437e-01  0.000000e+00
   outer loop
     vertex -7.398968e+00  5.044531e+00  5.000000e-01
     vertex -7.138322e+00  5.407068e+00  3.480000e+00
     vertex -7.138322e+00  5.407068e+00  5.000000e-01
   endloop
 endfacet
 facet normal -8.400259e-01  5.425463e-01  0.000000e+00
   outer loop
     vertex -7.641220e+00  4.669452e+00  5.000000e-01
     vertex -7.641220e+00  4.669452e+00  3.480000e+00
     vertex -7.398968e+00  5.044531e+00  3.480000e+00
   endloop
 endfacet
 facet normal -8.400259e-01  5.425463e-01  0.000000e+00
   outer loop
     vertex -7.641220e+00  4.669452e+00  5.000000e-01
     vertex -7.398968e+00  5.044531e+00  3.480000e+00
     vertex -7.398968e+00  5.044531e+00  5.000000e-01
   endloop
 endfacet
 facet normal -8.660254e-01  5.000000e-01  0.000000e+00
   outer loop
     vertex -7.864474e+00  4.282764e+00  5.000000e-01
     vertex -7.864474e+00  4.282764e+00  3.480000e+00
     vertex -7.641220e+00  4.669452e+00  3.480000e+00
   endloop
 endfacet
 facet normal -8.660254e-01  5.000000e-01  0.000000e+00
   outer loop
     vertex -7.864474e+00  4.282764e+00  5.000000e-01
     vertex -7.641220e+00  4.669452e+00  3.480000e+00
     vertex -7.641220e+00  4.669452e+00  5.000000e-01
   endloop
 endfacet
 facet normal -8.898718e-01  4.562107e-01  0.000000e+00
   outer loop
     vertex -8.068176e+00  3.885429e+00  5.000000e-01
     vertex -8.068176e+00  3.885429e+00  3.480000e+00
     vertex -7.864474e+00  4.282764e+00  3.480000e+00
   endloop
 endfacet
 facet normal -8.898718e-01  4.562107e-01  0.000000e+00
   outer loop
     vertex -8.068176e+00  3.885429e+00  5.000000e-01
     vertex -7.864474e+00  4.282764e+00  3.480000e+00
     vertex -7.864474e+00  4.282764e+00  5.000000e-01
   endloop
 endfacet
 facet normal -9.115059e-01  4.112871e-01  0.000000e+00
   outer loop
     vertex -8.251819e+00  3.478434e+00  5.000000e-01
     vertex -8.251819e+00  3.478434e+00  3.480000e+00
     vertex -8.068176e+00  3.885429e+00  3.480000e+00
   endloop
 endfacet
 facet normal -9.115059e-01  4.112871e-01  0.000000e+00
   outer loop
     vertex -8.251819e+00  3.478434e+00  5.000000e-01
     vertex -8.068176e+00  3.885429e+00  3.480000e+00
     vertex -8.068176e+00  3.885429e+00  5.000000e-01
   endloop
 endfacet
 facet normal -9.308737e-01  3.653410e-01  0.000000e+00
   outer loop
     vertex -8.414947e+00  3.062790e+00  5.000000e-01
     vertex -8.414947e+00  3.062790e+00  3.480000e+00
     vertex -8.251819e+00  3.478434e+00  3.480000e+00
   endloop
 endfacet
 facet normal -9.479273e-01  3.184867e-01  0.000000e+00
   outer loop
     vertex -8.414947e+00  3.062790e+00  5.000000e-01
     vertex -8.557154e+00  2.639533e+00  3.480000e+00
     vertex -8.414947e+00  3.062790e+00  3.480000e+00
   endloop
 endfacet
 facet normal -9.308737e-01  3.653410e-01  0.000000e+00
   outer loop
     vertex -8.414947e+00  3.062790e+00  5.000000e-01
     vertex -8.251819e+00  3.478434e+00  3.480000e+00
     vertex -8.251819e+00  3.478434e+00  5.000000e-01
   endloop
 endfacet
 facet normal -9.479273e-01  3.184867e-01  0.000000e+00
   outer loop
     vertex -8.557154e+00  2.639533e+00  5.000000e-01
     vertex -8.557154e+00  2.639533e+00  3.480000e+00
     vertex -8.414947e+00  3.062790e+00  5.000000e-01
   endloop
 endfacet
 facet normal -9.626242e-01  2.708405e-01  0.000000e+00
   outer loop
     vertex -8.678087e+00  2.209712e+00  5.000000e-01
     vertex -8.678087e+00  2.209712e+00  3.480000e+00
     vertex -8.557154e+00  2.639533e+00  3.480000e+00
   endloop
 endfacet
 facet normal -9.626242e-01  2.708405e-01  0.000000e+00
   outer loop
     vertex -8.678087e+00  2.209712e+00  5.000000e-01
     vertex -8.557154e+00  2.639533e+00  3.480000e+00
     vertex -8.557154e+00  2.639533e+00  5.000000e-01
   endloop
 endfacet
 facet normal -9.749279e-01  2.225209e-01  0.000000e+00
   outer loop
     vertex -8.777445e+00  1.774399e+00  5.000000e-01
     vertex -8.777445e+00  1.774399e+00  3.480000e+00
     vertex -8.678087e+00  2.209712e+00  3.480000e+00
   endloop
 endfacet
 facet normal -9.848078e-01  1.736482e-01  0.000000e+00
   outer loop
     vertex -8.777445e+00  1.774399e+00  5.000000e-01
     vertex -8.854980e+00  1.334673e+00  3.480000e+00
     vertex -8.777445e+00  1.774399e+00  3.480000e+00
   endloop
 endfacet
 facet normal -9.749279e-01  2.225209e-01  0.000000e+00
   outer loop
     vertex -8.777445e+00  1.774399e+00  5.000000e-01
     vertex -8.678087e+00  2.209712e+00  3.480000e+00
     vertex -8.678087e+00  2.209712e+00  5.000000e-01
   endloop
 endfacet
 facet normal -9.848078e-01  1.736482e-01  0.000000e+00
   outer loop
     vertex -8.854980e+00  1.334673e+00  5.000000e-01
     vertex -8.854980e+00  1.334673e+00  3.480000e+00
     vertex -8.777445e+00  1.774399e+00  5.000000e-01
   endloop
 endfacet
 facet normal -9.922392e-01  1.243437e-01  0.000000e+00
   outer loop
     vertex -8.910501e+00  8.916301e-01  5.000000e-01
     vertex -8.910501e+00  8.916301e-01  3.480000e+00
     vertex -8.854980e+00  1.334673e+00  3.480000e+00
   endloop
 endfacet
 facet normal -9.972038e-01  7.473009e-02  0.000000e+00
   outer loop
     vertex -8.910501e+00  8.916301e-01  5.000000e-01
     vertex -8.943868e+00  4.463699e-01  3.480000e+00
     vertex -8.910501e+00  8.916301e-01  3.480000e+00
   endloop
 endfacet
 facet normal -9.922392e-01  1.243437e-01  0.000000e+00
   outer loop
     vertex -8.910501e+00  8.916301e-01  5.000000e-01
     vertex -8.854980e+00  1.334673e+00  3.480000e+00
     vertex -8.854980e+00  1.334673e+00  5.000000e-01
   endloop
 endfacet
 facet normal -9.972038e-01  7.473009e-02  0.000000e+00
   outer loop
     vertex -8.943868e+00  4.463699e-01  5.000000e-01
     vertex -8.943868e+00  4.463699e-01  3.480000e+00
     vertex -8.910501e+00  8.916301e-01  5.000000e-01
   endloop
 endfacet
 facet normal -9.996892e-01  2.493069e-02  0.000000e+00
   outer loop
     vertex -8.943868e+00  4.463699e-01  5.000000e-01
     vertex -8.955000e+00 -3.071788e-14  3.480000e+00
     vertex -8.943868e+00  4.463699e-01  3.480000e+00
   endloop
 endfacet
 facet normal -9.996892e-01  2.493069e-02  0.000000e+00
   outer loop
     vertex -8.955000e+00 -3.071788e-14  5.000000e-01
     vertex -8.955000e+00 -3.071788e-14  3.480000e+00
     vertex -8.943868e+00  4.463699e-01  5.000000e-01
   endloop
 endfacet
 facet normal -9.996892e-01 -2.493069e-02  0.000000e+00
   outer loop
     vertex -8.943868e+00 -4.463699e-01  5.000000e-01
     vertex -8.955000e+00 -3.071788e-14  3.480000e+00
     vertex -8.955000e+00 -3.071788e-14  5.000000e-01
   endloop
 endfacet
 facet normal -9.996892e-01 -2.493069e-02  0.000000e+00
   outer loop
     vertex -8.943868e+00 -4.463699e-01  5.000000e-01
     vertex -8.943868e+00 -4.463699e-01  3.480000e+00
     vertex -8.955000e+00 -3.071788e-14  3.480000e+00
   endloop
 endfacet
 facet normal -9.972038e-01 -7.473009e-02  0.000000e+00
   outer loop
     vertex -8.910501e+00 -8.916301e-01  5.000000e-01
     vertex -8.943868e+00 -4.463699e-01  3.480000e+00
     vertex -8.943868e+00 -4.463699e-01  5.000000e-01
   endloop
 endfacet
 facet normal -9.972038e-01 -7.473009e-02  0.000000e+00
   outer loop
     vertex -8.910501e+00 -8.916301e-01  5.000000e-01
     vertex -8.910501e+00 -8.916301e-01  3.480000e+00
     vertex -8.943868e+00 -4.463699e-01  3.480000e+00
   endloop
 endfacet
 facet normal -9.922392e-01 -1.243437e-01  0.000000e+00
   outer loop
     vertex -8.854980e+00 -1.334673e+00  5.000000e-01
     vertex -8.910501e+00 -8.916301e-01  3.480000e+00
     vertex -8.910501e+00 -8.916301e-01  5.000000e-01
   endloop
 endfacet
 facet normal -9.922392e-01 -1.243437e-01  0.000000e+00
   outer loop
     vertex -8.854980e+00 -1.334673e+00  5.000000e-01
     vertex -8.854980e+00 -1.334673e+00  3.480000e+00
     vertex -8.910501e+00 -8.916301e-01  3.480000e+00
   endloop
 endfacet
 facet normal -9.848078e-01 -1.736482e-01  0.000000e+00
   outer loop
     vertex -8.854980e+00 -1.334673e+00  5.000000e-01
     vertex -8.777445e+00 -1.774399e+00  3.480000e+00
     vertex -8.854980e+00 -1.334673e+00  3.480000e+00
   endloop
 endfacet
 facet normal -9.848078e-01 -1.736482e-01  0.000000e+00
   outer loop
     vertex -8.777445e+00 -1.774399e+00  5.000000e-01
     vertex -8.777445e+00 -1.774399e+00  3.480000e+00
     vertex -8.854980e+00 -1.334673e+00  5.000000e-01
   endloop
 endfacet
 facet normal -9.749279e-01 -2.225209e-01  0.000000e+00
   outer loop
     vertex -8.678087e+00 -2.209712e+00  5.000000e-01
     vertex -8.777445e+00 -1.774399e+00  3.480000e+00
     vertex -8.777445e+00 -1.774399e+00  5.000000e-01
   endloop
 endfacet
 facet normal -9.749279e-01 -2.225209e-01  0.000000e+00
   outer loop
     vertex -8.678087e+00 -2.209712e+00  5.000000e-01
     vertex -8.678087e+00 -2.209712e+00  3.480000e+00
     vertex -8.777445e+00 -1.774399e+00  3.480000e+00
   endloop
 endfacet
 facet normal -9.626242e-01 -2.708405e-01  0.000000e+00
   outer loop
     vertex -8.678087e+00 -2.209712e+00  5.000000e-01
     vertex -8.557154e+00 -2.639533e+00  3.480000e+00
     vertex -8.678087e+00 -2.209712e+00  3.480000e+00
   endloop
 endfacet
 facet normal -9.626242e-01 -2.708405e-01  0.000000e+00
   outer loop
     vertex -8.557154e+00 -2.639533e+00  5.000000e-01
     vertex -8.557154e+00 -2.639533e+00  3.480000e+00
     vertex -8.678087e+00 -2.209712e+00  5.000000e-01
   endloop
 endfacet
 facet normal -9.479273e-01 -3.184867e-01  0.000000e+00
   outer loop
     vertex -8.414947e+00 -3.062790e+00  5.000000e-01
     vertex -8.557154e+00 -2.639533e+00  3.480000e+00
     vertex -8.557154e+00 -2.639533e+00  5.000000e-01
   endloop
 endfacet
 facet normal -9.479273e-01 -3.184867e-01  0.000000e+00
   outer loop
     vertex -8.414947e+00 -3.062790e+00  5.000000e-01
     vertex -8.414947e+00 -3.062790e+00  3.480000e+00
     vertex -8.557154e+00 -2.639533e+00  3.480000e+00
   endloop
 endfacet
 facet normal -9.308737e-01 -3.653410e-01  0.000000e+00
   outer loop
     vertex -8.251819e+00 -3.478434e+00  5.000000e-01
     vertex -8.414947e+00 -3.062790e+00  3.480000e+00
     vertex -8.414947e+00 -3.062790e+00  5.000000e-01
   endloop
 endfacet
 facet normal -9.308737e-01 -3.653410e-01  0.000000e+00
   outer loop
     vertex -8.251819e+00 -3.478434e+00  5.000000e-01
     vertex -8.251819e+00 -3.478434e+00  3.480000e+00
     vertex -8.414947e+00 -3.062790e+00  3.480000e+00
   endloop
 endfacet
 facet normal -9.115059e-01 -4.112871e-01  0.000000e+00
   outer loop
     vertex -8.251819e+00 -3.478434e+00  5.000000e-01
     vertex -8.068176e+00 -3.885429e+00  3.480000e+00
     vertex -8.251819e+00 -3.478434e+00  3.480000e+00
   endloop
 endfacet
 facet normal -9.115059e-01 -4.112871e-01  0.000000e+00
   outer loop
     vertex -8.068176e+00 -3.885429e+00  5.000000e-01
     vertex -8.068176e+00 -3.885429e+00  3.480000e+00
     vertex -8.251819e+00 -3.478434e+00  5.000000e-01
   endloop
 endfacet
 facet normal -8.898718e-01 -4.562107e-01  0.000000e+00
   outer loop
     vertex -7.864474e+00 -4.282764e+00  5.000000e-01
     vertex -8.068176e+00 -3.885429e+00  3.480000e+00
     vertex -8.068176e+00 -3.885429e+00  5.000000e-01
   endloop
 endfacet
 facet normal -8.898718e-01 -4.562107e-01  0.000000e+00
   outer loop
     vertex -7.864474e+00 -4.282764e+00  5.000000e-01
     vertex -7.864474e+00 -4.282764e+00  3.480000e+00
     vertex -8.068176e+00 -3.885429e+00  3.480000e+00
   endloop
 endfacet
 facet normal -8.660254e-01 -5.000000e-01  0.000000e+00
   outer loop
     vertex -7.641220e+00 -4.669452e+00  5.000000e-01
     vertex -7.864474e+00 -4.282764e+00  3.480000e+00
     vertex -7.864474e+00 -4.282764e+00  5.000000e-01
   endloop
 endfacet
 facet normal -8.660254e-01 -5.000000e-01  0.000000e+00
   outer loop
     vertex -7.641220e+00 -4.669452e+00  5.000000e-01
     vertex -7.641220e+00 -4.669452e+00  3.480000e+00
     vertex -7.864474e+00 -4.282764e+00  3.480000e+00
   endloop
 endfacet
 facet normal -8.400259e-01 -5.425463e-01  0.000000e+00
   outer loop
     vertex -7.398968e+00 -5.044531e+00  5.000000e-01
     vertex -7.641220e+00 -4.669452e+00  3.480000e+00
     vertex -7.641220e+00 -4.669452e+00  5.000000e-01
   endloop
 endfacet
 facet normal -8.400259e-01 -5.425463e-01  0.000000e+00
   outer loop
     vertex -7.398968e+00 -5.044531e+00  5.000000e-01
     vertex -7.398968e+00 -5.044531e+00  3.480000e+00
     vertex -7.641220e+00 -4.669452e+00  3.480000e+00
   endloop
 endfacet
 facet normal -8.119380e-01 -5.837437e-01  0.000000e+00
   outer loop
     vertex -7.398968e+00 -5.044531e+00  5.000000e-01
     vertex -7.138322e+00 -5.407068e+00  3.480000e+00
     vertex -7.398968e+00 -5.044531e+00  3.480000e+00
   endloop
 endfacet
 facet normal -8.119380e-01 -5.837437e-01  0.000000e+00
   outer loop
     vertex -7.138322e+00 -5.407068e+00  5.000000e-01
     vertex -7.138322e+00 -5.407068e+00  3.480000e+00
     vertex -7.398968e+00 -5.044531e+00  5.000000e-01
   endloop
 endfacet
 facet normal -7.818315e-01 -6.234898e-01  0.000000e+00
   outer loop
     vertex -6.859928e+00 -5.756163e+00  5.000000e-01
     vertex -7.138322e+00 -5.407068e+00  3.480000e+00
     vertex -7.138322e+00 -5.407068e+00  5.000000e-01
   endloop
 endfacet
 facet normal -7.818315e-01 -6.234898e-01  0.000000e+00
   outer loop
     vertex -6.859928e+00 -5.756163e+00  5.000000e-01
     vertex -6.859928e+00 -5.756163e+00  3.480000e+00
     vertex -7.138322e+00 -5.407068e+00  3.480000e+00
   endloop
 endfacet
 facet normal -7.497812e-01 -6.616858e-01  0.000000e+00
   outer loop
     vertex -6.564480e+00 -6.090947e+00  5.000000e-01
     vertex -6.859928e+00 -5.756163e+00  3.480000e+00
     vertex -6.859928e+00 -5.756163e+00  5.000000e-01
   endloop
 endfacet
 facet normal -7.497812e-01 -6.616858e-01  0.000000e+00
   outer loop
     vertex -6.564480e+00 -6.090947e+00  5.000000e-01
     vertex -6.564480e+00 -6.090947e+00  3.480000e+00
     vertex -6.859928e+00 -5.756163e+00  3.480000e+00
   endloop
 endfacet
 facet normal -7.158668e-01 -6.982368e-01  0.000000e+00
   outer loop
     vertex -6.252711e+00 -6.410588e+00  5.000000e-01
     vertex -6.564480e+00 -6.090947e+00  3.480000e+00
     vertex -6.564480e+00 -6.090947e+00  5.000000e-01
   endloop
 endfacet
 facet normal -7.158668e-01 -6.982368e-01  0.000000e+00
   outer loop
     vertex -6.252711e+00 -6.410588e+00  5.000000e-01
     vertex -6.252711e+00 -6.410588e+00  3.480000e+00
     vertex -6.564480e+00 -6.090947e+00  3.480000e+00
   endloop
 endfacet
 facet normal -6.801727e-01 -7.330519e-01  0.000000e+00
   outer loop
     vertex -6.252711e+00 -6.410588e+00  5.000000e-01
     vertex -5.925397e+00 -6.714291e+00  3.480000e+00
     vertex -6.252711e+00 -6.410588e+00  3.480000e+00
   endloop
 endfacet
 facet normal -6.801727e-01 -7.330519e-01  0.000000e+00
   outer loop
     vertex -5.925397e+00 -6.714291e+00  5.000000e-01
     vertex -5.925397e+00 -6.714291e+00  3.480000e+00
     vertex -6.252711e+00 -6.410588e+00  5.000000e-01
   endloop
 endfacet
 facet normal -6.427876e-01 -7.660444e-01  0.000000e+00
   outer loop
     vertex -5.583351e+00 -7.001301e+00  5.000000e-01
     vertex -5.925397e+00 -6.714291e+00  3.480000e+00
     vertex -5.925397e+00 -6.714291e+00  5.000000e-01
   endloop
 endfacet
 facet normal -6.427876e-01 -7.660444e-01  0.000000e+00
   outer loop
     vertex -5.583351e+00 -7.001301e+00  5.000000e-01
     vertex -5.583351e+00 -7.001301e+00  3.480000e+00
     vertex -5.925397e+00 -6.714291e+00  3.480000e+00
   endloop
 endfacet
 facet normal -6.038044e-01 -7.971325e-01  0.000000e+00
   outer loop
     vertex -5.583351e+00 -7.001301e+00  5.000000e-01
     vertex -5.227425e+00 -7.270905e+00  3.480000e+00
     vertex -5.583351e+00 -7.001301e+00  3.480000e+00
   endloop
 endfacet
 facet normal -5.633201e-01 -8.262388e-01  0.000000e+00
   outer loop
     vertex -5.227425e+00 -7.270905e+00  5.000000e-01
     vertex -4.858502e+00 -7.522432e+00  3.480000e+00
     vertex -5.227425e+00 -7.270905e+00  3.480000e+00
   endloop
 endfacet
 facet normal -6.038044e-01 -7.971325e-01  0.000000e+00
   outer loop
     vertex -5.227425e+00 -7.270905e+00  5.000000e-01
     vertex -5.227425e+00 -7.270905e+00  3.480000e+00
     vertex -5.583351e+00 -7.001301e+00  5.000000e-01
   endloop
 endfacet
 facet normal -5.633201e-01 -8.262388e-01  0.000000e+00
   outer loop
     vertex -4.858502e+00 -7.522432e+00  5.000000e-01
     vertex -4.858502e+00 -7.522432e+00  3.480000e+00
     vertex -5.227425e+00 -7.270905e+00  5.000000e-01
   endloop
 endfacet
 facet normal -5.214352e-01 -8.532909e-01  0.000000e+00
   outer loop
     vertex -4.477500e+00 -7.755257e+00  5.000000e-01
     vertex -4.477500e+00 -7.755257e+00  3.480000e+00
     vertex -4.858502e+00 -7.522432e+00  3.480000e+00
   endloop
 endfacet
 facet normal -5.214352e-01 -8.532909e-01  0.000000e+00
   outer loop
     vertex -4.477500e+00 -7.755257e+00  5.000000e-01
     vertex -4.858502e+00 -7.522432e+00  3.480000e+00
     vertex -4.858502e+00 -7.522432e+00  5.000000e-01
   endloop
 endfacet
 facet normal -4.782540e-01 -8.782216e-01  0.000000e+00
   outer loop
     vertex -4.085366e+00 -7.968802e+00  5.000000e-01
     vertex -4.085366e+00 -7.968802e+00  3.480000e+00
     vertex -4.477500e+00 -7.755257e+00  3.480000e+00
   endloop
 endfacet
 facet normal -4.782540e-01 -8.782216e-01  0.000000e+00
   outer loop
     vertex -4.085366e+00 -7.968802e+00  5.000000e-01
     vertex -4.477500e+00 -7.755257e+00  3.480000e+00
     vertex -4.477500e+00 -7.755257e+00  5.000000e-01
   endloop
 endfacet
 facet normal -4.338837e-01 -9.009689e-01  0.000000e+00
   outer loop
     vertex -3.683076e+00 -8.162535e+00  5.000000e-01
     vertex -3.683076e+00 -8.162535e+00  3.480000e+00
     vertex -4.085366e+00 -7.968802e+00  3.480000e+00
   endloop
 endfacet
 facet normal -3.884348e-01 -9.214762e-01  0.000000e+00
   outer loop
     vertex -3.683076e+00 -8.162535e+00  5.000000e-01
     vertex -3.271629e+00 -8.335974e+00  3.480000e+00
     vertex -3.683076e+00 -8.162535e+00  3.480000e+00
   endloop
 endfacet
 facet normal -4.338837e-01 -9.009689e-01  0.000000e+00
   outer loop
     vertex -3.683076e+00 -8.162535e+00  5.000000e-01
     vertex -4.085366e+00 -7.968802e+00  3.480000e+00
     vertex -4.085366e+00 -7.968802e+00  5.000000e-01
   endloop
 endfacet
 facet normal -3.884348e-01 -9.214762e-01  0.000000e+00
   outer loop
     vertex -3.271629e+00 -8.335974e+00  5.000000e-01
     vertex -3.271629e+00 -8.335974e+00  3.480000e+00
     vertex -3.683076e+00 -8.162535e+00  5.000000e-01
   endloop
 endfacet
 facet normal -3.420201e-01 -9.396926e-01  0.000000e+00
   outer loop
     vertex -2.852048e+00 -8.488689e+00  5.000000e-01
     vertex -3.271629e+00 -8.335974e+00  3.480000e+00
     vertex -3.271629e+00 -8.335974e+00  5.000000e-01
   endloop
 endfacet
 facet normal -3.420201e-01 -9.396926e-01  0.000000e+00
   outer loop
     vertex -2.852048e+00 -8.488689e+00  5.000000e-01
     vertex -2.852048e+00 -8.488689e+00  3.480000e+00
     vertex -3.271629e+00 -8.335974e+00  3.480000e+00
   endloop
 endfacet
 facet normal -2.947552e-01 -9.555728e-01  0.000000e+00
   outer loop
     vertex -2.852048e+00 -8.488689e+00  5.000000e-01
     vertex -2.425376e+00 -8.620300e+00  3.480000e+00
     vertex -2.852048e+00 -8.488689e+00  3.480000e+00
   endloop
 endfacet
 facet normal -2.947552e-01 -9.555728e-01  0.000000e+00
   outer loop
     vertex -2.425376e+00 -8.620300e+00  5.000000e-01
     vertex -2.425376e+00 -8.620300e+00  3.480000e+00
     vertex -2.852048e+00 -8.488689e+00  5.000000e-01
   endloop
 endfacet
 facet normal -2.467574e-01 -9.690773e-01  0.000000e+00
   outer loop
     vertex -1.992675e+00 -8.730479e+00  5.000000e-01
     vertex -2.425376e+00 -8.620300e+00  3.480000e+00
     vertex -2.425376e+00 -8.620300e+00  5.000000e-01
   endloop
 endfacet
 facet normal -2.467574e-01 -9.690773e-01  0.000000e+00
   outer loop
     vertex -1.992675e+00 -8.730479e+00  5.000000e-01
     vertex -1.992675e+00 -8.730479e+00  3.480000e+00
     vertex -2.425376e+00 -8.620300e+00  3.480000e+00
   endloop
 endfacet
 facet normal -1.981461e-01 -9.801725e-01  0.000000e+00
   outer loop
     vertex -1.992675e+00 -8.730479e+00  5.000000e-01
     vertex -1.555019e+00 -8.818953e+00  3.480000e+00
     vertex -1.992675e+00 -8.730479e+00  3.480000e+00
   endloop
 endfacet
 facet normal -1.981461e-01 -9.801725e-01  0.000000e+00
   outer loop
     vertex -1.555019e+00 -8.818953e+00  5.000000e-01
     vertex -1.555019e+00 -8.818953e+00  3.480000e+00
     vertex -1.992675e+00 -8.730479e+00  5.000000e-01
   endloop
 endfacet
 facet normal -1.490423e-01 -9.888308e-01  0.000000e+00
   outer loop
     vertex -1.113498e+00 -8.885502e+00  5.000000e-01
     vertex -1.555019e+00 -8.818953e+00  3.480000e+00
     vertex -1.555019e+00 -8.818953e+00  5.000000e-01
   endloop
 endfacet
 facet normal -1.490423e-01 -9.888308e-01  0.000000e+00
   outer loop
     vertex -1.113498e+00 -8.885502e+00  5.000000e-01
     vertex -1.113498e+00 -8.885502e+00  3.480000e+00
     vertex -1.555019e+00 -8.818953e+00  3.480000e+00
   endloop
 endfacet
 facet normal -9.956785e-02 -9.950308e-01  0.000000e+00
   outer loop
     vertex -6.692080e-01 -8.929960e+00  5.000000e-01
     vertex -1.113498e+00 -8.885502e+00  3.480000e+00
     vertex -1.113498e+00 -8.885502e+00  5.000000e-01
   endloop
 endfacet
 facet normal -9.956785e-02 -9.950308e-01  0.000000e+00
   outer loop
     vertex -6.692080e-01 -8.929960e+00  5.000000e-01
     vertex -6.692080e-01 -8.929960e+00  3.480000e+00
     vertex -1.113498e+00 -8.885502e+00  3.480000e+00
   endloop
 endfacet
 facet normal -4.984589e-02 -9.987569e-01  0.000000e+00
   outer loop
     vertex -2.232543e-01 -8.952217e+00  5.000000e-01
     vertex -6.692080e-01 -8.929960e+00  3.480000e+00
     vertex -6.692080e-01 -8.929960e+00  5.000000e-01
   endloop
 endfacet
 facet normal -4.984589e-02 -9.987569e-01  0.000000e+00
   outer loop
     vertex -2.232543e-01 -8.952217e+00  5.000000e-01
     vertex -2.232543e-01 -8.952217e+00  3.480000e+00
     vertex -6.692080e-01 -8.929960e+00  3.480000e+00
   endloop
 endfacet
 facet normal  7.956651e-15 -1.000000e+00  0.000000e+00
   outer loop
     vertex -2.232543e-01 -8.952217e+00  5.000000e-01
     vertex  2.232543e-01 -8.952217e+00  3.480000e+00
     vertex -2.232543e-01 -8.952217e+00  3.480000e+00
   endloop
 endfacet
 facet normal  7.956651e-15 -1.000000e+00  0.000000e+00
   outer loop
     vertex  2.232543e-01 -8.952217e+00  5.000000e-01
     vertex  2.232543e-01 -8.952217e+00  3.480000e+00
     vertex -2.232543e-01 -8.952217e+00  5.000000e-01
   endloop
 endfacet
 facet normal  4.984589e-02 -9.987569e-01  0.000000e+00
   outer loop
     vertex  6.692080e-01 -8.929960e+00  5.000000e-01
     vertex  2.232543e-01 -8.952217e+00  3.480000e+00
     vertex  2.232543e-01 -8.952217e+00  5.000000e-01
   endloop
 endfacet
 facet normal  4.984589e-02 -9.987569e-01  0.000000e+00
   outer loop
     vertex  6.692080e-01 -8.929960e+00  5.000000e-01
     vertex  6.692080e-01 -8.929960e+00  3.480000e+00
     vertex  2.232543e-01 -8.952217e+00  3.480000e+00
   endloop
 endfacet
 facet normal  9.956785e-02 -9.950308e-01  0.000000e+00
   outer loop
     vertex  6.692080e-01 -8.929960e+00  5.000000e-01
     vertex  1.113498e+00 -8.885502e+00  3.480000e+00
     vertex  6.692080e-01 -8.929960e+00  3.480000e+00
   endloop
 endfacet
 facet normal  9.956785e-02 -9.950308e-01  0.000000e+00
   outer loop
     vertex  1.113498e+00 -8.885502e+00  5.000000e-01
     vertex  1.113498e+00 -8.885502e+00  3.480000e+00
     vertex  6.692080e-01 -8.929960e+00  5.000000e-01
   endloop
 endfacet
 facet normal  1.490423e-01 -9.888308e-01  0.000000e+00
   outer loop
     vertex  1.113498e+00 -8.885502e+00  5.000000e-01
     vertex  1.555019e+00 -8.818953e+00  3.480000e+00
     vertex  1.113498e+00 -8.885502e+00  3.480000e+00
   endloop
 endfacet
 facet normal  1.490423e-01 -9.888308e-01  0.000000e+00
   outer loop
     vertex  1.555019e+00 -8.818953e+00  5.000000e-01
     vertex  1.555019e+00 -8.818953e+00  3.480000e+00
     vertex  1.113498e+00 -8.885502e+00  5.000000e-01
   endloop
 endfacet
 facet normal  1.981461e-01 -9.801725e-01  0.000000e+00
   outer loop
     vertex  1.992675e+00 -8.730479e+00  5.000000e-01
     vertex  1.555019e+00 -8.818953e+00  3.480000e+00
     vertex  1.555019e+00 -8.818953e+00  5.000000e-01
   endloop
 endfacet
 facet normal  1.981461e-01 -9.801725e-01  0.000000e+00
   outer loop
     vertex  1.992675e+00 -8.730479e+00  5.000000e-01
     vertex  1.992675e+00 -8.730479e+00  3.480000e+00
     vertex  1.555019e+00 -8.818953e+00  3.480000e+00
   endloop
 endfacet
 facet normal  2.467574e-01 -9.690773e-01  0.000000e+00
   outer loop
     vertex  2.425376e+00 -8.620300e+00  5.000000e-01
     vertex  2.425376e+00 -8.620300e+00  3.480000e+00
     vertex  1.992675e+00 -8.730479e+00  3.480000e+00
   endloop
 endfacet
 facet normal  2.947552e-01 -9.555728e-01  0.000000e+00
   outer loop
     vertex  2.425376e+00 -8.620300e+00  5.000000e-01
     vertex  2.852048e+00 -8.488689e+00  3.480000e+00
     vertex  2.425376e+00 -8.620300e+00  3.480000e+00
   endloop
 endfacet
 facet normal  2.467574e-01 -9.690773e-01  0.000000e+00
   outer loop
     vertex  2.425376e+00 -8.620300e+00  5.000000e-01
     vertex  1.992675e+00 -8.730479e+00  3.480000e+00
     vertex  1.992675e+00 -8.730479e+00  5.000000e-01
   endloop
 endfacet
 facet normal  2.947552e-01 -9.555728e-01  0.000000e+00
   outer loop
     vertex  2.852048e+00 -8.488689e+00  5.000000e-01
     vertex  2.852048e+00 -8.488689e+00  3.480000e+00
     vertex  2.425376e+00 -8.620300e+00  5.000000e-01
   endloop
 endfacet
 facet normal  3.420201e-01 -9.396926e-01  0.000000e+00
   outer loop
     vertex  3.271629e+00 -8.335974e+00  5.000000e-01
     vertex  3.271629e+00 -8.335974e+00  3.480000e+00
     vertex  2.852048e+00 -8.488689e+00  3.480000e+00
   endloop
 endfacet
 facet normal  3.884348e-01 -9.214762e-01  0.000000e+00
   outer loop
     vertex  3.271629e+00 -8.335974e+00  5.000000e-01
     vertex  3.683076e+00 -8.162535e+00  3.480000e+00
     vertex  3.271629e+00 -8.335974e+00  3.480000e+00
   endloop
 endfacet
 facet normal  3.420201e-01 -9.396926e-01  0.000000e+00
   outer loop
     vertex  3.271629e+00 -8.335974e+00  5.000000e-01
     vertex  2.852048e+00 -8.488689e+00  3.480000e+00
     vertex  2.852048e+00 -8.488689e+00  5.000000e-01
   endloop
 endfacet
 facet normal  3.884348e-01 -9.214762e-01  0.000000e+00
   outer loop
     vertex  3.683076e+00 -8.162535e+00  5.000000e-01
     vertex  3.683076e+00 -8.162535e+00  3.480000e+00
     vertex  3.271629e+00 -8.335974e+00  5.000000e-01
   endloop
 endfacet
 facet normal  4.338837e-01 -9.009689e-01  0.000000e+00
   outer loop
     vertex  4.085366e+00 -7.968802e+00  5.000000e-01
     vertex  4.085366e+00 -7.968802e+00  3.480000e+00
     vertex  3.683076e+00 -8.162535e+00  3.480000e+00
   endloop
 endfacet
 facet normal  4.338837e-01 -9.009689e-01  0.000000e+00
   outer loop
     vertex  4.085366e+00 -7.968802e+00  5.000000e-01
     vertex  3.683076e+00 -8.162535e+00  3.480000e+00
     vertex  3.683076e+00 -8.162535e+00  5.000000e-01
   endloop
 endfacet
 facet normal  4.782540e-01 -8.782216e-01  0.000000e+00
   outer loop
     vertex  4.477500e+00 -7.755257e+00  5.000000e-01
     vertex  4.477500e+00 -7.755257e+00  3.480000e+00
     vertex  4.085366e+00 -7.968802e+00  3.480000e+00
   endloop
 endfacet
 facet normal  4.782540e-01 -8.782216e-01  0.000000e+00
   outer loop
     vertex  4.477500e+00 -7.755257e+00  5.000000e-01
     vertex  4.085366e+00 -7.968802e+00  3.480000e+00
     vertex  4.085366e+00 -7.968802e+00  5.000000e-01
   endloop
 endfacet
 facet normal  5.214352e-01 -8.532909e-01  0.000000e+00
   outer loop
     vertex  4.858502e+00 -7.522432e+00  5.000000e-01
     vertex  4.858502e+00 -7.522432e+00  3.480000e+00
     vertex  4.477500e+00 -7.755257e+00  3.480000e+00
   endloop
 endfacet
 facet normal  5.633201e-01 -8.262388e-01  0.000000e+00
   outer loop
     vertex  4.858502e+00 -7.522432e+00  5.000000e-01
     vertex  5.227425e+00 -7.270905e+00  3.480000e+00
     vertex  4.858502e+00 -7.522432e+00  3.480000e+00
   endloop
 endfacet
 facet normal  5.214352e-01 -8.532909e-01  0.000000e+00
   outer loop
     vertex  4.858502e+00 -7.522432e+00  5.000000e-01
     vertex  4.477500e+00 -7.755257e+00  3.480000e+00
     vertex  4.477500e+00 -7.755257e+00  5.000000e-01
   endloop
 endfacet
 facet normal  5.633201e-01 -8.262388e-01  0.000000e+00
   outer loop
     vertex  5.227425e+00 -7.270905e+00  5.000000e-01
     vertex  5.227425e+00 -7.270905e+00  3.480000e+00
     vertex  4.858502e+00 -7.522432e+00  5.000000e-01
   endloop
 endfacet
 facet normal  6.038044e-01 -7.971325e-01  0.000000e+00
   outer loop
     vertex  5.583351e+00 -7.001301e+00  5.000000e-01
     vertex  5.583351e+00 -7.001301e+00  3.480000e+00
     vertex  5.227425e+00 -7.270905e+00  3.480000e+00
   endloop
 endfacet
 facet normal  6.427876e-01 -7.660444e-01  0.000000e+00
   outer loop
     vertex  5.583351e+00 -7.001301e+00  5.000000e-01
     vertex  5.925397e+00 -6.714291e+00  3.480000e+00
     vertex  5.583351e+00 -7.001301e+00  3.480000e+00
   endloop
 endfacet
 facet normal  6.038044e-01 -7.971325e-01  0.000000e+00
   outer loop
     vertex  5.583351e+00 -7.001301e+00  5.000000e-01
     vertex  5.227425e+00 -7.270905e+00  3.480000e+00
     vertex  5.227425e+00 -7.270905e+00  5.000000e-01
   endloop
 endfacet
 facet normal  6.427876e-01 -7.660444e-01  0.000000e+00
   outer loop
     vertex  5.925397e+00 -6.714291e+00  5.000000e-01
     vertex  5.925397e+00 -6.714291e+00  3.480000e+00
     vertex  5.583351e+00 -7.001301e+00  5.000000e-01
   endloop
 endfacet
 facet normal  6.801727e-01 -7.330519e-01  0.000000e+00
   outer loop
     vertex  6.252711e+00 -6.410588e+00  5.000000e-01
     vertex  6.252711e+00 -6.410588e+00  3.480000e+00
     vertex  5.925397e+00 -6.714291e+00  3.480000e+00
   endloop
 endfacet
 facet normal  7.158668e-01 -6.982368e-01  0.000000e+00
   outer loop
     vertex  6.252711e+00 -6.410588e+00  5.000000e-01
     vertex  6.564480e+00 -6.090947e+00  3.480000e+00
     vertex  6.252711e+00 -6.410588e+00  3.480000e+00
   endloop
 endfacet
 facet normal  6.801727e-01 -7.330519e-01  0.000000e+00
   outer loop
     vertex  6.252711e+00 -6.410588e+00  5.000000e-01
     vertex  5.925397e+00 -6.714291e+00  3.480000e+00
     vertex  5.925397e+00 -6.714291e+00  5.000000e-01
   endloop
 endfacet
 facet normal  7.158668e-01 -6.982368e-01  0.000000e+00
   outer loop
     vertex  6.564480e+00 -6.090947e+00  5.000000e-01
     vertex  6.564480e+00 -6.090947e+00  3.480000e+00
     vertex  6.252711e+00 -6.410588e+00  5.000000e-01
   endloop
 endfacet
 facet normal  7.497812e-01 -6.616858e-01  0.000000e+00
   outer loop
     vertex  6.859928e+00 -5.756163e+00  5.000000e-01
     vertex  6.564480e+00 -6.090947e+00  3.480000e+00
     vertex  6.564480e+00 -6.090947e+00  5.000000e-01
   endloop
 endfacet
 facet normal  7.497812e-01 -6.616858e-01  0.000000e+00
   outer loop
     vertex  6.859928e+00 -5.756163e+00  5.000000e-01
     vertex  6.859928e+00 -5.756163e+00  3.480000e+00
     vertex  6.564480e+00 -6.090947e+00  3.480000e+00
   endloop
 endfacet
 facet normal  7.818315e-01 -6.234898e-01  0.000000e+00
   outer loop
     vertex  7.138322e+00 -5.407068e+00  5.000000e-01
     vertex  6.859928e+00 -5.756163e+00  3.480000e+00
     vertex  6.859928e+00 -5.756163e+00  5.000000e-01
   endloop
 endfacet
 facet normal  7.818315e-01 -6.234898e-01  0.000000e+00
   outer loop
     vertex  7.138322e+00 -5.407068e+00  5.000000e-01
     vertex  7.138322e+00 -5.407068e+00  3.480000e+00
     vertex  6.859928e+00 -5.756163e+00  3.480000e+00
   endloop
 endfacet
 facet normal  8.119380e-01 -5.837437e-01  0.000000e+00
   outer loop
     vertex  7.398968e+00 -5.044531e+00  5.000000e-01
     vertex  7.138322e+00 -5.407068e+00  3.480000e+00
     vertex  7.138322e+00 -5.407068e+00  5.000000e-01
   endloop
 endfacet
 facet normal  8.119380e-01 -5.837437e-01  0.000000e+00
   outer loop
     vertex  7.398968e+00 -5.044531e+00  5.000000e-01
     vertex  7.398968e+00 -5.044531e+00  3.480000e+00
     vertex  7.138322e+00 -5.407068e+00  3.480000e+00
   endloop
 endfacet
 facet normal  8.400259e-01 -5.425463e-01  0.000000e+00
   outer loop
     vertex  7.641220e+00 -4.669452e+00  5.000000e-01
     vertex  7.398968e+00 -5.044531e+00  3.480000e+00
     vertex  7.398968e+00 -5.044531e+00  5.000000e-01
   endloop
 endfacet
 facet normal  8.400259e-01 -5.425463e-01  0.000000e+00
   outer loop
     vertex  7.641220e+00 -4.669452e+00  5.000000e-01
     vertex  7.641220e+00 -4.669452e+00  3.480000e+00
     vertex  7.398968e+00 -5.044531e+00  3.480000e+00
   endloop
 endfacet
 facet normal  8.660254e-01 -5.000000e-01  0.000000e+00
   outer loop
     vertex  7.864474e+00 -4.282764e+00  5.000000e-01
     vertex  7.864474e+00 -4.282764e+00  3.480000e+00
     vertex  7.641220e+00 -4.669452e+00  3.480000e+00
   endloop
 endfacet
 facet normal  8.898718e-01 -4.562107e-01  0.000000e+00
   outer loop
     vertex  7.864474e+00 -4.282764e+00  5.000000e-01
     vertex  8.068176e+00 -3.885429e+00  3.480000e+00
     vertex  7.864474e+00 -4.282764e+00  3.480000e+00
   endloop
 endfacet
 facet normal  8.660254e-01 -5.000000e-01  0.000000e+00
   outer loop
     vertex  7.864474e+00 -4.282764e+00  5.000000e-01
     vertex  7.641220e+00 -4.669452e+00  3.480000e+00
     vertex  7.641220e+00 -4.669452e+00  5.000000e-01
   endloop
 endfacet
 facet normal  8.898718e-01 -4.562107e-01  0.000000e+00
   outer loop
     vertex  8.068176e+00 -3.885429e+00  5.000000e-01
     vertex  8.068176e+00 -3.885429e+00  3.480000e+00
     vertex  7.864474e+00 -4.282764e+00  5.000000e-01
   endloop
 endfacet
 facet normal  9.115059e-01 -4.112871e-01  0.000000e+00
   outer loop
     vertex  8.251819e+00 -3.478434e+00  5.000000e-01
     vertex  8.251819e+00 -3.478434e+00  3.480000e+00
     vertex  8.068176e+00 -3.885429e+00  3.480000e+00
   endloop
 endfacet
 facet normal  9.308737e-01 -3.653410e-01  0.000000e+00
   outer loop
     vertex  8.251819e+00 -3.478434e+00  5.000000e-01
     vertex  8.414947e+00 -3.062790e+00  3.480000e+00
     vertex  8.251819e+00 -3.478434e+00  3.480000e+00
   endloop
 endfacet
 facet normal  9.115059e-01 -4.112871e-01  0.000000e+00
   outer loop
     vertex  8.251819e+00 -3.478434e+00  5.000000e-01
     vertex  8.068176e+00 -3.885429e+00  3.480000e+00
     vertex  8.068176e+00 -3.885429e+00  5.000000e-01
   endloop
 endfacet
 facet normal  9.479273e-01 -3.184867e-01  0.000000e+00
   outer loop
     vertex  8.414947e+00 -3.062790e+00  5.000000e-01
     vertex  8.557154e+00 -2.639533e+00  3.480000e+00
     vertex  8.414947e+00 -3.062790e+00  3.480000e+00
   endloop
 endfacet
 facet normal  9.308737e-01 -3.653410e-01  0.000000e+00
   outer loop
     vertex  8.414947e+00 -3.062790e+00  5.000000e-01
     vertex  8.414947e+00 -3.062790e+00  3.480000e+00
     vertex  8.251819e+00 -3.478434e+00  5.000000e-01
   endloop
 endfacet
 facet normal  9.626242e-01 -2.708405e-01  0.000000e+00
   outer loop
     vertex  8.557154e+00 -2.639533e+00  5.000000e-01
     vertex  8.678087e+00 -2.209712e+00  3.480000e+00
     vertex  8.557154e+00 -2.639533e+00  3.480000e+00
   endloop
 endfacet
 facet normal  9.479273e-01 -3.184867e-01  0.000000e+00
   outer loop
     vertex  8.557154e+00 -2.639533e+00  5.000000e-01
     vertex  8.557154e+00 -2.639533e+00  3.480000e+00
     vertex  8.414947e+00 -3.062790e+00  5.000000e-01
   endloop
 endfacet
 facet normal  9.626242e-01 -2.708405e-01  0.000000e+00
   outer loop
     vertex  8.678087e+00 -2.209712e+00  5.000000e-01
     vertex  8.678087e+00 -2.209712e+00  3.480000e+00
     vertex  8.557154e+00 -2.639533e+00  5.000000e-01
   endloop
 endfacet
 facet normal  9.749279e-01 -2.225209e-01  0.000000e+00
   outer loop
     vertex  8.777445e+00 -1.774399e+00  5.000000e-01
     vertex  8.777445e+00 -1.774399e+00  3.480000e+00
     vertex  8.678087e+00 -2.209712e+00  3.480000e+00
   endloop
 endfacet
 facet normal  9.749279e-01 -2.225209e-01  0.000000e+00
   outer loop
     vertex  8.777445e+00 -1.774399e+00  5.000000e-01
     vertex  8.678087e+00 -2.209712e+00  3.480000e+00
     vertex  8.678087e+00 -2.209712e+00  5.000000e-01
   endloop
 endfacet
 facet normal  9.848078e-01 -1.736482e-01  0.000000e+00
   outer loop
     vertex  8.854980e+00 -1.334673e+00  5.000000e-01
     vertex  8.854980e+00 -1.334673e+00  3.480000e+00
     vertex  8.777445e+00 -1.774399e+00  3.480000e+00
   endloop
 endfacet
 facet normal  9.848078e-01 -1.736482e-01  0.000000e+00
   outer loop
     vertex  8.854980e+00 -1.334673e+00  5.000000e-01
     vertex  8.777445e+00 -1.774399e+00  3.480000e+00
     vertex  8.777445e+00 -1.774399e+00  5.000000e-01
   endloop
 endfacet
 facet normal  9.922392e-01 -1.243437e-01  0.000000e+00
   outer loop
     vertex  8.910501e+00 -8.916301e-01  5.000000e-01
     vertex  8.910501e+00 -8.916301e-01  3.480000e+00
     vertex  8.854980e+00 -1.334673e+00  3.480000e+00
   endloop
 endfacet
 facet normal  9.922392e-01 -1.243437e-01  0.000000e+00
   outer loop
     vertex  8.910501e+00 -8.916301e-01  5.000000e-01
     vertex  8.854980e+00 -1.334673e+00  3.480000e+00
     vertex  8.854980e+00 -1.334673e+00  5.000000e-01
   endloop
 endfacet
 facet normal  9.972038e-01 -7.473009e-02  0.000000e+00
   outer loop
     vertex  8.943868e+00 -4.463699e-01  5.000000e-01
     vertex  8.943868e+00 -4.463699e-01  3.480000e+00
     vertex  8.910501e+00 -8.916301e-01  3.480000e+00
   endloop
 endfacet
 facet normal  9.972038e-01 -7.473009e-02  0.000000e+00
   outer loop
     vertex  8.943868e+00 -4.463699e-01  5.000000e-01
     vertex  8.910501e+00 -8.916301e-01  3.480000e+00
     vertex  8.910501e+00 -8.916301e-01  5.000000e-01
   endloop
 endfacet
 facet normal  9.996892e-01 -2.493069e-02  0.000000e+00
   outer loop
     vertex  8.955000e+00  0.000000e+00  5.000000e-01
     vertex  8.955000e+00  0.000000e+00  3.480000e+00
     vertex  8.943868e+00 -4.463699e-01  3.480000e+00
   endloop
 endfacet
 facet normal  9.996892e-01 -2.493069e-02  0.000000e+00
   outer loop
     vertex  8.955000e+00  0.000000e+00  5.000000e-01
     vertex  8.943868e+00 -4.463699e-01  3.480000e+00
     vertex  8.943868e+00 -4.463699e-01  5.000000e-01
   endloop
 endfacet
 facet normal  7.069969e-01  1.763140e-02 -7.069969e-01
   outer loop
     vertex  8.444490e+00  4.214470e-01  0.000000e+00
     vertex  8.955000e+00  0.000000e+00  5.000000e-01
     vertex  8.455000e+00  0.000000e+00  0.000000e+00
   endloop
 endfacet
 facet normal  7.069969e-01  1.763140e-02 -7.069969e-01
   outer loop
     vertex  8.444490e+00  4.214470e-01  0.000000e+00
     vertex  8.943868e+00  4.463699e-01  5.000000e-01
     vertex  8.955000e+00  0.000000e+00  5.000000e-01
   endloop
 endfacet
 facet normal  7.052392e-01  5.285037e-02 -7.069969e-01
   outer loop
     vertex  8.412985e+00  8.418461e-01  0.000000e+00
     vertex  8.910501e+00  8.916301e-01  5.000000e-01
     vertex  8.943868e+00  4.463699e-01  5.000000e-01
   endloop
 endfacet
 facet normal  7.052392e-01  5.285037e-02 -7.069969e-01
   outer loop
     vertex  8.412985e+00  8.418461e-01  0.000000e+00
     vertex  8.943868e+00  4.463699e-01  5.000000e-01
     vertex  8.444490e+00  4.214470e-01  0.000000e+00
   endloop
 endfacet
 facet normal  7.017281e-01  8.793794e-02 -7.069969e-01
   outer loop
     vertex  8.360565e+00  1.260152e+00  0.000000e+00
     vertex  8.854980e+00  1.334673e+00  5.000000e-01
     vertex  8.910501e+00  8.916301e-01  5.000000e-01
   endloop
 endfacet
 facet normal  7.017281e-01  8.793794e-02 -7.069969e-01
   outer loop
     vertex  8.360565e+00  1.260152e+00  0.000000e+00
     vertex  8.910501e+00  8.916301e-01  5.000000e-01
     vertex  8.412985e+00  8.418461e-01  0.000000e+00
   endloop
 endfacet
 facet normal  6.964725e-01  1.228069e-01 -7.069969e-01
   outer loop
     vertex  8.287358e+00  1.675326e+00  0.000000e+00
     vertex  8.777445e+00  1.774399e+00  5.000000e-01
     vertex  8.854980e+00  1.334673e+00  5.000000e-01
   endloop
 endfacet
 facet normal  6.964725e-01  1.228069e-01 -7.069969e-01
   outer loop
     vertex  8.287358e+00  1.675326e+00  0.000000e+00
     vertex  8.854980e+00  1.334673e+00  5.000000e-01
     vertex  8.360565e+00  1.260152e+00  0.000000e+00
   endloop
 endfacet
 facet normal  6.894853e-01  1.573705e-01 -7.069969e-01
   outer loop
     vertex  8.193548e+00  2.086334e+00  0.000000e+00
     vertex  8.678087e+00  2.209712e+00  5.000000e-01
     vertex  8.777445e+00  1.774399e+00  5.000000e-01
   endloop
 endfacet
 facet normal  6.807839e-01  1.915429e-01 -7.069969e-01
   outer loop
     vertex  8.193548e+00  2.086334e+00  0.000000e+00
     vertex  8.557154e+00  2.639533e+00  5.000000e-01
     vertex  8.678087e+00  2.209712e+00  5.000000e-01
   endloop
 endfacet
 facet normal  6.894853e-01  1.573705e-01 -7.069969e-01
   outer loop
     vertex  8.193548e+00  2.086334e+00  0.000000e+00
     vertex  8.777445e+00  1.774399e+00  5.000000e-01
     vertex  8.287358e+00  1.675326e+00  0.000000e+00
   endloop
 endfacet
 facet normal  6.807839e-01  1.915429e-01 -7.069969e-01
   outer loop
     vertex  8.079368e+00  2.492155e+00  0.000000e+00
     vertex  8.557154e+00  2.639533e+00  5.000000e-01
     vertex  8.193548e+00  2.086334e+00  0.000000e+00
   endloop
 endfacet
 facet normal  6.703900e-01  2.252391e-01 -7.069969e-01
   outer loop
     vertex  7.945101e+00  2.891780e+00  0.000000e+00
     vertex  8.414947e+00  3.062790e+00  5.000000e-01
     vertex  8.557154e+00  2.639533e+00  5.000000e-01
   endloop
 endfacet
 facet normal  6.703900e-01  2.252391e-01 -7.069969e-01
   outer loop
     vertex  7.945101e+00  2.891780e+00  0.000000e+00
     vertex  8.557154e+00  2.639533e+00  5.000000e-01
     vertex  8.079368e+00  2.492155e+00  0.000000e+00
   endloop
 endfacet
 facet normal  6.583294e-01  2.583753e-01 -7.069969e-01
   outer loop
     vertex  7.791081e+00  3.284216e+00  0.000000e+00
     vertex  8.251819e+00  3.478434e+00  5.000000e-01
     vertex  8.414947e+00  3.062790e+00  5.000000e-01
   endloop
 endfacet
 facet normal  6.446321e-01  2.908691e-01 -7.069969e-01
   outer loop
     vertex  7.791081e+00  3.284216e+00  0.000000e+00
     vertex  8.068176e+00  3.885429e+00  5.000000e-01
     vertex  8.251819e+00  3.478434e+00  5.000000e-01
   endloop
 endfacet
 facet normal  6.583294e-01  2.583753e-01 -7.069969e-01
   outer loop
     vertex  7.791081e+00  3.284216e+00  0.000000e+00
     vertex  8.414947e+00  3.062790e+00  5.000000e-01
     vertex  7.945101e+00  2.891780e+00  0.000000e+00
   endloop
 endfacet
 facet normal  6.446321e-01  2.908691e-01 -7.069969e-01
   outer loop
     vertex  7.617692e+00  3.668487e+00  0.000000e+00
     vertex  8.068176e+00  3.885429e+00  5.000000e-01
     vertex  7.791081e+00  3.284216e+00  0.000000e+00
   endloop
 endfacet
 facet normal  6.293322e-01  3.226398e-01 -7.069969e-01
   outer loop
     vertex  7.425363e+00  4.043637e+00  0.000000e+00
     vertex  7.864474e+00  4.282764e+00  5.000000e-01
     vertex  8.068176e+00  3.885429e+00  5.000000e-01
   endloop
 endfacet
 facet normal  6.293322e-01  3.226398e-01 -7.069969e-01
   outer loop
     vertex  7.425363e+00  4.043637e+00  0.000000e+00
     vertex  8.068176e+00  3.885429e+00  5.000000e-01
     vertex  7.617692e+00  3.668487e+00  0.000000e+00
   endloop
 endfacet
 facet normal  6.124676e-01  3.536083e-01 -7.069969e-01
   outer loop
     vertex  7.214574e+00  4.408735e+00  0.000000e+00
     vertex  7.641220e+00  4.669452e+00  5.000000e-01
     vertex  7.864474e+00  4.282764e+00  5.000000e-01
   endloop
 endfacet
 facet normal  6.124676e-01  3.536083e-01 -7.069969e-01
   outer loop
     vertex  7.214574e+00  4.408735e+00  0.000000e+00
     vertex  7.864474e+00  4.282764e+00  5.000000e-01
     vertex  7.425363e+00  4.043637e+00  0.000000e+00
   endloop
 endfacet
 facet normal  5.940803e-01  3.836978e-01 -7.069969e-01
   outer loop
     vertex  6.985849e+00  4.762871e+00  0.000000e+00
     vertex  7.641220e+00  4.669452e+00  5.000000e-01
     vertex  7.214574e+00  4.408735e+00  0.000000e+00
   endloop
 endfacet
 facet normal  5.940803e-01  3.836978e-01 -7.069969e-01
   outer loop
     vertex  6.985849e+00  4.762871e+00  0.000000e+00
     vertex  7.398968e+00  5.044531e+00  5.000000e-01
     vertex  7.641220e+00  4.669452e+00  5.000000e-01
   endloop
 endfacet
 facet normal  5.742161e-01  4.128333e-01 -7.069969e-01
   outer loop
     vertex  6.985849e+00  4.762871e+00  0.000000e+00
     vertex  7.138322e+00  5.407068e+00  5.000000e-01
     vertex  7.398968e+00  5.044531e+00  5.000000e-01
   endloop
 endfacet
 facet normal  5.742161e-01  4.128333e-01 -7.069969e-01
   outer loop
     vertex  6.739755e+00  5.105166e+00  0.000000e+00
     vertex  7.138322e+00  5.407068e+00  5.000000e-01
     vertex  6.985849e+00  4.762871e+00  0.000000e+00
   endloop
 endfacet
 facet normal  5.529243e-01  4.409424e-01 -7.069969e-01
   outer loop
     vertex  6.476906e+00  5.434769e+00  0.000000e+00
     vertex  7.138322e+00  5.407068e+00  5.000000e-01
     vertex  6.739755e+00  5.105166e+00  0.000000e+00
   endloop
 endfacet
 facet normal  5.529243e-01  4.409424e-01 -7.069969e-01
   outer loop
     vertex  6.476906e+00  5.434769e+00  0.000000e+00
     vertex  6.859928e+00  5.756163e+00  5.000000e-01
     vertex  7.138322e+00  5.407068e+00  5.000000e-01
   endloop
 endfacet
 facet normal  5.302578e-01  4.679553e-01 -7.069969e-01
   outer loop
     vertex  6.197954e+00  5.750860e+00  0.000000e+00
     vertex  6.564480e+00  6.090947e+00  5.000000e-01
     vertex  6.859928e+00  5.756163e+00  5.000000e-01
   endloop
 endfacet
 facet normal  5.302578e-01  4.679553e-01 -7.069969e-01
   outer loop
     vertex  6.197954e+00  5.750860e+00  0.000000e+00
     vertex  6.859928e+00  5.756163e+00  5.000000e-01
     vertex  6.476906e+00  5.434769e+00  0.000000e+00
   endloop
 endfacet
 facet normal  5.062730e-01  4.938047e-01 -7.069969e-01
   outer loop
     vertex  5.903592e+00  6.052654e+00  0.000000e+00
     vertex  6.252711e+00  6.410588e+00  5.000000e-01
     vertex  6.564480e+00  6.090947e+00  5.000000e-01
   endloop
 endfacet
 facet normal  4.810295e-01  5.184265e-01 -7.069969e-01
   outer loop
     vertex  5.903592e+00  6.052654e+00  0.000000e+00
     vertex  5.925397e+00  6.714291e+00  5.000000e-01
     vertex  6.252711e+00  6.410588e+00  5.000000e-01
   endloop
 endfacet
 facet normal  5.062730e-01  4.938047e-01 -7.069969e-01
   outer loop
     vertex  5.903592e+00  6.052654e+00  0.000000e+00
     vertex  6.564480e+00  6.090947e+00  5.000000e-01
     vertex  6.197954e+00  5.750860e+00  0.000000e+00
   endloop
 endfacet
 facet normal  4.545901e-01  5.417594e-01 -7.069969e-01
   outer loop
     vertex  5.594554e+00  6.339400e+00  0.000000e+00
     vertex  5.583351e+00  7.001301e+00  5.000000e-01
     vertex  5.925397e+00  6.714291e+00  5.000000e-01
   endloop
 endfacet
 facet normal  4.810295e-01  5.184265e-01 -7.069969e-01
   outer loop
     vertex  5.594554e+00  6.339400e+00  0.000000e+00
     vertex  5.925397e+00  6.714291e+00  5.000000e-01
     vertex  5.903592e+00  6.052654e+00  0.000000e+00
   endloop
 endfacet
 facet normal  4.545901e-01  5.417594e-01 -7.069969e-01
   outer loop
     vertex  5.271606e+00  6.610385e+00  0.000000e+00
     vertex  5.583351e+00  7.001301e+00  5.000000e-01
     vertex  5.594554e+00  6.339400e+00  0.000000e+00
   endloop
 endfacet
 facet normal  4.270206e-01  5.637454e-01 -7.069969e-01
   outer loop
     vertex  4.935553e+00  6.864936e+00  0.000000e+00
     vertex  5.227425e+00  7.270905e+00  5.000000e-01
     vertex  5.583351e+00  7.001301e+00  5.000000e-01
   endloop
 endfacet
 facet normal  3.983893e-01  5.843298e-01 -7.069969e-01
   outer loop
     vertex  4.935553e+00  6.864936e+00  0.000000e+00
     vertex  4.858502e+00  7.522432e+00  5.000000e-01
     vertex  5.227425e+00  7.270905e+00  5.000000e-01
   endloop
 endfacet
 facet normal  4.270206e-01  5.637454e-01 -7.069969e-01
   outer loop
     vertex  4.935553e+00  6.864936e+00  0.000000e+00
     vertex  5.583351e+00  7.001301e+00  5.000000e-01
     vertex  5.271606e+00  6.610385e+00  0.000000e+00
   endloop
 endfacet
 facet normal  3.687677e-01  6.034615e-01 -7.069969e-01
   outer loop
     vertex  4.587229e+00  7.102419e+00  0.000000e+00
     vertex  4.477500e+00  7.755257e+00  5.000000e-01
     vertex  4.858502e+00  7.522432e+00  5.000000e-01
   endloop
 endfacet
 facet normal  3.983893e-01  5.843298e-01 -7.069969e-01
   outer loop
     vertex  4.587229e+00  7.102419e+00  0.000000e+00
     vertex  4.858502e+00  7.522432e+00  5.000000e-01
     vertex  4.935553e+00  6.864936e+00  0.000000e+00
   endloop
 endfacet
 facet normal  3.687677e-01  6.034615e-01 -7.069969e-01
   outer loop
     vertex  4.227500e+00  7.322245e+00  0.000000e+00
     vertex  4.477500e+00  7.755257e+00  5.000000e-01
     vertex  4.587229e+00  7.102419e+00  0.000000e+00
   endloop
 endfacet
 facet normal  3.382292e-01  6.210929e-01 -7.069969e-01
   outer loop
     vertex  3.857261e+00  7.523866e+00  0.000000e+00
     vertex  4.085366e+00  7.968802e+00  5.000000e-01
     vertex  4.477500e+00  7.755257e+00  5.000000e-01
   endloop
 endfacet
 facet normal  3.068498e-01  6.371802e-01 -7.069969e-01
   outer loop
     vertex  3.857261e+00  7.523866e+00  0.000000e+00
     vertex  3.683076e+00  8.162535e+00  5.000000e-01
     vertex  4.085366e+00  7.968802e+00  5.000000e-01
   endloop
 endfacet
 facet normal  3.382292e-01  6.210929e-01 -7.069969e-01
   outer loop
     vertex  3.857261e+00  7.523866e+00  0.000000e+00
     vertex  4.477500e+00  7.755257e+00  5.000000e-01
     vertex  4.227500e+00  7.322245e+00  0.000000e+00
   endloop
 endfacet
 facet normal  3.068498e-01  6.371802e-01 -7.069969e-01
   outer loop
     vertex  3.477432e+00  7.706782e+00  0.000000e+00
     vertex  3.683076e+00  8.162535e+00  5.000000e-01
     vertex  3.857261e+00  7.523866e+00  0.000000e+00
   endloop
 endfacet
 facet normal  2.747076e-01  6.516833e-01 -7.069969e-01
   outer loop
     vertex  3.088958e+00  7.870538e+00  0.000000e+00
     vertex  3.271629e+00  8.335974e+00  5.000000e-01
     vertex  3.683076e+00  8.162535e+00  5.000000e-01
   endloop
 endfacet
 facet normal  2.747076e-01  6.516833e-01 -7.069969e-01
   outer loop
     vertex  3.088958e+00  7.870538e+00  0.000000e+00
     vertex  3.683076e+00  8.162535e+00  5.000000e-01
     vertex  3.477432e+00  7.706782e+00  0.000000e+00
   endloop
 endfacet
 facet normal  2.418824e-01  6.645663e-01 -7.069969e-01
   outer loop
     vertex  2.692805e+00  8.014726e+00  0.000000e+00
     vertex  2.852048e+00  8.488689e+00  5.000000e-01
     vertex  3.271629e+00  8.335974e+00  5.000000e-01
   endloop
 endfacet
 facet normal  2.418824e-01  6.645663e-01 -7.069969e-01
   outer loop
     vertex  2.692805e+00  8.014726e+00  0.000000e+00
     vertex  3.271629e+00  8.335974e+00  5.000000e-01
     vertex  3.088958e+00  7.870538e+00  0.000000e+00
   endloop
 endfacet
 facet normal  2.084558e-01  6.757970e-01 -7.069969e-01
   outer loop
     vertex  2.289956e+00  8.138988e+00  0.000000e+00
     vertex  2.425376e+00  8.620300e+00  5.000000e-01
     vertex  2.852048e+00  8.488689e+00  5.000000e-01
   endloop
 endfacet
 facet normal  1.745109e-01  6.853476e-01 -7.069969e-01
   outer loop
     vertex  2.289956e+00  8.138988e+00  0.000000e+00
     vertex  1.992675e+00  8.730479e+00  5.000000e-01
     vertex  2.425376e+00  8.620300e+00  5.000000e-01
   endloop
 endfacet
 facet normal  2.084558e-01  6.757970e-01 -7.069969e-01
   outer loop
     vertex  2.289956e+00  8.138988e+00  0.000000e+00
     vertex  2.852048e+00  8.488689e+00  5.000000e-01
     vertex  2.692805e+00  8.014726e+00  0.000000e+00
   endloop
 endfacet
 facet normal  1.401323e-01  6.931943e-01 -7.069969e-01
   outer loop
     vertex  1.881414e+00  8.243015e+00  0.000000e+00
     vertex  1.555019e+00  8.818953e+00  5.000000e-01
     vertex  1.992675e+00  8.730479e+00  5.000000e-01
   endloop
 endfacet
 facet normal  1.745109e-01  6.853476e-01 -7.069969e-01
   outer loop
     vertex  1.881414e+00  8.243015e+00  0.000000e+00
     vertex  1.992675e+00  8.730479e+00  5.000000e-01
     vertex  2.289956e+00  8.138988e+00  0.000000e+00
   endloop
 endfacet
 facet normal  1.054052e-01  6.993177e-01 -7.069969e-01
   outer loop
     vertex  1.468195e+00  8.326550e+00  0.000000e+00
     vertex  1.113498e+00  8.885502e+00  5.000000e-01
     vertex  1.555019e+00  8.818953e+00  5.000000e-01
   endloop
 endfacet
 facet normal  1.401323e-01  6.931943e-01 -7.069969e-01
   outer loop
     vertex  1.468195e+00  8.326550e+00  0.000000e+00
     vertex  1.555019e+00  8.818953e+00  5.000000e-01
     vertex  1.881414e+00  8.243015e+00  0.000000e+00
   endloop
 endfacet
 facet normal  1.054052e-01  6.993177e-01 -7.069969e-01
   outer loop
     vertex  1.051326e+00  8.389382e+00  0.000000e+00
     vertex  1.113498e+00  8.885502e+00  5.000000e-01
     vertex  1.468195e+00  8.326550e+00  0.000000e+00
   endloop
 endfacet
 facet normal  7.041604e-02  7.037024e-01 -7.069969e-01
   outer loop
     vertex  6.318429e-01  8.431358e+00  0.000000e+00
     vertex  6.692080e-01  8.929960e+00  5.000000e-01
     vertex  1.113498e+00  8.885502e+00  5.000000e-01
   endloop
 endfacet
 facet normal  7.041604e-02  7.037024e-01 -7.069969e-01
   outer loop
     vertex  6.318429e-01  8.431358e+00  0.000000e+00
     vertex  1.113498e+00  8.885502e+00  5.000000e-01
     vertex  1.051326e+00  8.389382e+00  0.000000e+00
   endloop
 endfacet
 facet normal  3.525184e-02  7.063376e-01 -7.069969e-01
   outer loop
     vertex  2.107890e-01  8.452372e+00  0.000000e+00
     vertex  2.232543e-01  8.952217e+00  5.000000e-01
     vertex  6.692080e-01  8.929960e+00  5.000000e-01
   endloop
 endfacet
 facet normal  3.525184e-02  7.063376e-01 -7.069969e-01
   outer loop
     vertex  2.107890e-01  8.452372e+00  0.000000e+00
     vertex  6.692080e-01  8.929960e+00  5.000000e-01
     vertex  6.318429e-01  8.431358e+00  0.000000e+00
   endloop
 endfacet
 facet normal  0.000000e+00  7.072167e-01 -7.069969e-01
   outer loop
     vertex -2.107890e-01  8.452372e+00  0.000000e+00
     vertex -2.232543e-01  8.952217e+00  5.000000e-01
     vertex  2.232543e-01  8.952217e+00  5.000000e-01
   endloop
 endfacet
 facet normal  0.000000e+00  7.072167e-01 -7.069969e-01
   outer loop
     vertex -2.107890e-01  8.452372e+00  0.000000e+00
     vertex  2.232543e-01  8.952217e+00  5.000000e-01
     vertex  2.107890e-01  8.452372e+00  0.000000e+00
   endloop
 endfacet
 facet normal -3.525184e-02  7.063376e-01 -7.069969e-01
   outer loop
     vertex -6.318429e-01  8.431358e+00  0.000000e+00
     vertex -6.692080e-01  8.929960e+00  5.000000e-01
     vertex -2.232543e-01  8.952217e+00  5.000000e-01
   endloop
 endfacet
 facet normal -7.041604e-02  7.037024e-01 -7.069969e-01
   outer loop
     vertex -6.318429e-01  8.431358e+00  0.000000e+00
     vertex -1.113498e+00  8.885502e+00  5.000000e-01
     vertex -6.692080e-01  8.929960e+00  5.000000e-01
   endloop
 endfacet
 facet normal -3.525184e-02  7.063376e-01 -7.069969e-01
   outer loop
     vertex -6.318429e-01  8.431358e+00  0.000000e+00
     vertex -2.232543e-01  8.952217e+00  5.000000e-01
     vertex -2.107890e-01  8.452372e+00  0.000000e+00
   endloop
 endfacet
 facet normal -1.054052e-01  6.993177e-01 -7.069969e-01
   outer loop
     vertex -1.051326e+00  8.389382e+00  0.000000e+00
     vertex -1.555019e+00  8.818953e+00  5.000000e-01
     vertex -1.113498e+00  8.885502e+00  5.000000e-01
   endloop
 endfacet
 facet normal -7.041604e-02  7.037024e-01 -7.069969e-01
   outer loop
     vertex -1.051326e+00  8.389382e+00  0.000000e+00
     vertex -1.113498e+00  8.885502e+00  5.000000e-01
     vertex -6.318429e-01  8.431358e+00  0.000000e+00
   endloop
 endfacet
 facet normal -1.054052e-01  6.993177e-01 -7.069969e-01
   outer loop
     vertex -1.468195e+00  8.326550e+00  0.000000e+00
     vertex -1.555019e+00  8.818953e+00  5.000000e-01
     vertex -1.051326e+00  8.389382e+00  0.000000e+00
   endloop
 endfacet
 facet normal -1.401323e-01  6.931943e-01 -7.069969e-01
   outer loop
     vertex -1.881414e+00  8.243015e+00  0.000000e+00
     vertex -1.992675e+00  8.730479e+00  5.000000e-01
     vertex -1.555019e+00  8.818953e+00  5.000000e-01
   endloop
 endfacet
 facet normal -1.745109e-01  6.853476e-01 -7.069969e-01
   outer loop
     vertex -1.881414e+00  8.243015e+00  0.000000e+00
     vertex -2.425376e+00  8.620300e+00  5.000000e-01
     vertex -1.992675e+00  8.730479e+00  5.000000e-01
   endloop
 endfacet
 facet normal -1.401323e-01  6.931943e-01 -7.069969e-01
   outer loop
     vertex -1.881414e+00  8.243015e+00  0.000000e+00
     vertex -1.555019e+00  8.818953e+00  5.000000e-01
     vertex -1.468195e+00  8.326550e+00  0.000000e+00
   endloop
 endfacet
 facet normal -1.745109e-01  6.853476e-01 -7.069969e-01
   outer loop
     vertex -2.289956e+00  8.138988e+00  0.000000e+00
     vertex -2.425376e+00  8.620300e+00  5.000000e-01
     vertex -1.881414e+00  8.243015e+00  0.000000e+00
   endloop
 endfacet
 facet normal -2.084558e-01  6.757970e-01 -7.069969e-01
   outer loop
     vertex -2.692805e+00  8.014726e+00  0.000000e+00
     vertex -2.425376e+00  8.620300e+00  5.000000e-01
     vertex -2.289956e+00  8.138988e+00  0.000000e+00
   endloop
 endfacet
 facet normal -2.084558e-01  6.757970e-01 -7.069969e-01
   outer loop
     vertex -2.692805e+00  8.014726e+00  0.000000e+00
     vertex -2.852048e+00  8.488689e+00  5.000000e-01
     vertex -2.425376e+00  8.620300e+00  5.000000e-01
   endloop
 endfacet
 facet normal -2.418824e-01  6.645663e-01 -7.069969e-01
   outer loop
     vertex -3.088958e+00  7.870538e+00  0.000000e+00
     vertex -2.852048e+00  8.488689e+00  5.000000e-01
     vertex -2.692805e+00  8.014726e+00  0.000000e+00
   endloop
 endfacet
 facet normal -2.418824e-01  6.645663e-01 -7.069969e-01
   outer loop
     vertex -3.088958e+00  7.870538e+00  0.000000e+00
     vertex -3.271629e+00  8.335974e+00  5.000000e-01
     vertex -2.852048e+00  8.488689e+00  5.000000e-01
   endloop
 endfacet
 facet normal -2.747076e-01  6.516833e-01 -7.069969e-01
   outer loop
     vertex -3.477432e+00  7.706782e+00  0.000000e+00
     vertex -3.271629e+00  8.335974e+00  5.000000e-01
     vertex -3.088958e+00  7.870538e+00  0.000000e+00
   endloop
 endfacet
 facet normal -2.747076e-01  6.516833e-01 -7.069969e-01
   outer loop
     vertex -3.477432e+00  7.706782e+00  0.000000e+00
     vertex -3.683076e+00  8.162535e+00  5.000000e-01
     vertex -3.271629e+00  8.335974e+00  5.000000e-01
   endloop
 endfacet
 facet normal -3.068498e-01  6.371802e-01 -7.069969e-01
   outer loop
     vertex -3.857261e+00  7.523866e+00  0.000000e+00
     vertex -3.683076e+00  8.162535e+00  5.000000e-01
     vertex -3.477432e+00  7.706782e+00  0.000000e+00
   endloop
 endfacet
 facet normal -3.068498e-01  6.371802e-01 -7.069969e-01
   outer loop
     vertex -3.857261e+00  7.523866e+00  0.000000e+00
     vertex -4.085366e+00  7.968802e+00  5.000000e-01
     vertex -3.683076e+00  8.162535e+00  5.000000e-01
   endloop
 endfacet
 facet normal -3.382292e-01  6.210929e-01 -7.069969e-01
   outer loop
     vertex -4.227500e+00  7.322245e+00  0.000000e+00
     vertex -4.085366e+00  7.968802e+00  5.000000e-01
     vertex -3.857261e+00  7.523866e+00  0.000000e+00
   endloop
 endfacet
 facet normal -3.382292e-01  6.210929e-01 -7.069969e-01
   outer loop
     vertex -4.227500e+00  7.322245e+00  0.000000e+00
     vertex -4.477500e+00  7.755257e+00  5.000000e-01
     vertex -4.085366e+00  7.968802e+00  5.000000e-01
   endloop
 endfacet
 facet normal -3.687677e-01  6.034615e-01 -7.069969e-01
   outer loop
     vertex -4.587229e+00  7.102419e+00  0.000000e+00
     vertex -4.477500e+00  7.755257e+00  5.000000e-01
     vertex -4.227500e+00  7.322245e+00  0.000000e+00
   endloop
 endfacet
 facet normal -3.687677e-01  6.034615e-01 -7.069969e-01
   outer loop
     vertex -4.587229e+00  7.102419e+00  0.000000e+00
     vertex -4.858502e+00  7.522432e+00  5.000000e-01
     vertex -4.477500e+00  7.755257e+00  5.000000e-01
   endloop
 endfacet
 facet normal -3.983893e-01  5.843298e-01 -7.069969e-01
   outer loop
     vertex -4.935553e+00  6.864936e+00  0.000000e+00
     vertex -4.858502e+00  7.522432e+00  5.000000e-01
     vertex -4.587229e+00  7.102419e+00  0.000000e+00
   endloop
 endfacet
 facet normal -3.983893e-01  5.843298e-01 -7.069969e-01
   outer loop
     vertex -4.935553e+00  6.864936e+00  0.000000e+00
     vertex -5.227425e+00  7.270905e+00  5.000000e-01
     vertex -4.858502e+00  7.522432e+00  5.000000e-01
   endloop
 endfacet
 facet normal -4.270206e-01  5.637454e-01 -7.069969e-01
   outer loop
     vertex -5.271606e+00  6.610385e+00  0.000000e+00
     vertex -5.227425e+00  7.270905e+00  5.000000e-01
     vertex -4.935553e+00  6.864936e+00  0.000000e+00
   endloop
 endfacet
 facet normal -4.270206e-01  5.637454e-01 -7.069969e-01
   outer loop
     vertex -5.271606e+00  6.610385e+00  0.000000e+00
     vertex -5.583351e+00  7.001301e+00  5.000000e-01
     vertex -5.227425e+00  7.270905e+00  5.000000e-01
   endloop
 endfacet
 facet normal -4.545901e-01  5.417594e-01 -7.069969e-01
   outer loop
     vertex -5.594554e+00  6.339400e+00  0.000000e+00
     vertex -5.583351e+00  7.001301e+00  5.000000e-01
     vertex -5.271606e+00  6.610385e+00  0.000000e+00
   endloop
 endfacet
 facet normal -4.545901e-01  5.417594e-01 -7.069969e-01
   outer loop
     vertex -5.594554e+00  6.339400e+00  0.000000e+00
     vertex -5.925397e+00  6.714291e+00  5.000000e-01
     vertex -5.583351e+00  7.001301e+00  5.000000e-01
   endloop
 endfacet
 facet normal -4.810295e-01  5.184265e-01 -7.069969e-01
   outer loop
     vertex -5.903592e+00  6.052654e+00  0.000000e+00
     vertex -5.925397e+00  6.714291e+00  5.000000e-01
     vertex -5.594554e+00  6.339400e+00  0.000000e+00
   endloop
 endfacet
 facet normal -4.810295e-01  5.184265e-01 -7.069969e-01
   outer loop
     vertex -5.903592e+00  6.052654e+00  0.000000e+00
     vertex -6.252711e+00  6.410588e+00  5.000000e-01
     vertex -5.925397e+00  6.714291e+00  5.000000e-01
   endloop
 endfacet
 facet normal -5.062730e-01  4.938047e-01 -7.069969e-01
   outer loop
     vertex -6.197954e+00  5.750860e+00  0.000000e+00
     vertex -6.252711e+00  6.410588e+00  5.000000e-01
     vertex -5.903592e+00  6.052654e+00  0.000000e+00
   endloop
 endfacet
 facet normal -5.062730e-01  4.938047e-01 -7.069969e-01
   outer loop
     vertex -6.197954e+00  5.750860e+00  0.000000e+00
     vertex -6.564480e+00  6.090947e+00  5.000000e-01
     vertex -6.252711e+00  6.410588e+00  5.000000e-01
   endloop
 endfacet
 facet normal -5.302578e-01  4.679553e-01 -7.069969e-01
   outer loop
     vertex -6.476906e+00  5.434769e+00  0.000000e+00
     vertex -6.859928e+00  5.756163e+00  5.000000e-01
     vertex -6.564480e+00  6.090947e+00  5.000000e-01
   endloop
 endfacet
 facet normal -5.529243e-01  4.409424e-01 -7.069969e-01
   outer loop
     vertex -6.476906e+00  5.434769e+00  0.000000e+00
     vertex -7.138322e+00  5.407068e+00  5.000000e-01
     vertex -6.859928e+00  5.756163e+00  5.000000e-01
   endloop
 endfacet
 facet normal -5.302578e-01  4.679553e-01 -7.069969e-01
   outer loop
     vertex -6.476906e+00  5.434769e+00  0.000000e+00
     vertex -6.564480e+00  6.090947e+00  5.000000e-01
     vertex -6.197954e+00  5.750860e+00  0.000000e+00
   endloop
 endfacet
 facet normal -5.529243e-01  4.409424e-01 -7.069969e-01
   outer loop
     vertex -6.739755e+00  5.105166e+00  0.000000e+00
     vertex -7.138322e+00  5.407068e+00  5.000000e-01
     vertex -6.476906e+00  5.434769e+00  0.000000e+00
   endloop
 endfacet
 facet normal -5.742161e-01  4.128333e-01 -7.069969e-01
   outer loop
     vertex -6.985849e+00  4.762871e+00  0.000000e+00
     vertex -7.398968e+00  5.044531e+00  5.000000e-01
     vertex -7.138322e+00  5.407068e+00  5.000000e-01
   endloop
 endfacet
 facet normal -5.742161e-01  4.128333e-01 -7.069969e-01
   outer loop
     vertex -6.985849e+00  4.762871e+00  0.000000e+00
     vertex -7.138322e+00  5.407068e+00  5.000000e-01
     vertex -6.739755e+00  5.105166e+00  0.000000e+00
   endloop
 endfacet
 facet normal -5.940803e-01  3.836978e-01 -7.069969e-01
   outer loop
     vertex -7.214574e+00  4.408735e+00  0.000000e+00
     vertex -7.641220e+00  4.669452e+00  5.000000e-01
     vertex -7.398968e+00  5.044531e+00  5.000000e-01
   endloop
 endfacet
 facet normal -5.940803e-01  3.836978e-01 -7.069969e-01
   outer loop
     vertex -7.214574e+00  4.408735e+00  0.000000e+00
     vertex -7.398968e+00  5.044531e+00  5.000000e-01
     vertex -6.985849e+00  4.762871e+00  0.000000e+00
   endloop
 endfacet
 facet normal -6.124676e-01  3.536083e-01 -7.069969e-01
   outer loop
     vertex -7.214574e+00  4.408735e+00  0.000000e+00
     vertex -7.864474e+00  4.282764e+00  5.000000e-01
     vertex -7.641220e+00  4.669452e+00  5.000000e-01
   endloop
 endfacet
 facet normal -6.124676e-01  3.536083e-01 -7.069969e-01
   outer loop
     vertex -7.425363e+00  4.043637e+00  0.000000e+00
     vertex -7.864474e+00  4.282764e+00  5.000000e-01
     vertex -7.214574e+00  4.408735e+00  0.000000e+00
   endloop
 endfacet
 facet normal -6.293322e-01  3.226398e-01 -7.069969e-01
   outer loop
     vertex -7.617692e+00  3.668487e+00  0.000000e+00
     vertex -8.068176e+00  3.885429e+00  5.000000e-01
     vertex -7.864474e+00  4.282764e+00  5.000000e-01
   endloop
 endfacet
 facet normal -6.293322e-01  3.226398e-01 -7.069969e-01
   outer loop
     vertex -7.617692e+00  3.668487e+00  0.000000e+00
     vertex -7.864474e+00  4.282764e+00  5.000000e-01
     vertex -7.425363e+00  4.043637e+00  0.000000e+00
   endloop
 endfacet
 facet normal -6.446321e-01  2.908691e-01 -7.069969e-01
   outer loop
     vertex -7.791081e+00  3.284216e+00  0.000000e+00
     vertex -8.251819e+00  3.478434e+00  5.000000e-01
     vertex -8.068176e+00  3.885429e+00  5.000000e-01
   endloop
 endfacet
 facet normal -6.446321e-01  2.908691e-01 -7.069969e-01
   outer loop
     vertex -7.791081e+00  3.284216e+00  0.000000e+00
     vertex -8.068176e+00  3.885429e+00  5.000000e-01
     vertex -7.617692e+00  3.668487e+00  0.000000e+00
   endloop
 endfacet
 facet normal -6.583294e-01  2.583753e-01 -7.069969e-01
   outer loop
     vertex -7.945101e+00  2.891780e+00  0.000000e+00
     vertex -8.414947e+00  3.062790e+00  5.000000e-01
     vertex -8.251819e+00  3.478434e+00  5.000000e-01
   endloop
 endfacet
 facet normal -6.583294e-01  2.583753e-01 -7.069969e-01
   outer loop
     vertex -7.945101e+00  2.891780e+00  0.000000e+00
     vertex -8.251819e+00  3.478434e+00  5.000000e-01
     vertex -7.791081e+00  3.284216e+00  0.000000e+00
   endloop
 endfacet
 facet normal -6.703900e-01  2.252391e-01 -7.069969e-01
   outer loop
     vertex -8.079368e+00  2.492155e+00  0.000000e+00
     vertex -8.557154e+00  2.639533e+00  5.000000e-01
     vertex -8.414947e+00  3.062790e+00  5.000000e-01
   endloop
 endfacet
 facet normal -6.703900e-01  2.252391e-01 -7.069969e-01
   outer loop
     vertex -8.079368e+00  2.492155e+00  0.000000e+00
     vertex -8.414947e+00  3.062790e+00  5.000000e-01
     vertex -7.945101e+00  2.891780e+00  0.000000e+00
   endloop
 endfacet
 facet normal -6.807839e-01  1.915429e-01 -7.069969e-01
   outer loop
     vertex -8.193548e+00  2.086334e+00  0.000000e+00
     vertex -8.678087e+00  2.209712e+00  5.000000e-01
     vertex -8.557154e+00  2.639533e+00  5.000000e-01
   endloop
 endfacet
 facet normal -6.894853e-01  1.573705e-01 -7.069969e-01
   outer loop
     vertex -8.193548e+00  2.086334e+00  0.000000e+00
     vertex -8.777445e+00  1.774399e+00  5.000000e-01
     vertex -8.678087e+00  2.209712e+00  5.000000e-01
   endloop
 endfacet
 facet normal -6.807839e-01  1.915429e-01 -7.069969e-01
   outer loop
     vertex -8.193548e+00  2.086334e+00  0.000000e+00
     vertex -8.557154e+00  2.639533e+00  5.000000e-01
     vertex -8.079368e+00  2.492155e+00  0.000000e+00
   endloop
 endfacet
 facet normal -6.894853e-01  1.573705e-01 -7.069969e-01
   outer loop
     vertex -8.287358e+00  1.675326e+00  0.000000e+00
     vertex -8.777445e+00  1.774399e+00  5.000000e-01
     vertex -8.193548e+00  2.086334e+00  0.000000e+00
   endloop
 endfacet
 facet normal -6.964725e-01  1.228069e-01 -7.069969e-01
   outer loop
     vertex -8.360565e+00  1.260152e+00  0.000000e+00
     vertex -8.854980e+00  1.334673e+00  5.000000e-01
     vertex -8.777445e+00  1.774399e+00  5.000000e-01
   endloop
 endfacet
 facet normal -6.964725e-01  1.228069e-01 -7.069969e-01
   outer loop
     vertex -8.360565e+00  1.260152e+00  0.000000e+00
     vertex -8.777445e+00  1.774399e+00  5.000000e-01
     vertex -8.287358e+00  1.675326e+00  0.000000e+00
   endloop
 endfacet
 facet normal -7.017281e-01  8.793794e-02 -7.069969e-01
   outer loop
     vertex -8.412985e+00  8.418461e-01  0.000000e+00
     vertex -8.910501e+00  8.916301e-01  5.000000e-01
     vertex -8.854980e+00  1.334673e+00  5.000000e-01
   endloop
 endfacet
 facet normal -7.017281e-01  8.793794e-02 -7.069969e-01
   outer loop
     vertex -8.412985e+00  8.418461e-01  0.000000e+00
     vertex -8.854980e+00  1.334673e+00  5.000000e-01
     vertex -8.360565e+00  1.260152e+00  0.000000e+00
   endloop
 endfacet
 facet normal -7.052392e-01  5.285037e-02 -7.069969e-01
   outer loop
     vertex -8.444490e+00  4.214470e-01  0.000000e+00
     vertex -8.910501e+00  8.916301e-01  5.000000e-01
     vertex -8.412985e+00  8.418461e-01  0.000000e+00
   endloop
 endfacet
 facet normal -7.052392e-01  5.285037e-02 -7.069969e-01
   outer loop
     vertex -8.444490e+00  4.214470e-01  0.000000e+00
     vertex -8.943868e+00  4.463699e-01  5.000000e-01
     vertex -8.910501e+00  8.916301e-01  5.000000e-01
   endloop
 endfacet
 facet normal -7.069969e-01  1.763140e-02 -7.069969e-01
   outer loop
     vertex -8.444490e+00  4.214470e-01  0.000000e+00
     vertex -8.955000e+00 -3.071788e-14  5.000000e-01
     vertex -8.943868e+00  4.463699e-01  5.000000e-01
   endloop
 endfacet
 facet normal -7.069969e-01  1.763140e-02 -7.069969e-01
   outer loop
     vertex -8.455000e+00 -2.900276e-14  0.000000e+00
     vertex -8.955000e+00 -3.071788e-14  5.000000e-01
     vertex -8.444490e+00  4.214470e-01  0.000000e+00
   endloop
 endfacet
 facet normal -7.069969e-01 -1.763140e-02 -7.069969e-01
   outer loop
     vertex -8.444490e+00 -4.214470e-01  0.000000e+00
     vertex -8.955000e+00 -3.071788e-14  5.000000e-01
     vertex -8.455000e+00 -2.900276e-14  0.000000e+00
   endloop
 endfacet
 facet normal -7.069969e-01 -1.763140e-02 -7.069969e-01
   outer loop
     vertex -8.444490e+00 -4.214470e-01  0.000000e+00
     vertex -8.943868e+00 -4.463699e-01  5.000000e-01
     vertex -8.955000e+00 -3.071788e-14  5.000000e-01
   endloop
 endfacet
 facet normal -7.052392e-01 -5.285037e-02 -7.069969e-01
   outer loop
     vertex -8.412985e+00 -8.418461e-01  0.000000e+00
     vertex -8.943868e+00 -4.463699e-01  5.000000e-01
     vertex -8.444490e+00 -4.214470e-01  0.000000e+00
   endloop
 endfacet
 facet normal -7.052392e-01 -5.285037e-02 -7.069969e-01
   outer loop
     vertex -8.412985e+00 -8.418461e-01  0.000000e+00
     vertex -8.910501e+00 -8.916301e-01  5.000000e-01
     vertex -8.943868e+00 -4.463699e-01  5.000000e-01
   endloop
 endfacet
 facet normal -7.017281e-01 -8.793794e-02 -7.069969e-01
   outer loop
     vertex -8.412985e+00 -8.418461e-01  0.000000e+00
     vertex -8.854980e+00 -1.334673e+00  5.000000e-01
     vertex -8.910501e+00 -8.916301e-01  5.000000e-01
   endloop
 endfacet
 facet normal -7.017281e-01 -8.793794e-02 -7.069969e-01
   outer loop
     vertex -8.360565e+00 -1.260152e+00  0.000000e+00
     vertex -8.854980e+00 -1.334673e+00  5.000000e-01
     vertex -8.412985e+00 -8.418461e-01  0.000000e+00
   endloop
 endfacet
 facet normal -6.964725e-01 -1.228069e-01 -7.069969e-01
   outer loop
     vertex -8.360565e+00 -1.260152e+00  0.000000e+00
     vertex -8.777445e+00 -1.774399e+00  5.000000e-01
     vertex -8.854980e+00 -1.334673e+00  5.000000e-01
   endloop
 endfacet
 facet normal -6.964725e-01 -1.228069e-01 -7.069969e-01
   outer loop
     vertex -8.287358e+00 -1.675326e+00  0.000000e+00
     vertex -8.777445e+00 -1.774399e+00  5.000000e-01
     vertex -8.360565e+00 -1.260152e+00  0.000000e+00
   endloop
 endfacet
 facet normal -6.894853e-01 -1.573705e-01 -7.069969e-01
   outer loop
     vertex -8.193548e+00 -2.086334e+00  0.000000e+00
     vertex -8.777445e+00 -1.774399e+00  5.000000e-01
     vertex -8.287358e+00 -1.675326e+00  0.000000e+00
   endloop
 endfacet
 facet normal -6.894853e-01 -1.573705e-01 -7.069969e-01
   outer loop
     vertex -8.193548e+00 -2.086334e+00  0.000000e+00
     vertex -8.678087e+00 -2.209712e+00  5.000000e-01
     vertex -8.777445e+00 -1.774399e+00  5.000000e-01
   endloop
 endfacet
 facet normal -6.807839e-01 -1.915429e-01 -7.069969e-01
   outer loop
     vertex -8.079368e+00 -2.492155e+00  0.000000e+00
     vertex -8.678087e+00 -2.209712e+00  5.000000e-01
     vertex -8.193548e+00 -2.086334e+00  0.000000e+00
   endloop
 endfacet
 facet normal -6.807839e-01 -1.915429e-01 -7.069969e-01
   outer loop
     vertex -8.079368e+00 -2.492155e+00  0.000000e+00
     vertex -8.557154e+00 -2.639533e+00  5.000000e-01
     vertex -8.678087e+00 -2.209712e+00  5.000000e-01
   endloop
 endfacet
 facet normal -6.703900e-01 -2.252391e-01 -7.069969e-01
   outer loop
     vertex -7.945101e+00 -2.891780e+00  0.000000e+00
     vertex -8.557154e+00 -2.639533e+00  5.000000e-01
     vertex -8.079368e+00 -2.492155e+00  0.000000e+00
   endloop
 endfacet
 facet normal -6.703900e-01 -2.252391e-01 -7.069969e-01
   outer loop
     vertex -7.945101e+00 -2.891780e+00  0.000000e+00
     vertex -8.414947e+00 -3.062790e+00  5.000000e-01
     vertex -8.557154e+00 -2.639533e+00  5.000000e-01
   endloop
 endfacet
 facet normal -6.583294e-01 -2.583753e-01 -7.069969e-01
   outer loop
     vertex -7.791081e+00 -3.284216e+00  0.000000e+00
     vertex -8.414947e+00 -3.062790e+00  5.000000e-01
     vertex -7.945101e+00 -2.891780e+00  0.000000e+00
   endloop
 endfacet
 facet normal -6.583294e-01 -2.583753e-01 -7.069969e-01
   outer loop
     vertex -7.791081e+00 -3.284216e+00  0.000000e+00
     vertex -8.251819e+00 -3.478434e+00  5.000000e-01
     vertex -8.414947e+00 -3.062790e+00  5.000000e-01
   endloop
 endfacet
 facet normal -6.446321e-01 -2.908691e-01 -7.069969e-01
   outer loop
     vertex -7.617692e+00 -3.668487e+00  0.000000e+00
     vertex -8.251819e+00 -3.478434e+00  5.000000e-01
     vertex -7.791081e+00 -3.284216e+00  0.000000e+00
   endloop
 endfacet
 facet normal -6.446321e-01 -2.908691e-01 -7.069969e-01
   outer loop
     vertex -7.617692e+00 -3.668487e+00  0.000000e+00
     vertex -8.068176e+00 -3.885429e+00  5.000000e-01
     vertex -8.251819e+00 -3.478434e+00  5.000000e-01
   endloop
 endfacet
 facet normal -6.293322e-01 -3.226398e-01 -7.069969e-01
   outer loop
     vertex -7.425363e+00 -4.043637e+00  0.000000e+00
     vertex -8.068176e+00 -3.885429e+00  5.000000e-01
     vertex -7.617692e+00 -3.668487e+00  0.000000e+00
   endloop
 endfacet
 facet normal -6.293322e-01 -3.226398e-01 -7.069969e-01
   outer loop
     vertex -7.425363e+00 -4.043637e+00  0.000000e+00
     vertex -7.864474e+00 -4.282764e+00  5.000000e-01
     vertex -8.068176e+00 -3.885429e+00  5.000000e-01
   endloop
 endfacet
 facet normal -6.124676e-01 -3.536083e-01 -7.069969e-01
   outer loop
     vertex -7.425363e+00 -4.043637e+00  0.000000e+00
     vertex -7.641220e+00 -4.669452e+00  5.000000e-01
     vertex -7.864474e+00 -4.282764e+00  5.000000e-01
   endloop
 endfacet
 facet normal -6.124676e-01 -3.536083e-01 -7.069969e-01
   outer loop
     vertex -7.214574e+00 -4.408735e+00  0.000000e+00
     vertex -7.641220e+00 -4.669452e+00  5.000000e-01
     vertex -7.425363e+00 -4.043637e+00  0.000000e+00
   endloop
 endfacet
 facet normal -5.940803e-01 -3.836978e-01 -7.069969e-01
   outer loop
     vertex -6.985849e+00 -4.762871e+00  0.000000e+00
     vertex -7.641220e+00 -4.669452e+00  5.000000e-01
     vertex -7.214574e+00 -4.408735e+00  0.000000e+00
   endloop
 endfacet
 facet normal -5.940803e-01 -3.836978e-01 -7.069969e-01
   outer loop
     vertex -6.985849e+00 -4.762871e+00  0.000000e+00
     vertex -7.398968e+00 -5.044531e+00  5.000000e-01
     vertex -7.641220e+00 -4.669452e+00  5.000000e-01
   endloop
 endfacet
 facet normal -5.742161e-01 -4.128333e-01 -7.069969e-01
   outer loop
     vertex -6.985849e+00 -4.762871e+00  0.000000e+00
     vertex -7.138322e+00 -5.407068e+00  5.000000e-01
     vertex -7.398968e+00 -5.044531e+00  5.000000e-01
   endloop
 endfacet
 facet normal -5.742161e-01 -4.128333e-01 -7.069969e-01
   outer loop
     vertex -6.739755e+00 -5.105166e+00  0.000000e+00
     vertex -7.138322e+00 -5.407068e+00  5.000000e-01
     vertex -6.985849e+00 -4.762871e+00  0.000000e+00
   endloop
 endfacet
 facet normal -5.529243e-01 -4.409424e-01 -7.069969e-01
   outer loop
     vertex -6.476906e+00 -5.434769e+00  0.000000e+00
     vertex -7.138322e+00 -5.407068e+00  5.000000e-01
     vertex -6.739755e+00 -5.105166e+00  0.000000e+00
   endloop
 endfacet
 facet normal -5.529243e-01 -4.409424e-01 -7.069969e-01
   outer loop
     vertex -6.476906e+00 -5.434769e+00  0.000000e+00
     vertex -6.859928e+00 -5.756163e+00  5.000000e-01
     vertex -7.138322e+00 -5.407068e+00  5.000000e-01
   endloop
 endfacet
 facet normal -5.302578e-01 -4.679553e-01 -7.069969e-01
   outer loop
     vertex -6.197954e+00 -5.750860e+00  0.000000e+00
     vertex -6.859928e+00 -5.756163e+00  5.000000e-01
     vertex -6.476906e+00 -5.434769e+00  0.000000e+00
   endloop
 endfacet
 facet normal -5.302578e-01 -4.679553e-01 -7.069969e-01
   outer loop
     vertex -6.197954e+00 -5.750860e+00  0.000000e+00
     vertex -6.564480e+00 -6.090947e+00  5.000000e-01
     vertex -6.859928e+00 -5.756163e+00  5.000000e-01
   endloop
 endfacet
 facet normal -5.062730e-01 -4.938047e-01 -7.069969e-01
   outer loop
     vertex -6.197954e+00 -5.750860e+00  0.000000e+00
     vertex -6.252711e+00 -6.410588e+00  5.000000e-01
     vertex -6.564480e+00 -6.090947e+00  5.000000e-01
   endloop
 endfacet
 facet normal -5.062730e-01 -4.938047e-01 -7.069969e-01
   outer loop
     vertex -5.903592e+00 -6.052654e+00  0.000000e+00
     vertex -6.252711e+00 -6.410588e+00  5.000000e-01
     vertex -6.197954e+00 -5.750860e+00  0.000000e+00
   endloop
 endfacet
 facet normal -4.810295e-01 -5.184265e-01 -7.069969e-01
   outer loop
     vertex -5.594554e+00 -6.339400e+00  0.000000e+00
     vertex -6.252711e+00 -6.410588e+00  5.000000e-01
     vertex -5.903592e+00 -6.052654e+00  0.000000e+00
   endloop
 endfacet
 facet normal -4.810295e-01 -5.184265e-01 -7.069969e-01
   outer loop
     vertex -5.594554e+00 -6.339400e+00  0.000000e+00
     vertex -5.925397e+00 -6.714291e+00  5.000000e-01
     vertex -6.252711e+00 -6.410588e+00  5.000000e-01
   endloop
 endfacet
 facet normal -4.545901e-01 -5.417594e-01 -7.069969e-01
   outer loop
     vertex -5.594554e+00 -6.339400e+00  0.000000e+00
     vertex -5.583351e+00 -7.001301e+00  5.000000e-01
     vertex -5.925397e+00 -6.714291e+00  5.000000e-01
   endloop
 endfacet
 facet normal -4.545901e-01 -5.417594e-01 -7.069969e-01
   outer loop
     vertex -5.271606e+00 -6.610385e+00  0.000000e+00
     vertex -5.583351e+00 -7.001301e+00  5.000000e-01
     vertex -5.594554e+00 -6.339400e+00  0.000000e+00
   endloop
 endfacet
 facet normal -4.270206e-01 -5.637454e-01 -7.069969e-01
   outer loop
     vertex -4.935553e+00 -6.864936e+00  0.000000e+00
     vertex -5.583351e+00 -7.001301e+00  5.000000e-01
     vertex -5.271606e+00 -6.610385e+00  0.000000e+00
   endloop
 endfacet
 facet normal -4.270206e-01 -5.637454e-01 -7.069969e-01
   outer loop
     vertex -4.935553e+00 -6.864936e+00  0.000000e+00
     vertex -5.227425e+00 -7.270905e+00  5.000000e-01
     vertex -5.583351e+00 -7.001301e+00  5.000000e-01
   endloop
 endfacet
 facet normal -3.983893e-01 -5.843298e-01 -7.069969e-01
   outer loop
     vertex -4.587229e+00 -7.102419e+00  0.000000e+00
     vertex -4.858502e+00 -7.522432e+00  5.000000e-01
     vertex -5.227425e+00 -7.270905e+00  5.000000e-01
   endloop
 endfacet
 facet normal -3.983893e-01 -5.843298e-01 -7.069969e-01
   outer loop
     vertex -4.587229e+00 -7.102419e+00  0.000000e+00
     vertex -5.227425e+00 -7.270905e+00  5.000000e-01
     vertex -4.935553e+00 -6.864936e+00  0.000000e+00
   endloop
 endfacet
 facet normal -3.687677e-01 -6.034615e-01 -7.069969e-01
   outer loop
     vertex -4.227500e+00 -7.322245e+00  0.000000e+00
     vertex -4.477500e+00 -7.755257e+00  5.000000e-01
     vertex -4.858502e+00 -7.522432e+00  5.000000e-01
   endloop
 endfacet
 facet normal -3.687677e-01 -6.034615e-01 -7.069969e-01
   outer loop
     vertex -4.227500e+00 -7.322245e+00  0.000000e+00
     vertex -4.858502e+00 -7.522432e+00  5.000000e-01
     vertex -4.587229e+00 -7.102419e+00  0.000000e+00
   endloop
 endfacet
 facet normal -3.382292e-01 -6.210929e-01 -7.069969e-01
   outer loop
     vertex -3.857261e+00 -7.523866e+00  0.000000e+00
     vertex -4.085366e+00 -7.968802e+00  5.000000e-01
     vertex -4.477500e+00 -7.755257e+00  5.000000e-01
   endloop
 endfacet
 facet normal -3.068498e-01 -6.371802e-01 -7.069969e-01
   outer loop
     vertex -3.857261e+00 -7.523866e+00  0.000000e+00
     vertex -3.683076e+00 -8.162535e+00  5.000000e-01
     vertex -4.085366e+00 -7.968802e+00  5.000000e-01
   endloop
 endfacet
 facet normal -3.382292e-01 -6.210929e-01 -7.069969e-01
   outer loop
     vertex -3.857261e+00 -7.523866e+00  0.000000e+00
     vertex -4.477500e+00 -7.755257e+00  5.000000e-01
     vertex -4.227500e+00 -7.322245e+00  0.000000e+00
   endloop
 endfacet
 facet normal -3.068498e-01 -6.371802e-01 -7.069969e-01
   outer loop
     vertex -3.477432e+00 -7.706782e+00  0.000000e+00
     vertex -3.683076e+00 -8.162535e+00  5.000000e-01
     vertex -3.857261e+00 -7.523866e+00  0.000000e+00
   endloop
 endfacet
 facet normal -2.747076e-01 -6.516833e-01 -7.069969e-01
   outer loop
     vertex -3.088958e+00 -7.870538e+00  0.000000e+00
     vertex -3.683076e+00 -8.162535e+00  5.000000e-01
     vertex -3.477432e+00 -7.706782e+00  0.000000e+00
   endloop
 endfacet
 facet normal -2.747076e-01 -6.516833e-01 -7.069969e-01
   outer loop
     vertex -3.088958e+00 -7.870538e+00  0.000000e+00
     vertex -3.271629e+00 -8.335974e+00  5.000000e-01
     vertex -3.683076e+00 -8.162535e+00  5.000000e-01
   endloop
 endfacet
 facet normal -2.418824e-01 -6.645663e-01 -7.069969e-01
   outer loop
     vertex -3.088958e+00 -7.870538e+00  0.000000e+00
     vertex -2.852048e+00 -8.488689e+00  5.000000e-01
     vertex -3.271629e+00 -8.335974e+00  5.000000e-01
   endloop
 endfacet
 facet normal -2.418824e-01 -6.645663e-01 -7.069969e-01
   outer loop
     vertex -2.692805e+00 -8.014726e+00  0.000000e+00
     vertex -2.852048e+00 -8.488689e+00  5.000000e-01
     vertex -3.088958e+00 -7.870538e+00  0.000000e+00
   endloop
 endfacet
 facet normal -2.084558e-01 -6.757970e-01 -7.069969e-01
   outer loop
     vertex -2.692805e+00 -8.014726e+00  0.000000e+00
     vertex -2.425376e+00 -8.620300e+00  5.000000e-01
     vertex -2.852048e+00 -8.488689e+00  5.000000e-01
   endloop
 endfacet
 facet normal -2.084558e-01 -6.757970e-01 -7.069969e-01
   outer loop
     vertex -2.289956e+00 -8.138988e+00  0.000000e+00
     vertex -2.425376e+00 -8.620300e+00  5.000000e-01
     vertex -2.692805e+00 -8.014726e+00  0.000000e+00
   endloop
 endfacet
 facet normal -1.745109e-01 -6.853476e-01 -7.069969e-01
   outer loop
     vertex -1.881414e+00 -8.243015e+00  0.000000e+00
     vertex -2.425376e+00 -8.620300e+00  5.000000e-01
     vertex -2.289956e+00 -8.138988e+00  0.000000e+00
   endloop
 endfacet
 facet normal -1.745109e-01 -6.853476e-01 -7.069969e-01
   outer loop
     vertex -1.881414e+00 -8.243015e+00  0.000000e+00
     vertex -1.992675e+00 -8.730479e+00  5.000000e-01
     vertex -2.425376e+00 -8.620300e+00  5.000000e-01
   endloop
 endfacet
 facet normal -1.401323e-01 -6.931943e-01 -7.069969e-01
   outer loop
     vertex -1.468195e+00 -8.326550e+00  0.000000e+00
     vertex -1.992675e+00 -8.730479e+00  5.000000e-01
     vertex -1.881414e+00 -8.243015e+00  0.000000e+00
   endloop
 endfacet
 facet normal -1.401323e-01 -6.931943e-01 -7.069969e-01
   outer loop
     vertex -1.468195e+00 -8.326550e+00  0.000000e+00
     vertex -1.555019e+00 -8.818953e+00  5.000000e-01
     vertex -1.992675e+00 -8.730479e+00  5.000000e-01
   endloop
 endfacet
 facet normal -1.054052e-01 -6.993177e-01 -7.069969e-01
   outer loop
     vertex -1.051326e+00 -8.389382e+00  0.000000e+00
     vertex -1.555019e+00 -8.818953e+00  5.000000e-01
     vertex -1.468195e+00 -8.326550e+00  0.000000e+00
   endloop
 endfacet
 facet normal -1.054052e-01 -6.993177e-01 -7.069969e-01
   outer loop
     vertex -1.051326e+00 -8.389382e+00  0.000000e+00
     vertex -1.113498e+00 -8.885502e+00  5.000000e-01
     vertex -1.555019e+00 -8.818953e+00  5.000000e-01
   endloop
 endfacet
 facet normal -7.041604e-02 -7.037024e-01 -7.069969e-01
   outer loop
     vertex -6.318429e-01 -8.431358e+00  0.000000e+00
     vertex -1.113498e+00 -8.885502e+00  5.000000e-01
     vertex -1.051326e+00 -8.389382e+00  0.000000e+00
   endloop
 endfacet
 facet normal -7.041604e-02 -7.037024e-01 -7.069969e-01
   outer loop
     vertex -6.318429e-01 -8.431358e+00  0.000000e+00
     vertex -6.692080e-01 -8.929960e+00  5.000000e-01
     vertex -1.113498e+00 -8.885502e+00  5.000000e-01
   endloop
 endfacet
 facet normal -3.525184e-02 -7.063376e-01 -7.069969e-01
   outer loop
     vertex -2.107890e-01 -8.452372e+00  0.000000e+00
     vertex -6.692080e-01 -8.929960e+00  5.000000e-01
     vertex -6.318429e-01 -8.431358e+00  0.000000e+00
   endloop
 endfacet
 facet normal -3.525184e-02 -7.063376e-01 -7.069969e-01
   outer loop
     vertex -2.107890e-01 -8.452372e+00  0.000000e+00
     vertex -2.232543e-01 -8.952217e+00  5.000000e-01
     vertex -6.692080e-01 -8.929960e+00  5.000000e-01
   endloop
 endfacet
 facet normal  5.959842e-15 -7.072167e-01 -7.069969e-01
   outer loop
     vertex  2.107890e-01 -8.452372e+00  0.000000e+00
     vertex -2.232543e-01 -8.952217e+00  5.000000e-01
     vertex -2.107890e-01 -8.452372e+00  0.000000e+00
   endloop
 endfacet
 facet normal  5.627076e-15 -7.072167e-01 -7.069969e-01
   outer loop
     vertex  2.107890e-01 -8.452372e+00  0.000000e+00
     vertex  2.232543e-01 -8.952217e+00  5.000000e-01
     vertex -2.232543e-01 -8.952217e+00  5.000000e-01
   endloop
 endfacet
 facet normal  3.525184e-02 -7.063376e-01 -7.069969e-01
   outer loop
     vertex  6.318429e-01 -8.431358e+00  0.000000e+00
     vertex  2.232543e-01 -8.952217e+00  5.000000e-01
     vertex  2.107890e-01 -8.452372e+00  0.000000e+00
   endloop
 endfacet
 facet normal  3.525184e-02 -7.063376e-01 -7.069969e-01
   outer loop
     vertex  6.318429e-01 -8.431358e+00  0.000000e+00
     vertex  6.692080e-01 -8.929960e+00  5.000000e-01
     vertex  2.232543e-01 -8.952217e+00  5.000000e-01
   endloop
 endfacet
 facet normal  7.041604e-02 -7.037024e-01 -7.069969e-01
   outer loop
     vertex  1.051326e+00 -8.389382e+00  0.000000e+00
     vertex  6.692080e-01 -8.929960e+00  5.000000e-01
     vertex  6.318429e-01 -8.431358e+00  0.000000e+00
   endloop
 endfacet
 facet normal  7.041604e-02 -7.037024e-01 -7.069969e-01
   outer loop
     vertex  1.051326e+00 -8.389382e+00  0.000000e+00
     vertex  1.113498e+00 -8.885502e+00  5.000000e-01
     vertex  6.692080e-01 -8.929960e+00  5.000000e-01
   endloop
 endfacet
 facet normal  1.054052e-01 -6.993177e-01 -7.069969e-01
   outer loop
     vertex  1.468195e+00 -8.326550e+00  0.000000e+00
     vertex  1.113498e+00 -8.885502e+00  5.000000e-01
     vertex  1.051326e+00 -8.389382e+00  0.000000e+00
   endloop
 endfacet
 facet normal  1.054052e-01 -6.993177e-01 -7.069969e-01
   outer loop
     vertex  1.468195e+00 -8.326550e+00  0.000000e+00
     vertex  1.555019e+00 -8.818953e+00  5.000000e-01
     vertex  1.113498e+00 -8.885502e+00  5.000000e-01
   endloop
 endfacet
 facet normal  1.401323e-01 -6.931943e-01 -7.069969e-01
   outer loop
     vertex  1.468195e+00 -8.326550e+00  0.000000e+00
     vertex  1.992675e+00 -8.730479e+00  5.000000e-01
     vertex  1.555019e+00 -8.818953e+00  5.000000e-01
   endloop
 endfacet
 facet normal  1.401323e-01 -6.931943e-01 -7.069969e-01
   outer loop
     vertex  1.881414e+00 -8.243015e+00  0.000000e+00
     vertex  1.992675e+00 -8.730479e+00  5.000000e-01
     vertex  1.468195e+00 -8.326550e+00  0.000000e+00
   endloop
 endfacet
 facet normal  1.745109e-01 -6.853476e-01 -7.069969e-01
   outer loop
     vertex  2.289956e+00 -8.138988e+00  0.000000e+00
     vertex  2.425376e+00 -8.620300e+00  5.000000e-01
     vertex  1.992675e+00 -8.730479e+00  5.000000e-01
   endloop
 endfacet
 facet normal  1.745109e-01 -6.853476e-01 -7.069969e-01
   outer loop
     vertex  2.289956e+00 -8.138988e+00  0.000000e+00
     vertex  1.992675e+00 -8.730479e+00  5.000000e-01
     vertex  1.881414e+00 -8.243015e+00  0.000000e+00
   endloop
 endfacet
 facet normal  2.084558e-01 -6.757970e-01 -7.069969e-01
   outer loop
     vertex  2.692805e+00 -8.014726e+00  0.000000e+00
     vertex  2.852048e+00 -8.488689e+00  5.000000e-01
     vertex  2.425376e+00 -8.620300e+00  5.000000e-01
   endloop
 endfacet
 facet normal  2.084558e-01 -6.757970e-01 -7.069969e-01
   outer loop
     vertex  2.692805e+00 -8.014726e+00  0.000000e+00
     vertex  2.425376e+00 -8.620300e+00  5.000000e-01
     vertex  2.289956e+00 -8.138988e+00  0.000000e+00
   endloop
 endfacet
 facet normal  2.418824e-01 -6.645663e-01 -7.069969e-01
   outer loop
     vertex  3.088958e+00 -7.870538e+00  0.000000e+00
     vertex  3.271629e+00 -8.335974e+00  5.000000e-01
     vertex  2.852048e+00 -8.488689e+00  5.000000e-01
   endloop
 endfacet
 facet normal  2.418824e-01 -6.645663e-01 -7.069969e-01
   outer loop
     vertex  3.088958e+00 -7.870538e+00  0.000000e+00
     vertex  2.852048e+00 -8.488689e+00  5.000000e-01
     vertex  2.692805e+00 -8.014726e+00  0.000000e+00
   endloop
 endfacet
 facet normal  2.747076e-01 -6.516833e-01 -7.069969e-01
   outer loop
     vertex  3.477432e+00 -7.706782e+00  0.000000e+00
     vertex  3.683076e+00 -8.162535e+00  5.000000e-01
     vertex  3.271629e+00 -8.335974e+00  5.000000e-01
   endloop
 endfacet
 facet normal  2.747076e-01 -6.516833e-01 -7.069969e-01
   outer loop
     vertex  3.477432e+00 -7.706782e+00  0.000000e+00
     vertex  3.271629e+00 -8.335974e+00  5.000000e-01
     vertex  3.088958e+00 -7.870538e+00  0.000000e+00
   endloop
 endfacet
 facet normal  3.068498e-01 -6.371802e-01 -7.069969e-01
   outer loop
     vertex  3.857261e+00 -7.523866e+00  0.000000e+00
     vertex  4.085366e+00 -7.968802e+00  5.000000e-01
     vertex  3.683076e+00 -8.162535e+00  5.000000e-01
   endloop
 endfacet
 facet normal  3.068498e-01 -6.371802e-01 -7.069969e-01
   outer loop
     vertex  3.857261e+00 -7.523866e+00  0.000000e+00
     vertex  3.683076e+00 -8.162535e+00  5.000000e-01
     vertex  3.477432e+00 -7.706782e+00  0.000000e+00
   endloop
 endfacet
 facet normal  3.382292e-01 -6.210929e-01 -7.069969e-01
   outer loop
     vertex  4.227500e+00 -7.322245e+00  0.000000e+00
     vertex  4.477500e+00 -7.755257e+00  5.000000e-01
     vertex  4.085366e+00 -7.968802e+00  5.000000e-01
   endloop
 endfacet
 facet normal  3.382292e-01 -6.210929e-01 -7.069969e-01
   outer loop
     vertex  4.227500e+00 -7.322245e+00  0.000000e+00
     vertex  4.085366e+00 -7.968802e+00  5.000000e-01
     vertex  3.857261e+00 -7.523866e+00  0.000000e+00
   endloop
 endfacet
 facet normal  3.687677e-01 -6.034615e-01 -7.069969e-01
   outer loop
     vertex  4.587229e+00 -7.102419e+00  0.000000e+00
     vertex  4.858502e+00 -7.522432e+00  5.000000e-01
     vertex  4.477500e+00 -7.755257e+00  5.000000e-01
   endloop
 endfacet
 facet normal  3.687677e-01 -6.034615e-01 -7.069969e-01
   outer loop
     vertex  4.587229e+00 -7.102419e+00  0.000000e+00
     vertex  4.477500e+00 -7.755257e+00  5.000000e-01
     vertex  4.227500e+00 -7.322245e+00  0.000000e+00
   endloop
 endfacet
 facet normal  3.983893e-01 -5.843298e-01 -7.069969e-01
   outer loop
     vertex  4.935553e+00 -6.864936e+00  0.000000e+00
     vertex  5.227425e+00 -7.270905e+00  5.000000e-01
     vertex  4.858502e+00 -7.522432e+00  5.000000e-01
   endloop
 endfacet
 facet normal  3.983893e-01 -5.843298e-01 -7.069969e-01
   outer loop
     vertex  4.935553e+00 -6.864936e+00  0.000000e+00
     vertex  4.858502e+00 -7.522432e+00  5.000000e-01
     vertex  4.587229e+00 -7.102419e+00  0.000000e+00
   endloop
 endfacet
 facet normal  4.270206e-01 -5.637454e-01 -7.069969e-01
   outer loop
     vertex  5.271606e+00 -6.610385e+00  0.000000e+00
     vertex  5.583351e+00 -7.001301e+00  5.000000e-01
     vertex  5.227425e+00 -7.270905e+00  5.000000e-01
   endloop
 endfacet
 facet normal  4.270206e-01 -5.637454e-01 -7.069969e-01
   outer loop
     vertex  5.271606e+00 -6.610385e+00  0.000000e+00
     vertex  5.227425e+00 -7.270905e+00  5.000000e-01
     vertex  4.935553e+00 -6.864936e+00  0.000000e+00
   endloop
 endfacet
 facet normal  4.545901e-01 -5.417594e-01 -7.069969e-01
   outer loop
     vertex  5.594554e+00 -6.339400e+00  0.000000e+00
     vertex  5.925397e+00 -6.714291e+00  5.000000e-01
     vertex  5.583351e+00 -7.001301e+00  5.000000e-01
   endloop
 endfacet
 facet normal  4.545901e-01 -5.417594e-01 -7.069969e-01
   outer loop
     vertex  5.594554e+00 -6.339400e+00  0.000000e+00
     vertex  5.583351e+00 -7.001301e+00  5.000000e-01
     vertex  5.271606e+00 -6.610385e+00  0.000000e+00
   endloop
 endfacet
 facet normal  4.810295e-01 -5.184265e-01 -7.069969e-01
   outer loop
     vertex  5.903592e+00 -6.052654e+00  0.000000e+00
     vertex  6.252711e+00 -6.410588e+00  5.000000e-01
     vertex  5.925397e+00 -6.714291e+00  5.000000e-01
   endloop
 endfacet
 facet normal  4.810295e-01 -5.184265e-01 -7.069969e-01
   outer loop
     vertex  5.903592e+00 -6.052654e+00  0.000000e+00
     vertex  5.925397e+00 -6.714291e+00  5.000000e-01
     vertex  5.594554e+00 -6.339400e+00  0.000000e+00
   endloop
 endfacet
 facet normal  5.062730e-01 -4.938047e-01 -7.069969e-01
   outer loop
     vertex  6.197954e+00 -5.750860e+00  0.000000e+00
     vertex  6.564480e+00 -6.090947e+00  5.000000e-01
     vertex  6.252711e+00 -6.410588e+00  5.000000e-01
   endloop
 endfacet
 facet normal  5.062730e-01 -4.938047e-01 -7.069969e-01
   outer loop
     vertex  6.197954e+00 -5.750860e+00  0.000000e+00
     vertex  6.252711e+00 -6.410588e+00  5.000000e-01
     vertex  5.903592e+00 -6.052654e+00  0.000000e+00
   endloop
 endfacet
 facet normal  5.302578e-01 -4.679553e-01 -7.069969e-01
   outer loop
     vertex  6.476906e+00 -5.434769e+00  0.000000e+00
     vertex  6.859928e+00 -5.756163e+00  5.000000e-01
     vertex  6.564480e+00 -6.090947e+00  5.000000e-01
   endloop
 endfacet
 facet normal  5.302578e-01 -4.679553e-01 -7.069969e-01
   outer loop
     vertex  6.476906e+00 -5.434769e+00  0.000000e+00
     vertex  6.564480e+00 -6.090947e+00  5.000000e-01
     vertex  6.197954e+00 -5.750860e+00  0.000000e+00
   endloop
 endfacet
 facet normal  5.529243e-01 -4.409424e-01 -7.069969e-01
   outer loop
     vertex  6.739755e+00 -5.105166e+00  0.000000e+00
     vertex  6.859928e+00 -5.756163e+00  5.000000e-01
     vertex  6.476906e+00 -5.434769e+00  0.000000e+00
   endloop
 endfacet
 facet normal  5.529243e-01 -4.409424e-01 -7.069969e-01
   outer loop
     vertex  6.739755e+00 -5.105166e+00  0.000000e+00
     vertex  7.138322e+00 -5.407068e+00  5.000000e-01
     vertex  6.859928e+00 -5.756163e+00  5.000000e-01
   endloop
 endfacet
 facet normal  5.742161e-01 -4.128333e-01 -7.069969e-01
   outer loop
     vertex  6.985849e+00 -4.762871e+00  0.000000e+00
     vertex  7.138322e+00 -5.407068e+00  5.000000e-01
     vertex  6.739755e+00 -5.105166e+00  0.000000e+00
   endloop
 endfacet
 facet normal  5.742161e-01 -4.128333e-01 -7.069969e-01
   outer loop
     vertex  6.985849e+00 -4.762871e+00  0.000000e+00
     vertex  7.398968e+00 -5.044531e+00  5.000000e-01
     vertex  7.138322e+00 -5.407068e+00  5.000000e-01
   endloop
 endfacet
 facet normal  5.940803e-01 -3.836978e-01 -7.069969e-01
   outer loop
     vertex  7.214574e+00 -4.408735e+00  0.000000e+00
     vertex  7.398968e+00 -5.044531e+00  5.000000e-01
     vertex  6.985849e+00 -4.762871e+00  0.000000e+00
   endloop
 endfacet
 facet normal  5.940803e-01 -3.836978e-01 -7.069969e-01
   outer loop
     vertex  7.214574e+00 -4.408735e+00  0.000000e+00
     vertex  7.641220e+00 -4.669452e+00  5.000000e-01
     vertex  7.398968e+00 -5.044531e+00  5.000000e-01
   endloop
 endfacet
 facet normal  6.124676e-01 -3.536083e-01 -7.069969e-01
   outer loop
     vertex  7.425363e+00 -4.043637e+00  0.000000e+00
     vertex  7.864474e+00 -4.282764e+00  5.000000e-01
     vertex  7.641220e+00 -4.669452e+00  5.000000e-01
   endloop
 endfacet
 facet normal  6.124676e-01 -3.536083e-01 -7.069969e-01
   outer loop
     vertex  7.425363e+00 -4.043637e+00  0.000000e+00
     vertex  7.641220e+00 -4.669452e+00  5.000000e-01
     vertex  7.214574e+00 -4.408735e+00  0.000000e+00
   endloop
 endfacet
 facet normal  6.293322e-01 -3.226398e-01 -7.069969e-01
   outer loop
     vertex  7.617692e+00 -3.668487e+00  0.000000e+00
     vertex  7.864474e+00 -4.282764e+00  5.000000e-01
     vertex  7.425363e+00 -4.043637e+00  0.000000e+00
   endloop
 endfacet
 facet normal  6.293322e-01 -3.226398e-01 -7.069969e-01
   outer loop
     vertex  7.617692e+00 -3.668487e+00  0.000000e+00
     vertex  8.068176e+00 -3.885429e+00  5.000000e-01
     vertex  7.864474e+00 -4.282764e+00  5.000000e-01
   endloop
 endfacet
 facet normal  6.446321e-01 -2.908691e-01 -7.069969e-01
   outer loop
     vertex  7.791081e+00 -3.284216e+00  0.000000e+00
     vertex  8.251819e+00 -3.478434e+00  5.000000e-01
     vertex  8.068176e+00 -3.885429e+00  5.000000e-01
   endloop
 endfacet
 facet normal  6.446321e-01 -2.908691e-01 -7.069969e-01
   outer loop
     vertex  7.791081e+00 -3.284216e+00  0.000000e+00
     vertex  8.068176e+00 -3.885429e+00  5.000000e-01
     vertex  7.617692e+00 -3.668487e+00  0.000000e+00
   endloop
 endfacet
 facet normal  6.583294e-01 -2.583753e-01 -7.069969e-01
   outer loop
     vertex  7.945101e+00 -2.891780e+00  0.000000e+00
     vertex  8.414947e+00 -3.062790e+00  5.000000e-01
     vertex  8.251819e+00 -3.478434e+00  5.000000e-01
   endloop
 endfacet
 facet normal  6.583294e-01 -2.583753e-01 -7.069969e-01
   outer loop
     vertex  7.945101e+00 -2.891780e+00  0.000000e+00
     vertex  8.251819e+00 -3.478434e+00  5.000000e-01
     vertex  7.791081e+00 -3.284216e+00  0.000000e+00
   endloop
 endfacet
 facet normal  6.703900e-01 -2.252391e-01 -7.069969e-01
   outer loop
     vertex  8.079368e+00 -2.492155e+00  0.000000e+00
     vertex  8.557154e+00 -2.639533e+00  5.000000e-01
     vertex  8.414947e+00 -3.062790e+00  5.000000e-01
   endloop
 endfacet
 facet normal  6.703900e-01 -2.252391e-01 -7.069969e-01
   outer loop
     vertex  8.079368e+00 -2.492155e+00  0.000000e+00
     vertex  8.414947e+00 -3.062790e+00  5.000000e-01
     vertex  7.945101e+00 -2.891780e+00  0.000000e+00
   endloop
 endfacet
 facet normal  6.807839e-01 -1.915429e-01 -7.069969e-01
   outer loop
     vertex  8.193548e+00 -2.086334e+00  0.000000e+00
     vertex  8.678087e+00 -2.209712e+00  5.000000e-01
     vertex  8.557154e+00 -2.639533e+00  5.000000e-01
   endloop
 endfacet
 facet normal  6.807839e-01 -1.915429e-01 -7.069969e-01
   outer loop
     vertex  8.193548e+00 -2.086334e+00  0.000000e+00
     vertex  8.557154e+00 -2.639533e+00  5.000000e-01
     vertex  8.079368e+00 -2.492155e+00  0.000000e+00
   endloop
 endfacet
 facet normal  6.894853e-01 -1.573705e-01 -7.069969e-01
   outer loop
     vertex  8.287358e+00 -1.675326e+00  0.000000e+00
     vertex  8.777445e+00 -1.774399e+00  5.000000e-01
     vertex  8.678087e+00 -2.209712e+00  5.000000e-01
   endloop
 endfacet
 facet normal  6.894853e-01 -1.573705e-01 -7.069969e-01
   outer loop
     vertex  8.287358e+00 -1.675326e+00  0.000000e+00
     vertex  8.678087e+00 -2.209712e+00  5.000000e-01
     vertex  8.193548e+00 -2.086334e+00  0.000000e+00
   endloop
 endfacet
 facet normal  6.964725e-01 -1.228069e-01 -7.069969e-01
   outer loop
     vertex  8.360565e+00 -1.260152e+00  0.000000e+00
     vertex  8.854980e+00 -1.334673e+00  5.000000e-01
     vertex  8.777445e+00 -1.774399e+00  5.000000e-01
   endloop
 endfacet
 facet normal  6.964725e-01 -1.228069e-01 -7.069969e-01
   outer loop
     vertex  8.360565e+00 -1.260152e+00  0.000000e+00
     vertex  8.777445e+00 -1.774399e+00  5.000000e-01
     vertex  8.287358e+00 -1.675326e+00  0.000000e+00
   endloop
 endfacet
 facet normal  7.017281e-01 -8.793794e-02 -7.069969e-01
   outer loop
     vertex  8.412985e+00 -8.418461e-01  0.000000e+00
     vertex  8.910501e+00 -8.916301e-01  5.000000e-01
     vertex  8.854980e+00 -1.334673e+00  5.000000e-01
   endloop
 endfacet
 facet normal  7.017281e-01 -8.793794e-02 -7.069969e-01
   outer loop
     vertex  8.412985e+00 -8.418461e-01  0.000000e+00
     vertex  8.854980e+00 -1.334673e+00  5.000000e-01
     vertex  8.360565e+00 -1.260152e+00  0.000000e+00
   endloop
 endfacet
 facet normal  7.052392e-01 -5.285037e-02 -7.069969e-01
   outer loop
     vertex  8.444490e+00 -4.214470e-01  0.000000e+00
     vertex  8.943868e+00 -4.463699e-01  5.000000e-01
     vertex  8.910501e+00 -8.916301e-01  5.000000e-01
   endloop
 endfacet
 facet normal  7.052392e-01 -5.285037e-02 -7.069969e-01
   outer loop
     vertex  8.444490e+00 -4.214470e-01  0.000000e+00
     vertex  8.910501e+00 -8.916301e-01  5.000000e-01
     vertex  8.412985e+00 -8.418461e-01  0.000000e+00
   endloop
 endfacet
 facet normal  7.069969e-01 -1.763140e-02 -7.069969e-01
   outer loop
     vertex  8.455000e+00  0.000000e+00  0.000000e+00
     vertex  8.955000e+00  0.000000e+00  5.000000e-01
     vertex  8.943868e+00 -4.463699e-01  5.000000e-01
   endloop
 endfacet
 facet normal  7.069969e-01 -1.763140e-02 -7.069969e-01
   outer loop
     vertex  8.455000e+00  0.000000e+00  0.000000e+00
     vertex  8.943868e+00 -4.463699e-01  5.000000e-01
     vertex  8.444490e+00 -4.214470e-01  0.000000e+00
   endloop
 endfacet
 facet normal  7.069969e-01  1.763140e-02  7.069969e-01
   outer loop
     vertex  8.444490e+00  4.214470e-01  3.980000e+00
     vertex  8.455000e+00  0.000000e+00  3.980000e+00
     vertex  8.955000e+00  0.000000e+00  3.480000e+00
   endloop
 endfacet
 facet normal  7.069969e-01  1.763140e-02  7.069969e-01
   outer loop
     vertex  8.444490e+00  4.214470e-01  3.980000e+00
     vertex  8.955000e+00  0.000000e+00  3.480000e+00
     vertex  8.943868e+00  4.463699e-01  3.480000e+00
   endloop
 endfacet
 facet normal  7.052392e-01  5.285037e-02  7.069969e-01
   outer loop
     vertex  8.412985e+00  8.418461e-01  3.980000e+00
     vertex  8.943868e+00  4.463699e-01  3.480000e+00
     vertex  8.910501e+00  8.916301e-01  3.480000e+00
   endloop
 endfacet
 facet normal  7.052392e-01  5.285037e-02  7.069969e-01
   outer loop
     vertex  8.412985e+00  8.418461e-01  3.980000e+00
     vertex  8.444490e+00  4.214470e-01  3.980000e+00
     vertex  8.943868e+00  4.463699e-01  3.480000e+00
   endloop
 endfacet
 facet normal  7.017281e-01  8.793794e-02  7.069969e-01
   outer loop
     vertex  8.360565e+00  1.260152e+00  3.980000e+00
     vertex  8.910501e+00  8.916301e-01  3.480000e+00
     vertex  8.854980e+00  1.334673e+00  3.480000e+00
   endloop
 endfacet
 facet normal  7.017281e-01  8.793794e-02  7.069969e-01
   outer loop
     vertex  8.360565e+00  1.260152e+00  3.980000e+00
     vertex  8.412985e+00  8.418461e-01  3.980000e+00
     vertex  8.910501e+00  8.916301e-01  3.480000e+00
   endloop
 endfacet
 facet normal  6.964725e-01  1.228069e-01  7.069969e-01
   outer loop
     vertex  8.287358e+00  1.675326e+00  3.980000e+00
     vertex  8.854980e+00  1.334673e+00  3.480000e+00
     vertex  8.777445e+00  1.774399e+00  3.480000e+00
   endloop
 endfacet
 facet normal  6.964725e-01  1.228069e-01  7.069969e-01
   outer loop
     vertex  8.287358e+00  1.675326e+00  3.980000e+00
     vertex  8.360565e+00  1.260152e+00  3.980000e+00
     vertex  8.854980e+00  1.334673e+00  3.480000e+00
   endloop
 endfacet
 facet normal  6.894853e-01  1.573705e-01  7.069969e-01
   outer loop
     vertex  8.193548e+00  2.086334e+00  3.980000e+00
     vertex  8.777445e+00  1.774399e+00  3.480000e+00
     vertex  8.678087e+00  2.209712e+00  3.480000e+00
   endloop
 endfacet
 facet normal  6.807839e-01  1.915429e-01  7.069969e-01
   outer loop
     vertex  8.193548e+00  2.086334e+00  3.980000e+00
     vertex  8.678087e+00  2.209712e+00  3.480000e+00
     vertex  8.557154e+00  2.639533e+00  3.480000e+00
   endloop
 endfacet
 facet normal  6.894853e-01  1.573705e-01  7.069969e-01
   outer loop
     vertex  8.193548e+00  2.086334e+00  3.980000e+00
     vertex  8.287358e+00  1.675326e+00  3.980000e+00
     vertex  8.777445e+00  1.774399e+00  3.480000e+00
   endloop
 endfacet
 facet normal  6.807839e-01  1.915429e-01  7.069969e-01
   outer loop
     vertex  8.079368e+00  2.492155e+00  3.980000e+00
     vertex  8.193548e+00  2.086334e+00  3.980000e+00
     vertex  8.557154e+00  2.639533e+00  3.480000e+00
   endloop
 endfacet
 facet normal  6.703900e-01  2.252391e-01  7.069969e-01
   outer loop
     vertex  7.945101e+00  2.891780e+00  3.980000e+00
     vertex  8.557154e+00  2.639533e+00  3.480000e+00
     vertex  8.414947e+00  3.062790e+00  3.480000e+00
   endloop
 endfacet
 facet normal  6.703900e-01  2.252391e-01  7.069969e-01
   outer loop
     vertex  7.945101e+00  2.891780e+00  3.980000e+00
     vertex  8.079368e+00  2.492155e+00  3.980000e+00
     vertex  8.557154e+00  2.639533e+00  3.480000e+00
   endloop
 endfacet
 facet normal  6.583294e-01  2.583753e-01  7.069969e-01
   outer loop
     vertex  7.791081e+00  3.284216e+00  3.980000e+00
     vertex  8.414947e+00  3.062790e+00  3.480000e+00
     vertex  8.251819e+00  3.478434e+00  3.480000e+00
   endloop
 endfacet
 facet normal  6.446321e-01  2.908691e-01  7.069969e-01
   outer loop
     vertex  7.791081e+00  3.284216e+00  3.980000e+00
     vertex  8.251819e+00  3.478434e+00  3.480000e+00
     vertex  8.068176e+00  3.885429e+00  3.480000e+00
   endloop
 endfacet
 facet normal  6.583294e-01  2.583753e-01  7.069969e-01
   outer loop
     vertex  7.791081e+00  3.284216e+00  3.980000e+00
     vertex  7.945101e+00  2.891780e+00  3.980000e+00
     vertex  8.414947e+00  3.062790e+00  3.480000e+00
   endloop
 endfacet
 facet normal  6.446321e-01  2.908691e-01  7.069969e-01
   outer loop
     vertex  7.617692e+00  3.668487e+00  3.980000e+00
     vertex  7.791081e+00  3.284216e+00  3.980000e+00
     vertex  8.068176e+00  3.885429e+00  3.480000e+00
   endloop
 endfacet
 facet normal  6.293322e-01  3.226398e-01  7.069969e-01
   outer loop
     vertex  7.425363e+00  4.043637e+00  3.980000e+00
     vertex  8.068176e+00  3.885429e+00  3.480000e+00
     vertex  7.864474e+00  4.282764e+00  3.480000e+00
   endloop
 endfacet
 facet normal  6.293322e-01  3.226398e-01  7.069969e-01
   outer loop
     vertex  7.425363e+00  4.043637e+00  3.980000e+00
     vertex  7.617692e+00  3.668487e+00  3.980000e+00
     vertex  8.068176e+00  3.885429e+00  3.480000e+00
   endloop
 endfacet
 facet normal  6.124676e-01  3.536083e-01  7.069969e-01
   outer loop
     vertex  7.214574e+00  4.408735e+00  3.980000e+00
     vertex  7.864474e+00  4.282764e+00  3.480000e+00
     vertex  7.641220e+00  4.669452e+00  3.480000e+00
   endloop
 endfacet
 facet normal  6.124676e-01  3.536083e-01  7.069969e-01
   outer loop
     vertex  7.214574e+00  4.408735e+00  3.980000e+00
     vertex  7.425363e+00  4.043637e+00  3.980000e+00
     vertex  7.864474e+00  4.282764e+00  3.480000e+00
   endloop
 endfacet
 facet normal  5.940803e-01  3.836978e-01  7.069969e-01
   outer loop
     vertex  6.985849e+00  4.762871e+00  3.980000e+00
     vertex  7.214574e+00  4.408735e+00  3.980000e+00
     vertex  7.641220e+00  4.669452e+00  3.480000e+00
   endloop
 endfacet
 facet normal  5.940803e-01  3.836978e-01  7.069969e-01
   outer loop
     vertex  6.985849e+00  4.762871e+00  3.980000e+00
     vertex  7.641220e+00  4.669452e+00  3.480000e+00
     vertex  7.398968e+00  5.044531e+00  3.480000e+00
   endloop
 endfacet
 facet normal  5.742161e-01  4.128333e-01  7.069969e-01
   outer loop
     vertex  6.985849e+00  4.762871e+00  3.980000e+00
     vertex  7.398968e+00  5.044531e+00  3.480000e+00
     vertex  7.138322e+00  5.407068e+00  3.480000e+00
   endloop
 endfacet
 facet normal  5.742161e-01  4.128333e-01  7.069969e-01
   outer loop
     vertex  6.739755e+00  5.105166e+00  3.980000e+00
     vertex  6.985849e+00  4.762871e+00  3.980000e+00
     vertex  7.138322e+00  5.407068e+00  3.480000e+00
   endloop
 endfacet
 facet normal  5.529243e-01  4.409424e-01  7.069969e-01
   outer loop
     vertex  6.476906e+00  5.434769e+00  3.980000e+00
     vertex  6.739755e+00  5.105166e+00  3.980000e+00
     vertex  7.138322e+00  5.407068e+00  3.480000e+00
   endloop
 endfacet
 facet normal  5.529243e-01  4.409424e-01  7.069969e-01
   outer loop
     vertex  6.476906e+00  5.434769e+00  3.980000e+00
     vertex  7.138322e+00  5.407068e+00  3.480000e+00
     vertex  6.859928e+00  5.756163e+00  3.480000e+00
   endloop
 endfacet
 facet normal  5.302578e-01  4.679553e-01  7.069969e-01
   outer loop
     vertex  6.197954e+00  5.750860e+00  3.980000e+00
     vertex  6.859928e+00  5.756163e+00  3.480000e+00
     vertex  6.564480e+00  6.090947e+00  3.480000e+00
   endloop
 endfacet
 facet normal  5.302578e-01  4.679553e-01  7.069969e-01
   outer loop
     vertex  6.197954e+00  5.750860e+00  3.980000e+00
     vertex  6.476906e+00  5.434769e+00  3.980000e+00
     vertex  6.859928e+00  5.756163e+00  3.480000e+00
   endloop
 endfacet
 facet normal  5.062730e-01  4.938047e-01  7.069969e-01
   outer loop
     vertex  5.903592e+00  6.052654e+00  3.980000e+00
     vertex  6.564480e+00  6.090947e+00  3.480000e+00
     vertex  6.252711e+00  6.410588e+00  3.480000e+00
   endloop
 endfacet
 facet normal  4.810295e-01  5.184265e-01  7.069969e-01
   outer loop
     vertex  5.903592e+00  6.052654e+00  3.980000e+00
     vertex  6.252711e+00  6.410588e+00  3.480000e+00
     vertex  5.925397e+00  6.714291e+00  3.480000e+00
   endloop
 endfacet
 facet normal  5.062730e-01  4.938047e-01  7.069969e-01
   outer loop
     vertex  5.903592e+00  6.052654e+00  3.980000e+00
     vertex  6.197954e+00  5.750860e+00  3.980000e+00
     vertex  6.564480e+00  6.090947e+00  3.480000e+00
   endloop
 endfacet
 facet normal  4.545901e-01  5.417594e-01  7.069969e-01
   outer loop
     vertex  5.594554e+00  6.339400e+00  3.980000e+00
     vertex  5.925397e+00  6.714291e+00  3.480000e+00
     vertex  5.583351e+00  7.001301e+00  3.480000e+00
   endloop
 endfacet
 facet normal  4.810295e-01  5.184265e-01  7.069969e-01
   outer loop
     vertex  5.594554e+00  6.339400e+00  3.980000e+00
     vertex  5.903592e+00  6.052654e+00  3.980000e+00
     vertex  5.925397e+00  6.714291e+00  3.480000e+00
   endloop
 endfacet
 facet normal  4.545901e-01  5.417594e-01  7.069969e-01
   outer loop
     vertex  5.271606e+00  6.610385e+00  3.980000e+00
     vertex  5.594554e+00  6.339400e+00  3.980000e+00
     vertex  5.583351e+00  7.001301e+00  3.480000e+00
   endloop
 endfacet
 facet normal  4.270206e-01  5.637454e-01  7.069969e-01
   outer loop
     vertex  4.935553e+00  6.864936e+00  3.980000e+00
     vertex  5.583351e+00  7.001301e+00  3.480000e+00
     vertex  5.227425e+00  7.270905e+00  3.480000e+00
   endloop
 endfacet
 facet normal  3.983893e-01  5.843298e-01  7.069969e-01
   outer loop
     vertex  4.935553e+00  6.864936e+00  3.980000e+00
     vertex  5.227425e+00  7.270905e+00  3.480000e+00
     vertex  4.858502e+00  7.522432e+00  3.480000e+00
   endloop
 endfacet
 facet normal  4.270206e-01  5.637454e-01  7.069969e-01
   outer loop
     vertex  4.935553e+00  6.864936e+00  3.980000e+00
     vertex  5.271606e+00  6.610385e+00  3.980000e+00
     vertex  5.583351e+00  7.001301e+00  3.480000e+00
   endloop
 endfacet
 facet normal  3.687677e-01  6.034615e-01  7.069969e-01
   outer loop
     vertex  4.587229e+00  7.102419e+00  3.980000e+00
     vertex  4.858502e+00  7.522432e+00  3.480000e+00
     vertex  4.477500e+00  7.755257e+00  3.480000e+00
   endloop
 endfacet
 facet normal  3.983893e-01  5.843298e-01  7.069969e-01
   outer loop
     vertex  4.587229e+00  7.102419e+00  3.980000e+00
     vertex  4.935553e+00  6.864936e+00  3.980000e+00
     vertex  4.858502e+00  7.522432e+00  3.480000e+00
   endloop
 endfacet
 facet normal  3.687677e-01  6.034615e-01  7.069969e-01
   outer loop
     vertex  4.227500e+00  7.322245e+00  3.980000e+00
     vertex  4.587229e+00  7.102419e+00  3.980000e+00
     vertex  4.477500e+00  7.755257e+00  3.480000e+00
   endloop
 endfacet
 facet normal  3.382292e-01  6.210929e-01  7.069969e-01
   outer loop
     vertex  3.857261e+00  7.523866e+00  3.980000e+00
     vertex  4.477500e+00  7.755257e+00  3.480000e+00
     vertex  4.085366e+00  7.968802e+00  3.480000e+00
   endloop
 endfacet
 facet normal  3.068498e-01  6.371802e-01  7.069969e-01
   outer loop
     vertex  3.857261e+00  7.523866e+00  3.980000e+00
     vertex  4.085366e+00  7.968802e+00  3.480000e+00
     vertex  3.683076e+00  8.162535e+00  3.480000e+00
   endloop
 endfacet
 facet normal  3.382292e-01  6.210929e-01  7.069969e-01
   outer loop
     vertex  3.857261e+00  7.523866e+00  3.980000e+00
     vertex  4.227500e+00  7.322245e+00  3.980000e+00
     vertex  4.477500e+00  7.755257e+00  3.480000e+00
   endloop
 endfacet
 facet normal  3.068498e-01  6.371802e-01  7.069969e-01
   outer loop
     vertex  3.477432e+00  7.706782e+00  3.980000e+00
     vertex  3.857261e+00  7.523866e+00  3.980000e+00
     vertex  3.683076e+00  8.162535e+00  3.480000e+00
   endloop
 endfacet
 facet normal  2.747076e-01  6.516833e-01  7.069969e-01
   outer loop
     vertex  3.088958e+00  7.870538e+00  3.980000e+00
     vertex  3.683076e+00  8.162535e+00  3.480000e+00
     vertex  3.271629e+00  8.335974e+00  3.480000e+00
   endloop
 endfacet
 facet normal  2.747076e-01  6.516833e-01  7.069969e-01
   outer loop
     vertex  3.088958e+00  7.870538e+00  3.980000e+00
     vertex  3.477432e+00  7.706782e+00  3.980000e+00
     vertex  3.683076e+00  8.162535e+00  3.480000e+00
   endloop
 endfacet
 facet normal  2.418824e-01  6.645663e-01  7.069969e-01
   outer loop
     vertex  2.692805e+00  8.014726e+00  3.980000e+00
     vertex  3.271629e+00  8.335974e+00  3.480000e+00
     vertex  2.852048e+00  8.488689e+00  3.480000e+00
   endloop
 endfacet
 facet normal  2.418824e-01  6.645663e-01  7.069969e-01
   outer loop
     vertex  2.692805e+00  8.014726e+00  3.980000e+00
     vertex  3.088958e+00  7.870538e+00  3.980000e+00
     vertex  3.271629e+00  8.335974e+00  3.480000e+00
   endloop
 endfacet
 facet normal  2.084558e-01  6.757970e-01  7.069969e-01
   outer loop
     vertex  2.289956e+00  8.138988e+00  3.980000e+00
     vertex  2.852048e+00  8.488689e+00  3.480000e+00
     vertex  2.425376e+00  8.620300e+00  3.480000e+00
   endloop
 endfacet
 facet normal  1.745109e-01  6.853476e-01  7.069969e-01
   outer loop
     vertex  2.289956e+00  8.138988e+00  3.980000e+00
     vertex  2.425376e+00  8.620300e+00  3.480000e+00
     vertex  1.992675e+00  8.730479e+00  3.480000e+00
   endloop
 endfacet
 facet normal  2.084558e-01  6.757970e-01  7.069969e-01
   outer loop
     vertex  2.289956e+00  8.138988e+00  3.980000e+00
     vertex  2.692805e+00  8.014726e+00  3.980000e+00
     vertex  2.852048e+00  8.488689e+00  3.480000e+00
   endloop
 endfacet
 facet normal  1.401323e-01  6.931943e-01  7.069969e-01
   outer loop
     vertex  1.881414e+00  8.243015e+00  3.980000e+00
     vertex  1.992675e+00  8.730479e+00  3.480000e+00
     vertex  1.555019e+00  8.818953e+00  3.480000e+00
   endloop
 endfacet
 facet normal  1.745109e-01  6.853476e-01  7.069969e-01
   outer loop
     vertex  1.881414e+00  8.243015e+00  3.980000e+00
     vertex  2.289956e+00  8.138988e+00  3.980000e+00
     vertex  1.992675e+00  8.730479e+00  3.480000e+00
   endloop
 endfacet
 facet normal  1.054052e-01  6.993177e-01  7.069969e-01
   outer loop
     vertex  1.468195e+00  8.326550e+00  3.980000e+00
     vertex  1.555019e+00  8.818953e+00  3.480000e+00
     vertex  1.113498e+00  8.885502e+00  3.480000e+00
   endloop
 endfacet
 facet normal  1.401323e-01  6.931943e-01  7.069969e-01
   outer loop
     vertex  1.468195e+00  8.326550e+00  3.980000e+00
     vertex  1.881414e+00  8.243015e+00  3.980000e+00
     vertex  1.555019e+00  8.818953e+00  3.480000e+00
   endloop
 endfacet
 facet normal  1.054052e-01  6.993177e-01  7.069969e-01
   outer loop
     vertex  1.051326e+00  8.389382e+00  3.980000e+00
     vertex  1.468195e+00  8.326550e+00  3.980000e+00
     vertex  1.113498e+00  8.885502e+00  3.480000e+00
   endloop
 endfacet
 facet normal  7.041604e-02  7.037024e-01  7.069969e-01
   outer loop
     vertex  6.318429e-01  8.431358e+00  3.980000e+00
     vertex  1.113498e+00  8.885502e+00  3.480000e+00
     vertex  6.692080e-01  8.929960e+00  3.480000e+00
   endloop
 endfacet
 facet normal  7.041604e-02  7.037024e-01  7.069969e-01
   outer loop
     vertex  6.318429e-01  8.431358e+00  3.980000e+00
     vertex  1.051326e+00  8.389382e+00  3.980000e+00
     vertex  1.113498e+00  8.885502e+00  3.480000e+00
   endloop
 endfacet
 facet normal  3.525184e-02  7.063376e-01  7.069969e-01
   outer loop
     vertex  2.107890e-01  8.452372e+00  3.980000e+00
     vertex  6.692080e-01  8.929960e+00  3.480000e+00
     vertex  2.232543e-01  8.952217e+00  3.480000e+00
   endloop
 endfacet
 facet normal  3.525184e-02  7.063376e-01  7.069969e-01
   outer loop
     vertex  2.107890e-01  8.452372e+00  3.980000e+00
     vertex  6.318429e-01  8.431358e+00  3.980000e+00
     vertex  6.692080e-01  8.929960e+00  3.480000e+00
   endloop
 endfacet
 facet normal  0.000000e+00  7.072167e-01  7.069969e-01
   outer loop
     vertex -2.107890e-01  8.452372e+00  3.980000e+00
     vertex  2.232543e-01  8.952217e+00  3.480000e+00
     vertex -2.232543e-01  8.952217e+00  3.480000e+00
   endloop
 endfacet
 facet normal -0.000000e+00  7.072167e-01  7.069969e-01
   outer loop
     vertex -2.107890e-01  8.452372e+00  3.980000e+00
     vertex  2.107890e-01  8.452372e+00  3.980000e+00
     vertex  2.232543e-01  8.952217e+00  3.480000e+00
   endloop
 endfacet
 facet normal -3.525184e-02  7.063376e-01  7.069969e-01
   outer loop
     vertex -6.318429e-01  8.431358e+00  3.980000e+00
     vertex -2.232543e-01  8.952217e+00  3.480000e+00
     vertex -6.692080e-01  8.929960e+00  3.480000e+00
   endloop
 endfacet
 facet normal -7.041604e-02  7.037024e-01  7.069969e-01
   outer loop
     vertex -6.318429e-01  8.431358e+00  3.980000e+00
     vertex -6.692080e-01  8.929960e+00  3.480000e+00
     vertex -1.113498e+00  8.885502e+00  3.480000e+00
   endloop
 endfacet
 facet normal -3.525184e-02  7.063376e-01  7.069969e-01
   outer loop
     vertex -6.318429e-01  8.431358e+00  3.980000e+00
     vertex -2.107890e-01  8.452372e+00  3.980000e+00
     vertex -2.232543e-01  8.952217e+00  3.480000e+00
   endloop
 endfacet
 facet normal -1.054052e-01  6.993177e-01  7.069969e-01
   outer loop
     vertex -1.051326e+00  8.389382e+00  3.980000e+00
     vertex -1.113498e+00  8.885502e+00  3.480000e+00
     vertex -1.555019e+00  8.818953e+00  3.480000e+00
   endloop
 endfacet
 facet normal -7.041604e-02  7.037024e-01  7.069969e-01
   outer loop
     vertex -1.051326e+00  8.389382e+00  3.980000e+00
     vertex -6.318429e-01  8.431358e+00  3.980000e+00
     vertex -1.113498e+00  8.885502e+00  3.480000e+00
   endloop
 endfacet
 facet normal -1.054052e-01  6.993177e-01  7.069969e-01
   outer loop
     vertex -1.468195e+00  8.326550e+00  3.980000e+00
     vertex -1.051326e+00  8.389382e+00  3.980000e+00
     vertex -1.555019e+00  8.818953e+00  3.480000e+00
   endloop
 endfacet
 facet normal -1.401323e-01  6.931943e-01  7.069969e-01
   outer loop
     vertex -1.881414e+00  8.243015e+00  3.980000e+00
     vertex -1.555019e+00  8.818953e+00  3.480000e+00
     vertex -1.992675e+00  8.730479e+00  3.480000e+00
   endloop
 endfacet
 facet normal -1.745109e-01  6.853476e-01  7.069969e-01
   outer loop
     vertex -1.881414e+00  8.243015e+00  3.980000e+00
     vertex -1.992675e+00  8.730479e+00  3.480000e+00
     vertex -2.425376e+00  8.620300e+00  3.480000e+00
   endloop
 endfacet
 facet normal -1.401323e-01  6.931943e-01  7.069969e-01
   outer loop
     vertex -1.881414e+00  8.243015e+00  3.980000e+00
     vertex -1.468195e+00  8.326550e+00  3.980000e+00
     vertex -1.555019e+00  8.818953e+00  3.480000e+00
   endloop
 endfacet
 facet normal -1.745109e-01  6.853476e-01  7.069969e-01
   outer loop
     vertex -2.289956e+00  8.138988e+00  3.980000e+00
     vertex -1.881414e+00  8.243015e+00  3.980000e+00
     vertex -2.425376e+00  8.620300e+00  3.480000e+00
   endloop
 endfacet
 facet normal -2.084558e-01  6.757970e-01  7.069969e-01
   outer loop
     vertex -2.692805e+00  8.014726e+00  3.980000e+00
     vertex -2.289956e+00  8.138988e+00  3.980000e+00
     vertex -2.425376e+00  8.620300e+00  3.480000e+00
   endloop
 endfacet
 facet normal -2.084558e-01  6.757970e-01  7.069969e-01
   outer loop
     vertex -2.692805e+00  8.014726e+00  3.980000e+00
     vertex -2.425376e+00  8.620300e+00  3.480000e+00
     vertex -2.852048e+00  8.488689e+00  3.480000e+00
   endloop
 endfacet
 facet normal -2.418824e-01  6.645663e-01  7.069969e-01
   outer loop
     vertex -3.088958e+00  7.870538e+00  3.980000e+00
     vertex -2.692805e+00  8.014726e+00  3.980000e+00
     vertex -2.852048e+00  8.488689e+00  3.480000e+00
   endloop
 endfacet
 facet normal -2.418824e-01  6.645663e-01  7.069969e-01
   outer loop
     vertex -3.088958e+00  7.870538e+00  3.980000e+00
     vertex -2.852048e+00  8.488689e+00  3.480000e+00
     vertex -3.271629e+00  8.335974e+00  3.480000e+00
   endloop
 endfacet
 facet normal -2.747076e-01  6.516833e-01  7.069969e-01
   outer loop
     vertex -3.477432e+00  7.706782e+00  3.980000e+00
     vertex -3.088958e+00  7.870538e+00  3.980000e+00
     vertex -3.271629e+00  8.335974e+00  3.480000e+00
   endloop
 endfacet
 facet normal -2.747076e-01  6.516833e-01  7.069969e-01
   outer loop
     vertex -3.477432e+00  7.706782e+00  3.980000e+00
     vertex -3.271629e+00  8.335974e+00  3.480000e+00
     vertex -3.683076e+00  8.162535e+00  3.480000e+00
   endloop
 endfacet
 facet normal -3.068498e-01  6.371802e-01  7.069969e-01
   outer loop
     vertex -3.857261e+00  7.523866e+00  3.980000e+00
     vertex -3.477432e+00  7.706782e+00  3.980000e+00
     vertex -3.683076e+00  8.162535e+00  3.480000e+00
   endloop
 endfacet
 facet normal -3.068498e-01  6.371802e-01  7.069969e-01
   outer loop
     vertex -3.857261e+00  7.523866e+00  3.980000e+00
     vertex -3.683076e+00  8.162535e+00  3.480000e+00
     vertex -4.085366e+00  7.968802e+00  3.480000e+00
   endloop
 endfacet
 facet normal -3.382292e-01  6.210929e-01  7.069969e-01
   outer loop
     vertex -4.227500e+00  7.322245e+00  3.980000e+00
     vertex -3.857261e+00  7.523866e+00  3.980000e+00
     vertex -4.085366e+00  7.968802e+00  3.480000e+00
   endloop
 endfacet
 facet normal -3.382292e-01  6.210929e-01  7.069969e-01
   outer loop
     vertex -4.227500e+00  7.322245e+00  3.980000e+00
     vertex -4.085366e+00  7.968802e+00  3.480000e+00
     vertex -4.477500e+00  7.755257e+00  3.480000e+00
   endloop
 endfacet
 facet normal -3.687677e-01  6.034615e-01  7.069969e-01
   outer loop
     vertex -4.587229e+00  7.102419e+00  3.980000e+00
     vertex -4.227500e+00  7.322245e+00  3.980000e+00
     vertex -4.477500e+00  7.755257e+00  3.480000e+00
   endloop
 endfacet
 facet normal -3.687677e-01  6.034615e-01  7.069969e-01
   outer loop
     vertex -4.587229e+00  7.102419e+00  3.980000e+00
     vertex -4.477500e+00  7.755257e+00  3.480000e+00
     vertex -4.858502e+00  7.522432e+00  3.480000e+00
   endloop
 endfacet
 facet normal -3.983893e-01  5.843298e-01  7.069969e-01
   outer loop
     vertex -4.935553e+00  6.864936e+00  3.980000e+00
     vertex -4.587229e+00  7.102419e+00  3.980000e+00
     vertex -4.858502e+00  7.522432e+00  3.480000e+00
   endloop
 endfacet
 facet normal -3.983893e-01  5.843298e-01  7.069969e-01
   outer loop
     vertex -4.935553e+00  6.864936e+00  3.980000e+00
     vertex -4.858502e+00  7.522432e+00  3.480000e+00
     vertex -5.227425e+00  7.270905e+00  3.480000e+00
   endloop
 endfacet
 facet normal -4.270206e-01  5.637454e-01  7.069969e-01
   outer loop
     vertex -5.271606e+00  6.610385e+00  3.980000e+00
     vertex -4.935553e+00  6.864936e+00  3.980000e+00
     vertex -5.227425e+00  7.270905e+00  3.480000e+00
   endloop
 endfacet
 facet normal -4.270206e-01  5.637454e-01  7.069969e-01
   outer loop
     vertex -5.271606e+00  6.610385e+00  3.980000e+00
     vertex -5.227425e+00  7.270905e+00  3.480000e+00
     vertex -5.583351e+00  7.001301e+00  3.480000e+00
   endloop
 endfacet
 facet normal -4.545901e-01  5.417594e-01  7.069969e-01
   outer loop
     vertex -5.594554e+00  6.339400e+00  3.980000e+00
     vertex -5.271606e+00  6.610385e+00  3.980000e+00
     vertex -5.583351e+00  7.001301e+00  3.480000e+00
   endloop
 endfacet
 facet normal -4.545901e-01  5.417594e-01  7.069969e-01
   outer loop
     vertex -5.594554e+00  6.339400e+00  3.980000e+00
     vertex -5.583351e+00  7.001301e+00  3.480000e+00
     vertex -5.925397e+00  6.714291e+00  3.480000e+00
   endloop
 endfacet
 facet normal -4.810295e-01  5.184265e-01  7.069969e-01
   outer loop
     vertex -5.903592e+00  6.052654e+00  3.980000e+00
     vertex -5.594554e+00  6.339400e+00  3.980000e+00
     vertex -5.925397e+00  6.714291e+00  3.480000e+00
   endloop
 endfacet
 facet normal -4.810295e-01  5.184265e-01  7.069969e-01
   outer loop
     vertex -5.903592e+00  6.052654e+00  3.980000e+00
     vertex -5.925397e+00  6.714291e+00  3.480000e+00
     vertex -6.252711e+00  6.410588e+00  3.480000e+00
   endloop
 endfacet
 facet normal -5.062730e-01  4.938047e-01  7.069969e-01
   outer loop
     vertex -6.197954e+00  5.750860e+00  3.980000e+00
     vertex -5.903592e+00  6.052654e+00  3.980000e+00
     vertex -6.252711e+00  6.410588e+00  3.480000e+00
   endloop
 endfacet
 facet normal -5.062730e-01  4.938047e-01  7.069969e-01
   outer loop
     vertex -6.197954e+00  5.750860e+00  3.980000e+00
     vertex -6.252711e+00  6.410588e+00  3.480000e+00
     vertex -6.564480e+00  6.090947e+00  3.480000e+00
   endloop
 endfacet
 facet normal -5.302578e-01  4.679553e-01  7.069969e-01
   outer loop
     vertex -6.476906e+00  5.434769e+00  3.980000e+00
     vertex -6.564480e+00  6.090947e+00  3.480000e+00
     vertex -6.859928e+00  5.756163e+00  3.480000e+00
   endloop
 endfacet
 facet normal -5.529243e-01  4.409424e-01  7.069969e-01
   outer loop
     vertex -6.476906e+00  5.434769e+00  3.980000e+00
     vertex -6.859928e+00  5.756163e+00  3.480000e+00
     vertex -7.138322e+00  5.407068e+00  3.480000e+00
   endloop
 endfacet
 facet normal -5.302578e-01  4.679553e-01  7.069969e-01
   outer loop
     vertex -6.476906e+00  5.434769e+00  3.980000e+00
     vertex -6.197954e+00  5.750860e+00  3.980000e+00
     vertex -6.564480e+00  6.090947e+00  3.480000e+00
   endloop
 endfacet
 facet normal -5.529243e-01  4.409424e-01  7.069969e-01
   outer loop
     vertex -6.739755e+00  5.105166e+00  3.980000e+00
     vertex -6.476906e+00  5.434769e+00  3.980000e+00
     vertex -7.138322e+00  5.407068e+00  3.480000e+00
   endloop
 endfacet
 facet normal -5.742161e-01  4.128333e-01  7.069969e-01
   outer loop
     vertex -6.985849e+00  4.762871e+00  3.980000e+00
     vertex -7.138322e+00  5.407068e+00  3.480000e+00
     vertex -7.398968e+00  5.044531e+00  3.480000e+00
   endloop
 endfacet
 facet normal -5.742161e-01  4.128333e-01  7.069969e-01
   outer loop
     vertex -6.985849e+00  4.762871e+00  3.980000e+00
     vertex -6.739755e+00  5.105166e+00  3.980000e+00
     vertex -7.138322e+00  5.407068e+00  3.480000e+00
   endloop
 endfacet
 facet normal -5.940803e-01  3.836978e-01  7.069969e-01
   outer loop
     vertex -7.214574e+00  4.408735e+00  3.980000e+00
     vertex -7.398968e+00  5.044531e+00  3.480000e+00
     vertex -7.641220e+00  4.669452e+00  3.480000e+00
   endloop
 endfacet
 facet normal -5.940803e-01  3.836978e-01  7.069969e-01
   outer loop
     vertex -7.214574e+00  4.408735e+00  3.980000e+00
     vertex -6.985849e+00  4.762871e+00  3.980000e+00
     vertex -7.398968e+00  5.044531e+00  3.480000e+00
   endloop
 endfacet
 facet normal -6.124676e-01  3.536083e-01  7.069969e-01
   outer loop
     vertex -7.214574e+00  4.408735e+00  3.980000e+00
     vertex -7.641220e+00  4.669452e+00  3.480000e+00
     vertex -7.864474e+00  4.282764e+00  3.480000e+00
   endloop
 endfacet
 facet normal -6.124676e-01  3.536083e-01  7.069969e-01
   outer loop
     vertex -7.425363e+00  4.043637e+00  3.980000e+00
     vertex -7.214574e+00  4.408735e+00  3.980000e+00
     vertex -7.864474e+00  4.282764e+00  3.480000e+00
   endloop
 endfacet
 facet normal -6.293322e-01  3.226398e-01  7.069969e-01
   outer loop
     vertex -7.617692e+00  3.668487e+00  3.980000e+00
     vertex -7.864474e+00  4.282764e+00  3.480000e+00
     vertex -8.068176e+00  3.885429e+00  3.480000e+00
   endloop
 endfacet
 facet normal -6.293322e-01  3.226398e-01  7.069969e-01
   outer loop
     vertex -7.617692e+00  3.668487e+00  3.980000e+00
     vertex -7.425363e+00  4.043637e+00  3.980000e+00
     vertex -7.864474e+00  4.282764e+00  3.480000e+00
   endloop
 endfacet
 facet normal -6.446321e-01  2.908691e-01  7.069969e-01
   outer loop
     vertex -7.791081e+00  3.284216e+00  3.980000e+00
     vertex -8.068176e+00  3.885429e+00  3.480000e+00
     vertex -8.251819e+00  3.478434e+00  3.480000e+00
   endloop
 endfacet
 facet normal -6.446321e-01  2.908691e-01  7.069969e-01
   outer loop
     vertex -7.791081e+00  3.284216e+00  3.980000e+00
     vertex -7.617692e+00  3.668487e+00  3.980000e+00
     vertex -8.068176e+00  3.885429e+00  3.480000e+00
   endloop
 endfacet
 facet normal -6.583294e-01  2.583753e-01  7.069969e-01
   outer loop
     vertex -7.945101e+00  2.891780e+00  3.980000e+00
     vertex -8.251819e+00  3.478434e+00  3.480000e+00
     vertex -8.414947e+00  3.062790e+00  3.480000e+00
   endloop
 endfacet
 facet normal -6.583294e-01  2.583753e-01  7.069969e-01
   outer loop
     vertex -7.945101e+00  2.891780e+00  3.980000e+00
     vertex -7.791081e+00  3.284216e+00  3.980000e+00
     vertex -8.251819e+00  3.478434e+00  3.480000e+00
   endloop
 endfacet
 facet normal -6.703900e-01  2.252391e-01  7.069969e-01
   outer loop
     vertex -8.079368e+00  2.492155e+00  3.980000e+00
     vertex -8.414947e+00  3.062790e+00  3.480000e+00
     vertex -8.557154e+00  2.639533e+00  3.480000e+00
   endloop
 endfacet
 facet normal -6.703900e-01  2.252391e-01  7.069969e-01
   outer loop
     vertex -8.079368e+00  2.492155e+00  3.980000e+00
     vertex -7.945101e+00  2.891780e+00  3.980000e+00
     vertex -8.414947e+00  3.062790e+00  3.480000e+00
   endloop
 endfacet
 facet normal -6.807839e-01  1.915429e-01  7.069969e-01
   outer loop
     vertex -8.193548e+00  2.086334e+00  3.980000e+00
     vertex -8.557154e+00  2.639533e+00  3.480000e+00
     vertex -8.678087e+00  2.209712e+00  3.480000e+00
   endloop
 endfacet
 facet normal -6.894853e-01  1.573705e-01  7.069969e-01
   outer loop
     vertex -8.193548e+00  2.086334e+00  3.980000e+00
     vertex -8.678087e+00  2.209712e+00  3.480000e+00
     vertex -8.777445e+00  1.774399e+00  3.480000e+00
   endloop
 endfacet
 facet normal -6.807839e-01  1.915429e-01  7.069969e-01
   outer loop
     vertex -8.193548e+00  2.086334e+00  3.980000e+00
     vertex -8.079368e+00  2.492155e+00  3.980000e+00
     vertex -8.557154e+00  2.639533e+00  3.480000e+00
   endloop
 endfacet
 facet normal -6.894853e-01  1.573705e-01  7.069969e-01
   outer loop
     vertex -8.287358e+00  1.675326e+00  3.980000e+00
     vertex -8.193548e+00  2.086334e+00  3.980000e+00
     vertex -8.777445e+00  1.774399e+00  3.480000e+00
   endloop
 endfacet
 facet normal -6.964725e-01  1.228069e-01  7.069969e-01
   outer loop
     vertex -8.360565e+00  1.260152e+00  3.980000e+00
     vertex -8.777445e+00  1.774399e+00  3.480000e+00
     vertex -8.854980e+00  1.334673e+00  3.480000e+00
   endloop
 endfacet
 facet normal -6.964725e-01  1.228069e-01  7.069969e-01
   outer loop
     vertex -8.360565e+00  1.260152e+00  3.980000e+00
     vertex -8.287358e+00  1.675326e+00  3.980000e+00
     vertex -8.777445e+00  1.774399e+00  3.480000e+00
   endloop
 endfacet
 facet normal -7.017281e-01  8.793794e-02  7.069969e-01
   outer loop
     vertex -8.412985e+00  8.418461e-01  3.980000e+00
     vertex -8.854980e+00  1.334673e+00  3.480000e+00
     vertex -8.910501e+00  8.916301e-01  3.480000e+00
   endloop
 endfacet
 facet normal -7.017281e-01  8.793794e-02  7.069969e-01
   outer loop
     vertex -8.412985e+00  8.418461e-01  3.980000e+00
     vertex -8.360565e+00  1.260152e+00  3.980000e+00
     vertex -8.854980e+00  1.334673e+00  3.480000e+00
   endloop
 endfacet
 facet normal -7.052392e-01  5.285037e-02  7.069969e-01
   outer loop
     vertex -8.444490e+00  4.214470e-01  3.980000e+00
     vertex -8.412985e+00  8.418461e-01  3.980000e+00
     vertex -8.910501e+00  8.916301e-01  3.480000e+00
   endloop
 endfacet
 facet normal -7.052392e-01  5.285037e-02  7.069969e-01
   outer loop
     vertex -8.444490e+00  4.214470e-01  3.980000e+00
     vertex -8.910501e+00  8.916301e-01  3.480000e+00
     vertex -8.943868e+00  4.463699e-01  3.480000e+00
   endloop
 endfacet
 facet normal -7.069969e-01  1.763140e-02  7.069969e-01
   outer loop
     vertex -8.444490e+00  4.214470e-01  3.980000e+00
     vertex -8.943868e+00  4.463699e-01  3.480000e+00
     vertex -8.955000e+00 -3.071788e-14  3.480000e+00
   endloop
 endfacet
 facet normal -7.069969e-01  1.763140e-02  7.069969e-01
   outer loop
     vertex -8.455000e+00 -2.900276e-14  3.980000e+00
     vertex -8.444490e+00  4.214470e-01  3.980000e+00
     vertex -8.955000e+00 -3.071788e-14  3.480000e+00
   endloop
 endfacet
 facet normal -7.069969e-01 -1.763140e-02  7.069969e-01
   outer loop
     vertex -8.444490e+00 -4.214470e-01  3.980000e+00
     vertex -8.455000e+00 -2.900276e-14  3.980000e+00
     vertex -8.955000e+00 -3.071788e-14  3.480000e+00
   endloop
 endfacet
 facet normal -7.069969e-01 -1.763140e-02  7.069969e-01
   outer loop
     vertex -8.444490e+00 -4.214470e-01  3.980000e+00
     vertex -8.955000e+00 -3.071788e-14  3.480000e+00
     vertex -8.943868e+00 -4.463699e-01  3.480000e+00
   endloop
 endfacet
 facet normal -7.052392e-01 -5.285037e-02  7.069969e-01
   outer loop
     vertex -8.412985e+00 -8.418461e-01  3.980000e+00
     vertex -8.444490e+00 -4.214470e-01  3.980000e+00
     vertex -8.943868e+00 -4.463699e-01  3.480000e+00
   endloop
 endfacet
 facet normal -7.052392e-01 -5.285037e-02  7.069969e-01
   outer loop
     vertex -8.412985e+00 -8.418461e-01  3.980000e+00
     vertex -8.943868e+00 -4.463699e-01  3.480000e+00
     vertex -8.910501e+00 -8.916301e-01  3.480000e+00
   endloop
 endfacet
 facet normal -7.017281e-01 -8.793794e-02  7.069969e-01
   outer loop
     vertex -8.412985e+00 -8.418461e-01  3.980000e+00
     vertex -8.910501e+00 -8.916301e-01  3.480000e+00
     vertex -8.854980e+00 -1.334673e+00  3.480000e+00
   endloop
 endfacet
 facet normal -7.017281e-01 -8.793794e-02  7.069969e-01
   outer loop
     vertex -8.360565e+00 -1.260152e+00  3.980000e+00
     vertex -8.412985e+00 -8.418461e-01  3.980000e+00
     vertex -8.854980e+00 -1.334673e+00  3.480000e+00
   endloop
 endfacet
 facet normal -6.964725e-01 -1.228069e-01  7.069969e-01
   outer loop
     vertex -8.360565e+00 -1.260152e+00  3.980000e+00
     vertex -8.854980e+00 -1.334673e+00  3.480000e+00
     vertex -8.777445e+00 -1.774399e+00  3.480000e+00
   endloop
 endfacet
 facet normal -6.964725e-01 -1.228069e-01  7.069969e-01
   outer loop
     vertex -8.287358e+00 -1.675326e+00  3.980000e+00
     vertex -8.360565e+00 -1.260152e+00  3.980000e+00
     vertex -8.777445e+00 -1.774399e+00  3.480000e+00
   endloop
 endfacet
 facet normal -6.894853e-01 -1.573705e-01  7.069969e-01
   outer loop
     vertex -8.193548e+00 -2.086334e+00  3.980000e+00
     vertex -8.287358e+00 -1.675326e+00  3.980000e+00
     vertex -8.777445e+00 -1.774399e+00  3.480000e+00
   endloop
 endfacet
 facet normal -6.894853e-01 -1.573705e-01  7.069969e-01
   outer loop
     vertex -8.193548e+00 -2.086334e+00  3.980000e+00
     vertex -8.777445e+00 -1.774399e+00  3.480000e+00
     vertex -8.678087e+00 -2.209712e+00  3.480000e+00
   endloop
 endfacet
 facet normal -6.807839e-01 -1.915429e-01  7.069969e-01
   outer loop
     vertex -8.079368e+00 -2.492155e+00  3.980000e+00
     vertex -8.193548e+00 -2.086334e+00  3.980000e+00
     vertex -8.678087e+00 -2.209712e+00  3.480000e+00
   endloop
 endfacet
 facet normal -6.807839e-01 -1.915429e-01  7.069969e-01
   outer loop
     vertex -8.079368e+00 -2.492155e+00  3.980000e+00
     vertex -8.678087e+00 -2.209712e+00  3.480000e+00
     vertex -8.557154e+00 -2.639533e+00  3.480000e+00
   endloop
 endfacet
 facet normal -6.703900e-01 -2.252391e-01  7.069969e-01
   outer loop
     vertex -7.945101e+00 -2.891780e+00  3.980000e+00
     vertex -8.079368e+00 -2.492155e+00  3.980000e+00
     vertex -8.557154e+00 -2.639533e+00  3.480000e+00
   endloop
 endfacet
 facet normal -6.703900e-01 -2.252391e-01  7.069969e-01
   outer loop
     vertex -7.945101e+00 -2.891780e+00  3.980000e+00
     vertex -8.557154e+00 -2.639533e+00  3.480000e+00
     vertex -8.414947e+00 -3.062790e+00  3.480000e+00
   endloop
 endfacet
 facet normal -6.583294e-01 -2.583753e-01  7.069969e-01
   outer loop
     vertex -7.791081e+00 -3.284216e+00  3.980000e+00
     vertex -7.945101e+00 -2.891780e+00  3.980000e+00
     vertex -8.414947e+00 -3.062790e+00  3.480000e+00
   endloop
 endfacet
 facet normal -6.583294e-01 -2.583753e-01  7.069969e-01
   outer loop
     vertex -7.791081e+00 -3.284216e+00  3.980000e+00
     vertex -8.414947e+00 -3.062790e+00  3.480000e+00
     vertex -8.251819e+00 -3.478434e+00  3.480000e+00
   endloop
 endfacet
 facet normal -6.446321e-01 -2.908691e-01  7.069969e-01
   outer loop
     vertex -7.617692e+00 -3.668487e+00  3.980000e+00
     vertex -7.791081e+00 -3.284216e+00  3.980000e+00
     vertex -8.251819e+00 -3.478434e+00  3.480000e+00
   endloop
 endfacet
 facet normal -6.446321e-01 -2.908691e-01  7.069969e-01
   outer loop
     vertex -7.617692e+00 -3.668487e+00  3.980000e+00
     vertex -8.251819e+00 -3.478434e+00  3.480000e+00
     vertex -8.068176e+00 -3.885429e+00  3.480000e+00
   endloop
 endfacet
 facet normal -6.293322e-01 -3.226398e-01  7.069969e-01
   outer loop
     vertex -7.425363e+00 -4.043637e+00  3.980000e+00
     vertex -7.617692e+00 -3.668487e+00  3.980000e+00
     vertex -8.068176e+00 -3.885429e+00  3.480000e+00
   endloop
 endfacet
 facet normal -6.293322e-01 -3.226398e-01  7.069969e-01
   outer loop
     vertex -7.425363e+00 -4.043637e+00  3.980000e+00
     vertex -8.068176e+00 -3.885429e+00  3.480000e+00
     vertex -7.864474e+00 -4.282764e+00  3.480000e+00
   endloop
 endfacet
 facet normal -6.124676e-01 -3.536083e-01  7.069969e-01
   outer loop
     vertex -7.425363e+00 -4.043637e+00  3.980000e+00
     vertex -7.864474e+00 -4.282764e+00  3.480000e+00
     vertex -7.641220e+00 -4.669452e+00  3.480000e+00
   endloop
 endfacet
 facet normal -6.124676e-01 -3.536083e-01  7.069969e-01
   outer loop
     vertex -7.214574e+00 -4.408735e+00  3.980000e+00
     vertex -7.425363e+00 -4.043637e+00  3.980000e+00
     vertex -7.641220e+00 -4.669452e+00  3.480000e+00
   endloop
 endfacet
 facet normal -5.940803e-01 -3.836978e-01  7.069969e-01
   outer loop
     vertex -6.985849e+00 -4.762871e+00  3.980000e+00
     vertex -7.214574e+00 -4.408735e+00  3.980000e+00
     vertex -7.641220e+00 -4.669452e+00  3.480000e+00
   endloop
 endfacet
 facet normal -5.940803e-01 -3.836978e-01  7.069969e-01
   outer loop
     vertex -6.985849e+00 -4.762871e+00  3.980000e+00
     vertex -7.641220e+00 -4.669452e+00  3.480000e+00
     vertex -7.398968e+00 -5.044531e+00  3.480000e+00
   endloop
 endfacet
 facet normal -5.742161e-01 -4.128333e-01  7.069969e-01
   outer loop
     vertex -6.985849e+00 -4.762871e+00  3.980000e+00
     vertex -7.398968e+00 -5.044531e+00  3.480000e+00
     vertex -7.138322e+00 -5.407068e+00  3.480000e+00
   endloop
 endfacet
 facet normal -5.742161e-01 -4.128333e-01  7.069969e-01
   outer loop
     vertex -6.739755e+00 -5.105166e+00  3.980000e+00
     vertex -6.985849e+00 -4.762871e+00  3.980000e+00
     vertex -7.138322e+00 -5.407068e+00  3.480000e+00
   endloop
 endfacet
 facet normal -5.529243e-01 -4.409424e-01  7.069969e-01
   outer loop
     vertex -6.476906e+00 -5.434769e+00  3.980000e+00
     vertex -6.739755e+00 -5.105166e+00  3.980000e+00
     vertex -7.138322e+00 -5.407068e+00  3.480000e+00
   endloop
 endfacet
 facet normal -5.529243e-01 -4.409424e-01  7.069969e-01
   outer loop
     vertex -6.476906e+00 -5.434769e+00  3.980000e+00
     vertex -7.138322e+00 -5.407068e+00  3.480000e+00
     vertex -6.859928e+00 -5.756163e+00  3.480000e+00
   endloop
 endfacet
 facet normal -5.302578e-01 -4.679553e-01  7.069969e-01
   outer loop
     vertex -6.197954e+00 -5.750860e+00  3.980000e+00
     vertex -6.476906e+00 -5.434769e+00  3.980000e+00
     vertex -6.859928e+00 -5.756163e+00  3.480000e+00
   endloop
 endfacet
 facet normal -5.302578e-01 -4.679553e-01  7.069969e-01
   outer loop
     vertex -6.197954e+00 -5.750860e+00  3.980000e+00
     vertex -6.859928e+00 -5.756163e+00  3.480000e+00
     vertex -6.564480e+00 -6.090947e+00  3.480000e+00
   endloop
 endfacet
 facet normal -5.062730e-01 -4.938047e-01  7.069969e-01
   outer loop
     vertex -6.197954e+00 -5.750860e+00  3.980000e+00
     vertex -6.564480e+00 -6.090947e+00  3.480000e+00
     vertex -6.252711e+00 -6.410588e+00  3.480000e+00
   endloop
 endfacet
 facet normal -5.062730e-01 -4.938047e-01  7.069969e-01
   outer loop
     vertex -5.903592e+00 -6.052654e+00  3.980000e+00
     vertex -6.197954e+00 -5.750860e+00  3.980000e+00
     vertex -6.252711e+00 -6.410588e+00  3.480000e+00
   endloop
 endfacet
 facet normal -4.810295e-01 -5.184265e-01  7.069969e-01
   outer loop
     vertex -5.594554e+00 -6.339400e+00  3.980000e+00
     vertex -5.903592e+00 -6.052654e+00  3.980000e+00
     vertex -6.252711e+00 -6.410588e+00  3.480000e+00
   endloop
 endfacet
 facet normal -4.810295e-01 -5.184265e-01  7.069969e-01
   outer loop
     vertex -5.594554e+00 -6.339400e+00  3.980000e+00
     vertex -6.252711e+00 -6.410588e+00  3.480000e+00
     vertex -5.925397e+00 -6.714291e+00  3.480000e+00
   endloop
 endfacet
 facet normal -4.545901e-01 -5.417594e-01  7.069969e-01
   outer loop
     vertex -5.594554e+00 -6.339400e+00  3.980000e+00
     vertex -5.925397e+00 -6.714291e+00  3.480000e+00
     vertex -5.583351e+00 -7.001301e+00  3.480000e+00
   endloop
 endfacet
 facet normal -4.545901e-01 -5.417594e-01  7.069969e-01
   outer loop
     vertex -5.271606e+00 -6.610385e+00  3.980000e+00
     vertex -5.594554e+00 -6.339400e+00  3.980000e+00
     vertex -5.583351e+00 -7.001301e+00  3.480000e+00
   endloop
 endfacet
 facet normal -4.270206e-01 -5.637454e-01  7.069969e-01
   outer loop
     vertex -4.935553e+00 -6.864936e+00  3.980000e+00
     vertex -5.271606e+00 -6.610385e+00  3.980000e+00
     vertex -5.583351e+00 -7.001301e+00  3.480000e+00
   endloop
 endfacet
 facet normal -4.270206e-01 -5.637454e-01  7.069969e-01
   outer loop
     vertex -4.935553e+00 -6.864936e+00  3.980000e+00
     vertex -5.583351e+00 -7.001301e+00  3.480000e+00
     vertex -5.227425e+00 -7.270905e+00  3.480000e+00
   endloop
 endfacet
 facet normal -3.983893e-01 -5.843298e-01  7.069969e-01
   outer loop
     vertex -4.587229e+00 -7.102419e+00  3.980000e+00
     vertex -5.227425e+00 -7.270905e+00  3.480000e+00
     vertex -4.858502e+00 -7.522432e+00  3.480000e+00
   endloop
 endfacet
 facet normal -3.983893e-01 -5.843298e-01  7.069969e-01
   outer loop
     vertex -4.587229e+00 -7.102419e+00  3.980000e+00
     vertex -4.935553e+00 -6.864936e+00  3.980000e+00
     vertex -5.227425e+00 -7.270905e+00  3.480000e+00
   endloop
 endfacet
 facet normal -3.687677e-01 -6.034615e-01  7.069969e-01
   outer loop
     vertex -4.227500e+00 -7.322245e+00  3.980000e+00
     vertex -4.858502e+00 -7.522432e+00  3.480000e+00
     vertex -4.477500e+00 -7.755257e+00  3.480000e+00
   endloop
 endfacet
 facet normal -3.687677e-01 -6.034615e-01  7.069969e-01
   outer loop
     vertex -4.227500e+00 -7.322245e+00  3.980000e+00
     vertex -4.587229e+00 -7.102419e+00  3.980000e+00
     vertex -4.858502e+00 -7.522432e+00  3.480000e+00
   endloop
 endfacet
 facet normal -3.382292e-01 -6.210929e-01  7.069969e-01
   outer loop
     vertex -3.857261e+00 -7.523866e+00  3.980000e+00
     vertex -4.477500e+00 -7.755257e+00  3.480000e+00
     vertex -4.085366e+00 -7.968802e+00  3.480000e+00
   endloop
 endfacet
 facet normal -3.068498e-01 -6.371802e-01  7.069969e-01
   outer loop
     vertex -3.857261e+00 -7.523866e+00  3.980000e+00
     vertex -4.085366e+00 -7.968802e+00  3.480000e+00
     vertex -3.683076e+00 -8.162535e+00  3.480000e+00
   endloop
 endfacet
 facet normal -3.382292e-01 -6.210929e-01  7.069969e-01
   outer loop
     vertex -3.857261e+00 -7.523866e+00  3.980000e+00
     vertex -4.227500e+00 -7.322245e+00  3.980000e+00
     vertex -4.477500e+00 -7.755257e+00  3.480000e+00
   endloop
 endfacet
 facet normal -3.068498e-01 -6.371802e-01  7.069969e-01
   outer loop
     vertex -3.477432e+00 -7.706782e+00  3.980000e+00
     vertex -3.857261e+00 -7.523866e+00  3.980000e+00
     vertex -3.683076e+00 -8.162535e+00  3.480000e+00
   endloop
 endfacet
 facet normal -2.747076e-01 -6.516833e-01  7.069969e-01
   outer loop
     vertex -3.088958e+00 -7.870538e+00  3.980000e+00
     vertex -3.477432e+00 -7.706782e+00  3.980000e+00
     vertex -3.683076e+00 -8.162535e+00  3.480000e+00
   endloop
 endfacet
 facet normal -2.747076e-01 -6.516833e-01  7.069969e-01
   outer loop
     vertex -3.088958e+00 -7.870538e+00  3.980000e+00
     vertex -3.683076e+00 -8.162535e+00  3.480000e+00
     vertex -3.271629e+00 -8.335974e+00  3.480000e+00
   endloop
 endfacet
 facet normal -2.418824e-01 -6.645663e-01  7.069969e-01
   outer loop
     vertex -3.088958e+00 -7.870538e+00  3.980000e+00
     vertex -3.271629e+00 -8.335974e+00  3.480000e+00
     vertex -2.852048e+00 -8.488689e+00  3.480000e+00
   endloop
 endfacet
 facet normal -2.418824e-01 -6.645663e-01  7.069969e-01
   outer loop
     vertex -2.692805e+00 -8.014726e+00  3.980000e+00
     vertex -3.088958e+00 -7.870538e+00  3.980000e+00
     vertex -2.852048e+00 -8.488689e+00  3.480000e+00
   endloop
 endfacet
 facet normal -2.084558e-01 -6.757970e-01  7.069969e-01
   outer loop
     vertex -2.692805e+00 -8.014726e+00  3.980000e+00
     vertex -2.852048e+00 -8.488689e+00  3.480000e+00
     vertex -2.425376e+00 -8.620300e+00  3.480000e+00
   endloop
 endfacet
 facet normal -2.084558e-01 -6.757970e-01  7.069969e-01
   outer loop
     vertex -2.289956e+00 -8.138988e+00  3.980000e+00
     vertex -2.692805e+00 -8.014726e+00  3.980000e+00
     vertex -2.425376e+00 -8.620300e+00  3.480000e+00
   endloop
 endfacet
 facet normal -1.745109e-01 -6.853476e-01  7.069969e-01
   outer loop
     vertex -1.881414e+00 -8.243015e+00  3.980000e+00
     vertex -2.289956e+00 -8.138988e+00  3.980000e+00
     vertex -2.425376e+00 -8.620300e+00  3.480000e+00
   endloop
 endfacet
 facet normal -1.745109e-01 -6.853476e-01  7.069969e-01
   outer loop
     vertex -1.881414e+00 -8.243015e+00  3.980000e+00
     vertex -2.425376e+00 -8.620300e+00  3.480000e+00
     vertex -1.992675e+00 -8.730479e+00  3.480000e+00
   endloop
 endfacet
 facet normal -1.401323e-01 -6.931943e-01  7.069969e-01
   outer loop
     vertex -1.468195e+00 -8.326550e+00  3.980000e+00
     vertex -1.881414e+00 -8.243015e+00  3.980000e+00
     vertex -1.992675e+00 -8.730479e+00  3.480000e+00
   endloop
 endfacet
 facet normal -1.401323e-01 -6.931943e-01  7.069969e-01
   outer loop
     vertex -1.468195e+00 -8.326550e+00  3.980000e+00
     vertex -1.992675e+00 -8.730479e+00  3.480000e+00
     vertex -1.555019e+00 -8.818953e+00  3.480000e+00
   endloop
 endfacet
 facet normal -1.054052e-01 -6.993177e-01  7.069969e-01
   outer loop
     vertex -1.051326e+00 -8.389382e+00  3.980000e+00
     vertex -1.468195e+00 -8.326550e+00  3.980000e+00
     vertex -1.555019e+00 -8.818953e+00  3.480000e+00
   endloop
 endfacet
 facet normal -1.054052e-01 -6.993177e-01  7.069969e-01
   outer loop
     vertex -1.051326e+00 -8.389382e+00  3.980000e+00
     vertex -1.555019e+00 -8.818953e+00  3.480000e+00
     vertex -1.113498e+00 -8.885502e+00  3.480000e+00
   endloop
 endfacet
 facet normal -7.041604e-02 -7.037024e-01  7.069969e-01
   outer loop
     vertex -6.318429e-01 -8.431358e+00  3.980000e+00
     vertex -1.051326e+00 -8.389382e+00  3.980000e+00
     vertex -1.113498e+00 -8.885502e+00  3.480000e+00
   endloop
 endfacet
 facet normal -7.041604e-02 -7.037024e-01  7.069969e-01
   outer loop
     vertex -6.318429e-01 -8.431358e+00  3.980000e+00
     vertex -1.113498e+00 -8.885502e+00  3.480000e+00
     vertex -6.692080e-01 -8.929960e+00  3.480000e+00
   endloop
 endfacet
 facet normal -3.525184e-02 -7.063376e-01  7.069969e-01
   outer loop
     vertex -2.107890e-01 -8.452372e+00  3.980000e+00
     vertex -6.318429e-01 -8.431358e+00  3.980000e+00
     vertex -6.692080e-01 -8.929960e+00  3.480000e+00
   endloop
 endfacet
 facet normal -3.525184e-02 -7.063376e-01  7.069969e-01
   outer loop
     vertex -2.107890e-01 -8.452372e+00  3.980000e+00
     vertex -6.692080e-01 -8.929960e+00  3.480000e+00
     vertex -2.232543e-01 -8.952217e+00  3.480000e+00
   endloop
 endfacet
 facet normal  5.959842e-15 -7.072167e-01  7.069969e-01
   outer loop
     vertex  2.107890e-01 -8.452372e+00  3.980000e+00
     vertex -2.107890e-01 -8.452372e+00  3.980000e+00
     vertex -2.232543e-01 -8.952217e+00  3.480000e+00
   endloop
 endfacet
 facet normal  5.627076e-15 -7.072167e-01  7.069969e-01
   outer loop
     vertex  2.107890e-01 -8.452372e+00  3.980000e+00
     vertex -2.232543e-01 -8.952217e+00  3.480000e+00
     vertex  2.232543e-01 -8.952217e+00  3.480000e+00
   endloop
 endfacet
 facet normal  3.525184e-02 -7.063376e-01  7.069969e-01
   outer loop
     vertex  6.318429e-01 -8.431358e+00  3.980000e+00
     vertex  2.107890e-01 -8.452372e+00  3.980000e+00
     vertex  2.232543e-01 -8.952217e+00  3.480000e+00
   endloop
 endfacet
 facet normal  3.525184e-02 -7.063376e-01  7.069969e-01
   outer loop
     vertex  6.318429e-01 -8.431358e+00  3.980000e+00
     vertex  2.232543e-01 -8.952217e+00  3.480000e+00
     vertex  6.692080e-01 -8.929960e+00  3.480000e+00
   endloop
 endfacet
 facet normal  7.041604e-02 -7.037024e-01  7.069969e-01
   outer loop
     vertex  1.051326e+00 -8.389382e+00  3.980000e+00
     vertex  6.318429e-01 -8.431358e+00  3.980000e+00
     vertex  6.692080e-01 -8.929960e+00  3.480000e+00
   endloop
 endfacet
 facet normal  7.041604e-02 -7.037024e-01  7.069969e-01
   outer loop
     vertex  1.051326e+00 -8.389382e+00  3.980000e+00
     vertex  6.692080e-01 -8.929960e+00  3.480000e+00
     vertex  1.113498e+00 -8.885502e+00  3.480000e+00
   endloop
 endfacet
 facet normal  1.054052e-01 -6.993177e-01  7.069969e-01
   outer loop
     vertex  1.468195e+00 -8.326550e+00  3.980000e+00
     vertex  1.051326e+00 -8.389382e+00  3.980000e+00
     vertex  1.113498e+00 -8.885502e+00  3.480000e+00
   endloop
 endfacet
 facet normal  1.054052e-01 -6.993177e-01  7.069969e-01
   outer loop
     vertex  1.468195e+00 -8.326550e+00  3.980000e+00
     vertex  1.113498e+00 -8.885502e+00  3.480000e+00
     vertex  1.555019e+00 -8.818953e+00  3.480000e+00
   endloop
 endfacet
 facet normal  1.401323e-01 -6.931943e-01  7.069969e-01
   outer loop
     vertex  1.468195e+00 -8.326550e+00  3.980000e+00
     vertex  1.555019e+00 -8.818953e+00  3.480000e+00
     vertex  1.992675e+00 -8.730479e+00  3.480000e+00
   endloop
 endfacet
 facet normal  1.401323e-01 -6.931943e-01  7.069969e-01
   outer loop
     vertex  1.881414e+00 -8.243015e+00  3.980000e+00
     vertex  1.468195e+00 -8.326550e+00  3.980000e+00
     vertex  1.992675e+00 -8.730479e+00  3.480000e+00
   endloop
 endfacet
 facet normal  1.745109e-01 -6.853476e-01  7.069969e-01
   outer loop
     vertex  2.289956e+00 -8.138988e+00  3.980000e+00
     vertex  1.992675e+00 -8.730479e+00  3.480000e+00
     vertex  2.425376e+00 -8.620300e+00  3.480000e+00
   endloop
 endfacet
 facet normal  1.745109e-01 -6.853476e-01  7.069969e-01
   outer loop
     vertex  2.289956e+00 -8.138988e+00  3.980000e+00
     vertex  1.881414e+00 -8.243015e+00  3.980000e+00
     vertex  1.992675e+00 -8.730479e+00  3.480000e+00
   endloop
 endfacet
 facet normal  2.084558e-01 -6.757970e-01  7.069969e-01
   outer loop
     vertex  2.692805e+00 -8.014726e+00  3.980000e+00
     vertex  2.425376e+00 -8.620300e+00  3.480000e+00
     vertex  2.852048e+00 -8.488689e+00  3.480000e+00
   endloop
 endfacet
 facet normal  2.084558e-01 -6.757970e-01  7.069969e-01
   outer loop
     vertex  2.692805e+00 -8.014726e+00  3.980000e+00
     vertex  2.289956e+00 -8.138988e+00  3.980000e+00
     vertex  2.425376e+00 -8.620300e+00  3.480000e+00
   endloop
 endfacet
 facet normal  2.418824e-01 -6.645663e-01  7.069969e-01
   outer loop
     vertex  3.088958e+00 -7.870538e+00  3.980000e+00
     vertex  2.852048e+00 -8.488689e+00  3.480000e+00
     vertex  3.271629e+00 -8.335974e+00  3.480000e+00
   endloop
 endfacet
 facet normal  2.418824e-01 -6.645663e-01  7.069969e-01
   outer loop
     vertex  3.088958e+00 -7.870538e+00  3.980000e+00
     vertex  2.692805e+00 -8.014726e+00  3.980000e+00
     vertex  2.852048e+00 -8.488689e+00  3.480000e+00
   endloop
 endfacet
 facet normal  2.747076e-01 -6.516833e-01  7.069969e-01
   outer loop
     vertex  3.477432e+00 -7.706782e+00  3.980000e+00
     vertex  3.271629e+00 -8.335974e+00  3.480000e+00
     vertex  3.683076e+00 -8.162535e+00  3.480000e+00
   endloop
 endfacet
 facet normal  2.747076e-01 -6.516833e-01  7.069969e-01
   outer loop
     vertex  3.477432e+00 -7.706782e+00  3.980000e+00
     vertex  3.088958e+00 -7.870538e+00  3.980000e+00
     vertex  3.271629e+00 -8.335974e+00  3.480000e+00
   endloop
 endfacet
 facet normal  3.068498e-01 -6.371802e-01  7.069969e-01
   outer loop
     vertex  3.857261e+00 -7.523866e+00  3.980000e+00
     vertex  3.683076e+00 -8.162535e+00  3.480000e+00
     vertex  4.085366e+00 -7.968802e+00  3.480000e+00
   endloop
 endfacet
 facet normal  3.068498e-01 -6.371802e-01  7.069969e-01
   outer loop
     vertex  3.857261e+00 -7.523866e+00  3.980000e+00
     vertex  3.477432e+00 -7.706782e+00  3.980000e+00
     vertex  3.683076e+00 -8.162535e+00  3.480000e+00
   endloop
 endfacet
 facet normal  3.382292e-01 -6.210929e-01  7.069969e-01
   outer loop
     vertex  4.227500e+00 -7.322245e+00  3.980000e+00
     vertex  4.085366e+00 -7.968802e+00  3.480000e+00
     vertex  4.477500e+00 -7.755257e+00  3.480000e+00
   endloop
 endfacet
 facet normal  3.382292e-01 -6.210929e-01  7.069969e-01
   outer loop
     vertex  4.227500e+00 -7.322245e+00  3.980000e+00
     vertex  3.857261e+00 -7.523866e+00  3.980000e+00
     vertex  4.085366e+00 -7.968802e+00  3.480000e+00
   endloop
 endfacet
 facet normal  3.687677e-01 -6.034615e-01  7.069969e-01
   outer loop
     vertex  4.587229e+00 -7.102419e+00  3.980000e+00
     vertex  4.477500e+00 -7.755257e+00  3.480000e+00
     vertex  4.858502e+00 -7.522432e+00  3.480000e+00
   endloop
 endfacet
 facet normal  3.687677e-01 -6.034615e-01  7.069969e-01
   outer loop
     vertex  4.587229e+00 -7.102419e+00  3.980000e+00
     vertex  4.227500e+00 -7.322245e+00  3.980000e+00
     vertex  4.477500e+00 -7.755257e+00  3.480000e+00
   endloop
 endfacet
 facet normal  3.983893e-01 -5.843298e-01  7.069969e-01
   outer loop
     vertex  4.935553e+00 -6.864936e+00  3.980000e+00
     vertex  4.858502e+00 -7.522432e+00  3.480000e+00
     vertex  5.227425e+00 -7.270905e+00  3.480000e+00
   endloop
 endfacet
 facet normal  3.983893e-01 -5.843298e-01  7.069969e-01
   outer loop
     vertex  4.935553e+00 -6.864936e+00  3.980000e+00
     vertex  4.587229e+00 -7.102419e+00  3.980000e+00
     vertex  4.858502e+00 -7.522432e+00  3.480000e+00
   endloop
 endfacet
 facet normal  4.270206e-01 -5.637454e-01  7.069969e-01
   outer loop
     vertex  5.271606e+00 -6.610385e+00  3.980000e+00
     vertex  5.227425e+00 -7.270905e+00  3.480000e+00
     vertex  5.583351e+00 -7.001301e+00  3.480000e+00
   endloop
 endfacet
 facet normal  4.270206e-01 -5.637454e-01  7.069969e-01
   outer loop
     vertex  5.271606e+00 -6.610385e+00  3.980000e+00
     vertex  4.935553e+00 -6.864936e+00  3.980000e+00
     vertex  5.227425e+00 -7.270905e+00  3.480000e+00
   endloop
 endfacet
 facet normal  4.545901e-01 -5.417594e-01  7.069969e-01
   outer loop
     vertex  5.594554e+00 -6.339400e+00  3.980000e+00
     vertex  5.583351e+00 -7.001301e+00  3.480000e+00
     vertex  5.925397e+00 -6.714291e+00  3.480000e+00
   endloop
 endfacet
 facet normal  4.545901e-01 -5.417594e-01  7.069969e-01
   outer loop
     vertex  5.594554e+00 -6.339400e+00  3.980000e+00
     vertex  5.271606e+00 -6.610385e+00  3.980000e+00
     vertex  5.583351e+00 -7.001301e+00  3.480000e+00
   endloop
 endfacet
 facet normal  4.810295e-01 -5.184265e-01  7.069969e-01
   outer loop
     vertex  5.903592e+00 -6.052654e+00  3.980000e+00
     vertex  5.925397e+00 -6.714291e+00  3.480000e+00
     vertex  6.252711e+00 -6.410588e+00  3.480000e+00
   endloop
 endfacet
 facet normal  4.810295e-01 -5.184265e-01  7.069969e-01
   outer loop
     vertex  5.903592e+00 -6.052654e+00  3.980000e+00
     vertex  5.594554e+00 -6.339400e+00  3.980000e+00
     vertex  5.925397e+00 -6.714291e+00  3.480000e+00
   endloop
 endfacet
 facet normal  5.062730e-01 -4.938047e-01  7.069969e-01
   outer loop
     vertex  6.197954e+00 -5.750860e+00  3.980000e+00
     vertex  6.252711e+00 -6.410588e+00  3.480000e+00
     vertex  6.564480e+00 -6.090947e+00  3.480000e+00
   endloop
 endfacet
 facet normal  5.062730e-01 -4.938047e-01  7.069969e-01
   outer loop
     vertex  6.197954e+00 -5.750860e+00  3.980000e+00
     vertex  5.903592e+00 -6.052654e+00  3.980000e+00
     vertex  6.252711e+00 -6.410588e+00  3.480000e+00
   endloop
 endfacet
 facet normal  5.302578e-01 -4.679553e-01  7.069969e-01
   outer loop
     vertex  6.476906e+00 -5.434769e+00  3.980000e+00
     vertex  6.564480e+00 -6.090947e+00  3.480000e+00
     vertex  6.859928e+00 -5.756163e+00  3.480000e+00
   endloop
 endfacet
 facet normal  5.302578e-01 -4.679553e-01  7.069969e-01
   outer loop
     vertex  6.476906e+00 -5.434769e+00  3.980000e+00
     vertex  6.197954e+00 -5.750860e+00  3.980000e+00
     vertex  6.564480e+00 -6.090947e+00  3.480000e+00
   endloop
 endfacet
 facet normal  5.529243e-01 -4.409424e-01  7.069969e-01
   outer loop
     vertex  6.739755e+00 -5.105166e+00  3.980000e+00
     vertex  6.476906e+00 -5.434769e+00  3.980000e+00
     vertex  6.859928e+00 -5.756163e+00  3.480000e+00
   endloop
 endfacet
 facet normal  5.529243e-01 -4.409424e-01  7.069969e-01
   outer loop
     vertex  6.739755e+00 -5.105166e+00  3.980000e+00
     vertex  6.859928e+00 -5.756163e+00  3.480000e+00
     vertex  7.138322e+00 -5.407068e+00  3.480000e+00
   endloop
 endfacet
 facet normal  5.742161e-01 -4.128333e-01  7.069969e-01
   outer loop
     vertex  6.985849e+00 -4.762871e+00  3.980000e+00
     vertex  6.739755e+00 -5.105166e+00  3.980000e+00
     vertex  7.138322e+00 -5.407068e+00  3.480000e+00
   endloop
 endfacet
 facet normal  5.742161e-01 -4.128333e-01  7.069969e-01
   outer loop
     vertex  6.985849e+00 -4.762871e+00  3.980000e+00
     vertex  7.138322e+00 -5.407068e+00  3.480000e+00
     vertex  7.398968e+00 -5.044531e+00  3.480000e+00
   endloop
 endfacet
 facet normal  5.940803e-01 -3.836978e-01  7.069969e-01
   outer loop
     vertex  7.214574e+00 -4.408735e+00  3.980000e+00
     vertex  6.985849e+00 -4.762871e+00  3.980000e+00
     vertex  7.398968e+00 -5.044531e+00  3.480000e+00
   endloop
 endfacet
 facet normal  5.940803e-01 -3.836978e-01  7.069969e-01
   outer loop
     vertex  7.214574e+00 -4.408735e+00  3.980000e+00
     vertex  7.398968e+00 -5.044531e+00  3.480000e+00
     vertex  7.641220e+00 -4.669452e+00  3.480000e+00
   endloop
 endfacet
 facet normal  6.124676e-01 -3.536083e-01  7.069969e-01
   outer loop
     vertex  7.425363e+00 -4.043637e+00  3.980000e+00
     vertex  7.641220e+00 -4.669452e+00  3.480000e+00
     vertex  7.864474e+00 -4.282764e+00  3.480000e+00
   endloop
 endfacet
 facet normal  6.124676e-01 -3.536083e-01  7.069969e-01
   outer loop
     vertex  7.425363e+00 -4.043637e+00  3.980000e+00
     vertex  7.214574e+00 -4.408735e+00  3.980000e+00
     vertex  7.641220e+00 -4.669452e+00  3.480000e+00
   endloop
 endfacet
 facet normal  6.293322e-01 -3.226398e-01  7.069969e-01
   outer loop
     vertex  7.617692e+00 -3.668487e+00  3.980000e+00
     vertex  7.425363e+00 -4.043637e+00  3.980000e+00
     vertex  7.864474e+00 -4.282764e+00  3.480000e+00
   endloop
 endfacet
 facet normal  6.293322e-01 -3.226398e-01  7.069969e-01
   outer loop
     vertex  7.617692e+00 -3.668487e+00  3.980000e+00
     vertex  7.864474e+00 -4.282764e+00  3.480000e+00
     vertex  8.068176e+00 -3.885429e+00  3.480000e+00
   endloop
 endfacet
 facet normal  6.446321e-01 -2.908691e-01  7.069969e-01
   outer loop
     vertex  7.791081e+00 -3.284216e+00  3.980000e+00
     vertex  8.068176e+00 -3.885429e+00  3.480000e+00
     vertex  8.251819e+00 -3.478434e+00  3.480000e+00
   endloop
 endfacet
 facet normal  6.446321e-01 -2.908691e-01  7.069969e-01
   outer loop
     vertex  7.791081e+00 -3.284216e+00  3.980000e+00
     vertex  7.617692e+00 -3.668487e+00  3.980000e+00
     vertex  8.068176e+00 -3.885429e+00  3.480000e+00
   endloop
 endfacet
 facet normal  6.583294e-01 -2.583753e-01  7.069969e-01
   outer loop
     vertex  7.945101e+00 -2.891780e+00  3.980000e+00
     vertex  8.251819e+00 -3.478434e+00  3.480000e+00
     vertex  8.414947e+00 -3.062790e+00  3.480000e+00
   endloop
 endfacet
 facet normal  6.583294e-01 -2.583753e-01  7.069969e-01
   outer loop
     vertex  7.945101e+00 -2.891780e+00  3.980000e+00
     vertex  7.791081e+00 -3.284216e+00  3.980000e+00
     vertex  8.251819e+00 -3.478434e+00  3.480000e+00
   endloop
 endfacet
 facet normal  6.703900e-01 -2.252391e-01  7.069969e-01
   outer loop
     vertex  8.079368e+00 -2.492155e+00  3.980000e+00
     vertex  8.414947e+00 -3.062790e+00  3.480000e+00
     vertex  8.557154e+00 -2.639533e+00  3.480000e+00
   endloop
 endfacet
 facet normal  6.703900e-01 -2.252391e-01  7.069969e-01
   outer loop
     vertex  8.079368e+00 -2.492155e+00  3.980000e+00
     vertex  7.945101e+00 -2.891780e+00  3.980000e+00
     vertex  8.414947e+00 -3.062790e+00  3.480000e+00
   endloop
 endfacet
 facet normal  6.807839e-01 -1.915429e-01  7.069969e-01
   outer loop
     vertex  8.193548e+00 -2.086334e+00  3.980000e+00
     vertex  8.557154e+00 -2.639533e+00  3.480000e+00
     vertex  8.678087e+00 -2.209712e+00  3.480000e+00
   endloop
 endfacet
 facet normal  6.807839e-01 -1.915429e-01  7.069969e-01
   outer loop
     vertex  8.193548e+00 -2.086334e+00  3.980000e+00
     vertex  8.079368e+00 -2.492155e+00  3.980000e+00
     vertex  8.557154e+00 -2.639533e+00  3.480000e+00
   endloop
 endfacet
 facet normal  6.894853e-01 -1.573705e-01  7.069969e-01
   outer loop
     vertex  8.287358e+00 -1.675326e+00  3.980000e+00
     vertex  8.678087e+00 -2.209712e+00  3.480000e+00
     vertex  8.777445e+00 -1.774399e+00  3.480000e+00
   endloop
 endfacet
 facet normal  6.894853e-01 -1.573705e-01  7.069969e-01
   outer loop
     vertex  8.287358e+00 -1.675326e+00  3.980000e+00
     vertex  8.193548e+00 -2.086334e+00  3.980000e+00
     vertex  8.678087e+00 -2.209712e+00  3.480000e+00
   endloop
 endfacet
 facet normal  6.964725e-01 -1.228069e-01  7.069969e-01
   outer loop
     vertex  8.360565e+00 -1.260152e+00  3.980000e+00
     vertex  8.777445e+00 -1.774399e+00  3.480000e+00
     vertex  8.854980e+00 -1.334673e+00  3.480000e+00
   endloop
 endfacet
 facet normal  6.964725e-01 -1.228069e-01  7.069969e-01
   outer loop
     vertex  8.360565e+00 -1.260152e+00  3.980000e+00
     vertex  8.287358e+00 -1.675326e+00  3.980000e+00
     vertex  8.777445e+00 -1.774399e+00  3.480000e+00
   endloop
 endfacet
 facet normal  7.017281e-01 -8.793794e-02  7.069969e-01
   outer loop
     vertex  8.412985e+00 -8.418461e-01  3.980000e+00
     vertex  8.854980e+00 -1.334673e+00  3.480000e+00
     vertex  8.910501e+00 -8.916301e-01  3.480000e+00
   endloop
 endfacet
 facet normal  7.017281e-01 -8.793794e-02  7.069969e-01
   outer loop
     vertex  8.412985e+00 -8.418461e-01  3.980000e+00
     vertex  8.360565e+00 -1.260152e+00  3.980000e+00
     vertex  8.854980e+00 -1.334673e+00  3.480000e+00
   endloop
 endfacet
 facet normal  7.052392e-01 -5.285037e-02  7.069969e-01
   outer loop
     vertex  8.444490e+00 -4.214470e-01  3.980000e+00
     vertex  8.910501e+00 -8.916301e-01  3.480000e+00
     vertex  8.943868e+00 -4.463699e-01  3.480000e+00
   endloop
 endfacet
 facet normal  7.052392e-01 -5.285037e-02  7.069969e-01
   outer loop
     vertex  8.444490e+00 -4.214470e-01  3.980000e+00
     vertex  8.412985e+00 -8.418461e-01  3.980000e+00
     vertex  8.910501e+00 -8.916301e-01  3.480000e+00
   endloop
 endfacet
 facet normal  7.069969e-01 -1.763140e-02  7.069969e-01
   outer loop
     vertex  8.455000e+00  0.000000e+00  3.980000e+00
     vertex  8.943868e+00 -4.463699e-01  3.480000e+00
     vertex  8.955000e+00  0.000000e+00  3.480000e+00
   endloop
 endfacet
 facet normal  7.069969e-01 -1.763140e-02  7.069969e-01
   outer loop
     vertex  8.455000e+00  0.000000e+00  3.980000e+00
     vertex  8.444490e+00 -4.214470e-01  3.980000e+00
     vertex  8.943868e+00 -4.463699e-01  3.480000e+00
   endloop
 endfacet
 facet normal  0.000000e+00  0.000000e+00 -1.000000e+00
   outer loop
     vertex -3.822847e+00 -3.919371e+00  0.000000e+00
     vertex -5.594554e+00 -6.339400e+00  0.000000e+00
     vertex -5.903592e+00 -6.052654e+00  0.000000e+00
   endloop
 endfacet
 facet normal  0.000000e+00  0.000000e+00 -1.000000e+00
   outer loop
     vertex -4.013459e+00 -3.723946e+00  0.000000e+00
     vertex -5.903592e+00 -6.052654e+00  0.000000e+00
     vertex -6.197954e+00 -5.750860e+00  0.000000e+00
   endloop
 endfacet
 facet normal  0.000000e+00 -0.000000e+00 -1.000000e+00
   outer loop
     vertex -4.013459e+00 -3.723946e+00  0.000000e+00
     vertex -3.822847e+00 -3.919371e+00  0.000000e+00
     vertex -5.903592e+00 -6.052654e+00  0.000000e+00
   endloop
 endfacet
 facet normal  0.000000e+00  0.000000e+00 -1.000000e+00
   outer loop
     vertex -3.622730e+00 -4.105052e+00  0.000000e+00
     vertex -5.271606e+00 -6.610385e+00  0.000000e+00
     vertex -5.594554e+00 -6.339400e+00  0.000000e+00
   endloop
 endfacet
 facet normal -0.000000e+00  0.000000e+00 -1.000000e+00
   outer loop
     vertex -3.622730e+00 -4.105052e+00  0.000000e+00
     vertex -5.594554e+00 -6.339400e+00  0.000000e+00
     vertex -3.822847e+00 -3.919371e+00  0.000000e+00
   endloop
 endfacet
 facet normal  0.000000e+00 -0.000000e+00 -1.000000e+00
   outer loop
     vertex -4.194093e+00 -3.519262e+00  0.000000e+00
     vertex -4.013459e+00 -3.723946e+00  0.000000e+00
     vertex -6.197954e+00 -5.750860e+00  0.000000e+00
   endloop
 endfacet
 facet normal  0.000000e+00  0.000000e+00 -1.000000e+00
   outer loop
     vertex -4.194093e+00 -3.519262e+00  0.000000e+00
     vertex -6.197954e+00 -5.750860e+00  0.000000e+00
     vertex -6.476906e+00 -5.434769e+00  0.000000e+00
   endloop
 endfacet
 facet normal -0.000000e+00  0.000000e+00 -1.000000e+00
   outer loop
     vertex -3.413607e+00 -4.280527e+00  0.000000e+00
     vertex -5.271606e+00 -6.610385e+00  0.000000e+00
     vertex -3.622730e+00 -4.105052e+00  0.000000e+00
   endloop
 endfacet
 facet normal  0.000000e+00  0.000000e+00 -1.000000e+00
   outer loop
     vertex -3.413607e+00 -4.280527e+00  0.000000e+00
     vertex -4.935553e+00 -6.864936e+00  0.000000e+00
     vertex -5.271606e+00 -6.610385e+00  0.000000e+00
   endloop
 endfacet
 facet normal  0.000000e+00 -0.000000e+00 -1.000000e+00
   outer loop
     vertex -4.364300e+00 -3.305829e+00  0.000000e+00
     vertex -4.194093e+00 -3.519262e+00  0.000000e+00
     vertex -6.476906e+00 -5.434769e+00  0.000000e+00
   endloop
 endfacet
 facet normal  0.000000e+00  0.000000e+00 -1.000000e+00
   outer loop
     vertex -4.364300e+00 -3.305829e+00  0.000000e+00
     vertex -6.476906e+00 -5.434769e+00  0.000000e+00
     vertex -6.739755e+00 -5.105166e+00  0.000000e+00
   endloop
 endfacet
 facet normal -0.000000e+00  0.000000e+00 -1.000000e+00
   outer loop
     vertex -3.195997e+00 -4.445361e+00  0.000000e+00
     vertex -4.935553e+00 -6.864936e+00  0.000000e+00
     vertex -3.413607e+00 -4.280527e+00  0.000000e+00
   endloop
 endfacet
 facet normal  0.000000e+00 -0.000000e+00 -1.000000e+00
   outer loop
     vertex -4.523657e+00 -3.084177e+00  0.000000e+00
     vertex -4.364300e+00 -3.305829e+00  0.000000e+00
     vertex -6.739755e+00 -5.105166e+00  0.000000e+00
   endloop
 endfacet
 facet normal  0.000000e+00  0.000000e+00 -1.000000e+00
   outer loop
     vertex -4.523657e+00 -3.084177e+00  0.000000e+00
     vertex -6.739755e+00 -5.105166e+00  0.000000e+00
     vertex -6.985849e+00 -4.762871e+00  0.000000e+00
   endloop
 endfacet
 facet normal -0.000000e+00  0.000000e+00 -1.000000e+00
   outer loop
     vertex -2.970441e+00 -4.599142e+00  0.000000e+00
     vertex -4.935553e+00 -6.864936e+00  0.000000e+00
     vertex -3.195997e+00 -4.445361e+00  0.000000e+00
   endloop
 endfacet
 facet normal  0.000000e+00  0.000000e+00 -1.000000e+00
   outer loop
     vertex -2.970441e+00 -4.599142e+00  0.000000e+00
     vertex -4.587229e+00 -7.102419e+00  0.000000e+00
     vertex -4.935553e+00 -6.864936e+00  0.000000e+00
   endloop
 endfacet
 facet normal  0.000000e+00  0.000000e+00 -1.000000e+00
   outer loop
     vertex -2.970441e+00 -4.599142e+00  0.000000e+00
     vertex -4.227500e+00 -7.322245e+00  0.000000e+00
     vertex -4.587229e+00 -7.102419e+00  0.000000e+00
   endloop
 endfacet
 facet normal  0.000000e+00 -0.000000e+00 -1.000000e+00
   outer loop
     vertex -4.671768e+00 -2.854858e+00  0.000000e+00
     vertex -4.523657e+00 -3.084177e+00  0.000000e+00
     vertex -6.985849e+00 -4.762871e+00  0.000000e+00
   endloop
 endfacet
 facet normal  0.000000e+00  0.000000e+00 -1.000000e+00
   outer loop
     vertex -4.671768e+00 -2.854858e+00  0.000000e+00
     vertex -6.985849e+00 -4.762871e+00  0.000000e+00
     vertex -7.214574e+00 -4.408735e+00  0.000000e+00
   endloop
 endfacet
 facet normal -0.000000e+00  0.000000e+00 -1.000000e+00
   outer loop
     vertex -2.737500e+00 -4.741489e+00  0.000000e+00
     vertex -4.227500e+00 -7.322245e+00  0.000000e+00
     vertex -2.970441e+00 -4.599142e+00  0.000000e+00
   endloop
 endfacet
 facet normal  0.000000e+00  0.000000e+00 -1.000000e+00
   outer loop
     vertex -2.737500e+00 -4.741489e+00  0.000000e+00
     vertex -3.857261e+00 -7.523866e+00  0.000000e+00
     vertex -4.227500e+00 -7.322245e+00  0.000000e+00
   endloop
 endfacet
 facet normal  0.000000e+00 -0.000000e+00 -1.000000e+00
   outer loop
     vertex -4.808263e+00 -2.618441e+00  0.000000e+00
     vertex -4.671768e+00 -2.854858e+00  0.000000e+00
     vertex -7.214574e+00 -4.408735e+00  0.000000e+00
   endloop
 endfacet
 facet normal  0.000000e+00  0.000000e+00 -1.000000e+00
   outer loop
     vertex -4.808263e+00 -2.618441e+00  0.000000e+00
     vertex -7.214574e+00 -4.408735e+00  0.000000e+00
     vertex -7.425363e+00 -4.043637e+00  0.000000e+00
   endloop
 endfacet
 facet normal -0.000000e+00  0.000000e+00 -1.000000e+00
   outer loop
     vertex -2.497753e+00 -4.872048e+00  0.000000e+00
     vertex -3.857261e+00 -7.523866e+00  0.000000e+00
     vertex -2.737500e+00 -4.741489e+00  0.000000e+00
   endloop
 endfacet
 facet normal  0.000000e+00  0.000000e+00 -1.000000e+00
   outer loop
     vertex -2.497753e+00 -4.872048e+00  0.000000e+00
     vertex -3.477432e+00 -7.706782e+00  0.000000e+00
     vertex -3.857261e+00 -7.523866e+00  0.000000e+00
   endloop
 endfacet
 facet normal  0.000000e+00 -0.000000e+00 -1.000000e+00
   outer loop
     vertex -4.932805e+00 -2.375513e+00  0.000000e+00
     vertex -4.808263e+00 -2.618441e+00  0.000000e+00
     vertex -7.425363e+00 -4.043637e+00  0.000000e+00
   endloop
 endfacet
 facet normal  0.000000e+00  0.000000e+00 -1.000000e+00
   outer loop
     vertex -4.932805e+00 -2.375513e+00  0.000000e+00
     vertex -7.425363e+00 -4.043637e+00  0.000000e+00
     vertex -7.617692e+00 -3.668487e+00  0.000000e+00
   endloop
 endfacet
 facet normal -0.000000e+00  0.000000e+00 -1.000000e+00
   outer loop
     vertex -2.251797e+00 -4.990495e+00  0.000000e+00
     vertex -3.477432e+00 -7.706782e+00  0.000000e+00
     vertex -2.497753e+00 -4.872048e+00  0.000000e+00
   endloop
 endfacet
 facet normal  0.000000e+00  0.000000e+00 -1.000000e+00
   outer loop
     vertex -2.251797e+00 -4.990495e+00  0.000000e+00
     vertex -3.088958e+00 -7.870538e+00  0.000000e+00
     vertex -3.477432e+00 -7.706782e+00  0.000000e+00
   endloop
 endfacet
 facet normal  0.000000e+00 -0.000000e+00 -1.000000e+00
   outer loop
     vertex -5.045082e+00 -2.126681e+00  0.000000e+00
     vertex -4.932805e+00 -2.375513e+00  0.000000e+00
     vertex -7.617692e+00 -3.668487e+00  0.000000e+00
   endloop
 endfacet
 facet normal  0.000000e+00  0.000000e+00 -1.000000e+00
   outer loop
     vertex -5.045082e+00 -2.126681e+00  0.000000e+00
     vertex -7.617692e+00 -3.668487e+00  0.000000e+00
     vertex -7.791081e+00 -3.284216e+00  0.000000e+00
   endloop
 endfacet
 facet normal -0.000000e+00  0.000000e+00 -1.000000e+00
   outer loop
     vertex -2.000242e+00 -5.096534e+00  0.000000e+00
     vertex -3.088958e+00 -7.870538e+00  0.000000e+00
     vertex -2.251797e+00 -4.990495e+00  0.000000e+00
   endloop
 endfacet
 facet normal  0.000000e+00  0.000000e+00 -1.000000e+00
   outer loop
     vertex -2.000242e+00 -5.096534e+00  0.000000e+00
     vertex -2.692805e+00 -8.014726e+00  0.000000e+00
     vertex -3.088958e+00 -7.870538e+00  0.000000e+00
   endloop
 endfacet
 facet normal  0.000000e+00 -0.000000e+00 -1.000000e+00
   outer loop
     vertex -5.144817e+00 -1.872560e+00  0.000000e+00
     vertex -5.045082e+00 -2.126681e+00  0.000000e+00
     vertex -7.791081e+00 -3.284216e+00  0.000000e+00
   endloop
 endfacet
 facet normal  0.000000e+00  0.000000e+00 -1.000000e+00
   outer loop
     vertex -5.144817e+00 -1.872560e+00  0.000000e+00
     vertex -7.945101e+00 -2.891780e+00  0.000000e+00
     vertex -8.079368e+00 -2.492155e+00  0.000000e+00
   endloop
 endfacet
 facet normal  0.000000e+00  0.000000e+00 -1.000000e+00
   outer loop
     vertex -5.144817e+00 -1.872560e+00  0.000000e+00
     vertex -7.791081e+00 -3.284216e+00  0.000000e+00
     vertex -7.945101e+00 -2.891780e+00  0.000000e+00
   endloop
 endfacet
 facet normal -0.000000e+00  0.000000e+00 -1.000000e+00
   outer loop
     vertex -1.743714e+00 -5.189902e+00  0.000000e+00
     vertex -2.692805e+00 -8.014726e+00  0.000000e+00
     vertex -2.000242e+00 -5.096534e+00  0.000000e+00
   endloop
 endfacet
 facet normal  0.000000e+00  0.000000e+00 -1.000000e+00
   outer loop
     vertex -1.743714e+00 -5.189902e+00  0.000000e+00
     vertex -2.289956e+00 -8.138988e+00  0.000000e+00
     vertex -2.692805e+00 -8.014726e+00  0.000000e+00
   endloop
 endfacet
 facet normal  0.000000e+00 -0.000000e+00 -1.000000e+00
   outer loop
     vertex -5.231761e+00 -1.613785e+00  0.000000e+00
     vertex -5.144817e+00 -1.872560e+00  0.000000e+00
     vertex -8.079368e+00 -2.492155e+00  0.000000e+00
   endloop
 endfacet
 facet normal -0.000000e+00  0.000000e+00 -1.000000e+00
   outer loop
     vertex -1.482852e+00 -5.270368e+00  0.000000e+00
     vertex -2.289956e+00 -8.138988e+00  0.000000e+00
     vertex -1.743714e+00 -5.189902e+00  0.000000e+00
   endloop
 endfacet
 facet normal  0.000000e+00  0.000000e+00 -1.000000e+00
   outer loop
     vertex -1.482852e+00 -5.270368e+00  0.000000e+00
     vertex -1.881414e+00 -8.243015e+00  0.000000e+00
     vertex -2.289956e+00 -8.138988e+00  0.000000e+00
   endloop
 endfacet
 facet normal  0.000000e+00 -0.000000e+00 -1.000000e+00
   outer loop
     vertex -5.305698e+00 -1.350997e+00  0.000000e+00
     vertex -5.231761e+00 -1.613785e+00  0.000000e+00
     vertex -8.079368e+00 -2.492155e+00  0.000000e+00
   endloop
 endfacet
 facet normal  0.000000e+00  0.000000e+00 -1.000000e+00
   outer loop
     vertex -5.305698e+00 -1.350997e+00  0.000000e+00
     vertex -8.079368e+00 -2.492155e+00  0.000000e+00
     vertex -8.193548e+00 -2.086334e+00  0.000000e+00
   endloop
 endfacet
 facet normal -0.000000e+00  0.000000e+00 -1.000000e+00
   outer loop
     vertex -1.218302e+00 -5.337730e+00  0.000000e+00
     vertex -1.881414e+00 -8.243015e+00  0.000000e+00
     vertex -1.482852e+00 -5.270368e+00  0.000000e+00
   endloop
 endfacet
 facet normal  0.000000e+00  0.000000e+00 -1.000000e+00
   outer loop
     vertex -1.218302e+00 -5.337730e+00  0.000000e+00
     vertex -1.468195e+00 -8.326550e+00  0.000000e+00
     vertex -1.881414e+00 -8.243015e+00  0.000000e+00
   endloop
 endfacet
 facet normal  0.000000e+00  0.000000e+00 -1.000000e+00
   outer loop
     vertex -5.366444e+00 -1.084850e+00  0.000000e+00
     vertex -8.193548e+00 -2.086334e+00  0.000000e+00
     vertex -8.287358e+00 -1.675326e+00  0.000000e+00
   endloop
 endfacet
 facet normal  0.000000e+00 -0.000000e+00 -1.000000e+00
   outer loop
     vertex -5.366444e+00 -1.084850e+00  0.000000e+00
     vertex -5.305698e+00 -1.350997e+00  0.000000e+00
     vertex -8.193548e+00 -2.086334e+00  0.000000e+00
   endloop
 endfacet
 facet normal -0.000000e+00  0.000000e+00 -1.000000e+00
   outer loop
     vertex -9.507238e-01 -5.391822e+00  0.000000e+00
     vertex -1.468195e+00 -8.326550e+00  0.000000e+00
     vertex -1.218302e+00 -5.337730e+00  0.000000e+00
   endloop
 endfacet
 facet normal  0.000000e+00  0.000000e+00 -1.000000e+00
   outer loop
     vertex -9.507238e-01 -5.391822e+00  0.000000e+00
     vertex -1.051326e+00 -8.389382e+00  0.000000e+00
     vertex -1.468195e+00 -8.326550e+00  0.000000e+00
   endloop
 endfacet
 facet normal  0.000000e+00  0.000000e+00 -1.000000e+00
   outer loop
     vertex -5.413849e+00 -8.160064e-01  0.000000e+00
     vertex -8.360565e+00 -1.260152e+00  0.000000e+00
     vertex -8.412985e+00 -8.418461e-01  0.000000e+00
   endloop
 endfacet
 facet normal  0.000000e+00  0.000000e+00 -1.000000e+00
   outer loop
     vertex -5.413849e+00 -8.160064e-01  0.000000e+00
     vertex -8.287358e+00 -1.675326e+00  0.000000e+00
     vertex -8.360565e+00 -1.260152e+00  0.000000e+00
   endloop
 endfacet
 facet normal  0.000000e+00 -0.000000e+00 -1.000000e+00
   outer loop
     vertex -5.413849e+00 -8.160064e-01  0.000000e+00
     vertex -5.366444e+00 -1.084850e+00  0.000000e+00
     vertex -8.287358e+00 -1.675326e+00  0.000000e+00
   endloop
 endfacet
 facet normal -0.000000e+00  0.000000e+00 -1.000000e+00
   outer loop
     vertex -6.807818e-01 -5.432510e+00  0.000000e+00
     vertex -1.051326e+00 -8.389382e+00  0.000000e+00
     vertex -9.507238e-01 -5.391822e+00  0.000000e+00
   endloop
 endfacet
 facet normal  0.000000e+00 -0.000000e+00 -1.000000e+00
   outer loop
     vertex -6.807818e-01 -5.432510e+00  0.000000e+00
     vertex -6.318429e-01 -8.431358e+00  0.000000e+00
     vertex -1.051326e+00 -8.389382e+00  0.000000e+00
   endloop
 endfacet
 facet normal  0.000000e+00 -0.000000e+00 -1.000000e+00
   outer loop
     vertex -5.447793e+00 -5.451340e-01  0.000000e+00
     vertex -5.413849e+00 -8.160064e-01  0.000000e+00
     vertex -8.412985e+00 -8.418461e-01  0.000000e+00
   endloop
 endfacet
 facet normal -0.000000e+00  0.000000e+00 -1.000000e+00
   outer loop
     vertex -5.447793e+00 -5.451340e-01  0.000000e+00
     vertex -8.412985e+00 -8.418461e-01  0.000000e+00
     vertex -8.444490e+00 -4.214470e-01  0.000000e+00
   endloop
 endfacet
 facet normal -0.000000e+00  0.000000e+00 -1.000000e+00
   outer loop
     vertex -4.091473e-01 -5.459691e+00  0.000000e+00
     vertex -6.318429e-01 -8.431358e+00  0.000000e+00
     vertex -6.807818e-01 -5.432510e+00  0.000000e+00
   endloop
 endfacet
 facet normal  0.000000e+00 -0.000000e+00 -1.000000e+00
   outer loop
     vertex -4.091473e-01 -5.459691e+00  0.000000e+00
     vertex -2.107890e-01 -8.452372e+00  0.000000e+00
     vertex -6.318429e-01 -8.431358e+00  0.000000e+00
   endloop
 endfacet
 facet normal  0.000000e+00 -0.000000e+00 -1.000000e+00
   outer loop
     vertex -5.468194e+00 -2.729062e-01  0.000000e+00
     vertex -5.447793e+00 -5.451340e-01  0.000000e+00
     vertex -8.444490e+00 -4.214470e-01  0.000000e+00
   endloop
 endfacet
 facet normal -0.000000e+00  0.000000e+00 -1.000000e+00
   outer loop
     vertex -1.364955e-01 -5.473298e+00  0.000000e+00
     vertex -2.107890e-01 -8.452372e+00  0.000000e+00
     vertex -4.091473e-01 -5.459691e+00  0.000000e+00
   endloop
 endfacet
 facet normal  0.000000e+00 -0.000000e+00 -1.000000e+00
   outer loop
     vertex -1.364955e-01 -5.473298e+00  0.000000e+00
     vertex  2.107890e-01 -8.452372e+00  0.000000e+00
     vertex -2.107890e-01 -8.452372e+00  0.000000e+00
   endloop
 endfacet
 facet normal  0.000000e+00  0.000000e+00 -1.000000e+00
   outer loop
     vertex -5.475000e+00 -1.818552e-14  0.000000e+00
     vertex -8.444490e+00 -4.214470e-01  0.000000e+00
     vertex -8.455000e+00 -2.900276e-14  0.000000e+00
   endloop
 endfacet
 facet normal  0.000000e+00 -0.000000e+00 -1.000000e+00
   outer loop
     vertex -5.475000e+00 -1.818552e-14  0.000000e+00
     vertex -5.468194e+00 -2.729062e-01  0.000000e+00
     vertex -8.444490e+00 -4.214470e-01  0.000000e+00
   endloop
 endfacet
 facet normal  0.000000e+00 -0.000000e+00 -1.000000e+00
   outer loop
     vertex  1.364955e-01 -5.473298e+00  0.000000e+00
     vertex  2.107890e-01 -8.452372e+00  0.000000e+00
     vertex -1.364955e-01 -5.473298e+00  0.000000e+00
   endloop
 endfacet
 facet normal  0.000000e+00  0.000000e+00 -1.000000e+00
   outer loop
     vertex  1.364955e-01 -5.473298e+00  0.000000e+00
     vertex  6.318429e-01 -8.431358e+00  0.000000e+00
     vertex  2.107890e-01 -8.452372e+00  0.000000e+00
   endloop
 endfacet
 facet normal -0.000000e+00  0.000000e+00 -1.000000e+00
   outer loop
     vertex -5.468194e+00  2.729062e-01  0.000000e+00
     vertex -8.455000e+00 -2.900276e-14  0.000000e+00
     vertex -8.444490e+00  4.214470e-01  0.000000e+00
   endloop
 endfacet
 facet normal  0.000000e+00  0.000000e+00 -1.000000e+00
   outer loop
     vertex -5.468194e+00  2.729062e-01  0.000000e+00
     vertex -5.475000e+00 -1.818552e-14  0.000000e+00
     vertex -8.455000e+00 -2.900276e-14  0.000000e+00
   endloop
 endfacet
 facet normal  0.000000e+00 -0.000000e+00 -1.000000e+00
   outer loop
     vertex  4.091473e-01 -5.459691e+00  0.000000e+00
     vertex  6.318429e-01 -8.431358e+00  0.000000e+00
     vertex  1.364955e-01 -5.473298e+00  0.000000e+00
   endloop
 endfacet
 facet normal  0.000000e+00  0.000000e+00 -1.000000e+00
   outer loop
     vertex -5.447793e+00  5.451340e-01  0.000000e+00
     vertex -5.468194e+00  2.729062e-01  0.000000e+00
     vertex -8.444490e+00  4.214470e-01  0.000000e+00
   endloop
 endfacet
 facet normal  0.000000e+00  0.000000e+00 -1.000000e+00
   outer loop
     vertex -5.447793e+00  5.451340e-01  0.000000e+00
     vertex -8.412985e+00  8.418461e-01  0.000000e+00
     vertex -8.360565e+00  1.260152e+00  0.000000e+00
   endloop
 endfacet
 facet normal -0.000000e+00  0.000000e+00 -1.000000e+00
   outer loop
     vertex -5.447793e+00  5.451340e-01  0.000000e+00
     vertex -8.444490e+00  4.214470e-01  0.000000e+00
     vertex -8.412985e+00  8.418461e-01  0.000000e+00
   endloop
 endfacet
 facet normal  0.000000e+00  0.000000e+00 -1.000000e+00
   outer loop
     vertex  6.807818e-01 -5.432510e+00  0.000000e+00
     vertex  6.318429e-01 -8.431358e+00  0.000000e+00
     vertex  4.091473e-01 -5.459691e+00  0.000000e+00
   endloop
 endfacet
 facet normal  0.000000e+00 -0.000000e+00 -1.000000e+00
   outer loop
     vertex  6.807818e-01 -5.432510e+00  0.000000e+00
     vertex  1.051326e+00 -8.389382e+00  0.000000e+00
     vertex  6.318429e-01 -8.431358e+00  0.000000e+00
   endloop
 endfacet
 facet normal  0.000000e+00  0.000000e+00 -1.000000e+00
   outer loop
     vertex  6.807818e-01 -5.432510e+00  0.000000e+00
     vertex  1.468195e+00 -8.326550e+00  0.000000e+00
     vertex  1.051326e+00 -8.389382e+00  0.000000e+00
   endloop
 endfacet
 facet normal -0.000000e+00  0.000000e+00 -1.000000e+00
   outer loop
     vertex -5.413849e+00  8.160064e-01  0.000000e+00
     vertex -5.447793e+00  5.451340e-01  0.000000e+00
     vertex -8.360565e+00  1.260152e+00  0.000000e+00
   endloop
 endfacet
 facet normal  0.000000e+00 -0.000000e+00 -1.000000e+00
   outer loop
     vertex  9.507238e-01 -5.391822e+00  0.000000e+00
     vertex  1.468195e+00 -8.326550e+00  0.000000e+00
     vertex  6.807818e-01 -5.432510e+00  0.000000e+00
   endloop
 endfacet
 facet normal  0.000000e+00  0.000000e+00 -1.000000e+00
   outer loop
     vertex  9.507238e-01 -5.391822e+00  0.000000e+00
     vertex  1.881414e+00 -8.243015e+00  0.000000e+00
     vertex  1.468195e+00 -8.326550e+00  0.000000e+00
   endloop
 endfacet
 facet normal  0.000000e+00  0.000000e+00 -1.000000e+00
   outer loop
     vertex -5.366444e+00  1.084850e+00  0.000000e+00
     vertex -8.360565e+00  1.260152e+00  0.000000e+00
     vertex -8.287358e+00  1.675326e+00  0.000000e+00
   endloop
 endfacet
 facet normal -0.000000e+00  0.000000e+00 -1.000000e+00
   outer loop
     vertex -5.366444e+00  1.084850e+00  0.000000e+00
     vertex -5.413849e+00  8.160064e-01  0.000000e+00
     vertex -8.360565e+00  1.260152e+00  0.000000e+00
   endloop
 endfacet
 facet normal  0.000000e+00 -0.000000e+00 -1.000000e+00
   outer loop
     vertex  1.218302e+00 -5.337730e+00  0.000000e+00
     vertex  1.881414e+00 -8.243015e+00  0.000000e+00
     vertex  9.507238e-01 -5.391822e+00  0.000000e+00
   endloop
 endfacet
 facet normal  0.000000e+00  0.000000e+00 -1.000000e+00
   outer loop
     vertex  1.218302e+00 -5.337730e+00  0.000000e+00
     vertex  2.289956e+00 -8.138988e+00  0.000000e+00
     vertex  1.881414e+00 -8.243015e+00  0.000000e+00
   endloop
 endfacet
 facet normal -0.000000e+00  0.000000e+00 -1.000000e+00
   outer loop
     vertex -5.305698e+00  1.350997e+00  0.000000e+00
     vertex -5.366444e+00  1.084850e+00  0.000000e+00
     vertex -8.287358e+00  1.675326e+00  0.000000e+00
   endloop
 endfacet
 facet normal  0.000000e+00  0.000000e+00 -1.000000e+00
   outer loop
     vertex -5.305698e+00  1.350997e+00  0.000000e+00
     vertex -8.287358e+00  1.675326e+00  0.000000e+00
     vertex -8.193548e+00  2.086334e+00  0.000000e+00
   endloop
 endfacet
 facet normal  0.000000e+00  0.000000e+00 -1.000000e+00
   outer loop
     vertex  1.482852e+00 -5.270368e+00  0.000000e+00
     vertex  2.692805e+00 -8.014726e+00  0.000000e+00
     vertex  2.289956e+00 -8.138988e+00  0.000000e+00
   endloop
 endfacet
 facet normal  0.000000e+00 -0.000000e+00 -1.000000e+00
   outer loop
     vertex  1.482852e+00 -5.270368e+00  0.000000e+00
     vertex  2.289956e+00 -8.138988e+00  0.000000e+00
     vertex  1.218302e+00 -5.337730e+00  0.000000e+00
   endloop
 endfacet
 facet normal -0.000000e+00  0.000000e+00 -1.000000e+00
   outer loop
     vertex -5.231761e+00  1.613785e+00  0.000000e+00
     vertex -5.305698e+00  1.350997e+00  0.000000e+00
     vertex -8.193548e+00  2.086334e+00  0.000000e+00
   endloop
 endfacet
 facet normal  0.000000e+00  0.000000e+00 -1.000000e+00
   outer loop
     vertex -5.231761e+00  1.613785e+00  0.000000e+00
     vertex -8.193548e+00  2.086334e+00  0.000000e+00
     vertex -8.079368e+00  2.492155e+00  0.000000e+00
   endloop
 endfacet
 facet normal  0.000000e+00 -0.000000e+00 -1.000000e+00
   outer loop
     vertex  1.743714e+00 -5.189902e+00  0.000000e+00
     vertex  2.692805e+00 -8.014726e+00  0.000000e+00
     vertex  1.482852e+00 -5.270368e+00  0.000000e+00
   endloop
 endfacet
 facet normal -0.000000e+00  0.000000e+00 -1.000000e+00
   outer loop
     vertex -5.144817e+00  1.872560e+00  0.000000e+00
     vertex -5.231761e+00  1.613785e+00  0.000000e+00
     vertex -8.079368e+00  2.492155e+00  0.000000e+00
   endloop
 endfacet
 facet normal  0.000000e+00  0.000000e+00 -1.000000e+00
   outer loop
     vertex -5.144817e+00  1.872560e+00  0.000000e+00
     vertex -8.079368e+00  2.492155e+00  0.000000e+00
     vertex -7.945101e+00  2.891780e+00  0.000000e+00
   endloop
 endfacet
 facet normal  0.000000e+00  0.000000e+00 -1.000000e+00
   outer loop
     vertex  2.000242e+00 -5.096534e+00  0.000000e+00
     vertex  3.088958e+00 -7.870538e+00  0.000000e+00
     vertex  2.692805e+00 -8.014726e+00  0.000000e+00
   endloop
 endfacet
 facet normal  0.000000e+00  0.000000e+00 -1.000000e+00
   outer loop
     vertex  2.000242e+00 -5.096534e+00  0.000000e+00
     vertex  3.477432e+00 -7.706782e+00  0.000000e+00
     vertex  3.088958e+00 -7.870538e+00  0.000000e+00
   endloop
 endfacet
 facet normal  0.000000e+00 -0.000000e+00 -1.000000e+00
   outer loop
     vertex  2.000242e+00 -5.096534e+00  0.000000e+00
     vertex  2.692805e+00 -8.014726e+00  0.000000e+00
     vertex  1.743714e+00 -5.189902e+00  0.000000e+00
   endloop
 endfacet
 facet normal -0.000000e+00  0.000000e+00 -1.000000e+00
   outer loop
     vertex -5.045082e+00  2.126681e+00  0.000000e+00
     vertex -5.144817e+00  1.872560e+00  0.000000e+00
     vertex -7.945101e+00  2.891780e+00  0.000000e+00
   endloop
 endfacet
 facet normal  0.000000e+00  0.000000e+00 -1.000000e+00
   outer loop
     vertex -5.045082e+00  2.126681e+00  0.000000e+00
     vertex -7.945101e+00  2.891780e+00  0.000000e+00
     vertex -7.791081e+00  3.284216e+00  0.000000e+00
   endloop
 endfacet
 facet normal  0.000000e+00  0.000000e+00 -1.000000e+00
   outer loop
     vertex  2.251797e+00 -4.990495e+00  0.000000e+00
     vertex  3.857261e+00 -7.523866e+00  0.000000e+00
     vertex  3.477432e+00 -7.706782e+00  0.000000e+00
   endloop
 endfacet
 facet normal  0.000000e+00 -0.000000e+00 -1.000000e+00
   outer loop
     vertex  2.251797e+00 -4.990495e+00  0.000000e+00
     vertex  3.477432e+00 -7.706782e+00  0.000000e+00
     vertex  2.000242e+00 -5.096534e+00  0.000000e+00
   endloop
 endfacet
 facet normal -0.000000e+00  0.000000e+00 -1.000000e+00
   outer loop
     vertex -4.932805e+00  2.375513e+00  0.000000e+00
     vertex -5.045082e+00  2.126681e+00  0.000000e+00
     vertex -7.791081e+00  3.284216e+00  0.000000e+00
   endloop
 endfacet
 facet normal  0.000000e+00  0.000000e+00 -1.000000e+00
   outer loop
     vertex -4.932805e+00  2.375513e+00  0.000000e+00
     vertex -7.791081e+00  3.284216e+00  0.000000e+00
     vertex -7.617692e+00  3.668487e+00  0.000000e+00
   endloop
 endfacet
 facet normal  0.000000e+00 -0.000000e+00 -1.000000e+00
   outer loop
     vertex  2.497753e+00 -4.872048e+00  0.000000e+00
     vertex  3.857261e+00 -7.523866e+00  0.000000e+00
     vertex  2.251797e+00 -4.990495e+00  0.000000e+00
   endloop
 endfacet
 facet normal -0.000000e+00  0.000000e+00 -1.000000e+00
   outer loop
     vertex -4.808263e+00  2.618441e+00  0.000000e+00
     vertex -4.932805e+00  2.375513e+00  0.000000e+00
     vertex -7.617692e+00  3.668487e+00  0.000000e+00
   endloop
 endfacet
 facet normal  0.000000e+00  0.000000e+00 -1.000000e+00
   outer loop
     vertex -4.808263e+00  2.618441e+00  0.000000e+00
     vertex -7.617692e+00  3.668487e+00  0.000000e+00
     vertex -7.425363e+00  4.043637e+00  0.000000e+00
   endloop
 endfacet
 facet normal  0.000000e+00  0.000000e+00 -1.000000e+00
   outer loop
     vertex  2.737500e+00 -4.741489e+00  0.000000e+00
     vertex  4.227500e+00 -7.322245e+00  0.000000e+00
     vertex  3.857261e+00 -7.523866e+00  0.000000e+00
   endloop
 endfacet
 facet normal  0.000000e+00 -0.000000e+00 -1.000000e+00
   outer loop
     vertex  2.737500e+00 -4.741489e+00  0.000000e+00
     vertex  3.857261e+00 -7.523866e+00  0.000000e+00
     vertex  2.497753e+00 -4.872048e+00  0.000000e+00
   endloop
 endfacet
 facet normal  0.000000e+00  0.000000e+00 -1.000000e+00
   outer loop
     vertex -4.671768e+00  2.854858e+00  0.000000e+00
     vertex -7.214574e+00  4.408735e+00  0.000000e+00
     vertex -6.985849e+00  4.762871e+00  0.000000e+00
   endloop
 endfacet
 facet normal  0.000000e+00  0.000000e+00 -1.000000e+00
   outer loop
     vertex -4.671768e+00  2.854858e+00  0.000000e+00
     vertex -7.425363e+00  4.043637e+00  0.000000e+00
     vertex -7.214574e+00  4.408735e+00  0.000000e+00
   endloop
 endfacet
 facet normal -0.000000e+00  0.000000e+00 -1.000000e+00
   outer loop
     vertex -4.671768e+00  2.854858e+00  0.000000e+00
     vertex -4.808263e+00  2.618441e+00  0.000000e+00
     vertex -7.425363e+00  4.043637e+00  0.000000e+00
   endloop
 endfacet
 facet normal  0.000000e+00  0.000000e+00 -1.000000e+00
   outer loop
     vertex  2.970441e+00 -4.599142e+00  0.000000e+00
     vertex  4.587229e+00 -7.102419e+00  0.000000e+00
     vertex  4.227500e+00 -7.322245e+00  0.000000e+00
   endloop
 endfacet
 facet normal  0.000000e+00 -0.000000e+00 -1.000000e+00
   outer loop
     vertex  2.970441e+00 -4.599142e+00  0.000000e+00
     vertex  4.227500e+00 -7.322245e+00  0.000000e+00
     vertex  2.737500e+00 -4.741489e+00  0.000000e+00
   endloop
 endfacet
 facet normal  0.000000e+00  0.000000e+00 -1.000000e+00
   outer loop
     vertex -4.523657e+00  3.084177e+00  0.000000e+00
     vertex -6.985849e+00  4.762871e+00  0.000000e+00
     vertex -6.739755e+00  5.105166e+00  0.000000e+00
   endloop
 endfacet
 facet normal -0.000000e+00  0.000000e+00 -1.000000e+00
   outer loop
     vertex -4.523657e+00  3.084177e+00  0.000000e+00
     vertex -4.671768e+00  2.854858e+00  0.000000e+00
     vertex -6.985849e+00  4.762871e+00  0.000000e+00
   endloop
 endfacet
 facet normal  0.000000e+00  0.000000e+00 -1.000000e+00
   outer loop
     vertex  3.195997e+00 -4.445361e+00  0.000000e+00
     vertex  4.935553e+00 -6.864936e+00  0.000000e+00
     vertex  4.587229e+00 -7.102419e+00  0.000000e+00
   endloop
 endfacet
 facet normal  0.000000e+00 -0.000000e+00 -1.000000e+00
   outer loop
     vertex  3.195997e+00 -4.445361e+00  0.000000e+00
     vertex  4.587229e+00 -7.102419e+00  0.000000e+00
     vertex  2.970441e+00 -4.599142e+00  0.000000e+00
   endloop
 endfacet
 facet normal -0.000000e+00  0.000000e+00 -1.000000e+00
   outer loop
     vertex -4.364300e+00  3.305829e+00  0.000000e+00
     vertex -4.523657e+00  3.084177e+00  0.000000e+00
     vertex -6.739755e+00  5.105166e+00  0.000000e+00
   endloop
 endfacet
 facet normal  0.000000e+00  0.000000e+00 -1.000000e+00
   outer loop
     vertex  3.413607e+00 -4.280527e+00  0.000000e+00
     vertex  5.271606e+00 -6.610385e+00  0.000000e+00
     vertex  4.935553e+00 -6.864936e+00  0.000000e+00
   endloop
 endfacet
 facet normal  0.000000e+00 -0.000000e+00 -1.000000e+00
   outer loop
     vertex  3.413607e+00 -4.280527e+00  0.000000e+00
     vertex  4.935553e+00 -6.864936e+00  0.000000e+00
     vertex  3.195997e+00 -4.445361e+00  0.000000e+00
   endloop
 endfacet
 facet normal -0.000000e+00  0.000000e+00 -1.000000e+00
   outer loop
     vertex  5.594554e+00 -6.339400e+00  0.000000e+00
     vertex  5.271606e+00 -6.610385e+00  0.000000e+00
     vertex  3.413607e+00 -4.280527e+00  0.000000e+00
   endloop
 endfacet
 facet normal  0.000000e+00  0.000000e+00 -1.000000e+00
   outer loop
     vertex -4.194093e+00  3.519262e+00  0.000000e+00
     vertex -6.739755e+00  5.105166e+00  0.000000e+00
     vertex -6.476906e+00  5.434769e+00  0.000000e+00
   endloop
 endfacet
 facet normal -0.000000e+00  0.000000e+00 -1.000000e+00
   outer loop
     vertex -4.194093e+00  3.519262e+00  0.000000e+00
     vertex -4.364300e+00  3.305829e+00  0.000000e+00
     vertex -6.739755e+00  5.105166e+00  0.000000e+00
   endloop
 endfacet
 facet normal  0.000000e+00 -0.000000e+00 -1.000000e+00
   outer loop
     vertex  3.622730e+00 -4.105052e+00  0.000000e+00
     vertex  5.594554e+00 -6.339400e+00  0.000000e+00
     vertex  3.413607e+00 -4.280527e+00  0.000000e+00
   endloop
 endfacet
 facet normal  0.000000e+00 -0.000000e+00 -1.000000e+00
   outer loop
     vertex -6.197954e+00  5.750860e+00  0.000000e+00
     vertex -4.194093e+00  3.519262e+00  0.000000e+00
     vertex -6.476906e+00  5.434769e+00  0.000000e+00
   endloop
 endfacet
 facet normal -0.000000e+00  0.000000e+00 -1.000000e+00
   outer loop
     vertex -4.013459e+00  3.723946e+00  0.000000e+00
     vertex -4.194093e+00  3.519262e+00  0.000000e+00
     vertex -6.197954e+00  5.750860e+00  0.000000e+00
   endloop
 endfacet
 facet normal  0.000000e+00  0.000000e+00 -1.000000e+00
   outer loop
     vertex  3.822847e+00 -3.919371e+00  0.000000e+00
     vertex  5.903592e+00 -6.052654e+00  0.000000e+00
     vertex  5.594554e+00 -6.339400e+00  0.000000e+00
   endloop
 endfacet
 facet normal  0.000000e+00 -0.000000e+00 -1.000000e+00
   outer loop
     vertex  3.822847e+00 -3.919371e+00  0.000000e+00
     vertex  5.594554e+00 -6.339400e+00  0.000000e+00
     vertex  3.622730e+00 -4.105052e+00  0.000000e+00
   endloop
 endfacet
 facet normal  0.000000e+00 -0.000000e+00 -1.000000e+00
   outer loop
     vertex -5.903592e+00  6.052654e+00  0.000000e+00
     vertex -4.013459e+00  3.723946e+00  0.000000e+00
     vertex -6.197954e+00  5.750860e+00  0.000000e+00
   endloop
 endfacet
 facet normal  0.000000e+00  0.000000e+00 -1.000000e+00
   outer loop
     vertex -5.903592e+00  6.052654e+00  0.000000e+00
     vertex -3.822847e+00  3.919371e+00  0.000000e+00
     vertex -4.013459e+00  3.723946e+00  0.000000e+00
   endloop
 endfacet
 facet normal -0.000000e+00  0.000000e+00 -1.000000e+00
   outer loop
     vertex  6.197954e+00 -5.750860e+00  0.000000e+00
     vertex  5.903592e+00 -6.052654e+00  0.000000e+00
     vertex  3.822847e+00 -3.919371e+00  0.000000e+00
   endloop
 endfacet
 facet normal  0.000000e+00  0.000000e+00 -1.000000e+00
   outer loop
     vertex  6.197954e+00 -5.750860e+00  0.000000e+00
     vertex  3.822847e+00 -3.919371e+00  0.000000e+00
     vertex  4.013459e+00 -3.723946e+00  0.000000e+00
   endloop
 endfacet
 facet normal  0.000000e+00 -0.000000e+00 -1.000000e+00
   outer loop
     vertex -5.594554e+00  6.339400e+00  0.000000e+00
     vertex -3.822847e+00  3.919371e+00  0.000000e+00
     vertex -5.903592e+00  6.052654e+00  0.000000e+00
   endloop
 endfacet
 facet normal  0.000000e+00  0.000000e+00 -1.000000e+00
   outer loop
     vertex -5.594554e+00  6.339400e+00  0.000000e+00
     vertex -3.622730e+00  4.105052e+00  0.000000e+00
     vertex -3.822847e+00  3.919371e+00  0.000000e+00
   endloop
 endfacet
 facet normal -0.000000e+00  0.000000e+00 -1.000000e+00
   outer loop
     vertex  6.476906e+00 -5.434769e+00  0.000000e+00
     vertex  6.197954e+00 -5.750860e+00  0.000000e+00
     vertex  4.013459e+00 -3.723946e+00  0.000000e+00
   endloop
 endfacet
 facet normal  0.000000e+00  0.000000e+00 -1.000000e+00
   outer loop
     vertex  6.476906e+00 -5.434769e+00  0.000000e+00
     vertex  4.013459e+00 -3.723946e+00  0.000000e+00
     vertex  4.194093e+00 -3.519262e+00  0.000000e+00
   endloop
 endfacet
 facet normal  0.000000e+00 -0.000000e+00 -1.000000e+00
   outer loop
     vertex  4.364300e+00 -3.305829e+00  0.000000e+00
     vertex  6.476906e+00 -5.434769e+00  0.000000e+00
     vertex  4.194093e+00 -3.519262e+00  0.000000e+00
   endloop
 endfacet
 facet normal  0.000000e+00 -0.000000e+00 -1.000000e+00
   outer loop
     vertex -5.271606e+00  6.610385e+00  0.000000e+00
     vertex -3.622730e+00  4.105052e+00  0.000000e+00
     vertex -5.594554e+00  6.339400e+00  0.000000e+00
   endloop
 endfacet
 facet normal  0.000000e+00  0.000000e+00 -1.000000e+00
   outer loop
     vertex -5.271606e+00  6.610385e+00  0.000000e+00
     vertex -3.413607e+00  4.280527e+00  0.000000e+00
     vertex -3.622730e+00  4.105052e+00  0.000000e+00
   endloop
 endfacet
 facet normal -0.000000e+00  0.000000e+00 -1.000000e+00
   outer loop
     vertex  6.739755e+00 -5.105166e+00  0.000000e+00
     vertex  6.476906e+00 -5.434769e+00  0.000000e+00
     vertex  4.364300e+00 -3.305829e+00  0.000000e+00
   endloop
 endfacet
 facet normal  0.000000e+00  0.000000e+00 -1.000000e+00
   outer loop
     vertex  6.739755e+00 -5.105166e+00  0.000000e+00
     vertex  4.364300e+00 -3.305829e+00  0.000000e+00
     vertex  4.523657e+00 -3.084177e+00  0.000000e+00
   endloop
 endfacet
 facet normal  0.000000e+00 -0.000000e+00 -1.000000e+00
   outer loop
     vertex -4.935553e+00  6.864936e+00  0.000000e+00
     vertex -3.413607e+00  4.280527e+00  0.000000e+00
     vertex -5.271606e+00  6.610385e+00  0.000000e+00
   endloop
 endfacet
 facet normal  0.000000e+00  0.000000e+00 -1.000000e+00
   outer loop
     vertex -4.935553e+00  6.864936e+00  0.000000e+00
     vertex -3.195997e+00  4.445361e+00  0.000000e+00
     vertex -3.413607e+00  4.280527e+00  0.000000e+00
   endloop
 endfacet
 facet normal -0.000000e+00  0.000000e+00 -1.000000e+00
   outer loop
     vertex  6.985849e+00 -4.762871e+00  0.000000e+00
     vertex  6.739755e+00 -5.105166e+00  0.000000e+00
     vertex  4.523657e+00 -3.084177e+00  0.000000e+00
   endloop
 endfacet
 facet normal  0.000000e+00 -0.000000e+00 -1.000000e+00
   outer loop
     vertex -4.587229e+00  7.102419e+00  0.000000e+00
     vertex -3.195997e+00  4.445361e+00  0.000000e+00
     vertex -4.935553e+00  6.864936e+00  0.000000e+00
   endloop
 endfacet
 facet normal  0.000000e+00  0.000000e+00 -1.000000e+00
   outer loop
     vertex -4.587229e+00  7.102419e+00  0.000000e+00
     vertex -2.970441e+00  4.599142e+00  0.000000e+00
     vertex -3.195997e+00  4.445361e+00  0.000000e+00
   endloop
 endfacet
 facet normal -0.000000e+00  0.000000e+00 -1.000000e+00
   outer loop
     vertex  7.214574e+00 -4.408735e+00  0.000000e+00
     vertex  6.985849e+00 -4.762871e+00  0.000000e+00
     vertex  4.523657e+00 -3.084177e+00  0.000000e+00
   endloop
 endfacet
 facet normal  0.000000e+00  0.000000e+00 -1.000000e+00
   outer loop
     vertex  7.214574e+00 -4.408735e+00  0.000000e+00
     vertex  4.523657e+00 -3.084177e+00  0.000000e+00
     vertex  4.671768e+00 -2.854858e+00  0.000000e+00
   endloop
 endfacet
 facet normal  0.000000e+00 -0.000000e+00 -1.000000e+00
   outer loop
     vertex -4.227500e+00  7.322245e+00  0.000000e+00
     vertex -2.970441e+00  4.599142e+00  0.000000e+00
     vertex -4.587229e+00  7.102419e+00  0.000000e+00
   endloop
 endfacet
 facet normal  0.000000e+00  0.000000e+00 -1.000000e+00
   outer loop
     vertex -4.227500e+00  7.322245e+00  0.000000e+00
     vertex -2.737500e+00  4.741489e+00  0.000000e+00
     vertex -2.970441e+00  4.599142e+00  0.000000e+00
   endloop
 endfacet
 facet normal -0.000000e+00  0.000000e+00 -1.000000e+00
   outer loop
     vertex  7.425363e+00 -4.043637e+00  0.000000e+00
     vertex  7.214574e+00 -4.408735e+00  0.000000e+00
     vertex  4.671768e+00 -2.854858e+00  0.000000e+00
   endloop
 endfacet
 facet normal  0.000000e+00  0.000000e+00 -1.000000e+00
   outer loop
     vertex  7.425363e+00 -4.043637e+00  0.000000e+00
     vertex  4.671768e+00 -2.854858e+00  0.000000e+00
     vertex  4.808263e+00 -2.618441e+00  0.000000e+00
   endloop
 endfacet
 facet normal  0.000000e+00 -0.000000e+00 -1.000000e+00
   outer loop
     vertex -3.857261e+00  7.523866e+00  0.000000e+00
     vertex -2.737500e+00  4.741489e+00  0.000000e+00
     vertex -4.227500e+00  7.322245e+00  0.000000e+00
   endloop
 endfacet
 facet normal  0.000000e+00  0.000000e+00 -1.000000e+00
   outer loop
     vertex -3.857261e+00  7.523866e+00  0.000000e+00
     vertex -2.497753e+00  4.872048e+00  0.000000e+00
     vertex -2.737500e+00  4.741489e+00  0.000000e+00
   endloop
 endfacet
 facet normal  0.000000e+00  0.000000e+00 -1.000000e+00
   outer loop
     vertex  7.617692e+00 -3.668487e+00  0.000000e+00
     vertex  4.808263e+00 -2.618441e+00  0.000000e+00
     vertex  4.932805e+00 -2.375513e+00  0.000000e+00
   endloop
 endfacet
 facet normal -0.000000e+00  0.000000e+00 -1.000000e+00
   outer loop
     vertex  7.617692e+00 -3.668487e+00  0.000000e+00
     vertex  7.425363e+00 -4.043637e+00  0.000000e+00
     vertex  4.808263e+00 -2.618441e+00  0.000000e+00
   endloop
 endfacet
 facet normal  0.000000e+00  0.000000e+00 -1.000000e+00
   outer loop
     vertex -3.477432e+00  7.706782e+00  0.000000e+00
     vertex -2.251797e+00  4.990495e+00  0.000000e+00
     vertex -2.497753e+00  4.872048e+00  0.000000e+00
   endloop
 endfacet
 facet normal  0.000000e+00 -0.000000e+00 -1.000000e+00
   outer loop
     vertex -3.477432e+00  7.706782e+00  0.000000e+00
     vertex -2.497753e+00  4.872048e+00  0.000000e+00
     vertex -3.857261e+00  7.523866e+00  0.000000e+00
   endloop
 endfacet
 facet normal  0.000000e+00  0.000000e+00 -1.000000e+00
   outer loop
     vertex  7.791081e+00 -3.284216e+00  0.000000e+00
     vertex  4.932805e+00 -2.375513e+00  0.000000e+00
     vertex  5.045082e+00 -2.126681e+00  0.000000e+00
   endloop
 endfacet
 facet normal  0.000000e+00  0.000000e+00 -1.000000e+00
   outer loop
     vertex  7.791081e+00 -3.284216e+00  0.000000e+00
     vertex  5.045082e+00 -2.126681e+00  0.000000e+00
     vertex  5.144817e+00 -1.872560e+00  0.000000e+00
   endloop
 endfacet
 facet normal -0.000000e+00  0.000000e+00 -1.000000e+00
   outer loop
     vertex  7.791081e+00 -3.284216e+00  0.000000e+00
     vertex  7.617692e+00 -3.668487e+00  0.000000e+00
     vertex  4.932805e+00 -2.375513e+00  0.000000e+00
   endloop
 endfacet
 facet normal  0.000000e+00  0.000000e+00 -1.000000e+00
   outer loop
     vertex -3.088958e+00  7.870538e+00  0.000000e+00
     vertex -2.000242e+00  5.096534e+00  0.000000e+00
     vertex -2.251797e+00  4.990495e+00  0.000000e+00
   endloop
 endfacet
 facet normal  0.000000e+00 -0.000000e+00 -1.000000e+00
   outer loop
     vertex -3.088958e+00  7.870538e+00  0.000000e+00
     vertex -2.251797e+00  4.990495e+00  0.000000e+00
     vertex -3.477432e+00  7.706782e+00  0.000000e+00
   endloop
 endfacet
 facet normal -0.000000e+00  0.000000e+00 -1.000000e+00
   outer loop
     vertex  7.945101e+00 -2.891780e+00  0.000000e+00
     vertex  7.791081e+00 -3.284216e+00  0.000000e+00
     vertex  5.144817e+00 -1.872560e+00  0.000000e+00
   endloop
 endfacet
 facet normal  0.000000e+00 -0.000000e+00 -1.000000e+00
   outer loop
     vertex -2.692805e+00  8.014726e+00  0.000000e+00
     vertex -2.000242e+00  5.096534e+00  0.000000e+00
     vertex -3.088958e+00  7.870538e+00  0.000000e+00
   endloop
 endfacet
 facet normal  0.000000e+00  0.000000e+00 -1.000000e+00
   outer loop
     vertex -2.692805e+00  8.014726e+00  0.000000e+00
     vertex -1.482852e+00  5.270368e+00  0.000000e+00
     vertex -1.743714e+00  5.189902e+00  0.000000e+00
   endloop
 endfacet
 facet normal  0.000000e+00  0.000000e+00 -1.000000e+00
   outer loop
     vertex -2.692805e+00  8.014726e+00  0.000000e+00
     vertex -1.743714e+00  5.189902e+00  0.000000e+00
     vertex -2.000242e+00  5.096534e+00  0.000000e+00
   endloop
 endfacet
 facet normal  0.000000e+00  0.000000e+00 -1.000000e+00
   outer loop
     vertex  8.079368e+00 -2.492155e+00  0.000000e+00
     vertex  5.144817e+00 -1.872560e+00  0.000000e+00
     vertex  5.231761e+00 -1.613785e+00  0.000000e+00
   endloop
 endfacet
 facet normal -0.000000e+00  0.000000e+00 -1.000000e+00
   outer loop
     vertex  8.079368e+00 -2.492155e+00  0.000000e+00
     vertex  7.945101e+00 -2.891780e+00  0.000000e+00
     vertex  5.144817e+00 -1.872560e+00  0.000000e+00
   endloop
 endfacet
 facet normal  0.000000e+00 -0.000000e+00 -1.000000e+00
   outer loop
     vertex -2.289956e+00  8.138988e+00  0.000000e+00
     vertex -1.482852e+00  5.270368e+00  0.000000e+00
     vertex -2.692805e+00  8.014726e+00  0.000000e+00
   endloop
 endfacet
 facet normal  0.000000e+00  0.000000e+00 -1.000000e+00
   outer loop
     vertex  8.193548e+00 -2.086334e+00  0.000000e+00
     vertex  5.231761e+00 -1.613785e+00  0.000000e+00
     vertex  5.305698e+00 -1.350997e+00  0.000000e+00
   endloop
 endfacet
 facet normal  0.000000e+00  0.000000e+00 -1.000000e+00
   outer loop
     vertex  8.193548e+00 -2.086334e+00  0.000000e+00
     vertex  5.305698e+00 -1.350997e+00  0.000000e+00
     vertex  5.366444e+00 -1.084850e+00  0.000000e+00
   endloop
 endfacet
 facet normal -0.000000e+00  0.000000e+00 -1.000000e+00
   outer loop
     vertex  8.193548e+00 -2.086334e+00  0.000000e+00
     vertex  8.079368e+00 -2.492155e+00  0.000000e+00
     vertex  5.231761e+00 -1.613785e+00  0.000000e+00
   endloop
 endfacet
 facet normal  0.000000e+00  0.000000e+00 -1.000000e+00
   outer loop
     vertex -1.881414e+00  8.243015e+00  0.000000e+00
     vertex -1.218302e+00  5.337730e+00  0.000000e+00
     vertex -1.482852e+00  5.270368e+00  0.000000e+00
   endloop
 endfacet
 facet normal  0.000000e+00 -0.000000e+00 -1.000000e+00
   outer loop
     vertex -1.881414e+00  8.243015e+00  0.000000e+00
     vertex -1.482852e+00  5.270368e+00  0.000000e+00
     vertex -2.289956e+00  8.138988e+00  0.000000e+00
   endloop
 endfacet
 facet normal -0.000000e+00  0.000000e+00 -1.000000e+00
   outer loop
     vertex  8.287358e+00 -1.675326e+00  0.000000e+00
     vertex  8.193548e+00 -2.086334e+00  0.000000e+00
     vertex  5.366444e+00 -1.084850e+00  0.000000e+00
   endloop
 endfacet
 facet normal  0.000000e+00  0.000000e+00 -1.000000e+00
   outer loop
     vertex  8.287358e+00 -1.675326e+00  0.000000e+00
     vertex  5.366444e+00 -1.084850e+00  0.000000e+00
     vertex  5.413849e+00 -8.160064e-01  0.000000e+00
   endloop
 endfacet
 facet normal  0.000000e+00 -0.000000e+00 -1.000000e+00
   outer loop
     vertex -1.468195e+00  8.326550e+00  0.000000e+00
     vertex -1.218302e+00  5.337730e+00  0.000000e+00
     vertex -1.881414e+00  8.243015e+00  0.000000e+00
   endloop
 endfacet
 facet normal  0.000000e+00  0.000000e+00 -1.000000e+00
   outer loop
     vertex -1.468195e+00  8.326550e+00  0.000000e+00
     vertex -9.507238e-01  5.391822e+00  0.000000e+00
     vertex -1.218302e+00  5.337730e+00  0.000000e+00
   endloop
 endfacet
 facet normal -0.000000e+00  0.000000e+00 -1.000000e+00
   outer loop
     vertex  8.360565e+00 -1.260152e+00  0.000000e+00
     vertex  8.287358e+00 -1.675326e+00  0.000000e+00
     vertex  5.413849e+00 -8.160064e-01  0.000000e+00
   endloop
 endfacet
 facet normal  0.000000e+00  0.000000e+00 -1.000000e+00
   outer loop
     vertex  8.360565e+00 -1.260152e+00  0.000000e+00
     vertex  5.413849e+00 -8.160064e-01  0.000000e+00
     vertex  5.447793e+00 -5.451340e-01  0.000000e+00
   endloop
 endfacet
 facet normal  0.000000e+00 -0.000000e+00 -1.000000e+00
   outer loop
     vertex -1.051326e+00  8.389382e+00  0.000000e+00
     vertex -9.507238e-01  5.391822e+00  0.000000e+00
     vertex -1.468195e+00  8.326550e+00  0.000000e+00
   endloop
 endfacet
 facet normal  0.000000e+00  0.000000e+00 -1.000000e+00
   outer loop
     vertex -1.051326e+00  8.389382e+00  0.000000e+00
     vertex -6.807818e-01  5.432510e+00  0.000000e+00
     vertex -9.507238e-01  5.391822e+00  0.000000e+00
   endloop
 endfacet
 facet normal -0.000000e+00  0.000000e+00 -1.000000e+00
   outer loop
     vertex  8.412985e+00 -8.418461e-01  0.000000e+00
     vertex  8.360565e+00 -1.260152e+00  0.000000e+00
     vertex  5.447793e+00 -5.451340e-01  0.000000e+00
   endloop
 endfacet
 facet normal  0.000000e+00  0.000000e+00 -1.000000e+00
   outer loop
     vertex -6.318429e-01  8.431358e+00  0.000000e+00
     vertex -6.807818e-01  5.432510e+00  0.000000e+00
     vertex -1.051326e+00  8.389382e+00  0.000000e+00
   endloop
 endfacet
 facet normal  0.000000e+00  0.000000e+00 -1.000000e+00
   outer loop
     vertex -6.318429e-01  8.431358e+00  0.000000e+00
     vertex -1.364955e-01  5.473298e+00  0.000000e+00
     vertex -4.091473e-01  5.459691e+00  0.000000e+00
   endloop
 endfacet
 facet normal  0.000000e+00 -0.000000e+00 -1.000000e+00
   outer loop
     vertex -6.318429e-01  8.431358e+00  0.000000e+00
     vertex -4.091473e-01  5.459691e+00  0.000000e+00
     vertex -6.807818e-01  5.432510e+00  0.000000e+00
   endloop
 endfacet
 facet normal  0.000000e+00  0.000000e+00 -1.000000e+00
   outer loop
     vertex  8.444490e+00 -4.214470e-01  0.000000e+00
     vertex  8.412985e+00 -8.418461e-01  0.000000e+00
     vertex  5.447793e+00 -5.451340e-01  0.000000e+00
   endloop
 endfacet
 facet normal -0.000000e+00  0.000000e+00 -1.000000e+00
   outer loop
     vertex  8.444490e+00 -4.214470e-01  0.000000e+00
     vertex  5.447793e+00 -5.451340e-01  0.000000e+00
     vertex  5.468194e+00 -2.729062e-01  0.000000e+00
   endloop
 endfacet
 facet normal  0.000000e+00  0.000000e+00 -1.000000e+00
   outer loop
     vertex  8.444490e+00 -4.214470e-01  0.000000e+00
     vertex  5.468194e+00 -2.729062e-01  0.000000e+00
     vertex  5.475000e+00  5.950944e-16  0.000000e+00
   endloop
 endfacet
 facet normal  0.000000e+00 -0.000000e+00 -1.000000e+00
   outer loop
     vertex -2.107890e-01  8.452372e+00  0.000000e+00
     vertex -1.364955e-01  5.473298e+00  0.000000e+00
     vertex -6.318429e-01  8.431358e+00  0.000000e+00
   endloop
 endfacet
 facet normal -0.000000e+00  0.000000e+00 -1.000000e+00
   outer loop
     vertex  8.455000e+00  0.000000e+00  0.000000e+00
     vertex  8.444490e+00 -4.214470e-01  0.000000e+00
     vertex  5.475000e+00  5.950944e-16  0.000000e+00
   endloop
 endfacet
 facet normal  0.000000e+00  0.000000e+00 -1.000000e+00
   outer loop
     vertex  2.107890e-01  8.452372e+00  0.000000e+00
     vertex  1.364955e-01  5.473298e+00  0.000000e+00
     vertex -1.364955e-01  5.473298e+00  0.000000e+00
   endloop
 endfacet
 facet normal -0.000000e+00  0.000000e+00 -1.000000e+00
   outer loop
     vertex  2.107890e-01  8.452372e+00  0.000000e+00
     vertex -1.364955e-01  5.473298e+00  0.000000e+00
     vertex -2.107890e-01  8.452372e+00  0.000000e+00
   endloop
 endfacet
 facet normal  0.000000e+00  0.000000e+00 -1.000000e+00
   outer loop
     vertex  8.444490e+00  4.214470e-01  0.000000e+00
     vertex  5.475000e+00  5.950944e-16  0.000000e+00
     vertex  5.468194e+00  2.729062e-01  0.000000e+00
   endloop
 endfacet
 facet normal  0.000000e+00 -0.000000e+00 -1.000000e+00
   outer loop
     vertex  8.444490e+00  4.214470e-01  0.000000e+00
     vertex  8.455000e+00  0.000000e+00  0.000000e+00
     vertex  5.475000e+00  5.950944e-16  0.000000e+00
   endloop
 endfacet
 facet normal  0.000000e+00  0.000000e+00 -1.000000e+00
   outer loop
     vertex  6.318429e-01  8.431358e+00  0.000000e+00
     vertex  4.091473e-01  5.459691e+00  0.000000e+00
     vertex  1.364955e-01  5.473298e+00  0.000000e+00
   endloop
 endfacet
 facet normal -0.000000e+00  0.000000e+00 -1.000000e+00
   outer loop
     vertex  6.318429e-01  8.431358e+00  0.000000e+00
     vertex  1.364955e-01  5.473298e+00  0.000000e+00
     vertex  2.107890e-01  8.452372e+00  0.000000e+00
   endloop
 endfacet
 facet normal  0.000000e+00  0.000000e+00 -1.000000e+00
   outer loop
     vertex  8.412985e+00  8.418461e-01  0.000000e+00
     vertex  5.468194e+00  2.729062e-01  0.000000e+00
     vertex  5.447793e+00  5.451340e-01  0.000000e+00
   endloop
 endfacet
 facet normal  0.000000e+00 -0.000000e+00 -1.000000e+00
   outer loop
     vertex  8.412985e+00  8.418461e-01  0.000000e+00
     vertex  8.444490e+00  4.214470e-01  0.000000e+00
     vertex  5.468194e+00  2.729062e-01  0.000000e+00
   endloop
 endfacet
 facet normal  0.000000e+00  0.000000e+00 -1.000000e+00
   outer loop
     vertex  1.051326e+00  8.389382e+00  0.000000e+00
     vertex  6.807818e-01  5.432510e+00  0.000000e+00
     vertex  4.091473e-01  5.459691e+00  0.000000e+00
   endloop
 endfacet
 facet normal -0.000000e+00  0.000000e+00 -1.000000e+00
   outer loop
     vertex  1.051326e+00  8.389382e+00  0.000000e+00
     vertex  4.091473e-01  5.459691e+00  0.000000e+00
     vertex  6.318429e-01  8.431358e+00  0.000000e+00
   endloop
 endfacet
 facet normal  0.000000e+00  0.000000e+00 -1.000000e+00
   outer loop
     vertex  8.360565e+00  1.260152e+00  0.000000e+00
     vertex  5.447793e+00  5.451340e-01  0.000000e+00
     vertex  5.413849e+00  8.160064e-01  0.000000e+00
   endloop
 endfacet
 facet normal  0.000000e+00 -0.000000e+00 -1.000000e+00
   outer loop
     vertex  8.360565e+00  1.260152e+00  0.000000e+00
     vertex  8.412985e+00  8.418461e-01  0.000000e+00
     vertex  5.447793e+00  5.451340e-01  0.000000e+00
   endloop
 endfacet
 facet normal  0.000000e+00  0.000000e+00 -1.000000e+00
   outer loop
     vertex  1.468195e+00  8.326550e+00  0.000000e+00
     vertex  9.507238e-01  5.391822e+00  0.000000e+00
     vertex  6.807818e-01  5.432510e+00  0.000000e+00
   endloop
 endfacet
 facet normal -0.000000e+00  0.000000e+00 -1.000000e+00
   outer loop
     vertex  1.468195e+00  8.326550e+00  0.000000e+00
     vertex  6.807818e-01  5.432510e+00  0.000000e+00
     vertex  1.051326e+00  8.389382e+00  0.000000e+00
   endloop
 endfacet
 facet normal  0.000000e+00  0.000000e+00 -1.000000e+00
   outer loop
     vertex  8.287358e+00  1.675326e+00  0.000000e+00
     vertex  5.413849e+00  8.160064e-01  0.000000e+00
     vertex  5.366444e+00  1.084850e+00  0.000000e+00
   endloop
 endfacet
 facet normal  0.000000e+00 -0.000000e+00 -1.000000e+00
   outer loop
     vertex  8.287358e+00  1.675326e+00  0.000000e+00
     vertex  8.360565e+00  1.260152e+00  0.000000e+00
     vertex  5.413849e+00  8.160064e-01  0.000000e+00
   endloop
 endfacet
 facet normal -0.000000e+00  0.000000e+00 -1.000000e+00
   outer loop
     vertex  1.881414e+00  8.243015e+00  0.000000e+00
     vertex  9.507238e-01  5.391822e+00  0.000000e+00
     vertex  1.468195e+00  8.326550e+00  0.000000e+00
   endloop
 endfacet
 facet normal  0.000000e+00  0.000000e+00 -1.000000e+00
   outer loop
     vertex  1.881414e+00  8.243015e+00  0.000000e+00
     vertex  1.218302e+00  5.337730e+00  0.000000e+00
     vertex  9.507238e-01  5.391822e+00  0.000000e+00
   endloop
 endfacet
 facet normal  0.000000e+00 -0.000000e+00 -1.000000e+00
   outer loop
     vertex  8.193548e+00  2.086334e+00  0.000000e+00
     vertex  8.287358e+00  1.675326e+00  0.000000e+00
     vertex  5.366444e+00  1.084850e+00  0.000000e+00
   endloop
 endfacet
 facet normal  0.000000e+00  0.000000e+00 -1.000000e+00
   outer loop
     vertex  8.193548e+00  2.086334e+00  0.000000e+00
     vertex  5.366444e+00  1.084850e+00  0.000000e+00
     vertex  5.305698e+00  1.350997e+00  0.000000e+00
   endloop
 endfacet
 facet normal -0.000000e+00  0.000000e+00 -1.000000e+00
   outer loop
     vertex  2.289956e+00  8.138988e+00  0.000000e+00
     vertex  1.218302e+00  5.337730e+00  0.000000e+00
     vertex  1.881414e+00  8.243015e+00  0.000000e+00
   endloop
 endfacet
 facet normal  0.000000e+00  0.000000e+00 -1.000000e+00
   outer loop
     vertex  2.289956e+00  8.138988e+00  0.000000e+00
     vertex  1.482852e+00  5.270368e+00  0.000000e+00
     vertex  1.218302e+00  5.337730e+00  0.000000e+00
   endloop
 endfacet
 facet normal  0.000000e+00  0.000000e+00 -1.000000e+00
   outer loop
     vertex  8.079368e+00  2.492155e+00  0.000000e+00
     vertex  5.305698e+00  1.350997e+00  0.000000e+00
     vertex  5.231761e+00  1.613785e+00  0.000000e+00
   endloop
 endfacet
 facet normal  0.000000e+00  0.000000e+00 -1.000000e+00
   outer loop
     vertex  8.079368e+00  2.492155e+00  0.000000e+00
     vertex  5.231761e+00  1.613785e+00  0.000000e+00
     vertex  5.144817e+00  1.872560e+00  0.000000e+00
   endloop
 endfacet
 facet normal  0.000000e+00 -0.000000e+00 -1.000000e+00
   outer loop
     vertex  8.079368e+00  2.492155e+00  0.000000e+00
     vertex  8.193548e+00  2.086334e+00  0.000000e+00
     vertex  5.305698e+00  1.350997e+00  0.000000e+00
   endloop
 endfacet
 facet normal -0.000000e+00  0.000000e+00 -1.000000e+00
   outer loop
     vertex  2.692805e+00  8.014726e+00  0.000000e+00
     vertex  1.482852e+00  5.270368e+00  0.000000e+00
     vertex  2.289956e+00  8.138988e+00  0.000000e+00
   endloop
 endfacet
 facet normal  0.000000e+00  0.000000e+00 -1.000000e+00
   outer loop
     vertex  2.692805e+00  8.014726e+00  0.000000e+00
     vertex  1.743714e+00  5.189902e+00  0.000000e+00
     vertex  1.482852e+00  5.270368e+00  0.000000e+00
   endloop
 endfacet
 facet normal  0.000000e+00 -0.000000e+00 -1.000000e+00
   outer loop
     vertex  7.945101e+00  2.891780e+00  0.000000e+00
     vertex  8.079368e+00  2.492155e+00  0.000000e+00
     vertex  5.144817e+00  1.872560e+00  0.000000e+00
   endloop
 endfacet
 facet normal -0.000000e+00  0.000000e+00 -1.000000e+00
   outer loop
     vertex  3.088958e+00  7.870538e+00  0.000000e+00
     vertex  1.743714e+00  5.189902e+00  0.000000e+00
     vertex  2.692805e+00  8.014726e+00  0.000000e+00
   endloop
 endfacet
 facet normal  0.000000e+00  0.000000e+00 -1.000000e+00
   outer loop
     vertex  3.088958e+00  7.870538e+00  0.000000e+00
     vertex  2.000242e+00  5.096534e+00  0.000000e+00
     vertex  1.743714e+00  5.189902e+00  0.000000e+00
   endloop
 endfacet
 facet normal  0.000000e+00 -0.000000e+00 -1.000000e+00
   outer loop
     vertex  7.791081e+00  3.284216e+00  0.000000e+00
     vertex  7.945101e+00  2.891780e+00  0.000000e+00
     vertex  5.144817e+00  1.872560e+00  0.000000e+00
   endloop
 endfacet
 facet normal  0.000000e+00  0.000000e+00 -1.000000e+00
   outer loop
     vertex  7.791081e+00  3.284216e+00  0.000000e+00
     vertex  5.144817e+00  1.872560e+00  0.000000e+00
     vertex  5.045082e+00  2.126681e+00  0.000000e+00
   endloop
 endfacet
 facet normal  0.000000e+00  0.000000e+00 -1.000000e+00
   outer loop
     vertex  7.791081e+00  3.284216e+00  0.000000e+00
     vertex  5.045082e+00  2.126681e+00  0.000000e+00
     vertex  4.932805e+00  2.375513e+00  0.000000e+00
   endloop
 endfacet
 facet normal -0.000000e+00  0.000000e+00 -1.000000e+00
   outer loop
     vertex  3.477432e+00  7.706782e+00  0.000000e+00
     vertex  2.000242e+00  5.096534e+00  0.000000e+00
     vertex  3.088958e+00  7.870538e+00  0.000000e+00
   endloop
 endfacet
 facet normal  0.000000e+00  0.000000e+00 -1.000000e+00
   outer loop
     vertex  3.477432e+00  7.706782e+00  0.000000e+00
     vertex  2.251797e+00  4.990495e+00  0.000000e+00
     vertex  2.000242e+00  5.096534e+00  0.000000e+00
   endloop
 endfacet
 facet normal  0.000000e+00 -0.000000e+00 -1.000000e+00
   outer loop
     vertex  7.617692e+00  3.668487e+00  0.000000e+00
     vertex  7.791081e+00  3.284216e+00  0.000000e+00
     vertex  4.932805e+00  2.375513e+00  0.000000e+00
   endloop
 endfacet
 facet normal -0.000000e+00  0.000000e+00 -1.000000e+00
   outer loop
     vertex  3.857261e+00  7.523866e+00  0.000000e+00
     vertex  2.251797e+00  4.990495e+00  0.000000e+00
     vertex  3.477432e+00  7.706782e+00  0.000000e+00
   endloop
 endfacet
 facet normal  0.000000e+00  0.000000e+00 -1.000000e+00
   outer loop
     vertex  3.857261e+00  7.523866e+00  0.000000e+00
     vertex  2.497753e+00  4.872048e+00  0.000000e+00
     vertex  2.251797e+00  4.990495e+00  0.000000e+00
   endloop
 endfacet
 facet normal  0.000000e+00  0.000000e+00 -1.000000e+00
   outer loop
     vertex  7.425363e+00  4.043637e+00  0.000000e+00
     vertex  4.932805e+00  2.375513e+00  0.000000e+00
     vertex  4.808263e+00  2.618441e+00  0.000000e+00
   endloop
 endfacet
 facet normal  0.000000e+00  0.000000e+00 -1.000000e+00
   outer loop
     vertex  7.425363e+00  4.043637e+00  0.000000e+00
     vertex  4.808263e+00  2.618441e+00  0.000000e+00
     vertex  4.671768e+00  2.854858e+00  0.000000e+00
   endloop
 endfacet
 facet normal  0.000000e+00 -0.000000e+00 -1.000000e+00
   outer loop
     vertex  7.425363e+00  4.043637e+00  0.000000e+00
     vertex  7.617692e+00  3.668487e+00  0.000000e+00
     vertex  4.932805e+00  2.375513e+00  0.000000e+00
   endloop
 endfacet
 facet normal -0.000000e+00  0.000000e+00 -1.000000e+00
   outer loop
     vertex  4.227500e+00  7.322245e+00  0.000000e+00
     vertex  2.497753e+00  4.872048e+00  0.000000e+00
     vertex  3.857261e+00  7.523866e+00  0.000000e+00
   endloop
 endfacet
 facet normal  0.000000e+00  0.000000e+00 -1.000000e+00
   outer loop
     vertex  4.227500e+00  7.322245e+00  0.000000e+00
     vertex  2.737500e+00  4.741489e+00  0.000000e+00
     vertex  2.497753e+00  4.872048e+00  0.000000e+00
   endloop
 endfacet
 facet normal  0.000000e+00 -0.000000e+00 -1.000000e+00
   outer loop
     vertex  7.214574e+00  4.408735e+00  0.000000e+00
     vertex  7.425363e+00  4.043637e+00  0.000000e+00
     vertex  4.671768e+00  2.854858e+00  0.000000e+00
   endloop
 endfacet
 facet normal -0.000000e+00  0.000000e+00 -1.000000e+00
   outer loop
     vertex  4.587229e+00  7.102419e+00  0.000000e+00
     vertex  2.737500e+00  4.741489e+00  0.000000e+00
     vertex  4.227500e+00  7.322245e+00  0.000000e+00
   endloop
 endfacet
 facet normal  0.000000e+00  0.000000e+00 -1.000000e+00
   outer loop
     vertex  4.587229e+00  7.102419e+00  0.000000e+00
     vertex  2.970441e+00  4.599142e+00  0.000000e+00
     vertex  2.737500e+00  4.741489e+00  0.000000e+00
   endloop
 endfacet
 facet normal  0.000000e+00 -0.000000e+00 -1.000000e+00
   outer loop
     vertex  6.985849e+00  4.762871e+00  0.000000e+00
     vertex  7.214574e+00  4.408735e+00  0.000000e+00
     vertex  4.671768e+00  2.854858e+00  0.000000e+00
   endloop
 endfacet
 facet normal  0.000000e+00  0.000000e+00 -1.000000e+00
   outer loop
     vertex  6.985849e+00  4.762871e+00  0.000000e+00
     vertex  4.671768e+00  2.854858e+00  0.000000e+00
     vertex  4.523657e+00  3.084177e+00  0.000000e+00
   endloop
 endfacet
 facet normal -0.000000e+00  0.000000e+00 -1.000000e+00
   outer loop
     vertex  4.935553e+00  6.864936e+00  0.000000e+00
     vertex  2.970441e+00  4.599142e+00  0.000000e+00
     vertex  4.587229e+00  7.102419e+00  0.000000e+00
   endloop
 endfacet
 facet normal  0.000000e+00  0.000000e+00 -1.000000e+00
   outer loop
     vertex  4.935553e+00  6.864936e+00  0.000000e+00
     vertex  3.413607e+00  4.280527e+00  0.000000e+00
     vertex  3.195997e+00  4.445361e+00  0.000000e+00
   endloop
 endfacet
 facet normal  0.000000e+00  0.000000e+00 -1.000000e+00
   outer loop
     vertex  4.935553e+00  6.864936e+00  0.000000e+00
     vertex  3.195997e+00  4.445361e+00  0.000000e+00
     vertex  2.970441e+00  4.599142e+00  0.000000e+00
   endloop
 endfacet
 facet normal  0.000000e+00 -0.000000e+00 -1.000000e+00
   outer loop
     vertex  6.739755e+00  5.105166e+00  0.000000e+00
     vertex  6.985849e+00  4.762871e+00  0.000000e+00
     vertex  4.523657e+00  3.084177e+00  0.000000e+00
   endloop
 endfacet
 facet normal  0.000000e+00  0.000000e+00 -1.000000e+00
   outer loop
     vertex  6.739755e+00  5.105166e+00  0.000000e+00
     vertex  4.523657e+00  3.084177e+00  0.000000e+00
     vertex  4.364300e+00  3.305829e+00  0.000000e+00
   endloop
 endfacet
 facet normal  0.000000e+00  0.000000e+00 -1.000000e+00
   outer loop
     vertex  6.739755e+00  5.105166e+00  0.000000e+00
     vertex  4.364300e+00  3.305829e+00  0.000000e+00
     vertex  4.194093e+00  3.519262e+00  0.000000e+00
   endloop
 endfacet
 facet normal -0.000000e+00  0.000000e+00 -1.000000e+00
   outer loop
     vertex  5.271606e+00  6.610385e+00  0.000000e+00
     vertex  3.413607e+00  4.280527e+00  0.000000e+00
     vertex  4.935553e+00  6.864936e+00  0.000000e+00
   endloop
 endfacet
 facet normal  0.000000e+00 -0.000000e+00 -1.000000e+00
   outer loop
     vertex  6.476906e+00  5.434769e+00  0.000000e+00
     vertex  6.739755e+00  5.105166e+00  0.000000e+00
     vertex  4.194093e+00  3.519262e+00  0.000000e+00
   endloop
 endfacet
 facet normal -0.000000e+00  0.000000e+00 -1.000000e+00
   outer loop
     vertex  5.594554e+00  6.339400e+00  0.000000e+00
     vertex  3.413607e+00  4.280527e+00  0.000000e+00
     vertex  5.271606e+00  6.610385e+00  0.000000e+00
   endloop
 endfacet
 facet normal  0.000000e+00  0.000000e+00 -1.000000e+00
   outer loop
     vertex  5.594554e+00  6.339400e+00  0.000000e+00
     vertex  3.622730e+00  4.105052e+00  0.000000e+00
     vertex  3.413607e+00  4.280527e+00  0.000000e+00
   endloop
 endfacet
 facet normal  0.000000e+00  0.000000e+00 -1.000000e+00
   outer loop
     vertex  6.197954e+00  5.750860e+00  0.000000e+00
     vertex  4.194093e+00  3.519262e+00  0.000000e+00
     vertex  4.013459e+00  3.723946e+00  0.000000e+00
   endloop
 endfacet
 facet normal  0.000000e+00  0.000000e+00 -1.000000e+00
   outer loop
     vertex  6.197954e+00  5.750860e+00  0.000000e+00
     vertex  4.013459e+00  3.723946e+00  0.000000e+00
     vertex  3.822847e+00  3.919371e+00  0.000000e+00
   endloop
 endfacet
 facet normal  0.000000e+00 -0.000000e+00 -1.000000e+00
   outer loop
     vertex  6.197954e+00  5.750860e+00  0.000000e+00
     vertex  6.476906e+00  5.434769e+00  0.000000e+00
     vertex  4.194093e+00  3.519262e+00  0.000000e+00
   endloop
 endfacet
 facet normal  0.000000e+00  0.000000e+00 -1.000000e+00
   outer loop
     vertex  5.903592e+00  6.052654e+00  0.000000e+00
     vertex  3.822847e+00  3.919371e+00  0.000000e+00
     vertex  3.622730e+00  4.105052e+00  0.000000e+00
   endloop
 endfacet
 facet normal -0.000000e+00  0.000000e+00 -1.000000e+00
   outer loop
     vertex  5.903592e+00  6.052654e+00  0.000000e+00
     vertex  3.622730e+00  4.105052e+00  0.000000e+00
     vertex  5.594554e+00  6.339400e+00  0.000000e+00
   endloop
 endfacet
 facet normal  0.000000e+00 -0.000000e+00 -1.000000e+00
   outer loop
     vertex  5.903592e+00  6.052654e+00  0.000000e+00
     vertex  6.197954e+00  5.750860e+00  0.000000e+00
     vertex  3.822847e+00  3.919371e+00  0.000000e+00
   endloop
 endfacet
 facet normal  0.000000e+00  0.000000e+00  1.000000e+00
   outer loop
     vertex -3.822847e+00 -3.919371e+00  3.980000e+00
     vertex -5.903592e+00 -6.052654e+00  3.980000e+00
     vertex -5.594554e+00 -6.339400e+00  3.980000e+00
   endloop
 endfacet
 facet normal  0.000000e+00  0.000000e+00  1.000000e+00
   outer loop
     vertex -4.013459e+00 -3.723946e+00  3.980000e+00
     vertex -6.197954e+00 -5.750860e+00  3.980000e+00
     vertex -5.903592e+00 -6.052654e+00  3.980000e+00
   endloop
 endfacet
 facet normal  0.000000e+00  0.000000e+00  1.000000e+00
   outer loop
     vertex -4.013459e+00 -3.723946e+00  3.980000e+00
     vertex -5.903592e+00 -6.052654e+00  3.980000e+00
     vertex -3.822847e+00 -3.919371e+00  3.980000e+00
   endloop
 endfacet
 facet normal  0.000000e+00  0.000000e+00  1.000000e+00
   outer loop
     vertex -3.622730e+00 -4.105052e+00  3.980000e+00
     vertex -5.594554e+00 -6.339400e+00  3.980000e+00
     vertex -5.271606e+00 -6.610385e+00  3.980000e+00
   endloop
 endfacet
 facet normal  0.000000e+00  0.000000e+00  1.000000e+00
   outer loop
     vertex -3.622730e+00 -4.105052e+00  3.980000e+00
     vertex -3.822847e+00 -3.919371e+00  3.980000e+00
     vertex -5.594554e+00 -6.339400e+00  3.980000e+00
   endloop
 endfacet
 facet normal  0.000000e+00  0.000000e+00  1.000000e+00
   outer loop
     vertex -4.194093e+00 -3.519262e+00  3.980000e+00
     vertex -6.197954e+00 -5.750860e+00  3.980000e+00
     vertex -4.013459e+00 -3.723946e+00  3.980000e+00
   endloop
 endfacet
 facet normal  0.000000e+00  0.000000e+00  1.000000e+00
   outer loop
     vertex -4.194093e+00 -3.519262e+00  3.980000e+00
     vertex -6.476906e+00 -5.434769e+00  3.980000e+00
     vertex -6.197954e+00 -5.750860e+00  3.980000e+00
   endloop
 endfacet
 facet normal  0.000000e+00  0.000000e+00  1.000000e+00
   outer loop
     vertex -3.413607e+00 -4.280527e+00  3.980000e+00
     vertex -3.622730e+00 -4.105052e+00  3.980000e+00
     vertex -5.271606e+00 -6.610385e+00  3.980000e+00
   endloop
 endfacet
 facet normal  0.000000e+00  0.000000e+00  1.000000e+00
   outer loop
     vertex -3.413607e+00 -4.280527e+00  3.980000e+00
     vertex -5.271606e+00 -6.610385e+00  3.980000e+00
     vertex -4.935553e+00 -6.864936e+00  3.980000e+00
   endloop
 endfacet
 facet normal  0.000000e+00  0.000000e+00  1.000000e+00
   outer loop
     vertex -4.364300e+00 -3.305829e+00  3.980000e+00
     vertex -6.476906e+00 -5.434769e+00  3.980000e+00
     vertex -4.194093e+00 -3.519262e+00  3.980000e+00
   endloop
 endfacet
 facet normal  0.000000e+00  0.000000e+00  1.000000e+00
   outer loop
     vertex -4.364300e+00 -3.305829e+00  3.980000e+00
     vertex -6.739755e+00 -5.105166e+00  3.980000e+00
     vertex -6.476906e+00 -5.434769e+00  3.980000e+00
   endloop
 endfacet
 facet normal  0.000000e+00  0.000000e+00  1.000000e+00
   outer loop
     vertex -3.195997e+00 -4.445361e+00  3.980000e+00
     vertex -3.413607e+00 -4.280527e+00  3.980000e+00
     vertex -4.935553e+00 -6.864936e+00  3.980000e+00
   endloop
 endfacet
 facet normal  0.000000e+00  0.000000e+00  1.000000e+00
   outer loop
     vertex -4.523657e+00 -3.084177e+00  3.980000e+00
     vertex -6.739755e+00 -5.105166e+00  3.980000e+00
     vertex -4.364300e+00 -3.305829e+00  3.980000e+00
   endloop
 endfacet
 facet normal  0.000000e+00  0.000000e+00  1.000000e+00
   outer loop
     vertex -4.523657e+00 -3.084177e+00  3.980000e+00
     vertex -6.985849e+00 -4.762871e+00  3.980000e+00
     vertex -6.739755e+00 -5.105166e+00  3.980000e+00
   endloop
 endfacet
 facet normal  0.000000e+00  0.000000e+00  1.000000e+00
   outer loop
     vertex -2.970441e+00 -4.599142e+00  3.980000e+00
     vertex -3.195997e+00 -4.445361e+00  3.980000e+00
     vertex -4.935553e+00 -6.864936e+00  3.980000e+00
   endloop
 endfacet
 facet normal  0.000000e+00  0.000000e+00  1.000000e+00
   outer loop
     vertex -2.970441e+00 -4.599142e+00  3.980000e+00
     vertex -4.935553e+00 -6.864936e+00  3.980000e+00
     vertex -4.587229e+00 -7.102419e+00  3.980000e+00
   endloop
 endfacet
 facet normal  0.000000e+00  0.000000e+00  1.000000e+00
   outer loop
     vertex -2.970441e+00 -4.599142e+00  3.980000e+00
     vertex -4.587229e+00 -7.102419e+00  3.980000e+00
     vertex -4.227500e+00 -7.322245e+00  3.980000e+00
   endloop
 endfacet
 facet normal  0.000000e+00  0.000000e+00  1.000000e+00
   outer loop
     vertex -4.671768e+00 -2.854858e+00  3.980000e+00
     vertex -6.985849e+00 -4.762871e+00  3.980000e+00
     vertex -4.523657e+00 -3.084177e+00  3.980000e+00
   endloop
 endfacet
 facet normal  0.000000e+00  0.000000e+00  1.000000e+00
   outer loop
     vertex -4.671768e+00 -2.854858e+00  3.980000e+00
     vertex -7.214574e+00 -4.408735e+00  3.980000e+00
     vertex -6.985849e+00 -4.762871e+00  3.980000e+00
   endloop
 endfacet
 facet normal  0.000000e+00  0.000000e+00  1.000000e+00
   outer loop
     vertex -2.737500e+00 -4.741489e+00  3.980000e+00
     vertex -2.970441e+00 -4.599142e+00  3.980000e+00
     vertex -4.227500e+00 -7.322245e+00  3.980000e+00
   endloop
 endfacet
 facet normal  0.000000e+00  0.000000e+00  1.000000e+00
   outer loop
     vertex -2.737500e+00 -4.741489e+00  3.980000e+00
     vertex -4.227500e+00 -7.322245e+00  3.980000e+00
     vertex -3.857261e+00 -7.523866e+00  3.980000e+00
   endloop
 endfacet
 facet normal  0.000000e+00  0.000000e+00  1.000000e+00
   outer loop
     vertex -4.808263e+00 -2.618441e+00  3.980000e+00
     vertex -7.214574e+00 -4.408735e+00  3.980000e+00
     vertex -4.671768e+00 -2.854858e+00  3.980000e+00
   endloop
 endfacet
 facet normal  0.000000e+00  0.000000e+00  1.000000e+00
   outer loop
     vertex -4.808263e+00 -2.618441e+00  3.980000e+00
     vertex -7.425363e+00 -4.043637e+00  3.980000e+00
     vertex -7.214574e+00 -4.408735e+00  3.980000e+00
   endloop
 endfacet
 facet normal  0.000000e+00  0.000000e+00  1.000000e+00
   outer loop
     vertex -2.497753e+00 -4.872048e+00  3.980000e+00
     vertex -2.737500e+00 -4.741489e+00  3.980000e+00
     vertex -3.857261e+00 -7.523866e+00  3.980000e+00
   endloop
 endfacet
 facet normal  0.000000e+00  0.000000e+00  1.000000e+00
   outer loop
     vertex -2.497753e+00 -4.872048e+00  3.980000e+00
     vertex -3.857261e+00 -7.523866e+00  3.980000e+00
     vertex -3.477432e+00 -7.706782e+00  3.980000e+00
   endloop
 endfacet
 facet normal  0.000000e+00  0.000000e+00  1.000000e+00
   outer loop
     vertex -4.932805e+00 -2.375513e+00  3.980000e+00
     vertex -7.425363e+00 -4.043637e+00  3.980000e+00
     vertex -4.808263e+00 -2.618441e+00  3.980000e+00
   endloop
 endfacet
 facet normal  0.000000e+00  0.000000e+00  1.000000e+00
   outer loop
     vertex -4.932805e+00 -2.375513e+00  3.980000e+00
     vertex -7.617692e+00 -3.668487e+00  3.980000e+00
     vertex -7.425363e+00 -4.043637e+00  3.980000e+00
   endloop
 endfacet
 facet normal  0.000000e+00  0.000000e+00  1.000000e+00
   outer loop
     vertex -2.251797e+00 -4.990495e+00  3.980000e+00
     vertex -2.497753e+00 -4.872048e+00  3.980000e+00
     vertex -3.477432e+00 -7.706782e+00  3.980000e+00
   endloop
 endfacet
 facet normal  0.000000e+00  0.000000e+00  1.000000e+00
   outer loop
     vertex -2.251797e+00 -4.990495e+00  3.980000e+00
     vertex -3.477432e+00 -7.706782e+00  3.980000e+00
     vertex -3.088958e+00 -7.870538e+00  3.980000e+00
   endloop
 endfacet
 facet normal  0.000000e+00  0.000000e+00  1.000000e+00
   outer loop
     vertex -5.045082e+00 -2.126681e+00  3.980000e+00
     vertex -7.617692e+00 -3.668487e+00  3.980000e+00
     vertex -4.932805e+00 -2.375513e+00  3.980000e+00
   endloop
 endfacet
 facet normal  0.000000e+00  0.000000e+00  1.000000e+00
   outer loop
     vertex -5.045082e+00 -2.126681e+00  3.980000e+00
     vertex -7.791081e+00 -3.284216e+00  3.980000e+00
     vertex -7.617692e+00 -3.668487e+00  3.980000e+00
   endloop
 endfacet
 facet normal  0.000000e+00  0.000000e+00  1.000000e+00
   outer loop
     vertex -2.000242e+00 -5.096534e+00  3.980000e+00
     vertex -2.251797e+00 -4.990495e+00  3.980000e+00
     vertex -3.088958e+00 -7.870538e+00  3.980000e+00
   endloop
 endfacet
 facet normal  0.000000e+00  0.000000e+00  1.000000e+00
   outer loop
     vertex -2.000242e+00 -5.096534e+00  3.980000e+00
     vertex -3.088958e+00 -7.870538e+00  3.980000e+00
     vertex -2.692805e+00 -8.014726e+00  3.980000e+00
   endloop
 endfacet
 facet normal  0.000000e+00  0.000000e+00  1.000000e+00
   outer loop
     vertex -5.144817e+00 -1.872560e+00  3.980000e+00
     vertex -7.791081e+00 -3.284216e+00  3.980000e+00
     vertex -5.045082e+00 -2.126681e+00  3.980000e+00
   endloop
 endfacet
 facet normal  0.000000e+00  0.000000e+00  1.000000e+00
   outer loop
     vertex -5.144817e+00 -1.872560e+00  3.980000e+00
     vertex -8.079368e+00 -2.492155e+00  3.980000e+00
     vertex -7.945101e+00 -2.891780e+00  3.980000e+00
   endloop
 endfacet
 facet normal  0.000000e+00  0.000000e+00  1.000000e+00
   outer loop
     vertex -5.144817e+00 -1.872560e+00  3.980000e+00
     vertex -7.945101e+00 -2.891780e+00  3.980000e+00
     vertex -7.791081e+00 -3.284216e+00  3.980000e+00
   endloop
 endfacet
 facet normal  0.000000e+00  0.000000e+00  1.000000e+00
   outer loop
     vertex -1.743714e+00 -5.189902e+00  3.980000e+00
     vertex -2.000242e+00 -5.096534e+00  3.980000e+00
     vertex -2.692805e+00 -8.014726e+00  3.980000e+00
   endloop
 endfacet
 facet normal  0.000000e+00  0.000000e+00  1.000000e+00
   outer loop
     vertex -1.743714e+00 -5.189902e+00  3.980000e+00
     vertex -2.692805e+00 -8.014726e+00  3.980000e+00
     vertex -2.289956e+00 -8.138988e+00  3.980000e+00
   endloop
 endfacet
 facet normal  0.000000e+00  0.000000e+00  1.000000e+00
   outer loop
     vertex -5.231761e+00 -1.613785e+00  3.980000e+00
     vertex -8.079368e+00 -2.492155e+00  3.980000e+00
     vertex -5.144817e+00 -1.872560e+00  3.980000e+00
   endloop
 endfacet
 facet normal  0.000000e+00  0.000000e+00  1.000000e+00
   outer loop
     vertex -1.482852e+00 -5.270368e+00  3.980000e+00
     vertex -1.743714e+00 -5.189902e+00  3.980000e+00
     vertex -2.289956e+00 -8.138988e+00  3.980000e+00
   endloop
 endfacet
 facet normal  0.000000e+00  0.000000e+00  1.000000e+00
   outer loop
     vertex -1.482852e+00 -5.270368e+00  3.980000e+00
     vertex -2.289956e+00 -8.138988e+00  3.980000e+00
     vertex -1.881414e+00 -8.243015e+00  3.980000e+00
   endloop
 endfacet
 facet normal  0.000000e+00  0.000000e+00  1.000000e+00
   outer loop
     vertex -5.305698e+00 -1.350997e+00  3.980000e+00
     vertex -8.079368e+00 -2.492155e+00  3.980000e+00
     vertex -5.231761e+00 -1.613785e+00  3.980000e+00
   endloop
 endfacet
 facet normal  0.000000e+00  0.000000e+00  1.000000e+00
   outer loop
     vertex -5.305698e+00 -1.350997e+00  3.980000e+00
     vertex -8.193548e+00 -2.086334e+00  3.980000e+00
     vertex -8.079368e+00 -2.492155e+00  3.980000e+00
   endloop
 endfacet
 facet normal  0.000000e+00  0.000000e+00  1.000000e+00
   outer loop
     vertex -1.218302e+00 -5.337730e+00  3.980000e+00
     vertex -1.482852e+00 -5.270368e+00  3.980000e+00
     vertex -1.881414e+00 -8.243015e+00  3.980000e+00
   endloop
 endfacet
 facet normal  0.000000e+00  0.000000e+00  1.000000e+00
   outer loop
     vertex -1.218302e+00 -5.337730e+00  3.980000e+00
     vertex -1.881414e+00 -8.243015e+00  3.980000e+00
     vertex -1.468195e+00 -8.326550e+00  3.980000e+00
   endloop
 endfacet
 facet normal  0.000000e+00  0.000000e+00  1.000000e+00
   outer loop
     vertex -5.366444e+00 -1.084850e+00  3.980000e+00
     vertex -8.287358e+00 -1.675326e+00  3.980000e+00
     vertex -8.193548e+00 -2.086334e+00  3.980000e+00
   endloop
 endfacet
 facet normal  0.000000e+00  0.000000e+00  1.000000e+00
   outer loop
     vertex -5.366444e+00 -1.084850e+00  3.980000e+00
     vertex -8.193548e+00 -2.086334e+00  3.980000e+00
     vertex -5.305698e+00 -1.350997e+00  3.980000e+00
   endloop
 endfacet
 facet normal  0.000000e+00  0.000000e+00  1.000000e+00
   outer loop
     vertex -9.507238e-01 -5.391822e+00  3.980000e+00
     vertex -1.218302e+00 -5.337730e+00  3.980000e+00
     vertex -1.468195e+00 -8.326550e+00  3.980000e+00
   endloop
 endfacet
 facet normal  0.000000e+00  0.000000e+00  1.000000e+00
   outer loop
     vertex -9.507238e-01 -5.391822e+00  3.980000e+00
     vertex -1.468195e+00 -8.326550e+00  3.980000e+00
     vertex -1.051326e+00 -8.389382e+00  3.980000e+00
   endloop
 endfacet
 facet normal  0.000000e+00  0.000000e+00  1.000000e+00
   outer loop
     vertex -5.413849e+00 -8.160064e-01  3.980000e+00
     vertex -8.412985e+00 -8.418461e-01  3.980000e+00
     vertex -8.360565e+00 -1.260152e+00  3.980000e+00
   endloop
 endfacet
 facet normal  0.000000e+00  0.000000e+00  1.000000e+00
   outer loop
     vertex -5.413849e+00 -8.160064e-01  3.980000e+00
     vertex -8.360565e+00 -1.260152e+00  3.980000e+00
     vertex -8.287358e+00 -1.675326e+00  3.980000e+00
   endloop
 endfacet
 facet normal  0.000000e+00  0.000000e+00  1.000000e+00
   outer loop
     vertex -5.413849e+00 -8.160064e-01  3.980000e+00
     vertex -8.287358e+00 -1.675326e+00  3.980000e+00
     vertex -5.366444e+00 -1.084850e+00  3.980000e+00
   endloop
 endfacet
 facet normal  0.000000e+00  0.000000e+00  1.000000e+00
   outer loop
     vertex -6.807818e-01 -5.432510e+00  3.980000e+00
     vertex -9.507238e-01 -5.391822e+00  3.980000e+00
     vertex -1.051326e+00 -8.389382e+00  3.980000e+00
   endloop
 endfacet
 facet normal  0.000000e+00  0.000000e+00  1.000000e+00
   outer loop
     vertex -6.807818e-01 -5.432510e+00  3.980000e+00
     vertex -1.051326e+00 -8.389382e+00  3.980000e+00
     vertex -6.318429e-01 -8.431358e+00  3.980000e+00
   endloop
 endfacet
 facet normal  0.000000e+00  0.000000e+00  1.000000e+00
   outer loop
     vertex -5.447793e+00 -5.451340e-01  3.980000e+00
     vertex -8.412985e+00 -8.418461e-01  3.980000e+00
     vertex -5.413849e+00 -8.160064e-01  3.980000e+00
   endloop
 endfacet
 facet normal  0.000000e+00  0.000000e+00  1.000000e+00
   outer loop
     vertex -5.447793e+00 -5.451340e-01  3.980000e+00
     vertex -8.444490e+00 -4.214470e-01  3.980000e+00
     vertex -8.412985e+00 -8.418461e-01  3.980000e+00
   endloop
 endfacet
 facet normal  0.000000e+00  0.000000e+00  1.000000e+00
   outer loop
     vertex -4.091473e-01 -5.459691e+00  3.980000e+00
     vertex -6.807818e-01 -5.432510e+00  3.980000e+00
     vertex -6.318429e-01 -8.431358e+00  3.980000e+00
   endloop
 endfacet
 facet normal  0.000000e+00  0.000000e+00  1.000000e+00
   outer loop
     vertex -4.091473e-01 -5.459691e+00  3.980000e+00
     vertex -6.318429e-01 -8.431358e+00  3.980000e+00
     vertex -2.107890e-01 -8.452372e+00  3.980000e+00
   endloop
 endfacet
 facet normal  0.000000e+00  0.000000e+00  1.000000e+00
   outer loop
     vertex -5.468194e+00 -2.729062e-01  3.980000e+00
     vertex -8.444490e+00 -4.214470e-01  3.980000e+00
     vertex -5.447793e+00 -5.451340e-01  3.980000e+00
   endloop
 endfacet
 facet normal  0.000000e+00  0.000000e+00  1.000000e+00
   outer loop
     vertex -1.364955e-01 -5.473298e+00  3.980000e+00
     vertex -4.091473e-01 -5.459691e+00  3.980000e+00
     vertex -2.107890e-01 -8.452372e+00  3.980000e+00
   endloop
 endfacet
 facet normal  0.000000e+00  0.000000e+00  1.000000e+00
   outer loop
     vertex -1.364955e-01 -5.473298e+00  3.980000e+00
     vertex -2.107890e-01 -8.452372e+00  3.980000e+00
     vertex  2.107890e-01 -8.452372e+00  3.980000e+00
   endloop
 endfacet
 facet normal  0.000000e+00  0.000000e+00  1.000000e+00
   outer loop
     vertex -5.475000e+00 -1.818552e-14  3.980000e+00
     vertex -8.455000e+00 -2.900276e-14  3.980000e+00
     vertex -8.444490e+00 -4.214470e-01  3.980000e+00
   endloop
 endfacet
 facet normal  0.000000e+00  0.000000e+00  1.000000e+00
   outer loop
     vertex -5.475000e+00 -1.818552e-14  3.980000e+00
     vertex -8.444490e+00 -4.214470e-01  3.980000e+00
     vertex -5.468194e+00 -2.729062e-01  3.980000e+00
   endloop
 endfacet
 facet normal  0.000000e+00  0.000000e+00  1.000000e+00
   outer loop
     vertex  1.364955e-01 -5.473298e+00  3.980000e+00
     vertex -1.364955e-01 -5.473298e+00  3.980000e+00
     vertex  2.107890e-01 -8.452372e+00  3.980000e+00
   endloop
 endfacet
 facet normal  0.000000e+00  0.000000e+00  1.000000e+00
   outer loop
     vertex  1.364955e-01 -5.473298e+00  3.980000e+00
     vertex  2.107890e-01 -8.452372e+00  3.980000e+00
     vertex  6.318429e-01 -8.431358e+00  3.980000e+00
   endloop
 endfacet
 facet normal  0.000000e+00  0.000000e+00  1.000000e+00
   outer loop
     vertex -5.468194e+00  2.729062e-01  3.980000e+00
     vertex -8.444490e+00  4.214470e-01  3.980000e+00
     vertex -8.455000e+00 -2.900276e-14  3.980000e+00
   endloop
 endfacet
 facet normal  0.000000e+00  0.000000e+00  1.000000e+00
   outer loop
     vertex -5.468194e+00  2.729062e-01  3.980000e+00
     vertex -8.455000e+00 -2.900276e-14  3.980000e+00
     vertex -5.475000e+00 -1.818552e-14  3.980000e+00
   endloop
 endfacet
 facet normal  0.000000e+00  0.000000e+00  1.000000e+00
   outer loop
     vertex  4.091473e-01 -5.459691e+00  3.980000e+00
     vertex  1.364955e-01 -5.473298e+00  3.980000e+00
     vertex  6.318429e-01 -8.431358e+00  3.980000e+00
   endloop
 endfacet
 facet normal  0.000000e+00  0.000000e+00  1.000000e+00
   outer loop
     vertex -5.447793e+00  5.451340e-01  3.980000e+00
     vertex -8.444490e+00  4.214470e-01  3.980000e+00
     vertex -5.468194e+00  2.729062e-01  3.980000e+00
   endloop
 endfacet
 facet normal  0.000000e+00  0.000000e+00  1.000000e+00
   outer loop
     vertex -5.447793e+00  5.451340e-01  3.980000e+00
     vertex -8.360565e+00  1.260152e+00  3.980000e+00
     vertex -8.412985e+00  8.418461e-01  3.980000e+00
   endloop
 endfacet
 facet normal  0.000000e+00  0.000000e+00  1.000000e+00
   outer loop
     vertex -5.447793e+00  5.451340e-01  3.980000e+00
     vertex -8.412985e+00  8.418461e-01  3.980000e+00
     vertex -8.444490e+00  4.214470e-01  3.980000e+00
   endloop
 endfacet
 facet normal  0.000000e+00  0.000000e+00  1.000000e+00
   outer loop
     vertex  6.807818e-01 -5.432510e+00  3.980000e+00
     vertex  4.091473e-01 -5.459691e+00  3.980000e+00
     vertex  6.318429e-01 -8.431358e+00  3.980000e+00
   endloop
 endfacet
 facet normal  0.000000e+00  0.000000e+00  1.000000e+00
   outer loop
     vertex  6.807818e-01 -5.432510e+00  3.980000e+00
     vertex  6.318429e-01 -8.431358e+00  3.980000e+00
     vertex  1.051326e+00 -8.389382e+00  3.980000e+00
   endloop
 endfacet
 facet normal  0.000000e+00  0.000000e+00  1.000000e+00
   outer loop
     vertex  6.807818e-01 -5.432510e+00  3.980000e+00
     vertex  1.051326e+00 -8.389382e+00  3.980000e+00
     vertex  1.468195e+00 -8.326550e+00  3.980000e+00
   endloop
 endfacet
 facet normal  0.000000e+00  0.000000e+00  1.000000e+00
   outer loop
     vertex -5.413849e+00  8.160064e-01  3.980000e+00
     vertex -8.360565e+00  1.260152e+00  3.980000e+00
     vertex -5.447793e+00  5.451340e-01  3.980000e+00
   endloop
 endfacet
 facet normal  0.000000e+00  0.000000e+00  1.000000e+00
   outer loop
     vertex  9.507238e-01 -5.391822e+00  3.980000e+00
     vertex  6.807818e-01 -5.432510e+00  3.980000e+00
     vertex  1.468195e+00 -8.326550e+00  3.980000e+00
   endloop
 endfacet
 facet normal  0.000000e+00  0.000000e+00  1.000000e+00
   outer loop
     vertex  9.507238e-01 -5.391822e+00  3.980000e+00
     vertex  1.468195e+00 -8.326550e+00  3.980000e+00
     vertex  1.881414e+00 -8.243015e+00  3.980000e+00
   endloop
 endfacet
 facet normal  0.000000e+00  0.000000e+00  1.000000e+00
   outer loop
     vertex -5.366444e+00  1.084850e+00  3.980000e+00
     vertex -8.287358e+00  1.675326e+00  3.980000e+00
     vertex -8.360565e+00  1.260152e+00  3.980000e+00
   endloop
 endfacet
 facet normal  0.000000e+00  0.000000e+00  1.000000e+00
   outer loop
     vertex -5.366444e+00  1.084850e+00  3.980000e+00
     vertex -8.360565e+00  1.260152e+00  3.980000e+00
     vertex -5.413849e+00  8.160064e-01  3.980000e+00
   endloop
 endfacet
 facet normal  0.000000e+00  0.000000e+00  1.000000e+00
   outer loop
     vertex  1.218302e+00 -5.337730e+00  3.980000e+00
     vertex  9.507238e-01 -5.391822e+00  3.980000e+00
     vertex  1.881414e+00 -8.243015e+00  3.980000e+00
   endloop
 endfacet
 facet normal  0.000000e+00  0.000000e+00  1.000000e+00
   outer loop
     vertex  1.218302e+00 -5.337730e+00  3.980000e+00
     vertex  1.881414e+00 -8.243015e+00  3.980000e+00
     vertex  2.289956e+00 -8.138988e+00  3.980000e+00
   endloop
 endfacet
 facet normal  0.000000e+00  0.000000e+00  1.000000e+00
   outer loop
     vertex -5.305698e+00  1.350997e+00  3.980000e+00
     vertex -8.287358e+00  1.675326e+00  3.980000e+00
     vertex -5.366444e+00  1.084850e+00  3.980000e+00
   endloop
 endfacet
 facet normal  0.000000e+00  0.000000e+00  1.000000e+00
   outer loop
     vertex -5.305698e+00  1.350997e+00  3.980000e+00
     vertex -8.193548e+00  2.086334e+00  3.980000e+00
     vertex -8.287358e+00  1.675326e+00  3.980000e+00
   endloop
 endfacet
 facet normal  0.000000e+00  0.000000e+00  1.000000e+00
   outer loop
     vertex  1.482852e+00 -5.270368e+00  3.980000e+00
     vertex  2.289956e+00 -8.138988e+00  3.980000e+00
     vertex  2.692805e+00 -8.014726e+00  3.980000e+00
   endloop
 endfacet
 facet normal  0.000000e+00  0.000000e+00  1.000000e+00
   outer loop
     vertex  1.482852e+00 -5.270368e+00  3.980000e+00
     vertex  1.218302e+00 -5.337730e+00  3.980000e+00
     vertex  2.289956e+00 -8.138988e+00  3.980000e+00
   endloop
 endfacet
 facet normal  0.000000e+00  0.000000e+00  1.000000e+00
   outer loop
     vertex -5.231761e+00  1.613785e+00  3.980000e+00
     vertex -8.193548e+00  2.086334e+00  3.980000e+00
     vertex -5.305698e+00  1.350997e+00  3.980000e+00
   endloop
 endfacet
 facet normal  0.000000e+00  0.000000e+00  1.000000e+00
   outer loop
     vertex -5.231761e+00  1.613785e+00  3.980000e+00
     vertex -8.079368e+00  2.492155e+00  3.980000e+00
     vertex -8.193548e+00  2.086334e+00  3.980000e+00
   endloop
 endfacet
 facet normal  0.000000e+00  0.000000e+00  1.000000e+00
   outer loop
     vertex  1.743714e+00 -5.189902e+00  3.980000e+00
     vertex  1.482852e+00 -5.270368e+00  3.980000e+00
     vertex  2.692805e+00 -8.014726e+00  3.980000e+00
   endloop
 endfacet
 facet normal  0.000000e+00  0.000000e+00  1.000000e+00
   outer loop
     vertex -5.144817e+00  1.872560e+00  3.980000e+00
     vertex -8.079368e+00  2.492155e+00  3.980000e+00
     vertex -5.231761e+00  1.613785e+00  3.980000e+00
   endloop
 endfacet
 facet normal  0.000000e+00  0.000000e+00  1.000000e+00
   outer loop
     vertex -5.144817e+00  1.872560e+00  3.980000e+00
     vertex -7.945101e+00  2.891780e+00  3.980000e+00
     vertex -8.079368e+00  2.492155e+00  3.980000e+00
   endloop
 endfacet
 facet normal  0.000000e+00  0.000000e+00  1.000000e+00
   outer loop
     vertex  2.000242e+00 -5.096534e+00  3.980000e+00
     vertex  2.692805e+00 -8.014726e+00  3.980000e+00
     vertex  3.088958e+00 -7.870538e+00  3.980000e+00
   endloop
 endfacet
 facet normal  0.000000e+00  0.000000e+00  1.000000e+00
   outer loop
     vertex  2.000242e+00 -5.096534e+00  3.980000e+00
     vertex  3.088958e+00 -7.870538e+00  3.980000e+00
     vertex  3.477432e+00 -7.706782e+00  3.980000e+00
   endloop
 endfacet
 facet normal  0.000000e+00  0.000000e+00  1.000000e+00
   outer loop
     vertex  2.000242e+00 -5.096534e+00  3.980000e+00
     vertex  1.743714e+00 -5.189902e+00  3.980000e+00
     vertex  2.692805e+00 -8.014726e+00  3.980000e+00
   endloop
 endfacet
 facet normal  0.000000e+00  0.000000e+00  1.000000e+00
   outer loop
     vertex -5.045082e+00  2.126681e+00  3.980000e+00
     vertex -7.945101e+00  2.891780e+00  3.980000e+00
     vertex -5.144817e+00  1.872560e+00  3.980000e+00
   endloop
 endfacet
 facet normal  0.000000e+00  0.000000e+00  1.000000e+00
   outer loop
     vertex -5.045082e+00  2.126681e+00  3.980000e+00
     vertex -7.791081e+00  3.284216e+00  3.980000e+00
     vertex -7.945101e+00  2.891780e+00  3.980000e+00
   endloop
 endfacet
 facet normal  0.000000e+00  0.000000e+00  1.000000e+00
   outer loop
     vertex  2.251797e+00 -4.990495e+00  3.980000e+00
     vertex  3.477432e+00 -7.706782e+00  3.980000e+00
     vertex  3.857261e+00 -7.523866e+00  3.980000e+00
   endloop
 endfacet
 facet normal  0.000000e+00  0.000000e+00  1.000000e+00
   outer loop
     vertex  2.251797e+00 -4.990495e+00  3.980000e+00
     vertex  2.000242e+00 -5.096534e+00  3.980000e+00
     vertex  3.477432e+00 -7.706782e+00  3.980000e+00
   endloop
 endfacet
 facet normal  0.000000e+00  0.000000e+00  1.000000e+00
   outer loop
     vertex -4.932805e+00  2.375513e+00  3.980000e+00
     vertex -7.791081e+00  3.284216e+00  3.980000e+00
     vertex -5.045082e+00  2.126681e+00  3.980000e+00
   endloop
 endfacet
 facet normal  0.000000e+00  0.000000e+00  1.000000e+00
   outer loop
     vertex -4.932805e+00  2.375513e+00  3.980000e+00
     vertex -7.617692e+00  3.668487e+00  3.980000e+00
     vertex -7.791081e+00  3.284216e+00  3.980000e+00
   endloop
 endfacet
 facet normal  0.000000e+00  0.000000e+00  1.000000e+00
   outer loop
     vertex  2.497753e+00 -4.872048e+00  3.980000e+00
     vertex  2.251797e+00 -4.990495e+00  3.980000e+00
     vertex  3.857261e+00 -7.523866e+00  3.980000e+00
   endloop
 endfacet
 facet normal  0.000000e+00  0.000000e+00  1.000000e+00
   outer loop
     vertex -4.808263e+00  2.618441e+00  3.980000e+00
     vertex -7.617692e+00  3.668487e+00  3.980000e+00
     vertex -4.932805e+00  2.375513e+00  3.980000e+00
   endloop
 endfacet
 facet normal  0.000000e+00  0.000000e+00  1.000000e+00
   outer loop
     vertex -4.808263e+00  2.618441e+00  3.980000e+00
     vertex -7.425363e+00  4.043637e+00  3.980000e+00
     vertex -7.617692e+00  3.668487e+00  3.980000e+00
   endloop
 endfacet
 facet normal  0.000000e+00  0.000000e+00  1.000000e+00
   outer loop
     vertex  2.737500e+00 -4.741489e+00  3.980000e+00
     vertex  3.857261e+00 -7.523866e+00  3.980000e+00
     vertex  4.227500e+00 -7.322245e+00  3.980000e+00
   endloop
 endfacet
 facet normal  0.000000e+00  0.000000e+00  1.000000e+00
   outer loop
     vertex  2.737500e+00 -4.741489e+00  3.980000e+00
     vertex  2.497753e+00 -4.872048e+00  3.980000e+00
     vertex  3.857261e+00 -7.523866e+00  3.980000e+00
   endloop
 endfacet
 facet normal  0.000000e+00  0.000000e+00  1.000000e+00
   outer loop
     vertex -4.671768e+00  2.854858e+00  3.980000e+00
     vertex -6.985849e+00  4.762871e+00  3.980000e+00
     vertex -7.214574e+00  4.408735e+00  3.980000e+00
   endloop
 endfacet
 facet normal  0.000000e+00  0.000000e+00  1.000000e+00
   outer loop
     vertex -4.671768e+00  2.854858e+00  3.980000e+00
     vertex -7.214574e+00  4.408735e+00  3.980000e+00
     vertex -7.425363e+00  4.043637e+00  3.980000e+00
   endloop
 endfacet
 facet normal  0.000000e+00  0.000000e+00  1.000000e+00
   outer loop
     vertex -4.671768e+00  2.854858e+00  3.980000e+00
     vertex -7.425363e+00  4.043637e+00  3.980000e+00
     vertex -4.808263e+00  2.618441e+00  3.980000e+00
   endloop
 endfacet
 facet normal  0.000000e+00  0.000000e+00  1.000000e+00
   outer loop
     vertex  2.970441e+00 -4.599142e+00  3.980000e+00
     vertex  4.227500e+00 -7.322245e+00  3.980000e+00
     vertex  4.587229e+00 -7.102419e+00  3.980000e+00
   endloop
 endfacet
 facet normal  0.000000e+00  0.000000e+00  1.000000e+00
   outer loop
     vertex  2.970441e+00 -4.599142e+00  3.980000e+00
     vertex  2.737500e+00 -4.741489e+00  3.980000e+00
     vertex  4.227500e+00 -7.322245e+00  3.980000e+00
   endloop
 endfacet
 facet normal  0.000000e+00  0.000000e+00  1.000000e+00
   outer loop
     vertex -4.523657e+00  3.084177e+00  3.980000e+00
     vertex -6.739755e+00  5.105166e+00  3.980000e+00
     vertex -6.985849e+00  4.762871e+00  3.980000e+00
   endloop
 endfacet
 facet normal  0.000000e+00  0.000000e+00  1.000000e+00
   outer loop
     vertex -4.523657e+00  3.084177e+00  3.980000e+00
     vertex -6.985849e+00  4.762871e+00  3.980000e+00
     vertex -4.671768e+00  2.854858e+00  3.980000e+00
   endloop
 endfacet
 facet normal  0.000000e+00  0.000000e+00  1.000000e+00
   outer loop
     vertex  3.195997e+00 -4.445361e+00  3.980000e+00
     vertex  4.587229e+00 -7.102419e+00  3.980000e+00
     vertex  4.935553e+00 -6.864936e+00  3.980000e+00
   endloop
 endfacet
 facet normal  0.000000e+00  0.000000e+00  1.000000e+00
   outer loop
     vertex  3.195997e+00 -4.445361e+00  3.980000e+00
     vertex  2.970441e+00 -4.599142e+00  3.980000e+00
     vertex  4.587229e+00 -7.102419e+00  3.980000e+00
   endloop
 endfacet
 facet normal  0.000000e+00  0.000000e+00  1.000000e+00
   outer loop
     vertex -4.364300e+00  3.305829e+00  3.980000e+00
     vertex -6.739755e+00  5.105166e+00  3.980000e+00
     vertex -4.523657e+00  3.084177e+00  3.980000e+00
   endloop
 endfacet
 facet normal  0.000000e+00  0.000000e+00  1.000000e+00
   outer loop
     vertex  3.413607e+00 -4.280527e+00  3.980000e+00
     vertex  4.935553e+00 -6.864936e+00  3.980000e+00
     vertex  5.271606e+00 -6.610385e+00  3.980000e+00
   endloop
 endfacet
 facet normal  0.000000e+00  0.000000e+00  1.000000e+00
   outer loop
     vertex  3.413607e+00 -4.280527e+00  3.980000e+00
     vertex  3.195997e+00 -4.445361e+00  3.980000e+00
     vertex  4.935553e+00 -6.864936e+00  3.980000e+00
   endloop
 endfacet
 facet normal  0.000000e+00  0.000000e+00  1.000000e+00
   outer loop
     vertex  5.594554e+00 -6.339400e+00  3.980000e+00
     vertex  3.413607e+00 -4.280527e+00  3.980000e+00
     vertex  5.271606e+00 -6.610385e+00  3.980000e+00
   endloop
 endfacet
 facet normal  0.000000e+00  0.000000e+00  1.000000e+00
   outer loop
     vertex -4.194093e+00  3.519262e+00  3.980000e+00
     vertex -6.476906e+00  5.434769e+00  3.980000e+00
     vertex -6.739755e+00  5.105166e+00  3.980000e+00
   endloop
 endfacet
 facet normal  0.000000e+00  0.000000e+00  1.000000e+00
   outer loop
     vertex -4.194093e+00  3.519262e+00  3.980000e+00
     vertex -6.739755e+00  5.105166e+00  3.980000e+00
     vertex -4.364300e+00  3.305829e+00  3.980000e+00
   endloop
 endfacet
 facet normal  0.000000e+00  0.000000e+00  1.000000e+00
   outer loop
     vertex  3.622730e+00 -4.105052e+00  3.980000e+00
     vertex  3.413607e+00 -4.280527e+00  3.980000e+00
     vertex  5.594554e+00 -6.339400e+00  3.980000e+00
   endloop
 endfacet
 facet normal  0.000000e+00  0.000000e+00  1.000000e+00
   outer loop
     vertex -6.197954e+00  5.750860e+00  3.980000e+00
     vertex -6.476906e+00  5.434769e+00  3.980000e+00
     vertex -4.194093e+00  3.519262e+00  3.980000e+00
   endloop
 endfacet
 facet normal  0.000000e+00  0.000000e+00  1.000000e+00
   outer loop
     vertex -4.013459e+00  3.723946e+00  3.980000e+00
     vertex -6.197954e+00  5.750860e+00  3.980000e+00
     vertex -4.194093e+00  3.519262e+00  3.980000e+00
   endloop
 endfacet
 facet normal  0.000000e+00  0.000000e+00  1.000000e+00
   outer loop
     vertex  3.822847e+00 -3.919371e+00  3.980000e+00
     vertex  5.594554e+00 -6.339400e+00  3.980000e+00
     vertex  5.903592e+00 -6.052654e+00  3.980000e+00
   endloop
 endfacet
 facet normal  0.000000e+00  0.000000e+00  1.000000e+00
   outer loop
     vertex  3.822847e+00 -3.919371e+00  3.980000e+00
     vertex  3.622730e+00 -4.105052e+00  3.980000e+00
     vertex  5.594554e+00 -6.339400e+00  3.980000e+00
   endloop
 endfacet
 facet normal  0.000000e+00  0.000000e+00  1.000000e+00
   outer loop
     vertex -5.903592e+00  6.052654e+00  3.980000e+00
     vertex -6.197954e+00  5.750860e+00  3.980000e+00
     vertex -4.013459e+00  3.723946e+00  3.980000e+00
   endloop
 endfacet
 facet normal  0.000000e+00  0.000000e+00  1.000000e+00
   outer loop
     vertex -5.903592e+00  6.052654e+00  3.980000e+00
     vertex -4.013459e+00  3.723946e+00  3.980000e+00
     vertex -3.822847e+00  3.919371e+00  3.980000e+00
   endloop
 endfacet
 facet normal  0.000000e+00  0.000000e+00  1.000000e+00
   outer loop
     vertex  6.197954e+00 -5.750860e+00  3.980000e+00
     vertex  3.822847e+00 -3.919371e+00  3.980000e+00
     vertex  5.903592e+00 -6.052654e+00  3.980000e+00
   endloop
 endfacet
 facet normal  0.000000e+00  0.000000e+00  1.000000e+00
   outer loop
     vertex  6.197954e+00 -5.750860e+00  3.980000e+00
     vertex  4.013459e+00 -3.723946e+00  3.980000e+00
     vertex  3.822847e+00 -3.919371e+00  3.980000e+00
   endloop
 endfacet
 facet normal  0.000000e+00  0.000000e+00  1.000000e+00
   outer loop
     vertex -5.594554e+00  6.339400e+00  3.980000e+00
     vertex -5.903592e+00  6.052654e+00  3.980000e+00
     vertex -3.822847e+00  3.919371e+00  3.980000e+00
   endloop
 endfacet
 facet normal  0.000000e+00  0.000000e+00  1.000000e+00
   outer loop
     vertex -5.594554e+00  6.339400e+00  3.980000e+00
     vertex -3.822847e+00  3.919371e+00  3.980000e+00
     vertex -3.622730e+00  4.105052e+00  3.980000e+00
   endloop
 endfacet
 facet normal  0.000000e+00  0.000000e+00  1.000000e+00
   outer loop
     vertex  6.476906e+00 -5.434769e+00  3.980000e+00
     vertex  4.013459e+00 -3.723946e+00  3.980000e+00
     vertex  6.197954e+00 -5.750860e+00  3.980000e+00
   endloop
 endfacet
 facet normal  0.000000e+00  0.000000e+00  1.000000e+00
   outer loop
     vertex  6.476906e+00 -5.434769e+00  3.980000e+00
     vertex  4.194093e+00 -3.519262e+00  3.980000e+00
     vertex  4.013459e+00 -3.723946e+00  3.980000e+00
   endloop
 endfacet
 facet normal  0.000000e+00  0.000000e+00  1.000000e+00
   outer loop
     vertex  4.364300e+00 -3.305829e+00  3.980000e+00
     vertex  4.194093e+00 -3.519262e+00  3.980000e+00
     vertex  6.476906e+00 -5.434769e+00  3.980000e+00
   endloop
 endfacet
 facet normal  0.000000e+00  0.000000e+00  1.000000e+00
   outer loop
     vertex -5.271606e+00  6.610385e+00  3.980000e+00
     vertex -5.594554e+00  6.339400e+00  3.980000e+00
     vertex -3.622730e+00  4.105052e+00  3.980000e+00
   endloop
 endfacet
 facet normal  0.000000e+00  0.000000e+00  1.000000e+00
   outer loop
     vertex -5.271606e+00  6.610385e+00  3.980000e+00
     vertex -3.622730e+00  4.105052e+00  3.980000e+00
     vertex -3.413607e+00  4.280527e+00  3.980000e+00
   endloop
 endfacet
 facet normal  0.000000e+00  0.000000e+00  1.000000e+00
   outer loop
     vertex  6.739755e+00 -5.105166e+00  3.980000e+00
     vertex  4.364300e+00 -3.305829e+00  3.980000e+00
     vertex  6.476906e+00 -5.434769e+00  3.980000e+00
   endloop
 endfacet
 facet normal  0.000000e+00  0.000000e+00  1.000000e+00
   outer loop
     vertex  6.739755e+00 -5.105166e+00  3.980000e+00
     vertex  4.523657e+00 -3.084177e+00  3.980000e+00
     vertex  4.364300e+00 -3.305829e+00  3.980000e+00
   endloop
 endfacet
 facet normal  0.000000e+00  0.000000e+00  1.000000e+00
   outer loop
     vertex -4.935553e+00  6.864936e+00  3.980000e+00
     vertex -5.271606e+00  6.610385e+00  3.980000e+00
     vertex -3.413607e+00  4.280527e+00  3.980000e+00
   endloop
 endfacet
 facet normal  0.000000e+00  0.000000e+00  1.000000e+00
   outer loop
     vertex -4.935553e+00  6.864936e+00  3.980000e+00
     vertex -3.413607e+00  4.280527e+00  3.980000e+00
     vertex -3.195997e+00  4.445361e+00  3.980000e+00
   endloop
 endfacet
 facet normal  0.000000e+00  0.000000e+00  1.000000e+00
   outer loop
     vertex  6.985849e+00 -4.762871e+00  3.980000e+00
     vertex  4.523657e+00 -3.084177e+00  3.980000e+00
     vertex  6.739755e+00 -5.105166e+00  3.980000e+00
   endloop
 endfacet
 facet normal  0.000000e+00  0.000000e+00  1.000000e+00
   outer loop
     vertex -4.587229e+00  7.102419e+00  3.980000e+00
     vertex -4.935553e+00  6.864936e+00  3.980000e+00
     vertex -3.195997e+00  4.445361e+00  3.980000e+00
   endloop
 endfacet
 facet normal  0.000000e+00  0.000000e+00  1.000000e+00
   outer loop
     vertex -4.587229e+00  7.102419e+00  3.980000e+00
     vertex -3.195997e+00  4.445361e+00  3.980000e+00
     vertex -2.970441e+00  4.599142e+00  3.980000e+00
   endloop
 endfacet
 facet normal  0.000000e+00  0.000000e+00  1.000000e+00
   outer loop
     vertex  7.214574e+00 -4.408735e+00  3.980000e+00
     vertex  4.523657e+00 -3.084177e+00  3.980000e+00
     vertex  6.985849e+00 -4.762871e+00  3.980000e+00
   endloop
 endfacet
 facet normal  0.000000e+00  0.000000e+00  1.000000e+00
   outer loop
     vertex  7.214574e+00 -4.408735e+00  3.980000e+00
     vertex  4.671768e+00 -2.854858e+00  3.980000e+00
     vertex  4.523657e+00 -3.084177e+00  3.980000e+00
   endloop
 endfacet
 facet normal  0.000000e+00  0.000000e+00  1.000000e+00
   outer loop
     vertex -4.227500e+00  7.322245e+00  3.980000e+00
     vertex -4.587229e+00  7.102419e+00  3.980000e+00
     vertex -2.970441e+00  4.599142e+00  3.980000e+00
   endloop
 endfacet
 facet normal  0.000000e+00  0.000000e+00  1.000000e+00
   outer loop
     vertex -4.227500e+00  7.322245e+00  3.980000e+00
     vertex -2.970441e+00  4.599142e+00  3.980000e+00
     vertex -2.737500e+00  4.741489e+00  3.980000e+00
   endloop
 endfacet
 facet normal  0.000000e+00  0.000000e+00  1.000000e+00
   outer loop
     vertex  7.425363e+00 -4.043637e+00  3.980000e+00
     vertex  4.671768e+00 -2.854858e+00  3.980000e+00
     vertex  7.214574e+00 -4.408735e+00  3.980000e+00
   endloop
 endfacet
 facet normal  0.000000e+00  0.000000e+00  1.000000e+00
   outer loop
     vertex  7.425363e+00 -4.043637e+00  3.980000e+00
     vertex  4.808263e+00 -2.618441e+00  3.980000e+00
     vertex  4.671768e+00 -2.854858e+00  3.980000e+00
   endloop
 endfacet
 facet normal  0.000000e+00  0.000000e+00  1.000000e+00
   outer loop
     vertex -3.857261e+00  7.523866e+00  3.980000e+00
     vertex -4.227500e+00  7.322245e+00  3.980000e+00
     vertex -2.737500e+00  4.741489e+00  3.980000e+00
   endloop
 endfacet
 facet normal  0.000000e+00  0.000000e+00  1.000000e+00
   outer loop
     vertex -3.857261e+00  7.523866e+00  3.980000e+00
     vertex -2.737500e+00  4.741489e+00  3.980000e+00
     vertex -2.497753e+00  4.872048e+00  3.980000e+00
   endloop
 endfacet
 facet normal  0.000000e+00  0.000000e+00  1.000000e+00
   outer loop
     vertex  7.617692e+00 -3.668487e+00  3.980000e+00
     vertex  4.932805e+00 -2.375513e+00  3.980000e+00
     vertex  4.808263e+00 -2.618441e+00  3.980000e+00
   endloop
 endfacet
 facet normal  0.000000e+00  0.000000e+00  1.000000e+00
   outer loop
     vertex  7.617692e+00 -3.668487e+00  3.980000e+00
     vertex  4.808263e+00 -2.618441e+00  3.980000e+00
     vertex  7.425363e+00 -4.043637e+00  3.980000e+00
   endloop
 endfacet
 facet normal  0.000000e+00  0.000000e+00  1.000000e+00
   outer loop
     vertex -3.477432e+00  7.706782e+00  3.980000e+00
     vertex -2.497753e+00  4.872048e+00  3.980000e+00
     vertex -2.251797e+00  4.990495e+00  3.980000e+00
   endloop
 endfacet
 facet normal  0.000000e+00  0.000000e+00  1.000000e+00
   outer loop
     vertex -3.477432e+00  7.706782e+00  3.980000e+00
     vertex -3.857261e+00  7.523866e+00  3.980000e+00
     vertex -2.497753e+00  4.872048e+00  3.980000e+00
   endloop
 endfacet
 facet normal  0.000000e+00  0.000000e+00  1.000000e+00
   outer loop
     vertex  7.791081e+00 -3.284216e+00  3.980000e+00
     vertex  5.045082e+00 -2.126681e+00  3.980000e+00
     vertex  4.932805e+00 -2.375513e+00  3.980000e+00
   endloop
 endfacet
 facet normal  0.000000e+00  0.000000e+00  1.000000e+00
   outer loop
     vertex  7.791081e+00 -3.284216e+00  3.980000e+00
     vertex  5.144817e+00 -1.872560e+00  3.980000e+00
     vertex  5.045082e+00 -2.126681e+00  3.980000e+00
   endloop
 endfacet
 facet normal  0.000000e+00  0.000000e+00  1.000000e+00
   outer loop
     vertex  7.791081e+00 -3.284216e+00  3.980000e+00
     vertex  4.932805e+00 -2.375513e+00  3.980000e+00
     vertex  7.617692e+00 -3.668487e+00  3.980000e+00
   endloop
 endfacet
 facet normal  0.000000e+00  0.000000e+00  1.000000e+00
   outer loop
     vertex -3.088958e+00  7.870538e+00  3.980000e+00
     vertex -2.251797e+00  4.990495e+00  3.980000e+00
     vertex -2.000242e+00  5.096534e+00  3.980000e+00
   endloop
 endfacet
 facet normal  0.000000e+00  0.000000e+00  1.000000e+00
   outer loop
     vertex -3.088958e+00  7.870538e+00  3.980000e+00
     vertex -3.477432e+00  7.706782e+00  3.980000e+00
     vertex -2.251797e+00  4.990495e+00  3.980000e+00
   endloop
 endfacet
 facet normal  0.000000e+00  0.000000e+00  1.000000e+00
   outer loop
     vertex  7.945101e+00 -2.891780e+00  3.980000e+00
     vertex  5.144817e+00 -1.872560e+00  3.980000e+00
     vertex  7.791081e+00 -3.284216e+00  3.980000e+00
   endloop
 endfacet
 facet normal  0.000000e+00  0.000000e+00  1.000000e+00
   outer loop
     vertex -2.692805e+00  8.014726e+00  3.980000e+00
     vertex -3.088958e+00  7.870538e+00  3.980000e+00
     vertex -2.000242e+00  5.096534e+00  3.980000e+00
   endloop
 endfacet
 facet normal  0.000000e+00  0.000000e+00  1.000000e+00
   outer loop
     vertex -2.692805e+00  8.014726e+00  3.980000e+00
     vertex -1.743714e+00  5.189902e+00  3.980000e+00
     vertex -1.482852e+00  5.270368e+00  3.980000e+00
   endloop
 endfacet
 facet normal  0.000000e+00  0.000000e+00  1.000000e+00
   outer loop
     vertex -2.692805e+00  8.014726e+00  3.980000e+00
     vertex -2.000242e+00  5.096534e+00  3.980000e+00
     vertex -1.743714e+00  5.189902e+00  3.980000e+00
   endloop
 endfacet
 facet normal  0.000000e+00  0.000000e+00  1.000000e+00
   outer loop
     vertex  8.079368e+00 -2.492155e+00  3.980000e+00
     vertex  5.231761e+00 -1.613785e+00  3.980000e+00
     vertex  5.144817e+00 -1.872560e+00  3.980000e+00
   endloop
 endfacet
 facet normal  0.000000e+00  0.000000e+00  1.000000e+00
   outer loop
     vertex  8.079368e+00 -2.492155e+00  3.980000e+00
     vertex  5.144817e+00 -1.872560e+00  3.980000e+00
     vertex  7.945101e+00 -2.891780e+00  3.980000e+00
   endloop
 endfacet
 facet normal  0.000000e+00  0.000000e+00  1.000000e+00
   outer loop
     vertex -2.289956e+00  8.138988e+00  3.980000e+00
     vertex -2.692805e+00  8.014726e+00  3.980000e+00
     vertex -1.482852e+00  5.270368e+00  3.980000e+00
   endloop
 endfacet
 facet normal  0.000000e+00  0.000000e+00  1.000000e+00
   outer loop
     vertex  8.193548e+00 -2.086334e+00  3.980000e+00
     vertex  5.305698e+00 -1.350997e+00  3.980000e+00
     vertex  5.231761e+00 -1.613785e+00  3.980000e+00
   endloop
 endfacet
 facet normal  0.000000e+00  0.000000e+00  1.000000e+00
   outer loop
     vertex  8.193548e+00 -2.086334e+00  3.980000e+00
     vertex  5.366444e+00 -1.084850e+00  3.980000e+00
     vertex  5.305698e+00 -1.350997e+00  3.980000e+00
   endloop
 endfacet
 facet normal  0.000000e+00  0.000000e+00  1.000000e+00
   outer loop
     vertex  8.193548e+00 -2.086334e+00  3.980000e+00
     vertex  5.231761e+00 -1.613785e+00  3.980000e+00
     vertex  8.079368e+00 -2.492155e+00  3.980000e+00
   endloop
 endfacet
 facet normal  0.000000e+00  0.000000e+00  1.000000e+00
   outer loop
     vertex -1.881414e+00  8.243015e+00  3.980000e+00
     vertex -1.482852e+00  5.270368e+00  3.980000e+00
     vertex -1.218302e+00  5.337730e+00  3.980000e+00
   endloop
 endfacet
 facet normal  0.000000e+00  0.000000e+00  1.000000e+00
   outer loop
     vertex -1.881414e+00  8.243015e+00  3.980000e+00
     vertex -2.289956e+00  8.138988e+00  3.980000e+00
     vertex -1.482852e+00  5.270368e+00  3.980000e+00
   endloop
 endfacet
 facet normal  0.000000e+00  0.000000e+00  1.000000e+00
   outer loop
     vertex  8.287358e+00 -1.675326e+00  3.980000e+00
     vertex  5.366444e+00 -1.084850e+00  3.980000e+00
     vertex  8.193548e+00 -2.086334e+00  3.980000e+00
   endloop
 endfacet
 facet normal  0.000000e+00  0.000000e+00  1.000000e+00
   outer loop
     vertex  8.287358e+00 -1.675326e+00  3.980000e+00
     vertex  5.413849e+00 -8.160064e-01  3.980000e+00
     vertex  5.366444e+00 -1.084850e+00  3.980000e+00
   endloop
 endfacet
 facet normal  0.000000e+00  0.000000e+00  1.000000e+00
   outer loop
     vertex -1.468195e+00  8.326550e+00  3.980000e+00
     vertex -1.881414e+00  8.243015e+00  3.980000e+00
     vertex -1.218302e+00  5.337730e+00  3.980000e+00
   endloop
 endfacet
 facet normal  0.000000e+00  0.000000e+00  1.000000e+00
   outer loop
     vertex -1.468195e+00  8.326550e+00  3.980000e+00
     vertex -1.218302e+00  5.337730e+00  3.980000e+00
     vertex -9.507238e-01  5.391822e+00  3.980000e+00
   endloop
 endfacet
 facet normal  0.000000e+00  0.000000e+00  1.000000e+00
   outer loop
     vertex  8.360565e+00 -1.260152e+00  3.980000e+00
     vertex  5.413849e+00 -8.160064e-01  3.980000e+00
     vertex  8.287358e+00 -1.675326e+00  3.980000e+00
   endloop
 endfacet
 facet normal  0.000000e+00  0.000000e+00  1.000000e+00
   outer loop
     vertex  8.360565e+00 -1.260152e+00  3.980000e+00
     vertex  5.447793e+00 -5.451340e-01  3.980000e+00
     vertex  5.413849e+00 -8.160064e-01  3.980000e+00
   endloop
 endfacet
 facet normal  0.000000e+00  0.000000e+00  1.000000e+00
   outer loop
     vertex -1.051326e+00  8.389382e+00  3.980000e+00
     vertex -1.468195e+00  8.326550e+00  3.980000e+00
     vertex -9.507238e-01  5.391822e+00  3.980000e+00
   endloop
 endfacet
 facet normal  0.000000e+00  0.000000e+00  1.000000e+00
   outer loop
     vertex -1.051326e+00  8.389382e+00  3.980000e+00
     vertex -9.507238e-01  5.391822e+00  3.980000e+00
     vertex -6.807818e-01  5.432510e+00  3.980000e+00
   endloop
 endfacet
 facet normal  0.000000e+00  0.000000e+00  1.000000e+00
   outer loop
     vertex  8.412985e+00 -8.418461e-01  3.980000e+00
     vertex  5.447793e+00 -5.451340e-01  3.980000e+00
     vertex  8.360565e+00 -1.260152e+00  3.980000e+00
   endloop
 endfacet
 facet normal  0.000000e+00  0.000000e+00  1.000000e+00
   outer loop
     vertex -6.318429e-01  8.431358e+00  3.980000e+00
     vertex -1.051326e+00  8.389382e+00  3.980000e+00
     vertex -6.807818e-01  5.432510e+00  3.980000e+00
   endloop
 endfacet
 facet normal  0.000000e+00  0.000000e+00  1.000000e+00
   outer loop
     vertex -6.318429e-01  8.431358e+00  3.980000e+00
     vertex -4.091473e-01  5.459691e+00  3.980000e+00
     vertex -1.364955e-01  5.473298e+00  3.980000e+00
   endloop
 endfacet
 facet normal  0.000000e+00  0.000000e+00  1.000000e+00
   outer loop
     vertex -6.318429e-01  8.431358e+00  3.980000e+00
     vertex -6.807818e-01  5.432510e+00  3.980000e+00
     vertex -4.091473e-01  5.459691e+00  3.980000e+00
   endloop
 endfacet
 facet normal  0.000000e+00  0.000000e+00  1.000000e+00
   outer loop
     vertex  8.444490e+00 -4.214470e-01  3.980000e+00
     vertex  5.447793e+00 -5.451340e-01  3.980000e+00
     vertex  8.412985e+00 -8.418461e-01  3.980000e+00
   endloop
 endfacet
 facet normal  0.000000e+00  0.000000e+00  1.000000e+00
   outer loop
     vertex  8.444490e+00 -4.214470e-01  3.980000e+00
     vertex  5.468194e+00 -2.729062e-01  3.980000e+00
     vertex  5.447793e+00 -5.451340e-01  3.980000e+00
   endloop
 endfacet
 facet normal  0.000000e+00  0.000000e+00  1.000000e+00
   outer loop
     vertex  8.444490e+00 -4.214470e-01  3.980000e+00
     vertex  5.475000e+00  5.950944e-16  3.980000e+00
     vertex  5.468194e+00 -2.729062e-01  3.980000e+00
   endloop
 endfacet
 facet normal  0.000000e+00  0.000000e+00  1.000000e+00
   outer loop
     vertex -2.107890e-01  8.452372e+00  3.980000e+00
     vertex -6.318429e-01  8.431358e+00  3.980000e+00
     vertex -1.364955e-01  5.473298e+00  3.980000e+00
   endloop
 endfacet
 facet normal  0.000000e+00  0.000000e+00  1.000000e+00
   outer loop
     vertex  8.455000e+00  0.000000e+00  3.980000e+00
     vertex  5.475000e+00  5.950944e-16  3.980000e+00
     vertex  8.444490e+00 -4.214470e-01  3.980000e+00
   endloop
 endfacet
 facet normal  0.000000e+00  0.000000e+00  1.000000e+00
   outer loop
     vertex  2.107890e-01  8.452372e+00  3.980000e+00
     vertex -1.364955e-01  5.473298e+00  3.980000e+00
     vertex  1.364955e-01  5.473298e+00  3.980000e+00
   endloop
 endfacet
 facet normal  0.000000e+00  0.000000e+00  1.000000e+00
   outer loop
     vertex  2.107890e-01  8.452372e+00  3.980000e+00
     vertex -2.107890e-01  8.452372e+00  3.980000e+00
     vertex -1.364955e-01  5.473298e+00  3.980000e+00
   endloop
 endfacet
 facet normal  0.000000e+00  0.000000e+00  1.000000e+00
   outer loop
     vertex  8.444490e+00  4.214470e-01  3.980000e+00
     vertex  5.468194e+00  2.729062e-01  3.980000e+00
     vertex  5.475000e+00  5.950944e-16  3.980000e+00
   endloop
 endfacet
 facet normal  0.000000e+00  0.000000e+00  1.000000e+00
   outer loop
     vertex  8.444490e+00  4.214470e-01  3.980000e+00
     vertex  5.475000e+00  5.950944e-16  3.980000e+00
     vertex  8.455000e+00  0.000000e+00  3.980000e+00
   endloop
 endfacet
 facet normal  0.000000e+00  0.000000e+00  1.000000e+00
   outer loop
     vertex  6.318429e-01  8.431358e+00  3.980000e+00
     vertex  1.364955e-01  5.473298e+00  3.980000e+00
     vertex  4.091473e-01  5.459691e+00  3.980000e+00
   endloop
 endfacet
 facet normal  0.000000e+00  0.000000e+00  1.000000e+00
   outer loop
     vertex  6.318429e-01  8.431358e+00  3.980000e+00
     vertex  2.107890e-01  8.452372e+00  3.980000e+00
     vertex  1.364955e-01  5.473298e+00  3.980000e+00
   endloop
 endfacet
 facet normal  0.000000e+00  0.000000e+00  1.000000e+00
   outer loop
     vertex  8.412985e+00  8.418461e-01  3.980000e+00
     vertex  5.447793e+00  5.451340e-01  3.980000e+00
     vertex  5.468194e+00  2.729062e-01  3.980000e+00
   endloop
 endfacet
 facet normal  0.000000e+00  0.000000e+00  1.000000e+00
   outer loop
     vertex  8.412985e+00  8.418461e-01  3.980000e+00
     vertex  5.468194e+00  2.729062e-01  3.980000e+00
     vertex  8.444490e+00  4.214470e-01  3.980000e+00
   endloop
 endfacet
 facet normal  0.000000e+00  0.000000e+00  1.000000e+00
   outer loop
     vertex  1.051326e+00  8.389382e+00  3.980000e+00
     vertex  4.091473e-01  5.459691e+00  3.980000e+00
     vertex  6.807818e-01  5.432510e+00  3.980000e+00
   endloop
 endfacet
 facet normal  0.000000e+00  0.000000e+00  1.000000e+00
   outer loop
     vertex  1.051326e+00  8.389382e+00  3.980000e+00
     vertex  6.318429e-01  8.431358e+00  3.980000e+00
     vertex  4.091473e-01  5.459691e+00  3.980000e+00
   endloop
 endfacet
 facet normal  0.000000e+00  0.000000e+00  1.000000e+00
   outer loop
     vertex  8.360565e+00  1.260152e+00  3.980000e+00
     vertex  5.413849e+00  8.160064e-01  3.980000e+00
     vertex  5.447793e+00  5.451340e-01  3.980000e+00
   endloop
 endfacet
 facet normal  0.000000e+00  0.000000e+00  1.000000e+00
   outer loop
     vertex  8.360565e+00  1.260152e+00  3.980000e+00
     vertex  5.447793e+00  5.451340e-01  3.980000e+00
     vertex  8.412985e+00  8.418461e-01  3.980000e+00
   endloop
 endfacet
 facet normal  0.000000e+00  0.000000e+00  1.000000e+00
   outer loop
     vertex  1.468195e+00  8.326550e+00  3.980000e+00
     vertex  6.807818e-01  5.432510e+00  3.980000e+00
     vertex  9.507238e-01  5.391822e+00  3.980000e+00
   endloop
 endfacet
 facet normal  0.000000e+00  0.000000e+00  1.000000e+00
   outer loop
     vertex  1.468195e+00  8.326550e+00  3.980000e+00
     vertex  1.051326e+00  8.389382e+00  3.980000e+00
     vertex  6.807818e-01  5.432510e+00  3.980000e+00
   endloop
 endfacet
 facet normal  0.000000e+00  0.000000e+00  1.000000e+00
   outer loop
     vertex  8.287358e+00  1.675326e+00  3.980000e+00
     vertex  5.366444e+00  1.084850e+00  3.980000e+00
     vertex  5.413849e+00  8.160064e-01  3.980000e+00
   endloop
 endfacet
 facet normal  0.000000e+00  0.000000e+00  1.000000e+00
   outer loop
     vertex  8.287358e+00  1.675326e+00  3.980000e+00
     vertex  5.413849e+00  8.160064e-01  3.980000e+00
     vertex  8.360565e+00  1.260152e+00  3.980000e+00
   endloop
 endfacet
 facet normal  0.000000e+00  0.000000e+00  1.000000e+00
   outer loop
     vertex  1.881414e+00  8.243015e+00  3.980000e+00
     vertex  1.468195e+00  8.326550e+00  3.980000e+00
     vertex  9.507238e-01  5.391822e+00  3.980000e+00
   endloop
 endfacet
 facet normal  0.000000e+00  0.000000e+00  1.000000e+00
   outer loop
     vertex  1.881414e+00  8.243015e+00  3.980000e+00
     vertex  9.507238e-01  5.391822e+00  3.980000e+00
     vertex  1.218302e+00  5.337730e+00  3.980000e+00
   endloop
 endfacet
 facet normal  0.000000e+00  0.000000e+00  1.000000e+00
   outer loop
     vertex  8.193548e+00  2.086334e+00  3.980000e+00
     vertex  5.366444e+00  1.084850e+00  3.980000e+00
     vertex  8.287358e+00  1.675326e+00  3.980000e+00
   endloop
 endfacet
 facet normal  0.000000e+00  0.000000e+00  1.000000e+00
   outer loop
     vertex  8.193548e+00  2.086334e+00  3.980000e+00
     vertex  5.305698e+00  1.350997e+00  3.980000e+00
     vertex  5.366444e+00  1.084850e+00  3.980000e+00
   endloop
 endfacet
 facet normal  0.000000e+00  0.000000e+00  1.000000e+00
   outer loop
     vertex  2.289956e+00  8.138988e+00  3.980000e+00
     vertex  1.881414e+00  8.243015e+00  3.980000e+00
     vertex  1.218302e+00  5.337730e+00  3.980000e+00
   endloop
 endfacet
 facet normal  0.000000e+00  0.000000e+00  1.000000e+00
   outer loop
     vertex  2.289956e+00  8.138988e+00  3.980000e+00
     vertex  1.218302e+00  5.337730e+00  3.980000e+00
     vertex  1.482852e+00  5.270368e+00  3.980000e+00
   endloop
 endfacet
 facet normal  0.000000e+00  0.000000e+00  1.000000e+00
   outer loop
     vertex  8.079368e+00  2.492155e+00  3.980000e+00
     vertex  5.231761e+00  1.613785e+00  3.980000e+00
     vertex  5.305698e+00  1.350997e+00  3.980000e+00
   endloop
 endfacet
 facet normal  0.000000e+00  0.000000e+00  1.000000e+00
   outer loop
     vertex  8.079368e+00  2.492155e+00  3.980000e+00
     vertex  5.144817e+00  1.872560e+00  3.980000e+00
     vertex  5.231761e+00  1.613785e+00  3.980000e+00
   endloop
 endfacet
 facet normal  0.000000e+00  0.000000e+00  1.000000e+00
   outer loop
     vertex  8.079368e+00  2.492155e+00  3.980000e+00
     vertex  5.305698e+00  1.350997e+00  3.980000e+00
     vertex  8.193548e+00  2.086334e+00  3.980000e+00
   endloop
 endfacet
 facet normal  0.000000e+00  0.000000e+00  1.000000e+00
   outer loop
     vertex  2.692805e+00  8.014726e+00  3.980000e+00
     vertex  2.289956e+00  8.138988e+00  3.980000e+00
     vertex  1.482852e+00  5.270368e+00  3.980000e+00
   endloop
 endfacet
 facet normal  0.000000e+00  0.000000e+00  1.000000e+00
   outer loop
     vertex  2.692805e+00  8.014726e+00  3.980000e+00
     vertex  1.482852e+00  5.270368e+00  3.980000e+00
     vertex  1.743714e+00  5.189902e+00  3.980000e+00
   endloop
 endfacet
 facet normal  0.000000e+00  0.000000e+00  1.000000e+00
   outer loop
     vertex  7.945101e+00  2.891780e+00  3.980000e+00
     vertex  5.144817e+00  1.872560e+00  3.980000e+00
     vertex  8.079368e+00  2.492155e+00  3.980000e+00
   endloop
 endfacet
 facet normal  0.000000e+00  0.000000e+00  1.000000e+00
   outer loop
     vertex  3.088958e+00  7.870538e+00  3.980000e+00
     vertex  2.692805e+00  8.014726e+00  3.980000e+00
     vertex  1.743714e+00  5.189902e+00  3.980000e+00
   endloop
 endfacet
 facet normal  0.000000e+00  0.000000e+00  1.000000e+00
   outer loop
     vertex  3.088958e+00  7.870538e+00  3.980000e+00
     vertex  1.743714e+00  5.189902e+00  3.980000e+00
     vertex  2.000242e+00  5.096534e+00  3.980000e+00
   endloop
 endfacet
 facet normal  0.000000e+00  0.000000e+00  1.000000e+00
   outer loop
     vertex  7.791081e+00  3.284216e+00  3.980000e+00
     vertex  5.144817e+00  1.872560e+00  3.980000e+00
     vertex  7.945101e+00  2.891780e+00  3.980000e+00
   endloop
 endfacet
 facet normal  0.000000e+00  0.000000e+00  1.000000e+00
   outer loop
     vertex  7.791081e+00  3.284216e+00  3.980000e+00
     vertex  5.045082e+00  2.126681e+00  3.980000e+00
     vertex  5.144817e+00  1.872560e+00  3.980000e+00
   endloop
 endfacet
 facet normal  0.000000e+00  0.000000e+00  1.000000e+00
   outer loop
     vertex  7.791081e+00  3.284216e+00  3.980000e+00
     vertex  4.932805e+00  2.375513e+00  3.980000e+00
     vertex  5.045082e+00  2.126681e+00  3.980000e+00
   endloop
 endfacet
 facet normal  0.000000e+00  0.000000e+00  1.000000e+00
   outer loop
     vertex  3.477432e+00  7.706782e+00  3.980000e+00
     vertex  3.088958e+00  7.870538e+00  3.980000e+00
     vertex  2.000242e+00  5.096534e+00  3.980000e+00
   endloop
 endfacet
 facet normal  0.000000e+00  0.000000e+00  1.000000e+00
   outer loop
     vertex  3.477432e+00  7.706782e+00  3.980000e+00
     vertex  2.000242e+00  5.096534e+00  3.980000e+00
     vertex  2.251797e+00  4.990495e+00  3.980000e+00
   endloop
 endfacet
 facet normal  0.000000e+00  0.000000e+00  1.000000e+00
   outer loop
     vertex  7.617692e+00  3.668487e+00  3.980000e+00
     vertex  4.932805e+00  2.375513e+00  3.980000e+00
     vertex  7.791081e+00  3.284216e+00  3.980000e+00
   endloop
 endfacet
 facet normal  0.000000e+00  0.000000e+00  1.000000e+00
   outer loop
     vertex  3.857261e+00  7.523866e+00  3.980000e+00
     vertex  3.477432e+00  7.706782e+00  3.980000e+00
     vertex  2.251797e+00  4.990495e+00  3.980000e+00
   endloop
 endfacet
 facet normal  0.000000e+00  0.000000e+00  1.000000e+00
   outer loop
     vertex  3.857261e+00  7.523866e+00  3.980000e+00
     vertex  2.251797e+00  4.990495e+00  3.980000e+00
     vertex  2.497753e+00  4.872048e+00  3.980000e+00
   endloop
 endfacet
 facet normal  0.000000e+00  0.000000e+00  1.000000e+00
   outer loop
     vertex  7.425363e+00  4.043637e+00  3.980000e+00
     vertex  4.808263e+00  2.618441e+00  3.980000e+00
     vertex  4.932805e+00  2.375513e+00  3.980000e+00
   endloop
 endfacet
 facet normal  0.000000e+00  0.000000e+00  1.000000e+00
   outer loop
     vertex  7.425363e+00  4.043637e+00  3.980000e+00
     vertex  4.671768e+00  2.854858e+00  3.980000e+00
     vertex  4.808263e+00  2.618441e+00  3.980000e+00
   endloop
 endfacet
 facet normal  0.000000e+00  0.000000e+00  1.000000e+00
   outer loop
     vertex  7.425363e+00  4.043637e+00  3.980000e+00
     vertex  4.932805e+00  2.375513e+00  3.980000e+00
     vertex  7.617692e+00  3.668487e+00  3.980000e+00
   endloop
 endfacet
 facet normal  0.000000e+00  0.000000e+00  1.000000e+00
   outer loop
     vertex  4.227500e+00  7.322245e+00  3.980000e+00
     vertex  3.857261e+00  7.523866e+00  3.980000e+00
     vertex  2.497753e+00  4.872048e+00  3.980000e+00
   endloop
 endfacet
 facet normal  0.000000e+00  0.000000e+00  1.000000e+00
   outer loop
     vertex  4.227500e+00  7.322245e+00  3.980000e+00
     vertex  2.497753e+00  4.872048e+00  3.980000e+00
     vertex  2.737500e+00  4.741489e+00  3.980000e+00
   endloop
 endfacet
 facet normal  0.000000e+00  0.000000e+00  1.000000e+00
   outer loop
     vertex  7.214574e+00  4.408735e+00  3.980000e+00
     vertex  4.671768e+00  2.854858e+00  3.980000e+00
     vertex  7.425363e+00  4.043637e+00  3.980000e+00
   endloop
 endfacet
 facet normal  0.000000e+00  0.000000e+00  1.000000e+00
   outer loop
     vertex  4.587229e+00  7.102419e+00  3.980000e+00
     vertex  4.227500e+00  7.322245e+00  3.980000e+00
     vertex  2.737500e+00  4.741489e+00  3.980000e+00
   endloop
 endfacet
 facet normal  0.000000e+00  0.000000e+00  1.000000e+00
   outer loop
     vertex  4.587229e+00  7.102419e+00  3.980000e+00
     vertex  2.737500e+00  4.741489e+00  3.980000e+00
     vertex  2.970441e+00  4.599142e+00  3.980000e+00
   endloop
 endfacet
 facet normal  0.000000e+00  0.000000e+00  1.000000e+00
   outer loop
     vertex  6.985849e+00  4.762871e+00  3.980000e+00
     vertex  4.671768e+00  2.854858e+00  3.980000e+00
     vertex  7.214574e+00  4.408735e+00  3.980000e+00
   endloop
 endfacet
 facet normal  0.000000e+00  0.000000e+00  1.000000e+00
   outer loop
     vertex  6.985849e+00  4.762871e+00  3.980000e+00
     vertex  4.523657e+00  3.084177e+00  3.980000e+00
     vertex  4.671768e+00  2.854858e+00  3.980000e+00
   endloop
 endfacet
 facet normal  0.000000e+00  0.000000e+00  1.000000e+00
   outer loop
     vertex  4.935553e+00  6.864936e+00  3.980000e+00
     vertex  4.587229e+00  7.102419e+00  3.980000e+00
     vertex  2.970441e+00  4.599142e+00  3.980000e+00
   endloop
 endfacet
 facet normal  0.000000e+00  0.000000e+00  1.000000e+00
   outer loop
     vertex  4.935553e+00  6.864936e+00  3.980000e+00
     vertex  3.195997e+00  4.445361e+00  3.980000e+00
     vertex  3.413607e+00  4.280527e+00  3.980000e+00
   endloop
 endfacet
 facet normal  0.000000e+00  0.000000e+00  1.000000e+00
   outer loop
     vertex  4.935553e+00  6.864936e+00  3.980000e+00
     vertex  2.970441e+00  4.599142e+00  3.980000e+00
     vertex  3.195997e+00  4.445361e+00  3.980000e+00
   endloop
 endfacet
 facet normal  0.000000e+00  0.000000e+00  1.000000e+00
   outer loop
     vertex  6.739755e+00  5.105166e+00  3.980000e+00
     vertex  4.523657e+00  3.084177e+00  3.980000e+00
     vertex  6.985849e+00  4.762871e+00  3.980000e+00
   endloop
 endfacet
 facet normal  0.000000e+00  0.000000e+00  1.000000e+00
   outer loop
     vertex  6.739755e+00  5.105166e+00  3.980000e+00
     vertex  4.364300e+00  3.305829e+00  3.980000e+00
     vertex  4.523657e+00  3.084177e+00  3.980000e+00
   endloop
 endfacet
 facet normal  0.000000e+00  0.000000e+00  1.000000e+00
   outer loop
     vertex  6.739755e+00  5.105166e+00  3.980000e+00
     vertex  4.194093e+00  3.519262e+00  3.980000e+00
     vertex  4.364300e+00  3.305829e+00  3.980000e+00
   endloop
 endfacet
 facet normal  0.000000e+00  0.000000e+00  1.000000e+00
   outer loop
     vertex  5.271606e+00  6.610385e+00  3.980000e+00
     vertex  4.935553e+00  6.864936e+00  3.980000e+00
     vertex  3.413607e+00  4.280527e+00  3.980000e+00
   endloop
 endfacet
 facet normal  0.000000e+00  0.000000e+00  1.000000e+00
   outer loop
     vertex  6.476906e+00  5.434769e+00  3.980000e+00
     vertex  4.194093e+00  3.519262e+00  3.980000e+00
     vertex  6.739755e+00  5.105166e+00  3.980000e+00
   endloop
 endfacet
 facet normal  0.000000e+00  0.000000e+00  1.000000e+00
   outer loop
     vertex  5.594554e+00  6.339400e+00  3.980000e+00
     vertex  5.271606e+00  6.610385e+00  3.980000e+00
     vertex  3.413607e+00  4.280527e+00  3.980000e+00
   endloop
 endfacet
 facet normal  0.000000e+00  0.000000e+00  1.000000e+00
   outer loop
     vertex  5.594554e+00  6.339400e+00  3.980000e+00
     vertex  3.413607e+00  4.280527e+00  3.980000e+00
     vertex  3.622730e+00  4.105052e+00  3.980000e+00
   endloop
 endfacet
 facet normal  0.000000e+00  0.000000e+00  1.000000e+00
   outer loop
     vertex  6.197954e+00  5.750860e+00  3.980000e+00
     vertex  4.013459e+00  3.723946e+00  3.980000e+00
     vertex  4.194093e+00  3.519262e+00  3.980000e+00
   endloop
 endfacet
 facet normal  0.000000e+00  0.000000e+00  1.000000e+00
   outer loop
     vertex  6.197954e+00  5.750860e+00  3.980000e+00
     vertex  3.822847e+00  3.919371e+00  3.980000e+00
     vertex  4.013459e+00  3.723946e+00  3.980000e+00
   endloop
 endfacet
 facet normal  0.000000e+00  0.000000e+00  1.000000e+00
   outer loop
     vertex  6.197954e+00  5.750860e+00  3.980000e+00
     vertex  4.194093e+00  3.519262e+00  3.980000e+00
     vertex  6.476906e+00  5.434769e+00  3.980000e+00
   endloop
 endfacet
 facet normal  0.000000e+00  0.000000e+00  1.000000e+00
   outer loop
     vertex  5.903592e+00  6.052654e+00  3.980000e+00
     vertex  3.622730e+00  4.105052e+00  3.980000e+00
     vertex  3.822847e+00  3.919371e+00  3.980000e+00
   endloop
 endfacet
 facet normal  0.000000e+00  0.000000e+00  1.000000e+00
   outer loop
     vertex  5.903592e+00  6.052654e+00  3.980000e+00
     vertex  5.594554e+00  6.339400e+00  3.980000e+00
     vertex  3.622730e+00  4.105052e+00  3.980000e+00
   endloop
 endfacet
 facet normal  0.000000e+00  0.000000e+00  1.000000e+00
   outer loop
     vertex  5.903592e+00  6.052654e+00  3.980000e+00
     vertex  3.822847e+00  3.919371e+00  3.980000e+00
     vertex  6.197954e+00  5.750860e+00  3.980000e+00
   endloop
 endfacet
 facet normal -7.069969e-01 -1.763140e-02 -7.069969e-01
   outer loop
     vertex  5.225000e+00  5.950944e-16  2.500000e-01
     vertex  4.975000e+00  5.950944e-16  5.000000e-01
     vertex  4.968816e+00  2.479833e-01  5.000000e-01
   endloop
 endfacet
 facet normal -7.069969e-01 -1.763140e-02 -7.069969e-01
   outer loop
     vertex  5.468194e+00  2.729062e-01  0.000000e+00
     vertex  5.475000e+00  5.950944e-16  0.000000e+00
     vertex  5.225000e+00  5.950944e-16  2.500000e-01
   endloop
 endfacet
 facet normal -7.069969e-01  1.763140e-02 -7.069969e-01
   outer loop
     vertex  5.225000e+00  5.950944e-16  2.500000e-01
     vertex  4.968816e+00 -2.479833e-01  5.000000e-01
     vertex  4.975000e+00  5.950944e-16  5.000000e-01
   endloop
 endfacet
 facet normal -7.069969e-01  1.763140e-02 -7.069969e-01
   outer loop
     vertex  5.475000e+00  5.950944e-16  0.000000e+00
     vertex  5.468194e+00 -2.729062e-01  0.000000e+00
     vertex  5.225000e+00  5.950944e-16  2.500000e-01
   endloop
 endfacet
 facet normal -7.052392e-01 -5.285037e-02 -7.069969e-01
   outer loop
     vertex  5.199036e+00  5.202420e-01  2.500000e-01
     vertex  4.968816e+00  2.479833e-01  5.000000e-01
     vertex  4.950278e+00  4.953500e-01  5.000000e-01
   endloop
 endfacet
 facet normal -7.017281e-01 -8.793794e-02 -7.069969e-01
   outer loop
     vertex  5.199036e+00  5.202420e-01  2.500000e-01
     vertex  4.950278e+00  4.953500e-01  5.000000e-01
     vertex  4.919433e+00  7.414853e-01  5.000000e-01
   endloop
 endfacet
 facet normal -7.052392e-01 -5.285037e-02 -7.069969e-01
   outer loop
     vertex  5.199036e+00  5.202420e-01  2.500000e-01
     vertex  5.447793e+00  5.451340e-01  0.000000e+00
     vertex  5.468194e+00  2.729062e-01  0.000000e+00
   endloop
 endfacet
 facet normal -7.017281e-01 -8.793794e-02 -7.069969e-01
   outer loop
     vertex  5.199036e+00  5.202420e-01  2.500000e-01
     vertex  5.413849e+00  8.160064e-01  0.000000e+00
     vertex  5.447793e+00  5.451340e-01  0.000000e+00
   endloop
 endfacet
 facet normal -7.154606e-01 -3.570715e-02 -6.977400e-01
   outer loop
     vertex  5.199036e+00  5.202420e-01  2.500000e-01
     vertex  5.225000e+00  5.950944e-16  2.500000e-01
     vertex  4.968816e+00  2.479833e-01  5.000000e-01
   endloop
 endfacet
 facet normal -6.971141e-01 -3.479152e-02 -7.161156e-01
   outer loop
     vertex  5.199036e+00  5.202420e-01  2.500000e-01
     vertex  5.468194e+00  2.729062e-01  0.000000e+00
     vertex  5.225000e+00  5.950944e-16  2.500000e-01
   endloop
 endfacet
 facet normal -6.964725e-01 -1.228069e-01 -7.069969e-01
   outer loop
     vertex  5.121401e+00  1.035314e+00  2.500000e-01
     vertex  4.919433e+00  7.414853e-01  5.000000e-01
     vertex  4.876358e+00  9.857771e-01  5.000000e-01
   endloop
 endfacet
 facet normal -6.894853e-01 -1.573705e-01 -7.069969e-01
   outer loop
     vertex  5.121401e+00  1.035314e+00  2.500000e-01
     vertex  4.876358e+00  9.857771e-01  5.000000e-01
     vertex  4.821159e+00  1.227618e+00  5.000000e-01
   endloop
 endfacet
 facet normal -6.964725e-01 -1.228069e-01 -7.069969e-01
   outer loop
     vertex  5.121401e+00  1.035314e+00  2.500000e-01
     vertex  5.366444e+00  1.084850e+00  0.000000e+00
     vertex  5.413849e+00  8.160064e-01  0.000000e+00
   endloop
 endfacet
 facet normal -6.894853e-01 -1.573705e-01 -7.069969e-01
   outer loop
     vertex  5.121401e+00  1.035314e+00  2.500000e-01
     vertex  5.305698e+00  1.350997e+00  0.000000e+00
     vertex  5.366444e+00  1.084850e+00  0.000000e+00
   endloop
 endfacet
 facet normal -7.083500e-01 -1.067666e-01 -6.977400e-01
   outer loop
     vertex  5.121401e+00  1.035314e+00  2.500000e-01
     vertex  5.199036e+00  5.202420e-01  2.500000e-01
     vertex  4.919433e+00  7.414853e-01  5.000000e-01
   endloop
 endfacet
 facet normal -6.901859e-01 -1.040288e-01 -7.161156e-01
   outer loop
     vertex  5.121401e+00  1.035314e+00  2.500000e-01
     vertex  5.413849e+00  8.160064e-01  0.000000e+00
     vertex  5.199036e+00  5.202420e-01  2.500000e-01
   endloop
 endfacet
 facet normal -6.807839e-01 -1.915429e-01 -7.069969e-01
   outer loop
     vertex  4.992868e+00  1.540096e+00  2.500000e-01
     vertex  4.821159e+00  1.227618e+00  5.000000e-01
     vertex  4.753975e+00  1.466407e+00  5.000000e-01
   endloop
 endfacet
 facet normal -6.703900e-01 -2.252391e-01 -7.069969e-01
   outer loop
     vertex  4.992868e+00  1.540096e+00  2.500000e-01
     vertex  4.753975e+00  1.466407e+00  5.000000e-01
     vertex  4.674971e+00  1.701550e+00  5.000000e-01
   endloop
 endfacet
 facet normal -6.807839e-01 -1.915429e-01 -7.069969e-01
   outer loop
     vertex  4.992868e+00  1.540096e+00  2.500000e-01
     vertex  5.231761e+00  1.613785e+00  0.000000e+00
     vertex  5.305698e+00  1.350997e+00  0.000000e+00
   endloop
 endfacet
 facet normal -6.703900e-01 -2.252391e-01 -7.069969e-01
   outer loop
     vertex  4.992868e+00  1.540096e+00  2.500000e-01
     vertex  5.144817e+00  1.872560e+00  0.000000e+00
     vertex  5.231761e+00  1.613785e+00  0.000000e+00
   endloop
 endfacet
 facet normal -6.941996e-01 -1.767649e-01 -6.977400e-01
   outer loop
     vertex  4.992868e+00  1.540096e+00  2.500000e-01
     vertex  5.121401e+00  1.035314e+00  2.500000e-01
     vertex  4.821159e+00  1.227618e+00  5.000000e-01
   endloop
 endfacet
 facet normal -6.763983e-01 -1.722322e-01 -7.161156e-01
   outer loop
     vertex  4.992868e+00  1.540096e+00  2.500000e-01
     vertex  5.305698e+00  1.350997e+00  0.000000e+00
     vertex  5.121401e+00  1.035314e+00  2.500000e-01
   endloop
 endfacet
 facet normal -6.583294e-01 -2.583753e-01 -7.069969e-01
   outer loop
     vertex  4.814713e+00  2.029572e+00  2.500000e-01
     vertex  4.674971e+00  1.701550e+00  5.000000e-01
     vertex  4.584344e+00  1.932463e+00  5.000000e-01
   endloop
 endfacet
 facet normal -6.446321e-01 -2.908691e-01 -7.069969e-01
   outer loop
     vertex  4.814713e+00  2.029572e+00  2.500000e-01
     vertex  4.584344e+00  1.932463e+00  5.000000e-01
     vertex  4.482320e+00  2.158572e+00  5.000000e-01
   endloop
 endfacet
 facet normal -6.731498e-01 -2.450065e-01 -6.977400e-01
   outer loop
     vertex  4.814713e+00  2.029572e+00  2.500000e-01
     vertex  4.992868e+00  1.540096e+00  2.500000e-01
     vertex  4.674971e+00  1.701550e+00  5.000000e-01
   endloop
 endfacet
 facet normal -6.558883e-01 -2.387238e-01 -7.161156e-01
   outer loop
     vertex  4.814713e+00  2.029572e+00  2.500000e-01
     vertex  5.144817e+00  1.872560e+00  0.000000e+00
     vertex  4.992868e+00  1.540096e+00  2.500000e-01
   endloop
 endfacet
 facet normal -6.583294e-01 -2.583753e-01 -7.069969e-01
   outer loop
     vertex  4.814713e+00  2.029572e+00  2.500000e-01
     vertex  5.045082e+00  2.126681e+00  0.000000e+00
     vertex  5.144817e+00  1.872560e+00  0.000000e+00
   endloop
 endfacet
 facet normal -6.446321e-01 -2.908691e-01 -7.069969e-01
   outer loop
     vertex  4.814713e+00  2.029572e+00  2.500000e-01
     vertex  4.932805e+00  2.375513e+00  0.000000e+00
     vertex  5.045082e+00  2.126681e+00  0.000000e+00
   endloop
 endfacet
 facet normal -6.293322e-01 -3.226398e-01 -7.069969e-01
   outer loop
     vertex  4.588708e+00  2.498877e+00  2.500000e-01
     vertex  4.482320e+00  2.158572e+00  5.000000e-01
     vertex  4.369152e+00  2.379314e+00  5.000000e-01
   endloop
 endfacet
 facet normal -6.124676e-01 -3.536083e-01 -7.069969e-01
   outer loop
     vertex  4.588708e+00  2.498877e+00  2.500000e-01
     vertex  4.369152e+00  2.379314e+00  5.000000e-01
     vertex  4.245122e+00  2.594140e+00  5.000000e-01
   endloop
 endfacet
 facet normal -6.454100e-01 -3.108131e-01 -6.977400e-01
   outer loop
     vertex  4.588708e+00  2.498877e+00  2.500000e-01
     vertex  4.814713e+00  2.029572e+00  2.500000e-01
     vertex  4.482320e+00  2.158572e+00  5.000000e-01
   endloop
 endfacet
 facet normal -6.293322e-01 -3.226398e-01 -7.069969e-01
   outer loop
     vertex  4.588708e+00  2.498877e+00  2.500000e-01
     vertex  4.808263e+00  2.618441e+00  0.000000e+00
     vertex  4.932805e+00  2.375513e+00  0.000000e+00
   endloop
 endfacet
 facet normal -6.288598e-01 -3.028429e-01 -7.161156e-01
   outer loop
     vertex  4.588708e+00  2.498877e+00  2.500000e-01
     vertex  4.932805e+00  2.375513e+00  0.000000e+00
     vertex  4.814713e+00  2.029572e+00  2.500000e-01
   endloop
 endfacet
 facet normal -6.124676e-01 -3.536083e-01 -7.069969e-01
   outer loop
     vertex  4.588708e+00  2.498877e+00  2.500000e-01
     vertex  4.671768e+00  2.854858e+00  0.000000e+00
     vertex  4.808263e+00  2.618441e+00  0.000000e+00
   endloop
 endfacet
 facet normal -5.940803e-01 -3.836978e-01 -7.069969e-01
   outer loop
     vertex  4.317098e+00  2.943347e+00  2.500000e-01
     vertex  4.245122e+00  2.594140e+00  5.000000e-01
     vertex  4.110538e+00  2.802517e+00  5.000000e-01
   endloop
 endfacet
 facet normal -5.742161e-01 -4.128333e-01 -7.069969e-01
   outer loop
     vertex  4.317098e+00  2.943347e+00  2.500000e-01
     vertex  4.110538e+00  2.802517e+00  5.000000e-01
     vertex  3.965734e+00  3.003927e+00  5.000000e-01
   endloop
 endfacet
 facet normal -5.955815e-01 -3.639523e-01 -7.161156e-01
   outer loop
     vertex  4.317098e+00  2.943347e+00  2.500000e-01
     vertex  4.671768e+00  2.854858e+00  0.000000e+00
     vertex  4.588708e+00  2.498877e+00  2.500000e-01
   endloop
 endfacet
 facet normal -5.940803e-01 -3.836978e-01 -7.069969e-01
   outer loop
     vertex  4.317098e+00  2.943347e+00  2.500000e-01
     vertex  4.523657e+00  3.084177e+00  0.000000e+00
     vertex  4.671768e+00  2.854858e+00  0.000000e+00
   endloop
 endfacet
 facet normal -5.742161e-01 -4.128333e-01 -7.069969e-01
   outer loop
     vertex  4.317098e+00  2.943347e+00  2.500000e-01
     vertex  4.364300e+00  3.305829e+00  0.000000e+00
     vertex  4.523657e+00  3.084177e+00  0.000000e+00
   endloop
 endfacet
 facet normal -6.112558e-01 -3.735307e-01 -6.977400e-01
   outer loop
     vertex  4.317098e+00  2.943347e+00  2.500000e-01
     vertex  4.588708e+00  2.498877e+00  2.500000e-01
     vertex  4.245122e+00  2.594140e+00  5.000000e-01
   endloop
 endfacet
 facet normal -5.563839e-01 -4.214445e-01 -7.161156e-01
   outer loop
     vertex  4.002582e+00  3.358565e+00  2.500000e-01
     vertex  4.364300e+00  3.305829e+00  0.000000e+00
     vertex  4.317098e+00  2.943347e+00  2.500000e-01
   endloop
 endfacet
 facet normal -5.529243e-01 -4.409424e-01 -7.069969e-01
   outer loop
     vertex  4.002582e+00  3.358565e+00  2.500000e-01
     vertex  3.965734e+00  3.003927e+00  5.000000e-01
     vertex  3.811071e+00  3.197868e+00  5.000000e-01
   endloop
 endfacet
 facet normal -5.302578e-01 -4.679553e-01 -7.069969e-01
   outer loop
     vertex  4.002582e+00  3.358565e+00  2.500000e-01
     vertex  3.811071e+00  3.197868e+00  5.000000e-01
     vertex  3.646933e+00  3.383859e+00  5.000000e-01
   endloop
 endfacet
 facet normal -5.529243e-01 -4.409424e-01 -7.069969e-01
   outer loop
     vertex  4.002582e+00  3.358565e+00  2.500000e-01
     vertex  4.194093e+00  3.519262e+00  0.000000e+00
     vertex  4.364300e+00  3.305829e+00  0.000000e+00
   endloop
 endfacet
 facet normal -5.302578e-01 -4.679553e-01 -7.069969e-01
   outer loop
     vertex  4.002582e+00  3.358565e+00  2.500000e-01
     vertex  4.013459e+00  3.723946e+00  0.000000e+00
     vertex  4.194093e+00  3.519262e+00  0.000000e+00
   endloop
 endfacet
 facet normal -5.710267e-01 -4.325359e-01 -6.977400e-01
   outer loop
     vertex  4.002582e+00  3.358565e+00  2.500000e-01
     vertex  4.317098e+00  2.943347e+00  2.500000e-01
     vertex  3.965734e+00  3.003927e+00  5.000000e-01
   endloop
 endfacet
 facet normal -5.062730e-01 -4.938047e-01 -7.069969e-01
   outer loop
     vertex  3.648287e+00  3.740404e+00  2.500000e-01
     vertex  3.646933e+00  3.383859e+00  5.000000e-01
     vertex  3.473728e+00  3.561438e+00  5.000000e-01
   endloop
 endfacet
 facet normal -4.810295e-01 -5.184265e-01 -7.069969e-01
   outer loop
     vertex  3.648287e+00  3.740404e+00  2.500000e-01
     vertex  3.473728e+00  3.561438e+00  5.000000e-01
     vertex  3.291887e+00  3.730161e+00  5.000000e-01
   endloop
 endfacet
 facet normal -5.251225e-01 -4.872425e-01 -6.977400e-01
   outer loop
     vertex  3.648287e+00  3.740404e+00  2.500000e-01
     vertex  4.002582e+00  3.358565e+00  2.500000e-01
     vertex  3.646933e+00  3.383859e+00  5.000000e-01
   endloop
 endfacet
 facet normal -5.116568e-01 -4.747482e-01 -7.161156e-01
   outer loop
     vertex  3.648287e+00  3.740404e+00  2.500000e-01
     vertex  4.013459e+00  3.723946e+00  0.000000e+00
     vertex  4.002582e+00  3.358565e+00  2.500000e-01
   endloop
 endfacet
 facet normal -5.062730e-01 -4.938047e-01 -7.069969e-01
   outer loop
     vertex  3.648287e+00  3.740404e+00  2.500000e-01
     vertex  3.822847e+00  3.919371e+00  0.000000e+00
     vertex  4.013459e+00  3.723946e+00  0.000000e+00
   endloop
 endfacet
 facet normal -4.810295e-01 -5.184265e-01 -7.069969e-01
   outer loop
     vertex  3.648287e+00  3.740404e+00  2.500000e-01
     vertex  3.622730e+00  4.105052e+00  0.000000e+00
     vertex  3.822847e+00  3.919371e+00  0.000000e+00
   endloop
 endfacet
 facet normal -4.545901e-01 -5.417594e-01 -7.069969e-01
   outer loop
     vertex  3.257734e+00  4.085069e+00  2.500000e-01
     vertex  3.291887e+00  3.730161e+00  5.000000e-01
     vertex  3.101862e+00  3.889612e+00  5.000000e-01
   endloop
 endfacet
 facet normal -4.270206e-01 -5.637454e-01 -7.069969e-01
   outer loop
     vertex  3.257734e+00  4.085069e+00  2.500000e-01
     vertex  3.101862e+00  3.889612e+00  5.000000e-01
     vertex  2.904125e+00  4.039392e+00  5.000000e-01
   endloop
 endfacet
 facet normal -4.545901e-01 -5.417594e-01 -7.069969e-01
   outer loop
     vertex  3.257734e+00  4.085069e+00  2.500000e-01
     vertex  3.413607e+00  4.280527e+00  0.000000e+00
     vertex  3.622730e+00  4.105052e+00  0.000000e+00
   endloop
 endfacet
 facet normal -4.270206e-01 -5.637454e-01 -7.069969e-01
   outer loop
     vertex  3.257734e+00  4.085069e+00  2.500000e-01
     vertex  3.195997e+00  4.445361e+00  0.000000e+00
     vertex  3.413607e+00  4.280527e+00  0.000000e+00
   endloop
 endfacet
 facet normal -4.739994e-01 -5.371066e-01 -6.977400e-01
   outer loop
     vertex  3.257734e+00  4.085069e+00  2.500000e-01
     vertex  3.648287e+00  3.740404e+00  2.500000e-01
     vertex  3.291887e+00  3.730161e+00  5.000000e-01
   endloop
 endfacet
 facet normal -4.618446e-01 -5.233336e-01 -7.161156e-01
   outer loop
     vertex  3.257734e+00  4.085069e+00  2.500000e-01
     vertex  3.622730e+00  4.105052e+00  0.000000e+00
     vertex  3.648287e+00  3.740404e+00  2.500000e-01
   endloop
 endfacet
 facet normal -3.983893e-01 -5.843298e-01 -7.069969e-01
   outer loop
     vertex  2.834804e+00  4.389135e+00  2.500000e-01
     vertex  2.904125e+00  4.039392e+00  5.000000e-01
     vertex  2.699168e+00  4.179129e+00  5.000000e-01
   endloop
 endfacet
 facet normal -3.687677e-01 -6.034615e-01 -7.069969e-01
   outer loop
     vertex  2.834804e+00  4.389135e+00  2.500000e-01
     vertex  2.699168e+00  4.179129e+00  5.000000e-01
     vertex  2.487500e+00  4.308476e+00  5.000000e-01
   endloop
 endfacet
 facet normal -3.983893e-01 -5.843298e-01 -7.069969e-01
   outer loop
     vertex  2.834804e+00  4.389135e+00  2.500000e-01
     vertex  2.970441e+00  4.599142e+00  0.000000e+00
     vertex  3.195997e+00  4.445361e+00  0.000000e+00
   endloop
 endfacet
 facet normal -3.687677e-01 -6.034615e-01 -7.069969e-01
   outer loop
     vertex  2.834804e+00  4.389135e+00  2.500000e-01
     vertex  2.737500e+00  4.741489e+00  0.000000e+00
     vertex  2.970441e+00  4.599142e+00  0.000000e+00
   endloop
 endfacet
 facet normal -4.181654e-01 -5.816327e-01 -6.977400e-01
   outer loop
     vertex  2.834804e+00  4.389135e+00  2.500000e-01
     vertex  3.257734e+00  4.085069e+00  2.500000e-01
     vertex  2.904125e+00  4.039392e+00  5.000000e-01
   endloop
 endfacet
 facet normal -4.074424e-01 -5.667179e-01 -7.161156e-01
   outer loop
     vertex  2.834804e+00  4.389135e+00  2.500000e-01
     vertex  3.195997e+00  4.445361e+00  0.000000e+00
     vertex  3.257734e+00  4.085069e+00  2.500000e-01
   endloop
 endfacet
 facet normal -3.581755e-01 -6.203782e-01 -6.977400e-01
   outer loop
     vertex  2.383701e+00  4.649580e+00  2.500000e-01
     vertex  2.834804e+00  4.389135e+00  2.500000e-01
     vertex  2.487500e+00  4.308476e+00  5.000000e-01
   endloop
 endfacet
 facet normal -3.382292e-01 -6.210929e-01 -7.069969e-01
   outer loop
     vertex  2.383701e+00  4.649580e+00  2.500000e-01
     vertex  2.487500e+00  4.308476e+00  5.000000e-01
     vertex  2.269648e+00  4.427112e+00  5.000000e-01
   endloop
 endfacet
 facet normal -3.068498e-01 -6.371802e-01 -7.069969e-01
   outer loop
     vertex  2.383701e+00  4.649580e+00  2.500000e-01
     vertex  2.269648e+00  4.427112e+00  5.000000e-01
     vertex  2.046153e+00  4.534742e+00  5.000000e-01
   endloop
 endfacet
 facet normal -3.489909e-01 -6.044699e-01 -7.161156e-01
   outer loop
     vertex  2.383701e+00  4.649580e+00  2.500000e-01
     vertex  2.737500e+00  4.741489e+00  0.000000e+00
     vertex  2.834804e+00  4.389135e+00  2.500000e-01
   endloop
 endfacet
 facet normal -3.382292e-01 -6.210929e-01 -7.069969e-01
   outer loop
     vertex  2.383701e+00  4.649580e+00  2.500000e-01
     vertex  2.497753e+00  4.872048e+00  0.000000e+00
     vertex  2.737500e+00  4.741489e+00  0.000000e+00
   endloop
 endfacet
 facet normal -3.068498e-01 -6.371802e-01 -7.069969e-01
   outer loop
     vertex  2.383701e+00  4.649580e+00  2.500000e-01
     vertex  2.251797e+00  4.990495e+00  0.000000e+00
     vertex  2.497753e+00  4.872048e+00  0.000000e+00
   endloop
 endfacet
 facet normal -2.747076e-01 -6.516833e-01 -7.069969e-01
   outer loop
     vertex  1.908907e+00  4.863815e+00  2.500000e-01
     vertex  2.046153e+00  4.534742e+00  5.000000e-01
     vertex  1.817572e+00  4.631097e+00  5.000000e-01
   endloop
 endfacet
 facet normal -2.418824e-01 -6.645663e-01 -7.069969e-01
   outer loop
     vertex  1.908907e+00  4.863815e+00  2.500000e-01
     vertex  1.817572e+00  4.631097e+00  5.000000e-01
     vertex  1.584471e+00  4.715939e+00  5.000000e-01
   endloop
 endfacet
 facet normal -2.946260e-01 -6.529582e-01 -6.977400e-01
   outer loop
     vertex  1.908907e+00  4.863815e+00  2.500000e-01
     vertex  2.383701e+00  4.649580e+00  2.500000e-01
     vertex  2.046153e+00  4.534742e+00  5.000000e-01
   endloop
 endfacet
 facet normal -2.747076e-01 -6.516833e-01 -7.069969e-01
   outer loop
     vertex  1.908907e+00  4.863815e+00  2.500000e-01
     vertex  2.000242e+00  5.096534e+00  0.000000e+00
     vertex  2.251797e+00  4.990495e+00  0.000000e+00
   endloop
 endfacet
 facet normal -2.418824e-01 -6.645663e-01 -7.069969e-01
   outer loop
     vertex  1.908907e+00  4.863815e+00  2.500000e-01
     vertex  1.743714e+00  5.189902e+00  0.000000e+00
     vertex  2.000242e+00  5.096534e+00  0.000000e+00
   endloop
 endfacet
 facet normal -2.870709e-01 -6.362144e-01 -7.161156e-01
   outer loop
     vertex  1.908907e+00  4.863815e+00  2.500000e-01
     vertex  2.251797e+00  4.990495e+00  0.000000e+00
     vertex  2.383701e+00  4.649580e+00  2.500000e-01
   endloop
 endfacet
 facet normal -2.084558e-01 -6.757970e-01 -7.069969e-01
   outer loop
     vertex  1.415141e+00  5.029712e+00  2.500000e-01
     vertex  1.584471e+00  4.715939e+00  5.000000e-01
     vertex  1.347431e+00  4.789056e+00  5.000000e-01
   endloop
 endfacet
 facet normal -1.745109e-01 -6.853476e-01 -7.069969e-01
   outer loop
     vertex  1.415141e+00  5.029712e+00  2.500000e-01
     vertex  1.347431e+00  4.789056e+00  5.000000e-01
     vertex  1.107042e+00  4.850266e+00  5.000000e-01
   endloop
 endfacet
 facet normal -2.084558e-01 -6.757970e-01 -7.069969e-01
   outer loop
     vertex  1.415141e+00  5.029712e+00  2.500000e-01
     vertex  1.482852e+00  5.270368e+00  0.000000e+00
     vertex  1.743714e+00  5.189902e+00  0.000000e+00
   endloop
 endfacet
 facet normal -1.745109e-01 -6.853476e-01 -7.069969e-01
   outer loop
     vertex  1.415141e+00  5.029712e+00  2.500000e-01
     vertex  1.218302e+00  5.337730e+00  0.000000e+00
     vertex  1.482852e+00  5.270368e+00  0.000000e+00
   endloop
 endfacet
 facet normal -2.281483e-01 -6.790488e-01 -6.977400e-01
   outer loop
     vertex  1.415141e+00  5.029712e+00  2.500000e-01
     vertex  1.908907e+00  4.863815e+00  2.500000e-01
     vertex  1.584471e+00  4.715939e+00  5.000000e-01
   endloop
 endfacet
 facet normal -2.222979e-01 -6.616360e-01 -7.161156e-01
   outer loop
     vertex  1.415141e+00  5.029712e+00  2.500000e-01
     vertex  1.743714e+00  5.189902e+00  0.000000e+00
     vertex  1.908907e+00  4.863815e+00  2.500000e-01
   endloop
 endfacet
 facet normal -1.553155e-01 -6.804819e-01 -7.161156e-01
   outer loop
     vertex  9.073117e-01  5.145621e+00  2.500000e-01
     vertex  1.218302e+00  5.337730e+00  0.000000e+00
     vertex  1.415141e+00  5.029712e+00  2.500000e-01
   endloop
 endfacet
 facet normal -1.401323e-01 -6.931943e-01 -7.069969e-01
   outer loop
     vertex  9.073117e-01  5.145621e+00  2.500000e-01
     vertex  1.107042e+00  4.850266e+00  5.000000e-01
     vertex  8.638997e-01  4.899419e+00  5.000000e-01
   endloop
 endfacet
 facet normal -1.054052e-01 -6.993177e-01 -7.069969e-01
   outer loop
     vertex  9.073117e-01  5.145621e+00  2.500000e-01
     vertex  8.638997e-01  4.899419e+00  5.000000e-01
     vertex  6.186099e-01  4.936390e+00  5.000000e-01
   endloop
 endfacet
 facet normal -1.401323e-01 -6.931943e-01 -7.069969e-01
   outer loop
     vertex  9.073117e-01  5.145621e+00  2.500000e-01
     vertex  9.507238e-01  5.391822e+00  0.000000e+00
     vertex  1.218302e+00  5.337730e+00  0.000000e+00
   endloop
 endfacet
 facet normal -1.054052e-01 -6.993177e-01 -7.069969e-01
   outer loop
     vertex  9.073117e-01  5.145621e+00  2.500000e-01
     vertex  6.807818e-01  5.432510e+00  0.000000e+00
     vertex  9.507238e-01  5.391822e+00  0.000000e+00
   endloop
 endfacet
 facet normal -1.594031e-01 -6.983907e-01 -6.977400e-01
   outer loop
     vertex  9.073117e-01  5.145621e+00  2.500000e-01
     vertex  1.415141e+00  5.029712e+00  2.500000e-01
     vertex  1.107042e+00  4.850266e+00  5.000000e-01
   endloop
 endfacet
 facet normal -7.041604e-02 -7.037024e-01 -7.069969e-01
   outer loop
     vertex  3.904647e-01  5.210390e+00  2.500000e-01
     vertex  6.186099e-01  4.936390e+00  5.000000e-01
     vertex  3.717822e-01  4.961089e+00  5.000000e-01
   endloop
 endfacet
 facet normal -3.525184e-02 -7.063376e-01 -7.069969e-01
   outer loop
     vertex  3.904647e-01  5.210390e+00  2.500000e-01
     vertex  3.717822e-01  4.961089e+00  5.000000e-01
     vertex  1.240302e-01  4.973454e+00  5.000000e-01
   endloop
 endfacet
 facet normal -8.907375e-02 -7.107916e-01 -6.977400e-01
   outer loop
     vertex  3.904647e-01  5.210390e+00  2.500000e-01
     vertex  9.073117e-01  5.145621e+00  2.500000e-01
     vertex  6.186099e-01  4.936390e+00  5.000000e-01
   endloop
 endfacet
 facet normal -8.678964e-02 -6.925649e-01 -7.161156e-01
   outer loop
     vertex  3.904647e-01  5.210390e+00  2.500000e-01
     vertex  6.807818e-01  5.432510e+00  0.000000e+00
     vertex  9.073117e-01  5.145621e+00  2.500000e-01
   endloop
 endfacet
 facet normal -7.041604e-02 -7.037024e-01 -7.069969e-01
   outer loop
     vertex  3.904647e-01  5.210390e+00  2.500000e-01
     vertex  4.091473e-01  5.459691e+00  0.000000e+00
     vertex  6.807818e-01  5.432510e+00  0.000000e+00
   endloop
 endfacet
 facet normal -3.525184e-02 -7.063376e-01 -7.069969e-01
   outer loop
     vertex  3.904647e-01  5.210390e+00  2.500000e-01
     vertex  1.364955e-01  5.473298e+00  0.000000e+00
     vertex  4.091473e-01  5.459691e+00  0.000000e+00
   endloop
 endfacet
 facet normal  0.000000e+00 -7.072167e-01 -7.069969e-01
   outer loop
     vertex -1.302629e-01  5.223376e+00  2.500000e-01
     vertex  1.240302e-01  4.973454e+00  5.000000e-01
     vertex -1.240302e-01  4.973454e+00  5.000000e-01
   endloop
 endfacet
 facet normal  3.525184e-02 -7.063376e-01 -7.069969e-01
   outer loop
     vertex -1.302629e-01  5.223376e+00  2.500000e-01
     vertex -1.240302e-01  4.973454e+00  5.000000e-01
     vertex -3.717822e-01  4.961089e+00  5.000000e-01
   endloop
 endfacet
 facet normal -1.785913e-02 -7.161284e-01 -6.977400e-01
   outer loop
     vertex -1.302629e-01  5.223376e+00  2.500000e-01
     vertex  3.904647e-01  5.210390e+00  2.500000e-01
     vertex  1.240302e-01  4.973454e+00  5.000000e-01
   endloop
 endfacet
 facet normal  0.000000e+00 -7.072167e-01 -7.069969e-01
   outer loop
     vertex -1.302629e-01  5.223376e+00  2.500000e-01
     vertex -1.364955e-01  5.473298e+00  0.000000e+00
     vertex  1.364955e-01  5.473298e+00  0.000000e+00
   endloop
 endfacet
 facet normal  3.525184e-02 -7.063376e-01 -7.069969e-01
   outer loop
     vertex -1.302629e-01  5.223376e+00  2.500000e-01
     vertex -4.091473e-01  5.459691e+00  0.000000e+00
     vertex -1.364955e-01  5.473298e+00  0.000000e+00
   endloop
 endfacet
 facet normal -1.740117e-02 -6.977648e-01 -7.161156e-01
   outer loop
     vertex -1.302629e-01  5.223376e+00  2.500000e-01
     vertex  1.364955e-01  5.473298e+00  0.000000e+00
     vertex  3.904647e-01  5.210390e+00  2.500000e-01
   endloop
 endfacet
 facet normal  7.041604e-02 -7.037024e-01 -7.069969e-01
   outer loop
     vertex -6.496959e-01  5.184450e+00  2.500000e-01
     vertex -3.717822e-01  4.961089e+00  5.000000e-01
     vertex -6.186099e-01  4.936390e+00  5.000000e-01
   endloop
 endfacet
 facet normal  1.054052e-01 -6.993177e-01 -7.069969e-01
   outer loop
     vertex -6.496959e-01  5.184450e+00  2.500000e-01
     vertex -6.186099e-01  4.936390e+00  5.000000e-01
     vertex -8.638997e-01  4.899419e+00  5.000000e-01
   endloop
 endfacet
 facet normal  7.041604e-02 -7.037024e-01 -7.069969e-01
   outer loop
     vertex -6.496959e-01  5.184450e+00  2.500000e-01
     vertex -6.807818e-01  5.432510e+00  0.000000e+00
     vertex -4.091473e-01  5.459691e+00  0.000000e+00
   endloop
 endfacet
 facet normal  1.054052e-01 -6.993177e-01 -7.069969e-01
   outer loop
     vertex -6.496959e-01  5.184450e+00  2.500000e-01
     vertex -9.507238e-01  5.391822e+00  0.000000e+00
     vertex -6.807818e-01  5.432510e+00  0.000000e+00
   endloop
 endfacet
 facet normal  5.353298e-02 -7.143480e-01 -6.977400e-01
   outer loop
     vertex -6.496959e-01  5.184450e+00  2.500000e-01
     vertex -1.302629e-01  5.223376e+00  2.500000e-01
     vertex -3.717822e-01  4.961089e+00  5.000000e-01
   endloop
 endfacet
 facet normal  5.216024e-02 -6.960300e-01 -7.161156e-01
   outer loop
     vertex -6.496959e-01  5.184450e+00  2.500000e-01
     vertex -4.091473e-01  5.459691e+00  0.000000e+00
     vertex -1.302629e-01  5.223376e+00  2.500000e-01
   endloop
 endfacet
 facet normal  1.243931e-01 -7.054681e-01 -6.977400e-01
   outer loop
     vertex -1.162672e+00  5.093998e+00  2.500000e-01
     vertex -6.496959e-01  5.184450e+00  2.500000e-01
     vertex -8.638997e-01  4.899419e+00  5.000000e-01
   endloop
 endfacet
 facet normal  1.212033e-01 -6.873778e-01 -7.161156e-01
   outer loop
     vertex -1.162672e+00  5.093998e+00  2.500000e-01
     vertex -9.507238e-01  5.391822e+00  0.000000e+00
     vertex -6.496959e-01  5.184450e+00  2.500000e-01
   endloop
 endfacet
 facet normal  1.401323e-01 -6.931943e-01 -7.069969e-01
   outer loop
     vertex -1.162672e+00  5.093998e+00  2.500000e-01
     vertex -8.638997e-01  4.899419e+00  5.000000e-01
     vertex -1.107042e+00  4.850266e+00  5.000000e-01
   endloop
 endfacet
 facet normal  1.745109e-01 -6.853476e-01 -7.069969e-01
   outer loop
     vertex -1.162672e+00  5.093998e+00  2.500000e-01
     vertex -1.107042e+00  4.850266e+00  5.000000e-01
     vertex -1.347431e+00  4.789056e+00  5.000000e-01
   endloop
 endfacet
 facet normal  1.401323e-01 -6.931943e-01 -7.069969e-01
   outer loop
     vertex -1.162672e+00  5.093998e+00  2.500000e-01
     vertex -1.218302e+00  5.337730e+00  0.000000e+00
     vertex -9.507238e-01  5.391822e+00  0.000000e+00
   endloop
 endfacet
 facet normal  1.745109e-01 -6.853476e-01 -7.069969e-01
   outer loop
     vertex -1.162672e+00  5.093998e+00  2.500000e-01
     vertex -1.482852e+00  5.270368e+00  0.000000e+00
     vertex -1.218302e+00  5.337730e+00  0.000000e+00
   endloop
 endfacet
 facet normal  2.084558e-01 -6.757970e-01 -7.069969e-01
   outer loop
     vertex -1.664093e+00  4.952920e+00  2.500000e-01
     vertex -1.347431e+00  4.789056e+00  5.000000e-01
     vertex -1.584471e+00  4.715939e+00  5.000000e-01
   endloop
 endfacet
 facet normal  1.940169e-01 -6.895769e-01 -6.977400e-01
   outer loop
     vertex -1.664093e+00  4.952920e+00  2.500000e-01
     vertex -1.162672e+00  5.093998e+00  2.500000e-01
     vertex -1.347431e+00  4.789056e+00  5.000000e-01
   endloop
 endfacet
 facet normal  2.418824e-01 -6.645663e-01 -7.069969e-01
   outer loop
     vertex -1.664093e+00  4.952920e+00  2.500000e-01
     vertex -1.584471e+00  4.715939e+00  5.000000e-01
     vertex -1.817572e+00  4.631097e+00  5.000000e-01
   endloop
 endfacet
 facet normal  1.890417e-01 -6.718942e-01 -7.161156e-01
   outer loop
     vertex -1.664093e+00  4.952920e+00  2.500000e-01
     vertex -1.482852e+00  5.270368e+00  0.000000e+00
     vertex -1.162672e+00  5.093998e+00  2.500000e-01
   endloop
 endfacet
 facet normal  2.084558e-01 -6.757970e-01 -7.069969e-01
   outer loop
     vertex -1.664093e+00  4.952920e+00  2.500000e-01
     vertex -1.743714e+00  5.189902e+00  0.000000e+00
     vertex -1.482852e+00  5.270368e+00  0.000000e+00
   endloop
 endfacet
 facet normal  2.418824e-01 -6.645663e-01 -7.069969e-01
   outer loop
     vertex -1.664093e+00  4.952920e+00  2.500000e-01
     vertex -2.000242e+00  5.096534e+00  0.000000e+00
     vertex -1.743714e+00  5.189902e+00  0.000000e+00
   endloop
 endfacet
 facet normal  2.747076e-01 -6.516833e-01 -7.069969e-01
   outer loop
     vertex -2.148975e+00  4.762618e+00  2.500000e-01
     vertex -1.817572e+00  4.631097e+00  5.000000e-01
     vertex -2.046153e+00  4.534742e+00  5.000000e-01
   endloop
 endfacet
 facet normal  3.068498e-01 -6.371802e-01 -7.069969e-01
   outer loop
     vertex -2.148975e+00  4.762618e+00  2.500000e-01
     vertex -2.046153e+00  4.534742e+00  5.000000e-01
     vertex -2.269648e+00  4.427112e+00  5.000000e-01
   endloop
 endfacet
 facet normal  2.617124e-01 -6.668324e-01 -6.977400e-01
   outer loop
     vertex -2.148975e+00  4.762618e+00  2.500000e-01
     vertex -1.664093e+00  4.952920e+00  2.500000e-01
     vertex -1.817572e+00  4.631097e+00  5.000000e-01
   endloop
 endfacet
 facet normal  2.550014e-01 -6.497329e-01 -7.161156e-01
   outer loop
     vertex -2.148975e+00  4.762618e+00  2.500000e-01
     vertex -2.000242e+00  5.096534e+00  0.000000e+00
     vertex -1.664093e+00  4.952920e+00  2.500000e-01
   endloop
 endfacet
 facet normal  2.747076e-01 -6.516833e-01 -7.069969e-01
   outer loop
     vertex -2.148975e+00  4.762618e+00  2.500000e-01
     vertex -2.251797e+00  4.990495e+00  0.000000e+00
     vertex -2.000242e+00  5.096534e+00  0.000000e+00
   endloop
 endfacet
 facet normal  3.068498e-01 -6.371802e-01 -7.069969e-01
   outer loop
     vertex -2.148975e+00  4.762618e+00  2.500000e-01
     vertex -2.497753e+00  4.872048e+00  0.000000e+00
     vertex -2.251797e+00  4.990495e+00  0.000000e+00
   endloop
 endfacet
 facet normal  3.382292e-01 -6.210929e-01 -7.069969e-01
   outer loop
     vertex -2.612500e+00  4.524983e+00  2.500000e-01
     vertex -2.269648e+00  4.427112e+00  5.000000e-01
     vertex -2.487500e+00  4.308476e+00  5.000000e-01
   endloop
 endfacet
 facet normal  3.687677e-01 -6.034615e-01 -7.069969e-01
   outer loop
     vertex -2.612500e+00  4.524983e+00  2.500000e-01
     vertex -2.487500e+00  4.308476e+00  5.000000e-01
     vertex -2.699168e+00  4.179129e+00  5.000000e-01
   endloop
 endfacet
 facet normal  3.382292e-01 -6.210929e-01 -7.069969e-01
   outer loop
     vertex -2.612500e+00  4.524983e+00  2.500000e-01
     vertex -2.737500e+00  4.741489e+00  0.000000e+00
     vertex -2.497753e+00  4.872048e+00  0.000000e+00
   endloop
 endfacet
 facet normal  3.687677e-01 -6.034615e-01 -7.069969e-01
   outer loop
     vertex -2.612500e+00  4.524983e+00  2.500000e-01
     vertex -2.970441e+00  4.599142e+00  0.000000e+00
     vertex -2.737500e+00  4.741489e+00  0.000000e+00
   endloop
 endfacet
 facet normal  3.268070e-01 -6.374606e-01 -6.977400e-01
   outer loop
     vertex -2.612500e+00  4.524983e+00  2.500000e-01
     vertex -2.148975e+00  4.762618e+00  2.500000e-01
     vertex -2.269648e+00  4.427112e+00  5.000000e-01
   endloop
 endfacet
 facet normal  3.184267e-01 -6.211143e-01 -7.161156e-01
   outer loop
     vertex -2.612500e+00  4.524983e+00  2.500000e-01
     vertex -2.497753e+00  4.872048e+00  0.000000e+00
     vertex -2.148975e+00  4.762618e+00  2.500000e-01
   endloop
 endfacet
 facet normal  3.886536e-01 -6.017535e-01 -6.977400e-01
   outer loop
     vertex -3.050061e+00  4.242376e+00  2.500000e-01
     vertex -2.612500e+00  4.524983e+00  2.500000e-01
     vertex -2.699168e+00  4.179129e+00  5.000000e-01
   endloop
 endfacet
 facet normal  3.786874e-01 -5.863228e-01 -7.161156e-01
   outer loop
     vertex -3.050061e+00  4.242376e+00  2.500000e-01
     vertex -2.970441e+00  4.599142e+00  0.000000e+00
     vertex -2.612500e+00  4.524983e+00  2.500000e-01
   endloop
 endfacet
 facet normal  3.983893e-01 -5.843298e-01 -7.069969e-01
   outer loop
     vertex -3.050061e+00  4.242376e+00  2.500000e-01
     vertex -2.699168e+00  4.179129e+00  5.000000e-01
     vertex -2.904125e+00  4.039392e+00  5.000000e-01
   endloop
 endfacet
 facet normal  4.270206e-01 -5.637454e-01 -7.069969e-01
   outer loop
     vertex -3.050061e+00  4.242376e+00  2.500000e-01
     vertex -2.904125e+00  4.039392e+00  5.000000e-01
     vertex -3.101862e+00  3.889612e+00  5.000000e-01
   endloop
 endfacet
 facet normal  3.983893e-01 -5.843298e-01 -7.069969e-01
   outer loop
     vertex -3.050061e+00  4.242376e+00  2.500000e-01
     vertex -3.195997e+00  4.445361e+00  0.000000e+00
     vertex -2.970441e+00  4.599142e+00  0.000000e+00
   endloop
 endfacet
 facet normal  4.270206e-01 -5.637454e-01 -7.069969e-01
   outer loop
     vertex -3.050061e+00  4.242376e+00  2.500000e-01
     vertex -3.413607e+00  4.280527e+00  0.000000e+00
     vertex -3.195997e+00  4.445361e+00  0.000000e+00
   endloop
 endfacet
 facet normal  4.545901e-01 -5.417594e-01 -7.069969e-01
   outer loop
     vertex -3.457309e+00  3.917607e+00  2.500000e-01
     vertex -3.101862e+00  3.889612e+00  5.000000e-01
     vertex -3.291887e+00  3.730161e+00  5.000000e-01
   endloop
 endfacet
 facet normal  4.466376e-01 -5.600658e-01 -6.977400e-01
   outer loop
     vertex -3.457309e+00  3.917607e+00  2.500000e-01
     vertex -3.050061e+00  4.242376e+00  2.500000e-01
     vertex -3.101862e+00  3.889612e+00  5.000000e-01
   endloop
 endfacet
 facet normal  4.810295e-01 -5.184265e-01 -7.069969e-01
   outer loop
     vertex -3.457309e+00  3.917607e+00  2.500000e-01
     vertex -3.291887e+00  3.730161e+00  5.000000e-01
     vertex -3.473728e+00  3.561438e+00  5.000000e-01
   endloop
 endfacet
 facet normal  4.351845e-01 -5.457041e-01 -7.161156e-01
   outer loop
     vertex -3.457309e+00  3.917607e+00  2.500000e-01
     vertex -3.413607e+00  4.280527e+00  0.000000e+00
     vertex -3.050061e+00  4.242376e+00  2.500000e-01
   endloop
 endfacet
 facet normal  4.545901e-01 -5.417594e-01 -7.069969e-01
   outer loop
     vertex -3.457309e+00  3.917607e+00  2.500000e-01
     vertex -3.622730e+00  4.105052e+00  0.000000e+00
     vertex -3.413607e+00  4.280527e+00  0.000000e+00
   endloop
 endfacet
 facet normal  4.810295e-01 -5.184265e-01 -7.069969e-01
   outer loop
     vertex -3.457309e+00  3.917607e+00  2.500000e-01
     vertex -3.822847e+00  3.919371e+00  0.000000e+00
     vertex -3.622730e+00  4.105052e+00  0.000000e+00
   endloop
 endfacet
 facet normal  5.062730e-01 -4.938047e-01 -7.069969e-01
   outer loop
     vertex -3.830196e+00  3.553903e+00  2.500000e-01
     vertex -3.473728e+00  3.561438e+00  5.000000e-01
     vertex -3.646933e+00  3.383859e+00  5.000000e-01
   endloop
 endfacet
 facet normal  5.302578e-01 -4.679553e-01 -7.069969e-01
   outer loop
     vertex -3.830196e+00  3.553903e+00  2.500000e-01
     vertex -3.646933e+00  3.383859e+00  5.000000e-01
     vertex -3.811071e+00  3.197868e+00  5.000000e-01
   endloop
 endfacet
 facet normal  5.062730e-01 -4.938047e-01 -7.069969e-01
   outer loop
     vertex -3.830196e+00  3.553903e+00  2.500000e-01
     vertex -4.013459e+00  3.723946e+00  0.000000e+00
     vertex -3.822847e+00  3.919371e+00  0.000000e+00
   endloop
 endfacet
 facet normal  5.302578e-01 -4.679553e-01 -7.069969e-01
   outer loop
     vertex -3.830196e+00  3.553903e+00  2.500000e-01
     vertex -4.194093e+00  3.519262e+00  0.000000e+00
     vertex -4.013459e+00  3.723946e+00  0.000000e+00
   endloop
 endfacet
 facet normal  5.001827e-01 -5.128120e-01 -6.977400e-01
   outer loop
     vertex -3.830196e+00  3.553903e+00  2.500000e-01
     vertex -3.457309e+00  3.917607e+00  2.500000e-01
     vertex -3.473728e+00  3.561438e+00  5.000000e-01
   endloop
 endfacet
 facet normal  4.873566e-01 -4.996620e-01 -7.161156e-01
   outer loop
     vertex -3.830196e+00  3.553903e+00  2.500000e-01
     vertex -3.822847e+00  3.919371e+00  0.000000e+00
     vertex -3.457309e+00  3.917607e+00  2.500000e-01
   endloop
 endfacet
 facet normal  5.487568e-01 -4.604616e-01 -6.977400e-01
   outer loop
     vertex -4.165017e+00  3.154878e+00  2.500000e-01
     vertex -3.830196e+00  3.553903e+00  2.500000e-01
     vertex -3.811071e+00  3.197868e+00  5.000000e-01
   endloop
 endfacet
 facet normal  5.346850e-01 -4.486540e-01 -7.161156e-01
   outer loop
     vertex -4.165017e+00  3.154878e+00  2.500000e-01
     vertex -4.194093e+00  3.519262e+00  0.000000e+00
     vertex -3.830196e+00  3.553903e+00  2.500000e-01
   endloop
 endfacet
 facet normal  5.529243e-01 -4.409424e-01 -7.069969e-01
   outer loop
     vertex -4.165017e+00  3.154878e+00  2.500000e-01
     vertex -3.811071e+00  3.197868e+00  5.000000e-01
     vertex -3.965734e+00  3.003927e+00  5.000000e-01
   endloop
 endfacet
 facet normal  5.742161e-01 -4.128333e-01 -7.069969e-01
   outer loop
     vertex -4.165017e+00  3.154878e+00  2.500000e-01
     vertex -3.965734e+00  3.003927e+00  5.000000e-01
     vertex -4.110538e+00  2.802517e+00  5.000000e-01
   endloop
 endfacet
 facet normal  5.529243e-01 -4.409424e-01 -7.069969e-01
   outer loop
     vertex -4.165017e+00  3.154878e+00  2.500000e-01
     vertex -4.364300e+00  3.305829e+00  0.000000e+00
     vertex -4.194093e+00  3.519262e+00  0.000000e+00
   endloop
 endfacet
 facet normal  5.742161e-01 -4.128333e-01 -7.069969e-01
   outer loop
     vertex -4.165017e+00  3.154878e+00  2.500000e-01
     vertex -4.523657e+00  3.084177e+00  0.000000e+00
     vertex -4.364300e+00  3.305829e+00  0.000000e+00
   endloop
 endfacet
 facet normal  5.918770e-01 -4.035349e-01 -6.977400e-01
   outer loop
     vertex -4.458445e+00  2.724499e+00  2.500000e-01
     vertex -4.165017e+00  3.154878e+00  2.500000e-01
     vertex -4.110538e+00  2.802517e+00  5.000000e-01
   endloop
 endfacet
 facet normal  5.766996e-01 -3.931871e-01 -7.161156e-01
   outer loop
     vertex -4.458445e+00  2.724499e+00  2.500000e-01
     vertex -4.523657e+00  3.084177e+00  0.000000e+00
     vertex -4.165017e+00  3.154878e+00  2.500000e-01
   endloop
 endfacet
 facet normal  5.940803e-01 -3.836978e-01 -7.069969e-01
   outer loop
     vertex -4.458445e+00  2.724499e+00  2.500000e-01
     vertex -4.110538e+00  2.802517e+00  5.000000e-01
     vertex -4.245122e+00  2.594140e+00  5.000000e-01
   endloop
 endfacet
 facet normal  6.124676e-01 -3.536083e-01 -7.069969e-01
   outer loop
     vertex -4.458445e+00  2.724499e+00  2.500000e-01
     vertex -4.245122e+00  2.594140e+00  5.000000e-01
     vertex -4.369152e+00  2.379314e+00  5.000000e-01
   endloop
 endfacet
 facet normal  5.940803e-01 -3.836978e-01 -7.069969e-01
   outer loop
     vertex -4.458445e+00  2.724499e+00  2.500000e-01
     vertex -4.671768e+00  2.854858e+00  0.000000e+00
     vertex -4.523657e+00  3.084177e+00  0.000000e+00
   endloop
 endfacet
 facet normal  6.124676e-01 -3.536083e-01 -7.069969e-01
   outer loop
     vertex -4.458445e+00  2.724499e+00  2.500000e-01
     vertex -4.808263e+00  2.618441e+00  0.000000e+00
     vertex -4.671768e+00  2.854858e+00  0.000000e+00
   endloop
 endfacet
 facet normal  6.293322e-01 -3.226398e-01 -7.069969e-01
   outer loop
     vertex -4.707562e+00  2.267043e+00  2.500000e-01
     vertex -4.369152e+00  2.379314e+00  5.000000e-01
     vertex -4.482320e+00  2.158572e+00  5.000000e-01
   endloop
 endfacet
 facet normal  6.446321e-01 -2.908691e-01 -7.069969e-01
   outer loop
     vertex -4.707562e+00  2.267043e+00  2.500000e-01
     vertex -4.482320e+00  2.158572e+00  5.000000e-01
     vertex -4.584344e+00  1.932463e+00  5.000000e-01
   endloop
 endfacet
 facet normal  6.291150e-01 -3.425978e-01 -6.977400e-01
   outer loop
     vertex -4.707562e+00  2.267043e+00  2.500000e-01
     vertex -4.458445e+00  2.724499e+00  2.500000e-01
     vertex -4.369152e+00  2.379314e+00  5.000000e-01
   endloop
 endfacet
 facet normal  6.129826e-01 -3.338125e-01 -7.161156e-01
   outer loop
     vertex -4.707562e+00  2.267043e+00  2.500000e-01
     vertex -4.808263e+00  2.618441e+00  0.000000e+00
     vertex -4.458445e+00  2.724499e+00  2.500000e-01
   endloop
 endfacet
 facet normal  6.293322e-01 -3.226398e-01 -7.069969e-01
   outer loop
     vertex -4.707562e+00  2.267043e+00  2.500000e-01
     vertex -4.932805e+00  2.375513e+00  0.000000e+00
     vertex -4.808263e+00  2.618441e+00  0.000000e+00
   endloop
 endfacet
 facet normal  6.446321e-01 -2.908691e-01 -7.069969e-01
   outer loop
     vertex -4.707562e+00  2.267043e+00  2.500000e-01
     vertex -5.045082e+00  2.126681e+00  0.000000e+00
     vertex -4.932805e+00  2.375513e+00  0.000000e+00
   endloop
 endfacet
 facet normal  6.583294e-01 -2.583753e-01 -7.069969e-01
   outer loop
     vertex -4.909894e+00  1.787055e+00  2.500000e-01
     vertex -4.584344e+00  1.932463e+00  5.000000e-01
     vertex -4.674971e+00  1.701550e+00  5.000000e-01
   endloop
 endfacet
 facet normal  6.703900e-01 -2.252391e-01 -7.069969e-01
   outer loop
     vertex -4.909894e+00  1.787055e+00  2.500000e-01
     vertex -4.674971e+00  1.701550e+00  5.000000e-01
     vertex -4.753975e+00  1.466407e+00  5.000000e-01
   endloop
 endfacet
 facet normal  6.583294e-01 -2.583753e-01 -7.069969e-01
   outer loop
     vertex -4.909894e+00  1.787055e+00  2.500000e-01
     vertex -5.144817e+00  1.872560e+00  0.000000e+00
     vertex -5.045082e+00  2.126681e+00  0.000000e+00
   endloop
 endfacet
 facet normal  6.703900e-01 -2.252391e-01 -7.069969e-01
   outer loop
     vertex -4.909894e+00  1.787055e+00  2.500000e-01
     vertex -5.231761e+00  1.613785e+00  0.000000e+00
     vertex -5.144817e+00  1.872560e+00  0.000000e+00
   endloop
 endfacet
 facet normal  6.601005e-01 -2.782557e-01 -6.977400e-01
   outer loop
     vertex -4.909894e+00  1.787055e+00  2.500000e-01
     vertex -4.707562e+00  2.267043e+00  2.500000e-01
     vertex -4.584344e+00  1.932463e+00  5.000000e-01
   endloop
 endfacet
 facet normal  6.431736e-01 -2.711204e-01 -7.161156e-01
   outer loop
     vertex -4.909894e+00  1.787055e+00  2.500000e-01
     vertex -5.045082e+00  2.126681e+00  0.000000e+00
     vertex -4.707562e+00  2.267043e+00  2.500000e-01
   endloop
 endfacet
 facet normal  6.845256e-01 -2.111482e-01 -6.977400e-01
   outer loop
     vertex -5.063429e+00  1.289307e+00  2.500000e-01
     vertex -4.909894e+00  1.787055e+00  2.500000e-01
     vertex -4.753975e+00  1.466407e+00  5.000000e-01
   endloop
 endfacet
 facet normal  6.669724e-01 -2.057337e-01 -7.161156e-01
   outer loop
     vertex -5.063429e+00  1.289307e+00  2.500000e-01
     vertex -5.231761e+00  1.613785e+00  0.000000e+00
     vertex -4.909894e+00  1.787055e+00  2.500000e-01
   endloop
 endfacet
 facet normal  6.807839e-01 -1.915429e-01 -7.069969e-01
   outer loop
     vertex -5.063429e+00  1.289307e+00  2.500000e-01
     vertex -4.753975e+00  1.466407e+00  5.000000e-01
     vertex -4.821159e+00  1.227618e+00  5.000000e-01
   endloop
 endfacet
 facet normal  6.894853e-01 -1.573705e-01 -7.069969e-01
   outer loop
     vertex -5.063429e+00  1.289307e+00  2.500000e-01
     vertex -4.821159e+00  1.227618e+00  5.000000e-01
     vertex -4.876358e+00  9.857771e-01  5.000000e-01
   endloop
 endfacet
 facet normal  6.807839e-01 -1.915429e-01 -7.069969e-01
   outer loop
     vertex -5.063429e+00  1.289307e+00  2.500000e-01
     vertex -5.305698e+00  1.350997e+00  0.000000e+00
     vertex -5.231761e+00  1.613785e+00  0.000000e+00
   endloop
 endfacet
 facet normal  6.894853e-01 -1.573705e-01 -7.069969e-01
   outer loop
     vertex -5.063429e+00  1.289307e+00  2.500000e-01
     vertex -5.366444e+00  1.084850e+00  0.000000e+00
     vertex -5.305698e+00  1.350997e+00  0.000000e+00
   endloop
 endfacet
 facet normal  7.021476e-01 -1.419422e-01 -6.977400e-01
   outer loop
     vertex -5.166641e+00  7.787458e-01  2.500000e-01
     vertex -5.063429e+00  1.289307e+00  2.500000e-01
     vertex -4.876358e+00  9.857771e-01  5.000000e-01
   endloop
 endfacet
 facet normal  6.841425e-01 -1.383024e-01 -7.161156e-01
   outer loop
     vertex -5.166641e+00  7.787458e-01  2.500000e-01
     vertex -5.366444e+00  1.084850e+00  0.000000e+00
     vertex -5.063429e+00  1.289307e+00  2.500000e-01
   endloop
 endfacet
 facet normal  6.964725e-01 -1.228069e-01 -7.069969e-01
   outer loop
     vertex -5.166641e+00  7.787458e-01  2.500000e-01
     vertex -4.876358e+00  9.857771e-01  5.000000e-01
     vertex -4.919433e+00  7.414853e-01  5.000000e-01
   endloop
 endfacet
 facet normal  7.017281e-01 -8.793794e-02 -7.069969e-01
   outer loop
     vertex -5.166641e+00  7.787458e-01  2.500000e-01
     vertex -4.919433e+00  7.414853e-01  5.000000e-01
     vertex -4.950278e+00  4.953500e-01  5.000000e-01
   endloop
 endfacet
 facet normal  6.964725e-01 -1.228069e-01 -7.069969e-01
   outer loop
     vertex -5.166641e+00  7.787458e-01  2.500000e-01
     vertex -5.413849e+00  8.160064e-01  0.000000e+00
     vertex -5.366444e+00  1.084850e+00  0.000000e+00
   endloop
 endfacet
 facet normal  7.017281e-01 -8.793794e-02 -7.069969e-01
   outer loop
     vertex -5.166641e+00  7.787458e-01  2.500000e-01
     vertex -5.447793e+00  5.451340e-01  0.000000e+00
     vertex -5.413849e+00  8.160064e-01  0.000000e+00
   endloop
 endfacet
 facet normal  7.052392e-01 -5.285037e-02 -7.069969e-01
   outer loop
     vertex -5.218505e+00  2.604448e-01  2.500000e-01
     vertex -4.950278e+00  4.953500e-01  5.000000e-01
     vertex -4.968816e+00  2.479833e-01  5.000000e-01
   endloop
 endfacet
 facet normal  7.069969e-01 -1.763140e-02 -7.069969e-01
   outer loop
     vertex -5.218505e+00  2.604448e-01  2.500000e-01
     vertex -4.968816e+00  2.479833e-01  5.000000e-01
     vertex -4.975000e+00 -1.647039e-14  5.000000e-01
   endloop
 endfacet
 facet normal  7.127914e-01 -7.132553e-02 -6.977400e-01
   outer loop
     vertex -5.218505e+00  2.604448e-01  2.500000e-01
     vertex -5.166641e+00  7.787458e-01  2.500000e-01
     vertex -4.950278e+00  4.953500e-01  5.000000e-01
   endloop
 endfacet
 facet normal  6.945133e-01 -6.949654e-02 -7.161156e-01
   outer loop
     vertex -5.218505e+00  2.604448e-01  2.500000e-01
     vertex -5.447793e+00  5.451340e-01  0.000000e+00
     vertex -5.166641e+00  7.787458e-01  2.500000e-01
   endloop
 endfacet
 facet normal  7.052392e-01 -5.285037e-02 -7.069969e-01
   outer loop
     vertex -5.218505e+00  2.604448e-01  2.500000e-01
     vertex -5.468194e+00  2.729062e-01  0.000000e+00
     vertex -5.447793e+00  5.451340e-01  0.000000e+00
   endloop
 endfacet
 facet normal  7.069969e-01 -1.763140e-02 -7.069969e-01
   outer loop
     vertex -5.218505e+00  2.604448e-01  2.500000e-01
     vertex -5.475000e+00 -1.818552e-14  0.000000e+00
     vertex -5.468194e+00  2.729062e-01  0.000000e+00
   endloop
 endfacet
 facet normal  7.069969e-01  1.763140e-02 -7.069969e-01
   outer loop
     vertex -5.218505e+00 -2.604448e-01  2.500000e-01
     vertex -4.975000e+00 -1.647039e-14  5.000000e-01
     vertex -4.968816e+00 -2.479833e-01  5.000000e-01
   endloop
 endfacet
 facet normal  7.052392e-01  5.285037e-02 -7.069969e-01
   outer loop
     vertex -5.218505e+00 -2.604448e-01  2.500000e-01
     vertex -4.968816e+00 -2.479833e-01  5.000000e-01
     vertex -4.950278e+00 -4.953500e-01  5.000000e-01
   endloop
 endfacet
 facet normal  7.069969e-01  1.763140e-02 -7.069969e-01
   outer loop
     vertex -5.218505e+00 -2.604448e-01  2.500000e-01
     vertex -5.468194e+00 -2.729062e-01  0.000000e+00
     vertex -5.475000e+00 -1.818552e-14  0.000000e+00
   endloop
 endfacet
 facet normal  7.163511e-01 -1.221464e-15 -6.977400e-01
   outer loop
     vertex -5.218505e+00 -2.604448e-01  2.500000e-01
     vertex -5.218505e+00  2.604448e-01  2.500000e-01
     vertex -4.975000e+00 -1.647039e-14  5.000000e-01
   endloop
 endfacet
 facet normal  7.052392e-01  5.285037e-02 -7.069969e-01
   outer loop
     vertex -5.218505e+00 -2.604448e-01  2.500000e-01
     vertex -5.447793e+00 -5.451340e-01  0.000000e+00
     vertex -5.468194e+00 -2.729062e-01  0.000000e+00
   endloop
 endfacet
 facet normal  6.979817e-01 -1.190142e-15 -7.161156e-01
   outer loop
     vertex -5.218505e+00 -2.604448e-01  2.500000e-01
     vertex -5.475000e+00 -1.818552e-14  0.000000e+00
     vertex -5.218505e+00  2.604448e-01  2.500000e-01
   endloop
 endfacet
 facet normal  7.127914e-01  7.132553e-02 -6.977400e-01
   outer loop
     vertex -5.166641e+00 -7.787458e-01  2.500000e-01
     vertex -5.218505e+00 -2.604448e-01  2.500000e-01
     vertex -4.950278e+00 -4.953500e-01  5.000000e-01
   endloop
 endfacet
 facet normal  6.945133e-01  6.949654e-02 -7.161156e-01
   outer loop
     vertex -5.166641e+00 -7.787458e-01  2.500000e-01
     vertex -5.447793e+00 -5.451340e-01  0.000000e+00
     vertex -5.218505e+00 -2.604448e-01  2.500000e-01
   endloop
 endfacet
 facet normal  7.017281e-01  8.793794e-02 -7.069969e-01
   outer loop
     vertex -5.166641e+00 -7.787458e-01  2.500000e-01
     vertex -4.950278e+00 -4.953500e-01  5.000000e-01
     vertex -4.919433e+00 -7.414853e-01  5.000000e-01
   endloop
 endfacet
 facet normal  6.964725e-01  1.228069e-01 -7.069969e-01
   outer loop
     vertex -5.166641e+00 -7.787458e-01  2.500000e-01
     vertex -4.919433e+00 -7.414853e-01  5.000000e-01
     vertex -4.876358e+00 -9.857771e-01  5.000000e-01
   endloop
 endfacet
 facet normal  7.017281e-01  8.793794e-02 -7.069969e-01
   outer loop
     vertex -5.166641e+00 -7.787458e-01  2.500000e-01
     vertex -5.413849e+00 -8.160064e-01  0.000000e+00
     vertex -5.447793e+00 -5.451340e-01  0.000000e+00
   endloop
 endfacet
 facet normal  6.964725e-01  1.228069e-01 -7.069969e-01
   outer loop
     vertex -5.166641e+00 -7.787458e-01  2.500000e-01
     vertex -5.366444e+00 -1.084850e+00  0.000000e+00
     vertex -5.413849e+00 -8.160064e-01  0.000000e+00
   endloop
 endfacet
 facet normal  7.021476e-01  1.419422e-01 -6.977400e-01
   outer loop
     vertex -5.063429e+00 -1.289307e+00  2.500000e-01
     vertex -5.166641e+00 -7.787458e-01  2.500000e-01
     vertex -4.876358e+00 -9.857771e-01  5.000000e-01
   endloop
 endfacet
 facet normal  6.841425e-01  1.383024e-01 -7.161156e-01
   outer loop
     vertex -5.063429e+00 -1.289307e+00  2.500000e-01
     vertex -5.366444e+00 -1.084850e+00  0.000000e+00
     vertex -5.166641e+00 -7.787458e-01  2.500000e-01
   endloop
 endfacet
 facet normal  6.894853e-01  1.573705e-01 -7.069969e-01
   outer loop
     vertex -5.063429e+00 -1.289307e+00  2.500000e-01
     vertex -4.876358e+00 -9.857771e-01  5.000000e-01
     vertex -4.821159e+00 -1.227618e+00  5.000000e-01
   endloop
 endfacet
 facet normal  6.807839e-01  1.915429e-01 -7.069969e-01
   outer loop
     vertex -5.063429e+00 -1.289307e+00  2.500000e-01
     vertex -4.821159e+00 -1.227618e+00  5.000000e-01
     vertex -4.753975e+00 -1.466407e+00  5.000000e-01
   endloop
 endfacet
 facet normal  6.894853e-01  1.573705e-01 -7.069969e-01
   outer loop
     vertex -5.063429e+00 -1.289307e+00  2.500000e-01
     vertex -5.305698e+00 -1.350997e+00  0.000000e+00
     vertex -5.366444e+00 -1.084850e+00  0.000000e+00
   endloop
 endfacet
 facet normal  6.807839e-01  1.915429e-01 -7.069969e-01
   outer loop
     vertex -5.063429e+00 -1.289307e+00  2.500000e-01
     vertex -5.231761e+00 -1.613785e+00  0.000000e+00
     vertex -5.305698e+00 -1.350997e+00  0.000000e+00
   endloop
 endfacet
 facet normal  6.703900e-01  2.252391e-01 -7.069969e-01
   outer loop
     vertex -4.909894e+00 -1.787055e+00  2.500000e-01
     vertex -4.753975e+00 -1.466407e+00  5.000000e-01
     vertex -4.674971e+00 -1.701550e+00  5.000000e-01
   endloop
 endfacet
 facet normal  6.583294e-01  2.583753e-01 -7.069969e-01
   outer loop
     vertex -4.909894e+00 -1.787055e+00  2.500000e-01
     vertex -4.674971e+00 -1.701550e+00  5.000000e-01
     vertex -4.584344e+00 -1.932463e+00  5.000000e-01
   endloop
 endfacet
 facet normal  6.845256e-01  2.111482e-01 -6.977400e-01
   outer loop
     vertex -4.909894e+00 -1.787055e+00  2.500000e-01
     vertex -5.063429e+00 -1.289307e+00  2.500000e-01
     vertex -4.753975e+00 -1.466407e+00  5.000000e-01
   endloop
 endfacet
 facet normal  6.669724e-01  2.057337e-01 -7.161156e-01
   outer loop
     vertex -4.909894e+00 -1.787055e+00  2.500000e-01
     vertex -5.231761e+00 -1.613785e+00  0.000000e+00
     vertex -5.063429e+00 -1.289307e+00  2.500000e-01
   endloop
 endfacet
 facet normal  6.703900e-01  2.252391e-01 -7.069969e-01
   outer loop
     vertex -4.909894e+00 -1.787055e+00  2.500000e-01
     vertex -5.144817e+00 -1.872560e+00  0.000000e+00
     vertex -5.231761e+00 -1.613785e+00  0.000000e+00
   endloop
 endfacet
 facet normal  6.583294e-01  2.583753e-01 -7.069969e-01
   outer loop
     vertex -4.909894e+00 -1.787055e+00  2.500000e-01
     vertex -5.045082e+00 -2.126681e+00  0.000000e+00
     vertex -5.144817e+00 -1.872560e+00  0.000000e+00
   endloop
 endfacet
 facet normal  6.446321e-01  2.908691e-01 -7.069969e-01
   outer loop
     vertex -4.707562e+00 -2.267043e+00  2.500000e-01
     vertex -4.932805e+00 -2.375513e+00  0.000000e+00
     vertex -5.045082e+00 -2.126681e+00  0.000000e+00
   endloop
 endfacet
 facet normal  6.293322e-01  3.226398e-01 -7.069969e-01
   outer loop
     vertex -4.707562e+00 -2.267043e+00  2.500000e-01
     vertex -4.808263e+00 -2.618441e+00  0.000000e+00
     vertex -4.932805e+00 -2.375513e+00  0.000000e+00
   endloop
 endfacet
 facet normal  6.601005e-01  2.782557e-01 -6.977400e-01
   outer loop
     vertex -4.707562e+00 -2.267043e+00  2.500000e-01
     vertex -4.909894e+00 -1.787055e+00  2.500000e-01
     vertex -4.584344e+00 -1.932463e+00  5.000000e-01
   endloop
 endfacet
 facet normal  6.431736e-01  2.711204e-01 -7.161156e-01
   outer loop
     vertex -4.707562e+00 -2.267043e+00  2.500000e-01
     vertex -5.045082e+00 -2.126681e+00  0.000000e+00
     vertex -4.909894e+00 -1.787055e+00  2.500000e-01
   endloop
 endfacet
 facet normal  6.446321e-01  2.908691e-01 -7.069969e-01
   outer loop
     vertex -4.707562e+00 -2.267043e+00  2.500000e-01
     vertex -4.584344e+00 -1.932463e+00  5.000000e-01
     vertex -4.482320e+00 -2.158572e+00  5.000000e-01
   endloop
 endfacet
 facet normal  6.293322e-01  3.226398e-01 -7.069969e-01
   outer loop
     vertex -4.707562e+00 -2.267043e+00  2.500000e-01
     vertex -4.482320e+00 -2.158572e+00  5.000000e-01
     vertex -4.369152e+00 -2.379314e+00  5.000000e-01
   endloop
 endfacet
 facet normal  6.124676e-01  3.536083e-01 -7.069969e-01
   outer loop
     vertex -4.458445e+00 -2.724499e+00  2.500000e-01
     vertex -4.671768e+00 -2.854858e+00  0.000000e+00
     vertex -4.808263e+00 -2.618441e+00  0.000000e+00
   endloop
 endfacet
 facet normal  5.940803e-01  3.836978e-01 -7.069969e-01
   outer loop
     vertex -4.458445e+00 -2.724499e+00  2.500000e-01
     vertex -4.523657e+00 -3.084177e+00  0.000000e+00
     vertex -4.671768e+00 -2.854858e+00  0.000000e+00
   endloop
 endfacet
 facet normal  6.129826e-01  3.338125e-01 -7.161156e-01
   outer loop
     vertex -4.458445e+00 -2.724499e+00  2.500000e-01
     vertex -4.808263e+00 -2.618441e+00  0.000000e+00
     vertex -4.707562e+00 -2.267043e+00  2.500000e-01
   endloop
 endfacet
 facet normal  6.291150e-01  3.425978e-01 -6.977400e-01
   outer loop
     vertex -4.458445e+00 -2.724499e+00  2.500000e-01
     vertex -4.707562e+00 -2.267043e+00  2.500000e-01
     vertex -4.369152e+00 -2.379314e+00  5.000000e-01
   endloop
 endfacet
 facet normal  6.124676e-01  3.536083e-01 -7.069969e-01
   outer loop
     vertex -4.458445e+00 -2.724499e+00  2.500000e-01
     vertex -4.369152e+00 -2.379314e+00  5.000000e-01
     vertex -4.245122e+00 -2.594140e+00  5.000000e-01
   endloop
 endfacet
 facet normal  5.940803e-01  3.836978e-01 -7.069969e-01
   outer loop
     vertex -4.458445e+00 -2.724499e+00  2.500000e-01
     vertex -4.245122e+00 -2.594140e+00  5.000000e-01
     vertex -4.110538e+00 -2.802517e+00  5.000000e-01
   endloop
 endfacet
 facet normal  5.742161e-01  4.128333e-01 -7.069969e-01
   outer loop
     vertex -4.165017e+00 -3.154878e+00  2.500000e-01
     vertex -4.364300e+00 -3.305829e+00  0.000000e+00
     vertex -4.523657e+00 -3.084177e+00  0.000000e+00
   endloop
 endfacet
 facet normal  5.529243e-01  4.409424e-01 -7.069969e-01
   outer loop
     vertex -4.165017e+00 -3.154878e+00  2.500000e-01
     vertex -4.194093e+00 -3.519262e+00  0.000000e+00
     vertex -4.364300e+00 -3.305829e+00  0.000000e+00
   endloop
 endfacet
 facet normal  5.766996e-01  3.931871e-01 -7.161156e-01
   outer loop
     vertex -4.165017e+00 -3.154878e+00  2.500000e-01
     vertex -4.523657e+00 -3.084177e+00  0.000000e+00
     vertex -4.458445e+00 -2.724499e+00  2.500000e-01
   endloop
 endfacet
 facet normal  5.918770e-01  4.035349e-01 -6.977400e-01
   outer loop
     vertex -4.165017e+00 -3.154878e+00  2.500000e-01
     vertex -4.458445e+00 -2.724499e+00  2.500000e-01
     vertex -4.110538e+00 -2.802517e+00  5.000000e-01
   endloop
 endfacet
 facet normal  5.742161e-01  4.128333e-01 -7.069969e-01
   outer loop
     vertex -4.165017e+00 -3.154878e+00  2.500000e-01
     vertex -4.110538e+00 -2.802517e+00  5.000000e-01
     vertex -3.965734e+00 -3.003927e+00  5.000000e-01
   endloop
 endfacet
 facet normal  5.529243e-01  4.409424e-01 -7.069969e-01
   outer loop
     vertex -4.165017e+00 -3.154878e+00  2.500000e-01
     vertex -3.965734e+00 -3.003927e+00  5.000000e-01
     vertex -3.811071e+00 -3.197868e+00  5.000000e-01
   endloop
 endfacet
 facet normal  5.302578e-01  4.679553e-01 -7.069969e-01
   outer loop
     vertex -3.830196e+00 -3.553903e+00  2.500000e-01
     vertex -4.013459e+00 -3.723946e+00  0.000000e+00
     vertex -4.194093e+00 -3.519262e+00  0.000000e+00
   endloop
 endfacet
 facet normal  5.062730e-01  4.938047e-01 -7.069969e-01
   outer loop
     vertex -3.830196e+00 -3.553903e+00  2.500000e-01
     vertex -3.822847e+00 -3.919371e+00  0.000000e+00
     vertex -4.013459e+00 -3.723946e+00  0.000000e+00
   endloop
 endfacet
 facet normal  5.346850e-01  4.486540e-01 -7.161156e-01
   outer loop
     vertex -3.830196e+00 -3.553903e+00  2.500000e-01
     vertex -4.194093e+00 -3.519262e+00  0.000000e+00
     vertex -4.165017e+00 -3.154878e+00  2.500000e-01
   endloop
 endfacet
 facet normal  5.487568e-01  4.604616e-01 -6.977400e-01
   outer loop
     vertex -3.830196e+00 -3.553903e+00  2.500000e-01
     vertex -4.165017e+00 -3.154878e+00  2.500000e-01
     vertex -3.811071e+00 -3.197868e+00  5.000000e-01
   endloop
 endfacet
 facet normal  5.302578e-01  4.679553e-01 -7.069969e-01
   outer loop
     vertex -3.830196e+00 -3.553903e+00  2.500000e-01
     vertex -3.811071e+00 -3.197868e+00  5.000000e-01
     vertex -3.646933e+00 -3.383859e+00  5.000000e-01
   endloop
 endfacet
 facet normal  5.062730e-01  4.938047e-01 -7.069969e-01
   outer loop
     vertex -3.830196e+00 -3.553903e+00  2.500000e-01
     vertex -3.646933e+00 -3.383859e+00  5.000000e-01
     vertex -3.473728e+00 -3.561438e+00  5.000000e-01
   endloop
 endfacet
 facet normal  4.810295e-01  5.184265e-01 -7.069969e-01
   outer loop
     vertex -3.457309e+00 -3.917607e+00  2.500000e-01
     vertex -3.622730e+00 -4.105052e+00  0.000000e+00
     vertex -3.822847e+00 -3.919371e+00  0.000000e+00
   endloop
 endfacet
 facet normal  4.545901e-01  5.417594e-01 -7.069969e-01
   outer loop
     vertex -3.457309e+00 -3.917607e+00  2.500000e-01
     vertex -3.413607e+00 -4.280527e+00  0.000000e+00
     vertex -3.622730e+00 -4.105052e+00  0.000000e+00
   endloop
 endfacet
 facet normal  4.873566e-01  4.996620e-01 -7.161156e-01
   outer loop
     vertex -3.457309e+00 -3.917607e+00  2.500000e-01
     vertex -3.822847e+00 -3.919371e+00  0.000000e+00
     vertex -3.830196e+00 -3.553903e+00  2.500000e-01
   endloop
 endfacet
 facet normal  4.810295e-01  5.184265e-01 -7.069969e-01
   outer loop
     vertex -3.457309e+00 -3.917607e+00  2.500000e-01
     vertex -3.473728e+00 -3.561438e+00  5.000000e-01
     vertex -3.291887e+00 -3.730161e+00  5.000000e-01
   endloop
 endfacet
 facet normal  4.545901e-01  5.417594e-01 -7.069969e-01
   outer loop
     vertex -3.457309e+00 -3.917607e+00  2.500000e-01
     vertex -3.291887e+00 -3.730161e+00  5.000000e-01
     vertex -3.101862e+00 -3.889612e+00  5.000000e-01
   endloop
 endfacet
 facet normal  5.001827e-01  5.128120e-01 -6.977400e-01
   outer loop
     vertex -3.457309e+00 -3.917607e+00  2.500000e-01
     vertex -3.830196e+00 -3.553903e+00  2.500000e-01
     vertex -3.473728e+00 -3.561438e+00  5.000000e-01
   endloop
 endfacet
 facet normal  4.466376e-01  5.600658e-01 -6.977400e-01
   outer loop
     vertex -3.050061e+00 -4.242376e+00  2.500000e-01
     vertex -3.457309e+00 -3.917607e+00  2.500000e-01
     vertex -3.101862e+00 -3.889612e+00  5.000000e-01
   endloop
 endfacet
 facet normal  4.270206e-01  5.637454e-01 -7.069969e-01
   outer loop
     vertex -3.050061e+00 -4.242376e+00  2.500000e-01
     vertex -3.195997e+00 -4.445361e+00  0.000000e+00
     vertex -3.413607e+00 -4.280527e+00  0.000000e+00
   endloop
 endfacet
 facet normal  3.983893e-01  5.843298e-01 -7.069969e-01
   outer loop
     vertex -3.050061e+00 -4.242376e+00  2.500000e-01
     vertex -2.970441e+00 -4.599142e+00  0.000000e+00
     vertex -3.195997e+00 -4.445361e+00  0.000000e+00
   endloop
 endfacet
 facet normal  4.270206e-01  5.637454e-01 -7.069969e-01
   outer loop
     vertex -3.050061e+00 -4.242376e+00  2.500000e-01
     vertex -3.101862e+00 -3.889612e+00  5.000000e-01
     vertex -2.904125e+00 -4.039392e+00  5.000000e-01
   endloop
 endfacet
 facet normal  3.983893e-01  5.843298e-01 -7.069969e-01
   outer loop
     vertex -3.050061e+00 -4.242376e+00  2.500000e-01
     vertex -2.904125e+00 -4.039392e+00  5.000000e-01
     vertex -2.699168e+00 -4.179129e+00  5.000000e-01
   endloop
 endfacet
 facet normal  4.351845e-01  5.457041e-01 -7.161156e-01
   outer loop
     vertex -3.050061e+00 -4.242376e+00  2.500000e-01
     vertex -3.413607e+00 -4.280527e+00  0.000000e+00
     vertex -3.457309e+00 -3.917607e+00  2.500000e-01
   endloop
 endfacet
 facet normal  3.786874e-01  5.863228e-01 -7.161156e-01
   outer loop
     vertex -2.612500e+00 -4.524983e+00  2.500000e-01
     vertex -2.970441e+00 -4.599142e+00  0.000000e+00
     vertex -3.050061e+00 -4.242376e+00  2.500000e-01
   endloop
 endfacet
 facet normal  3.687677e-01  6.034615e-01 -7.069969e-01
   outer loop
     vertex -2.612500e+00 -4.524983e+00  2.500000e-01
     vertex -2.737500e+00 -4.741489e+00  0.000000e+00
     vertex -2.970441e+00 -4.599142e+00  0.000000e+00
   endloop
 endfacet
 facet normal  3.382292e-01  6.210929e-01 -7.069969e-01
   outer loop
     vertex -2.612500e+00 -4.524983e+00  2.500000e-01
     vertex -2.497753e+00 -4.872048e+00  0.000000e+00
     vertex -2.737500e+00 -4.741489e+00  0.000000e+00
   endloop
 endfacet
 facet normal  3.886536e-01  6.017535e-01 -6.977400e-01
   outer loop
     vertex -2.612500e+00 -4.524983e+00  2.500000e-01
     vertex -3.050061e+00 -4.242376e+00  2.500000e-01
     vertex -2.699168e+00 -4.179129e+00  5.000000e-01
   endloop
 endfacet
 facet normal  3.687677e-01  6.034615e-01 -7.069969e-01
   outer loop
     vertex -2.612500e+00 -4.524983e+00  2.500000e-01
     vertex -2.699168e+00 -4.179129e+00  5.000000e-01
     vertex -2.487500e+00 -4.308476e+00  5.000000e-01
   endloop
 endfacet
 facet normal  3.382292e-01  6.210929e-01 -7.069969e-01
   outer loop
     vertex -2.612500e+00 -4.524983e+00  2.500000e-01
     vertex -2.487500e+00 -4.308476e+00  5.000000e-01
     vertex -2.269648e+00 -4.427112e+00  5.000000e-01
   endloop
 endfacet
 facet normal  3.184267e-01  6.211143e-01 -7.161156e-01
   outer loop
     vertex -2.148975e+00 -4.762618e+00  2.500000e-01
     vertex -2.497753e+00 -4.872048e+00  0.000000e+00
     vertex -2.612500e+00 -4.524983e+00  2.500000e-01
   endloop
 endfacet
 facet normal  3.068498e-01  6.371802e-01 -7.069969e-01
   outer loop
     vertex -2.148975e+00 -4.762618e+00  2.500000e-01
     vertex -2.251797e+00 -4.990495e+00  0.000000e+00
     vertex -2.497753e+00 -4.872048e+00  0.000000e+00
   endloop
 endfacet
 facet normal  2.747076e-01  6.516833e-01 -7.069969e-01
   outer loop
     vertex -2.148975e+00 -4.762618e+00  2.500000e-01
     vertex -2.000242e+00 -5.096534e+00  0.000000e+00
     vertex -2.251797e+00 -4.990495e+00  0.000000e+00
   endloop
 endfacet
 facet normal  3.268070e-01  6.374606e-01 -6.977400e-01
   outer loop
     vertex -2.148975e+00 -4.762618e+00  2.500000e-01
     vertex -2.612500e+00 -4.524983e+00  2.500000e-01
     vertex -2.269648e+00 -4.427112e+00  5.000000e-01
   endloop
 endfacet
 facet normal  3.068498e-01  6.371802e-01 -7.069969e-01
   outer loop
     vertex -2.148975e+00 -4.762618e+00  2.500000e-01
     vertex -2.269648e+00 -4.427112e+00  5.000000e-01
     vertex -2.046153e+00 -4.534742e+00  5.000000e-01
   endloop
 endfacet
 facet normal  2.747076e-01  6.516833e-01 -7.069969e-01
   outer loop
     vertex -2.148975e+00 -4.762618e+00  2.500000e-01
     vertex -2.046153e+00 -4.534742e+00  5.000000e-01
     vertex -1.817572e+00 -4.631097e+00  5.000000e-01
   endloop
 endfacet
 facet normal  2.418824e-01  6.645663e-01 -7.069969e-01
   outer loop
     vertex -1.664093e+00 -4.952920e+00  2.500000e-01
     vertex -1.743714e+00 -5.189902e+00  0.000000e+00
     vertex -2.000242e+00 -5.096534e+00  0.000000e+00
   endloop
 endfacet
 facet normal  2.084558e-01  6.757970e-01 -7.069969e-01
   outer loop
     vertex -1.664093e+00 -4.952920e+00  2.500000e-01
     vertex -1.482852e+00 -5.270368e+00  0.000000e+00
     vertex -1.743714e+00 -5.189902e+00  0.000000e+00
   endloop
 endfacet
 facet normal  2.550014e-01  6.497329e-01 -7.161156e-01
   outer loop
     vertex -1.664093e+00 -4.952920e+00  2.500000e-01
     vertex -2.000242e+00 -5.096534e+00  0.000000e+00
     vertex -2.148975e+00 -4.762618e+00  2.500000e-01
   endloop
 endfacet
 facet normal  2.617124e-01  6.668324e-01 -6.977400e-01
   outer loop
     vertex -1.664093e+00 -4.952920e+00  2.500000e-01
     vertex -2.148975e+00 -4.762618e+00  2.500000e-01
     vertex -1.817572e+00 -4.631097e+00  5.000000e-01
   endloop
 endfacet
 facet normal  2.418824e-01  6.645663e-01 -7.069969e-01
   outer loop
     vertex -1.664093e+00 -4.952920e+00  2.500000e-01
     vertex -1.817572e+00 -4.631097e+00  5.000000e-01
     vertex -1.584471e+00 -4.715939e+00  5.000000e-01
   endloop
 endfacet
 facet normal  2.084558e-01  6.757970e-01 -7.069969e-01
   outer loop
     vertex -1.664093e+00 -4.952920e+00  2.500000e-01
     vertex -1.584471e+00 -4.715939e+00  5.000000e-01
     vertex -1.347431e+00 -4.789056e+00  5.000000e-01
   endloop
 endfacet
 facet normal  1.745109e-01  6.853476e-01 -7.069969e-01
   outer loop
     vertex -1.162672e+00 -5.093998e+00  2.500000e-01
     vertex -1.218302e+00 -5.337730e+00  0.000000e+00
     vertex -1.482852e+00 -5.270368e+00  0.000000e+00
   endloop
 endfacet
 facet normal  1.401323e-01  6.931943e-01 -7.069969e-01
   outer loop
     vertex -1.162672e+00 -5.093998e+00  2.500000e-01
     vertex -9.507238e-01 -5.391822e+00  0.000000e+00
     vertex -1.218302e+00 -5.337730e+00  0.000000e+00
   endloop
 endfacet
 facet normal  1.940169e-01  6.895769e-01 -6.977400e-01
   outer loop
     vertex -1.162672e+00 -5.093998e+00  2.500000e-01
     vertex -1.664093e+00 -4.952920e+00  2.500000e-01
     vertex -1.347431e+00 -4.789056e+00  5.000000e-01
   endloop
 endfacet
 facet normal  1.890417e-01  6.718942e-01 -7.161156e-01
   outer loop
     vertex -1.162672e+00 -5.093998e+00  2.500000e-01
     vertex -1.482852e+00 -5.270368e+00  0.000000e+00
     vertex -1.664093e+00 -4.952920e+00  2.500000e-01
   endloop
 endfacet
 facet normal  1.745109e-01  6.853476e-01 -7.069969e-01
   outer loop
     vertex -1.162672e+00 -5.093998e+00  2.500000e-01
     vertex -1.347431e+00 -4.789056e+00  5.000000e-01
     vertex -1.107042e+00 -4.850266e+00  5.000000e-01
   endloop
 endfacet
 facet normal  1.401323e-01  6.931943e-01 -7.069969e-01
   outer loop
     vertex -1.162672e+00 -5.093998e+00  2.500000e-01
     vertex -1.107042e+00 -4.850266e+00  5.000000e-01
     vertex -8.638997e-01 -4.899419e+00  5.000000e-01
   endloop
 endfacet
 facet normal  1.054052e-01  6.993177e-01 -7.069969e-01
   outer loop
     vertex -6.496959e-01 -5.184450e+00  2.500000e-01
     vertex -6.807818e-01 -5.432510e+00  0.000000e+00
     vertex -9.507238e-01 -5.391822e+00  0.000000e+00
   endloop
 endfacet
 facet normal  7.041604e-02  7.037024e-01 -7.069969e-01
   outer loop
     vertex -6.496959e-01 -5.184450e+00  2.500000e-01
     vertex -4.091473e-01 -5.459691e+00  0.000000e+00
     vertex -6.807818e-01 -5.432510e+00  0.000000e+00
   endloop
 endfacet
 facet normal  1.243931e-01  7.054681e-01 -6.977400e-01
   outer loop
     vertex -6.496959e-01 -5.184450e+00  2.500000e-01
     vertex -1.162672e+00 -5.093998e+00  2.500000e-01
     vertex -8.638997e-01 -4.899419e+00  5.000000e-01
   endloop
 endfacet
 facet normal  1.212033e-01  6.873778e-01 -7.161156e-01
   outer loop
     vertex -6.496959e-01 -5.184450e+00  2.500000e-01
     vertex -9.507238e-01 -5.391822e+00  0.000000e+00
     vertex -1.162672e+00 -5.093998e+00  2.500000e-01
   endloop
 endfacet
 facet normal  1.054052e-01  6.993177e-01 -7.069969e-01
   outer loop
     vertex -6.496959e-01 -5.184450e+00  2.500000e-01
     vertex -8.638997e-01 -4.899419e+00  5.000000e-01
     vertex -6.186099e-01 -4.936390e+00  5.000000e-01
   endloop
 endfacet
 facet normal  7.041604e-02  7.037024e-01 -7.069969e-01
   outer loop
     vertex -6.496959e-01 -5.184450e+00  2.500000e-01
     vertex -6.186099e-01 -4.936390e+00  5.000000e-01
     vertex -3.717822e-01 -4.961089e+00  5.000000e-01
   endloop
 endfacet
 facet normal  3.525184e-02  7.063376e-01 -7.069969e-01
   outer loop
     vertex -1.302629e-01 -5.223376e+00  2.500000e-01
     vertex -1.364955e-01 -5.473298e+00  0.000000e+00
     vertex -4.091473e-01 -5.459691e+00  0.000000e+00
   endloop
 endfacet
 facet normal -6.902804e-15  7.072167e-01 -7.069969e-01
   outer loop
     vertex -1.302629e-01 -5.223376e+00  2.500000e-01
     vertex  1.364955e-01 -5.473298e+00  0.000000e+00
     vertex -1.364955e-01 -5.473298e+00  0.000000e+00
   endloop
 endfacet
 facet normal  5.216024e-02  6.960300e-01 -7.161156e-01
   outer loop
     vertex -1.302629e-01 -5.223376e+00  2.500000e-01
     vertex -4.091473e-01 -5.459691e+00  0.000000e+00
     vertex -6.496959e-01 -5.184450e+00  2.500000e-01
   endloop
 endfacet
 facet normal  5.353298e-02  7.143480e-01 -6.977400e-01
   outer loop
     vertex -1.302629e-01 -5.223376e+00  2.500000e-01
     vertex -6.496959e-01 -5.184450e+00  2.500000e-01
     vertex -3.717822e-01 -4.961089e+00  5.000000e-01
   endloop
 endfacet
 facet normal  3.525184e-02  7.063376e-01 -7.069969e-01
   outer loop
     vertex -1.302629e-01 -5.223376e+00  2.500000e-01
     vertex -3.717822e-01 -4.961089e+00  5.000000e-01
     vertex -1.240302e-01 -4.973454e+00  5.000000e-01
   endloop
 endfacet
 facet normal -5.064368e-15  7.072167e-01 -7.069969e-01
   outer loop
     vertex -1.302629e-01 -5.223376e+00  2.500000e-01
     vertex -1.240302e-01 -4.973454e+00  5.000000e-01
     vertex  1.240302e-01 -4.973454e+00  5.000000e-01
   endloop
 endfacet
 facet normal -3.525184e-02  7.063376e-01 -7.069969e-01
   outer loop
     vertex  3.904647e-01 -5.210390e+00  2.500000e-01
     vertex  4.091473e-01 -5.459691e+00  0.000000e+00
     vertex  1.364955e-01 -5.473298e+00  0.000000e+00
   endloop
 endfacet
 facet normal -7.041604e-02  7.037024e-01 -7.069969e-01
   outer loop
     vertex  3.904647e-01 -5.210390e+00  2.500000e-01
     vertex  6.807818e-01 -5.432510e+00  0.000000e+00
     vertex  4.091473e-01 -5.459691e+00  0.000000e+00
   endloop
 endfacet
 facet normal -1.740117e-02  6.977648e-01 -7.161156e-01
   outer loop
     vertex  3.904647e-01 -5.210390e+00  2.500000e-01
     vertex  1.364955e-01 -5.473298e+00  0.000000e+00
     vertex -1.302629e-01 -5.223376e+00  2.500000e-01
   endloop
 endfacet
 facet normal -1.785913e-02  7.161284e-01 -6.977400e-01
   outer loop
     vertex  3.904647e-01 -5.210390e+00  2.500000e-01
     vertex -1.302629e-01 -5.223376e+00  2.500000e-01
     vertex  1.240302e-01 -4.973454e+00  5.000000e-01
   endloop
 endfacet
 facet normal -3.525184e-02  7.063376e-01 -7.069969e-01
   outer loop
     vertex  3.904647e-01 -5.210390e+00  2.500000e-01
     vertex  1.240302e-01 -4.973454e+00  5.000000e-01
     vertex  3.717822e-01 -4.961089e+00  5.000000e-01
   endloop
 endfacet
 facet normal -7.041604e-02  7.037024e-01 -7.069969e-01
   outer loop
     vertex  3.904647e-01 -5.210390e+00  2.500000e-01
     vertex  3.717822e-01 -4.961089e+00  5.000000e-01
     vertex  6.186099e-01 -4.936390e+00  5.000000e-01
   endloop
 endfacet
 facet normal -1.401323e-01  6.931943e-01 -7.069969e-01
   outer loop
     vertex  9.073117e-01 -5.145621e+00  2.500000e-01
     vertex  8.638997e-01 -4.899419e+00  5.000000e-01
     vertex  1.107042e+00 -4.850266e+00  5.000000e-01
   endloop
 endfacet
 facet normal -8.907375e-02  7.107916e-01 -6.977400e-01
   outer loop
     vertex  9.073117e-01 -5.145621e+00  2.500000e-01
     vertex  3.904647e-01 -5.210390e+00  2.500000e-01
     vertex  6.186099e-01 -4.936390e+00  5.000000e-01
   endloop
 endfacet
 facet normal -8.678964e-02  6.925649e-01 -7.161156e-01
   outer loop
     vertex  9.073117e-01 -5.145621e+00  2.500000e-01
     vertex  6.807818e-01 -5.432510e+00  0.000000e+00
     vertex  3.904647e-01 -5.210390e+00  2.500000e-01
   endloop
 endfacet
 facet normal -1.054052e-01  6.993177e-01 -7.069969e-01
   outer loop
     vertex  9.073117e-01 -5.145621e+00  2.500000e-01
     vertex  9.507238e-01 -5.391822e+00  0.000000e+00
     vertex  6.807818e-01 -5.432510e+00  0.000000e+00
   endloop
 endfacet
 facet normal -1.401323e-01  6.931943e-01 -7.069969e-01
   outer loop
     vertex  9.073117e-01 -5.145621e+00  2.500000e-01
     vertex  1.218302e+00 -5.337730e+00  0.000000e+00
     vertex  9.507238e-01 -5.391822e+00  0.000000e+00
   endloop
 endfacet
 facet normal -1.054052e-01  6.993177e-01 -7.069969e-01
   outer loop
     vertex  9.073117e-01 -5.145621e+00  2.500000e-01
     vertex  6.186099e-01 -4.936390e+00  5.000000e-01
     vertex  8.638997e-01 -4.899419e+00  5.000000e-01
   endloop
 endfacet
 facet normal -1.745109e-01  6.853476e-01 -7.069969e-01
   outer loop
     vertex  1.415141e+00 -5.029712e+00  2.500000e-01
     vertex  1.107042e+00 -4.850266e+00  5.000000e-01
     vertex  1.347431e+00 -4.789056e+00  5.000000e-01
   endloop
 endfacet
 facet normal -2.084558e-01  6.757970e-01 -7.069969e-01
   outer loop
     vertex  1.415141e+00 -5.029712e+00  2.500000e-01
     vertex  1.347431e+00 -4.789056e+00  5.000000e-01
     vertex  1.584471e+00 -4.715939e+00  5.000000e-01
   endloop
 endfacet
 facet normal -1.594031e-01  6.983907e-01 -6.977400e-01
   outer loop
     vertex  1.415141e+00 -5.029712e+00  2.500000e-01
     vertex  9.073117e-01 -5.145621e+00  2.500000e-01
     vertex  1.107042e+00 -4.850266e+00  5.000000e-01
   endloop
 endfacet
 facet normal -1.745109e-01  6.853476e-01 -7.069969e-01
   outer loop
     vertex  1.415141e+00 -5.029712e+00  2.500000e-01
     vertex  1.482852e+00 -5.270368e+00  0.000000e+00
     vertex  1.218302e+00 -5.337730e+00  0.000000e+00
   endloop
 endfacet
 facet normal -2.084558e-01  6.757970e-01 -7.069969e-01
   outer loop
     vertex  1.415141e+00 -5.029712e+00  2.500000e-01
     vertex  1.743714e+00 -5.189902e+00  0.000000e+00
     vertex  1.482852e+00 -5.270368e+00  0.000000e+00
   endloop
 endfacet
 facet normal -1.553155e-01  6.804819e-01 -7.161156e-01
   outer loop
     vertex  1.415141e+00 -5.029712e+00  2.500000e-01
     vertex  1.218302e+00 -5.337730e+00  0.000000e+00
     vertex  9.073117e-01 -5.145621e+00  2.500000e-01
   endloop
 endfacet
 facet normal -2.418824e-01  6.645663e-01 -7.069969e-01
   outer loop
     vertex  1.908907e+00 -4.863815e+00  2.500000e-01
     vertex  1.584471e+00 -4.715939e+00  5.000000e-01
     vertex  1.817572e+00 -4.631097e+00  5.000000e-01
   endloop
 endfacet
 facet normal -2.747076e-01  6.516833e-01 -7.069969e-01
   outer loop
     vertex  1.908907e+00 -4.863815e+00  2.500000e-01
     vertex  1.817572e+00 -4.631097e+00  5.000000e-01
     vertex  2.046153e+00 -4.534742e+00  5.000000e-01
   endloop
 endfacet
 facet normal -2.281483e-01  6.790488e-01 -6.977400e-01
   outer loop
     vertex  1.908907e+00 -4.863815e+00  2.500000e-01
     vertex  1.415141e+00 -5.029712e+00  2.500000e-01
     vertex  1.584471e+00 -4.715939e+00  5.000000e-01
   endloop
 endfacet
 facet normal -2.418824e-01  6.645663e-01 -7.069969e-01
   outer loop
     vertex  1.908907e+00 -4.863815e+00  2.500000e-01
     vertex  2.000242e+00 -5.096534e+00  0.000000e+00
     vertex  1.743714e+00 -5.189902e+00  0.000000e+00
   endloop
 endfacet
 facet normal -2.747076e-01  6.516833e-01 -7.069969e-01
   outer loop
     vertex  1.908907e+00 -4.863815e+00  2.500000e-01
     vertex  2.251797e+00 -4.990495e+00  0.000000e+00
     vertex  2.000242e+00 -5.096534e+00  0.000000e+00
   endloop
 endfacet
 facet normal -2.222979e-01  6.616360e-01 -7.161156e-01
   outer loop
     vertex  1.908907e+00 -4.863815e+00  2.500000e-01
     vertex  1.743714e+00 -5.189902e+00  0.000000e+00
     vertex  1.415141e+00 -5.029712e+00  2.500000e-01
   endloop
 endfacet
 facet normal -3.068498e-01  6.371802e-01 -7.069969e-01
   outer loop
     vertex  2.383701e+00 -4.649580e+00  2.500000e-01
     vertex  2.046153e+00 -4.534742e+00  5.000000e-01
     vertex  2.269648e+00 -4.427112e+00  5.000000e-01
   endloop
 endfacet
 facet normal -2.870709e-01  6.362144e-01 -7.161156e-01
   outer loop
     vertex  2.383701e+00 -4.649580e+00  2.500000e-01
     vertex  2.251797e+00 -4.990495e+00  0.000000e+00
     vertex  1.908907e+00 -4.863815e+00  2.500000e-01
   endloop
 endfacet
 facet normal -3.382292e-01  6.210929e-01 -7.069969e-01
   outer loop
     vertex  2.383701e+00 -4.649580e+00  2.500000e-01
     vertex  2.269648e+00 -4.427112e+00  5.000000e-01
     vertex  2.487500e+00 -4.308476e+00  5.000000e-01
   endloop
 endfacet
 facet normal -3.068498e-01  6.371802e-01 -7.069969e-01
   outer loop
     vertex  2.383701e+00 -4.649580e+00  2.500000e-01
     vertex  2.497753e+00 -4.872048e+00  0.000000e+00
     vertex  2.251797e+00 -4.990495e+00  0.000000e+00
   endloop
 endfacet
 facet normal -3.382292e-01  6.210929e-01 -7.069969e-01
   outer loop
     vertex  2.383701e+00 -4.649580e+00  2.500000e-01
     vertex  2.737500e+00 -4.741489e+00  0.000000e+00
     vertex  2.497753e+00 -4.872048e+00  0.000000e+00
   endloop
 endfacet
 facet normal -2.946260e-01  6.529582e-01 -6.977400e-01
   outer loop
     vertex  2.383701e+00 -4.649580e+00  2.500000e-01
     vertex  1.908907e+00 -4.863815e+00  2.500000e-01
     vertex  2.046153e+00 -4.534742e+00  5.000000e-01
   endloop
 endfacet
 facet normal -3.687677e-01  6.034615e-01 -7.069969e-01
   outer loop
     vertex  2.834804e+00 -4.389135e+00  2.500000e-01
     vertex  2.487500e+00 -4.308476e+00  5.000000e-01
     vertex  2.699168e+00 -4.179129e+00  5.000000e-01
   endloop
 endfacet
 facet normal -3.983893e-01  5.843298e-01 -7.069969e-01
   outer loop
     vertex  2.834804e+00 -4.389135e+00  2.500000e-01
     vertex  2.699168e+00 -4.179129e+00  5.000000e-01
     vertex  2.904125e+00 -4.039392e+00  5.000000e-01
   endloop
 endfacet
 facet normal -3.687677e-01  6.034615e-01 -7.069969e-01
   outer loop
     vertex  2.834804e+00 -4.389135e+00  2.500000e-01
     vertex  2.970441e+00 -4.599142e+00  0.000000e+00
     vertex  2.737500e+00 -4.741489e+00  0.000000e+00
   endloop
 endfacet
 facet normal -3.983893e-01  5.843298e-01 -7.069969e-01
   outer loop
     vertex  2.834804e+00 -4.389135e+00  2.500000e-01
     vertex  3.195997e+00 -4.445361e+00  0.000000e+00
     vertex  2.970441e+00 -4.599142e+00  0.000000e+00
   endloop
 endfacet
 facet normal -3.581755e-01  6.203782e-01 -6.977400e-01
   outer loop
     vertex  2.834804e+00 -4.389135e+00  2.500000e-01
     vertex  2.383701e+00 -4.649580e+00  2.500000e-01
     vertex  2.487500e+00 -4.308476e+00  5.000000e-01
   endloop
 endfacet
 facet normal -3.489909e-01  6.044699e-01 -7.161156e-01
   outer loop
     vertex  2.834804e+00 -4.389135e+00  2.500000e-01
     vertex  2.737500e+00 -4.741489e+00  0.000000e+00
     vertex  2.383701e+00 -4.649580e+00  2.500000e-01
   endloop
 endfacet
 facet normal -4.270206e-01  5.637454e-01 -7.069969e-01
   outer loop
     vertex  3.257734e+00 -4.085069e+00  2.500000e-01
     vertex  2.904125e+00 -4.039392e+00  5.000000e-01
     vertex  3.101862e+00 -3.889612e+00  5.000000e-01
   endloop
 endfacet
 facet normal -4.545901e-01  5.417594e-01 -7.069969e-01
   outer loop
     vertex  3.257734e+00 -4.085069e+00  2.500000e-01
     vertex  3.101862e+00 -3.889612e+00  5.000000e-01
     vertex  3.291887e+00 -3.730161e+00  5.000000e-01
   endloop
 endfacet
 facet normal -4.270206e-01  5.637454e-01 -7.069969e-01
   outer loop
     vertex  3.257734e+00 -4.085069e+00  2.500000e-01
     vertex  3.413607e+00 -4.280527e+00  0.000000e+00
     vertex  3.195997e+00 -4.445361e+00  0.000000e+00
   endloop
 endfacet
 facet normal -4.545901e-01  5.417594e-01 -7.069969e-01
   outer loop
     vertex  3.257734e+00 -4.085069e+00  2.500000e-01
     vertex  3.622730e+00 -4.105052e+00  0.000000e+00
     vertex  3.413607e+00 -4.280527e+00  0.000000e+00
   endloop
 endfacet
 facet normal -4.074424e-01  5.667179e-01 -7.161156e-01
   outer loop
     vertex  3.257734e+00 -4.085069e+00  2.500000e-01
     vertex  3.195997e+00 -4.445361e+00  0.000000e+00
     vertex  2.834804e+00 -4.389135e+00  2.500000e-01
   endloop
 endfacet
 facet normal -4.181654e-01  5.816327e-01 -6.977400e-01
   outer loop
     vertex  3.257734e+00 -4.085069e+00  2.500000e-01
     vertex  2.834804e+00 -4.389135e+00  2.500000e-01
     vertex  2.904125e+00 -4.039392e+00  5.000000e-01
   endloop
 endfacet
 facet normal -4.810295e-01  5.184265e-01 -7.069969e-01
   outer loop
     vertex  3.648287e+00 -3.740404e+00  2.500000e-01
     vertex  3.291887e+00 -3.730161e+00  5.000000e-01
     vertex  3.473728e+00 -3.561438e+00  5.000000e-01
   endloop
 endfacet
 facet normal -5.062730e-01  4.938047e-01 -7.069969e-01
   outer loop
     vertex  3.648287e+00 -3.740404e+00  2.500000e-01
     vertex  3.473728e+00 -3.561438e+00  5.000000e-01
     vertex  3.646933e+00 -3.383859e+00  5.000000e-01
   endloop
 endfacet
 facet normal -4.810295e-01  5.184265e-01 -7.069969e-01
   outer loop
     vertex  3.648287e+00 -3.740404e+00  2.500000e-01
     vertex  3.822847e+00 -3.919371e+00  0.000000e+00
     vertex  3.622730e+00 -4.105052e+00  0.000000e+00
   endloop
 endfacet
 facet normal -5.062730e-01  4.938047e-01 -7.069969e-01
   outer loop
     vertex  3.648287e+00 -3.740404e+00  2.500000e-01
     vertex  4.013459e+00 -3.723946e+00  0.000000e+00
     vertex  3.822847e+00 -3.919371e+00  0.000000e+00
   endloop
 endfacet
 facet normal -4.618446e-01  5.233336e-01 -7.161156e-01
   outer loop
     vertex  3.648287e+00 -3.740404e+00  2.500000e-01
     vertex  3.622730e+00 -4.105052e+00  0.000000e+00
     vertex  3.257734e+00 -4.085069e+00  2.500000e-01
   endloop
 endfacet
 facet normal -4.739994e-01  5.371066e-01 -6.977400e-01
   outer loop
     vertex  3.648287e+00 -3.740404e+00  2.500000e-01
     vertex  3.257734e+00 -4.085069e+00  2.500000e-01
     vertex  3.291887e+00 -3.730161e+00  5.000000e-01
   endloop
 endfacet
 facet normal -5.251225e-01  4.872425e-01 -6.977400e-01
   outer loop
     vertex  4.002582e+00 -3.358565e+00  2.500000e-01
     vertex  3.648287e+00 -3.740404e+00  2.500000e-01
     vertex  3.646933e+00 -3.383859e+00  5.000000e-01
   endloop
 endfacet
 facet normal -5.302578e-01  4.679553e-01 -7.069969e-01
   outer loop
     vertex  4.002582e+00 -3.358565e+00  2.500000e-01
     vertex  3.646933e+00 -3.383859e+00  5.000000e-01
     vertex  3.811071e+00 -3.197868e+00  5.000000e-01
   endloop
 endfacet
 facet normal -5.529243e-01  4.409424e-01 -7.069969e-01
   outer loop
     vertex  4.002582e+00 -3.358565e+00  2.500000e-01
     vertex  3.811071e+00 -3.197868e+00  5.000000e-01
     vertex  3.965734e+00 -3.003927e+00  5.000000e-01
   endloop
 endfacet
 facet normal -5.302578e-01  4.679553e-01 -7.069969e-01
   outer loop
     vertex  4.002582e+00 -3.358565e+00  2.500000e-01
     vertex  4.194093e+00 -3.519262e+00  0.000000e+00
     vertex  4.013459e+00 -3.723946e+00  0.000000e+00
   endloop
 endfacet
 facet normal -5.529243e-01  4.409424e-01 -7.069969e-01
   outer loop
     vertex  4.002582e+00 -3.358565e+00  2.500000e-01
     vertex  4.364300e+00 -3.305829e+00  0.000000e+00
     vertex  4.194093e+00 -3.519262e+00  0.000000e+00
   endloop
 endfacet
 facet normal -5.116568e-01  4.747482e-01 -7.161156e-01
   outer loop
     vertex  4.002582e+00 -3.358565e+00  2.500000e-01
     vertex  4.013459e+00 -3.723946e+00  0.000000e+00
     vertex  3.648287e+00 -3.740404e+00  2.500000e-01
   endloop
 endfacet
 facet normal -5.710267e-01  4.325359e-01 -6.977400e-01
   outer loop
     vertex  4.317098e+00 -2.943347e+00  2.500000e-01
     vertex  4.002582e+00 -3.358565e+00  2.500000e-01
     vertex  3.965734e+00 -3.003927e+00  5.000000e-01
   endloop
 endfacet
 facet normal -5.742161e-01  4.128333e-01 -7.069969e-01
   outer loop
     vertex  4.317098e+00 -2.943347e+00  2.500000e-01
     vertex  3.965734e+00 -3.003927e+00  5.000000e-01
     vertex  4.110538e+00 -2.802517e+00  5.000000e-01
   endloop
 endfacet
 facet normal -5.563839e-01  4.214445e-01 -7.161156e-01
   outer loop
     vertex  4.317098e+00 -2.943347e+00  2.500000e-01
     vertex  4.364300e+00 -3.305829e+00  0.000000e+00
     vertex  4.002582e+00 -3.358565e+00  2.500000e-01
   endloop
 endfacet
 facet normal -5.940803e-01  3.836978e-01 -7.069969e-01
   outer loop
     vertex  4.317098e+00 -2.943347e+00  2.500000e-01
     vertex  4.110538e+00 -2.802517e+00  5.000000e-01
     vertex  4.245122e+00 -2.594140e+00  5.000000e-01
   endloop
 endfacet
 facet normal -5.742161e-01  4.128333e-01 -7.069969e-01
   outer loop
     vertex  4.317098e+00 -2.943347e+00  2.500000e-01
     vertex  4.523657e+00 -3.084177e+00  0.000000e+00
     vertex  4.364300e+00 -3.305829e+00  0.000000e+00
   endloop
 endfacet
 facet normal -5.940803e-01  3.836978e-01 -7.069969e-01
   outer loop
     vertex  4.317098e+00 -2.943347e+00  2.500000e-01
     vertex  4.671768e+00 -2.854858e+00  0.000000e+00
     vertex  4.523657e+00 -3.084177e+00  0.000000e+00
   endloop
 endfacet
 facet normal -6.124676e-01  3.536083e-01 -7.069969e-01
   outer loop
     vertex  4.588708e+00 -2.498877e+00  2.500000e-01
     vertex  4.245122e+00 -2.594140e+00  5.000000e-01
     vertex  4.369152e+00 -2.379314e+00  5.000000e-01
   endloop
 endfacet
 facet normal -6.293322e-01  3.226398e-01 -7.069969e-01
   outer loop
     vertex  4.588708e+00 -2.498877e+00  2.500000e-01
     vertex  4.369152e+00 -2.379314e+00  5.000000e-01
     vertex  4.482320e+00 -2.158572e+00  5.000000e-01
   endloop
 endfacet
 facet normal -6.112558e-01  3.735307e-01 -6.977400e-01
   outer loop
     vertex  4.588708e+00 -2.498877e+00  2.500000e-01
     vertex  4.317098e+00 -2.943347e+00  2.500000e-01
     vertex  4.245122e+00 -2.594140e+00  5.000000e-01
   endloop
 endfacet
 facet normal -5.955815e-01  3.639523e-01 -7.161156e-01
   outer loop
     vertex  4.588708e+00 -2.498877e+00  2.500000e-01
     vertex  4.671768e+00 -2.854858e+00  0.000000e+00
     vertex  4.317098e+00 -2.943347e+00  2.500000e-01
   endloop
 endfacet
 facet normal -6.124676e-01  3.536083e-01 -7.069969e-01
   outer loop
     vertex  4.588708e+00 -2.498877e+00  2.500000e-01
     vertex  4.808263e+00 -2.618441e+00  0.000000e+00
     vertex  4.671768e+00 -2.854858e+00  0.000000e+00
   endloop
 endfacet
 facet normal -6.293322e-01  3.226398e-01 -7.069969e-01
   outer loop
     vertex  4.588708e+00 -2.498877e+00  2.500000e-01
     vertex  4.932805e+00 -2.375513e+00  0.000000e+00
     vertex  4.808263e+00 -2.618441e+00  0.000000e+00
   endloop
 endfacet
 facet normal -6.446321e-01  2.908691e-01 -7.069969e-01
   outer loop
     vertex  4.814713e+00 -2.029572e+00  2.500000e-01
     vertex  4.482320e+00 -2.158572e+00  5.000000e-01
     vertex  4.584344e+00 -1.932463e+00  5.000000e-01
   endloop
 endfacet
 facet normal -6.583294e-01  2.583753e-01 -7.069969e-01
   outer loop
     vertex  4.814713e+00 -2.029572e+00  2.500000e-01
     vertex  4.584344e+00 -1.932463e+00  5.000000e-01
     vertex  4.674971e+00 -1.701550e+00  5.000000e-01
   endloop
 endfacet
 facet normal -6.454100e-01  3.108131e-01 -6.977400e-01
   outer loop
     vertex  4.814713e+00 -2.029572e+00  2.500000e-01
     vertex  4.588708e+00 -2.498877e+00  2.500000e-01
     vertex  4.482320e+00 -2.158572e+00  5.000000e-01
   endloop
 endfacet
 facet normal -6.446321e-01  2.908691e-01 -7.069969e-01
   outer loop
     vertex  4.814713e+00 -2.029572e+00  2.500000e-01
     vertex  5.045082e+00 -2.126681e+00  0.000000e+00
     vertex  4.932805e+00 -2.375513e+00  0.000000e+00
   endloop
 endfacet
 facet normal -6.583294e-01  2.583753e-01 -7.069969e-01
   outer loop
     vertex  4.814713e+00 -2.029572e+00  2.500000e-01
     vertex  5.144817e+00 -1.872560e+00  0.000000e+00
     vertex  5.045082e+00 -2.126681e+00  0.000000e+00
   endloop
 endfacet
 facet normal -6.288598e-01  3.028429e-01 -7.161156e-01
   outer loop
     vertex  4.814713e+00 -2.029572e+00  2.500000e-01
     vertex  4.932805e+00 -2.375513e+00  0.000000e+00
     vertex  4.588708e+00 -2.498877e+00  2.500000e-01
   endloop
 endfacet
 facet normal -6.703900e-01  2.252391e-01 -7.069969e-01
   outer loop
     vertex  4.992868e+00 -1.540096e+00  2.500000e-01
     vertex  4.674971e+00 -1.701550e+00  5.000000e-01
     vertex  4.753975e+00 -1.466407e+00  5.000000e-01
   endloop
 endfacet
 facet normal -6.807839e-01  1.915429e-01 -7.069969e-01
   outer loop
     vertex  4.992868e+00 -1.540096e+00  2.500000e-01
     vertex  4.753975e+00 -1.466407e+00  5.000000e-01
     vertex  4.821159e+00 -1.227618e+00  5.000000e-01
   endloop
 endfacet
 facet normal -6.703900e-01  2.252391e-01 -7.069969e-01
   outer loop
     vertex  4.992868e+00 -1.540096e+00  2.500000e-01
     vertex  5.231761e+00 -1.613785e+00  0.000000e+00
     vertex  5.144817e+00 -1.872560e+00  0.000000e+00
   endloop
 endfacet
 facet normal -6.807839e-01  1.915429e-01 -7.069969e-01
   outer loop
     vertex  4.992868e+00 -1.540096e+00  2.500000e-01
     vertex  5.305698e+00 -1.350997e+00  0.000000e+00
     vertex  5.231761e+00 -1.613785e+00  0.000000e+00
   endloop
 endfacet
 facet normal -6.558883e-01  2.387238e-01 -7.161156e-01
   outer loop
     vertex  4.992868e+00 -1.540096e+00  2.500000e-01
     vertex  5.144817e+00 -1.872560e+00  0.000000e+00
     vertex  4.814713e+00 -2.029572e+00  2.500000e-01
   endloop
 endfacet
 facet normal -6.731498e-01  2.450065e-01 -6.977400e-01
   outer loop
     vertex  4.992868e+00 -1.540096e+00  2.500000e-01
     vertex  4.814713e+00 -2.029572e+00  2.500000e-01
     vertex  4.674971e+00 -1.701550e+00  5.000000e-01
   endloop
 endfacet
 facet normal -6.894853e-01  1.573705e-01 -7.069969e-01
   outer loop
     vertex  5.121401e+00 -1.035314e+00  2.500000e-01
     vertex  4.821159e+00 -1.227618e+00  5.000000e-01
     vertex  4.876358e+00 -9.857771e-01  5.000000e-01
   endloop
 endfacet
 facet normal -6.964725e-01  1.228069e-01 -7.069969e-01
   outer loop
     vertex  5.121401e+00 -1.035314e+00  2.500000e-01
     vertex  4.876358e+00 -9.857771e-01  5.000000e-01
     vertex  4.919433e+00 -7.414853e-01  5.000000e-01
   endloop
 endfacet
 facet normal -6.894853e-01  1.573705e-01 -7.069969e-01
   outer loop
     vertex  5.121401e+00 -1.035314e+00  2.500000e-01
     vertex  5.366444e+00 -1.084850e+00  0.000000e+00
     vertex  5.305698e+00 -1.350997e+00  0.000000e+00
   endloop
 endfacet
 facet normal -6.964725e-01  1.228069e-01 -7.069969e-01
   outer loop
     vertex  5.121401e+00 -1.035314e+00  2.500000e-01
     vertex  5.413849e+00 -8.160064e-01  0.000000e+00
     vertex  5.366444e+00 -1.084850e+00  0.000000e+00
   endloop
 endfacet
 facet normal -6.763983e-01  1.722322e-01 -7.161156e-01
   outer loop
     vertex  5.121401e+00 -1.035314e+00  2.500000e-01
     vertex  5.305698e+00 -1.350997e+00  0.000000e+00
     vertex  4.992868e+00 -1.540096e+00  2.500000e-01
   endloop
 endfacet
 facet normal -6.941996e-01  1.767649e-01 -6.977400e-01
   outer loop
     vertex  5.121401e+00 -1.035314e+00  2.500000e-01
     vertex  4.992868e+00 -1.540096e+00  2.500000e-01
     vertex  4.821159e+00 -1.227618e+00  5.000000e-01
   endloop
 endfacet
 facet normal -7.017281e-01  8.793794e-02 -7.069969e-01
   outer loop
     vertex  5.199036e+00 -5.202420e-01  2.500000e-01
     vertex  4.919433e+00 -7.414853e-01  5.000000e-01
     vertex  4.950278e+00 -4.953500e-01  5.000000e-01
   endloop
 endfacet
 facet normal -7.052392e-01  5.285037e-02 -7.069969e-01
   outer loop
     vertex  5.199036e+00 -5.202420e-01  2.500000e-01
     vertex  4.950278e+00 -4.953500e-01  5.000000e-01
     vertex  4.968816e+00 -2.479833e-01  5.000000e-01
   endloop
 endfacet
 facet normal -7.154606e-01  3.570715e-02 -6.977400e-01
   outer loop
     vertex  5.199036e+00 -5.202420e-01  2.500000e-01
     vertex  4.968816e+00 -2.479833e-01  5.000000e-01
     vertex  5.225000e+00  5.950944e-16  2.500000e-01
   endloop
 endfacet
 facet normal -7.017281e-01  8.793794e-02 -7.069969e-01
   outer loop
     vertex  5.199036e+00 -5.202420e-01  2.500000e-01
     vertex  5.447793e+00 -5.451340e-01  0.000000e+00
     vertex  5.413849e+00 -8.160064e-01  0.000000e+00
   endloop
 endfacet
 facet normal -7.052392e-01  5.285037e-02 -7.069969e-01
   outer loop
     vertex  5.199036e+00 -5.202420e-01  2.500000e-01
     vertex  5.468194e+00 -2.729062e-01  0.000000e+00
     vertex  5.447793e+00 -5.451340e-01  0.000000e+00
   endloop
 endfacet
 facet normal -6.971141e-01  3.479152e-02 -7.161156e-01
   outer loop
     vertex  5.199036e+00 -5.202420e-01  2.500000e-01
     vertex  5.225000e+00  5.950944e-16  2.500000e-01
     vertex  5.468194e+00 -2.729062e-01  0.000000e+00
   endloop
 endfacet
 facet normal -6.901859e-01  1.040288e-01 -7.161156e-01
   outer loop
     vertex  5.199036e+00 -5.202420e-01  2.500000e-01
     vertex  5.413849e+00 -8.160064e-01  0.000000e+00
     vertex  5.121401e+00 -1.035314e+00  2.500000e-01
   endloop
 endfacet
 facet normal -7.083500e-01  1.067666e-01 -6.977400e-01
   outer loop
     vertex  5.199036e+00 -5.202420e-01  2.500000e-01
     vertex  5.121401e+00 -1.035314e+00  2.500000e-01
     vertex  4.919433e+00 -7.414853e-01  5.000000e-01
   endloop
 endfacet
 facet normal -7.069969e-01 -1.763140e-02  7.069969e-01
   outer loop
     vertex  5.225000e+00  5.950944e-16  3.730000e+00
     vertex  4.968816e+00  2.479833e-01  3.480000e+00
     vertex  4.975000e+00  5.950944e-16  3.480000e+00
   endloop
 endfacet
 facet normal -7.069969e-01 -1.763140e-02  7.069969e-01
   outer loop
     vertex  5.468194e+00  2.729062e-01  3.980000e+00
     vertex  5.225000e+00  5.950944e-16  3.730000e+00
     vertex  5.475000e+00  5.950944e-16  3.980000e+00
   endloop
 endfacet
 facet normal -7.069969e-01  1.763140e-02  7.069969e-01
   outer loop
     vertex  5.225000e+00  5.950944e-16  3.730000e+00
     vertex  4.975000e+00  5.950944e-16  3.480000e+00
     vertex  4.968816e+00 -2.479833e-01  3.480000e+00
   endloop
 endfacet
 facet normal -7.069969e-01  1.763140e-02  7.069969e-01
   outer loop
     vertex  5.475000e+00  5.950944e-16  3.980000e+00
     vertex  5.225000e+00  5.950944e-16  3.730000e+00
     vertex  5.468194e+00 -2.729062e-01  3.980000e+00
   endloop
 endfacet
 facet normal -7.052392e-01 -5.285037e-02  7.069969e-01
   outer loop
     vertex  5.199036e+00  5.202420e-01  3.730000e+00
     vertex  4.950278e+00  4.953500e-01  3.480000e+00
     vertex  4.968816e+00  2.479833e-01  3.480000e+00
   endloop
 endfacet
 facet normal -7.017281e-01 -8.793794e-02  7.069969e-01
   outer loop
     vertex  5.199036e+00  5.202420e-01  3.730000e+00
     vertex  4.919433e+00  7.414853e-01  3.480000e+00
     vertex  4.950278e+00  4.953500e-01  3.480000e+00
   endloop
 endfacet
 facet normal -7.052392e-01 -5.285037e-02  7.069969e-01
   outer loop
     vertex  5.199036e+00  5.202420e-01  3.730000e+00
     vertex  5.468194e+00  2.729062e-01  3.980000e+00
     vertex  5.447793e+00  5.451340e-01  3.980000e+00
   endloop
 endfacet
 facet normal -7.017281e-01 -8.793794e-02  7.069969e-01
   outer loop
     vertex  5.199036e+00  5.202420e-01  3.730000e+00
     vertex  5.447793e+00  5.451340e-01  3.980000e+00
     vertex  5.413849e+00  8.160064e-01  3.980000e+00
   endloop
 endfacet
 facet normal -7.154606e-01 -3.570715e-02  6.977400e-01
   outer loop
     vertex  5.199036e+00  5.202420e-01  3.730000e+00
     vertex  4.968816e+00  2.479833e-01  3.480000e+00
     vertex  5.225000e+00  5.950944e-16  3.730000e+00
   endloop
 endfacet
 facet normal -6.971141e-01 -3.479152e-02  7.161156e-01
   outer loop
     vertex  5.199036e+00  5.202420e-01  3.730000e+00
     vertex  5.225000e+00  5.950944e-16  3.730000e+00
     vertex  5.468194e+00  2.729062e-01  3.980000e+00
   endloop
 endfacet
 facet normal -6.964725e-01 -1.228069e-01  7.069969e-01
   outer loop
     vertex  5.121401e+00  1.035314e+00  3.730000e+00
     vertex  4.876358e+00  9.857771e-01  3.480000e+00
     vertex  4.919433e+00  7.414853e-01  3.480000e+00
   endloop
 endfacet
 facet normal -6.894853e-01 -1.573705e-01  7.069969e-01
   outer loop
     vertex  5.121401e+00  1.035314e+00  3.730000e+00
     vertex  4.821159e+00  1.227618e+00  3.480000e+00
     vertex  4.876358e+00  9.857771e-01  3.480000e+00
   endloop
 endfacet
 facet normal -6.964725e-01 -1.228069e-01  7.069969e-01
   outer loop
     vertex  5.121401e+00  1.035314e+00  3.730000e+00
     vertex  5.413849e+00  8.160064e-01  3.980000e+00
     vertex  5.366444e+00  1.084850e+00  3.980000e+00
   endloop
 endfacet
 facet normal -6.894853e-01 -1.573705e-01  7.069969e-01
   outer loop
     vertex  5.121401e+00  1.035314e+00  3.730000e+00
     vertex  5.366444e+00  1.084850e+00  3.980000e+00
     vertex  5.305698e+00  1.350997e+00  3.980000e+00
   endloop
 endfacet
 facet normal -7.083500e-01 -1.067666e-01  6.977400e-01
   outer loop
     vertex  5.121401e+00  1.035314e+00  3.730000e+00
     vertex  4.919433e+00  7.414853e-01  3.480000e+00
     vertex  5.199036e+00  5.202420e-01  3.730000e+00
   endloop
 endfacet
 facet normal -6.901859e-01 -1.040288e-01  7.161156e-01
   outer loop
     vertex  5.121401e+00  1.035314e+00  3.730000e+00
     vertex  5.199036e+00  5.202420e-01  3.730000e+00
     vertex  5.413849e+00  8.160064e-01  3.980000e+00
   endloop
 endfacet
 facet normal -6.807839e-01 -1.915429e-01  7.069969e-01
   outer loop
     vertex  4.992868e+00  1.540096e+00  3.730000e+00
     vertex  4.753975e+00  1.466407e+00  3.480000e+00
     vertex  4.821159e+00  1.227618e+00  3.480000e+00
   endloop
 endfacet
 facet normal -6.703900e-01 -2.252391e-01  7.069969e-01
   outer loop
     vertex  4.992868e+00  1.540096e+00  3.730000e+00
     vertex  4.674971e+00  1.701550e+00  3.480000e+00
     vertex  4.753975e+00  1.466407e+00  3.480000e+00
   endloop
 endfacet
 facet normal -6.807839e-01 -1.915429e-01  7.069969e-01
   outer loop
     vertex  4.992868e+00  1.540096e+00  3.730000e+00
     vertex  5.305698e+00  1.350997e+00  3.980000e+00
     vertex  5.231761e+00  1.613785e+00  3.980000e+00
   endloop
 endfacet
 facet normal -6.703900e-01 -2.252391e-01  7.069969e-01
   outer loop
     vertex  4.992868e+00  1.540096e+00  3.730000e+00
     vertex  5.231761e+00  1.613785e+00  3.980000e+00
     vertex  5.144817e+00  1.872560e+00  3.980000e+00
   endloop
 endfacet
 facet normal -6.941996e-01 -1.767649e-01  6.977400e-01
   outer loop
     vertex  4.992868e+00  1.540096e+00  3.730000e+00
     vertex  4.821159e+00  1.227618e+00  3.480000e+00
     vertex  5.121401e+00  1.035314e+00  3.730000e+00
   endloop
 endfacet
 facet normal -6.763983e-01 -1.722322e-01  7.161156e-01
   outer loop
     vertex  4.992868e+00  1.540096e+00  3.730000e+00
     vertex  5.121401e+00  1.035314e+00  3.730000e+00
     vertex  5.305698e+00  1.350997e+00  3.980000e+00
   endloop
 endfacet
 facet normal -6.583294e-01 -2.583753e-01  7.069969e-01
   outer loop
     vertex  4.814713e+00  2.029572e+00  3.730000e+00
     vertex  4.584344e+00  1.932463e+00  3.480000e+00
     vertex  4.674971e+00  1.701550e+00  3.480000e+00
   endloop
 endfacet
 facet normal -6.446321e-01 -2.908691e-01  7.069969e-01
   outer loop
     vertex  4.814713e+00  2.029572e+00  3.730000e+00
     vertex  4.482320e+00  2.158572e+00  3.480000e+00
     vertex  4.584344e+00  1.932463e+00  3.480000e+00
   endloop
 endfacet
 facet normal -6.731498e-01 -2.450065e-01  6.977400e-01
   outer loop
     vertex  4.814713e+00  2.029572e+00  3.730000e+00
     vertex  4.674971e+00  1.701550e+00  3.480000e+00
     vertex  4.992868e+00  1.540096e+00  3.730000e+00
   endloop
 endfacet
 facet normal -6.558883e-01 -2.387238e-01  7.161156e-01
   outer loop
     vertex  4.814713e+00  2.029572e+00  3.730000e+00
     vertex  4.992868e+00  1.540096e+00  3.730000e+00
     vertex  5.144817e+00  1.872560e+00  3.980000e+00
   endloop
 endfacet
 facet normal -6.583294e-01 -2.583753e-01  7.069969e-01
   outer loop
     vertex  4.814713e+00  2.029572e+00  3.730000e+00
     vertex  5.144817e+00  1.872560e+00  3.980000e+00
     vertex  5.045082e+00  2.126681e+00  3.980000e+00
   endloop
 endfacet
 facet normal -6.446321e-01 -2.908691e-01  7.069969e-01
   outer loop
     vertex  4.814713e+00  2.029572e+00  3.730000e+00
     vertex  5.045082e+00  2.126681e+00  3.980000e+00
     vertex  4.932805e+00  2.375513e+00  3.980000e+00
   endloop
 endfacet
 facet normal -6.293322e-01 -3.226398e-01  7.069969e-01
   outer loop
     vertex  4.588708e+00  2.498877e+00  3.730000e+00
     vertex  4.369152e+00  2.379314e+00  3.480000e+00
     vertex  4.482320e+00  2.158572e+00  3.480000e+00
   endloop
 endfacet
 facet normal -6.124676e-01 -3.536083e-01  7.069969e-01
   outer loop
     vertex  4.588708e+00  2.498877e+00  3.730000e+00
     vertex  4.245122e+00  2.594140e+00  3.480000e+00
     vertex  4.369152e+00  2.379314e+00  3.480000e+00
   endloop
 endfacet
 facet normal -6.454100e-01 -3.108131e-01  6.977400e-01
   outer loop
     vertex  4.588708e+00  2.498877e+00  3.730000e+00
     vertex  4.482320e+00  2.158572e+00  3.480000e+00
     vertex  4.814713e+00  2.029572e+00  3.730000e+00
   endloop
 endfacet
 facet normal -6.288598e-01 -3.028429e-01  7.161156e-01
   outer loop
     vertex  4.588708e+00  2.498877e+00  3.730000e+00
     vertex  4.814713e+00  2.029572e+00  3.730000e+00
     vertex  4.932805e+00  2.375513e+00  3.980000e+00
   endloop
 endfacet
 facet normal -6.293322e-01 -3.226398e-01  7.069969e-01
   outer loop
     vertex  4.588708e+00  2.498877e+00  3.730000e+00
     vertex  4.932805e+00  2.375513e+00  3.980000e+00
     vertex  4.808263e+00  2.618441e+00  3.980000e+00
   endloop
 endfacet
 facet normal -6.124676e-01 -3.536083e-01  7.069969e-01
   outer loop
     vertex  4.588708e+00  2.498877e+00  3.730000e+00
     vertex  4.808263e+00  2.618441e+00  3.980000e+00
     vertex  4.671768e+00  2.854858e+00  3.980000e+00
   endloop
 endfacet
 facet normal -5.940803e-01 -3.836978e-01  7.069969e-01
   outer loop
     vertex  4.317098e+00  2.943347e+00  3.730000e+00
     vertex  4.110538e+00  2.802517e+00  3.480000e+00
     vertex  4.245122e+00  2.594140e+00  3.480000e+00
   endloop
 endfacet
 facet normal -5.742161e-01 -4.128333e-01  7.069969e-01
   outer loop
     vertex  4.317098e+00  2.943347e+00  3.730000e+00
     vertex  3.965734e+00  3.003927e+00  3.480000e+00
     vertex  4.110538e+00  2.802517e+00  3.480000e+00
   endloop
 endfacet
 facet normal -5.940803e-01 -3.836978e-01  7.069969e-01
   outer loop
     vertex  4.317098e+00  2.943347e+00  3.730000e+00
     vertex  4.671768e+00  2.854858e+00  3.980000e+00
     vertex  4.523657e+00  3.084177e+00  3.980000e+00
   endloop
 endfacet
 facet normal -5.742161e-01 -4.128333e-01  7.069969e-01
   outer loop
     vertex  4.317098e+00  2.943347e+00  3.730000e+00
     vertex  4.523657e+00  3.084177e+00  3.980000e+00
     vertex  4.364300e+00  3.305829e+00  3.980000e+00
   endloop
 endfacet
 facet normal -6.112558e-01 -3.735307e-01  6.977400e-01
   outer loop
     vertex  4.317098e+00  2.943347e+00  3.730000e+00
     vertex  4.245122e+00  2.594140e+00  3.480000e+00
     vertex  4.588708e+00  2.498877e+00  3.730000e+00
   endloop
 endfacet
 facet normal -5.955815e-01 -3.639523e-01  7.161156e-01
   outer loop
     vertex  4.317098e+00  2.943347e+00  3.730000e+00
     vertex  4.588708e+00  2.498877e+00  3.730000e+00
     vertex  4.671768e+00  2.854858e+00  3.980000e+00
   endloop
 endfacet
 facet normal -5.563839e-01 -4.214445e-01  7.161156e-01
   outer loop
     vertex  4.002582e+00  3.358565e+00  3.730000e+00
     vertex  4.317098e+00  2.943347e+00  3.730000e+00
     vertex  4.364300e+00  3.305829e+00  3.980000e+00
   endloop
 endfacet
 facet normal -5.529243e-01 -4.409424e-01  7.069969e-01
   outer loop
     vertex  4.002582e+00  3.358565e+00  3.730000e+00
     vertex  3.811071e+00  3.197868e+00  3.480000e+00
     vertex  3.965734e+00  3.003927e+00  3.480000e+00
   endloop
 endfacet
 facet normal -5.302578e-01 -4.679553e-01  7.069969e-01
   outer loop
     vertex  4.002582e+00  3.358565e+00  3.730000e+00
     vertex  3.646933e+00  3.383859e+00  3.480000e+00
     vertex  3.811071e+00  3.197868e+00  3.480000e+00
   endloop
 endfacet
 facet normal -5.529243e-01 -4.409424e-01  7.069969e-01
   outer loop
     vertex  4.002582e+00  3.358565e+00  3.730000e+00
     vertex  4.364300e+00  3.305829e+00  3.980000e+00
     vertex  4.194093e+00  3.519262e+00  3.980000e+00
   endloop
 endfacet
 facet normal -5.302578e-01 -4.679553e-01  7.069969e-01
   outer loop
     vertex  4.002582e+00  3.358565e+00  3.730000e+00
     vertex  4.194093e+00  3.519262e+00  3.980000e+00
     vertex  4.013459e+00  3.723946e+00  3.980000e+00
   endloop
 endfacet
 facet normal -5.710267e-01 -4.325359e-01  6.977400e-01
   outer loop
     vertex  4.002582e+00  3.358565e+00  3.730000e+00
     vertex  3.965734e+00  3.003927e+00  3.480000e+00
     vertex  4.317098e+00  2.943347e+00  3.730000e+00
   endloop
 endfacet
 facet normal -5.062730e-01 -4.938047e-01  7.069969e-01
   outer loop
     vertex  3.648287e+00  3.740404e+00  3.730000e+00
     vertex  3.473728e+00  3.561438e+00  3.480000e+00
     vertex  3.646933e+00  3.383859e+00  3.480000e+00
   endloop
 endfacet
 facet normal -4.810295e-01 -5.184265e-01  7.069969e-01
   outer loop
     vertex  3.648287e+00  3.740404e+00  3.730000e+00
     vertex  3.291887e+00  3.730161e+00  3.480000e+00
     vertex  3.473728e+00  3.561438e+00  3.480000e+00
   endloop
 endfacet
 facet normal -5.251225e-01 -4.872425e-01  6.977400e-01
   outer loop
     vertex  3.648287e+00  3.740404e+00  3.730000e+00
     vertex  3.646933e+00  3.383859e+00  3.480000e+00
     vertex  4.002582e+00  3.358565e+00  3.730000e+00
   endloop
 endfacet
 facet normal -5.116568e-01 -4.747482e-01  7.161156e-01
   outer loop
     vertex  3.648287e+00  3.740404e+00  3.730000e+00
     vertex  4.002582e+00  3.358565e+00  3.730000e+00
     vertex  4.013459e+00  3.723946e+00  3.980000e+00
   endloop
 endfacet
 facet normal -5.062730e-01 -4.938047e-01  7.069969e-01
   outer loop
     vertex  3.648287e+00  3.740404e+00  3.730000e+00
     vertex  4.013459e+00  3.723946e+00  3.980000e+00
     vertex  3.822847e+00  3.919371e+00  3.980000e+00
   endloop
 endfacet
 facet normal -4.810295e-01 -5.184265e-01  7.069969e-01
   outer loop
     vertex  3.648287e+00  3.740404e+00  3.730000e+00
     vertex  3.822847e+00  3.919371e+00  3.980000e+00
     vertex  3.622730e+00  4.105052e+00  3.980000e+00
   endloop
 endfacet
 facet normal -4.545901e-01 -5.417594e-01  7.069969e-01
   outer loop
     vertex  3.257734e+00  4.085069e+00  3.730000e+00
     vertex  3.101862e+00  3.889612e+00  3.480000e+00
     vertex  3.291887e+00  3.730161e+00  3.480000e+00
   endloop
 endfacet
 facet normal -4.270206e-01 -5.637454e-01  7.069969e-01
   outer loop
     vertex  3.257734e+00  4.085069e+00  3.730000e+00
     vertex  2.904125e+00  4.039392e+00  3.480000e+00
     vertex  3.101862e+00  3.889612e+00  3.480000e+00
   endloop
 endfacet
 facet normal -4.545901e-01 -5.417594e-01  7.069969e-01
   outer loop
     vertex  3.257734e+00  4.085069e+00  3.730000e+00
     vertex  3.622730e+00  4.105052e+00  3.980000e+00
     vertex  3.413607e+00  4.280527e+00  3.980000e+00
   endloop
 endfacet
 facet normal -4.270206e-01 -5.637454e-01  7.069969e-01
   outer loop
     vertex  3.257734e+00  4.085069e+00  3.730000e+00
     vertex  3.413607e+00  4.280527e+00  3.980000e+00
     vertex  3.195997e+00  4.445361e+00  3.980000e+00
   endloop
 endfacet
 facet normal -4.739994e-01 -5.371066e-01  6.977400e-01
   outer loop
     vertex  3.257734e+00  4.085069e+00  3.730000e+00
     vertex  3.291887e+00  3.730161e+00  3.480000e+00
     vertex  3.648287e+00  3.740404e+00  3.730000e+00
   endloop
 endfacet
 facet normal -4.618446e-01 -5.233336e-01  7.161156e-01
   outer loop
     vertex  3.257734e+00  4.085069e+00  3.730000e+00
     vertex  3.648287e+00  3.740404e+00  3.730000e+00
     vertex  3.622730e+00  4.105052e+00  3.980000e+00
   endloop
 endfacet
 facet normal -3.983893e-01 -5.843298e-01  7.069969e-01
   outer loop
     vertex  2.834804e+00  4.389135e+00  3.730000e+00
     vertex  2.699168e+00  4.179129e+00  3.480000e+00
     vertex  2.904125e+00  4.039392e+00  3.480000e+00
   endloop
 endfacet
 facet normal -3.687677e-01 -6.034615e-01  7.069969e-01
   outer loop
     vertex  2.834804e+00  4.389135e+00  3.730000e+00
     vertex  2.487500e+00  4.308476e+00  3.480000e+00
     vertex  2.699168e+00  4.179129e+00  3.480000e+00
   endloop
 endfacet
 facet normal -3.983893e-01 -5.843298e-01  7.069969e-01
   outer loop
     vertex  2.834804e+00  4.389135e+00  3.730000e+00
     vertex  3.195997e+00  4.445361e+00  3.980000e+00
     vertex  2.970441e+00  4.599142e+00  3.980000e+00
   endloop
 endfacet
 facet normal -3.687677e-01 -6.034615e-01  7.069969e-01
   outer loop
     vertex  2.834804e+00  4.389135e+00  3.730000e+00
     vertex  2.970441e+00  4.599142e+00  3.980000e+00
     vertex  2.737500e+00  4.741489e+00  3.980000e+00
   endloop
 endfacet
 facet normal -4.181654e-01 -5.816327e-01  6.977400e-01
   outer loop
     vertex  2.834804e+00  4.389135e+00  3.730000e+00
     vertex  2.904125e+00  4.039392e+00  3.480000e+00
     vertex  3.257734e+00  4.085069e+00  3.730000e+00
   endloop
 endfacet
 facet normal -4.074424e-01 -5.667179e-01  7.161156e-01
   outer loop
     vertex  2.834804e+00  4.389135e+00  3.730000e+00
     vertex  3.257734e+00  4.085069e+00  3.730000e+00
     vertex  3.195997e+00  4.445361e+00  3.980000e+00
   endloop
 endfacet
 facet normal -3.581755e-01 -6.203782e-01  6.977400e-01
   outer loop
     vertex  2.383701e+00  4.649580e+00  3.730000e+00
     vertex  2.487500e+00  4.308476e+00  3.480000e+00
     vertex  2.834804e+00  4.389135e+00  3.730000e+00
   endloop
 endfacet
 facet normal -3.489909e-01 -6.044699e-01  7.161156e-01
   outer loop
     vertex  2.383701e+00  4.649580e+00  3.730000e+00
     vertex  2.834804e+00  4.389135e+00  3.730000e+00
     vertex  2.737500e+00  4.741489e+00  3.980000e+00
   endloop
 endfacet
 facet normal -3.382292e-01 -6.210929e-01  7.069969e-01
   outer loop
     vertex  2.383701e+00  4.649580e+00  3.730000e+00
     vertex  2.269648e+00  4.427112e+00  3.480000e+00
     vertex  2.487500e+00  4.308476e+00  3.480000e+00
   endloop
 endfacet
 facet normal -3.068498e-01 -6.371802e-01  7.069969e-01
   outer loop
     vertex  2.383701e+00  4.649580e+00  3.730000e+00
     vertex  2.046153e+00  4.534742e+00  3.480000e+00
     vertex  2.269648e+00  4.427112e+00  3.480000e+00
   endloop
 endfacet
 facet normal -3.382292e-01 -6.210929e-01  7.069969e-01
   outer loop
     vertex  2.383701e+00  4.649580e+00  3.730000e+00
     vertex  2.737500e+00  4.741489e+00  3.980000e+00
     vertex  2.497753e+00  4.872048e+00  3.980000e+00
   endloop
 endfacet
 facet normal -3.068498e-01 -6.371802e-01  7.069969e-01
   outer loop
     vertex  2.383701e+00  4.649580e+00  3.730000e+00
     vertex  2.497753e+00  4.872048e+00  3.980000e+00
     vertex  2.251797e+00  4.990495e+00  3.980000e+00
   endloop
 endfacet
 facet normal -2.747076e-01 -6.516833e-01  7.069969e-01
   outer loop
     vertex  1.908907e+00  4.863815e+00  3.730000e+00
     vertex  1.817572e+00  4.631097e+00  3.480000e+00
     vertex  2.046153e+00  4.534742e+00  3.480000e+00
   endloop
 endfacet
 facet normal -2.418824e-01 -6.645663e-01  7.069969e-01
   outer loop
     vertex  1.908907e+00  4.863815e+00  3.730000e+00
     vertex  1.584471e+00  4.715939e+00  3.480000e+00
     vertex  1.817572e+00  4.631097e+00  3.480000e+00
   endloop
 endfacet
 facet normal -2.946260e-01 -6.529582e-01  6.977400e-01
   outer loop
     vertex  1.908907e+00  4.863815e+00  3.730000e+00
     vertex  2.046153e+00  4.534742e+00  3.480000e+00
     vertex  2.383701e+00  4.649580e+00  3.730000e+00
   endloop
 endfacet
 facet normal -2.747076e-01 -6.516833e-01  7.069969e-01
   outer loop
     vertex  1.908907e+00  4.863815e+00  3.730000e+00
     vertex  2.251797e+00  4.990495e+00  3.980000e+00
     vertex  2.000242e+00  5.096534e+00  3.980000e+00
   endloop
 endfacet
 facet normal -2.418824e-01 -6.645663e-01  7.069969e-01
   outer loop
     vertex  1.908907e+00  4.863815e+00  3.730000e+00
     vertex  2.000242e+00  5.096534e+00  3.980000e+00
     vertex  1.743714e+00  5.189902e+00  3.980000e+00
   endloop
 endfacet
 facet normal -2.870709e-01 -6.362144e-01  7.161156e-01
   outer loop
     vertex  1.908907e+00  4.863815e+00  3.730000e+00
     vertex  2.383701e+00  4.649580e+00  3.730000e+00
     vertex  2.251797e+00  4.990495e+00  3.980000e+00
   endloop
 endfacet
 facet normal -2.084558e-01 -6.757970e-01  7.069969e-01
   outer loop
     vertex  1.415141e+00  5.029712e+00  3.730000e+00
     vertex  1.347431e+00  4.789056e+00  3.480000e+00
     vertex  1.584471e+00  4.715939e+00  3.480000e+00
   endloop
 endfacet
 facet normal -1.745109e-01 -6.853476e-01  7.069969e-01
   outer loop
     vertex  1.415141e+00  5.029712e+00  3.730000e+00
     vertex  1.107042e+00  4.850266e+00  3.480000e+00
     vertex  1.347431e+00  4.789056e+00  3.480000e+00
   endloop
 endfacet
 facet normal -2.084558e-01 -6.757970e-01  7.069969e-01
   outer loop
     vertex  1.415141e+00  5.029712e+00  3.730000e+00
     vertex  1.743714e+00  5.189902e+00  3.980000e+00
     vertex  1.482852e+00  5.270368e+00  3.980000e+00
   endloop
 endfacet
 facet normal -1.745109e-01 -6.853476e-01  7.069969e-01
   outer loop
     vertex  1.415141e+00  5.029712e+00  3.730000e+00
     vertex  1.482852e+00  5.270368e+00  3.980000e+00
     vertex  1.218302e+00  5.337730e+00  3.980000e+00
   endloop
 endfacet
 facet normal -2.281483e-01 -6.790488e-01  6.977400e-01
   outer loop
     vertex  1.415141e+00  5.029712e+00  3.730000e+00
     vertex  1.584471e+00  4.715939e+00  3.480000e+00
     vertex  1.908907e+00  4.863815e+00  3.730000e+00
   endloop
 endfacet
 facet normal -2.222979e-01 -6.616360e-01  7.161156e-01
   outer loop
     vertex  1.415141e+00  5.029712e+00  3.730000e+00
     vertex  1.908907e+00  4.863815e+00  3.730000e+00
     vertex  1.743714e+00  5.189902e+00  3.980000e+00
   endloop
 endfacet
 facet normal -1.553155e-01 -6.804819e-01  7.161156e-01
   outer loop
     vertex  9.073117e-01  5.145621e+00  3.730000e+00
     vertex  1.415141e+00  5.029712e+00  3.730000e+00
     vertex  1.218302e+00  5.337730e+00  3.980000e+00
   endloop
 endfacet
 facet normal -1.401323e-01 -6.931943e-01  7.069969e-01
   outer loop
     vertex  9.073117e-01  5.145621e+00  3.730000e+00
     vertex  8.638997e-01  4.899419e+00  3.480000e+00
     vertex  1.107042e+00  4.850266e+00  3.480000e+00
   endloop
 endfacet
 facet normal -1.054052e-01 -6.993177e-01  7.069969e-01
   outer loop
     vertex  9.073117e-01  5.145621e+00  3.730000e+00
     vertex  6.186099e-01  4.936390e+00  3.480000e+00
     vertex  8.638997e-01  4.899419e+00  3.480000e+00
   endloop
 endfacet
 facet normal -1.401323e-01 -6.931943e-01  7.069969e-01
   outer loop
     vertex  9.073117e-01  5.145621e+00  3.730000e+00
     vertex  1.218302e+00  5.337730e+00  3.980000e+00
     vertex  9.507238e-01  5.391822e+00  3.980000e+00
   endloop
 endfacet
 facet normal -1.054052e-01 -6.993177e-01  7.069969e-01
   outer loop
     vertex  9.073117e-01  5.145621e+00  3.730000e+00
     vertex  9.507238e-01  5.391822e+00  3.980000e+00
     vertex  6.807818e-01  5.432510e+00  3.980000e+00
   endloop
 endfacet
 facet normal -1.594031e-01 -6.983907e-01  6.977400e-01
   outer loop
     vertex  9.073117e-01  5.145621e+00  3.730000e+00
     vertex  1.107042e+00  4.850266e+00  3.480000e+00
     vertex  1.415141e+00  5.029712e+00  3.730000e+00
   endloop
 endfacet
 facet normal -7.041604e-02 -7.037024e-01  7.069969e-01
   outer loop
     vertex  3.904647e-01  5.210390e+00  3.730000e+00
     vertex  3.717822e-01  4.961089e+00  3.480000e+00
     vertex  6.186099e-01  4.936390e+00  3.480000e+00
   endloop
 endfacet
 facet normal -3.525184e-02 -7.063376e-01  7.069969e-01
   outer loop
     vertex  3.904647e-01  5.210390e+00  3.730000e+00
     vertex  1.240302e-01  4.973454e+00  3.480000e+00
     vertex  3.717822e-01  4.961089e+00  3.480000e+00
   endloop
 endfacet
 facet normal -8.907375e-02 -7.107916e-01  6.977400e-01
   outer loop
     vertex  3.904647e-01  5.210390e+00  3.730000e+00
     vertex  6.186099e-01  4.936390e+00  3.480000e+00
     vertex  9.073117e-01  5.145621e+00  3.730000e+00
   endloop
 endfacet
 facet normal -8.678964e-02 -6.925649e-01  7.161156e-01
   outer loop
     vertex  3.904647e-01  5.210390e+00  3.730000e+00
     vertex  9.073117e-01  5.145621e+00  3.730000e+00
     vertex  6.807818e-01  5.432510e+00  3.980000e+00
   endloop
 endfacet
 facet normal -7.041604e-02 -7.037024e-01  7.069969e-01
   outer loop
     vertex  3.904647e-01  5.210390e+00  3.730000e+00
     vertex  6.807818e-01  5.432510e+00  3.980000e+00
     vertex  4.091473e-01  5.459691e+00  3.980000e+00
   endloop
 endfacet
 facet normal -3.525184e-02 -7.063376e-01  7.069969e-01
   outer loop
     vertex  3.904647e-01  5.210390e+00  3.730000e+00
     vertex  4.091473e-01  5.459691e+00  3.980000e+00
     vertex  1.364955e-01  5.473298e+00  3.980000e+00
   endloop
 endfacet
 facet normal  0.000000e+00 -7.072167e-01  7.069969e-01
   outer loop
     vertex -1.302629e-01  5.223376e+00  3.730000e+00
     vertex -1.240302e-01  4.973454e+00  3.480000e+00
     vertex  1.240302e-01  4.973454e+00  3.480000e+00
   endloop
 endfacet
 facet normal  3.525184e-02 -7.063376e-01  7.069969e-01
   outer loop
     vertex -1.302629e-01  5.223376e+00  3.730000e+00
     vertex -3.717822e-01  4.961089e+00  3.480000e+00
     vertex -1.240302e-01  4.973454e+00  3.480000e+00
   endloop
 endfacet
 facet normal -1.785913e-02 -7.161284e-01  6.977400e-01
   outer loop
     vertex -1.302629e-01  5.223376e+00  3.730000e+00
     vertex  1.240302e-01  4.973454e+00  3.480000e+00
     vertex  3.904647e-01  5.210390e+00  3.730000e+00
   endloop
 endfacet
 facet normal  0.000000e+00 -7.072167e-01  7.069969e-01
   outer loop
     vertex -1.302629e-01  5.223376e+00  3.730000e+00
     vertex  1.364955e-01  5.473298e+00  3.980000e+00
     vertex -1.364955e-01  5.473298e+00  3.980000e+00
   endloop
 endfacet
 facet normal  3.525184e-02 -7.063376e-01  7.069969e-01
   outer loop
     vertex -1.302629e-01  5.223376e+00  3.730000e+00
     vertex -1.364955e-01  5.473298e+00  3.980000e+00
     vertex -4.091473e-01  5.459691e+00  3.980000e+00
   endloop
 endfacet
 facet normal -1.740117e-02 -6.977648e-01  7.161156e-01
   outer loop
     vertex -1.302629e-01  5.223376e+00  3.730000e+00
     vertex  3.904647e-01  5.210390e+00  3.730000e+00
     vertex  1.364955e-01  5.473298e+00  3.980000e+00
   endloop
 endfacet
 facet normal  7.041604e-02 -7.037024e-01  7.069969e-01
   outer loop
     vertex -6.496959e-01  5.184450e+00  3.730000e+00
     vertex -6.186099e-01  4.936390e+00  3.480000e+00
     vertex -3.717822e-01  4.961089e+00  3.480000e+00
   endloop
 endfacet
 facet normal  1.054052e-01 -6.993177e-01  7.069969e-01
   outer loop
     vertex -6.496959e-01  5.184450e+00  3.730000e+00
     vertex -8.638997e-01  4.899419e+00  3.480000e+00
     vertex -6.186099e-01  4.936390e+00  3.480000e+00
   endloop
 endfacet
 facet normal  7.041604e-02 -7.037024e-01  7.069969e-01
   outer loop
     vertex -6.496959e-01  5.184450e+00  3.730000e+00
     vertex -4.091473e-01  5.459691e+00  3.980000e+00
     vertex -6.807818e-01  5.432510e+00  3.980000e+00
   endloop
 endfacet
 facet normal  1.054052e-01 -6.993177e-01  7.069969e-01
   outer loop
     vertex -6.496959e-01  5.184450e+00  3.730000e+00
     vertex -6.807818e-01  5.432510e+00  3.980000e+00
     vertex -9.507238e-01  5.391822e+00  3.980000e+00
   endloop
 endfacet
 facet normal  5.353298e-02 -7.143480e-01  6.977400e-01
   outer loop
     vertex -6.496959e-01  5.184450e+00  3.730000e+00
     vertex -3.717822e-01  4.961089e+00  3.480000e+00
     vertex -1.302629e-01  5.223376e+00  3.730000e+00
   endloop
 endfacet
 facet normal  5.216024e-02 -6.960300e-01  7.161156e-01
   outer loop
     vertex -6.496959e-01  5.184450e+00  3.730000e+00
     vertex -1.302629e-01  5.223376e+00  3.730000e+00
     vertex -4.091473e-01  5.459691e+00  3.980000e+00
   endloop
 endfacet
 facet normal  1.243931e-01 -7.054681e-01  6.977400e-01
   outer loop
     vertex -1.162672e+00  5.093998e+00  3.730000e+00
     vertex -8.638997e-01  4.899419e+00  3.480000e+00
     vertex -6.496959e-01  5.184450e+00  3.730000e+00
   endloop
 endfacet
 facet normal  1.212033e-01 -6.873778e-01  7.161156e-01
   outer loop
     vertex -1.162672e+00  5.093998e+00  3.730000e+00
     vertex -6.496959e-01  5.184450e+00  3.730000e+00
     vertex -9.507238e-01  5.391822e+00  3.980000e+00
   endloop
 endfacet
 facet normal  1.401323e-01 -6.931943e-01  7.069969e-01
   outer loop
     vertex -1.162672e+00  5.093998e+00  3.730000e+00
     vertex -1.107042e+00  4.850266e+00  3.480000e+00
     vertex -8.638997e-01  4.899419e+00  3.480000e+00
   endloop
 endfacet
 facet normal  1.745109e-01 -6.853476e-01  7.069969e-01
   outer loop
     vertex -1.162672e+00  5.093998e+00  3.730000e+00
     vertex -1.347431e+00  4.789056e+00  3.480000e+00
     vertex -1.107042e+00  4.850266e+00  3.480000e+00
   endloop
 endfacet
 facet normal  1.401323e-01 -6.931943e-01  7.069969e-01
   outer loop
     vertex -1.162672e+00  5.093998e+00  3.730000e+00
     vertex -9.507238e-01  5.391822e+00  3.980000e+00
     vertex -1.218302e+00  5.337730e+00  3.980000e+00
   endloop
 endfacet
 facet normal  1.745109e-01 -6.853476e-01  7.069969e-01
   outer loop
     vertex -1.162672e+00  5.093998e+00  3.730000e+00
     vertex -1.218302e+00  5.337730e+00  3.980000e+00
     vertex -1.482852e+00  5.270368e+00  3.980000e+00
   endloop
 endfacet
 facet normal  2.084558e-01 -6.757970e-01  7.069969e-01
   outer loop
     vertex -1.664093e+00  4.952920e+00  3.730000e+00
     vertex -1.584471e+00  4.715939e+00  3.480000e+00
     vertex -1.347431e+00  4.789056e+00  3.480000e+00
   endloop
 endfacet
 facet normal  1.940169e-01 -6.895769e-01  6.977400e-01
   outer loop
     vertex -1.664093e+00  4.952920e+00  3.730000e+00
     vertex -1.347431e+00  4.789056e+00  3.480000e+00
     vertex -1.162672e+00  5.093998e+00  3.730000e+00
   endloop
 endfacet
 facet normal  2.418824e-01 -6.645663e-01  7.069969e-01
   outer loop
     vertex -1.664093e+00  4.952920e+00  3.730000e+00
     vertex -1.817572e+00  4.631097e+00  3.480000e+00
     vertex -1.584471e+00  4.715939e+00  3.480000e+00
   endloop
 endfacet
 facet normal  1.890417e-01 -6.718942e-01  7.161156e-01
   outer loop
     vertex -1.664093e+00  4.952920e+00  3.730000e+00
     vertex -1.162672e+00  5.093998e+00  3.730000e+00
     vertex -1.482852e+00  5.270368e+00  3.980000e+00
   endloop
 endfacet
 facet normal  2.084558e-01 -6.757970e-01  7.069969e-01
   outer loop
     vertex -1.664093e+00  4.952920e+00  3.730000e+00
     vertex -1.482852e+00  5.270368e+00  3.980000e+00
     vertex -1.743714e+00  5.189902e+00  3.980000e+00
   endloop
 endfacet
 facet normal  2.418824e-01 -6.645663e-01  7.069969e-01
   outer loop
     vertex -1.664093e+00  4.952920e+00  3.730000e+00
     vertex -1.743714e+00  5.189902e+00  3.980000e+00
     vertex -2.000242e+00  5.096534e+00  3.980000e+00
   endloop
 endfacet
 facet normal  2.747076e-01 -6.516833e-01  7.069969e-01
   outer loop
     vertex -2.148975e+00  4.762618e+00  3.730000e+00
     vertex -2.046153e+00  4.534742e+00  3.480000e+00
     vertex -1.817572e+00  4.631097e+00  3.480000e+00
   endloop
 endfacet
 facet normal  3.068498e-01 -6.371802e-01  7.069969e-01
   outer loop
     vertex -2.148975e+00  4.762618e+00  3.730000e+00
     vertex -2.269648e+00  4.427112e+00  3.480000e+00
     vertex -2.046153e+00  4.534742e+00  3.480000e+00
   endloop
 endfacet
 facet normal  2.617124e-01 -6.668324e-01  6.977400e-01
   outer loop
     vertex -2.148975e+00  4.762618e+00  3.730000e+00
     vertex -1.817572e+00  4.631097e+00  3.480000e+00
     vertex -1.664093e+00  4.952920e+00  3.730000e+00
   endloop
 endfacet
 facet normal  2.550014e-01 -6.497329e-01  7.161156e-01
   outer loop
     vertex -2.148975e+00  4.762618e+00  3.730000e+00
     vertex -1.664093e+00  4.952920e+00  3.730000e+00
     vertex -2.000242e+00  5.096534e+00  3.980000e+00
   endloop
 endfacet
 facet normal  2.747076e-01 -6.516833e-01  7.069969e-01
   outer loop
     vertex -2.148975e+00  4.762618e+00  3.730000e+00
     vertex -2.000242e+00  5.096534e+00  3.980000e+00
     vertex -2.251797e+00  4.990495e+00  3.980000e+00
   endloop
 endfacet
 facet normal  3.068498e-01 -6.371802e-01  7.069969e-01
   outer loop
     vertex -2.148975e+00  4.762618e+00  3.730000e+00
     vertex -2.251797e+00  4.990495e+00  3.980000e+00
     vertex -2.497753e+00  4.872048e+00  3.980000e+00
   endloop
 endfacet
 facet normal  3.382292e-01 -6.210929e-01  7.069969e-01
   outer loop
     vertex -2.612500e+00  4.524983e+00  3.730000e+00
     vertex -2.487500e+00  4.308476e+00  3.480000e+00
     vertex -2.269648e+00  4.427112e+00  3.480000e+00
   endloop
 endfacet
 facet normal  3.687677e-01 -6.034615e-01  7.069969e-01
   outer loop
     vertex -2.612500e+00  4.524983e+00  3.730000e+00
     vertex -2.699168e+00  4.179129e+00  3.480000e+00
     vertex -2.487500e+00  4.308476e+00  3.480000e+00
   endloop
 endfacet
 facet normal  3.382292e-01 -6.210929e-01  7.069969e-01
   outer loop
     vertex -2.612500e+00  4.524983e+00  3.730000e+00
     vertex -2.497753e+00  4.872048e+00  3.980000e+00
     vertex -2.737500e+00  4.741489e+00  3.980000e+00
   endloop
 endfacet
 facet normal  3.687677e-01 -6.034615e-01  7.069969e-01
   outer loop
     vertex -2.612500e+00  4.524983e+00  3.730000e+00
     vertex -2.737500e+00  4.741489e+00  3.980000e+00
     vertex -2.970441e+00  4.599142e+00  3.980000e+00
   endloop
 endfacet
 facet normal  3.268070e-01 -6.374606e-01  6.977400e-01
   outer loop
     vertex -2.612500e+00  4.524983e+00  3.730000e+00
     vertex -2.269648e+00  4.427112e+00  3.480000e+00
     vertex -2.148975e+00  4.762618e+00  3.730000e+00
   endloop
 endfacet
 facet normal  3.184267e-01 -6.211143e-01  7.161156e-01
   outer loop
     vertex -2.612500e+00  4.524983e+00  3.730000e+00
     vertex -2.148975e+00  4.762618e+00  3.730000e+00
     vertex -2.497753e+00  4.872048e+00  3.980000e+00
   endloop
 endfacet
 facet normal  3.886536e-01 -6.017535e-01  6.977400e-01
   outer loop
     vertex -3.050061e+00  4.242376e+00  3.730000e+00
     vertex -2.699168e+00  4.179129e+00  3.480000e+00
     vertex -2.612500e+00  4.524983e+00  3.730000e+00
   endloop
 endfacet
 facet normal  3.786874e-01 -5.863228e-01  7.161156e-01
   outer loop
     vertex -3.050061e+00  4.242376e+00  3.730000e+00
     vertex -2.612500e+00  4.524983e+00  3.730000e+00
     vertex -2.970441e+00  4.599142e+00  3.980000e+00
   endloop
 endfacet
 facet normal  3.983893e-01 -5.843298e-01  7.069969e-01
   outer loop
     vertex -3.050061e+00  4.242376e+00  3.730000e+00
     vertex -2.904125e+00  4.039392e+00  3.480000e+00
     vertex -2.699168e+00  4.179129e+00  3.480000e+00
   endloop
 endfacet
 facet normal  4.270206e-01 -5.637454e-01  7.069969e-01
   outer loop
     vertex -3.050061e+00  4.242376e+00  3.730000e+00
     vertex -3.101862e+00  3.889612e+00  3.480000e+00
     vertex -2.904125e+00  4.039392e+00  3.480000e+00
   endloop
 endfacet
 facet normal  3.983893e-01 -5.843298e-01  7.069969e-01
   outer loop
     vertex -3.050061e+00  4.242376e+00  3.730000e+00
     vertex -2.970441e+00  4.599142e+00  3.980000e+00
     vertex -3.195997e+00  4.445361e+00  3.980000e+00
   endloop
 endfacet
 facet normal  4.270206e-01 -5.637454e-01  7.069969e-01
   outer loop
     vertex -3.050061e+00  4.242376e+00  3.730000e+00
     vertex -3.195997e+00  4.445361e+00  3.980000e+00
     vertex -3.413607e+00  4.280527e+00  3.980000e+00
   endloop
 endfacet
 facet normal  4.545901e-01 -5.417594e-01  7.069969e-01
   outer loop
     vertex -3.457309e+00  3.917607e+00  3.730000e+00
     vertex -3.291887e+00  3.730161e+00  3.480000e+00
     vertex -3.101862e+00  3.889612e+00  3.480000e+00
   endloop
 endfacet
 facet normal  4.810295e-01 -5.184265e-01  7.069969e-01
   outer loop
     vertex -3.457309e+00  3.917607e+00  3.730000e+00
     vertex -3.473728e+00  3.561438e+00  3.480000e+00
     vertex -3.291887e+00  3.730161e+00  3.480000e+00
   endloop
 endfacet
 facet normal  4.466376e-01 -5.600658e-01  6.977400e-01
   outer loop
     vertex -3.457309e+00  3.917607e+00  3.730000e+00
     vertex -3.101862e+00  3.889612e+00  3.480000e+00
     vertex -3.050061e+00  4.242376e+00  3.730000e+00
   endloop
 endfacet
 facet normal  4.351845e-01 -5.457041e-01  7.161156e-01
   outer loop
     vertex -3.457309e+00  3.917607e+00  3.730000e+00
     vertex -3.050061e+00  4.242376e+00  3.730000e+00
     vertex -3.413607e+00  4.280527e+00  3.980000e+00
   endloop
 endfacet
 facet normal  4.545901e-01 -5.417594e-01  7.069969e-01
   outer loop
     vertex -3.457309e+00  3.917607e+00  3.730000e+00
     vertex -3.413607e+00  4.280527e+00  3.980000e+00
     vertex -3.622730e+00  4.105052e+00  3.980000e+00
   endloop
 endfacet
 facet normal  4.810295e-01 -5.184265e-01  7.069969e-01
   outer loop
     vertex -3.457309e+00  3.917607e+00  3.730000e+00
     vertex -3.622730e+00  4.105052e+00  3.980000e+00
     vertex -3.822847e+00  3.919371e+00  3.980000e+00
   endloop
 endfacet
 facet normal  5.062730e-01 -4.938047e-01  7.069969e-01
   outer loop
     vertex -3.830196e+00  3.553903e+00  3.730000e+00
     vertex -3.646933e+00  3.383859e+00  3.480000e+00
     vertex -3.473728e+00  3.561438e+00  3.480000e+00
   endloop
 endfacet
 facet normal  5.302578e-01 -4.679553e-01  7.069969e-01
   outer loop
     vertex -3.830196e+00  3.553903e+00  3.730000e+00
     vertex -3.811071e+00  3.197868e+00  3.480000e+00
     vertex -3.646933e+00  3.383859e+00  3.480000e+00
   endloop
 endfacet
 facet normal  5.062730e-01 -4.938047e-01  7.069969e-01
   outer loop
     vertex -3.830196e+00  3.553903e+00  3.730000e+00
     vertex -3.822847e+00  3.919371e+00  3.980000e+00
     vertex -4.013459e+00  3.723946e+00  3.980000e+00
   endloop
 endfacet
 facet normal  5.302578e-01 -4.679553e-01  7.069969e-01
   outer loop
     vertex -3.830196e+00  3.553903e+00  3.730000e+00
     vertex -4.013459e+00  3.723946e+00  3.980000e+00
     vertex -4.194093e+00  3.519262e+00  3.980000e+00
   endloop
 endfacet
 facet normal  5.001827e-01 -5.128120e-01  6.977400e-01
   outer loop
     vertex -3.830196e+00  3.553903e+00  3.730000e+00
     vertex -3.473728e+00  3.561438e+00  3.480000e+00
     vertex -3.457309e+00  3.917607e+00  3.730000e+00
   endloop
 endfacet
 facet normal  4.873566e-01 -4.996620e-01  7.161156e-01
   outer loop
     vertex -3.830196e+00  3.553903e+00  3.730000e+00
     vertex -3.457309e+00  3.917607e+00  3.730000e+00
     vertex -3.822847e+00  3.919371e+00  3.980000e+00
   endloop
 endfacet
 facet normal  5.487568e-01 -4.604616e-01  6.977400e-01
   outer loop
     vertex -4.165017e+00  3.154878e+00  3.730000e+00
     vertex -3.811071e+00  3.197868e+00  3.480000e+00
     vertex -3.830196e+00  3.553903e+00  3.730000e+00
   endloop
 endfacet
 facet normal  5.346850e-01 -4.486540e-01  7.161156e-01
   outer loop
     vertex -4.165017e+00  3.154878e+00  3.730000e+00
     vertex -3.830196e+00  3.553903e+00  3.730000e+00
     vertex -4.194093e+00  3.519262e+00  3.980000e+00
   endloop
 endfacet
 facet normal  5.529243e-01 -4.409424e-01  7.069969e-01
   outer loop
     vertex -4.165017e+00  3.154878e+00  3.730000e+00
     vertex -3.965734e+00  3.003927e+00  3.480000e+00
     vertex -3.811071e+00  3.197868e+00  3.480000e+00
   endloop
 endfacet
 facet normal  5.742161e-01 -4.128333e-01  7.069969e-01
   outer loop
     vertex -4.165017e+00  3.154878e+00  3.730000e+00
     vertex -4.110538e+00  2.802517e+00  3.480000e+00
     vertex -3.965734e+00  3.003927e+00  3.480000e+00
   endloop
 endfacet
 facet normal  5.529243e-01 -4.409424e-01  7.069969e-01
   outer loop
     vertex -4.165017e+00  3.154878e+00  3.730000e+00
     vertex -4.194093e+00  3.519262e+00  3.980000e+00
     vertex -4.364300e+00  3.305829e+00  3.980000e+00
   endloop
 endfacet
 facet normal  5.742161e-01 -4.128333e-01  7.069969e-01
   outer loop
     vertex -4.165017e+00  3.154878e+00  3.730000e+00
     vertex -4.364300e+00  3.305829e+00  3.980000e+00
     vertex -4.523657e+00  3.084177e+00  3.980000e+00
   endloop
 endfacet
 facet normal  5.918770e-01 -4.035349e-01  6.977400e-01
   outer loop
     vertex -4.458445e+00  2.724499e+00  3.730000e+00
     vertex -4.110538e+00  2.802517e+00  3.480000e+00
     vertex -4.165017e+00  3.154878e+00  3.730000e+00
   endloop
 endfacet
 facet normal  5.766996e-01 -3.931871e-01  7.161156e-01
   outer loop
     vertex -4.458445e+00  2.724499e+00  3.730000e+00
     vertex -4.165017e+00  3.154878e+00  3.730000e+00
     vertex -4.523657e+00  3.084177e+00  3.980000e+00
   endloop
 endfacet
 facet normal  5.940803e-01 -3.836978e-01  7.069969e-01
   outer loop
     vertex -4.458445e+00  2.724499e+00  3.730000e+00
     vertex -4.245122e+00  2.594140e+00  3.480000e+00
     vertex -4.110538e+00  2.802517e+00  3.480000e+00
   endloop
 endfacet
 facet normal  6.124676e-01 -3.536083e-01  7.069969e-01
   outer loop
     vertex -4.458445e+00  2.724499e+00  3.730000e+00
     vertex -4.369152e+00  2.379314e+00  3.480000e+00
     vertex -4.245122e+00  2.594140e+00  3.480000e+00
   endloop
 endfacet
 facet normal  5.940803e-01 -3.836978e-01  7.069969e-01
   outer loop
     vertex -4.458445e+00  2.724499e+00  3.730000e+00
     vertex -4.523657e+00  3.084177e+00  3.980000e+00
     vertex -4.671768e+00  2.854858e+00  3.980000e+00
   endloop
 endfacet
 facet normal  6.124676e-01 -3.536083e-01  7.069969e-01
   outer loop
     vertex -4.458445e+00  2.724499e+00  3.730000e+00
     vertex -4.671768e+00  2.854858e+00  3.980000e+00
     vertex -4.808263e+00  2.618441e+00  3.980000e+00
   endloop
 endfacet
 facet normal  6.293322e-01 -3.226398e-01  7.069969e-01
   outer loop
     vertex -4.707562e+00  2.267043e+00  3.730000e+00
     vertex -4.482320e+00  2.158572e+00  3.480000e+00
     vertex -4.369152e+00  2.379314e+00  3.480000e+00
   endloop
 endfacet
 facet normal  6.446321e-01 -2.908691e-01  7.069969e-01
   outer loop
     vertex -4.707562e+00  2.267043e+00  3.730000e+00
     vertex -4.584344e+00  1.932463e+00  3.480000e+00
     vertex -4.482320e+00  2.158572e+00  3.480000e+00
   endloop
 endfacet
 facet normal  6.291150e-01 -3.425978e-01  6.977400e-01
   outer loop
     vertex -4.707562e+00  2.267043e+00  3.730000e+00
     vertex -4.369152e+00  2.379314e+00  3.480000e+00
     vertex -4.458445e+00  2.724499e+00  3.730000e+00
   endloop
 endfacet
 facet normal  6.129826e-01 -3.338125e-01  7.161156e-01
   outer loop
     vertex -4.707562e+00  2.267043e+00  3.730000e+00
     vertex -4.458445e+00  2.724499e+00  3.730000e+00
     vertex -4.808263e+00  2.618441e+00  3.980000e+00
   endloop
 endfacet
 facet normal  6.293322e-01 -3.226398e-01  7.069969e-01
   outer loop
     vertex -4.707562e+00  2.267043e+00  3.730000e+00
     vertex -4.808263e+00  2.618441e+00  3.980000e+00
     vertex -4.932805e+00  2.375513e+00  3.980000e+00
   endloop
 endfacet
 facet normal  6.446321e-01 -2.908691e-01  7.069969e-01
   outer loop
     vertex -4.707562e+00  2.267043e+00  3.730000e+00
     vertex -4.932805e+00  2.375513e+00  3.980000e+00
     vertex -5.045082e+00  2.126681e+00  3.980000e+00
   endloop
 endfacet
 facet normal  6.583294e-01 -2.583753e-01  7.069969e-01
   outer loop
     vertex -4.909894e+00  1.787055e+00  3.730000e+00
     vertex -4.674971e+00  1.701550e+00  3.480000e+00
     vertex -4.584344e+00  1.932463e+00  3.480000e+00
   endloop
 endfacet
 facet normal  6.703900e-01 -2.252391e-01  7.069969e-01
   outer loop
     vertex -4.909894e+00  1.787055e+00  3.730000e+00
     vertex -4.753975e+00  1.466407e+00  3.480000e+00
     vertex -4.674971e+00  1.701550e+00  3.480000e+00
   endloop
 endfacet
 facet normal  6.583294e-01 -2.583753e-01  7.069969e-01
   outer loop
     vertex -4.909894e+00  1.787055e+00  3.730000e+00
     vertex -5.045082e+00  2.126681e+00  3.980000e+00
     vertex -5.144817e+00  1.872560e+00  3.980000e+00
   endloop
 endfacet
 facet normal  6.703900e-01 -2.252391e-01  7.069969e-01
   outer loop
     vertex -4.909894e+00  1.787055e+00  3.730000e+00
     vertex -5.144817e+00  1.872560e+00  3.980000e+00
     vertex -5.231761e+00  1.613785e+00  3.980000e+00
   endloop
 endfacet
 facet normal  6.601005e-01 -2.782557e-01  6.977400e-01
   outer loop
     vertex -4.909894e+00  1.787055e+00  3.730000e+00
     vertex -4.584344e+00  1.932463e+00  3.480000e+00
     vertex -4.707562e+00  2.267043e+00  3.730000e+00
   endloop
 endfacet
 facet normal  6.431736e-01 -2.711204e-01  7.161156e-01
   outer loop
     vertex -4.909894e+00  1.787055e+00  3.730000e+00
     vertex -4.707562e+00  2.267043e+00  3.730000e+00
     vertex -5.045082e+00  2.126681e+00  3.980000e+00
   endloop
 endfacet
 facet normal  6.845256e-01 -2.111482e-01  6.977400e-01
   outer loop
     vertex -5.063429e+00  1.289307e+00  3.730000e+00
     vertex -4.753975e+00  1.466407e+00  3.480000e+00
     vertex -4.909894e+00  1.787055e+00  3.730000e+00
   endloop
 endfacet
 facet normal  6.669724e-01 -2.057337e-01  7.161156e-01
   outer loop
     vertex -5.063429e+00  1.289307e+00  3.730000e+00
     vertex -4.909894e+00  1.787055e+00  3.730000e+00
     vertex -5.231761e+00  1.613785e+00  3.980000e+00
   endloop
 endfacet
 facet normal  6.807839e-01 -1.915429e-01  7.069969e-01
   outer loop
     vertex -5.063429e+00  1.289307e+00  3.730000e+00
     vertex -4.821159e+00  1.227618e+00  3.480000e+00
     vertex -4.753975e+00  1.466407e+00  3.480000e+00
   endloop
 endfacet
 facet normal  6.894853e-01 -1.573705e-01  7.069969e-01
   outer loop
     vertex -5.063429e+00  1.289307e+00  3.730000e+00
     vertex -4.876358e+00  9.857771e-01  3.480000e+00
     vertex -4.821159e+00  1.227618e+00  3.480000e+00
   endloop
 endfacet
 facet normal  6.807839e-01 -1.915429e-01  7.069969e-01
   outer loop
     vertex -5.063429e+00  1.289307e+00  3.730000e+00
     vertex -5.231761e+00  1.613785e+00  3.980000e+00
     vertex -5.305698e+00  1.350997e+00  3.980000e+00
   endloop
 endfacet
 facet normal  6.894853e-01 -1.573705e-01  7.069969e-01
   outer loop
     vertex -5.063429e+00  1.289307e+00  3.730000e+00
     vertex -5.305698e+00  1.350997e+00  3.980000e+00
     vertex -5.366444e+00  1.084850e+00  3.980000e+00
   endloop
 endfacet
 facet normal  7.021476e-01 -1.419422e-01  6.977400e-01
   outer loop
     vertex -5.166641e+00  7.787458e-01  3.730000e+00
     vertex -4.876358e+00  9.857771e-01  3.480000e+00
     vertex -5.063429e+00  1.289307e+00  3.730000e+00
   endloop
 endfacet
 facet normal  6.841425e-01 -1.383024e-01  7.161156e-01
   outer loop
     vertex -5.166641e+00  7.787458e-01  3.730000e+00
     vertex -5.063429e+00  1.289307e+00  3.730000e+00
     vertex -5.366444e+00  1.084850e+00  3.980000e+00
   endloop
 endfacet
 facet normal  6.964725e-01 -1.228069e-01  7.069969e-01
   outer loop
     vertex -5.166641e+00  7.787458e-01  3.730000e+00
     vertex -4.919433e+00  7.414853e-01  3.480000e+00
     vertex -4.876358e+00  9.857771e-01  3.480000e+00
   endloop
 endfacet
 facet normal  7.017281e-01 -8.793794e-02  7.069969e-01
   outer loop
     vertex -5.166641e+00  7.787458e-01  3.730000e+00
     vertex -4.950278e+00  4.953500e-01  3.480000e+00
     vertex -4.919433e+00  7.414853e-01  3.480000e+00
   endloop
 endfacet
 facet normal  6.964725e-01 -1.228069e-01  7.069969e-01
   outer loop
     vertex -5.166641e+00  7.787458e-01  3.730000e+00
     vertex -5.366444e+00  1.084850e+00  3.980000e+00
     vertex -5.413849e+00  8.160064e-01  3.980000e+00
   endloop
 endfacet
 facet normal  7.017281e-01 -8.793794e-02  7.069969e-01
   outer loop
     vertex -5.166641e+00  7.787458e-01  3.730000e+00
     vertex -5.413849e+00  8.160064e-01  3.980000e+00
     vertex -5.447793e+00  5.451340e-01  3.980000e+00
   endloop
 endfacet
 facet normal  7.052392e-01 -5.285037e-02  7.069969e-01
   outer loop
     vertex -5.218505e+00  2.604448e-01  3.730000e+00
     vertex -4.968816e+00  2.479833e-01  3.480000e+00
     vertex -4.950278e+00  4.953500e-01  3.480000e+00
   endloop
 endfacet
 facet normal  7.069969e-01 -1.763140e-02  7.069969e-01
   outer loop
     vertex -5.218505e+00  2.604448e-01  3.730000e+00
     vertex -4.975000e+00 -1.647039e-14  3.480000e+00
     vertex -4.968816e+00  2.479833e-01  3.480000e+00
   endloop
 endfacet
 facet normal  7.127914e-01 -7.132553e-02  6.977400e-01
   outer loop
     vertex -5.218505e+00  2.604448e-01  3.730000e+00
     vertex -4.950278e+00  4.953500e-01  3.480000e+00
     vertex -5.166641e+00  7.787458e-01  3.730000e+00
   endloop
 endfacet
 facet normal  6.945133e-01 -6.949654e-02  7.161156e-01
   outer loop
     vertex -5.218505e+00  2.604448e-01  3.730000e+00
     vertex -5.166641e+00  7.787458e-01  3.730000e+00
     vertex -5.447793e+00  5.451340e-01  3.980000e+00
   endloop
 endfacet
 facet normal  7.052392e-01 -5.285037e-02  7.069969e-01
   outer loop
     vertex -5.218505e+00  2.604448e-01  3.730000e+00
     vertex -5.447793e+00  5.451340e-01  3.980000e+00
     vertex -5.468194e+00  2.729062e-01  3.980000e+00
   endloop
 endfacet
 facet normal  7.069969e-01 -1.763140e-02  7.069969e-01
   outer loop
     vertex -5.218505e+00  2.604448e-01  3.730000e+00
     vertex -5.468194e+00  2.729062e-01  3.980000e+00
     vertex -5.475000e+00 -1.818552e-14  3.980000e+00
   endloop
 endfacet
 facet normal  7.069969e-01  1.763140e-02  7.069969e-01
   outer loop
     vertex -5.218505e+00 -2.604448e-01  3.730000e+00
     vertex -4.968816e+00 -2.479833e-01  3.480000e+00
     vertex -4.975000e+00 -1.647039e-14  3.480000e+00
   endloop
 endfacet
 facet normal  7.052392e-01  5.285037e-02  7.069969e-01
   outer loop
     vertex -5.218505e+00 -2.604448e-01  3.730000e+00
     vertex -4.950278e+00 -4.953500e-01  3.480000e+00
     vertex -4.968816e+00 -2.479833e-01  3.480000e+00
   endloop
 endfacet
 facet normal  7.069969e-01  1.763140e-02  7.069969e-01
   outer loop
     vertex -5.218505e+00 -2.604448e-01  3.730000e+00
     vertex -5.475000e+00 -1.818552e-14  3.980000e+00
     vertex -5.468194e+00 -2.729062e-01  3.980000e+00
   endloop
 endfacet
 facet normal  7.163511e-01 -1.221464e-15  6.977400e-01
   outer loop
     vertex -5.218505e+00 -2.604448e-01  3.730000e+00
     vertex -4.975000e+00 -1.647039e-14  3.480000e+00
     vertex -5.218505e+00  2.604448e-01  3.730000e+00
   endloop
 endfacet
 facet normal  7.052392e-01  5.285037e-02  7.069969e-01
   outer loop
     vertex -5.218505e+00 -2.604448e-01  3.730000e+00
     vertex -5.468194e+00 -2.729062e-01  3.980000e+00
     vertex -5.447793e+00 -5.451340e-01  3.980000e+00
   endloop
 endfacet
 facet normal  6.979817e-01 -1.190142e-15  7.161156e-01
   outer loop
     vertex -5.218505e+00 -2.604448e-01  3.730000e+00
     vertex -5.218505e+00  2.604448e-01  3.730000e+00
     vertex -5.475000e+00 -1.818552e-14  3.980000e+00
   endloop
 endfacet
 facet normal  7.127914e-01  7.132553e-02  6.977400e-01
   outer loop
     vertex -5.166641e+00 -7.787458e-01  3.730000e+00
     vertex -4.950278e+00 -4.953500e-01  3.480000e+00
     vertex -5.218505e+00 -2.604448e-01  3.730000e+00
   endloop
 endfacet
 facet normal  6.945133e-01  6.949654e-02  7.161156e-01
   outer loop
     vertex -5.166641e+00 -7.787458e-01  3.730000e+00
     vertex -5.218505e+00 -2.604448e-01  3.730000e+00
     vertex -5.447793e+00 -5.451340e-01  3.980000e+00
   endloop
 endfacet
 facet normal  7.017281e-01  8.793794e-02  7.069969e-01
   outer loop
     vertex -5.166641e+00 -7.787458e-01  3.730000e+00
     vertex -4.919433e+00 -7.414853e-01  3.480000e+00
     vertex -4.950278e+00 -4.953500e-01  3.480000e+00
   endloop
 endfacet
 facet normal  6.964725e-01  1.228069e-01  7.069969e-01
   outer loop
     vertex -5.166641e+00 -7.787458e-01  3.730000e+00
     vertex -4.876358e+00 -9.857771e-01  3.480000e+00
     vertex -4.919433e+00 -7.414853e-01  3.480000e+00
   endloop
 endfacet
 facet normal  7.017281e-01  8.793794e-02  7.069969e-01
   outer loop
     vertex -5.166641e+00 -7.787458e-01  3.730000e+00
     vertex -5.447793e+00 -5.451340e-01  3.980000e+00
     vertex -5.413849e+00 -8.160064e-01  3.980000e+00
   endloop
 endfacet
 facet normal  6.964725e-01  1.228069e-01  7.069969e-01
   outer loop
     vertex -5.166641e+00 -7.787458e-01  3.730000e+00
     vertex -5.413849e+00 -8.160064e-01  3.980000e+00
     vertex -5.366444e+00 -1.084850e+00  3.980000e+00
   endloop
 endfacet
 facet normal  7.021476e-01  1.419422e-01  6.977400e-01
   outer loop
     vertex -5.063429e+00 -1.289307e+00  3.730000e+00
     vertex -4.876358e+00 -9.857771e-01  3.480000e+00
     vertex -5.166641e+00 -7.787458e-01  3.730000e+00
   endloop
 endfacet
 facet normal  6.841425e-01  1.383024e-01  7.161156e-01
   outer loop
     vertex -5.063429e+00 -1.289307e+00  3.730000e+00
     vertex -5.166641e+00 -7.787458e-01  3.730000e+00
     vertex -5.366444e+00 -1.084850e+00  3.980000e+00
   endloop
 endfacet
 facet normal  6.894853e-01  1.573705e-01  7.069969e-01
   outer loop
     vertex -5.063429e+00 -1.289307e+00  3.730000e+00
     vertex -4.821159e+00 -1.227618e+00  3.480000e+00
     vertex -4.876358e+00 -9.857771e-01  3.480000e+00
   endloop
 endfacet
 facet normal  6.807839e-01  1.915429e-01  7.069969e-01
   outer loop
     vertex -5.063429e+00 -1.289307e+00  3.730000e+00
     vertex -4.753975e+00 -1.466407e+00  3.480000e+00
     vertex -4.821159e+00 -1.227618e+00  3.480000e+00
   endloop
 endfacet
 facet normal  6.894853e-01  1.573705e-01  7.069969e-01
   outer loop
     vertex -5.063429e+00 -1.289307e+00  3.730000e+00
     vertex -5.366444e+00 -1.084850e+00  3.980000e+00
     vertex -5.305698e+00 -1.350997e+00  3.980000e+00
   endloop
 endfacet
 facet normal  6.807839e-01  1.915429e-01  7.069969e-01
   outer loop
     vertex -5.063429e+00 -1.289307e+00  3.730000e+00
     vertex -5.305698e+00 -1.350997e+00  3.980000e+00
     vertex -5.231761e+00 -1.613785e+00  3.980000e+00
   endloop
 endfacet
 facet normal  6.703900e-01  2.252391e-01  7.069969e-01
   outer loop
     vertex -4.909894e+00 -1.787055e+00  3.730000e+00
     vertex -4.674971e+00 -1.701550e+00  3.480000e+00
     vertex -4.753975e+00 -1.466407e+00  3.480000e+00
   endloop
 endfacet
 facet normal  6.583294e-01  2.583753e-01  7.069969e-01
   outer loop
     vertex -4.909894e+00 -1.787055e+00  3.730000e+00
     vertex -4.584344e+00 -1.932463e+00  3.480000e+00
     vertex -4.674971e+00 -1.701550e+00  3.480000e+00
   endloop
 endfacet
 facet normal  6.845256e-01  2.111482e-01  6.977400e-01
   outer loop
     vertex -4.909894e+00 -1.787055e+00  3.730000e+00
     vertex -4.753975e+00 -1.466407e+00  3.480000e+00
     vertex -5.063429e+00 -1.289307e+00  3.730000e+00
   endloop
 endfacet
 facet normal  6.669724e-01  2.057337e-01  7.161156e-01
   outer loop
     vertex -4.909894e+00 -1.787055e+00  3.730000e+00
     vertex -5.063429e+00 -1.289307e+00  3.730000e+00
     vertex -5.231761e+00 -1.613785e+00  3.980000e+00
   endloop
 endfacet
 facet normal  6.703900e-01  2.252391e-01  7.069969e-01
   outer loop
     vertex -4.909894e+00 -1.787055e+00  3.730000e+00
     vertex -5.231761e+00 -1.613785e+00  3.980000e+00
     vertex -5.144817e+00 -1.872560e+00  3.980000e+00
   endloop
 endfacet
 facet normal  6.583294e-01  2.583753e-01  7.069969e-01
   outer loop
     vertex -4.909894e+00 -1.787055e+00  3.730000e+00
     vertex -5.144817e+00 -1.872560e+00  3.980000e+00
     vertex -5.045082e+00 -2.126681e+00  3.980000e+00
   endloop
 endfacet
 facet normal  6.446321e-01  2.908691e-01  7.069969e-01
   outer loop
     vertex -4.707562e+00 -2.267043e+00  3.730000e+00
     vertex -5.045082e+00 -2.126681e+00  3.980000e+00
     vertex -4.932805e+00 -2.375513e+00  3.980000e+00
   endloop
 endfacet
 facet normal  6.293322e-01  3.226398e-01  7.069969e-01
   outer loop
     vertex -4.707562e+00 -2.267043e+00  3.730000e+00
     vertex -4.932805e+00 -2.375513e+00  3.980000e+00
     vertex -4.808263e+00 -2.618441e+00  3.980000e+00
   endloop
 endfacet
 facet normal  6.601005e-01  2.782557e-01  6.977400e-01
   outer loop
     vertex -4.707562e+00 -2.267043e+00  3.730000e+00
     vertex -4.584344e+00 -1.932463e+00  3.480000e+00
     vertex -4.909894e+00 -1.787055e+00  3.730000e+00
   endloop
 endfacet
 facet normal  6.431736e-01  2.711204e-01  7.161156e-01
   outer loop
     vertex -4.707562e+00 -2.267043e+00  3.730000e+00
     vertex -4.909894e+00 -1.787055e+00  3.730000e+00
     vertex -5.045082e+00 -2.126681e+00  3.980000e+00
   endloop
 endfacet
 facet normal  6.446321e-01  2.908691e-01  7.069969e-01
   outer loop
     vertex -4.707562e+00 -2.267043e+00  3.730000e+00
     vertex -4.482320e+00 -2.158572e+00  3.480000e+00
     vertex -4.584344e+00 -1.932463e+00  3.480000e+00
   endloop
 endfacet
 facet normal  6.293322e-01  3.226398e-01  7.069969e-01
   outer loop
     vertex -4.707562e+00 -2.267043e+00  3.730000e+00
     vertex -4.369152e+00 -2.379314e+00  3.480000e+00
     vertex -4.482320e+00 -2.158572e+00  3.480000e+00
   endloop
 endfacet
 facet normal  6.124676e-01  3.536083e-01  7.069969e-01
   outer loop
     vertex -4.458445e+00 -2.724499e+00  3.730000e+00
     vertex -4.808263e+00 -2.618441e+00  3.980000e+00
     vertex -4.671768e+00 -2.854858e+00  3.980000e+00
   endloop
 endfacet
 facet normal  5.940803e-01  3.836978e-01  7.069969e-01
   outer loop
     vertex -4.458445e+00 -2.724499e+00  3.730000e+00
     vertex -4.671768e+00 -2.854858e+00  3.980000e+00
     vertex -4.523657e+00 -3.084177e+00  3.980000e+00
   endloop
 endfacet
 facet normal  6.129826e-01  3.338125e-01  7.161156e-01
   outer loop
     vertex -4.458445e+00 -2.724499e+00  3.730000e+00
     vertex -4.707562e+00 -2.267043e+00  3.730000e+00
     vertex -4.808263e+00 -2.618441e+00  3.980000e+00
   endloop
 endfacet
 facet normal  6.291150e-01  3.425978e-01  6.977400e-01
   outer loop
     vertex -4.458445e+00 -2.724499e+00  3.730000e+00
     vertex -4.369152e+00 -2.379314e+00  3.480000e+00
     vertex -4.707562e+00 -2.267043e+00  3.730000e+00
   endloop
 endfacet
 facet normal  6.124676e-01  3.536083e-01  7.069969e-01
   outer loop
     vertex -4.458445e+00 -2.724499e+00  3.730000e+00
     vertex -4.245122e+00 -2.594140e+00  3.480000e+00
     vertex -4.369152e+00 -2.379314e+00  3.480000e+00
   endloop
 endfacet
 facet normal  5.940803e-01  3.836978e-01  7.069969e-01
   outer loop
     vertex -4.458445e+00 -2.724499e+00  3.730000e+00
     vertex -4.110538e+00 -2.802517e+00  3.480000e+00
     vertex -4.245122e+00 -2.594140e+00  3.480000e+00
   endloop
 endfacet
 facet normal  5.742161e-01  4.128333e-01  7.069969e-01
   outer loop
     vertex -4.165017e+00 -3.154878e+00  3.730000e+00
     vertex -4.523657e+00 -3.084177e+00  3.980000e+00
     vertex -4.364300e+00 -3.305829e+00  3.980000e+00
   endloop
 endfacet
 facet normal  5.529243e-01  4.409424e-01  7.069969e-01
   outer loop
     vertex -4.165017e+00 -3.154878e+00  3.730000e+00
     vertex -4.364300e+00 -3.305829e+00  3.980000e+00
     vertex -4.194093e+00 -3.519262e+00  3.980000e+00
   endloop
 endfacet
 facet normal  5.766996e-01  3.931871e-01  7.161156e-01
   outer loop
     vertex -4.165017e+00 -3.154878e+00  3.730000e+00
     vertex -4.458445e+00 -2.724499e+00  3.730000e+00
     vertex -4.523657e+00 -3.084177e+00  3.980000e+00
   endloop
 endfacet
 facet normal  5.918770e-01  4.035349e-01  6.977400e-01
   outer loop
     vertex -4.165017e+00 -3.154878e+00  3.730000e+00
     vertex -4.110538e+00 -2.802517e+00  3.480000e+00
     vertex -4.458445e+00 -2.724499e+00  3.730000e+00
   endloop
 endfacet
 facet normal  5.742161e-01  4.128333e-01  7.069969e-01
   outer loop
     vertex -4.165017e+00 -3.154878e+00  3.730000e+00
     vertex -3.965734e+00 -3.003927e+00  3.480000e+00
     vertex -4.110538e+00 -2.802517e+00  3.480000e+00
   endloop
 endfacet
 facet normal  5.529243e-01  4.409424e-01  7.069969e-01
   outer loop
     vertex -4.165017e+00 -3.154878e+00  3.730000e+00
     vertex -3.811071e+00 -3.197868e+00  3.480000e+00
     vertex -3.965734e+00 -3.003927e+00  3.480000e+00
   endloop
 endfacet
 facet normal  5.302578e-01  4.679553e-01  7.069969e-01
   outer loop
     vertex -3.830196e+00 -3.553903e+00  3.730000e+00
     vertex -4.194093e+00 -3.519262e+00  3.980000e+00
     vertex -4.013459e+00 -3.723946e+00  3.980000e+00
   endloop
 endfacet
 facet normal  5.062730e-01  4.938047e-01  7.069969e-01
   outer loop
     vertex -3.830196e+00 -3.553903e+00  3.730000e+00
     vertex -4.013459e+00 -3.723946e+00  3.980000e+00
     vertex -3.822847e+00 -3.919371e+00  3.980000e+00
   endloop
 endfacet
 facet normal  5.346850e-01  4.486540e-01  7.161156e-01
   outer loop
     vertex -3.830196e+00 -3.553903e+00  3.730000e+00
     vertex -4.165017e+00 -3.154878e+00  3.730000e+00
     vertex -4.194093e+00 -3.519262e+00  3.980000e+00
   endloop
 endfacet
 facet normal  5.487568e-01  4.604616e-01  6.977400e-01
   outer loop
     vertex -3.830196e+00 -3.553903e+00  3.730000e+00
     vertex -3.811071e+00 -3.197868e+00  3.480000e+00
     vertex -4.165017e+00 -3.154878e+00  3.730000e+00
   endloop
 endfacet
 facet normal  5.302578e-01  4.679553e-01  7.069969e-01
   outer loop
     vertex -3.830196e+00 -3.553903e+00  3.730000e+00
     vertex -3.646933e+00 -3.383859e+00  3.480000e+00
     vertex -3.811071e+00 -3.197868e+00  3.480000e+00
   endloop
 endfacet
 facet normal  5.062730e-01  4.938047e-01  7.069969e-01
   outer loop
     vertex -3.830196e+00 -3.553903e+00  3.730000e+00
     vertex -3.473728e+00 -3.561438e+00  3.480000e+00
     vertex -3.646933e+00 -3.383859e+00  3.480000e+00
   endloop
 endfacet
 facet normal  4.810295e-01  5.184265e-01  7.069969e-01
   outer loop
     vertex -3.457309e+00 -3.917607e+00  3.730000e+00
     vertex -3.822847e+00 -3.919371e+00  3.980000e+00
     vertex -3.622730e+00 -4.105052e+00  3.980000e+00
   endloop
 endfacet
 facet normal  4.545901e-01  5.417594e-01  7.069969e-01
   outer loop
     vertex -3.457309e+00 -3.917607e+00  3.730000e+00
     vertex -3.622730e+00 -4.105052e+00  3.980000e+00
     vertex -3.413607e+00 -4.280527e+00  3.980000e+00
   endloop
 endfacet
 facet normal  4.873566e-01  4.996620e-01  7.161156e-01
   outer loop
     vertex -3.457309e+00 -3.917607e+00  3.730000e+00
     vertex -3.830196e+00 -3.553903e+00  3.730000e+00
     vertex -3.822847e+00 -3.919371e+00  3.980000e+00
   endloop
 endfacet
 facet normal  4.810295e-01  5.184265e-01  7.069969e-01
   outer loop
     vertex -3.457309e+00 -3.917607e+00  3.730000e+00
     vertex -3.291887e+00 -3.730161e+00  3.480000e+00
     vertex -3.473728e+00 -3.561438e+00  3.480000e+00
   endloop
 endfacet
 facet normal  4.545901e-01  5.417594e-01  7.069969e-01
   outer loop
     vertex -3.457309e+00 -3.917607e+00  3.730000e+00
     vertex -3.101862e+00 -3.889612e+00  3.480000e+00
     vertex -3.291887e+00 -3.730161e+00  3.480000e+00
   endloop
 endfacet
 facet normal  5.001827e-01  5.128120e-01  6.977400e-01
   outer loop
     vertex -3.457309e+00 -3.917607e+00  3.730000e+00
     vertex -3.473728e+00 -3.561438e+00  3.480000e+00
     vertex -3.830196e+00 -3.553903e+00  3.730000e+00
   endloop
 endfacet
 facet normal  4.466376e-01  5.600658e-01  6.977400e-01
   outer loop
     vertex -3.050061e+00 -4.242376e+00  3.730000e+00
     vertex -3.101862e+00 -3.889612e+00  3.480000e+00
     vertex -3.457309e+00 -3.917607e+00  3.730000e+00
   endloop
 endfacet
 facet normal  4.270206e-01  5.637454e-01  7.069969e-01
   outer loop
     vertex -3.050061e+00 -4.242376e+00  3.730000e+00
     vertex -3.413607e+00 -4.280527e+00  3.980000e+00
     vertex -3.195997e+00 -4.445361e+00  3.980000e+00
   endloop
 endfacet
 facet normal  3.983893e-01  5.843298e-01  7.069969e-01
   outer loop
     vertex -3.050061e+00 -4.242376e+00  3.730000e+00
     vertex -3.195997e+00 -4.445361e+00  3.980000e+00
     vertex -2.970441e+00 -4.599142e+00  3.980000e+00
   endloop
 endfacet
 facet normal  4.270206e-01  5.637454e-01  7.069969e-01
   outer loop
     vertex -3.050061e+00 -4.242376e+00  3.730000e+00
     vertex -2.904125e+00 -4.039392e+00  3.480000e+00
     vertex -3.101862e+00 -3.889612e+00  3.480000e+00
   endloop
 endfacet
 facet normal  3.983893e-01  5.843298e-01  7.069969e-01
   outer loop
     vertex -3.050061e+00 -4.242376e+00  3.730000e+00
     vertex -2.699168e+00 -4.179129e+00  3.480000e+00
     vertex -2.904125e+00 -4.039392e+00  3.480000e+00
   endloop
 endfacet
 facet normal  4.351845e-01  5.457041e-01  7.161156e-01
   outer loop
     vertex -3.050061e+00 -4.242376e+00  3.730000e+00
     vertex -3.457309e+00 -3.917607e+00  3.730000e+00
     vertex -3.413607e+00 -4.280527e+00  3.980000e+00
   endloop
 endfacet
 facet normal  3.786874e-01  5.863228e-01  7.161156e-01
   outer loop
     vertex -2.612500e+00 -4.524983e+00  3.730000e+00
     vertex -3.050061e+00 -4.242376e+00  3.730000e+00
     vertex -2.970441e+00 -4.599142e+00  3.980000e+00
   endloop
 endfacet
 facet normal  3.687677e-01  6.034615e-01  7.069969e-01
   outer loop
     vertex -2.612500e+00 -4.524983e+00  3.730000e+00
     vertex -2.970441e+00 -4.599142e+00  3.980000e+00
     vertex -2.737500e+00 -4.741489e+00  3.980000e+00
   endloop
 endfacet
 facet normal  3.382292e-01  6.210929e-01  7.069969e-01
   outer loop
     vertex -2.612500e+00 -4.524983e+00  3.730000e+00
     vertex -2.737500e+00 -4.741489e+00  3.980000e+00
     vertex -2.497753e+00 -4.872048e+00  3.980000e+00
   endloop
 endfacet
 facet normal  3.886536e-01  6.017535e-01  6.977400e-01
   outer loop
     vertex -2.612500e+00 -4.524983e+00  3.730000e+00
     vertex -2.699168e+00 -4.179129e+00  3.480000e+00
     vertex -3.050061e+00 -4.242376e+00  3.730000e+00
   endloop
 endfacet
 facet normal  3.687677e-01  6.034615e-01  7.069969e-01
   outer loop
     vertex -2.612500e+00 -4.524983e+00  3.730000e+00
     vertex -2.487500e+00 -4.308476e+00  3.480000e+00
     vertex -2.699168e+00 -4.179129e+00  3.480000e+00
   endloop
 endfacet
 facet normal  3.382292e-01  6.210929e-01  7.069969e-01
   outer loop
     vertex -2.612500e+00 -4.524983e+00  3.730000e+00
     vertex -2.269648e+00 -4.427112e+00  3.480000e+00
     vertex -2.487500e+00 -4.308476e+00  3.480000e+00
   endloop
 endfacet
 facet normal  3.268070e-01  6.374606e-01  6.977400e-01
   outer loop
     vertex -2.148975e+00 -4.762618e+00  3.730000e+00
     vertex -2.269648e+00 -4.427112e+00  3.480000e+00
     vertex -2.612500e+00 -4.524983e+00  3.730000e+00
   endloop
 endfacet
 facet normal  3.068498e-01  6.371802e-01  7.069969e-01
   outer loop
     vertex -2.148975e+00 -4.762618e+00  3.730000e+00
     vertex -2.497753e+00 -4.872048e+00  3.980000e+00
     vertex -2.251797e+00 -4.990495e+00  3.980000e+00
   endloop
 endfacet
 facet normal  2.747076e-01  6.516833e-01  7.069969e-01
   outer loop
     vertex -2.148975e+00 -4.762618e+00  3.730000e+00
     vertex -2.251797e+00 -4.990495e+00  3.980000e+00
     vertex -2.000242e+00 -5.096534e+00  3.980000e+00
   endloop
 endfacet
 facet normal  3.184267e-01  6.211143e-01  7.161156e-01
   outer loop
     vertex -2.148975e+00 -4.762618e+00  3.730000e+00
     vertex -2.612500e+00 -4.524983e+00  3.730000e+00
     vertex -2.497753e+00 -4.872048e+00  3.980000e+00
   endloop
 endfacet
 facet normal  3.068498e-01  6.371802e-01  7.069969e-01
   outer loop
     vertex -2.148975e+00 -4.762618e+00  3.730000e+00
     vertex -2.046153e+00 -4.534742e+00  3.480000e+00
     vertex -2.269648e+00 -4.427112e+00  3.480000e+00
   endloop
 endfacet
 facet normal  2.747076e-01  6.516833e-01  7.069969e-01
   outer loop
     vertex -2.148975e+00 -4.762618e+00  3.730000e+00
     vertex -1.817572e+00 -4.631097e+00  3.480000e+00
     vertex -2.046153e+00 -4.534742e+00  3.480000e+00
   endloop
 endfacet
 facet normal  2.418824e-01  6.645663e-01  7.069969e-01
   outer loop
     vertex -1.664093e+00 -4.952920e+00  3.730000e+00
     vertex -2.000242e+00 -5.096534e+00  3.980000e+00
     vertex -1.743714e+00 -5.189902e+00  3.980000e+00
   endloop
 endfacet
 facet normal  2.084558e-01  6.757970e-01  7.069969e-01
   outer loop
     vertex -1.664093e+00 -4.952920e+00  3.730000e+00
     vertex -1.743714e+00 -5.189902e+00  3.980000e+00
     vertex -1.482852e+00 -5.270368e+00  3.980000e+00
   endloop
 endfacet
 facet normal  2.550014e-01  6.497329e-01  7.161156e-01
   outer loop
     vertex -1.664093e+00 -4.952920e+00  3.730000e+00
     vertex -2.148975e+00 -4.762618e+00  3.730000e+00
     vertex -2.000242e+00 -5.096534e+00  3.980000e+00
   endloop
 endfacet
 facet normal  2.617124e-01  6.668324e-01  6.977400e-01
   outer loop
     vertex -1.664093e+00 -4.952920e+00  3.730000e+00
     vertex -1.817572e+00 -4.631097e+00  3.480000e+00
     vertex -2.148975e+00 -4.762618e+00  3.730000e+00
   endloop
 endfacet
 facet normal  2.418824e-01  6.645663e-01  7.069969e-01
   outer loop
     vertex -1.664093e+00 -4.952920e+00  3.730000e+00
     vertex -1.584471e+00 -4.715939e+00  3.480000e+00
     vertex -1.817572e+00 -4.631097e+00  3.480000e+00
   endloop
 endfacet
 facet normal  2.084558e-01  6.757970e-01  7.069969e-01
   outer loop
     vertex -1.664093e+00 -4.952920e+00  3.730000e+00
     vertex -1.347431e+00 -4.789056e+00  3.480000e+00
     vertex -1.584471e+00 -4.715939e+00  3.480000e+00
   endloop
 endfacet
 facet normal  1.745109e-01  6.853476e-01  7.069969e-01
   outer loop
     vertex -1.162672e+00 -5.093998e+00  3.730000e+00
     vertex -1.482852e+00 -5.270368e+00  3.980000e+00
     vertex -1.218302e+00 -5.337730e+00  3.980000e+00
   endloop
 endfacet
 facet normal  1.401323e-01  6.931943e-01  7.069969e-01
   outer loop
     vertex -1.162672e+00 -5.093998e+00  3.730000e+00
     vertex -1.218302e+00 -5.337730e+00  3.980000e+00
     vertex -9.507238e-01 -5.391822e+00  3.980000e+00
   endloop
 endfacet
 facet normal  1.940169e-01  6.895769e-01  6.977400e-01
   outer loop
     vertex -1.162672e+00 -5.093998e+00  3.730000e+00
     vertex -1.347431e+00 -4.789056e+00  3.480000e+00
     vertex -1.664093e+00 -4.952920e+00  3.730000e+00
   endloop
 endfacet
 facet normal  1.890417e-01  6.718942e-01  7.161156e-01
   outer loop
     vertex -1.162672e+00 -5.093998e+00  3.730000e+00
     vertex -1.664093e+00 -4.952920e+00  3.730000e+00
     vertex -1.482852e+00 -5.270368e+00  3.980000e+00
   endloop
 endfacet
 facet normal  1.745109e-01  6.853476e-01  7.069969e-01
   outer loop
     vertex -1.162672e+00 -5.093998e+00  3.730000e+00
     vertex -1.107042e+00 -4.850266e+00  3.480000e+00
     vertex -1.347431e+00 -4.789056e+00  3.480000e+00
   endloop
 endfacet
 facet normal  1.401323e-01  6.931943e-01  7.069969e-01
   outer loop
     vertex -1.162672e+00 -5.093998e+00  3.730000e+00
     vertex -8.638997e-01 -4.899419e+00  3.480000e+00
     vertex -1.107042e+00 -4.850266e+00  3.480000e+00
   endloop
 endfacet
 facet normal  1.054052e-01  6.993177e-01  7.069969e-01
   outer loop
     vertex -6.496959e-01 -5.184450e+00  3.730000e+00
     vertex -9.507238e-01 -5.391822e+00  3.980000e+00
     vertex -6.807818e-01 -5.432510e+00  3.980000e+00
   endloop
 endfacet
 facet normal  7.041604e-02  7.037024e-01  7.069969e-01
   outer loop
     vertex -6.496959e-01 -5.184450e+00  3.730000e+00
     vertex -6.807818e-01 -5.432510e+00  3.980000e+00
     vertex -4.091473e-01 -5.459691e+00  3.980000e+00
   endloop
 endfacet
 facet normal  1.243931e-01  7.054681e-01  6.977400e-01
   outer loop
     vertex -6.496959e-01 -5.184450e+00  3.730000e+00
     vertex -8.638997e-01 -4.899419e+00  3.480000e+00
     vertex -1.162672e+00 -5.093998e+00  3.730000e+00
   endloop
 endfacet
 facet normal  1.212033e-01  6.873778e-01  7.161156e-01
   outer loop
     vertex -6.496959e-01 -5.184450e+00  3.730000e+00
     vertex -1.162672e+00 -5.093998e+00  3.730000e+00
     vertex -9.507238e-01 -5.391822e+00  3.980000e+00
   endloop
 endfacet
 facet normal  1.054052e-01  6.993177e-01  7.069969e-01
   outer loop
     vertex -6.496959e-01 -5.184450e+00  3.730000e+00
     vertex -6.186099e-01 -4.936390e+00  3.480000e+00
     vertex -8.638997e-01 -4.899419e+00  3.480000e+00
   endloop
 endfacet
 facet normal  7.041604e-02  7.037024e-01  7.069969e-01
   outer loop
     vertex -6.496959e-01 -5.184450e+00  3.730000e+00
     vertex -3.717822e-01 -4.961089e+00  3.480000e+00
     vertex -6.186099e-01 -4.936390e+00  3.480000e+00
   endloop
 endfacet
 facet normal  3.525184e-02  7.063376e-01  7.069969e-01
   outer loop
     vertex -1.302629e-01 -5.223376e+00  3.730000e+00
     vertex -4.091473e-01 -5.459691e+00  3.980000e+00
     vertex -1.364955e-01 -5.473298e+00  3.980000e+00
   endloop
 endfacet
 facet normal -6.902804e-15  7.072167e-01  7.069969e-01
   outer loop
     vertex -1.302629e-01 -5.223376e+00  3.730000e+00
     vertex -1.364955e-01 -5.473298e+00  3.980000e+00
     vertex  1.364955e-01 -5.473298e+00  3.980000e+00
   endloop
 endfacet
 facet normal  5.216024e-02  6.960300e-01  7.161156e-01
   outer loop
     vertex -1.302629e-01 -5.223376e+00  3.730000e+00
     vertex -6.496959e-01 -5.184450e+00  3.730000e+00
     vertex -4.091473e-01 -5.459691e+00  3.980000e+00
   endloop
 endfacet
 facet normal  5.353298e-02  7.143480e-01  6.977400e-01
   outer loop
     vertex -1.302629e-01 -5.223376e+00  3.730000e+00
     vertex -3.717822e-01 -4.961089e+00  3.480000e+00
     vertex -6.496959e-01 -5.184450e+00  3.730000e+00
   endloop
 endfacet
 facet normal  3.525184e-02  7.063376e-01  7.069969e-01
   outer loop
     vertex -1.302629e-01 -5.223376e+00  3.730000e+00
     vertex -1.240302e-01 -4.973454e+00  3.480000e+00
     vertex -3.717822e-01 -4.961089e+00  3.480000e+00
   endloop
 endfacet
 facet normal -5.064368e-15  7.072167e-01  7.069969e-01
   outer loop
     vertex -1.302629e-01 -5.223376e+00  3.730000e+00
     vertex  1.240302e-01 -4.973454e+00  3.480000e+00
     vertex -1.240302e-01 -4.973454e+00  3.480000e+00
   endloop
 endfacet
 facet normal -3.525184e-02  7.063376e-01  7.069969e-01
   outer loop
     vertex  3.904647e-01 -5.210390e+00  3.730000e+00
     vertex  1.364955e-01 -5.473298e+00  3.980000e+00
     vertex  4.091473e-01 -5.459691e+00  3.980000e+00
   endloop
 endfacet
 facet normal -7.041604e-02  7.037024e-01  7.069969e-01
   outer loop
     vertex  3.904647e-01 -5.210390e+00  3.730000e+00
     vertex  4.091473e-01 -5.459691e+00  3.980000e+00
     vertex  6.807818e-01 -5.432510e+00  3.980000e+00
   endloop
 endfacet
 facet normal -1.740117e-02  6.977648e-01  7.161156e-01
   outer loop
     vertex  3.904647e-01 -5.210390e+00  3.730000e+00
     vertex -1.302629e-01 -5.223376e+00  3.730000e+00
     vertex  1.364955e-01 -5.473298e+00  3.980000e+00
   endloop
 endfacet
 facet normal -1.785913e-02  7.161284e-01  6.977400e-01
   outer loop
     vertex  3.904647e-01 -5.210390e+00  3.730000e+00
     vertex  1.240302e-01 -4.973454e+00  3.480000e+00
     vertex -1.302629e-01 -5.223376e+00  3.730000e+00
   endloop
 endfacet
 facet normal -3.525184e-02  7.063376e-01  7.069969e-01
   outer loop
     vertex  3.904647e-01 -5.210390e+00  3.730000e+00
     vertex  3.717822e-01 -4.961089e+00  3.480000e+00
     vertex  1.240302e-01 -4.973454e+00  3.480000e+00
   endloop
 endfacet
 facet normal -7.041604e-02  7.037024e-01  7.069969e-01
   outer loop
     vertex  3.904647e-01 -5.210390e+00  3.730000e+00
     vertex  6.186099e-01 -4.936390e+00  3.480000e+00
     vertex  3.717822e-01 -4.961089e+00  3.480000e+00
   endloop
 endfacet
 facet normal -1.401323e-01  6.931943e-01  7.069969e-01
   outer loop
     vertex  9.073117e-01 -5.145621e+00  3.730000e+00
     vertex  1.107042e+00 -4.850266e+00  3.480000e+00
     vertex  8.638997e-01 -4.899419e+00  3.480000e+00
   endloop
 endfacet
 facet normal -8.907375e-02  7.107916e-01  6.977400e-01
   outer loop
     vertex  9.073117e-01 -5.145621e+00  3.730000e+00
     vertex  6.186099e-01 -4.936390e+00  3.480000e+00
     vertex  3.904647e-01 -5.210390e+00  3.730000e+00
   endloop
 endfacet
 facet normal -8.678964e-02  6.925649e-01  7.161156e-01
   outer loop
     vertex  9.073117e-01 -5.145621e+00  3.730000e+00
     vertex  3.904647e-01 -5.210390e+00  3.730000e+00
     vertex  6.807818e-01 -5.432510e+00  3.980000e+00
   endloop
 endfacet
 facet normal -1.054052e-01  6.993177e-01  7.069969e-01
   outer loop
     vertex  9.073117e-01 -5.145621e+00  3.730000e+00
     vertex  6.807818e-01 -5.432510e+00  3.980000e+00
     vertex  9.507238e-01 -5.391822e+00  3.980000e+00
   endloop
 endfacet
 facet normal -1.401323e-01  6.931943e-01  7.069969e-01
   outer loop
     vertex  9.073117e-01 -5.145621e+00  3.730000e+00
     vertex  9.507238e-01 -5.391822e+00  3.980000e+00
     vertex  1.218302e+00 -5.337730e+00  3.980000e+00
   endloop
 endfacet
 facet normal -1.054052e-01  6.993177e-01  7.069969e-01
   outer loop
     vertex  9.073117e-01 -5.145621e+00  3.730000e+00
     vertex  8.638997e-01 -4.899419e+00  3.480000e+00
     vertex  6.186099e-01 -4.936390e+00  3.480000e+00
   endloop
 endfacet
 facet normal -1.745109e-01  6.853476e-01  7.069969e-01
   outer loop
     vertex  1.415141e+00 -5.029712e+00  3.730000e+00
     vertex  1.347431e+00 -4.789056e+00  3.480000e+00
     vertex  1.107042e+00 -4.850266e+00  3.480000e+00
   endloop
 endfacet
 facet normal -2.084558e-01  6.757970e-01  7.069969e-01
   outer loop
     vertex  1.415141e+00 -5.029712e+00  3.730000e+00
     vertex  1.584471e+00 -4.715939e+00  3.480000e+00
     vertex  1.347431e+00 -4.789056e+00  3.480000e+00
   endloop
 endfacet
 facet normal -1.594031e-01  6.983907e-01  6.977400e-01
   outer loop
     vertex  1.415141e+00 -5.029712e+00  3.730000e+00
     vertex  1.107042e+00 -4.850266e+00  3.480000e+00
     vertex  9.073117e-01 -5.145621e+00  3.730000e+00
   endloop
 endfacet
 facet normal -1.745109e-01  6.853476e-01  7.069969e-01
   outer loop
     vertex  1.415141e+00 -5.029712e+00  3.730000e+00
     vertex  1.218302e+00 -5.337730e+00  3.980000e+00
     vertex  1.482852e+00 -5.270368e+00  3.980000e+00
   endloop
 endfacet
 facet normal -2.084558e-01  6.757970e-01  7.069969e-01
   outer loop
     vertex  1.415141e+00 -5.029712e+00  3.730000e+00
     vertex  1.482852e+00 -5.270368e+00  3.980000e+00
     vertex  1.743714e+00 -5.189902e+00  3.980000e+00
   endloop
 endfacet
 facet normal -1.553155e-01  6.804819e-01  7.161156e-01
   outer loop
     vertex  1.415141e+00 -5.029712e+00  3.730000e+00
     vertex  9.073117e-01 -5.145621e+00  3.730000e+00
     vertex  1.218302e+00 -5.337730e+00  3.980000e+00
   endloop
 endfacet
 facet normal -2.418824e-01  6.645663e-01  7.069969e-01
   outer loop
     vertex  1.908907e+00 -4.863815e+00  3.730000e+00
     vertex  1.817572e+00 -4.631097e+00  3.480000e+00
     vertex  1.584471e+00 -4.715939e+00  3.480000e+00
   endloop
 endfacet
 facet normal -2.747076e-01  6.516833e-01  7.069969e-01
   outer loop
     vertex  1.908907e+00 -4.863815e+00  3.730000e+00
     vertex  2.046153e+00 -4.534742e+00  3.480000e+00
     vertex  1.817572e+00 -4.631097e+00  3.480000e+00
   endloop
 endfacet
 facet normal -2.281483e-01  6.790488e-01  6.977400e-01
   outer loop
     vertex  1.908907e+00 -4.863815e+00  3.730000e+00
     vertex  1.584471e+00 -4.715939e+00  3.480000e+00
     vertex  1.415141e+00 -5.029712e+00  3.730000e+00
   endloop
 endfacet
 facet normal -2.418824e-01  6.645663e-01  7.069969e-01
   outer loop
     vertex  1.908907e+00 -4.863815e+00  3.730000e+00
     vertex  1.743714e+00 -5.189902e+00  3.980000e+00
     vertex  2.000242e+00 -5.096534e+00  3.980000e+00
   endloop
 endfacet
 facet normal -2.747076e-01  6.516833e-01  7.069969e-01
   outer loop
     vertex  1.908907e+00 -4.863815e+00  3.730000e+00
     vertex  2.000242e+00 -5.096534e+00  3.980000e+00
     vertex  2.251797e+00 -4.990495e+00  3.980000e+00
   endloop
 endfacet
 facet normal -2.222979e-01  6.616360e-01  7.161156e-01
   outer loop
     vertex  1.908907e+00 -4.863815e+00  3.730000e+00
     vertex  1.415141e+00 -5.029712e+00  3.730000e+00
     vertex  1.743714e+00 -5.189902e+00  3.980000e+00
   endloop
 endfacet
 facet normal -3.068498e-01  6.371802e-01  7.069969e-01
   outer loop
     vertex  2.383701e+00 -4.649580e+00  3.730000e+00
     vertex  2.269648e+00 -4.427112e+00  3.480000e+00
     vertex  2.046153e+00 -4.534742e+00  3.480000e+00
   endloop
 endfacet
 facet normal -2.870709e-01  6.362144e-01  7.161156e-01
   outer loop
     vertex  2.383701e+00 -4.649580e+00  3.730000e+00
     vertex  1.908907e+00 -4.863815e+00  3.730000e+00
     vertex  2.251797e+00 -4.990495e+00  3.980000e+00
   endloop
 endfacet
 facet normal -3.382292e-01  6.210929e-01  7.069969e-01
   outer loop
     vertex  2.383701e+00 -4.649580e+00  3.730000e+00
     vertex  2.487500e+00 -4.308476e+00  3.480000e+00
     vertex  2.269648e+00 -4.427112e+00  3.480000e+00
   endloop
 endfacet
 facet normal -3.068498e-01  6.371802e-01  7.069969e-01
   outer loop
     vertex  2.383701e+00 -4.649580e+00  3.730000e+00
     vertex  2.251797e+00 -4.990495e+00  3.980000e+00
     vertex  2.497753e+00 -4.872048e+00  3.980000e+00
   endloop
 endfacet
 facet normal -3.382292e-01  6.210929e-01  7.069969e-01
   outer loop
     vertex  2.383701e+00 -4.649580e+00  3.730000e+00
     vertex  2.497753e+00 -4.872048e+00  3.980000e+00
     vertex  2.737500e+00 -4.741489e+00  3.980000e+00
   endloop
 endfacet
 facet normal -2.946260e-01  6.529582e-01  6.977400e-01
   outer loop
     vertex  2.383701e+00 -4.649580e+00  3.730000e+00
     vertex  2.046153e+00 -4.534742e+00  3.480000e+00
     vertex  1.908907e+00 -4.863815e+00  3.730000e+00
   endloop
 endfacet
 facet normal -3.687677e-01  6.034615e-01  7.069969e-01
   outer loop
     vertex  2.834804e+00 -4.389135e+00  3.730000e+00
     vertex  2.699168e+00 -4.179129e+00  3.480000e+00
     vertex  2.487500e+00 -4.308476e+00  3.480000e+00
   endloop
 endfacet
 facet normal -3.983893e-01  5.843298e-01  7.069969e-01
   outer loop
     vertex  2.834804e+00 -4.389135e+00  3.730000e+00
     vertex  2.904125e+00 -4.039392e+00  3.480000e+00
     vertex  2.699168e+00 -4.179129e+00  3.480000e+00
   endloop
 endfacet
 facet normal -3.687677e-01  6.034615e-01  7.069969e-01
   outer loop
     vertex  2.834804e+00 -4.389135e+00  3.730000e+00
     vertex  2.737500e+00 -4.741489e+00  3.980000e+00
     vertex  2.970441e+00 -4.599142e+00  3.980000e+00
   endloop
 endfacet
 facet normal -3.983893e-01  5.843298e-01  7.069969e-01
   outer loop
     vertex  2.834804e+00 -4.389135e+00  3.730000e+00
     vertex  2.970441e+00 -4.599142e+00  3.980000e+00
     vertex  3.195997e+00 -4.445361e+00  3.980000e+00
   endloop
 endfacet
 facet normal -3.581755e-01  6.203782e-01  6.977400e-01
   outer loop
     vertex  2.834804e+00 -4.389135e+00  3.730000e+00
     vertex  2.487500e+00 -4.308476e+00  3.480000e+00
     vertex  2.383701e+00 -4.649580e+00  3.730000e+00
   endloop
 endfacet
 facet normal -3.489909e-01  6.044699e-01  7.161156e-01
   outer loop
     vertex  2.834804e+00 -4.389135e+00  3.730000e+00
     vertex  2.383701e+00 -4.649580e+00  3.730000e+00
     vertex  2.737500e+00 -4.741489e+00  3.980000e+00
   endloop
 endfacet
 facet normal -4.270206e-01  5.637454e-01  7.069969e-01
   outer loop
     vertex  3.257734e+00 -4.085069e+00  3.730000e+00
     vertex  3.101862e+00 -3.889612e+00  3.480000e+00
     vertex  2.904125e+00 -4.039392e+00  3.480000e+00
   endloop
 endfacet
 facet normal -4.545901e-01  5.417594e-01  7.069969e-01
   outer loop
     vertex  3.257734e+00 -4.085069e+00  3.730000e+00
     vertex  3.291887e+00 -3.730161e+00  3.480000e+00
     vertex  3.101862e+00 -3.889612e+00  3.480000e+00
   endloop
 endfacet
 facet normal -4.270206e-01  5.637454e-01  7.069969e-01
   outer loop
     vertex  3.257734e+00 -4.085069e+00  3.730000e+00
     vertex  3.195997e+00 -4.445361e+00  3.980000e+00
     vertex  3.413607e+00 -4.280527e+00  3.980000e+00
   endloop
 endfacet
 facet normal -4.545901e-01  5.417594e-01  7.069969e-01
   outer loop
     vertex  3.257734e+00 -4.085069e+00  3.730000e+00
     vertex  3.413607e+00 -4.280527e+00  3.980000e+00
     vertex  3.622730e+00 -4.105052e+00  3.980000e+00
   endloop
 endfacet
 facet normal -4.074424e-01  5.667179e-01  7.161156e-01
   outer loop
     vertex  3.257734e+00 -4.085069e+00  3.730000e+00
     vertex  2.834804e+00 -4.389135e+00  3.730000e+00
     vertex  3.195997e+00 -4.445361e+00  3.980000e+00
   endloop
 endfacet
 facet normal -4.181654e-01  5.816327e-01  6.977400e-01
   outer loop
     vertex  3.257734e+00 -4.085069e+00  3.730000e+00
     vertex  2.904125e+00 -4.039392e+00  3.480000e+00
     vertex  2.834804e+00 -4.389135e+00  3.730000e+00
   endloop
 endfacet
 facet normal -4.810295e-01  5.184265e-01  7.069969e-01
   outer loop
     vertex  3.648287e+00 -3.740404e+00  3.730000e+00
     vertex  3.473728e+00 -3.561438e+00  3.480000e+00
     vertex  3.291887e+00 -3.730161e+00  3.480000e+00
   endloop
 endfacet
 facet normal -5.062730e-01  4.938047e-01  7.069969e-01
   outer loop
     vertex  3.648287e+00 -3.740404e+00  3.730000e+00
     vertex  3.646933e+00 -3.383859e+00  3.480000e+00
     vertex  3.473728e+00 -3.561438e+00  3.480000e+00
   endloop
 endfacet
 facet normal -4.810295e-01  5.184265e-01  7.069969e-01
   outer loop
     vertex  3.648287e+00 -3.740404e+00  3.730000e+00
     vertex  3.622730e+00 -4.105052e+00  3.980000e+00
     vertex  3.822847e+00 -3.919371e+00  3.980000e+00
   endloop
 endfacet
 facet normal -5.062730e-01  4.938047e-01  7.069969e-01
   outer loop
     vertex  3.648287e+00 -3.740404e+00  3.730000e+00
     vertex  3.822847e+00 -3.919371e+00  3.980000e+00
     vertex  4.013459e+00 -3.723946e+00  3.980000e+00
   endloop
 endfacet
 facet normal -4.618446e-01  5.233336e-01  7.161156e-01
   outer loop
     vertex  3.648287e+00 -3.740404e+00  3.730000e+00
     vertex  3.257734e+00 -4.085069e+00  3.730000e+00
     vertex  3.622730e+00 -4.105052e+00  3.980000e+00
   endloop
 endfacet
 facet normal -4.739994e-01  5.371066e-01  6.977400e-01
   outer loop
     vertex  3.648287e+00 -3.740404e+00  3.730000e+00
     vertex  3.291887e+00 -3.730161e+00  3.480000e+00
     vertex  3.257734e+00 -4.085069e+00  3.730000e+00
   endloop
 endfacet
 facet normal -5.251225e-01  4.872425e-01  6.977400e-01
   outer loop
     vertex  4.002582e+00 -3.358565e+00  3.730000e+00
     vertex  3.646933e+00 -3.383859e+00  3.480000e+00
     vertex  3.648287e+00 -3.740404e+00  3.730000e+00
   endloop
 endfacet
 facet normal -5.302578e-01  4.679553e-01  7.069969e-01
   outer loop
     vertex  4.002582e+00 -3.358565e+00  3.730000e+00
     vertex  3.811071e+00 -3.197868e+00  3.480000e+00
     vertex  3.646933e+00 -3.383859e+00  3.480000e+00
   endloop
 endfacet
 facet normal -5.529243e-01  4.409424e-01  7.069969e-01
   outer loop
     vertex  4.002582e+00 -3.358565e+00  3.730000e+00
     vertex  3.965734e+00 -3.003927e+00  3.480000e+00
     vertex  3.811071e+00 -3.197868e+00  3.480000e+00
   endloop
 endfacet
 facet normal -5.302578e-01  4.679553e-01  7.069969e-01
   outer loop
     vertex  4.002582e+00 -3.358565e+00  3.730000e+00
     vertex  4.013459e+00 -3.723946e+00  3.980000e+00
     vertex  4.194093e+00 -3.519262e+00  3.980000e+00
   endloop
 endfacet
 facet normal -5.529243e-01  4.409424e-01  7.069969e-01
   outer loop
     vertex  4.002582e+00 -3.358565e+00  3.730000e+00
     vertex  4.194093e+00 -3.519262e+00  3.980000e+00
     vertex  4.364300e+00 -3.305829e+00  3.980000e+00
   endloop
 endfacet
 facet normal -5.116568e-01  4.747482e-01  7.161156e-01
   outer loop
     vertex  4.002582e+00 -3.358565e+00  3.730000e+00
     vertex  3.648287e+00 -3.740404e+00  3.730000e+00
     vertex  4.013459e+00 -3.723946e+00  3.980000e+00
   endloop
 endfacet
 facet normal -5.563839e-01  4.214445e-01  7.161156e-01
   outer loop
     vertex  4.317098e+00 -2.943347e+00  3.730000e+00
     vertex  4.002582e+00 -3.358565e+00  3.730000e+00
     vertex  4.364300e+00 -3.305829e+00  3.980000e+00
   endloop
 endfacet
 facet normal -5.742161e-01  4.128333e-01  7.069969e-01
   outer loop
     vertex  4.317098e+00 -2.943347e+00  3.730000e+00
     vertex  4.110538e+00 -2.802517e+00  3.480000e+00
     vertex  3.965734e+00 -3.003927e+00  3.480000e+00
   endloop
 endfacet
 facet normal -5.940803e-01  3.836978e-01  7.069969e-01
   outer loop
     vertex  4.317098e+00 -2.943347e+00  3.730000e+00
     vertex  4.245122e+00 -2.594140e+00  3.480000e+00
     vertex  4.110538e+00 -2.802517e+00  3.480000e+00
   endloop
 endfacet
 facet normal -5.710267e-01  4.325359e-01  6.977400e-01
   outer loop
     vertex  4.317098e+00 -2.943347e+00  3.730000e+00
     vertex  3.965734e+00 -3.003927e+00  3.480000e+00
     vertex  4.002582e+00 -3.358565e+00  3.730000e+00
   endloop
 endfacet
 facet normal -5.742161e-01  4.128333e-01  7.069969e-01
   outer loop
     vertex  4.317098e+00 -2.943347e+00  3.730000e+00
     vertex  4.364300e+00 -3.305829e+00  3.980000e+00
     vertex  4.523657e+00 -3.084177e+00  3.980000e+00
   endloop
 endfacet
 facet normal -5.940803e-01  3.836978e-01  7.069969e-01
   outer loop
     vertex  4.317098e+00 -2.943347e+00  3.730000e+00
     vertex  4.523657e+00 -3.084177e+00  3.980000e+00
     vertex  4.671768e+00 -2.854858e+00  3.980000e+00
   endloop
 endfacet
 facet normal -6.124676e-01  3.536083e-01  7.069969e-01
   outer loop
     vertex  4.588708e+00 -2.498877e+00  3.730000e+00
     vertex  4.369152e+00 -2.379314e+00  3.480000e+00
     vertex  4.245122e+00 -2.594140e+00  3.480000e+00
   endloop
 endfacet
 facet normal -6.293322e-01  3.226398e-01  7.069969e-01
   outer loop
     vertex  4.588708e+00 -2.498877e+00  3.730000e+00
     vertex  4.482320e+00 -2.158572e+00  3.480000e+00
     vertex  4.369152e+00 -2.379314e+00  3.480000e+00
   endloop
 endfacet
 facet normal -5.955815e-01  3.639523e-01  7.161156e-01
   outer loop
     vertex  4.588708e+00 -2.498877e+00  3.730000e+00
     vertex  4.317098e+00 -2.943347e+00  3.730000e+00
     vertex  4.671768e+00 -2.854858e+00  3.980000e+00
   endloop
 endfacet
 facet normal -6.112558e-01  3.735307e-01  6.977400e-01
   outer loop
     vertex  4.588708e+00 -2.498877e+00  3.730000e+00
     vertex  4.245122e+00 -2.594140e+00  3.480000e+00
     vertex  4.317098e+00 -2.943347e+00  3.730000e+00
   endloop
 endfacet
 facet normal -6.124676e-01  3.536083e-01  7.069969e-01
   outer loop
     vertex  4.588708e+00 -2.498877e+00  3.730000e+00
     vertex  4.671768e+00 -2.854858e+00  3.980000e+00
     vertex  4.808263e+00 -2.618441e+00  3.980000e+00
   endloop
 endfacet
 facet normal -6.293322e-01  3.226398e-01  7.069969e-01
   outer loop
     vertex  4.588708e+00 -2.498877e+00  3.730000e+00
     vertex  4.808263e+00 -2.618441e+00  3.980000e+00
     vertex  4.932805e+00 -2.375513e+00  3.980000e+00
   endloop
 endfacet
 facet normal -6.446321e-01  2.908691e-01  7.069969e-01
   outer loop
     vertex  4.814713e+00 -2.029572e+00  3.730000e+00
     vertex  4.584344e+00 -1.932463e+00  3.480000e+00
     vertex  4.482320e+00 -2.158572e+00  3.480000e+00
   endloop
 endfacet
 facet normal -6.583294e-01  2.583753e-01  7.069969e-01
   outer loop
     vertex  4.814713e+00 -2.029572e+00  3.730000e+00
     vertex  4.674971e+00 -1.701550e+00  3.480000e+00
     vertex  4.584344e+00 -1.932463e+00  3.480000e+00
   endloop
 endfacet
 facet normal -6.454100e-01  3.108131e-01  6.977400e-01
   outer loop
     vertex  4.814713e+00 -2.029572e+00  3.730000e+00
     vertex  4.482320e+00 -2.158572e+00  3.480000e+00
     vertex  4.588708e+00 -2.498877e+00  3.730000e+00
   endloop
 endfacet
 facet normal -6.446321e-01  2.908691e-01  7.069969e-01
   outer loop
     vertex  4.814713e+00 -2.029572e+00  3.730000e+00
     vertex  4.932805e+00 -2.375513e+00  3.980000e+00
     vertex  5.045082e+00 -2.126681e+00  3.980000e+00
   endloop
 endfacet
 facet normal -6.583294e-01  2.583753e-01  7.069969e-01
   outer loop
     vertex  4.814713e+00 -2.029572e+00  3.730000e+00
     vertex  5.045082e+00 -2.126681e+00  3.980000e+00
     vertex  5.144817e+00 -1.872560e+00  3.980000e+00
   endloop
 endfacet
 facet normal -6.288598e-01  3.028429e-01  7.161156e-01
   outer loop
     vertex  4.814713e+00 -2.029572e+00  3.730000e+00
     vertex  4.588708e+00 -2.498877e+00  3.730000e+00
     vertex  4.932805e+00 -2.375513e+00  3.980000e+00
   endloop
 endfacet
 facet normal -6.703900e-01  2.252391e-01  7.069969e-01
   outer loop
     vertex  4.992868e+00 -1.540096e+00  3.730000e+00
     vertex  4.753975e+00 -1.466407e+00  3.480000e+00
     vertex  4.674971e+00 -1.701550e+00  3.480000e+00
   endloop
 endfacet
 facet normal -6.807839e-01  1.915429e-01  7.069969e-01
   outer loop
     vertex  4.992868e+00 -1.540096e+00  3.730000e+00
     vertex  4.821159e+00 -1.227618e+00  3.480000e+00
     vertex  4.753975e+00 -1.466407e+00  3.480000e+00
   endloop
 endfacet
 facet normal -6.703900e-01  2.252391e-01  7.069969e-01
   outer loop
     vertex  4.992868e+00 -1.540096e+00  3.730000e+00
     vertex  5.144817e+00 -1.872560e+00  3.980000e+00
     vertex  5.231761e+00 -1.613785e+00  3.980000e+00
   endloop
 endfacet
 facet normal -6.558883e-01  2.387238e-01  7.161156e-01
   outer loop
     vertex  4.992868e+00 -1.540096e+00  3.730000e+00
     vertex  4.814713e+00 -2.029572e+00  3.730000e+00
     vertex  5.144817e+00 -1.872560e+00  3.980000e+00
   endloop
 endfacet
 facet normal -6.807839e-01  1.915429e-01  7.069969e-01
   outer loop
     vertex  4.992868e+00 -1.540096e+00  3.730000e+00
     vertex  5.231761e+00 -1.613785e+00  3.980000e+00
     vertex  5.305698e+00 -1.350997e+00  3.980000e+00
   endloop
 endfacet
 facet normal -6.731498e-01  2.450065e-01  6.977400e-01
   outer loop
     vertex  4.992868e+00 -1.540096e+00  3.730000e+00
     vertex  4.674971e+00 -1.701550e+00  3.480000e+00
     vertex  4.814713e+00 -2.029572e+00  3.730000e+00
   endloop
 endfacet
 facet normal -6.894853e-01  1.573705e-01  7.069969e-01
   outer loop
     vertex  5.121401e+00 -1.035314e+00  3.730000e+00
     vertex  4.876358e+00 -9.857771e-01  3.480000e+00
     vertex  4.821159e+00 -1.227618e+00  3.480000e+00
   endloop
 endfacet
 facet normal -6.964725e-01  1.228069e-01  7.069969e-01
   outer loop
     vertex  5.121401e+00 -1.035314e+00  3.730000e+00
     vertex  4.919433e+00 -7.414853e-01  3.480000e+00
     vertex  4.876358e+00 -9.857771e-01  3.480000e+00
   endloop
 endfacet
 facet normal -6.894853e-01  1.573705e-01  7.069969e-01
   outer loop
     vertex  5.121401e+00 -1.035314e+00  3.730000e+00
     vertex  5.305698e+00 -1.350997e+00  3.980000e+00
     vertex  5.366444e+00 -1.084850e+00  3.980000e+00
   endloop
 endfacet
 facet normal -6.964725e-01  1.228069e-01  7.069969e-01
   outer loop
     vertex  5.121401e+00 -1.035314e+00  3.730000e+00
     vertex  5.366444e+00 -1.084850e+00  3.980000e+00
     vertex  5.413849e+00 -8.160064e-01  3.980000e+00
   endloop
 endfacet
 facet normal -6.763983e-01  1.722322e-01  7.161156e-01
   outer loop
     vertex  5.121401e+00 -1.035314e+00  3.730000e+00
     vertex  4.992868e+00 -1.540096e+00  3.730000e+00
     vertex  5.305698e+00 -1.350997e+00  3.980000e+00
   endloop
 endfacet
 facet normal -6.941996e-01  1.767649e-01  6.977400e-01
   outer loop
     vertex  5.121401e+00 -1.035314e+00  3.730000e+00
     vertex  4.821159e+00 -1.227618e+00  3.480000e+00
     vertex  4.992868e+00 -1.540096e+00  3.730000e+00
   endloop
 endfacet
 facet normal -7.017281e-01  8.793794e-02  7.069969e-01
   outer loop
     vertex  5.199036e+00 -5.202420e-01  3.730000e+00
     vertex  4.950278e+00 -4.953500e-01  3.480000e+00
     vertex  4.919433e+00 -7.414853e-01  3.480000e+00
   endloop
 endfacet
 facet normal -7.052392e-01  5.285037e-02  7.069969e-01
   outer loop
     vertex  5.199036e+00 -5.202420e-01  3.730000e+00
     vertex  4.968816e+00 -2.479833e-01  3.480000e+00
     vertex  4.950278e+00 -4.953500e-01  3.480000e+00
   endloop
 endfacet
 facet normal -7.154606e-01  3.570715e-02  6.977400e-01
   outer loop
     vertex  5.199036e+00 -5.202420e-01  3.730000e+00
     vertex  5.225000e+00  5.950944e-16  3.730000e+00
     vertex  4.968816e+00 -2.479833e-01  3.480000e+00
   endloop
 endfacet
 facet normal -7.017281e-01  8.793794e-02  7.069969e-01
   outer loop
     vertex  5.199036e+00 -5.202420e-01  3.730000e+00
     vertex  5.413849e+00 -8.160064e-01  3.980000e+00
     vertex  5.447793e+00 -5.451340e-01  3.980000e+00
   endloop
 endfacet
 facet normal -7.052392e-01  5.285037e-02  7.069969e-01
   outer loop
     vertex  5.199036e+00 -5.202420e-01  3.730000e+00
     vertex  5.447793e+00 -5.451340e-01  3.980000e+00
     vertex  5.468194e+00 -2.729062e-01  3.980000e+00
   endloop
 endfacet
 facet normal -6.971141e-01  3.479152e-02  7.161156e-01
   outer loop
     vertex  5.199036e+00 -5.202420e-01  3.730000e+00
     vertex  5.468194e+00 -2.729062e-01  3.980000e+00
     vertex  5.225000e+00  5.950944e-16  3.730000e+00
   endloop
 endfacet
 facet normal -6.901859e-01  1.040288e-01  7.161156e-01
   outer loop
     vertex  5.199036e+00 -5.202420e-01  3.730000e+00
     vertex  5.121401e+00 -1.035314e+00  3.730000e+00
     vertex  5.413849e+00 -8.160064e-01  3.980000e+00
   endloop
 endfacet
 facet normal -7.083500e-01  1.067666e-01  6.977400e-01
   outer loop
     vertex  5.199036e+00 -5.202420e-01  3.730000e+00
     vertex  4.919433e+00 -7.414853e-01  3.480000e+00
     vertex  5.121401e+00 -1.035314e+00  3.730000e+00
   endloop
 endfacet
 facet normal -9.996892e-01 -2.493069e-02  0.000000e+00
   outer loop
     vertex  4.968816e+00  2.479833e-01  5.000000e-01
     vertex  4.975000e+00  5.950944e-16  5.000000e-01
     vertex  4.975000e+00  5.950944e-16  3.480000e+00
   endloop
 endfacet
 facet normal -9.996892e-01 -2.493069e-02  0.000000e+00
   outer loop
     vertex  4.968816e+00  2.479833e-01  5.000000e-01
     vertex  4.975000e+00  5.950944e-16  3.480000e+00
     vertex  4.968816e+00  2.479833e-01  3.480000e+00
   endloop
 endfacet
 facet normal -9.972038e-01 -7.473009e-02  0.000000e+00
   outer loop
     vertex  4.950278e+00  4.953500e-01  5.000000e-01
     vertex  4.968816e+00  2.479833e-01  3.480000e+00
     vertex  4.950278e+00  4.953500e-01  3.480000e+00
   endloop
 endfacet
 facet normal -9.972038e-01 -7.473009e-02  0.000000e+00
   outer loop
     vertex  4.950278e+00  4.953500e-01  5.000000e-01
     vertex  4.968816e+00  2.479833e-01  5.000000e-01
     vertex  4.968816e+00  2.479833e-01  3.480000e+00
   endloop
 endfacet
 facet normal -9.922392e-01 -1.243437e-01  0.000000e+00
   outer loop
     vertex  4.919433e+00  7.414853e-01  5.000000e-01
     vertex  4.950278e+00  4.953500e-01  3.480000e+00
     vertex  4.919433e+00  7.414853e-01  3.480000e+00
   endloop
 endfacet
 facet normal -9.922392e-01 -1.243437e-01  0.000000e+00
   outer loop
     vertex  4.919433e+00  7.414853e-01  5.000000e-01
     vertex  4.950278e+00  4.953500e-01  5.000000e-01
     vertex  4.950278e+00  4.953500e-01  3.480000e+00
   endloop
 endfacet
 facet normal -9.848078e-01 -1.736482e-01  0.000000e+00
   outer loop
     vertex  4.876358e+00  9.857771e-01  5.000000e-01
     vertex  4.919433e+00  7.414853e-01  3.480000e+00
     vertex  4.876358e+00  9.857771e-01  3.480000e+00
   endloop
 endfacet
 facet normal -9.848078e-01 -1.736482e-01  0.000000e+00
   outer loop
     vertex  4.876358e+00  9.857771e-01  5.000000e-01
     vertex  4.919433e+00  7.414853e-01  5.000000e-01
     vertex  4.919433e+00  7.414853e-01  3.480000e+00
   endloop
 endfacet
 facet normal -9.749279e-01 -2.225209e-01  0.000000e+00
   outer loop
     vertex  4.821159e+00  1.227618e+00  5.000000e-01
     vertex  4.876358e+00  9.857771e-01  3.480000e+00
     vertex  4.821159e+00  1.227618e+00  3.480000e+00
   endloop
 endfacet
 facet normal -9.749279e-01 -2.225209e-01  0.000000e+00
   outer loop
     vertex  4.821159e+00  1.227618e+00  5.000000e-01
     vertex  4.876358e+00  9.857771e-01  5.000000e-01
     vertex  4.876358e+00  9.857771e-01  3.480000e+00
   endloop
 endfacet
 facet normal -9.626242e-01 -2.708405e-01  0.000000e+00
   outer loop
     vertex  4.753975e+00  1.466407e+00  5.000000e-01
     vertex  4.821159e+00  1.227618e+00  3.480000e+00
     vertex  4.753975e+00  1.466407e+00  3.480000e+00
   endloop
 endfacet
 facet normal -9.479273e-01 -3.184867e-01  0.000000e+00
   outer loop
     vertex  4.753975e+00  1.466407e+00  5.000000e-01
     vertex  4.753975e+00  1.466407e+00  3.480000e+00
     vertex  4.674971e+00  1.701550e+00  3.480000e+00
   endloop
 endfacet
 facet normal -9.626242e-01 -2.708405e-01  0.000000e+00
   outer loop
     vertex  4.753975e+00  1.466407e+00  5.000000e-01
     vertex  4.821159e+00  1.227618e+00  5.000000e-01
     vertex  4.821159e+00  1.227618e+00  3.480000e+00
   endloop
 endfacet
 facet normal -9.479273e-01 -3.184867e-01  0.000000e+00
   outer loop
     vertex  4.674971e+00  1.701550e+00  5.000000e-01
     vertex  4.753975e+00  1.466407e+00  5.000000e-01
     vertex  4.674971e+00  1.701550e+00  3.480000e+00
   endloop
 endfacet
 facet normal -9.308737e-01 -3.653410e-01  0.000000e+00
   outer loop
     vertex  4.584344e+00  1.932463e+00  5.000000e-01
     vertex  4.674971e+00  1.701550e+00  3.480000e+00
     vertex  4.584344e+00  1.932463e+00  3.480000e+00
   endloop
 endfacet
 facet normal -9.308737e-01 -3.653410e-01  0.000000e+00
   outer loop
     vertex  4.584344e+00  1.932463e+00  5.000000e-01
     vertex  4.674971e+00  1.701550e+00  5.000000e-01
     vertex  4.674971e+00  1.701550e+00  3.480000e+00
   endloop
 endfacet
 facet normal -9.115059e-01 -4.112871e-01  0.000000e+00
   outer loop
     vertex  4.482320e+00  2.158572e+00  5.000000e-01
     vertex  4.584344e+00  1.932463e+00  3.480000e+00
     vertex  4.482320e+00  2.158572e+00  3.480000e+00
   endloop
 endfacet
 facet normal -9.115059e-01 -4.112871e-01  0.000000e+00
   outer loop
     vertex  4.482320e+00  2.158572e+00  5.000000e-01
     vertex  4.584344e+00  1.932463e+00  5.000000e-01
     vertex  4.584344e+00  1.932463e+00  3.480000e+00
   endloop
 endfacet
 facet normal -8.898718e-01 -4.562107e-01  0.000000e+00
   outer loop
     vertex  4.369152e+00  2.379314e+00  5.000000e-01
     vertex  4.482320e+00  2.158572e+00  3.480000e+00
     vertex  4.369152e+00  2.379314e+00  3.480000e+00
   endloop
 endfacet
 facet normal -8.898718e-01 -4.562107e-01  0.000000e+00
   outer loop
     vertex  4.369152e+00  2.379314e+00  5.000000e-01
     vertex  4.482320e+00  2.158572e+00  5.000000e-01
     vertex  4.482320e+00  2.158572e+00  3.480000e+00
   endloop
 endfacet
 facet normal -8.660254e-01 -5.000000e-01  0.000000e+00
   outer loop
     vertex  4.245122e+00  2.594140e+00  5.000000e-01
     vertex  4.369152e+00  2.379314e+00  5.000000e-01
     vertex  4.369152e+00  2.379314e+00  3.480000e+00
   endloop
 endfacet
 facet normal -8.660254e-01 -5.000000e-01  0.000000e+00
   outer loop
     vertex  4.245122e+00  2.594140e+00  5.000000e-01
     vertex  4.369152e+00  2.379314e+00  3.480000e+00
     vertex  4.245122e+00  2.594140e+00  3.480000e+00
   endloop
 endfacet
 facet normal -8.400259e-01 -5.425463e-01  0.000000e+00
   outer loop
     vertex  4.110538e+00  2.802517e+00  5.000000e-01
     vertex  4.245122e+00  2.594140e+00  5.000000e-01
     vertex  4.245122e+00  2.594140e+00  3.480000e+00
   endloop
 endfacet
 facet normal -8.400259e-01 -5.425463e-01  0.000000e+00
   outer loop
     vertex  4.110538e+00  2.802517e+00  5.000000e-01
     vertex  4.245122e+00  2.594140e+00  3.480000e+00
     vertex  4.110538e+00  2.802517e+00  3.480000e+00
   endloop
 endfacet
 facet normal -8.119380e-01 -5.837437e-01  0.000000e+00
   outer loop
     vertex  3.965734e+00  3.003927e+00  5.000000e-01
     vertex  4.110538e+00  2.802517e+00  5.000000e-01
     vertex  4.110538e+00  2.802517e+00  3.480000e+00
   endloop
 endfacet
 facet normal -8.119380e-01 -5.837437e-01  0.000000e+00
   outer loop
     vertex  3.965734e+00  3.003927e+00  5.000000e-01
     vertex  4.110538e+00  2.802517e+00  3.480000e+00
     vertex  3.965734e+00  3.003927e+00  3.480000e+00
   endloop
 endfacet
 facet normal -7.818315e-01 -6.234898e-01  0.000000e+00
   outer loop
     vertex  3.965734e+00  3.003927e+00  5.000000e-01
     vertex  3.965734e+00  3.003927e+00  3.480000e+00
     vertex  3.811071e+00  3.197868e+00  3.480000e+00
   endloop
 endfacet
 facet normal -7.818315e-01 -6.234898e-01  0.000000e+00
   outer loop
     vertex  3.811071e+00  3.197868e+00  5.000000e-01
     vertex  3.965734e+00  3.003927e+00  5.000000e-01
     vertex  3.811071e+00  3.197868e+00  3.480000e+00
   endloop
 endfacet
 facet normal -7.497812e-01 -6.616858e-01  0.000000e+00
   outer loop
     vertex  3.811071e+00  3.197868e+00  5.000000e-01
     vertex  3.811071e+00  3.197868e+00  3.480000e+00
     vertex  3.646933e+00  3.383859e+00  3.480000e+00
   endloop
 endfacet
 facet normal -7.497812e-01 -6.616858e-01  0.000000e+00
   outer loop
     vertex  3.646933e+00  3.383859e+00  5.000000e-01
     vertex  3.811071e+00  3.197868e+00  5.000000e-01
     vertex  3.646933e+00  3.383859e+00  3.480000e+00
   endloop
 endfacet
 facet normal -7.158668e-01 -6.982368e-01  0.000000e+00
   outer loop
     vertex  3.473728e+00  3.561438e+00  5.000000e-01
     vertex  3.646933e+00  3.383859e+00  5.000000e-01
     vertex  3.646933e+00  3.383859e+00  3.480000e+00
   endloop
 endfacet
 facet normal -7.158668e-01 -6.982368e-01  0.000000e+00
   outer loop
     vertex  3.473728e+00  3.561438e+00  5.000000e-01
     vertex  3.646933e+00  3.383859e+00  3.480000e+00
     vertex  3.473728e+00  3.561438e+00  3.480000e+00
   endloop
 endfacet
 facet normal -6.801727e-01 -7.330519e-01  0.000000e+00
   outer loop
     vertex  3.291887e+00  3.730161e+00  5.000000e-01
     vertex  3.473728e+00  3.561438e+00  3.480000e+00
     vertex  3.291887e+00  3.730161e+00  3.480000e+00
   endloop
 endfacet
 facet normal -6.801727e-01 -7.330519e-01  0.000000e+00
   outer loop
     vertex  3.291887e+00  3.730161e+00  5.000000e-01
     vertex  3.473728e+00  3.561438e+00  5.000000e-01
     vertex  3.473728e+00  3.561438e+00  3.480000e+00
   endloop
 endfacet
 facet normal -6.427876e-01 -7.660444e-01  0.000000e+00
   outer loop
     vertex  3.101862e+00  3.889612e+00  5.000000e-01
     vertex  3.291887e+00  3.730161e+00  3.480000e+00
     vertex  3.101862e+00  3.889612e+00  3.480000e+00
   endloop
 endfacet
 facet normal -6.427876e-01 -7.660444e-01  0.000000e+00
   outer loop
     vertex  3.101862e+00  3.889612e+00  5.000000e-01
     vertex  3.291887e+00  3.730161e+00  5.000000e-01
     vertex  3.291887e+00  3.730161e+00  3.480000e+00
   endloop
 endfacet
 facet normal -6.038044e-01 -7.971325e-01  0.000000e+00
   outer loop
     vertex  2.904125e+00  4.039392e+00  5.000000e-01
     vertex  3.101862e+00  3.889612e+00  3.480000e+00
     vertex  2.904125e+00  4.039392e+00  3.480000e+00
   endloop
 endfacet
 facet normal -6.038044e-01 -7.971325e-01  0.000000e+00
   outer loop
     vertex  2.904125e+00  4.039392e+00  5.000000e-01
     vertex  3.101862e+00  3.889612e+00  5.000000e-01
     vertex  3.101862e+00  3.889612e+00  3.480000e+00
   endloop
 endfacet
 facet normal -5.633201e-01 -8.262388e-01  0.000000e+00
   outer loop
     vertex  2.699168e+00  4.179129e+00  5.000000e-01
     vertex  2.904125e+00  4.039392e+00  3.480000e+00
     vertex  2.699168e+00  4.179129e+00  3.480000e+00
   endloop
 endfacet
 facet normal -5.633201e-01 -8.262388e-01  0.000000e+00
   outer loop
     vertex  2.699168e+00  4.179129e+00  5.000000e-01
     vertex  2.904125e+00  4.039392e+00  5.000000e-01
     vertex  2.904125e+00  4.039392e+00  3.480000e+00
   endloop
 endfacet
 facet normal -5.214352e-01 -8.532909e-01  0.000000e+00
   outer loop
     vertex  2.487500e+00  4.308476e+00  5.000000e-01
     vertex  2.699168e+00  4.179129e+00  3.480000e+00
     vertex  2.487500e+00  4.308476e+00  3.480000e+00
   endloop
 endfacet
 facet normal -5.214352e-01 -8.532909e-01  0.000000e+00
   outer loop
     vertex  2.487500e+00  4.308476e+00  5.000000e-01
     vertex  2.699168e+00  4.179129e+00  5.000000e-01
     vertex  2.699168e+00  4.179129e+00  3.480000e+00
   endloop
 endfacet
 facet normal -4.782540e-01 -8.782216e-01  0.000000e+00
   outer loop
     vertex  2.269648e+00  4.427112e+00  5.000000e-01
     vertex  2.487500e+00  4.308476e+00  3.480000e+00
     vertex  2.269648e+00  4.427112e+00  3.480000e+00
   endloop
 endfacet
 facet normal -4.782540e-01 -8.782216e-01  0.000000e+00
   outer loop
     vertex  2.269648e+00  4.427112e+00  5.000000e-01
     vertex  2.487500e+00  4.308476e+00  5.000000e-01
     vertex  2.487500e+00  4.308476e+00  3.480000e+00
   endloop
 endfacet
 facet normal -4.338837e-01 -9.009689e-01  0.000000e+00
   outer loop
     vertex  2.046153e+00  4.534742e+00  5.000000e-01
     vertex  2.269648e+00  4.427112e+00  3.480000e+00
     vertex  2.046153e+00  4.534742e+00  3.480000e+00
   endloop
 endfacet
 facet normal -4.338837e-01 -9.009689e-01  0.000000e+00
   outer loop
     vertex  2.046153e+00  4.534742e+00  5.000000e-01
     vertex  2.269648e+00  4.427112e+00  5.000000e-01
     vertex  2.269648e+00  4.427112e+00  3.480000e+00
   endloop
 endfacet
 facet normal -3.884348e-01 -9.214762e-01  0.000000e+00
   outer loop
     vertex  1.817572e+00  4.631097e+00  5.000000e-01
     vertex  2.046153e+00  4.534742e+00  3.480000e+00
     vertex  1.817572e+00  4.631097e+00  3.480000e+00
   endloop
 endfacet
 facet normal -3.420201e-01 -9.396926e-01  0.000000e+00
   outer loop
     vertex  1.817572e+00  4.631097e+00  5.000000e-01
     vertex  1.817572e+00  4.631097e+00  3.480000e+00
     vertex  1.584471e+00  4.715939e+00  3.480000e+00
   endloop
 endfacet
 facet normal -3.884348e-01 -9.214762e-01  0.000000e+00
   outer loop
     vertex  1.817572e+00  4.631097e+00  5.000000e-01
     vertex  2.046153e+00  4.534742e+00  5.000000e-01
     vertex  2.046153e+00  4.534742e+00  3.480000e+00
   endloop
 endfacet
 facet normal -3.420201e-01 -9.396926e-01  0.000000e+00
   outer loop
     vertex  1.584471e+00  4.715939e+00  5.000000e-01
     vertex  1.817572e+00  4.631097e+00  5.000000e-01
     vertex  1.584471e+00  4.715939e+00  3.480000e+00
   endloop
 endfacet
 facet normal -2.947552e-01 -9.555728e-01  0.000000e+00
   outer loop
     vertex  1.347431e+00  4.789056e+00  5.000000e-01
     vertex  1.584471e+00  4.715939e+00  3.480000e+00
     vertex  1.347431e+00  4.789056e+00  3.480000e+00
   endloop
 endfacet
 facet normal -2.947552e-01 -9.555728e-01  0.000000e+00
   outer loop
     vertex  1.347431e+00  4.789056e+00  5.000000e-01
     vertex  1.584471e+00  4.715939e+00  5.000000e-01
     vertex  1.584471e+00  4.715939e+00  3.480000e+00
   endloop
 endfacet
 facet normal -2.467574e-01 -9.690773e-01  0.000000e+00
   outer loop
     vertex  1.107042e+00  4.850266e+00  5.000000e-01
     vertex  1.347431e+00  4.789056e+00  3.480000e+00
     vertex  1.107042e+00  4.850266e+00  3.480000e+00
   endloop
 endfacet
 facet normal -2.467574e-01 -9.690773e-01  0.000000e+00
   outer loop
     vertex  1.107042e+00  4.850266e+00  5.000000e-01
     vertex  1.347431e+00  4.789056e+00  5.000000e-01
     vertex  1.347431e+00  4.789056e+00  3.480000e+00
   endloop
 endfacet
 facet normal -1.981461e-01 -9.801725e-01  0.000000e+00
   outer loop
     vertex  8.638997e-01  4.899419e+00  5.000000e-01
     vertex  1.107042e+00  4.850266e+00  3.480000e+00
     vertex  8.638997e-01  4.899419e+00  3.480000e+00
   endloop
 endfacet
 facet normal -1.981461e-01 -9.801725e-01  0.000000e+00
   outer loop
     vertex  8.638997e-01  4.899419e+00  5.000000e-01
     vertex  1.107042e+00  4.850266e+00  5.000000e-01
     vertex  1.107042e+00  4.850266e+00  3.480000e+00
   endloop
 endfacet
 facet normal -1.490423e-01 -9.888308e-01  0.000000e+00
   outer loop
     vertex  6.186099e-01  4.936390e+00  5.000000e-01
     vertex  8.638997e-01  4.899419e+00  3.480000e+00
     vertex  6.186099e-01  4.936390e+00  3.480000e+00
   endloop
 endfacet
 facet normal -1.490423e-01 -9.888308e-01  0.000000e+00
   outer loop
     vertex  6.186099e-01  4.936390e+00  5.000000e-01
     vertex  8.638997e-01  4.899419e+00  5.000000e-01
     vertex  8.638997e-01  4.899419e+00  3.480000e+00
   endloop
 endfacet
 facet normal -9.956785e-02 -9.950308e-01  0.000000e+00
   outer loop
     vertex  3.717822e-01  4.961089e+00  5.000000e-01
     vertex  6.186099e-01  4.936390e+00  3.480000e+00
     vertex  3.717822e-01  4.961089e+00  3.480000e+00
   endloop
 endfacet
 facet normal -9.956785e-02 -9.950308e-01  0.000000e+00
   outer loop
     vertex  3.717822e-01  4.961089e+00  5.000000e-01
     vertex  6.186099e-01  4.936390e+00  5.000000e-01
     vertex  6.186099e-01  4.936390e+00  3.480000e+00
   endloop
 endfacet
 facet normal -4.984589e-02 -9.987569e-01  0.000000e+00
   outer loop
     vertex  1.240302e-01  4.973454e+00  5.000000e-01
     vertex  3.717822e-01  4.961089e+00  3.480000e+00
     vertex  1.240302e-01  4.973454e+00  3.480000e+00
   endloop
 endfacet
 facet normal -4.984589e-02 -9.987569e-01  0.000000e+00
   outer loop
     vertex  1.240302e-01  4.973454e+00  5.000000e-01
     vertex  3.717822e-01  4.961089e+00  5.000000e-01
     vertex  3.717822e-01  4.961089e+00  3.480000e+00
   endloop
 endfacet
 facet normal  0.000000e+00 -1.000000e+00  0.000000e+00
   outer loop
     vertex -1.240302e-01  4.973454e+00  5.000000e-01
     vertex  1.240302e-01  4.973454e+00  3.480000e+00
     vertex -1.240302e-01  4.973454e+00  3.480000e+00
   endloop
 endfacet
 facet normal  0.000000e+00 -1.000000e+00  0.000000e+00
   outer loop
     vertex -1.240302e-01  4.973454e+00  5.000000e-01
     vertex  1.240302e-01  4.973454e+00  5.000000e-01
     vertex  1.240302e-01  4.973454e+00  3.480000e+00
   endloop
 endfacet
 facet normal  4.984589e-02 -9.987569e-01  0.000000e+00
   outer loop
     vertex -3.717822e-01  4.961089e+00  5.000000e-01
     vertex -1.240302e-01  4.973454e+00  3.480000e+00
     vertex -3.717822e-01  4.961089e+00  3.480000e+00
   endloop
 endfacet
 facet normal  4.984589e-02 -9.987569e-01  0.000000e+00
   outer loop
     vertex -3.717822e-01  4.961089e+00  5.000000e-01
     vertex -1.240302e-01  4.973454e+00  5.000000e-01
     vertex -1.240302e-01  4.973454e+00  3.480000e+00
   endloop
 endfacet
 facet normal  9.956785e-02 -9.950308e-01  0.000000e+00
   outer loop
     vertex -6.186099e-01  4.936390e+00  5.000000e-01
     vertex -3.717822e-01  4.961089e+00  3.480000e+00
     vertex -6.186099e-01  4.936390e+00  3.480000e+00
   endloop
 endfacet
 facet normal  9.956785e-02 -9.950308e-01  0.000000e+00
   outer loop
     vertex -6.186099e-01  4.936390e+00  5.000000e-01
     vertex -3.717822e-01  4.961089e+00  5.000000e-01
     vertex -3.717822e-01  4.961089e+00  3.480000e+00
   endloop
 endfacet
 facet normal  1.490423e-01 -9.888308e-01  0.000000e+00
   outer loop
     vertex -8.638997e-01  4.899419e+00  5.000000e-01
     vertex -6.186099e-01  4.936390e+00  3.480000e+00
     vertex -8.638997e-01  4.899419e+00  3.480000e+00
   endloop
 endfacet
 facet normal  1.490423e-01 -9.888308e-01  0.000000e+00
   outer loop
     vertex -8.638997e-01  4.899419e+00  5.000000e-01
     vertex -6.186099e-01  4.936390e+00  5.000000e-01
     vertex -6.186099e-01  4.936390e+00  3.480000e+00
   endloop
 endfacet
 facet normal  1.981461e-01 -9.801725e-01  0.000000e+00
   outer loop
     vertex -1.107042e+00  4.850266e+00  5.000000e-01
     vertex -8.638997e-01  4.899419e+00  3.480000e+00
     vertex -1.107042e+00  4.850266e+00  3.480000e+00
   endloop
 endfacet
 facet normal  1.981461e-01 -9.801725e-01  0.000000e+00
   outer loop
     vertex -1.107042e+00  4.850266e+00  5.000000e-01
     vertex -8.638997e-01  4.899419e+00  5.000000e-01
     vertex -8.638997e-01  4.899419e+00  3.480000e+00
   endloop
 endfacet
 facet normal  2.467574e-01 -9.690773e-01  0.000000e+00
   outer loop
     vertex -1.347431e+00  4.789056e+00  5.000000e-01
     vertex -1.107042e+00  4.850266e+00  3.480000e+00
     vertex -1.347431e+00  4.789056e+00  3.480000e+00
   endloop
 endfacet
 facet normal  2.947552e-01 -9.555728e-01  0.000000e+00
   outer loop
     vertex -1.347431e+00  4.789056e+00  5.000000e-01
     vertex -1.347431e+00  4.789056e+00  3.480000e+00
     vertex -1.584471e+00  4.715939e+00  3.480000e+00
   endloop
 endfacet
 facet normal  2.467574e-01 -9.690773e-01  0.000000e+00
   outer loop
     vertex -1.347431e+00  4.789056e+00  5.000000e-01
     vertex -1.107042e+00  4.850266e+00  5.000000e-01
     vertex -1.107042e+00  4.850266e+00  3.480000e+00
   endloop
 endfacet
 facet normal  2.947552e-01 -9.555728e-01  0.000000e+00
   outer loop
     vertex -1.584471e+00  4.715939e+00  5.000000e-01
     vertex -1.347431e+00  4.789056e+00  5.000000e-01
     vertex -1.584471e+00  4.715939e+00  3.480000e+00
   endloop
 endfacet
 facet normal  3.420201e-01 -9.396926e-01  0.000000e+00
   outer loop
     vertex -1.817572e+00  4.631097e+00  5.000000e-01
     vertex -1.584471e+00  4.715939e+00  5.000000e-01
     vertex -1.584471e+00  4.715939e+00  3.480000e+00
   endloop
 endfacet
 facet normal  3.420201e-01 -9.396926e-01  0.000000e+00
   outer loop
     vertex -1.817572e+00  4.631097e+00  5.000000e-01
     vertex -1.584471e+00  4.715939e+00  3.480000e+00
     vertex -1.817572e+00  4.631097e+00  3.480000e+00
   endloop
 endfacet
 facet normal  3.884348e-01 -9.214762e-01  0.000000e+00
   outer loop
     vertex -2.046153e+00  4.534742e+00  5.000000e-01
     vertex -1.817572e+00  4.631097e+00  5.000000e-01
     vertex -1.817572e+00  4.631097e+00  3.480000e+00
   endloop
 endfacet
 facet normal  3.884348e-01 -9.214762e-01  0.000000e+00
   outer loop
     vertex -2.046153e+00  4.534742e+00  5.000000e-01
     vertex -1.817572e+00  4.631097e+00  3.480000e+00
     vertex -2.046153e+00  4.534742e+00  3.480000e+00
   endloop
 endfacet
 facet normal  4.338837e-01 -9.009689e-01  0.000000e+00
   outer loop
     vertex -2.269648e+00  4.427112e+00  5.000000e-01
     vertex -2.046153e+00  4.534742e+00  5.000000e-01
     vertex -2.046153e+00  4.534742e+00  3.480000e+00
   endloop
 endfacet
 facet normal  4.338837e-01 -9.009689e-01  0.000000e+00
   outer loop
     vertex -2.269648e+00  4.427112e+00  5.000000e-01
     vertex -2.046153e+00  4.534742e+00  3.480000e+00
     vertex -2.269648e+00  4.427112e+00  3.480000e+00
   endloop
 endfacet
 facet normal  4.782540e-01 -8.782216e-01  0.000000e+00
   outer loop
     vertex -2.269648e+00  4.427112e+00  5.000000e-01
     vertex -2.269648e+00  4.427112e+00  3.480000e+00
     vertex -2.487500e+00  4.308476e+00  3.480000e+00
   endloop
 endfacet
 facet normal  4.782540e-01 -8.782216e-01  0.000000e+00
   outer loop
     vertex -2.487500e+00  4.308476e+00  5.000000e-01
     vertex -2.269648e+00  4.427112e+00  5.000000e-01
     vertex -2.487500e+00  4.308476e+00  3.480000e+00
   endloop
 endfacet
 facet normal  5.214352e-01 -8.532909e-01  0.000000e+00
   outer loop
     vertex -2.699168e+00  4.179129e+00  5.000000e-01
     vertex -2.487500e+00  4.308476e+00  5.000000e-01
     vertex -2.487500e+00  4.308476e+00  3.480000e+00
   endloop
 endfacet
 facet normal  5.214352e-01 -8.532909e-01  0.000000e+00
   outer loop
     vertex -2.699168e+00  4.179129e+00  5.000000e-01
     vertex -2.487500e+00  4.308476e+00  3.480000e+00
     vertex -2.699168e+00  4.179129e+00  3.480000e+00
   endloop
 endfacet
 facet normal  5.633201e-01 -8.262388e-01  0.000000e+00
   outer loop
     vertex -2.904125e+00  4.039392e+00  5.000000e-01
     vertex -2.699168e+00  4.179129e+00  5.000000e-01
     vertex -2.699168e+00  4.179129e+00  3.480000e+00
   endloop
 endfacet
 facet normal  5.633201e-01 -8.262388e-01  0.000000e+00
   outer loop
     vertex -2.904125e+00  4.039392e+00  5.000000e-01
     vertex -2.699168e+00  4.179129e+00  3.480000e+00
     vertex -2.904125e+00  4.039392e+00  3.480000e+00
   endloop
 endfacet
 facet normal  6.038044e-01 -7.971325e-01  0.000000e+00
   outer loop
     vertex -3.101862e+00  3.889612e+00  5.000000e-01
     vertex -2.904125e+00  4.039392e+00  5.000000e-01
     vertex -2.904125e+00  4.039392e+00  3.480000e+00
   endloop
 endfacet
 facet normal  6.038044e-01 -7.971325e-01  0.000000e+00
   outer loop
     vertex -3.101862e+00  3.889612e+00  5.000000e-01
     vertex -2.904125e+00  4.039392e+00  3.480000e+00
     vertex -3.101862e+00  3.889612e+00  3.480000e+00
   endloop
 endfacet
 facet normal  6.427876e-01 -7.660444e-01  0.000000e+00
   outer loop
     vertex -3.291887e+00  3.730161e+00  5.000000e-01
     vertex -3.101862e+00  3.889612e+00  5.000000e-01
     vertex -3.101862e+00  3.889612e+00  3.480000e+00
   endloop
 endfacet
 facet normal  6.427876e-01 -7.660444e-01  0.000000e+00
   outer loop
     vertex -3.291887e+00  3.730161e+00  5.000000e-01
     vertex -3.101862e+00  3.889612e+00  3.480000e+00
     vertex -3.291887e+00  3.730161e+00  3.480000e+00
   endloop
 endfacet
 facet normal  6.801727e-01 -7.330519e-01  0.000000e+00
   outer loop
     vertex -3.473728e+00  3.561438e+00  5.000000e-01
     vertex -3.291887e+00  3.730161e+00  5.000000e-01
     vertex -3.291887e+00  3.730161e+00  3.480000e+00
   endloop
 endfacet
 facet normal  6.801727e-01 -7.330519e-01  0.000000e+00
   outer loop
     vertex -3.473728e+00  3.561438e+00  5.000000e-01
     vertex -3.291887e+00  3.730161e+00  3.480000e+00
     vertex -3.473728e+00  3.561438e+00  3.480000e+00
   endloop
 endfacet
 facet normal  7.158668e-01 -6.982368e-01  0.000000e+00
   outer loop
     vertex -3.473728e+00  3.561438e+00  5.000000e-01
     vertex -3.473728e+00  3.561438e+00  3.480000e+00
     vertex -3.646933e+00  3.383859e+00  3.480000e+00
   endloop
 endfacet
 facet normal  7.158668e-01 -6.982368e-01  0.000000e+00
   outer loop
     vertex -3.646933e+00  3.383859e+00  5.000000e-01
     vertex -3.473728e+00  3.561438e+00  5.000000e-01
     vertex -3.646933e+00  3.383859e+00  3.480000e+00
   endloop
 endfacet
 facet normal  7.497812e-01 -6.616858e-01  0.000000e+00
   outer loop
     vertex -3.811071e+00  3.197868e+00  5.000000e-01
     vertex -3.646933e+00  3.383859e+00  3.480000e+00
     vertex -3.811071e+00  3.197868e+00  3.480000e+00
   endloop
 endfacet
 facet normal  7.818315e-01 -6.234898e-01  0.000000e+00
   outer loop
     vertex -3.811071e+00  3.197868e+00  5.000000e-01
     vertex -3.811071e+00  3.197868e+00  3.480000e+00
     vertex -3.965734e+00  3.003927e+00  3.480000e+00
   endloop
 endfacet
 facet normal  7.497812e-01 -6.616858e-01  0.000000e+00
   outer loop
     vertex -3.811071e+00  3.197868e+00  5.000000e-01
     vertex -3.646933e+00  3.383859e+00  5.000000e-01
     vertex -3.646933e+00  3.383859e+00  3.480000e+00
   endloop
 endfacet
 facet normal  7.818315e-01 -6.234898e-01  0.000000e+00
   outer loop
     vertex -3.965734e+00  3.003927e+00  5.000000e-01
     vertex -3.811071e+00  3.197868e+00  5.000000e-01
     vertex -3.965734e+00  3.003927e+00  3.480000e+00
   endloop
 endfacet
 facet normal  8.119380e-01 -5.837437e-01  0.000000e+00
   outer loop
     vertex -4.110538e+00  2.802517e+00  5.000000e-01
     vertex -3.965734e+00  3.003927e+00  3.480000e+00
     vertex -4.110538e+00  2.802517e+00  3.480000e+00
   endloop
 endfacet
 facet normal  8.119380e-01 -5.837437e-01  0.000000e+00
   outer loop
     vertex -4.110538e+00  2.802517e+00  5.000000e-01
     vertex -3.965734e+00  3.003927e+00  5.000000e-01
     vertex -3.965734e+00  3.003927e+00  3.480000e+00
   endloop
 endfacet
 facet normal  8.400259e-01 -5.425463e-01  0.000000e+00
   outer loop
     vertex -4.245122e+00  2.594140e+00  5.000000e-01
     vertex -4.110538e+00  2.802517e+00  3.480000e+00
     vertex -4.245122e+00  2.594140e+00  3.480000e+00
   endloop
 endfacet
 facet normal  8.400259e-01 -5.425463e-01  0.000000e+00
   outer loop
     vertex -4.245122e+00  2.594140e+00  5.000000e-01
     vertex -4.110538e+00  2.802517e+00  5.000000e-01
     vertex -4.110538e+00  2.802517e+00  3.480000e+00
   endloop
 endfacet
 facet normal  8.660254e-01 -5.000000e-01  0.000000e+00
   outer loop
     vertex -4.369152e+00  2.379314e+00  5.000000e-01
     vertex -4.245122e+00  2.594140e+00  3.480000e+00
     vertex -4.369152e+00  2.379314e+00  3.480000e+00
   endloop
 endfacet
 facet normal  8.660254e-01 -5.000000e-01  0.000000e+00
   outer loop
     vertex -4.369152e+00  2.379314e+00  5.000000e-01
     vertex -4.245122e+00  2.594140e+00  5.000000e-01
     vertex -4.245122e+00  2.594140e+00  3.480000e+00
   endloop
 endfacet
 facet normal  8.898718e-01 -4.562107e-01  0.000000e+00
   outer loop
     vertex -4.482320e+00  2.158572e+00  5.000000e-01
     vertex -4.369152e+00  2.379314e+00  3.480000e+00
     vertex -4.482320e+00  2.158572e+00  3.480000e+00
   endloop
 endfacet
 facet normal  8.898718e-01 -4.562107e-01  0.000000e+00
   outer loop
     vertex -4.482320e+00  2.158572e+00  5.000000e-01
     vertex -4.369152e+00  2.379314e+00  5.000000e-01
     vertex -4.369152e+00  2.379314e+00  3.480000e+00
   endloop
 endfacet
 facet normal  9.115059e-01 -4.112871e-01  0.000000e+00
   outer loop
     vertex -4.584344e+00  1.932463e+00  5.000000e-01
     vertex -4.482320e+00  2.158572e+00  3.480000e+00
     vertex -4.584344e+00  1.932463e+00  3.480000e+00
   endloop
 endfacet
 facet normal  9.115059e-01 -4.112871e-01  0.000000e+00
   outer loop
     vertex -4.584344e+00  1.932463e+00  5.000000e-01
     vertex -4.482320e+00  2.158572e+00  5.000000e-01
     vertex -4.482320e+00  2.158572e+00  3.480000e+00
   endloop
 endfacet
 facet normal  9.308737e-01 -3.653410e-01  0.000000e+00
   outer loop
     vertex -4.674971e+00  1.701550e+00  5.000000e-01
     vertex -4.584344e+00  1.932463e+00  3.480000e+00
     vertex -4.674971e+00  1.701550e+00  3.480000e+00
   endloop
 endfacet
 facet normal  9.479273e-01 -3.184867e-01  0.000000e+00
   outer loop
     vertex -4.674971e+00  1.701550e+00  5.000000e-01
     vertex -4.674971e+00  1.701550e+00  3.480000e+00
     vertex -4.753975e+00  1.466407e+00  3.480000e+00
   endloop
 endfacet
 facet normal  9.308737e-01 -3.653410e-01  0.000000e+00
   outer loop
     vertex -4.674971e+00  1.701550e+00  5.000000e-01
     vertex -4.584344e+00  1.932463e+00  5.000000e-01
     vertex -4.584344e+00  1.932463e+00  3.480000e+00
   endloop
 endfacet
 facet normal  9.479273e-01 -3.184867e-01  0.000000e+00
   outer loop
     vertex -4.753975e+00  1.466407e+00  5.000000e-01
     vertex -4.674971e+00  1.701550e+00  5.000000e-01
     vertex -4.753975e+00  1.466407e+00  3.480000e+00
   endloop
 endfacet
 facet normal  9.626242e-01 -2.708405e-01  0.000000e+00
   outer loop
     vertex -4.821159e+00  1.227618e+00  5.000000e-01
     vertex -4.753975e+00  1.466407e+00  3.480000e+00
     vertex -4.821159e+00  1.227618e+00  3.480000e+00
   endloop
 endfacet
 facet normal  9.626242e-01 -2.708405e-01  0.000000e+00
   outer loop
     vertex -4.821159e+00  1.227618e+00  5.000000e-01
     vertex -4.753975e+00  1.466407e+00  5.000000e-01
     vertex -4.753975e+00  1.466407e+00  3.480000e+00
   endloop
 endfacet
 facet normal  9.749279e-01 -2.225209e-01  0.000000e+00
   outer loop
     vertex -4.876358e+00  9.857771e-01  5.000000e-01
     vertex -4.821159e+00  1.227618e+00  3.480000e+00
     vertex -4.876358e+00  9.857771e-01  3.480000e+00
   endloop
 endfacet
 facet normal  9.848078e-01 -1.736482e-01  0.000000e+00
   outer loop
     vertex -4.876358e+00  9.857771e-01  5.000000e-01
     vertex -4.876358e+00  9.857771e-01  3.480000e+00
     vertex -4.919433e+00  7.414853e-01  3.480000e+00
   endloop
 endfacet
 facet normal  9.749279e-01 -2.225209e-01  0.000000e+00
   outer loop
     vertex -4.876358e+00  9.857771e-01  5.000000e-01
     vertex -4.821159e+00  1.227618e+00  5.000000e-01
     vertex -4.821159e+00  1.227618e+00  3.480000e+00
   endloop
 endfacet
 facet normal  9.848078e-01 -1.736482e-01  0.000000e+00
   outer loop
     vertex -4.919433e+00  7.414853e-01  5.000000e-01
     vertex -4.876358e+00  9.857771e-01  5.000000e-01
     vertex -4.919433e+00  7.414853e-01  3.480000e+00
   endloop
 endfacet
 facet normal  9.922392e-01 -1.243437e-01  0.000000e+00
   outer loop
     vertex -4.950278e+00  4.953500e-01  5.000000e-01
     vertex -4.919433e+00  7.414853e-01  3.480000e+00
     vertex -4.950278e+00  4.953500e-01  3.480000e+00
   endloop
 endfacet
 facet normal  9.972038e-01 -7.473009e-02  0.000000e+00
   outer loop
     vertex -4.950278e+00  4.953500e-01  5.000000e-01
     vertex -4.950278e+00  4.953500e-01  3.480000e+00
     vertex -4.968816e+00  2.479833e-01  3.480000e+00
   endloop
 endfacet
 facet normal  9.922392e-01 -1.243437e-01  0.000000e+00
   outer loop
     vertex -4.950278e+00  4.953500e-01  5.000000e-01
     vertex -4.919433e+00  7.414853e-01  5.000000e-01
     vertex -4.919433e+00  7.414853e-01  3.480000e+00
   endloop
 endfacet
 facet normal  9.972038e-01 -7.473009e-02  0.000000e+00
   outer loop
     vertex -4.968816e+00  2.479833e-01  5.000000e-01
     vertex -4.950278e+00  4.953500e-01  5.000000e-01
     vertex -4.968816e+00  2.479833e-01  3.480000e+00
   endloop
 endfacet
 facet normal  9.996892e-01 -2.493069e-02  0.000000e+00
   outer loop
     vertex -4.968816e+00  2.479833e-01  5.000000e-01
     vertex -4.968816e+00  2.479833e-01  3.480000e+00
     vertex -4.975000e+00 -1.647039e-14  3.480000e+00
   endloop
 endfacet
 facet normal  9.996892e-01 -2.493069e-02  0.000000e+00
   outer loop
     vertex -4.975000e+00 -1.647039e-14  5.000000e-01
     vertex -4.968816e+00  2.479833e-01  5.000000e-01
     vertex -4.975000e+00 -1.647039e-14  3.480000e+00
   endloop
 endfacet
 facet normal  9.996892e-01  2.493069e-02  0.000000e+00
   outer loop
     vertex -4.968816e+00 -2.479833e-01  5.000000e-01
     vertex -4.975000e+00 -1.647039e-14  5.000000e-01
     vertex -4.975000e+00 -1.647039e-14  3.480000e+00
   endloop
 endfacet
 facet normal  9.996892e-01  2.493069e-02 -0.000000e+00
   outer loop
     vertex -4.968816e+00 -2.479833e-01  5.000000e-01
     vertex -4.975000e+00 -1.647039e-14  3.480000e+00
     vertex -4.968816e+00 -2.479833e-01  3.480000e+00
   endloop
 endfacet
 facet normal  9.972038e-01  7.473009e-02  0.000000e+00
   outer loop
     vertex -4.950278e+00 -4.953500e-01  5.000000e-01
     vertex -4.968816e+00 -2.479833e-01  5.000000e-01
     vertex -4.968816e+00 -2.479833e-01  3.480000e+00
   endloop
 endfacet
 facet normal  9.972038e-01  7.473009e-02 -0.000000e+00
   outer loop
     vertex -4.950278e+00 -4.953500e-01  5.000000e-01
     vertex -4.968816e+00 -2.479833e-01  3.480000e+00
     vertex -4.950278e+00 -4.953500e-01  3.480000e+00
   endloop
 endfacet
 facet normal  9.922392e-01  1.243437e-01  0.000000e+00
   outer loop
     vertex -4.919433e+00 -7.414853e-01  5.000000e-01
     vertex -4.950278e+00 -4.953500e-01  5.000000e-01
     vertex -4.950278e+00 -4.953500e-01  3.480000e+00
   endloop
 endfacet
 facet normal  9.922392e-01  1.243437e-01 -0.000000e+00
   outer loop
     vertex -4.919433e+00 -7.414853e-01  5.000000e-01
     vertex -4.950278e+00 -4.953500e-01  3.480000e+00
     vertex -4.919433e+00 -7.414853e-01  3.480000e+00
   endloop
 endfacet
 facet normal  9.848078e-01  1.736482e-01 -0.000000e+00
   outer loop
     vertex -4.919433e+00 -7.414853e-01  5.000000e-01
     vertex -4.919433e+00 -7.414853e-01  3.480000e+00
     vertex -4.876358e+00 -9.857771e-01  3.480000e+00
   endloop
 endfacet
 facet normal  9.848078e-01  1.736482e-01 -0.000000e+00
   outer loop
     vertex -4.876358e+00 -9.857771e-01  5.000000e-01
     vertex -4.919433e+00 -7.414853e-01  5.000000e-01
     vertex -4.876358e+00 -9.857771e-01  3.480000e+00
   endloop
 endfacet
 facet normal  9.749279e-01  2.225209e-01  0.000000e+00
   outer loop
     vertex -4.821159e+00 -1.227618e+00  5.000000e-01
     vertex -4.876358e+00 -9.857771e-01  5.000000e-01
     vertex -4.876358e+00 -9.857771e-01  3.480000e+00
   endloop
 endfacet
 facet normal  9.749279e-01  2.225209e-01 -0.000000e+00
   outer loop
     vertex -4.821159e+00 -1.227618e+00  5.000000e-01
     vertex -4.876358e+00 -9.857771e-01  3.480000e+00
     vertex -4.821159e+00 -1.227618e+00  3.480000e+00
   endloop
 endfacet
 facet normal  9.626242e-01  2.708405e-01 -0.000000e+00
   outer loop
     vertex -4.821159e+00 -1.227618e+00  5.000000e-01
     vertex -4.821159e+00 -1.227618e+00  3.480000e+00
     vertex -4.753975e+00 -1.466407e+00  3.480000e+00
   endloop
 endfacet
 facet normal  9.626242e-01  2.708405e-01 -0.000000e+00
   outer loop
     vertex -4.753975e+00 -1.466407e+00  5.000000e-01
     vertex -4.821159e+00 -1.227618e+00  5.000000e-01
     vertex -4.753975e+00 -1.466407e+00  3.480000e+00
   endloop
 endfacet
 facet normal  9.479273e-01  3.184867e-01  0.000000e+00
   outer loop
     vertex -4.674971e+00 -1.701550e+00  5.000000e-01
     vertex -4.753975e+00 -1.466407e+00  5.000000e-01
     vertex -4.753975e+00 -1.466407e+00  3.480000e+00
   endloop
 endfacet
 facet normal  9.479273e-01  3.184867e-01 -0.000000e+00
   outer loop
     vertex -4.674971e+00 -1.701550e+00  5.000000e-01
     vertex -4.753975e+00 -1.466407e+00  3.480000e+00
     vertex -4.674971e+00 -1.701550e+00  3.480000e+00
   endloop
 endfacet
 facet normal  9.308737e-01  3.653410e-01  0.000000e+00
   outer loop
     vertex -4.584344e+00 -1.932463e+00  5.000000e-01
     vertex -4.674971e+00 -1.701550e+00  5.000000e-01
     vertex -4.674971e+00 -1.701550e+00  3.480000e+00
   endloop
 endfacet
 facet normal  9.308737e-01  3.653410e-01 -0.000000e+00
   outer loop
     vertex -4.584344e+00 -1.932463e+00  5.000000e-01
     vertex -4.674971e+00 -1.701550e+00  3.480000e+00
     vertex -4.584344e+00 -1.932463e+00  3.480000e+00
   endloop
 endfacet
 facet normal  9.115059e-01  4.112871e-01 -0.000000e+00
   outer loop
     vertex -4.584344e+00 -1.932463e+00  5.000000e-01
     vertex -4.584344e+00 -1.932463e+00  3.480000e+00
     vertex -4.482320e+00 -2.158572e+00  3.480000e+00
   endloop
 endfacet
 facet normal  9.115059e-01  4.112871e-01 -0.000000e+00
   outer loop
     vertex -4.482320e+00 -2.158572e+00  5.000000e-01
     vertex -4.584344e+00 -1.932463e+00  5.000000e-01
     vertex -4.482320e+00 -2.158572e+00  3.480000e+00
   endloop
 endfacet
 facet normal  8.898718e-01  4.562107e-01  0.000000e+00
   outer loop
     vertex -4.369152e+00 -2.379314e+00  5.000000e-01
     vertex -4.482320e+00 -2.158572e+00  5.000000e-01
     vertex -4.482320e+00 -2.158572e+00  3.480000e+00
   endloop
 endfacet
 facet normal  8.898718e-01  4.562107e-01 -0.000000e+00
   outer loop
     vertex -4.369152e+00 -2.379314e+00  5.000000e-01
     vertex -4.482320e+00 -2.158572e+00  3.480000e+00
     vertex -4.369152e+00 -2.379314e+00  3.480000e+00
   endloop
 endfacet
 facet normal  8.660254e-01  5.000000e-01  0.000000e+00
   outer loop
     vertex -4.245122e+00 -2.594140e+00  5.000000e-01
     vertex -4.369152e+00 -2.379314e+00  5.000000e-01
     vertex -4.369152e+00 -2.379314e+00  3.480000e+00
   endloop
 endfacet
 facet normal  8.660254e-01  5.000000e-01 -0.000000e+00
   outer loop
     vertex -4.245122e+00 -2.594140e+00  5.000000e-01
     vertex -4.369152e+00 -2.379314e+00  3.480000e+00
     vertex -4.245122e+00 -2.594140e+00  3.480000e+00
   endloop
 endfacet
 facet normal  8.400259e-01  5.425463e-01  0.000000e+00
   outer loop
     vertex -4.110538e+00 -2.802517e+00  5.000000e-01
     vertex -4.245122e+00 -2.594140e+00  5.000000e-01
     vertex -4.245122e+00 -2.594140e+00  3.480000e+00
   endloop
 endfacet
 facet normal  8.400259e-01  5.425463e-01 -0.000000e+00
   outer loop
     vertex -4.110538e+00 -2.802517e+00  5.000000e-01
     vertex -4.245122e+00 -2.594140e+00  3.480000e+00
     vertex -4.110538e+00 -2.802517e+00  3.480000e+00
   endloop
 endfacet
 facet normal  8.119380e-01  5.837437e-01 -0.000000e+00
   outer loop
     vertex -4.110538e+00 -2.802517e+00  5.000000e-01
     vertex -4.110538e+00 -2.802517e+00  3.480000e+00
     vertex -3.965734e+00 -3.003927e+00  3.480000e+00
   endloop
 endfacet
 facet normal  8.119380e-01  5.837437e-01 -0.000000e+00
   outer loop
     vertex -3.965734e+00 -3.003927e+00  5.000000e-01
     vertex -4.110538e+00 -2.802517e+00  5.000000e-01
     vertex -3.965734e+00 -3.003927e+00  3.480000e+00
   endloop
 endfacet
 facet normal  7.818315e-01  6.234898e-01  0.000000e+00
   outer loop
     vertex -3.811071e+00 -3.197868e+00  5.000000e-01
     vertex -3.965734e+00 -3.003927e+00  5.000000e-01
     vertex -3.965734e+00 -3.003927e+00  3.480000e+00
   endloop
 endfacet
 facet normal  7.818315e-01  6.234898e-01 -0.000000e+00
   outer loop
     vertex -3.811071e+00 -3.197868e+00  5.000000e-01
     vertex -3.965734e+00 -3.003927e+00  3.480000e+00
     vertex -3.811071e+00 -3.197868e+00  3.480000e+00
   endloop
 endfacet
 facet normal  7.497812e-01  6.616858e-01  0.000000e+00
   outer loop
     vertex -3.646933e+00 -3.383859e+00  5.000000e-01
     vertex -3.811071e+00 -3.197868e+00  5.000000e-01
     vertex -3.811071e+00 -3.197868e+00  3.480000e+00
   endloop
 endfacet
 facet normal  7.497812e-01  6.616858e-01 -0.000000e+00
   outer loop
     vertex -3.646933e+00 -3.383859e+00  5.000000e-01
     vertex -3.811071e+00 -3.197868e+00  3.480000e+00
     vertex -3.646933e+00 -3.383859e+00  3.480000e+00
   endloop
 endfacet
 facet normal  7.158668e-01  6.982368e-01  0.000000e+00
   outer loop
     vertex -3.473728e+00 -3.561438e+00  5.000000e-01
     vertex -3.646933e+00 -3.383859e+00  5.000000e-01
     vertex -3.646933e+00 -3.383859e+00  3.480000e+00
   endloop
 endfacet
 facet normal  7.158668e-01  6.982368e-01 -0.000000e+00
   outer loop
     vertex -3.473728e+00 -3.561438e+00  5.000000e-01
     vertex -3.646933e+00 -3.383859e+00  3.480000e+00
     vertex -3.473728e+00 -3.561438e+00  3.480000e+00
   endloop
 endfacet
 facet normal  6.801727e-01  7.330519e-01 -0.000000e+00
   outer loop
     vertex -3.473728e+00 -3.561438e+00  5.000000e-01
     vertex -3.473728e+00 -3.561438e+00  3.480000e+00
     vertex -3.291887e+00 -3.730161e+00  3.480000e+00
   endloop
 endfacet
 facet normal  6.801727e-01  7.330519e-01 -0.000000e+00
   outer loop
     vertex -3.291887e+00 -3.730161e+00  5.000000e-01
     vertex -3.473728e+00 -3.561438e+00  5.000000e-01
     vertex -3.291887e+00 -3.730161e+00  3.480000e+00
   endloop
 endfacet
 facet normal  6.427876e-01  7.660444e-01  0.000000e+00
   outer loop
     vertex -3.101862e+00 -3.889612e+00  5.000000e-01
     vertex -3.291887e+00 -3.730161e+00  5.000000e-01
     vertex -3.291887e+00 -3.730161e+00  3.480000e+00
   endloop
 endfacet
 facet normal  6.427876e-01  7.660444e-01 -0.000000e+00
   outer loop
     vertex -3.101862e+00 -3.889612e+00  5.000000e-01
     vertex -3.291887e+00 -3.730161e+00  3.480000e+00
     vertex -3.101862e+00 -3.889612e+00  3.480000e+00
   endloop
 endfacet
 facet normal  6.038044e-01  7.971325e-01 -0.000000e+00
   outer loop
     vertex -3.101862e+00 -3.889612e+00  5.000000e-01
     vertex -3.101862e+00 -3.889612e+00  3.480000e+00
     vertex -2.904125e+00 -4.039392e+00  3.480000e+00
   endloop
 endfacet
 facet normal  5.633201e-01  8.262388e-01 -0.000000e+00
   outer loop
     vertex -2.904125e+00 -4.039392e+00  5.000000e-01
     vertex -2.904125e+00 -4.039392e+00  3.480000e+00
     vertex -2.699168e+00 -4.179129e+00  3.480000e+00
   endloop
 endfacet
 facet normal  6.038044e-01  7.971325e-01 -0.000000e+00
   outer loop
     vertex -2.904125e+00 -4.039392e+00  5.000000e-01
     vertex -3.101862e+00 -3.889612e+00  5.000000e-01
     vertex -2.904125e+00 -4.039392e+00  3.480000e+00
   endloop
 endfacet
 facet normal  5.633201e-01  8.262388e-01 -0.000000e+00
   outer loop
     vertex -2.699168e+00 -4.179129e+00  5.000000e-01
     vertex -2.904125e+00 -4.039392e+00  5.000000e-01
     vertex -2.699168e+00 -4.179129e+00  3.480000e+00
   endloop
 endfacet
 facet normal  5.214352e-01  8.532909e-01 -0.000000e+00
   outer loop
     vertex -2.487500e+00 -4.308476e+00  5.000000e-01
     vertex -2.699168e+00 -4.179129e+00  3.480000e+00
     vertex -2.487500e+00 -4.308476e+00  3.480000e+00
   endloop
 endfacet
 facet normal  5.214352e-01  8.532909e-01  0.000000e+00
   outer loop
     vertex -2.487500e+00 -4.308476e+00  5.000000e-01
     vertex -2.699168e+00 -4.179129e+00  5.000000e-01
     vertex -2.699168e+00 -4.179129e+00  3.480000e+00
   endloop
 endfacet
 facet normal  4.782540e-01  8.782216e-01 -0.000000e+00
   outer loop
     vertex -2.269648e+00 -4.427112e+00  5.000000e-01
     vertex -2.487500e+00 -4.308476e+00  3.480000e+00
     vertex -2.269648e+00 -4.427112e+00  3.480000e+00
   endloop
 endfacet
 facet normal  4.782540e-01  8.782216e-01  0.000000e+00
   outer loop
     vertex -2.269648e+00 -4.427112e+00  5.000000e-01
     vertex -2.487500e+00 -4.308476e+00  5.000000e-01
     vertex -2.487500e+00 -4.308476e+00  3.480000e+00
   endloop
 endfacet
 facet normal  4.338837e-01  9.009689e-01 -0.000000e+00
   outer loop
     vertex -2.046153e+00 -4.534742e+00  5.000000e-01
     vertex -2.269648e+00 -4.427112e+00  3.480000e+00
     vertex -2.046153e+00 -4.534742e+00  3.480000e+00
   endloop
 endfacet
 facet normal  3.884348e-01  9.214762e-01 -0.000000e+00
   outer loop
     vertex -2.046153e+00 -4.534742e+00  5.000000e-01
     vertex -2.046153e+00 -4.534742e+00  3.480000e+00
     vertex -1.817572e+00 -4.631097e+00  3.480000e+00
   endloop
 endfacet
 facet normal  4.338837e-01  9.009689e-01  0.000000e+00
   outer loop
     vertex -2.046153e+00 -4.534742e+00  5.000000e-01
     vertex -2.269648e+00 -4.427112e+00  5.000000e-01
     vertex -2.269648e+00 -4.427112e+00  3.480000e+00
   endloop
 endfacet
 facet normal  3.884348e-01  9.214762e-01 -0.000000e+00
   outer loop
     vertex -1.817572e+00 -4.631097e+00  5.000000e-01
     vertex -2.046153e+00 -4.534742e+00  5.000000e-01
     vertex -1.817572e+00 -4.631097e+00  3.480000e+00
   endloop
 endfacet
 facet normal  3.420201e-01  9.396926e-01  0.000000e+00
   outer loop
     vertex -1.584471e+00 -4.715939e+00  5.000000e-01
     vertex -1.817572e+00 -4.631097e+00  5.000000e-01
     vertex -1.817572e+00 -4.631097e+00  3.480000e+00
   endloop
 endfacet
 facet normal  3.420201e-01  9.396926e-01 -0.000000e+00
   outer loop
     vertex -1.584471e+00 -4.715939e+00  5.000000e-01
     vertex -1.817572e+00 -4.631097e+00  3.480000e+00
     vertex -1.584471e+00 -4.715939e+00  3.480000e+00
   endloop
 endfacet
 facet normal  2.947552e-01  9.555728e-01 -0.000000e+00
   outer loop
     vertex -1.584471e+00 -4.715939e+00  5.000000e-01
     vertex -1.584471e+00 -4.715939e+00  3.480000e+00
     vertex -1.347431e+00 -4.789056e+00  3.480000e+00
   endloop
 endfacet
 facet normal  2.947552e-01  9.555728e-01 -0.000000e+00
   outer loop
     vertex -1.347431e+00 -4.789056e+00  5.000000e-01
     vertex -1.584471e+00 -4.715939e+00  5.000000e-01
     vertex -1.347431e+00 -4.789056e+00  3.480000e+00
   endloop
 endfacet
 facet normal  2.467574e-01  9.690773e-01  0.000000e+00
   outer loop
     vertex -1.107042e+00 -4.850266e+00  5.000000e-01
     vertex -1.347431e+00 -4.789056e+00  5.000000e-01
     vertex -1.347431e+00 -4.789056e+00  3.480000e+00
   endloop
 endfacet
 facet normal  2.467574e-01  9.690773e-01 -0.000000e+00
   outer loop
     vertex -1.107042e+00 -4.850266e+00  5.000000e-01
     vertex -1.347431e+00 -4.789056e+00  3.480000e+00
     vertex -1.107042e+00 -4.850266e+00  3.480000e+00
   endloop
 endfacet
 facet normal  1.981461e-01  9.801725e-01 -0.000000e+00
   outer loop
     vertex -1.107042e+00 -4.850266e+00  5.000000e-01
     vertex -1.107042e+00 -4.850266e+00  3.480000e+00
     vertex -8.638997e-01 -4.899419e+00  3.480000e+00
   endloop
 endfacet
 facet normal  1.981461e-01  9.801725e-01 -0.000000e+00
   outer loop
     vertex -8.638997e-01 -4.899419e+00  5.000000e-01
     vertex -1.107042e+00 -4.850266e+00  5.000000e-01
     vertex -8.638997e-01 -4.899419e+00  3.480000e+00
   endloop
 endfacet
 facet normal  1.490423e-01  9.888308e-01  0.000000e+00
   outer loop
     vertex -6.186099e-01 -4.936390e+00  5.000000e-01
     vertex -8.638997e-01 -4.899419e+00  5.000000e-01
     vertex -8.638997e-01 -4.899419e+00  3.480000e+00
   endloop
 endfacet
 facet normal  1.490423e-01  9.888308e-01 -0.000000e+00
   outer loop
     vertex -6.186099e-01 -4.936390e+00  5.000000e-01
     vertex -8.638997e-01 -4.899419e+00  3.480000e+00
     vertex -6.186099e-01 -4.936390e+00  3.480000e+00
   endloop
 endfacet
 facet normal  9.956785e-02  9.950308e-01  0.000000e+00
   outer loop
     vertex -3.717822e-01 -4.961089e+00  5.000000e-01
     vertex -6.186099e-01 -4.936390e+00  5.000000e-01
     vertex -6.186099e-01 -4.936390e+00  3.480000e+00
   endloop
 endfacet
 facet normal  9.956785e-02  9.950308e-01 -0.000000e+00
   outer loop
     vertex -3.717822e-01 -4.961089e+00  5.000000e-01
     vertex -6.186099e-01 -4.936390e+00  3.480000e+00
     vertex -3.717822e-01 -4.961089e+00  3.480000e+00
   endloop
 endfacet
 facet normal  4.984589e-02  9.987569e-01  0.000000e+00
   outer loop
     vertex -1.240302e-01 -4.973454e+00  5.000000e-01
     vertex -3.717822e-01 -4.961089e+00  5.000000e-01
     vertex -3.717822e-01 -4.961089e+00  3.480000e+00
   endloop
 endfacet
 facet normal  4.984589e-02  9.987569e-01 -0.000000e+00
   outer loop
     vertex -1.240302e-01 -4.973454e+00  5.000000e-01
     vertex -3.717822e-01 -4.961089e+00  3.480000e+00
     vertex -1.240302e-01 -4.973454e+00  3.480000e+00
   endloop
 endfacet
 facet normal -7.160986e-15  1.000000e+00  0.000000e+00
   outer loop
     vertex -1.240302e-01 -4.973454e+00  5.000000e-01
     vertex -1.240302e-01 -4.973454e+00  3.480000e+00
     vertex  1.240302e-01 -4.973454e+00  3.480000e+00
   endloop
 endfacet
 facet normal -7.160986e-15  1.000000e+00  0.000000e+00
   outer loop
     vertex  1.240302e-01 -4.973454e+00  5.000000e-01
     vertex -1.240302e-01 -4.973454e+00  5.000000e-01
     vertex  1.240302e-01 -4.973454e+00  3.480000e+00
   endloop
 endfacet
 facet normal -4.984589e-02  9.987569e-01  0.000000e+00
   outer loop
     vertex  3.717822e-01 -4.961089e+00  5.000000e-01
     vertex  1.240302e-01 -4.973454e+00  5.000000e-01
     vertex  1.240302e-01 -4.973454e+00  3.480000e+00
   endloop
 endfacet
 facet normal -4.984589e-02  9.987569e-01  0.000000e+00
   outer loop
     vertex  3.717822e-01 -4.961089e+00  5.000000e-01
     vertex  1.240302e-01 -4.973454e+00  3.480000e+00
     vertex  3.717822e-01 -4.961089e+00  3.480000e+00
   endloop
 endfacet
 facet normal -9.956785e-02  9.950308e-01  0.000000e+00
   outer loop
     vertex  3.717822e-01 -4.961089e+00  5.000000e-01
     vertex  3.717822e-01 -4.961089e+00  3.480000e+00
     vertex  6.186099e-01 -4.936390e+00  3.480000e+00
   endloop
 endfacet
 facet normal -9.956785e-02  9.950308e-01  0.000000e+00
   outer loop
     vertex  6.186099e-01 -4.936390e+00  5.000000e-01
     vertex  3.717822e-01 -4.961089e+00  5.000000e-01
     vertex  6.186099e-01 -4.936390e+00  3.480000e+00
   endloop
 endfacet
 facet normal -1.490423e-01  9.888308e-01  0.000000e+00
   outer loop
     vertex  6.186099e-01 -4.936390e+00  5.000000e-01
     vertex  6.186099e-01 -4.936390e+00  3.480000e+00
     vertex  8.638997e-01 -4.899419e+00  3.480000e+00
   endloop
 endfacet
 facet normal -1.490423e-01  9.888308e-01  0.000000e+00
   outer loop
     vertex  8.638997e-01 -4.899419e+00  5.000000e-01
     vertex  6.186099e-01 -4.936390e+00  5.000000e-01
     vertex  8.638997e-01 -4.899419e+00  3.480000e+00
   endloop
 endfacet
 facet normal -1.981461e-01  9.801725e-01  0.000000e+00
   outer loop
     vertex  1.107042e+00 -4.850266e+00  5.000000e-01
     vertex  8.638997e-01 -4.899419e+00  5.000000e-01
     vertex  8.638997e-01 -4.899419e+00  3.480000e+00
   endloop
 endfacet
 facet normal -1.981461e-01  9.801725e-01  0.000000e+00
   outer loop
     vertex  1.107042e+00 -4.850266e+00  5.000000e-01
     vertex  8.638997e-01 -4.899419e+00  3.480000e+00
     vertex  1.107042e+00 -4.850266e+00  3.480000e+00
   endloop
 endfacet
 facet normal -2.467574e-01  9.690773e-01  0.000000e+00
   outer loop
     vertex  1.347431e+00 -4.789056e+00  5.000000e-01
     vertex  1.107042e+00 -4.850266e+00  3.480000e+00
     vertex  1.347431e+00 -4.789056e+00  3.480000e+00
   endloop
 endfacet
 facet normal -2.947552e-01  9.555728e-01  0.000000e+00
   outer loop
     vertex  1.347431e+00 -4.789056e+00  5.000000e-01
     vertex  1.347431e+00 -4.789056e+00  3.480000e+00
     vertex  1.584471e+00 -4.715939e+00  3.480000e+00
   endloop
 endfacet
 facet normal -2.467574e-01  9.690773e-01  0.000000e+00
   outer loop
     vertex  1.347431e+00 -4.789056e+00  5.000000e-01
     vertex  1.107042e+00 -4.850266e+00  5.000000e-01
     vertex  1.107042e+00 -4.850266e+00  3.480000e+00
   endloop
 endfacet
 facet normal -2.947552e-01  9.555728e-01  0.000000e+00
   outer loop
     vertex  1.584471e+00 -4.715939e+00  5.000000e-01
     vertex  1.347431e+00 -4.789056e+00  5.000000e-01
     vertex  1.584471e+00 -4.715939e+00  3.480000e+00
   endloop
 endfacet
 facet normal -3.420201e-01  9.396926e-01  0.000000e+00
   outer loop
     vertex  1.817572e+00 -4.631097e+00  5.000000e-01
     vertex  1.584471e+00 -4.715939e+00  3.480000e+00
     vertex  1.817572e+00 -4.631097e+00  3.480000e+00
   endloop
 endfacet
 facet normal -3.884348e-01  9.214762e-01  0.000000e+00
   outer loop
     vertex  1.817572e+00 -4.631097e+00  5.000000e-01
     vertex  1.817572e+00 -4.631097e+00  3.480000e+00
     vertex  2.046153e+00 -4.534742e+00  3.480000e+00
   endloop
 endfacet
 facet normal -3.420201e-01  9.396926e-01  0.000000e+00
   outer loop
     vertex  1.817572e+00 -4.631097e+00  5.000000e-01
     vertex  1.584471e+00 -4.715939e+00  5.000000e-01
     vertex  1.584471e+00 -4.715939e+00  3.480000e+00
   endloop
 endfacet
 facet normal -3.884348e-01  9.214762e-01  0.000000e+00
   outer loop
     vertex  2.046153e+00 -4.534742e+00  5.000000e-01
     vertex  1.817572e+00 -4.631097e+00  5.000000e-01
     vertex  2.046153e+00 -4.534742e+00  3.480000e+00
   endloop
 endfacet
 facet normal -4.338837e-01  9.009689e-01  0.000000e+00
   outer loop
     vertex  2.269648e+00 -4.427112e+00  5.000000e-01
     vertex  2.046153e+00 -4.534742e+00  3.480000e+00
     vertex  2.269648e+00 -4.427112e+00  3.480000e+00
   endloop
 endfacet
 facet normal -4.338837e-01  9.009689e-01  0.000000e+00
   outer loop
     vertex  2.269648e+00 -4.427112e+00  5.000000e-01
     vertex  2.046153e+00 -4.534742e+00  5.000000e-01
     vertex  2.046153e+00 -4.534742e+00  3.480000e+00
   endloop
 endfacet
 facet normal -4.782540e-01  8.782216e-01  0.000000e+00
   outer loop
     vertex  2.487500e+00 -4.308476e+00  5.000000e-01
     vertex  2.269648e+00 -4.427112e+00  3.480000e+00
     vertex  2.487500e+00 -4.308476e+00  3.480000e+00
   endloop
 endfacet
 facet normal -4.782540e-01  8.782216e-01  0.000000e+00
   outer loop
     vertex  2.487500e+00 -4.308476e+00  5.000000e-01
     vertex  2.269648e+00 -4.427112e+00  5.000000e-01
     vertex  2.269648e+00 -4.427112e+00  3.480000e+00
   endloop
 endfacet
 facet normal -5.214352e-01  8.532909e-01  0.000000e+00
   outer loop
     vertex  2.699168e+00 -4.179129e+00  5.000000e-01
     vertex  2.487500e+00 -4.308476e+00  3.480000e+00
     vertex  2.699168e+00 -4.179129e+00  3.480000e+00
   endloop
 endfacet
 facet normal -5.633201e-01  8.262388e-01  0.000000e+00
   outer loop
     vertex  2.699168e+00 -4.179129e+00  5.000000e-01
     vertex  2.699168e+00 -4.179129e+00  3.480000e+00
     vertex  2.904125e+00 -4.039392e+00  3.480000e+00
   endloop
 endfacet
 facet normal -5.214352e-01  8.532909e-01  0.000000e+00
   outer loop
     vertex  2.699168e+00 -4.179129e+00  5.000000e-01
     vertex  2.487500e+00 -4.308476e+00  5.000000e-01
     vertex  2.487500e+00 -4.308476e+00  3.480000e+00
   endloop
 endfacet
 facet normal -5.633201e-01  8.262388e-01  0.000000e+00
   outer loop
     vertex  2.904125e+00 -4.039392e+00  5.000000e-01
     vertex  2.699168e+00 -4.179129e+00  5.000000e-01
     vertex  2.904125e+00 -4.039392e+00  3.480000e+00
   endloop
 endfacet
 facet normal -6.038044e-01  7.971325e-01  0.000000e+00
   outer loop
     vertex  3.101862e+00 -3.889612e+00  5.000000e-01
     vertex  2.904125e+00 -4.039392e+00  3.480000e+00
     vertex  3.101862e+00 -3.889612e+00  3.480000e+00
   endloop
 endfacet
 facet normal -6.427876e-01  7.660444e-01  0.000000e+00
   outer loop
     vertex  3.101862e+00 -3.889612e+00  5.000000e-01
     vertex  3.101862e+00 -3.889612e+00  3.480000e+00
     vertex  3.291887e+00 -3.730161e+00  3.480000e+00
   endloop
 endfacet
 facet normal -6.038044e-01  7.971325e-01  0.000000e+00
   outer loop
     vertex  3.101862e+00 -3.889612e+00  5.000000e-01
     vertex  2.904125e+00 -4.039392e+00  5.000000e-01
     vertex  2.904125e+00 -4.039392e+00  3.480000e+00
   endloop
 endfacet
 facet normal -6.427876e-01  7.660444e-01  0.000000e+00
   outer loop
     vertex  3.291887e+00 -3.730161e+00  5.000000e-01
     vertex  3.101862e+00 -3.889612e+00  5.000000e-01
     vertex  3.291887e+00 -3.730161e+00  3.480000e+00
   endloop
 endfacet
 facet normal -6.801727e-01  7.330519e-01  0.000000e+00
   outer loop
     vertex  3.473728e+00 -3.561438e+00  5.000000e-01
     vertex  3.291887e+00 -3.730161e+00  3.480000e+00
     vertex  3.473728e+00 -3.561438e+00  3.480000e+00
   endloop
 endfacet
 facet normal -7.158668e-01  6.982368e-01  0.000000e+00
   outer loop
     vertex  3.473728e+00 -3.561438e+00  5.000000e-01
     vertex  3.473728e+00 -3.561438e+00  3.480000e+00
     vertex  3.646933e+00 -3.383859e+00  3.480000e+00
   endloop
 endfacet
 facet normal -6.801727e-01  7.330519e-01  0.000000e+00
   outer loop
     vertex  3.473728e+00 -3.561438e+00  5.000000e-01
     vertex  3.291887e+00 -3.730161e+00  5.000000e-01
     vertex  3.291887e+00 -3.730161e+00  3.480000e+00
   endloop
 endfacet
 facet normal -7.158668e-01  6.982368e-01  0.000000e+00
   outer loop
     vertex  3.646933e+00 -3.383859e+00  5.000000e-01
     vertex  3.473728e+00 -3.561438e+00  5.000000e-01
     vertex  3.646933e+00 -3.383859e+00  3.480000e+00
   endloop
 endfacet
 facet normal -7.497812e-01  6.616858e-01  0.000000e+00
   outer loop
     vertex  3.811071e+00 -3.197868e+00  5.000000e-01
     vertex  3.646933e+00 -3.383859e+00  5.000000e-01
     vertex  3.646933e+00 -3.383859e+00  3.480000e+00
   endloop
 endfacet
 facet normal -7.497812e-01  6.616858e-01  0.000000e+00
   outer loop
     vertex  3.811071e+00 -3.197868e+00  5.000000e-01
     vertex  3.646933e+00 -3.383859e+00  3.480000e+00
     vertex  3.811071e+00 -3.197868e+00  3.480000e+00
   endloop
 endfacet
 facet normal -7.818315e-01  6.234898e-01  0.000000e+00
   outer loop
     vertex  3.965734e+00 -3.003927e+00  5.000000e-01
     vertex  3.811071e+00 -3.197868e+00  5.000000e-01
     vertex  3.811071e+00 -3.197868e+00  3.480000e+00
   endloop
 endfacet
 facet normal -7.818315e-01  6.234898e-01  0.000000e+00
   outer loop
     vertex  3.965734e+00 -3.003927e+00  5.000000e-01
     vertex  3.811071e+00 -3.197868e+00  3.480000e+00
     vertex  3.965734e+00 -3.003927e+00  3.480000e+00
   endloop
 endfacet
 facet normal -8.119380e-01  5.837437e-01  0.000000e+00
   outer loop
     vertex  4.110538e+00 -2.802517e+00  5.000000e-01
     vertex  3.965734e+00 -3.003927e+00  5.000000e-01
     vertex  3.965734e+00 -3.003927e+00  3.480000e+00
   endloop
 endfacet
 facet normal -8.119380e-01  5.837437e-01  0.000000e+00
   outer loop
     vertex  4.110538e+00 -2.802517e+00  5.000000e-01
     vertex  3.965734e+00 -3.003927e+00  3.480000e+00
     vertex  4.110538e+00 -2.802517e+00  3.480000e+00
   endloop
 endfacet
 facet normal -8.400259e-01  5.425463e-01  0.000000e+00
   outer loop
     vertex  4.245122e+00 -2.594140e+00  5.000000e-01
     vertex  4.110538e+00 -2.802517e+00  5.000000e-01
     vertex  4.110538e+00 -2.802517e+00  3.480000e+00
   endloop
 endfacet
 facet normal -8.400259e-01  5.425463e-01  0.000000e+00
   outer loop
     vertex  4.245122e+00 -2.594140e+00  5.000000e-01
     vertex  4.110538e+00 -2.802517e+00  3.480000e+00
     vertex  4.245122e+00 -2.594140e+00  3.480000e+00
   endloop
 endfacet
 facet normal -8.660254e-01  5.000000e-01  0.000000e+00
   outer loop
     vertex  4.369152e+00 -2.379314e+00  5.000000e-01
     vertex  4.245122e+00 -2.594140e+00  3.480000e+00
     vertex  4.369152e+00 -2.379314e+00  3.480000e+00
   endloop
 endfacet
 facet normal -8.898718e-01  4.562107e-01  0.000000e+00
   outer loop
     vertex  4.369152e+00 -2.379314e+00  5.000000e-01
     vertex  4.369152e+00 -2.379314e+00  3.480000e+00
     vertex  4.482320e+00 -2.158572e+00  3.480000e+00
   endloop
 endfacet
 facet normal -8.660254e-01  5.000000e-01  0.000000e+00
   outer loop
     vertex  4.369152e+00 -2.379314e+00  5.000000e-01
     vertex  4.245122e+00 -2.594140e+00  5.000000e-01
     vertex  4.245122e+00 -2.594140e+00  3.480000e+00
   endloop
 endfacet
 facet normal -8.898718e-01  4.562107e-01  0.000000e+00
   outer loop
     vertex  4.482320e+00 -2.158572e+00  5.000000e-01
     vertex  4.369152e+00 -2.379314e+00  5.000000e-01
     vertex  4.482320e+00 -2.158572e+00  3.480000e+00
   endloop
 endfacet
 facet normal -9.115059e-01  4.112871e-01  0.000000e+00
   outer loop
     vertex  4.584344e+00 -1.932463e+00  5.000000e-01
     vertex  4.482320e+00 -2.158572e+00  3.480000e+00
     vertex  4.584344e+00 -1.932463e+00  3.480000e+00
   endloop
 endfacet
 facet normal -9.308737e-01  3.653410e-01  0.000000e+00
   outer loop
     vertex  4.584344e+00 -1.932463e+00  5.000000e-01
     vertex  4.584344e+00 -1.932463e+00  3.480000e+00
     vertex  4.674971e+00 -1.701550e+00  3.480000e+00
   endloop
 endfacet
 facet normal -9.115059e-01  4.112871e-01  0.000000e+00
   outer loop
     vertex  4.584344e+00 -1.932463e+00  5.000000e-01
     vertex  4.482320e+00 -2.158572e+00  5.000000e-01
     vertex  4.482320e+00 -2.158572e+00  3.480000e+00
   endloop
 endfacet
 facet normal -9.479273e-01  3.184867e-01  0.000000e+00
   outer loop
     vertex  4.674971e+00 -1.701550e+00  5.000000e-01
     vertex  4.674971e+00 -1.701550e+00  3.480000e+00
     vertex  4.753975e+00 -1.466407e+00  3.480000e+00
   endloop
 endfacet
 facet normal -9.308737e-01  3.653410e-01  0.000000e+00
   outer loop
     vertex  4.674971e+00 -1.701550e+00  5.000000e-01
     vertex  4.584344e+00 -1.932463e+00  5.000000e-01
     vertex  4.674971e+00 -1.701550e+00  3.480000e+00
   endloop
 endfacet
 facet normal -9.626242e-01  2.708405e-01  0.000000e+00
   outer loop
     vertex  4.753975e+00 -1.466407e+00  5.000000e-01
     vertex  4.753975e+00 -1.466407e+00  3.480000e+00
     vertex  4.821159e+00 -1.227618e+00  3.480000e+00
   endloop
 endfacet
 facet normal -9.479273e-01  3.184867e-01  0.000000e+00
   outer loop
     vertex  4.753975e+00 -1.466407e+00  5.000000e-01
     vertex  4.674971e+00 -1.701550e+00  5.000000e-01
     vertex  4.753975e+00 -1.466407e+00  3.480000e+00
   endloop
 endfacet
 facet normal -9.626242e-01  2.708405e-01  0.000000e+00
   outer loop
     vertex  4.821159e+00 -1.227618e+00  5.000000e-01
     vertex  4.753975e+00 -1.466407e+00  5.000000e-01
     vertex  4.821159e+00 -1.227618e+00  3.480000e+00
   endloop
 endfacet
 facet normal -9.749279e-01  2.225209e-01  0.000000e+00
   outer loop
     vertex  4.876358e+00 -9.857771e-01  5.000000e-01
     vertex  4.821159e+00 -1.227618e+00  3.480000e+00
     vertex  4.876358e+00 -9.857771e-01  3.480000e+00
   endloop
 endfacet
 facet normal -9.749279e-01  2.225209e-01  0.000000e+00
   outer loop
     vertex  4.876358e+00 -9.857771e-01  5.000000e-01
     vertex  4.821159e+00 -1.227618e+00  5.000000e-01
     vertex  4.821159e+00 -1.227618e+00  3.480000e+00
   endloop
 endfacet
 facet normal -9.848078e-01  1.736482e-01  0.000000e+00
   outer loop
     vertex  4.919433e+00 -7.414853e-01  5.000000e-01
     vertex  4.876358e+00 -9.857771e-01  3.480000e+00
     vertex  4.919433e+00 -7.414853e-01  3.480000e+00
   endloop
 endfacet
 facet normal -9.848078e-01  1.736482e-01  0.000000e+00
   outer loop
     vertex  4.919433e+00 -7.414853e-01  5.000000e-01
     vertex  4.876358e+00 -9.857771e-01  5.000000e-01
     vertex  4.876358e+00 -9.857771e-01  3.480000e+00
   endloop
 endfacet
 facet normal -9.922392e-01  1.243437e-01  0.000000e+00
   outer loop
     vertex  4.950278e+00 -4.953500e-01  5.000000e-01
     vertex  4.919433e+00 -7.414853e-01  3.480000e+00
     vertex  4.950278e+00 -4.953500e-01  3.480000e+00
   endloop
 endfacet
 facet normal -9.922392e-01  1.243437e-01  0.000000e+00
   outer loop
     vertex  4.950278e+00 -4.953500e-01  5.000000e-01
     vertex  4.919433e+00 -7.414853e-01  5.000000e-01
     vertex  4.919433e+00 -7.414853e-01  3.480000e+00
   endloop
 endfacet
 facet normal -9.972038e-01  7.473009e-02  0.000000e+00
   outer loop
     vertex  4.968816e+00 -2.479833e-01  5.000000e-01
     vertex  4.950278e+00 -4.953500e-01  3.480000e+00
     vertex  4.968816e+00 -2.479833e-01  3.480000e+00
   endloop
 endfacet
 facet normal -9.972038e-01  7.473009e-02  0.000000e+00
   outer loop
     vertex  4.968816e+00 -2.479833e-01  5.000000e-01
     vertex  4.950278e+00 -4.953500e-01  5.000000e-01
     vertex  4.950278e+00 -4.953500e-01  3.480000e+00
   endloop
 endfacet
 facet normal -9.996892e-01  2.493069e-02  0.000000e+00
   outer loop
     vertex  4.975000e+00  5.950944e-16  5.000000e-01
     vertex  4.968816e+00 -2.479833e-01  3.480000e+00
     vertex  4.975000e+00  5.950944e-16  3.480000e+00
   endloop
 endfacet
 facet normal -9.996892e-01  2.493069e-02  0.000000e+00
   outer loop
     vertex  4.975000e+00  5.950944e-16  5.000000e-01
     vertex  4.968816e+00 -2.479833e-01  5.000000e-01
     vertex  4.968816e+00 -2.479833e-01  3.480000e+00
   endloop
 endfacet
endsolid
