solid 
 facet normal  9.996892e-01  2.493069e-02  0.000000e+00
   outer loop
     vertex  1.797762e+01  8.972259e-01  5.000000e-01
     vertex  1.800000e+01  0.000000e+00  7.500000e+00
     vertex  1.800000e+01  0.000000e+00  5.000000e-01
   endloop
 endfacet
 facet normal  9.996892e-01  2.493069e-02 -0.000000e+00
   outer loop
     vertex  1.797762e+01  8.972259e-01  5.000000e-01
     vertex  1.797762e+01  8.972259e-01  7.500000e+00
     vertex  1.800000e+01  0.000000e+00  7.500000e+00
   endloop
 endfacet
 facet normal  9.972038e-01  7.473009e-02 -0.000000e+00
   outer loop
     vertex  1.797762e+01  8.972259e-01  5.000000e-01
     vertex  1.791055e+01  1.792221e+00  7.500000e+00
     vertex  1.797762e+01  8.972259e-01  7.500000e+00
   endloop
 endfacet
 facet normal  9.972038e-01  7.473009e-02 -0.000000e+00
   outer loop
     vertex  1.791055e+01  1.792221e+00  5.000000e-01
     vertex  1.791055e+01  1.792221e+00  7.500000e+00
     vertex  1.797762e+01  8.972259e-01  5.000000e-01
   endloop
 endfacet
 facet normal  9.922392e-01  1.243437e-01 -0.000000e+00
   outer loop
     vertex  1.779895e+01  2.682761e+00  5.000000e-01
     vertex  1.779895e+01  2.682761e+00  7.500000e+00
     vertex  1.791055e+01  1.792221e+00  7.500000e+00
   endloop
 endfacet
 facet normal  9.922392e-01  1.243437e-01  0.000000e+00
   outer loop
     vertex  1.779895e+01  2.682761e+00  5.000000e-01
     vertex  1.791055e+01  1.792221e+00  7.500000e+00
     vertex  1.791055e+01  1.792221e+00  5.000000e-01
   endloop
 endfacet
 facet normal  9.848078e-01  1.736482e-01 -0.000000e+00
   outer loop
     vertex  1.764310e+01  3.566631e+00  5.000000e-01
     vertex  1.764310e+01  3.566631e+00  7.500000e+00
     vertex  1.779895e+01  2.682761e+00  7.500000e+00
   endloop
 endfacet
 facet normal  9.848078e-01  1.736482e-01  0.000000e+00
   outer loop
     vertex  1.764310e+01  3.566631e+00  5.000000e-01
     vertex  1.779895e+01  2.682761e+00  7.500000e+00
     vertex  1.779895e+01  2.682761e+00  5.000000e-01
   endloop
 endfacet
 facet normal  9.749279e-01  2.225209e-01 -0.000000e+00
   outer loop
     vertex  1.744339e+01  4.441633e+00  5.000000e-01
     vertex  1.744339e+01  4.441633e+00  7.500000e+00
     vertex  1.764310e+01  3.566631e+00  7.500000e+00
   endloop
 endfacet
 facet normal  9.749279e-01  2.225209e-01  0.000000e+00
   outer loop
     vertex  1.744339e+01  4.441633e+00  5.000000e-01
     vertex  1.764310e+01  3.566631e+00  7.500000e+00
     vertex  1.764310e+01  3.566631e+00  5.000000e-01
   endloop
 endfacet
 facet normal  9.626242e-01  2.708405e-01 -0.000000e+00
   outer loop
     vertex  1.720031e+01  5.305593e+00  5.000000e-01
     vertex  1.720031e+01  5.305593e+00  7.500000e+00
     vertex  1.744339e+01  4.441633e+00  7.500000e+00
   endloop
 endfacet
 facet normal  9.479273e-01  3.184867e-01 -0.000000e+00
   outer loop
     vertex  1.720031e+01  5.305593e+00  5.000000e-01
     vertex  1.691447e+01  6.156363e+00  7.500000e+00
     vertex  1.720031e+01  5.305593e+00  7.500000e+00
   endloop
 endfacet
 facet normal  9.626242e-01  2.708405e-01  0.000000e+00
   outer loop
     vertex  1.720031e+01  5.305593e+00  5.000000e-01
     vertex  1.744339e+01  4.441633e+00  7.500000e+00
     vertex  1.744339e+01  4.441633e+00  5.000000e-01
   endloop
 endfacet
 facet normal  9.479273e-01  3.184867e-01 -0.000000e+00
   outer loop
     vertex  1.691447e+01  6.156363e+00  5.000000e-01
     vertex  1.691447e+01  6.156363e+00  7.500000e+00
     vertex  1.720031e+01  5.305593e+00  5.000000e-01
   endloop
 endfacet
 facet normal  9.308737e-01  3.653410e-01 -0.000000e+00
   outer loop
     vertex  1.658657e+01  6.991826e+00  5.000000e-01
     vertex  1.658657e+01  6.991826e+00  7.500000e+00
     vertex  1.691447e+01  6.156363e+00  7.500000e+00
   endloop
 endfacet
 facet normal  9.308737e-01  3.653410e-01  0.000000e+00
   outer loop
     vertex  1.658657e+01  6.991826e+00  5.000000e-01
     vertex  1.691447e+01  6.156363e+00  7.500000e+00
     vertex  1.691447e+01  6.156363e+00  5.000000e-01
   endloop
 endfacet
 facet normal  9.115059e-01  4.112871e-01 -0.000000e+00
   outer loop
     vertex  1.621744e+01  7.809907e+00  5.000000e-01
     vertex  1.621744e+01  7.809907e+00  7.500000e+00
     vertex  1.658657e+01  6.991826e+00  7.500000e+00
   endloop
 endfacet
 facet normal  8.898718e-01  4.562107e-01 -0.000000e+00
   outer loop
     vertex  1.621744e+01  7.809907e+00  5.000000e-01
     vertex  1.580799e+01  8.608572e+00  7.500000e+00
     vertex  1.621744e+01  7.809907e+00  7.500000e+00
   endloop
 endfacet
 facet normal  9.115059e-01  4.112871e-01  0.000000e+00
   outer loop
     vertex  1.621744e+01  7.809907e+00  5.000000e-01
     vertex  1.658657e+01  6.991826e+00  7.500000e+00
     vertex  1.658657e+01  6.991826e+00  5.000000e-01
   endloop
 endfacet
 facet normal  8.660254e-01  5.000000e-01 -0.000000e+00
   outer loop
     vertex  1.580799e+01  8.608572e+00  5.000000e-01
     vertex  1.535924e+01  9.385834e+00  7.500000e+00
     vertex  1.580799e+01  8.608572e+00  7.500000e+00
   endloop
 endfacet
 facet normal  8.898718e-01  4.562107e-01 -0.000000e+00
   outer loop
     vertex  1.580799e+01  8.608572e+00  5.000000e-01
     vertex  1.580799e+01  8.608572e+00  7.500000e+00
     vertex  1.621744e+01  7.809907e+00  5.000000e-01
   endloop
 endfacet
 facet normal  8.660254e-01  5.000000e-01 -0.000000e+00
   outer loop
     vertex  1.535924e+01  9.385834e+00  5.000000e-01
     vertex  1.535924e+01  9.385834e+00  7.500000e+00
     vertex  1.580799e+01  8.608572e+00  5.000000e-01
   endloop
 endfacet
 facet normal  8.400259e-01  5.425463e-01  0.000000e+00
   outer loop
     vertex  1.487230e+01  1.013976e+01  5.000000e-01
     vertex  1.535924e+01  9.385834e+00  7.500000e+00
     vertex  1.535924e+01  9.385834e+00  5.000000e-01
   endloop
 endfacet
 facet normal  8.400259e-01  5.425463e-01 -0.000000e+00
   outer loop
     vertex  1.487230e+01  1.013976e+01  5.000000e-01
     vertex  1.487230e+01  1.013976e+01  7.500000e+00
     vertex  1.535924e+01  9.385834e+00  7.500000e+00
   endloop
 endfacet
 facet normal  8.119380e-01  5.837437e-01  0.000000e+00
   outer loop
     vertex  1.434839e+01  1.086848e+01  5.000000e-01
     vertex  1.487230e+01  1.013976e+01  7.500000e+00
     vertex  1.487230e+01  1.013976e+01  5.000000e-01
   endloop
 endfacet
 facet normal  8.119380e-01  5.837437e-01 -0.000000e+00
   outer loop
     vertex  1.434839e+01  1.086848e+01  5.000000e-01
     vertex  1.434839e+01  1.086848e+01  7.500000e+00
     vertex  1.487230e+01  1.013976e+01  7.500000e+00
   endloop
 endfacet
 facet normal  7.818315e-01  6.234898e-01 -0.000000e+00
   outer loop
     vertex  1.434839e+01  1.086848e+01  5.000000e-01
     vertex  1.378880e+01  1.157018e+01  7.500000e+00
     vertex  1.434839e+01  1.086848e+01  7.500000e+00
   endloop
 endfacet
 facet normal  7.818315e-01  6.234898e-01 -0.000000e+00
   outer loop
     vertex  1.378880e+01  1.157018e+01  5.000000e-01
     vertex  1.378880e+01  1.157018e+01  7.500000e+00
     vertex  1.434839e+01  1.086848e+01  5.000000e-01
   endloop
 endfacet
 facet normal  7.497812e-01  6.616858e-01 -0.000000e+00
   outer loop
     vertex  1.319493e+01  1.224311e+01  5.000000e-01
     vertex  1.319493e+01  1.224311e+01  7.500000e+00
     vertex  1.378880e+01  1.157018e+01  7.500000e+00
   endloop
 endfacet
 facet normal  7.497812e-01  6.616858e-01  0.000000e+00
   outer loop
     vertex  1.319493e+01  1.224311e+01  5.000000e-01
     vertex  1.378880e+01  1.157018e+01  7.500000e+00
     vertex  1.378880e+01  1.157018e+01  5.000000e-01
   endloop
 endfacet
 facet normal  7.158668e-01  6.982368e-01 -0.000000e+00
   outer loop
     vertex  1.256826e+01  1.288560e+01  5.000000e-01
     vertex  1.256826e+01  1.288560e+01  7.500000e+00
     vertex  1.319493e+01  1.224311e+01  7.500000e+00
   endloop
 endfacet
 facet normal  6.801727e-01  7.330519e-01 -0.000000e+00
   outer loop
     vertex  1.256826e+01  1.288560e+01  5.000000e-01
     vertex  1.191035e+01  1.349606e+01  7.500000e+00
     vertex  1.256826e+01  1.288560e+01  7.500000e+00
   endloop
 endfacet
 facet normal  7.158668e-01  6.982368e-01  0.000000e+00
   outer loop
     vertex  1.256826e+01  1.288560e+01  5.000000e-01
     vertex  1.319493e+01  1.224311e+01  7.500000e+00
     vertex  1.319493e+01  1.224311e+01  5.000000e-01
   endloop
 endfacet
 facet normal  6.801727e-01  7.330519e-01 -0.000000e+00
   outer loop
     vertex  1.191035e+01  1.349606e+01  5.000000e-01
     vertex  1.191035e+01  1.349606e+01  7.500000e+00
     vertex  1.256826e+01  1.288560e+01  5.000000e-01
   endloop
 endfacet
 facet normal  6.427876e-01  7.660444e-01 -0.000000e+00
   outer loop
     vertex  1.122282e+01  1.407297e+01  5.000000e-01
     vertex  1.122282e+01  1.407297e+01  7.500000e+00
     vertex  1.191035e+01  1.349606e+01  7.500000e+00
   endloop
 endfacet
 facet normal  6.427876e-01  7.660444e-01  0.000000e+00
   outer loop
     vertex  1.122282e+01  1.407297e+01  5.000000e-01
     vertex  1.191035e+01  1.349606e+01  7.500000e+00
     vertex  1.191035e+01  1.349606e+01  5.000000e-01
   endloop
 endfacet
 facet normal  6.038044e-01  7.971325e-01 -0.000000e+00
   outer loop
     vertex  1.050739e+01  1.461488e+01  5.000000e-01
     vertex  1.050739e+01  1.461488e+01  7.500000e+00
     vertex  1.122282e+01  1.407297e+01  7.500000e+00
   endloop
 endfacet
 facet normal  6.038044e-01  7.971325e-01  0.000000e+00
   outer loop
     vertex  1.050739e+01  1.461488e+01  5.000000e-01
     vertex  1.122282e+01  1.407297e+01  7.500000e+00
     vertex  1.122282e+01  1.407297e+01  5.000000e-01
   endloop
 endfacet
 facet normal  5.633201e-01  8.262388e-01 -0.000000e+00
   outer loop
     vertex  9.765833e+00  1.512047e+01  5.000000e-01
     vertex  9.765833e+00  1.512047e+01  7.500000e+00
     vertex  1.050739e+01  1.461488e+01  7.500000e+00
   endloop
 endfacet
 facet normal  5.633201e-01  8.262388e-01  0.000000e+00
   outer loop
     vertex  9.765833e+00  1.512047e+01  5.000000e-01
     vertex  1.050739e+01  1.461488e+01  7.500000e+00
     vertex  1.050739e+01  1.461488e+01  5.000000e-01
   endloop
 endfacet
 facet normal  5.214352e-01  8.532909e-01 -0.000000e+00
   outer loop
     vertex  9.000000e+00  1.558846e+01  5.000000e-01
     vertex  9.000000e+00  1.558846e+01  7.500000e+00
     vertex  9.765833e+00  1.512047e+01  7.500000e+00
   endloop
 endfacet
 facet normal  5.214352e-01  8.532909e-01  0.000000e+00
   outer loop
     vertex  9.000000e+00  1.558846e+01  5.000000e-01
     vertex  9.765833e+00  1.512047e+01  7.500000e+00
     vertex  9.765833e+00  1.512047e+01  5.000000e-01
   endloop
 endfacet
 facet normal  4.782540e-01  8.782216e-01 -0.000000e+00
   outer loop
     vertex  8.211792e+00  1.601769e+01  5.000000e-01
     vertex  8.211792e+00  1.601769e+01  7.500000e+00
     vertex  9.000000e+00  1.558846e+01  7.500000e+00
   endloop
 endfacet
 facet normal  4.782540e-01  8.782216e-01  0.000000e+00
   outer loop
     vertex  8.211792e+00  1.601769e+01  5.000000e-01
     vertex  9.000000e+00  1.558846e+01  7.500000e+00
     vertex  9.000000e+00  1.558846e+01  5.000000e-01
   endloop
 endfacet
 facet normal  4.338837e-01  9.009689e-01 -0.000000e+00
   outer loop
     vertex  7.403168e+00  1.640711e+01  5.000000e-01
     vertex  7.403168e+00  1.640711e+01  7.500000e+00
     vertex  8.211792e+00  1.601769e+01  7.500000e+00
   endloop
 endfacet
 facet normal  4.338837e-01  9.009689e-01  0.000000e+00
   outer loop
     vertex  7.403168e+00  1.640711e+01  5.000000e-01
     vertex  8.211792e+00  1.601769e+01  7.500000e+00
     vertex  8.211792e+00  1.601769e+01  5.000000e-01
   endloop
 endfacet
 facet normal  3.884348e-01  9.214762e-01 -0.000000e+00
   outer loop
     vertex  6.576138e+00  1.675573e+01  5.000000e-01
     vertex  6.576138e+00  1.675573e+01  7.500000e+00
     vertex  7.403168e+00  1.640711e+01  7.500000e+00
   endloop
 endfacet
 facet normal  3.420201e-01  9.396926e-01 -0.000000e+00
   outer loop
     vertex  6.576138e+00  1.675573e+01  5.000000e-01
     vertex  5.732760e+00  1.706269e+01  7.500000e+00
     vertex  6.576138e+00  1.675573e+01  7.500000e+00
   endloop
 endfacet
 facet normal  3.884348e-01  9.214762e-01  0.000000e+00
   outer loop
     vertex  6.576138e+00  1.675573e+01  5.000000e-01
     vertex  7.403168e+00  1.640711e+01  7.500000e+00
     vertex  7.403168e+00  1.640711e+01  5.000000e-01
   endloop
 endfacet
 facet normal  3.420201e-01  9.396926e-01 -0.000000e+00
   outer loop
     vertex  5.732760e+00  1.706269e+01  5.000000e-01
     vertex  5.732760e+00  1.706269e+01  7.500000e+00
     vertex  6.576138e+00  1.675573e+01  5.000000e-01
   endloop
 endfacet
 facet normal  2.947552e-01  9.555728e-01 -0.000000e+00
   outer loop
     vertex  4.875128e+00  1.732724e+01  5.000000e-01
     vertex  4.875128e+00  1.732724e+01  7.500000e+00
     vertex  5.732760e+00  1.706269e+01  7.500000e+00
   endloop
 endfacet
 facet normal  2.947552e-01  9.555728e-01  0.000000e+00
   outer loop
     vertex  4.875128e+00  1.732724e+01  5.000000e-01
     vertex  5.732760e+00  1.706269e+01  7.500000e+00
     vertex  5.732760e+00  1.706269e+01  5.000000e-01
   endloop
 endfacet
 facet normal  2.467574e-01  9.690773e-01 -0.000000e+00
   outer loop
     vertex  4.005377e+00  1.754870e+01  5.000000e-01
     vertex  4.005377e+00  1.754870e+01  7.500000e+00
     vertex  4.875128e+00  1.732724e+01  7.500000e+00
   endloop
 endfacet
 facet normal  2.467574e-01  9.690773e-01  0.000000e+00
   outer loop
     vertex  4.005377e+00  1.754870e+01  5.000000e-01
     vertex  4.875128e+00  1.732724e+01  7.500000e+00
     vertex  4.875128e+00  1.732724e+01  5.000000e-01
   endloop
 endfacet
 facet normal  1.981461e-01  9.801725e-01 -0.000000e+00
   outer loop
     vertex  3.125667e+00  1.772654e+01  5.000000e-01
     vertex  3.125667e+00  1.772654e+01  7.500000e+00
     vertex  4.005377e+00  1.754870e+01  7.500000e+00
   endloop
 endfacet
 facet normal  1.981461e-01  9.801725e-01  0.000000e+00
   outer loop
     vertex  3.125667e+00  1.772654e+01  5.000000e-01
     vertex  4.005377e+00  1.754870e+01  7.500000e+00
     vertex  4.005377e+00  1.754870e+01  5.000000e-01
   endloop
 endfacet
 facet normal  1.490423e-01  9.888308e-01 -0.000000e+00
   outer loop
     vertex  2.238187e+00  1.786031e+01  5.000000e-01
     vertex  2.238187e+00  1.786031e+01  7.500000e+00
     vertex  3.125667e+00  1.772654e+01  7.500000e+00
   endloop
 endfacet
 facet normal  1.490423e-01  9.888308e-01  0.000000e+00
   outer loop
     vertex  2.238187e+00  1.786031e+01  5.000000e-01
     vertex  3.125667e+00  1.772654e+01  7.500000e+00
     vertex  3.125667e+00  1.772654e+01  5.000000e-01
   endloop
 endfacet
 facet normal  9.956785e-02  9.950308e-01 -0.000000e+00
   outer loop
     vertex  1.345142e+00  1.794967e+01  5.000000e-01
     vertex  1.345142e+00  1.794967e+01  7.500000e+00
     vertex  2.238187e+00  1.786031e+01  7.500000e+00
   endloop
 endfacet
 facet normal  9.956785e-02  9.950308e-01  0.000000e+00
   outer loop
     vertex  1.345142e+00  1.794967e+01  5.000000e-01
     vertex  2.238187e+00  1.786031e+01  7.500000e+00
     vertex  2.238187e+00  1.786031e+01  5.000000e-01
   endloop
 endfacet
 facet normal  4.984589e-02  9.987569e-01 -0.000000e+00
   outer loop
     vertex  4.487525e-01  1.799441e+01  5.000000e-01
     vertex  4.487525e-01  1.799441e+01  7.500000e+00
     vertex  1.345142e+00  1.794967e+01  7.500000e+00
   endloop
 endfacet
 facet normal  4.984589e-02  9.987569e-01  0.000000e+00
   outer loop
     vertex  4.487525e-01  1.799441e+01  5.000000e-01
     vertex  1.345142e+00  1.794967e+01  7.500000e+00
     vertex  1.345142e+00  1.794967e+01  5.000000e-01
   endloop
 endfacet
 facet normal  0.000000e+00  1.000000e+00  0.000000e+00
   outer loop
     vertex -4.487525e-01  1.799441e+01  5.000000e-01
     vertex -4.487525e-01  1.799441e+01  7.500000e+00
     vertex  4.487525e-01  1.799441e+01  7.500000e+00
   endloop
 endfacet
 facet normal  0.000000e+00  1.000000e+00  0.000000e+00
   outer loop
     vertex -4.487525e-01  1.799441e+01  5.000000e-01
     vertex  4.487525e-01  1.799441e+01  7.500000e+00
     vertex  4.487525e-01  1.799441e+01  5.000000e-01
   endloop
 endfacet
 facet normal -4.984589e-02  9.987569e-01  0.000000e+00
   outer loop
     vertex -1.345142e+00  1.794967e+01  5.000000e-01
     vertex -1.345142e+00  1.794967e+01  7.500000e+00
     vertex -4.487525e-01  1.799441e+01  7.500000e+00
   endloop
 endfacet
 facet normal -4.984589e-02  9.987569e-01  0.000000e+00
   outer loop
     vertex -1.345142e+00  1.794967e+01  5.000000e-01
     vertex -4.487525e-01  1.799441e+01  7.500000e+00
     vertex -4.487525e-01  1.799441e+01  5.000000e-01
   endloop
 endfacet
 facet normal -9.956785e-02  9.950308e-01  0.000000e+00
   outer loop
     vertex -2.238187e+00  1.786031e+01  5.000000e-01
     vertex -2.238187e+00  1.786031e+01  7.500000e+00
     vertex -1.345142e+00  1.794967e+01  7.500000e+00
   endloop
 endfacet
 facet normal -9.956785e-02  9.950308e-01  0.000000e+00
   outer loop
     vertex -2.238187e+00  1.786031e+01  5.000000e-01
     vertex -1.345142e+00  1.794967e+01  7.500000e+00
     vertex -1.345142e+00  1.794967e+01  5.000000e-01
   endloop
 endfacet
 facet normal -1.490423e-01  9.888308e-01  0.000000e+00
   outer loop
     vertex -3.125667e+00  1.772654e+01  5.000000e-01
     vertex -3.125667e+00  1.772654e+01  7.500000e+00
     vertex -2.238187e+00  1.786031e+01  7.500000e+00
   endloop
 endfacet
 facet normal -1.490423e-01  9.888308e-01  0.000000e+00
   outer loop
     vertex -3.125667e+00  1.772654e+01  5.000000e-01
     vertex -2.238187e+00  1.786031e+01  7.500000e+00
     vertex -2.238187e+00  1.786031e+01  5.000000e-01
   endloop
 endfacet
 facet normal -1.981461e-01  9.801725e-01  0.000000e+00
   outer loop
     vertex -4.005377e+00  1.754870e+01  5.000000e-01
     vertex -4.005377e+00  1.754870e+01  7.500000e+00
     vertex -3.125667e+00  1.772654e+01  7.500000e+00
   endloop
 endfacet
 facet normal -1.981461e-01  9.801725e-01  0.000000e+00
   outer loop
     vertex -4.005377e+00  1.754870e+01  5.000000e-01
     vertex -3.125667e+00  1.772654e+01  7.500000e+00
     vertex -3.125667e+00  1.772654e+01  5.000000e-01
   endloop
 endfacet
 facet normal -2.467574e-01  9.690773e-01  0.000000e+00
   outer loop
     vertex -4.875128e+00  1.732724e+01  5.000000e-01
     vertex -4.875128e+00  1.732724e+01  7.500000e+00
     vertex -4.005377e+00  1.754870e+01  7.500000e+00
   endloop
 endfacet
 facet normal -2.947552e-01  9.555728e-01  0.000000e+00
   outer loop
     vertex -4.875128e+00  1.732724e+01  5.000000e-01
     vertex -5.732760e+00  1.706269e+01  7.500000e+00
     vertex -4.875128e+00  1.732724e+01  7.500000e+00
   endloop
 endfacet
 facet normal -2.467574e-01  9.690773e-01  0.000000e+00
   outer loop
     vertex -4.875128e+00  1.732724e+01  5.000000e-01
     vertex -4.005377e+00  1.754870e+01  7.500000e+00
     vertex -4.005377e+00  1.754870e+01  5.000000e-01
   endloop
 endfacet
 facet normal -2.947552e-01  9.555728e-01  0.000000e+00
   outer loop
     vertex -5.732760e+00  1.706269e+01  5.000000e-01
     vertex -5.732760e+00  1.706269e+01  7.500000e+00
     vertex -4.875128e+00  1.732724e+01  5.000000e-01
   endloop
 endfacet
 facet normal -3.420201e-01  9.396926e-01  0.000000e+00
   outer loop
     vertex -6.576138e+00  1.675573e+01  5.000000e-01
     vertex -5.732760e+00  1.706269e+01  7.500000e+00
     vertex -5.732760e+00  1.706269e+01  5.000000e-01
   endloop
 endfacet
 facet normal -3.420201e-01  9.396926e-01  0.000000e+00
   outer loop
     vertex -6.576138e+00  1.675573e+01  5.000000e-01
     vertex -6.576138e+00  1.675573e+01  7.500000e+00
     vertex -5.732760e+00  1.706269e+01  7.500000e+00
   endloop
 endfacet
 facet normal -3.884348e-01  9.214762e-01  0.000000e+00
   outer loop
     vertex -7.403168e+00  1.640711e+01  5.000000e-01
     vertex -6.576138e+00  1.675573e+01  7.500000e+00
     vertex -6.576138e+00  1.675573e+01  5.000000e-01
   endloop
 endfacet
 facet normal -3.884348e-01  9.214762e-01  0.000000e+00
   outer loop
     vertex -7.403168e+00  1.640711e+01  5.000000e-01
     vertex -7.403168e+00  1.640711e+01  7.500000e+00
     vertex -6.576138e+00  1.675573e+01  7.500000e+00
   endloop
 endfacet
 facet normal -4.338837e-01  9.009689e-01  0.000000e+00
   outer loop
     vertex -7.403168e+00  1.640711e+01  5.000000e-01
     vertex -8.211792e+00  1.601769e+01  7.500000e+00
     vertex -7.403168e+00  1.640711e+01  7.500000e+00
   endloop
 endfacet
 facet normal -4.338837e-01  9.009689e-01  0.000000e+00
   outer loop
     vertex -8.211792e+00  1.601769e+01  5.000000e-01
     vertex -8.211792e+00  1.601769e+01  7.500000e+00
     vertex -7.403168e+00  1.640711e+01  5.000000e-01
   endloop
 endfacet
 facet normal -4.782540e-01  8.782216e-01  0.000000e+00
   outer loop
     vertex -9.000000e+00  1.558846e+01  5.000000e-01
     vertex -8.211792e+00  1.601769e+01  7.500000e+00
     vertex -8.211792e+00  1.601769e+01  5.000000e-01
   endloop
 endfacet
 facet normal -4.782540e-01  8.782216e-01  0.000000e+00
   outer loop
     vertex -9.000000e+00  1.558846e+01  5.000000e-01
     vertex -9.000000e+00  1.558846e+01  7.500000e+00
     vertex -8.211792e+00  1.601769e+01  7.500000e+00
   endloop
 endfacet
 facet normal -5.214352e-01  8.532909e-01  0.000000e+00
   outer loop
     vertex -9.765833e+00  1.512047e+01  5.000000e-01
     vertex -9.000000e+00  1.558846e+01  7.500000e+00
     vertex -9.000000e+00  1.558846e+01  5.000000e-01
   endloop
 endfacet
 facet normal -5.214352e-01  8.532909e-01  0.000000e+00
   outer loop
     vertex -9.765833e+00  1.512047e+01  5.000000e-01
     vertex -9.765833e+00  1.512047e+01  7.500000e+00
     vertex -9.000000e+00  1.558846e+01  7.500000e+00
   endloop
 endfacet
 facet normal -5.633201e-01  8.262388e-01  0.000000e+00
   outer loop
     vertex -9.765833e+00  1.512047e+01  5.000000e-01
     vertex -1.050739e+01  1.461488e+01  7.500000e+00
     vertex -9.765833e+00  1.512047e+01  7.500000e+00
   endloop
 endfacet
 facet normal -5.633201e-01  8.262388e-01  0.000000e+00
   outer loop
     vertex -1.050739e+01  1.461488e+01  5.000000e-01
     vertex -1.050739e+01  1.461488e+01  7.500000e+00
     vertex -9.765833e+00  1.512047e+01  5.000000e-01
   endloop
 endfacet
 facet normal -6.038044e-01  7.971325e-01  0.000000e+00
   outer loop
     vertex -1.122282e+01  1.407297e+01  5.000000e-01
     vertex -1.050739e+01  1.461488e+01  7.500000e+00
     vertex -1.050739e+01  1.461488e+01  5.000000e-01
   endloop
 endfacet
 facet normal -6.038044e-01  7.971325e-01  0.000000e+00
   outer loop
     vertex -1.122282e+01  1.407297e+01  5.000000e-01
     vertex -1.122282e+01  1.407297e+01  7.500000e+00
     vertex -1.050739e+01  1.461488e+01  7.500000e+00
   endloop
 endfacet
 facet normal -6.427876e-01  7.660444e-01  0.000000e+00
   outer loop
     vertex -1.191035e+01  1.349606e+01  5.000000e-01
     vertex -1.122282e+01  1.407297e+01  7.500000e+00
     vertex -1.122282e+01  1.407297e+01  5.000000e-01
   endloop
 endfacet
 facet normal -6.427876e-01  7.660444e-01  0.000000e+00
   outer loop
     vertex -1.191035e+01  1.349606e+01  5.000000e-01
     vertex -1.191035e+01  1.349606e+01  7.500000e+00
     vertex -1.122282e+01  1.407297e+01  7.500000e+00
   endloop
 endfacet
 facet normal -6.801727e-01  7.330519e-01  0.000000e+00
   outer loop
     vertex -1.256826e+01  1.288560e+01  5.000000e-01
     vertex -1.191035e+01  1.349606e+01  7.500000e+00
     vertex -1.191035e+01  1.349606e+01  5.000000e-01
   endloop
 endfacet
 facet normal -6.801727e-01  7.330519e-01  0.000000e+00
   outer loop
     vertex -1.256826e+01  1.288560e+01  5.000000e-01
     vertex -1.256826e+01  1.288560e+01  7.500000e+00
     vertex -1.191035e+01  1.349606e+01  7.500000e+00
   endloop
 endfacet
 facet normal -7.158668e-01  6.982368e-01  0.000000e+00
   outer loop
     vertex -1.319493e+01  1.224311e+01  5.000000e-01
     vertex -1.319493e+01  1.224311e+01  7.500000e+00
     vertex -1.256826e+01  1.288560e+01  7.500000e+00
   endloop
 endfacet
 facet normal -7.158668e-01  6.982368e-01  0.000000e+00
   outer loop
     vertex -1.319493e+01  1.224311e+01  5.000000e-01
     vertex -1.256826e+01  1.288560e+01  7.500000e+00
     vertex -1.256826e+01  1.288560e+01  5.000000e-01
   endloop
 endfacet
 facet normal -7.497812e-01  6.616858e-01  0.000000e+00
   outer loop
     vertex -1.319493e+01  1.224311e+01  5.000000e-01
     vertex -1.378880e+01  1.157018e+01  7.500000e+00
     vertex -1.319493e+01  1.224311e+01  7.500000e+00
   endloop
 endfacet
 facet normal -7.497812e-01  6.616858e-01  0.000000e+00
   outer loop
     vertex -1.378880e+01  1.157018e+01  5.000000e-01
     vertex -1.378880e+01  1.157018e+01  7.500000e+00
     vertex -1.319493e+01  1.224311e+01  5.000000e-01
   endloop
 endfacet
 facet normal -7.818315e-01  6.234898e-01  0.000000e+00
   outer loop
     vertex -1.434839e+01  1.086848e+01  5.000000e-01
     vertex -1.378880e+01  1.157018e+01  7.500000e+00
     vertex -1.378880e+01  1.157018e+01  5.000000e-01
   endloop
 endfacet
 facet normal -7.818315e-01  6.234898e-01  0.000000e+00
   outer loop
     vertex -1.434839e+01  1.086848e+01  5.000000e-01
     vertex -1.434839e+01  1.086848e+01  7.500000e+00
     vertex -1.378880e+01  1.157018e+01  7.500000e+00
   endloop
 endfacet
 facet normal -8.119380e-01  5.837437e-01  0.000000e+00
   outer loop
     vertex -1.487230e+01  1.013976e+01  5.000000e-01
     vertex -1.487230e+01  1.013976e+01  7.500000e+00
     vertex -1.434839e+01  1.086848e+01  7.500000e+00
   endloop
 endfacet
 facet normal -8.400259e-01  5.425463e-01  0.000000e+00
   outer loop
     vertex -1.487230e+01  1.013976e+01  5.000000e-01
     vertex -1.535924e+01  9.385834e+00  7.500000e+00
     vertex -1.487230e+01  1.013976e+01  7.500000e+00
   endloop
 endfacet
 facet normal -8.119380e-01  5.837437e-01  0.000000e+00
   outer loop
     vertex -1.487230e+01  1.013976e+01  5.000000e-01
     vertex -1.434839e+01  1.086848e+01  7.500000e+00
     vertex -1.434839e+01  1.086848e+01  5.000000e-01
   endloop
 endfacet
 facet normal -8.660254e-01  5.000000e-01  0.000000e+00
   outer loop
     vertex -1.535924e+01  9.385834e+00  5.000000e-01
     vertex -1.580799e+01  8.608572e+00  7.500000e+00
     vertex -1.535924e+01  9.385834e+00  7.500000e+00
   endloop
 endfacet
 facet normal -8.400259e-01  5.425463e-01  0.000000e+00
   outer loop
     vertex -1.535924e+01  9.385834e+00  5.000000e-01
     vertex -1.535924e+01  9.385834e+00  7.500000e+00
     vertex -1.487230e+01  1.013976e+01  5.000000e-01
   endloop
 endfacet
 facet normal -8.898718e-01  4.562107e-01  0.000000e+00
   outer loop
     vertex -1.580799e+01  8.608572e+00  5.000000e-01
     vertex -1.621744e+01  7.809907e+00  7.500000e+00
     vertex -1.580799e+01  8.608572e+00  7.500000e+00
   endloop
 endfacet
 facet normal -8.660254e-01  5.000000e-01  0.000000e+00
   outer loop
     vertex -1.580799e+01  8.608572e+00  5.000000e-01
     vertex -1.580799e+01  8.608572e+00  7.500000e+00
     vertex -1.535924e+01  9.385834e+00  5.000000e-01
   endloop
 endfacet
 facet normal -8.898718e-01  4.562107e-01  0.000000e+00
   outer loop
     vertex -1.621744e+01  7.809907e+00  5.000000e-01
     vertex -1.621744e+01  7.809907e+00  7.500000e+00
     vertex -1.580799e+01  8.608572e+00  5.000000e-01
   endloop
 endfacet
 facet normal -9.115059e-01  4.112871e-01  0.000000e+00
   outer loop
     vertex -1.658657e+01  6.991826e+00  5.000000e-01
     vertex -1.658657e+01  6.991826e+00  7.500000e+00
     vertex -1.621744e+01  7.809907e+00  7.500000e+00
   endloop
 endfacet
 facet normal -9.308737e-01  3.653410e-01  0.000000e+00
   outer loop
     vertex -1.658657e+01  6.991826e+00  5.000000e-01
     vertex -1.691447e+01  6.156363e+00  7.500000e+00
     vertex -1.658657e+01  6.991826e+00  7.500000e+00
   endloop
 endfacet
 facet normal -9.115059e-01  4.112871e-01  0.000000e+00
   outer loop
     vertex -1.658657e+01  6.991826e+00  5.000000e-01
     vertex -1.621744e+01  7.809907e+00  7.500000e+00
     vertex -1.621744e+01  7.809907e+00  5.000000e-01
   endloop
 endfacet
 facet normal -9.308737e-01  3.653410e-01  0.000000e+00
   outer loop
     vertex -1.691447e+01  6.156363e+00  5.000000e-01
     vertex -1.691447e+01  6.156363e+00  7.500000e+00
     vertex -1.658657e+01  6.991826e+00  5.000000e-01
   endloop
 endfacet
 facet normal -9.479273e-01  3.184867e-01  0.000000e+00
   outer loop
     vertex -1.720031e+01  5.305593e+00  5.000000e-01
     vertex -1.720031e+01  5.305593e+00  7.500000e+00
     vertex -1.691447e+01  6.156363e+00  7.500000e+00
   endloop
 endfacet
 facet normal -9.479273e-01  3.184867e-01  0.000000e+00
   outer loop
     vertex -1.720031e+01  5.305593e+00  5.000000e-01
     vertex -1.691447e+01  6.156363e+00  7.500000e+00
     vertex -1.691447e+01  6.156363e+00  5.000000e-01
   endloop
 endfacet
 facet normal -9.626242e-01  2.708405e-01  0.000000e+00
   outer loop
     vertex -1.744339e+01  4.441633e+00  5.000000e-01
     vertex -1.744339e+01  4.441633e+00  7.500000e+00
     vertex -1.720031e+01  5.305593e+00  7.500000e+00
   endloop
 endfacet
 facet normal -9.626242e-01  2.708405e-01  0.000000e+00
   outer loop
     vertex -1.744339e+01  4.441633e+00  5.000000e-01
     vertex -1.720031e+01  5.305593e+00  7.500000e+00
     vertex -1.720031e+01  5.305593e+00  5.000000e-01
   endloop
 endfacet
 facet normal -9.749279e-01  2.225209e-01  0.000000e+00
   outer loop
     vertex -1.764310e+01  3.566631e+00  5.000000e-01
     vertex -1.764310e+01  3.566631e+00  7.500000e+00
     vertex -1.744339e+01  4.441633e+00  7.500000e+00
   endloop
 endfacet
 facet normal -9.848078e-01  1.736482e-01  0.000000e+00
   outer loop
     vertex -1.764310e+01  3.566631e+00  5.000000e-01
     vertex -1.779895e+01  2.682761e+00  7.500000e+00
     vertex -1.764310e+01  3.566631e+00  7.500000e+00
   endloop
 endfacet
 facet normal -9.749279e-01  2.225209e-01  0.000000e+00
   outer loop
     vertex -1.764310e+01  3.566631e+00  5.000000e-01
     vertex -1.744339e+01  4.441633e+00  7.500000e+00
     vertex -1.744339e+01  4.441633e+00  5.000000e-01
   endloop
 endfacet
 facet normal -9.922392e-01  1.243437e-01  0.000000e+00
   outer loop
     vertex -1.779895e+01  2.682761e+00  5.000000e-01
     vertex -1.791055e+01  1.792221e+00  7.500000e+00
     vertex -1.779895e+01  2.682761e+00  7.500000e+00
   endloop
 endfacet
 facet normal -9.848078e-01  1.736482e-01  0.000000e+00
   outer loop
     vertex -1.779895e+01  2.682761e+00  5.000000e-01
     vertex -1.779895e+01  2.682761e+00  7.500000e+00
     vertex -1.764310e+01  3.566631e+00  5.000000e-01
   endloop
 endfacet
 facet normal -9.972038e-01  7.473009e-02  0.000000e+00
   outer loop
     vertex -1.791055e+01  1.792221e+00  5.000000e-01
     vertex -1.797762e+01  8.972259e-01  7.500000e+00
     vertex -1.791055e+01  1.792221e+00  7.500000e+00
   endloop
 endfacet
 facet normal -9.922392e-01  1.243437e-01  0.000000e+00
   outer loop
     vertex -1.791055e+01  1.792221e+00  5.000000e-01
     vertex -1.791055e+01  1.792221e+00  7.500000e+00
     vertex -1.779895e+01  2.682761e+00  5.000000e-01
   endloop
 endfacet
 facet normal -9.972038e-01  7.473009e-02  0.000000e+00
   outer loop
     vertex -1.797762e+01  8.972259e-01  5.000000e-01
     vertex -1.797762e+01  8.972259e-01  7.500000e+00
     vertex -1.791055e+01  1.792221e+00  5.000000e-01
   endloop
 endfacet
 facet normal -9.996892e-01  2.493069e-02  0.000000e+00
   outer loop
     vertex -1.800000e+01 -6.174448e-14  5.000000e-01
     vertex -1.797762e+01  8.972259e-01  7.500000e+00
     vertex -1.797762e+01  8.972259e-01  5.000000e-01
   endloop
 endfacet
 facet normal -9.996892e-01  2.493069e-02  0.000000e+00
   outer loop
     vertex -1.800000e+01 -6.174448e-14  5.000000e-01
     vertex -1.800000e+01 -6.174448e-14  7.500000e+00
     vertex -1.797762e+01  8.972259e-01  7.500000e+00
   endloop
 endfacet
 facet normal -9.996892e-01 -2.493069e-02  0.000000e+00
   outer loop
     vertex -1.797762e+01 -8.972259e-01  5.000000e-01
     vertex -1.800000e+01 -6.174448e-14  7.500000e+00
     vertex -1.800000e+01 -6.174448e-14  5.000000e-01
   endloop
 endfacet
 facet normal -9.996892e-01 -2.493069e-02  0.000000e+00
   outer loop
     vertex -1.797762e+01 -8.972259e-01  5.000000e-01
     vertex -1.797762e+01 -8.972259e-01  7.500000e+00
     vertex -1.800000e+01 -6.174448e-14  7.500000e+00
   endloop
 endfacet
 facet normal -9.972038e-01 -7.473009e-02  0.000000e+00
   outer loop
     vertex -1.791055e+01 -1.792221e+00  5.000000e-01
     vertex -1.797762e+01 -8.972259e-01  7.500000e+00
     vertex -1.797762e+01 -8.972259e-01  5.000000e-01
   endloop
 endfacet
 facet normal -9.972038e-01 -7.473009e-02  0.000000e+00
   outer loop
     vertex -1.791055e+01 -1.792221e+00  5.000000e-01
     vertex -1.791055e+01 -1.792221e+00  7.500000e+00
     vertex -1.797762e+01 -8.972259e-01  7.500000e+00
   endloop
 endfacet
 facet normal -9.922392e-01 -1.243437e-01  0.000000e+00
   outer loop
     vertex -1.779895e+01 -2.682761e+00  5.000000e-01
     vertex -1.791055e+01 -1.792221e+00  7.500000e+00
     vertex -1.791055e+01 -1.792221e+00  5.000000e-01
   endloop
 endfacet
 facet normal -9.922392e-01 -1.243437e-01  0.000000e+00
   outer loop
     vertex -1.779895e+01 -2.682761e+00  5.000000e-01
     vertex -1.779895e+01 -2.682761e+00  7.500000e+00
     vertex -1.791055e+01 -1.792221e+00  7.500000e+00
   endloop
 endfacet
 facet normal -9.848078e-01 -1.736482e-01  0.000000e+00
   outer loop
     vertex -1.779895e+01 -2.682761e+00  5.000000e-01
     vertex -1.764310e+01 -3.566631e+00  7.500000e+00
     vertex -1.779895e+01 -2.682761e+00  7.500000e+00
   endloop
 endfacet
 facet normal -9.848078e-01 -1.736482e-01  0.000000e+00
   outer loop
     vertex -1.764310e+01 -3.566631e+00  5.000000e-01
     vertex -1.764310e+01 -3.566631e+00  7.500000e+00
     vertex -1.779895e+01 -2.682761e+00  5.000000e-01
   endloop
 endfacet
 facet normal -9.749279e-01 -2.225209e-01  0.000000e+00
   outer loop
     vertex -1.764310e+01 -3.566631e+00  5.000000e-01
     vertex -1.744339e+01 -4.441633e+00  7.500000e+00
     vertex -1.764310e+01 -3.566631e+00  7.500000e+00
   endloop
 endfacet
 facet normal -9.749279e-01 -2.225209e-01  0.000000e+00
   outer loop
     vertex -1.744339e+01 -4.441633e+00  5.000000e-01
     vertex -1.744339e+01 -4.441633e+00  7.500000e+00
     vertex -1.764310e+01 -3.566631e+00  5.000000e-01
   endloop
 endfacet
 facet normal -9.626242e-01 -2.708405e-01  0.000000e+00
   outer loop
     vertex -1.720031e+01 -5.305593e+00  5.000000e-01
     vertex -1.744339e+01 -4.441633e+00  7.500000e+00
     vertex -1.744339e+01 -4.441633e+00  5.000000e-01
   endloop
 endfacet
 facet normal -9.626242e-01 -2.708405e-01  0.000000e+00
   outer loop
     vertex -1.720031e+01 -5.305593e+00  5.000000e-01
     vertex -1.720031e+01 -5.305593e+00  7.500000e+00
     vertex -1.744339e+01 -4.441633e+00  7.500000e+00
   endloop
 endfacet
 facet normal -9.479273e-01 -3.184867e-01  0.000000e+00
   outer loop
     vertex -1.691447e+01 -6.156363e+00  5.000000e-01
     vertex -1.720031e+01 -5.305593e+00  7.500000e+00
     vertex -1.720031e+01 -5.305593e+00  5.000000e-01
   endloop
 endfacet
 facet normal -9.479273e-01 -3.184867e-01  0.000000e+00
   outer loop
     vertex -1.691447e+01 -6.156363e+00  5.000000e-01
     vertex -1.691447e+01 -6.156363e+00  7.500000e+00
     vertex -1.720031e+01 -5.305593e+00  7.500000e+00
   endloop
 endfacet
 facet normal -9.308737e-01 -3.653410e-01  0.000000e+00
   outer loop
     vertex -1.691447e+01 -6.156363e+00  5.000000e-01
     vertex -1.658657e+01 -6.991826e+00  7.500000e+00
     vertex -1.691447e+01 -6.156363e+00  7.500000e+00
   endloop
 endfacet
 facet normal -9.308737e-01 -3.653410e-01  0.000000e+00
   outer loop
     vertex -1.658657e+01 -6.991826e+00  5.000000e-01
     vertex -1.658657e+01 -6.991826e+00  7.500000e+00
     vertex -1.691447e+01 -6.156363e+00  5.000000e-01
   endloop
 endfacet
 facet normal -9.115059e-01 -4.112871e-01  0.000000e+00
   outer loop
     vertex -1.621744e+01 -7.809907e+00  5.000000e-01
     vertex -1.658657e+01 -6.991826e+00  7.500000e+00
     vertex -1.658657e+01 -6.991826e+00  5.000000e-01
   endloop
 endfacet
 facet normal -9.115059e-01 -4.112871e-01  0.000000e+00
   outer loop
     vertex -1.621744e+01 -7.809907e+00  5.000000e-01
     vertex -1.621744e+01 -7.809907e+00  7.500000e+00
     vertex -1.658657e+01 -6.991826e+00  7.500000e+00
   endloop
 endfacet
 facet normal -8.898718e-01 -4.562107e-01  0.000000e+00
   outer loop
     vertex -1.580799e+01 -8.608572e+00  5.000000e-01
     vertex -1.621744e+01 -7.809907e+00  7.500000e+00
     vertex -1.621744e+01 -7.809907e+00  5.000000e-01
   endloop
 endfacet
 facet normal -8.898718e-01 -4.562107e-01  0.000000e+00
   outer loop
     vertex -1.580799e+01 -8.608572e+00  5.000000e-01
     vertex -1.580799e+01 -8.608572e+00  7.500000e+00
     vertex -1.621744e+01 -7.809907e+00  7.500000e+00
   endloop
 endfacet
 facet normal -8.660254e-01 -5.000000e-01  0.000000e+00
   outer loop
     vertex -1.580799e+01 -8.608572e+00  5.000000e-01
     vertex -1.535924e+01 -9.385834e+00  7.500000e+00
     vertex -1.580799e+01 -8.608572e+00  7.500000e+00
   endloop
 endfacet
 facet normal -8.660254e-01 -5.000000e-01  0.000000e+00
   outer loop
     vertex -1.535924e+01 -9.385834e+00  5.000000e-01
     vertex -1.535924e+01 -9.385834e+00  7.500000e+00
     vertex -1.580799e+01 -8.608572e+00  5.000000e-01
   endloop
 endfacet
 facet normal -8.400259e-01 -5.425463e-01  0.000000e+00
   outer loop
     vertex -1.535924e+01 -9.385834e+00  5.000000e-01
     vertex -1.487230e+01 -1.013976e+01  7.500000e+00
     vertex -1.535924e+01 -9.385834e+00  7.500000e+00
   endloop
 endfacet
 facet normal -8.400259e-01 -5.425463e-01  0.000000e+00
   outer loop
     vertex -1.487230e+01 -1.013976e+01  5.000000e-01
     vertex -1.487230e+01 -1.013976e+01  7.500000e+00
     vertex -1.535924e+01 -9.385834e+00  5.000000e-01
   endloop
 endfacet
 facet normal -8.119380e-01 -5.837437e-01  0.000000e+00
   outer loop
     vertex -1.434839e+01 -1.086848e+01  5.000000e-01
     vertex -1.487230e+01 -1.013976e+01  7.500000e+00
     vertex -1.487230e+01 -1.013976e+01  5.000000e-01
   endloop
 endfacet
 facet normal -8.119380e-01 -5.837437e-01  0.000000e+00
   outer loop
     vertex -1.434839e+01 -1.086848e+01  5.000000e-01
     vertex -1.434839e+01 -1.086848e+01  7.500000e+00
     vertex -1.487230e+01 -1.013976e+01  7.500000e+00
   endloop
 endfacet
 facet normal -7.818315e-01 -6.234898e-01  0.000000e+00
   outer loop
     vertex -1.434839e+01 -1.086848e+01  5.000000e-01
     vertex -1.378880e+01 -1.157018e+01  7.500000e+00
     vertex -1.434839e+01 -1.086848e+01  7.500000e+00
   endloop
 endfacet
 facet normal -7.818315e-01 -6.234898e-01  0.000000e+00
   outer loop
     vertex -1.378880e+01 -1.157018e+01  5.000000e-01
     vertex -1.378880e+01 -1.157018e+01  7.500000e+00
     vertex -1.434839e+01 -1.086848e+01  5.000000e-01
   endloop
 endfacet
 facet normal -7.497812e-01 -6.616858e-01  0.000000e+00
   outer loop
     vertex -1.319493e+01 -1.224311e+01  5.000000e-01
     vertex -1.378880e+01 -1.157018e+01  7.500000e+00
     vertex -1.378880e+01 -1.157018e+01  5.000000e-01
   endloop
 endfacet
 facet normal -7.497812e-01 -6.616858e-01  0.000000e+00
   outer loop
     vertex -1.319493e+01 -1.224311e+01  5.000000e-01
     vertex -1.319493e+01 -1.224311e+01  7.500000e+00
     vertex -1.378880e+01 -1.157018e+01  7.500000e+00
   endloop
 endfacet
 facet normal -7.158668e-01 -6.982368e-01  0.000000e+00
   outer loop
     vertex -1.256826e+01 -1.288560e+01  5.000000e-01
     vertex -1.319493e+01 -1.224311e+01  7.500000e+00
     vertex -1.319493e+01 -1.224311e+01  5.000000e-01
   endloop
 endfacet
 facet normal -7.158668e-01 -6.982368e-01  0.000000e+00
   outer loop
     vertex -1.256826e+01 -1.288560e+01  5.000000e-01
     vertex -1.256826e+01 -1.288560e+01  7.500000e+00
     vertex -1.319493e+01 -1.224311e+01  7.500000e+00
   endloop
 endfacet
 facet normal -6.801727e-01 -7.330519e-01  0.000000e+00
   outer loop
     vertex -1.256826e+01 -1.288560e+01  5.000000e-01
     vertex -1.191035e+01 -1.349606e+01  7.500000e+00
     vertex -1.256826e+01 -1.288560e+01  7.500000e+00
   endloop
 endfacet
 facet normal -6.801727e-01 -7.330519e-01  0.000000e+00
   outer loop
     vertex -1.191035e+01 -1.349606e+01  5.000000e-01
     vertex -1.191035e+01 -1.349606e+01  7.500000e+00
     vertex -1.256826e+01 -1.288560e+01  5.000000e-01
   endloop
 endfacet
 facet normal -6.427876e-01 -7.660444e-01  0.000000e+00
   outer loop
     vertex -1.122282e+01 -1.407297e+01  5.000000e-01
     vertex -1.191035e+01 -1.349606e+01  7.500000e+00
     vertex -1.191035e+01 -1.349606e+01  5.000000e-01
   endloop
 endfacet
 facet normal -6.427876e-01 -7.660444e-01  0.000000e+00
   outer loop
     vertex -1.122282e+01 -1.407297e+01  5.000000e-01
     vertex -1.122282e+01 -1.407297e+01  7.500000e+00
     vertex -1.191035e+01 -1.349606e+01  7.500000e+00
   endloop
 endfacet
 facet normal -6.038044e-01 -7.971325e-01  0.000000e+00
   outer loop
     vertex -1.122282e+01 -1.407297e+01  5.000000e-01
     vertex -1.050739e+01 -1.461488e+01  7.500000e+00
     vertex -1.122282e+01 -1.407297e+01  7.500000e+00
   endloop
 endfacet
 facet normal -6.038044e-01 -7.971325e-01  0.000000e+00
   outer loop
     vertex -1.050739e+01 -1.461488e+01  5.000000e-01
     vertex -1.050739e+01 -1.461488e+01  7.500000e+00
     vertex -1.122282e+01 -1.407297e+01  5.000000e-01
   endloop
 endfacet
 facet normal -5.633201e-01 -8.262388e-01  0.000000e+00
   outer loop
     vertex -9.765833e+00 -1.512047e+01  5.000000e-01
     vertex -9.765833e+00 -1.512047e+01  7.500000e+00
     vertex -1.050739e+01 -1.461488e+01  7.500000e+00
   endloop
 endfacet
 facet normal -5.633201e-01 -8.262388e-01  0.000000e+00
   outer loop
     vertex -9.765833e+00 -1.512047e+01  5.000000e-01
     vertex -1.050739e+01 -1.461488e+01  7.500000e+00
     vertex -1.050739e+01 -1.461488e+01  5.000000e-01
   endloop
 endfacet
 facet normal -5.214352e-01 -8.532909e-01  0.000000e+00
   outer loop
     vertex -9.000000e+00 -1.558846e+01  5.000000e-01
     vertex -9.000000e+00 -1.558846e+01  7.500000e+00
     vertex -9.765833e+00 -1.512047e+01  7.500000e+00
   endloop
 endfacet
 facet normal -5.214352e-01 -8.532909e-01  0.000000e+00
   outer loop
     vertex -9.000000e+00 -1.558846e+01  5.000000e-01
     vertex -9.765833e+00 -1.512047e+01  7.500000e+00
     vertex -9.765833e+00 -1.512047e+01  5.000000e-01
   endloop
 endfacet
 facet normal -4.782540e-01 -8.782216e-01  0.000000e+00
   outer loop
     vertex -8.211792e+00 -1.601769e+01  5.000000e-01
     vertex -8.211792e+00 -1.601769e+01  7.500000e+00
     vertex -9.000000e+00 -1.558846e+01  7.500000e+00
   endloop
 endfacet
 facet normal -4.782540e-01 -8.782216e-01  0.000000e+00
   outer loop
     vertex -8.211792e+00 -1.601769e+01  5.000000e-01
     vertex -9.000000e+00 -1.558846e+01  7.500000e+00
     vertex -9.000000e+00 -1.558846e+01  5.000000e-01
   endloop
 endfacet
 facet normal -4.338837e-01 -9.009689e-01  0.000000e+00
   outer loop
     vertex -7.403168e+00 -1.640711e+01  5.000000e-01
     vertex -7.403168e+00 -1.640711e+01  7.500000e+00
     vertex -8.211792e+00 -1.601769e+01  7.500000e+00
   endloop
 endfacet
 facet normal -3.884348e-01 -9.214762e-01  0.000000e+00
   outer loop
     vertex -7.403168e+00 -1.640711e+01  5.000000e-01
     vertex -6.576138e+00 -1.675573e+01  7.500000e+00
     vertex -7.403168e+00 -1.640711e+01  7.500000e+00
   endloop
 endfacet
 facet normal -4.338837e-01 -9.009689e-01  0.000000e+00
   outer loop
     vertex -7.403168e+00 -1.640711e+01  5.000000e-01
     vertex -8.211792e+00 -1.601769e+01  7.500000e+00
     vertex -8.211792e+00 -1.601769e+01  5.000000e-01
   endloop
 endfacet
 facet normal -3.884348e-01 -9.214762e-01  0.000000e+00
   outer loop
     vertex -6.576138e+00 -1.675573e+01  5.000000e-01
     vertex -6.576138e+00 -1.675573e+01  7.500000e+00
     vertex -7.403168e+00 -1.640711e+01  5.000000e-01
   endloop
 endfacet
 facet normal -3.420201e-01 -9.396926e-01  0.000000e+00
   outer loop
     vertex -5.732760e+00 -1.706269e+01  5.000000e-01
     vertex -6.576138e+00 -1.675573e+01  7.500000e+00
     vertex -6.576138e+00 -1.675573e+01  5.000000e-01
   endloop
 endfacet
 facet normal -3.420201e-01 -9.396926e-01  0.000000e+00
   outer loop
     vertex -5.732760e+00 -1.706269e+01  5.000000e-01
     vertex -5.732760e+00 -1.706269e+01  7.500000e+00
     vertex -6.576138e+00 -1.675573e+01  7.500000e+00
   endloop
 endfacet
 facet normal -2.947552e-01 -9.555728e-01  0.000000e+00
   outer loop
     vertex -4.875128e+00 -1.732724e+01  5.000000e-01
     vertex -5.732760e+00 -1.706269e+01  7.500000e+00
     vertex -5.732760e+00 -1.706269e+01  5.000000e-01
   endloop
 endfacet
 facet normal -2.947552e-01 -9.555728e-01  0.000000e+00
   outer loop
     vertex -4.875128e+00 -1.732724e+01  5.000000e-01
     vertex -4.875128e+00 -1.732724e+01  7.500000e+00
     vertex -5.732760e+00 -1.706269e+01  7.500000e+00
   endloop
 endfacet
 facet normal -2.467574e-01 -9.690773e-01  0.000000e+00
   outer loop
     vertex -4.005377e+00 -1.754870e+01  5.000000e-01
     vertex -4.875128e+00 -1.732724e+01  7.500000e+00
     vertex -4.875128e+00 -1.732724e+01  5.000000e-01
   endloop
 endfacet
 facet normal -2.467574e-01 -9.690773e-01  0.000000e+00
   outer loop
     vertex -4.005377e+00 -1.754870e+01  5.000000e-01
     vertex -4.005377e+00 -1.754870e+01  7.500000e+00
     vertex -4.875128e+00 -1.732724e+01  7.500000e+00
   endloop
 endfacet
 facet normal -1.981461e-01 -9.801725e-01  0.000000e+00
   outer loop
     vertex -3.125667e+00 -1.772654e+01  5.000000e-01
     vertex -4.005377e+00 -1.754870e+01  7.500000e+00
     vertex -4.005377e+00 -1.754870e+01  5.000000e-01
   endloop
 endfacet
 facet normal -1.981461e-01 -9.801725e-01  0.000000e+00
   outer loop
     vertex -3.125667e+00 -1.772654e+01  5.000000e-01
     vertex -3.125667e+00 -1.772654e+01  7.500000e+00
     vertex -4.005377e+00 -1.754870e+01  7.500000e+00
   endloop
 endfacet
 facet normal -1.490423e-01 -9.888308e-01  0.000000e+00
   outer loop
     vertex -2.238187e+00 -1.786031e+01  5.000000e-01
     vertex -3.125667e+00 -1.772654e+01  7.500000e+00
     vertex -3.125667e+00 -1.772654e+01  5.000000e-01
   endloop
 endfacet
 facet normal -1.490423e-01 -9.888308e-01  0.000000e+00
   outer loop
     vertex -2.238187e+00 -1.786031e+01  5.000000e-01
     vertex -2.238187e+00 -1.786031e+01  7.500000e+00
     vertex -3.125667e+00 -1.772654e+01  7.500000e+00
   endloop
 endfacet
 facet normal -9.956785e-02 -9.950308e-01  0.000000e+00
   outer loop
     vertex -2.238187e+00 -1.786031e+01  5.000000e-01
     vertex -1.345142e+00 -1.794967e+01  7.500000e+00
     vertex -2.238187e+00 -1.786031e+01  7.500000e+00
   endloop
 endfacet
 facet normal -9.956785e-02 -9.950308e-01  0.000000e+00
   outer loop
     vertex -1.345142e+00 -1.794967e+01  5.000000e-01
     vertex -1.345142e+00 -1.794967e+01  7.500000e+00
     vertex -2.238187e+00 -1.786031e+01  5.000000e-01
   endloop
 endfacet
 facet normal -4.984589e-02 -9.987569e-01  0.000000e+00
   outer loop
     vertex -4.487525e-01 -1.799441e+01  5.000000e-01
     vertex -1.345142e+00 -1.794967e+01  7.500000e+00
     vertex -1.345142e+00 -1.794967e+01  5.000000e-01
   endloop
 endfacet
 facet normal -4.984589e-02 -9.987569e-01  0.000000e+00
   outer loop
     vertex -4.487525e-01 -1.799441e+01  5.000000e-01
     vertex -4.487525e-01 -1.799441e+01  7.500000e+00
     vertex -1.345142e+00 -1.794967e+01  7.500000e+00
   endloop
 endfacet
 facet normal  7.916867e-15 -1.000000e+00  0.000000e+00
   outer loop
     vertex  4.487525e-01 -1.799441e+01  5.000000e-01
     vertex -4.487525e-01 -1.799441e+01  7.500000e+00
     vertex -4.487525e-01 -1.799441e+01  5.000000e-01
   endloop
 endfacet
 facet normal  7.916867e-15 -1.000000e+00  0.000000e+00
   outer loop
     vertex  4.487525e-01 -1.799441e+01  5.000000e-01
     vertex  4.487525e-01 -1.799441e+01  7.500000e+00
     vertex -4.487525e-01 -1.799441e+01  7.500000e+00
   endloop
 endfacet
 facet normal  4.984589e-02 -9.987569e-01  0.000000e+00
   outer loop
     vertex  1.345142e+00 -1.794967e+01  5.000000e-01
     vertex  4.487525e-01 -1.799441e+01  7.500000e+00
     vertex  4.487525e-01 -1.799441e+01  5.000000e-01
   endloop
 endfacet
 facet normal  4.984589e-02 -9.987569e-01  0.000000e+00
   outer loop
     vertex  1.345142e+00 -1.794967e+01  5.000000e-01
     vertex  1.345142e+00 -1.794967e+01  7.500000e+00
     vertex  4.487525e-01 -1.799441e+01  7.500000e+00
   endloop
 endfacet
 facet normal  9.956785e-02 -9.950308e-01  0.000000e+00
   outer loop
     vertex  2.238187e+00 -1.786031e+01  5.000000e-01
     vertex  1.345142e+00 -1.794967e+01  7.500000e+00
     vertex  1.345142e+00 -1.794967e+01  5.000000e-01
   endloop
 endfacet
 facet normal  9.956785e-02 -9.950308e-01  0.000000e+00
   outer loop
     vertex  2.238187e+00 -1.786031e+01  5.000000e-01
     vertex  2.238187e+00 -1.786031e+01  7.500000e+00
     vertex  1.345142e+00 -1.794967e+01  7.500000e+00
   endloop
 endfacet
 facet normal  1.490423e-01 -9.888308e-01  0.000000e+00
   outer loop
     vertex  3.125667e+00 -1.772654e+01  5.000000e-01
     vertex  2.238187e+00 -1.786031e+01  7.500000e+00
     vertex  2.238187e+00 -1.786031e+01  5.000000e-01
   endloop
 endfacet
 facet normal  1.490423e-01 -9.888308e-01  0.000000e+00
   outer loop
     vertex  3.125667e+00 -1.772654e+01  5.000000e-01
     vertex  3.125667e+00 -1.772654e+01  7.500000e+00
     vertex  2.238187e+00 -1.786031e+01  7.500000e+00
   endloop
 endfacet
 facet normal  1.981461e-01 -9.801725e-01  0.000000e+00
   outer loop
     vertex  4.005377e+00 -1.754870e+01  5.000000e-01
     vertex  3.125667e+00 -1.772654e+01  7.500000e+00
     vertex  3.125667e+00 -1.772654e+01  5.000000e-01
   endloop
 endfacet
 facet normal  1.981461e-01 -9.801725e-01  0.000000e+00
   outer loop
     vertex  4.005377e+00 -1.754870e+01  5.000000e-01
     vertex  4.005377e+00 -1.754870e+01  7.500000e+00
     vertex  3.125667e+00 -1.772654e+01  7.500000e+00
   endloop
 endfacet
 facet normal  2.467574e-01 -9.690773e-01  0.000000e+00
   outer loop
     vertex  4.875128e+00 -1.732724e+01  5.000000e-01
     vertex  4.875128e+00 -1.732724e+01  7.500000e+00
     vertex  4.005377e+00 -1.754870e+01  7.500000e+00
   endloop
 endfacet
 facet normal  2.467574e-01 -9.690773e-01  0.000000e+00
   outer loop
     vertex  4.875128e+00 -1.732724e+01  5.000000e-01
     vertex  4.005377e+00 -1.754870e+01  7.500000e+00
     vertex  4.005377e+00 -1.754870e+01  5.000000e-01
   endloop
 endfacet
 facet normal  2.947552e-01 -9.555728e-01  0.000000e+00
   outer loop
     vertex  5.732760e+00 -1.706269e+01  5.000000e-01
     vertex  5.732760e+00 -1.706269e+01  7.500000e+00
     vertex  4.875128e+00 -1.732724e+01  7.500000e+00
   endloop
 endfacet
 facet normal  2.947552e-01 -9.555728e-01  0.000000e+00
   outer loop
     vertex  5.732760e+00 -1.706269e+01  5.000000e-01
     vertex  4.875128e+00 -1.732724e+01  7.500000e+00
     vertex  4.875128e+00 -1.732724e+01  5.000000e-01
   endloop
 endfacet
 facet normal  3.420201e-01 -9.396926e-01  0.000000e+00
   outer loop
     vertex  6.576138e+00 -1.675573e+01  5.000000e-01
     vertex  6.576138e+00 -1.675573e+01  7.500000e+00
     vertex  5.732760e+00 -1.706269e+01  7.500000e+00
   endloop
 endfacet
 facet normal  3.884348e-01 -9.214762e-01  0.000000e+00
   outer loop
     vertex  6.576138e+00 -1.675573e+01  5.000000e-01
     vertex  7.403168e+00 -1.640711e+01  7.500000e+00
     vertex  6.576138e+00 -1.675573e+01  7.500000e+00
   endloop
 endfacet
 facet normal  3.420201e-01 -9.396926e-01  0.000000e+00
   outer loop
     vertex  6.576138e+00 -1.675573e+01  5.000000e-01
     vertex  5.732760e+00 -1.706269e+01  7.500000e+00
     vertex  5.732760e+00 -1.706269e+01  5.000000e-01
   endloop
 endfacet
 facet normal  3.884348e-01 -9.214762e-01  0.000000e+00
   outer loop
     vertex  7.403168e+00 -1.640711e+01  5.000000e-01
     vertex  7.403168e+00 -1.640711e+01  7.500000e+00
     vertex  6.576138e+00 -1.675573e+01  5.000000e-01
   endloop
 endfacet
 facet normal  4.338837e-01 -9.009689e-01  0.000000e+00
   outer loop
     vertex  8.211792e+00 -1.601769e+01  5.000000e-01
     vertex  8.211792e+00 -1.601769e+01  7.500000e+00
     vertex  7.403168e+00 -1.640711e+01  7.500000e+00
   endloop
 endfacet
 facet normal  4.338837e-01 -9.009689e-01  0.000000e+00
   outer loop
     vertex  8.211792e+00 -1.601769e+01  5.000000e-01
     vertex  7.403168e+00 -1.640711e+01  7.500000e+00
     vertex  7.403168e+00 -1.640711e+01  5.000000e-01
   endloop
 endfacet
 facet normal  4.782540e-01 -8.782216e-01  0.000000e+00
   outer loop
     vertex  9.000000e+00 -1.558846e+01  5.000000e-01
     vertex  9.000000e+00 -1.558846e+01  7.500000e+00
     vertex  8.211792e+00 -1.601769e+01  7.500000e+00
   endloop
 endfacet
 facet normal  4.782540e-01 -8.782216e-01  0.000000e+00
   outer loop
     vertex  9.000000e+00 -1.558846e+01  5.000000e-01
     vertex  8.211792e+00 -1.601769e+01  7.500000e+00
     vertex  8.211792e+00 -1.601769e+01  5.000000e-01
   endloop
 endfacet
 facet normal  5.214352e-01 -8.532909e-01  0.000000e+00
   outer loop
     vertex  9.765833e+00 -1.512047e+01  5.000000e-01
     vertex  9.765833e+00 -1.512047e+01  7.500000e+00
     vertex  9.000000e+00 -1.558846e+01  7.500000e+00
   endloop
 endfacet
 facet normal  5.633201e-01 -8.262388e-01  0.000000e+00
   outer loop
     vertex  9.765833e+00 -1.512047e+01  5.000000e-01
     vertex  1.050739e+01 -1.461488e+01  7.500000e+00
     vertex  9.765833e+00 -1.512047e+01  7.500000e+00
   endloop
 endfacet
 facet normal  5.214352e-01 -8.532909e-01  0.000000e+00
   outer loop
     vertex  9.765833e+00 -1.512047e+01  5.000000e-01
     vertex  9.000000e+00 -1.558846e+01  7.500000e+00
     vertex  9.000000e+00 -1.558846e+01  5.000000e-01
   endloop
 endfacet
 facet normal  5.633201e-01 -8.262388e-01  0.000000e+00
   outer loop
     vertex  1.050739e+01 -1.461488e+01  5.000000e-01
     vertex  1.050739e+01 -1.461488e+01  7.500000e+00
     vertex  9.765833e+00 -1.512047e+01  5.000000e-01
   endloop
 endfacet
 facet normal  6.038044e-01 -7.971325e-01  0.000000e+00
   outer loop
     vertex  1.122282e+01 -1.407297e+01  5.000000e-01
     vertex  1.122282e+01 -1.407297e+01  7.500000e+00
     vertex  1.050739e+01 -1.461488e+01  7.500000e+00
   endloop
 endfacet
 facet normal  6.038044e-01 -7.971325e-01  0.000000e+00
   outer loop
     vertex  1.122282e+01 -1.407297e+01  5.000000e-01
     vertex  1.050739e+01 -1.461488e+01  7.500000e+00
     vertex  1.050739e+01 -1.461488e+01  5.000000e-01
   endloop
 endfacet
 facet normal  6.427876e-01 -7.660444e-01  0.000000e+00
   outer loop
     vertex  1.191035e+01 -1.349606e+01  5.000000e-01
     vertex  1.191035e+01 -1.349606e+01  7.500000e+00
     vertex  1.122282e+01 -1.407297e+01  7.500000e+00
   endloop
 endfacet
 facet normal  6.427876e-01 -7.660444e-01  0.000000e+00
   outer loop
     vertex  1.191035e+01 -1.349606e+01  5.000000e-01
     vertex  1.122282e+01 -1.407297e+01  7.500000e+00
     vertex  1.122282e+01 -1.407297e+01  5.000000e-01
   endloop
 endfacet
 facet normal  6.801727e-01 -7.330519e-01  0.000000e+00
   outer loop
     vertex  1.256826e+01 -1.288560e+01  5.000000e-01
     vertex  1.256826e+01 -1.288560e+01  7.500000e+00
     vertex  1.191035e+01 -1.349606e+01  7.500000e+00
   endloop
 endfacet
 facet normal  7.158668e-01 -6.982368e-01  0.000000e+00
   outer loop
     vertex  1.256826e+01 -1.288560e+01  5.000000e-01
     vertex  1.319493e+01 -1.224311e+01  7.500000e+00
     vertex  1.256826e+01 -1.288560e+01  7.500000e+00
   endloop
 endfacet
 facet normal  6.801727e-01 -7.330519e-01  0.000000e+00
   outer loop
     vertex  1.256826e+01 -1.288560e+01  5.000000e-01
     vertex  1.191035e+01 -1.349606e+01  7.500000e+00
     vertex  1.191035e+01 -1.349606e+01  5.000000e-01
   endloop
 endfacet
 facet normal  7.158668e-01 -6.982368e-01  0.000000e+00
   outer loop
     vertex  1.319493e+01 -1.224311e+01  5.000000e-01
     vertex  1.319493e+01 -1.224311e+01  7.500000e+00
     vertex  1.256826e+01 -1.288560e+01  5.000000e-01
   endloop
 endfacet
 facet normal  7.497812e-01 -6.616858e-01  0.000000e+00
   outer loop
     vertex  1.378880e+01 -1.157018e+01  5.000000e-01
     vertex  1.319493e+01 -1.224311e+01  7.500000e+00
     vertex  1.319493e+01 -1.224311e+01  5.000000e-01
   endloop
 endfacet
 facet normal  7.497812e-01 -6.616858e-01  0.000000e+00
   outer loop
     vertex  1.378880e+01 -1.157018e+01  5.000000e-01
     vertex  1.378880e+01 -1.157018e+01  7.500000e+00
     vertex  1.319493e+01 -1.224311e+01  7.500000e+00
   endloop
 endfacet
 facet normal  7.818315e-01 -6.234898e-01  0.000000e+00
   outer loop
     vertex  1.434839e+01 -1.086848e+01  5.000000e-01
     vertex  1.378880e+01 -1.157018e+01  7.500000e+00
     vertex  1.378880e+01 -1.157018e+01  5.000000e-01
   endloop
 endfacet
 facet normal  7.818315e-01 -6.234898e-01  0.000000e+00
   outer loop
     vertex  1.434839e+01 -1.086848e+01  5.000000e-01
     vertex  1.434839e+01 -1.086848e+01  7.500000e+00
     vertex  1.378880e+01 -1.157018e+01  7.500000e+00
   endloop
 endfacet
 facet normal  8.119380e-01 -5.837437e-01  0.000000e+00
   outer loop
     vertex  1.434839e+01 -1.086848e+01  5.000000e-01
     vertex  1.487230e+01 -1.013976e+01  7.500000e+00
     vertex  1.434839e+01 -1.086848e+01  7.500000e+00
   endloop
 endfacet
 facet normal  8.119380e-01 -5.837437e-01  0.000000e+00
   outer loop
     vertex  1.487230e+01 -1.013976e+01  5.000000e-01
     vertex  1.487230e+01 -1.013976e+01  7.500000e+00
     vertex  1.434839e+01 -1.086848e+01  5.000000e-01
   endloop
 endfacet
 facet normal  8.400259e-01 -5.425463e-01  0.000000e+00
   outer loop
     vertex  1.535924e+01 -9.385834e+00  5.000000e-01
     vertex  1.487230e+01 -1.013976e+01  7.500000e+00
     vertex  1.487230e+01 -1.013976e+01  5.000000e-01
   endloop
 endfacet
 facet normal  8.400259e-01 -5.425463e-01  0.000000e+00
   outer loop
     vertex  1.535924e+01 -9.385834e+00  5.000000e-01
     vertex  1.535924e+01 -9.385834e+00  7.500000e+00
     vertex  1.487230e+01 -1.013976e+01  7.500000e+00
   endloop
 endfacet
 facet normal  8.660254e-01 -5.000000e-01  0.000000e+00
   outer loop
     vertex  1.535924e+01 -9.385834e+00  5.000000e-01
     vertex  1.580799e+01 -8.608572e+00  7.500000e+00
     vertex  1.535924e+01 -9.385834e+00  7.500000e+00
   endloop
 endfacet
 facet normal  8.660254e-01 -5.000000e-01  0.000000e+00
   outer loop
     vertex  1.580799e+01 -8.608572e+00  5.000000e-01
     vertex  1.580799e+01 -8.608572e+00  7.500000e+00
     vertex  1.535924e+01 -9.385834e+00  5.000000e-01
   endloop
 endfacet
 facet normal  8.898718e-01 -4.562107e-01  0.000000e+00
   outer loop
     vertex  1.621744e+01 -7.809907e+00  5.000000e-01
     vertex  1.621744e+01 -7.809907e+00  7.500000e+00
     vertex  1.580799e+01 -8.608572e+00  7.500000e+00
   endloop
 endfacet
 facet normal  9.115059e-01 -4.112871e-01  0.000000e+00
   outer loop
     vertex  1.621744e+01 -7.809907e+00  5.000000e-01
     vertex  1.658657e+01 -6.991826e+00  7.500000e+00
     vertex  1.621744e+01 -7.809907e+00  7.500000e+00
   endloop
 endfacet
 facet normal  8.898718e-01 -4.562107e-01  0.000000e+00
   outer loop
     vertex  1.621744e+01 -7.809907e+00  5.000000e-01
     vertex  1.580799e+01 -8.608572e+00  7.500000e+00
     vertex  1.580799e+01 -8.608572e+00  5.000000e-01
   endloop
 endfacet
 facet normal  9.308737e-01 -3.653410e-01  0.000000e+00
   outer loop
     vertex  1.658657e+01 -6.991826e+00  5.000000e-01
     vertex  1.691447e+01 -6.156363e+00  7.500000e+00
     vertex  1.658657e+01 -6.991826e+00  7.500000e+00
   endloop
 endfacet
 facet normal  9.115059e-01 -4.112871e-01  0.000000e+00
   outer loop
     vertex  1.658657e+01 -6.991826e+00  5.000000e-01
     vertex  1.658657e+01 -6.991826e+00  7.500000e+00
     vertex  1.621744e+01 -7.809907e+00  5.000000e-01
   endloop
 endfacet
 facet normal  9.308737e-01 -3.653410e-01  0.000000e+00
   outer loop
     vertex  1.691447e+01 -6.156363e+00  5.000000e-01
     vertex  1.691447e+01 -6.156363e+00  7.500000e+00
     vertex  1.658657e+01 -6.991826e+00  5.000000e-01
   endloop
 endfacet
 facet normal  9.479273e-01 -3.184867e-01  0.000000e+00
   outer loop
     vertex  1.720031e+01 -5.305593e+00  5.000000e-01
     vertex  1.720031e+01 -5.305593e+00  7.500000e+00
     vertex  1.691447e+01 -6.156363e+00  7.500000e+00
   endloop
 endfacet
 facet normal  9.626242e-01 -2.708405e-01  0.000000e+00
   outer loop
     vertex  1.720031e+01 -5.305593e+00  5.000000e-01
     vertex  1.744339e+01 -4.441633e+00  7.500000e+00
     vertex  1.720031e+01 -5.305593e+00  7.500000e+00
   endloop
 endfacet
 facet normal  9.479273e-01 -3.184867e-01  0.000000e+00
   outer loop
     vertex  1.720031e+01 -5.305593e+00  5.000000e-01
     vertex  1.691447e+01 -6.156363e+00  7.500000e+00
     vertex  1.691447e+01 -6.156363e+00  5.000000e-01
   endloop
 endfacet
 facet normal  9.626242e-01 -2.708405e-01  0.000000e+00
   outer loop
     vertex  1.744339e+01 -4.441633e+00  5.000000e-01
     vertex  1.744339e+01 -4.441633e+00  7.500000e+00
     vertex  1.720031e+01 -5.305593e+00  5.000000e-01
   endloop
 endfacet
 facet normal  9.749279e-01 -2.225209e-01  0.000000e+00
   outer loop
     vertex  1.764310e+01 -3.566631e+00  5.000000e-01
     vertex  1.764310e+01 -3.566631e+00  7.500000e+00
     vertex  1.744339e+01 -4.441633e+00  7.500000e+00
   endloop
 endfacet
 facet normal  9.848078e-01 -1.736482e-01  0.000000e+00
   outer loop
     vertex  1.764310e+01 -3.566631e+00  5.000000e-01
     vertex  1.779895e+01 -2.682761e+00  7.500000e+00
     vertex  1.764310e+01 -3.566631e+00  7.500000e+00
   endloop
 endfacet
 facet normal  9.749279e-01 -2.225209e-01  0.000000e+00
   outer loop
     vertex  1.764310e+01 -3.566631e+00  5.000000e-01
     vertex  1.744339e+01 -4.441633e+00  7.500000e+00
     vertex  1.744339e+01 -4.441633e+00  5.000000e-01
   endloop
 endfacet
 facet normal  9.848078e-01 -1.736482e-01  0.000000e+00
   outer loop
     vertex  1.779895e+01 -2.682761e+00  5.000000e-01
     vertex  1.779895e+01 -2.682761e+00  7.500000e+00
     vertex  1.764310e+01 -3.566631e+00  5.000000e-01
   endloop
 endfacet
 facet normal  9.922392e-01 -1.243437e-01  0.000000e+00
   outer loop
     vertex  1.791055e+01 -1.792221e+00  5.000000e-01
     vertex  1.791055e+01 -1.792221e+00  7.500000e+00
     vertex  1.779895e+01 -2.682761e+00  7.500000e+00
   endloop
 endfacet
 facet normal  9.972038e-01 -7.473009e-02  0.000000e+00
   outer loop
     vertex  1.791055e+01 -1.792221e+00  5.000000e-01
     vertex  1.797762e+01 -8.972259e-01  7.500000e+00
     vertex  1.791055e+01 -1.792221e+00  7.500000e+00
   endloop
 endfacet
 facet normal  9.922392e-01 -1.243437e-01  0.000000e+00
   outer loop
     vertex  1.791055e+01 -1.792221e+00  5.000000e-01
     vertex  1.779895e+01 -2.682761e+00  7.500000e+00
     vertex  1.779895e+01 -2.682761e+00  5.000000e-01
   endloop
 endfacet
 facet normal  9.972038e-01 -7.473009e-02  0.000000e+00
   outer loop
     vertex  1.797762e+01 -8.972259e-01  5.000000e-01
     vertex  1.797762e+01 -8.972259e-01  7.500000e+00
     vertex  1.791055e+01 -1.792221e+00  5.000000e-01
   endloop
 endfacet
 facet normal  9.996892e-01 -2.493069e-02  0.000000e+00
   outer loop
     vertex  1.800000e+01  0.000000e+00  5.000000e-01
     vertex  1.800000e+01  0.000000e+00  7.500000e+00
     vertex  1.797762e+01 -8.972259e-01  7.500000e+00
   endloop
 endfacet
 facet normal  9.996892e-01 -2.493069e-02  0.000000e+00
   outer loop
     vertex  1.800000e+01  0.000000e+00  5.000000e-01
     vertex  1.797762e+01 -8.972259e-01  7.500000e+00
     vertex  1.797762e+01 -8.972259e-01  5.000000e-01
   endloop
 endfacet
 facet normal  7.069969e-01  1.763140e-02 -7.069969e-01
   outer loop
     vertex  1.747825e+01  8.723030e-01  0.000000e+00
     vertex  1.800000e+01  0.000000e+00  5.000000e-01
     vertex  1.750000e+01  0.000000e+00  0.000000e+00
   endloop
 endfacet
 facet normal  7.069969e-01  1.763140e-02 -7.069969e-01
   outer loop
     vertex  1.747825e+01  8.723030e-01  0.000000e+00
     vertex  1.797762e+01  8.972259e-01  5.000000e-01
     vertex  1.800000e+01  0.000000e+00  5.000000e-01
   endloop
 endfacet
 facet normal  7.052392e-01  5.285037e-02 -7.069969e-01
   outer loop
     vertex  1.741304e+01  1.742437e+00  0.000000e+00
     vertex  1.791055e+01  1.792221e+00  5.000000e-01
     vertex  1.797762e+01  8.972259e-01  5.000000e-01
   endloop
 endfacet
 facet normal  7.052392e-01  5.285037e-02 -7.069969e-01
   outer loop
     vertex  1.741304e+01  1.742437e+00  0.000000e+00
     vertex  1.797762e+01  8.972259e-01  5.000000e-01
     vertex  1.747825e+01  8.723030e-01  0.000000e+00
   endloop
 endfacet
 facet normal  7.017281e-01  8.793794e-02 -7.069969e-01
   outer loop
     vertex  1.730454e+01  2.608240e+00  0.000000e+00
     vertex  1.779895e+01  2.682761e+00  5.000000e-01
     vertex  1.791055e+01  1.792221e+00  5.000000e-01
   endloop
 endfacet
 facet normal  7.017281e-01  8.793794e-02 -7.069969e-01
   outer loop
     vertex  1.730454e+01  2.608240e+00  0.000000e+00
     vertex  1.791055e+01  1.792221e+00  5.000000e-01
     vertex  1.741304e+01  1.742437e+00  0.000000e+00
   endloop
 endfacet
 facet normal  6.964725e-01  1.228069e-01 -7.069969e-01
   outer loop
     vertex  1.764310e+01  3.566631e+00  5.000000e-01
     vertex  1.779895e+01  2.682761e+00  5.000000e-01
     vertex  1.730454e+01  2.608240e+00  0.000000e+00
   endloop
 endfacet
 facet normal  6.964725e-01  1.228069e-01 -7.069969e-01
   outer loop
     vertex  1.715302e+01  3.467558e+00  0.000000e+00
     vertex  1.764310e+01  3.566631e+00  5.000000e-01
     vertex  1.730454e+01  2.608240e+00  0.000000e+00
   endloop
 endfacet
 facet normal  6.894853e-01  1.573705e-01 -7.069969e-01
   outer loop
     vertex  1.695885e+01  4.318254e+00  0.000000e+00
     vertex  1.744339e+01  4.441633e+00  5.000000e-01
     vertex  1.764310e+01  3.566631e+00  5.000000e-01
   endloop
 endfacet
 facet normal  6.894853e-01  1.573705e-01 -7.069969e-01
   outer loop
     vertex  1.695885e+01  4.318254e+00  0.000000e+00
     vertex  1.764310e+01  3.566631e+00  5.000000e-01
     vertex  1.715302e+01  3.467558e+00  0.000000e+00
   endloop
 endfacet
 facet normal  6.807839e-01  1.915429e-01 -7.069969e-01
   outer loop
     vertex  1.672252e+01  5.158216e+00  0.000000e+00
     vertex  1.720031e+01  5.305593e+00  5.000000e-01
     vertex  1.744339e+01  4.441633e+00  5.000000e-01
   endloop
 endfacet
 facet normal  6.807839e-01  1.915429e-01 -7.069969e-01
   outer loop
     vertex  1.672252e+01  5.158216e+00  0.000000e+00
     vertex  1.744339e+01  4.441633e+00  5.000000e-01
     vertex  1.695885e+01  4.318254e+00  0.000000e+00
   endloop
 endfacet
 facet normal  6.703900e-01  2.252391e-01 -7.069969e-01
   outer loop
     vertex  1.644462e+01  5.985353e+00  0.000000e+00
     vertex  1.691447e+01  6.156363e+00  5.000000e-01
     vertex  1.720031e+01  5.305593e+00  5.000000e-01
   endloop
 endfacet
 facet normal  6.703900e-01  2.252391e-01 -7.069969e-01
   outer loop
     vertex  1.644462e+01  5.985353e+00  0.000000e+00
     vertex  1.720031e+01  5.305593e+00  5.000000e-01
     vertex  1.672252e+01  5.158216e+00  0.000000e+00
   endloop
 endfacet
 facet normal  6.583294e-01  2.583753e-01 -7.069969e-01
   outer loop
     vertex  1.658657e+01  6.991826e+00  5.000000e-01
     vertex  1.691447e+01  6.156363e+00  5.000000e-01
     vertex  1.644462e+01  5.985353e+00  0.000000e+00
   endloop
 endfacet
 facet normal  6.583294e-01  2.583753e-01 -7.069969e-01
   outer loop
     vertex  1.612583e+01  6.797609e+00  0.000000e+00
     vertex  1.658657e+01  6.991826e+00  5.000000e-01
     vertex  1.644462e+01  5.985353e+00  0.000000e+00
   endloop
 endfacet
 facet normal  6.446321e-01  2.908691e-01 -7.069969e-01
   outer loop
     vertex  1.576696e+01  7.592965e+00  0.000000e+00
     vertex  1.621744e+01  7.809907e+00  5.000000e-01
     vertex  1.658657e+01  6.991826e+00  5.000000e-01
   endloop
 endfacet
 facet normal  6.446321e-01  2.908691e-01 -7.069969e-01
   outer loop
     vertex  1.576696e+01  7.592965e+00  0.000000e+00
     vertex  1.658657e+01  6.991826e+00  5.000000e-01
     vertex  1.612583e+01  6.797609e+00  0.000000e+00
   endloop
 endfacet
 facet normal  6.293322e-01  3.226398e-01 -7.069969e-01
   outer loop
     vertex  1.536888e+01  8.369445e+00  0.000000e+00
     vertex  1.580799e+01  8.608572e+00  5.000000e-01
     vertex  1.621744e+01  7.809907e+00  5.000000e-01
   endloop
 endfacet
 facet normal  6.293322e-01  3.226398e-01 -7.069969e-01
   outer loop
     vertex  1.536888e+01  8.369445e+00  0.000000e+00
     vertex  1.621744e+01  7.809907e+00  5.000000e-01
     vertex  1.576696e+01  7.592965e+00  0.000000e+00
   endloop
 endfacet
 facet normal  6.124676e-01  3.536083e-01 -7.069969e-01
   outer loop
     vertex  1.493259e+01  9.125116e+00  0.000000e+00
     vertex  1.535924e+01  9.385834e+00  5.000000e-01
     vertex  1.580799e+01  8.608572e+00  5.000000e-01
   endloop
 endfacet
 facet normal  6.124676e-01  3.536083e-01 -7.069969e-01
   outer loop
     vertex  1.493259e+01  9.125116e+00  0.000000e+00
     vertex  1.580799e+01  8.608572e+00  5.000000e-01
     vertex  1.536888e+01  8.369445e+00  0.000000e+00
   endloop
 endfacet
 facet normal  5.940803e-01  3.836978e-01 -7.069969e-01
   outer loop
     vertex  1.487230e+01  1.013976e+01  5.000000e-01
     vertex  1.535924e+01  9.385834e+00  5.000000e-01
     vertex  1.493259e+01  9.125116e+00  0.000000e+00
   endloop
 endfacet
 facet normal  5.940803e-01  3.836978e-01 -7.069969e-01
   outer loop
     vertex  1.445918e+01  9.858101e+00  0.000000e+00
     vertex  1.487230e+01  1.013976e+01  5.000000e-01
     vertex  1.493259e+01  9.125116e+00  0.000000e+00
   endloop
 endfacet
 facet normal  5.742161e-01  4.128333e-01 -7.069969e-01
   outer loop
     vertex  1.434839e+01  1.086848e+01  5.000000e-01
     vertex  1.487230e+01  1.013976e+01  5.000000e-01
     vertex  1.445918e+01  9.858101e+00  0.000000e+00
   endloop
 endfacet
 facet normal  5.742161e-01  4.128333e-01 -7.069969e-01
   outer loop
     vertex  1.394982e+01  1.056658e+01  0.000000e+00
     vertex  1.434839e+01  1.086848e+01  5.000000e-01
     vertex  1.445918e+01  9.858101e+00  0.000000e+00
   endloop
 endfacet
 facet normal  5.529243e-01  4.409424e-01 -7.069969e-01
   outer loop
     vertex  1.340578e+01  1.124878e+01  0.000000e+00
     vertex  1.434839e+01  1.086848e+01  5.000000e-01
     vertex  1.394982e+01  1.056658e+01  0.000000e+00
   endloop
 endfacet
 facet normal  5.529243e-01  4.409424e-01 -7.069969e-01
   outer loop
     vertex  1.340578e+01  1.124878e+01  0.000000e+00
     vertex  1.378880e+01  1.157018e+01  5.000000e-01
     vertex  1.434839e+01  1.086848e+01  5.000000e-01
   endloop
 endfacet
 facet normal  5.302578e-01  4.679553e-01 -7.069969e-01
   outer loop
     vertex  1.282841e+01  1.190302e+01  0.000000e+00
     vertex  1.378880e+01  1.157018e+01  5.000000e-01
     vertex  1.340578e+01  1.124878e+01  0.000000e+00
   endloop
 endfacet
 facet normal  5.302578e-01  4.679553e-01 -7.069969e-01
   outer loop
     vertex  1.282841e+01  1.190302e+01  0.000000e+00
     vertex  1.319493e+01  1.224311e+01  5.000000e-01
     vertex  1.378880e+01  1.157018e+01  5.000000e-01
   endloop
 endfacet
 facet normal  5.062730e-01  4.938047e-01 -7.069969e-01
   outer loop
     vertex  1.221914e+01  1.252767e+01  0.000000e+00
     vertex  1.256826e+01  1.288560e+01  5.000000e-01
     vertex  1.319493e+01  1.224311e+01  5.000000e-01
   endloop
 endfacet
 facet normal  5.062730e-01  4.938047e-01 -7.069969e-01
   outer loop
     vertex  1.221914e+01  1.252767e+01  0.000000e+00
     vertex  1.319493e+01  1.224311e+01  5.000000e-01
     vertex  1.282841e+01  1.190302e+01  0.000000e+00
   endloop
 endfacet
 facet normal  4.810295e-01  5.184265e-01 -7.069969e-01
   outer loop
     vertex  1.191035e+01  1.349606e+01  5.000000e-01
     vertex  1.256826e+01  1.288560e+01  5.000000e-01
     vertex  1.221914e+01  1.252767e+01  0.000000e+00
   endloop
 endfacet
 facet normal  4.810295e-01  5.184265e-01 -7.069969e-01
   outer loop
     vertex  1.157950e+01  1.312117e+01  0.000000e+00
     vertex  1.191035e+01  1.349606e+01  5.000000e-01
     vertex  1.221914e+01  1.252767e+01  0.000000e+00
   endloop
 endfacet
 facet normal  4.545901e-01  5.417594e-01 -7.069969e-01
   outer loop
     vertex  1.091107e+01  1.368205e+01  0.000000e+00
     vertex  1.122282e+01  1.407297e+01  5.000000e-01
     vertex  1.191035e+01  1.349606e+01  5.000000e-01
   endloop
 endfacet
 facet normal  4.545901e-01  5.417594e-01 -7.069969e-01
   outer loop
     vertex  1.091107e+01  1.368205e+01  0.000000e+00
     vertex  1.191035e+01  1.349606e+01  5.000000e-01
     vertex  1.157950e+01  1.312117e+01  0.000000e+00
   endloop
 endfacet
 facet normal  4.270206e-01  5.637454e-01 -7.069969e-01
   outer loop
     vertex  1.021551e+01  1.420892e+01  0.000000e+00
     vertex  1.050739e+01  1.461488e+01  5.000000e-01
     vertex  1.122282e+01  1.407297e+01  5.000000e-01
   endloop
 endfacet
 facet normal  4.270206e-01  5.637454e-01 -7.069969e-01
   outer loop
     vertex  1.021551e+01  1.420892e+01  0.000000e+00
     vertex  1.122282e+01  1.407297e+01  5.000000e-01
     vertex  1.091107e+01  1.368205e+01  0.000000e+00
   endloop
 endfacet
 facet normal  3.983893e-01  5.843298e-01 -7.069969e-01
   outer loop
     vertex  9.765833e+00  1.512047e+01  5.000000e-01
     vertex  1.050739e+01  1.461488e+01  5.000000e-01
     vertex  1.021551e+01  1.420892e+01  0.000000e+00
   endloop
 endfacet
 facet normal  3.983893e-01  5.843298e-01 -7.069969e-01
   outer loop
     vertex  9.494560e+00  1.470045e+01  0.000000e+00
     vertex  9.765833e+00  1.512047e+01  5.000000e-01
     vertex  1.021551e+01  1.420892e+01  0.000000e+00
   endloop
 endfacet
 facet normal  3.687677e-01  6.034615e-01 -7.069969e-01
   outer loop
     vertex  8.750000e+00  1.515544e+01  0.000000e+00
     vertex  9.000000e+00  1.558846e+01  5.000000e-01
     vertex  9.765833e+00  1.512047e+01  5.000000e-01
   endloop
 endfacet
 facet normal  3.687677e-01  6.034615e-01 -7.069969e-01
   outer loop
     vertex  8.750000e+00  1.515544e+01  0.000000e+00
     vertex  9.765833e+00  1.512047e+01  5.000000e-01
     vertex  9.494560e+00  1.470045e+01  0.000000e+00
   endloop
 endfacet
 facet normal  3.382292e-01  6.210929e-01 -7.069969e-01
   outer loop
     vertex  7.983687e+00  1.557276e+01  0.000000e+00
     vertex  8.211792e+00  1.601769e+01  5.000000e-01
     vertex  9.000000e+00  1.558846e+01  5.000000e-01
   endloop
 endfacet
 facet normal  3.382292e-01  6.210929e-01 -7.069969e-01
   outer loop
     vertex  7.983687e+00  1.557276e+01  0.000000e+00
     vertex  9.000000e+00  1.558846e+01  5.000000e-01
     vertex  8.750000e+00  1.515544e+01  0.000000e+00
   endloop
 endfacet
 facet normal  3.068498e-01  6.371802e-01 -7.069969e-01
   outer loop
     vertex  7.403168e+00  1.640711e+01  5.000000e-01
     vertex  8.211792e+00  1.601769e+01  5.000000e-01
     vertex  7.983687e+00  1.557276e+01  0.000000e+00
   endloop
 endfacet
 facet normal  3.068498e-01  6.371802e-01 -7.069969e-01
   outer loop
     vertex  7.197524e+00  1.595135e+01  0.000000e+00
     vertex  7.403168e+00  1.640711e+01  5.000000e-01
     vertex  7.983687e+00  1.557276e+01  0.000000e+00
   endloop
 endfacet
 facet normal  2.747076e-01  6.516833e-01 -7.069969e-01
   outer loop
     vertex  6.393468e+00  1.629029e+01  0.000000e+00
     vertex  6.576138e+00  1.675573e+01  5.000000e-01
     vertex  7.403168e+00  1.640711e+01  5.000000e-01
   endloop
 endfacet
 facet normal  2.747076e-01  6.516833e-01 -7.069969e-01
   outer loop
     vertex  6.393468e+00  1.629029e+01  0.000000e+00
     vertex  7.403168e+00  1.640711e+01  5.000000e-01
     vertex  7.197524e+00  1.595135e+01  0.000000e+00
   endloop
 endfacet
 facet normal  2.418824e-01  6.645663e-01 -7.069969e-01
   outer loop
     vertex  5.732760e+00  1.706269e+01  5.000000e-01
     vertex  6.576138e+00  1.675573e+01  5.000000e-01
     vertex  6.393468e+00  1.629029e+01  0.000000e+00
   endloop
 endfacet
 facet normal  2.418824e-01  6.645663e-01 -7.069969e-01
   outer loop
     vertex  5.573516e+00  1.658873e+01  0.000000e+00
     vertex  5.732760e+00  1.706269e+01  5.000000e-01
     vertex  6.393468e+00  1.629029e+01  0.000000e+00
   endloop
 endfacet
 facet normal  2.084558e-01  6.757970e-01 -7.069969e-01
   outer loop
     vertex  4.739708e+00  1.684592e+01  0.000000e+00
     vertex  4.875128e+00  1.732724e+01  5.000000e-01
     vertex  5.732760e+00  1.706269e+01  5.000000e-01
   endloop
 endfacet
 facet normal  2.084558e-01  6.757970e-01 -7.069969e-01
   outer loop
     vertex  4.739708e+00  1.684592e+01  0.000000e+00
     vertex  5.732760e+00  1.706269e+01  5.000000e-01
     vertex  5.573516e+00  1.658873e+01  0.000000e+00
   endloop
 endfacet
 facet normal  1.745109e-01  6.853476e-01 -7.069969e-01
   outer loop
     vertex  4.005377e+00  1.754870e+01  5.000000e-01
     vertex  4.875128e+00  1.732724e+01  5.000000e-01
     vertex  4.739708e+00  1.684592e+01  0.000000e+00
   endloop
 endfacet
 facet normal  1.745109e-01  6.853476e-01 -7.069969e-01
   outer loop
     vertex  3.894116e+00  1.706124e+01  0.000000e+00
     vertex  4.005377e+00  1.754870e+01  5.000000e-01
     vertex  4.739708e+00  1.684592e+01  0.000000e+00
   endloop
 endfacet
 facet normal  1.401323e-01  6.931943e-01 -7.069969e-01
   outer loop
     vertex  3.038843e+00  1.723414e+01  0.000000e+00
     vertex  3.125667e+00  1.772654e+01  5.000000e-01
     vertex  4.005377e+00  1.754870e+01  5.000000e-01
   endloop
 endfacet
 facet normal  1.401323e-01  6.931943e-01 -7.069969e-01
   outer loop
     vertex  3.038843e+00  1.723414e+01  0.000000e+00
     vertex  4.005377e+00  1.754870e+01  5.000000e-01
     vertex  3.894116e+00  1.706124e+01  0.000000e+00
   endloop
 endfacet
 facet normal  1.054052e-01  6.993177e-01 -7.069969e-01
   outer loop
     vertex  2.176015e+00  1.736419e+01  0.000000e+00
     vertex  2.238187e+00  1.786031e+01  5.000000e-01
     vertex  3.125667e+00  1.772654e+01  5.000000e-01
   endloop
 endfacet
 facet normal  1.054052e-01  6.993177e-01 -7.069969e-01
   outer loop
     vertex  2.176015e+00  1.736419e+01  0.000000e+00
     vertex  3.125667e+00  1.772654e+01  5.000000e-01
     vertex  3.038843e+00  1.723414e+01  0.000000e+00
   endloop
 endfacet
 facet normal  7.041604e-02  7.037024e-01 -7.069969e-01
   outer loop
     vertex  1.307777e+00  1.745107e+01  0.000000e+00
     vertex  1.345142e+00  1.794967e+01  5.000000e-01
     vertex  2.238187e+00  1.786031e+01  5.000000e-01
   endloop
 endfacet
 facet normal  7.041604e-02  7.037024e-01 -7.069969e-01
   outer loop
     vertex  1.307777e+00  1.745107e+01  0.000000e+00
     vertex  2.238187e+00  1.786031e+01  5.000000e-01
     vertex  2.176015e+00  1.736419e+01  0.000000e+00
   endloop
 endfacet
 facet normal  3.525184e-02  7.063376e-01 -7.069969e-01
   outer loop
     vertex  4.487525e-01  1.799441e+01  5.000000e-01
     vertex  1.345142e+00  1.794967e+01  5.000000e-01
     vertex  1.307777e+00  1.745107e+01  0.000000e+00
   endloop
 endfacet
 facet normal  3.525184e-02  7.063376e-01 -7.069969e-01
   outer loop
     vertex  4.362871e-01  1.749456e+01  0.000000e+00
     vertex  4.487525e-01  1.799441e+01  5.000000e-01
     vertex  1.307777e+00  1.745107e+01  0.000000e+00
   endloop
 endfacet
 facet normal  0.000000e+00  7.072167e-01 -7.069969e-01
   outer loop
     vertex -4.362871e-01  1.749456e+01  0.000000e+00
     vertex -4.487525e-01  1.799441e+01  5.000000e-01
     vertex  4.487525e-01  1.799441e+01  5.000000e-01
   endloop
 endfacet
 facet normal  0.000000e+00  7.072167e-01 -7.069969e-01
   outer loop
     vertex -4.362871e-01  1.749456e+01  0.000000e+00
     vertex  4.487525e-01  1.799441e+01  5.000000e-01
     vertex  4.362871e-01  1.749456e+01  0.000000e+00
   endloop
 endfacet
 facet normal -3.525184e-02  7.063376e-01 -7.069969e-01
   outer loop
     vertex -1.307777e+00  1.745107e+01  0.000000e+00
     vertex -1.345142e+00  1.794967e+01  5.000000e-01
     vertex -4.487525e-01  1.799441e+01  5.000000e-01
   endloop
 endfacet
 facet normal -3.525184e-02  7.063376e-01 -7.069969e-01
   outer loop
     vertex -1.307777e+00  1.745107e+01  0.000000e+00
     vertex -4.487525e-01  1.799441e+01  5.000000e-01
     vertex -4.362871e-01  1.749456e+01  0.000000e+00
   endloop
 endfacet
 facet normal -7.041604e-02  7.037024e-01 -7.069969e-01
   outer loop
     vertex -2.176015e+00  1.736419e+01  0.000000e+00
     vertex -2.238187e+00  1.786031e+01  5.000000e-01
     vertex -1.345142e+00  1.794967e+01  5.000000e-01
   endloop
 endfacet
 facet normal -7.041604e-02  7.037024e-01 -7.069969e-01
   outer loop
     vertex -2.176015e+00  1.736419e+01  0.000000e+00
     vertex -1.345142e+00  1.794967e+01  5.000000e-01
     vertex -1.307777e+00  1.745107e+01  0.000000e+00
   endloop
 endfacet
 facet normal -1.054052e-01  6.993177e-01 -7.069969e-01
   outer loop
     vertex -3.038843e+00  1.723414e+01  0.000000e+00
     vertex -3.125667e+00  1.772654e+01  5.000000e-01
     vertex -2.238187e+00  1.786031e+01  5.000000e-01
   endloop
 endfacet
 facet normal -1.054052e-01  6.993177e-01 -7.069969e-01
   outer loop
     vertex -3.038843e+00  1.723414e+01  0.000000e+00
     vertex -2.238187e+00  1.786031e+01  5.000000e-01
     vertex -2.176015e+00  1.736419e+01  0.000000e+00
   endloop
 endfacet
 facet normal -1.401323e-01  6.931943e-01 -7.069969e-01
   outer loop
     vertex -3.894116e+00  1.706124e+01  0.000000e+00
     vertex -4.005377e+00  1.754870e+01  5.000000e-01
     vertex -3.125667e+00  1.772654e+01  5.000000e-01
   endloop
 endfacet
 facet normal -1.401323e-01  6.931943e-01 -7.069969e-01
   outer loop
     vertex -3.894116e+00  1.706124e+01  0.000000e+00
     vertex -3.125667e+00  1.772654e+01  5.000000e-01
     vertex -3.038843e+00  1.723414e+01  0.000000e+00
   endloop
 endfacet
 facet normal -1.745109e-01  6.853476e-01 -7.069969e-01
   outer loop
     vertex -4.739708e+00  1.684592e+01  0.000000e+00
     vertex -4.875128e+00  1.732724e+01  5.000000e-01
     vertex -4.005377e+00  1.754870e+01  5.000000e-01
   endloop
 endfacet
 facet normal -1.745109e-01  6.853476e-01 -7.069969e-01
   outer loop
     vertex -4.739708e+00  1.684592e+01  0.000000e+00
     vertex -4.005377e+00  1.754870e+01  5.000000e-01
     vertex -3.894116e+00  1.706124e+01  0.000000e+00
   endloop
 endfacet
 facet normal -2.084558e-01  6.757970e-01 -7.069969e-01
   outer loop
     vertex -5.573516e+00  1.658873e+01  0.000000e+00
     vertex -4.875128e+00  1.732724e+01  5.000000e-01
     vertex -4.739708e+00  1.684592e+01  0.000000e+00
   endloop
 endfacet
 facet normal -2.084558e-01  6.757970e-01 -7.069969e-01
   outer loop
     vertex -5.573516e+00  1.658873e+01  0.000000e+00
     vertex -5.732760e+00  1.706269e+01  5.000000e-01
     vertex -4.875128e+00  1.732724e+01  5.000000e-01
   endloop
 endfacet
 facet normal -2.418824e-01  6.645663e-01 -7.069969e-01
   outer loop
     vertex -6.393468e+00  1.629029e+01  0.000000e+00
     vertex -5.732760e+00  1.706269e+01  5.000000e-01
     vertex -5.573516e+00  1.658873e+01  0.000000e+00
   endloop
 endfacet
 facet normal -2.418824e-01  6.645663e-01 -7.069969e-01
   outer loop
     vertex -6.393468e+00  1.629029e+01  0.000000e+00
     vertex -6.576138e+00  1.675573e+01  5.000000e-01
     vertex -5.732760e+00  1.706269e+01  5.000000e-01
   endloop
 endfacet
 facet normal -2.747076e-01  6.516833e-01 -7.069969e-01
   outer loop
     vertex -7.197524e+00  1.595135e+01  0.000000e+00
     vertex -6.576138e+00  1.675573e+01  5.000000e-01
     vertex -6.393468e+00  1.629029e+01  0.000000e+00
   endloop
 endfacet
 facet normal -2.747076e-01  6.516833e-01 -7.069969e-01
   outer loop
     vertex -7.197524e+00  1.595135e+01  0.000000e+00
     vertex -7.403168e+00  1.640711e+01  5.000000e-01
     vertex -6.576138e+00  1.675573e+01  5.000000e-01
   endloop
 endfacet
 facet normal -3.068498e-01  6.371802e-01 -7.069969e-01
   outer loop
     vertex -7.983687e+00  1.557276e+01  0.000000e+00
     vertex -7.403168e+00  1.640711e+01  5.000000e-01
     vertex -7.197524e+00  1.595135e+01  0.000000e+00
   endloop
 endfacet
 facet normal -3.068498e-01  6.371802e-01 -7.069969e-01
   outer loop
     vertex -7.983687e+00  1.557276e+01  0.000000e+00
     vertex -8.211792e+00  1.601769e+01  5.000000e-01
     vertex -7.403168e+00  1.640711e+01  5.000000e-01
   endloop
 endfacet
 facet normal -3.382292e-01  6.210929e-01 -7.069969e-01
   outer loop
     vertex -8.750000e+00  1.515544e+01  0.000000e+00
     vertex -8.211792e+00  1.601769e+01  5.000000e-01
     vertex -7.983687e+00  1.557276e+01  0.000000e+00
   endloop
 endfacet
 facet normal -3.382292e-01  6.210929e-01 -7.069969e-01
   outer loop
     vertex -8.750000e+00  1.515544e+01  0.000000e+00
     vertex -9.000000e+00  1.558846e+01  5.000000e-01
     vertex -8.211792e+00  1.601769e+01  5.000000e-01
   endloop
 endfacet
 facet normal -3.687677e-01  6.034615e-01 -7.069969e-01
   outer loop
     vertex -9.494560e+00  1.470045e+01  0.000000e+00
     vertex -9.000000e+00  1.558846e+01  5.000000e-01
     vertex -8.750000e+00  1.515544e+01  0.000000e+00
   endloop
 endfacet
 facet normal -3.687677e-01  6.034615e-01 -7.069969e-01
   outer loop
     vertex -9.494560e+00  1.470045e+01  0.000000e+00
     vertex -9.765833e+00  1.512047e+01  5.000000e-01
     vertex -9.000000e+00  1.558846e+01  5.000000e-01
   endloop
 endfacet
 facet normal -3.983893e-01  5.843298e-01 -7.069969e-01
   outer loop
     vertex -1.021551e+01  1.420892e+01  0.000000e+00
     vertex -9.765833e+00  1.512047e+01  5.000000e-01
     vertex -9.494560e+00  1.470045e+01  0.000000e+00
   endloop
 endfacet
 facet normal -3.983893e-01  5.843298e-01 -7.069969e-01
   outer loop
     vertex -1.021551e+01  1.420892e+01  0.000000e+00
     vertex -1.050739e+01  1.461488e+01  5.000000e-01
     vertex -9.765833e+00  1.512047e+01  5.000000e-01
   endloop
 endfacet
 facet normal -4.270206e-01  5.637454e-01 -7.069969e-01
   outer loop
     vertex -1.091107e+01  1.368205e+01  0.000000e+00
     vertex -1.050739e+01  1.461488e+01  5.000000e-01
     vertex -1.021551e+01  1.420892e+01  0.000000e+00
   endloop
 endfacet
 facet normal -4.270206e-01  5.637454e-01 -7.069969e-01
   outer loop
     vertex -1.091107e+01  1.368205e+01  0.000000e+00
     vertex -1.122282e+01  1.407297e+01  5.000000e-01
     vertex -1.050739e+01  1.461488e+01  5.000000e-01
   endloop
 endfacet
 facet normal -4.545901e-01  5.417594e-01 -7.069969e-01
   outer loop
     vertex -1.157950e+01  1.312117e+01  0.000000e+00
     vertex -1.122282e+01  1.407297e+01  5.000000e-01
     vertex -1.091107e+01  1.368205e+01  0.000000e+00
   endloop
 endfacet
 facet normal -4.545901e-01  5.417594e-01 -7.069969e-01
   outer loop
     vertex -1.157950e+01  1.312117e+01  0.000000e+00
     vertex -1.191035e+01  1.349606e+01  5.000000e-01
     vertex -1.122282e+01  1.407297e+01  5.000000e-01
   endloop
 endfacet
 facet normal -4.810295e-01  5.184265e-01 -7.069969e-01
   outer loop
     vertex -1.221914e+01  1.252767e+01  0.000000e+00
     vertex -1.191035e+01  1.349606e+01  5.000000e-01
     vertex -1.157950e+01  1.312117e+01  0.000000e+00
   endloop
 endfacet
 facet normal -4.810295e-01  5.184265e-01 -7.069969e-01
   outer loop
     vertex -1.221914e+01  1.252767e+01  0.000000e+00
     vertex -1.256826e+01  1.288560e+01  5.000000e-01
     vertex -1.191035e+01  1.349606e+01  5.000000e-01
   endloop
 endfacet
 facet normal -5.062730e-01  4.938047e-01 -7.069969e-01
   outer loop
     vertex -1.282841e+01  1.190302e+01  0.000000e+00
     vertex -1.256826e+01  1.288560e+01  5.000000e-01
     vertex -1.221914e+01  1.252767e+01  0.000000e+00
   endloop
 endfacet
 facet normal -5.062730e-01  4.938047e-01 -7.069969e-01
   outer loop
     vertex -1.282841e+01  1.190302e+01  0.000000e+00
     vertex -1.319493e+01  1.224311e+01  5.000000e-01
     vertex -1.256826e+01  1.288560e+01  5.000000e-01
   endloop
 endfacet
 facet normal -5.302578e-01  4.679553e-01 -7.069969e-01
   outer loop
     vertex -1.340578e+01  1.124878e+01  0.000000e+00
     vertex -1.319493e+01  1.224311e+01  5.000000e-01
     vertex -1.282841e+01  1.190302e+01  0.000000e+00
   endloop
 endfacet
 facet normal -5.302578e-01  4.679553e-01 -7.069969e-01
   outer loop
     vertex -1.340578e+01  1.124878e+01  0.000000e+00
     vertex -1.378880e+01  1.157018e+01  5.000000e-01
     vertex -1.319493e+01  1.224311e+01  5.000000e-01
   endloop
 endfacet
 facet normal -5.529243e-01  4.409424e-01 -7.069969e-01
   outer loop
     vertex -1.394982e+01  1.056658e+01  0.000000e+00
     vertex -1.434839e+01  1.086848e+01  5.000000e-01
     vertex -1.378880e+01  1.157018e+01  5.000000e-01
   endloop
 endfacet
 facet normal -5.529243e-01  4.409424e-01 -7.069969e-01
   outer loop
     vertex -1.394982e+01  1.056658e+01  0.000000e+00
     vertex -1.378880e+01  1.157018e+01  5.000000e-01
     vertex -1.340578e+01  1.124878e+01  0.000000e+00
   endloop
 endfacet
 facet normal -5.742161e-01  4.128333e-01 -7.069969e-01
   outer loop
     vertex -1.445918e+01  9.858101e+00  0.000000e+00
     vertex -1.487230e+01  1.013976e+01  5.000000e-01
     vertex -1.434839e+01  1.086848e+01  5.000000e-01
   endloop
 endfacet
 facet normal -5.742161e-01  4.128333e-01 -7.069969e-01
   outer loop
     vertex -1.445918e+01  9.858101e+00  0.000000e+00
     vertex -1.434839e+01  1.086848e+01  5.000000e-01
     vertex -1.394982e+01  1.056658e+01  0.000000e+00
   endloop
 endfacet
 facet normal -5.940803e-01  3.836978e-01 -7.069969e-01
   outer loop
     vertex -1.493259e+01  9.125116e+00  0.000000e+00
     vertex -1.535924e+01  9.385834e+00  5.000000e-01
     vertex -1.487230e+01  1.013976e+01  5.000000e-01
   endloop
 endfacet
 facet normal -5.940803e-01  3.836978e-01 -7.069969e-01
   outer loop
     vertex -1.493259e+01  9.125116e+00  0.000000e+00
     vertex -1.487230e+01  1.013976e+01  5.000000e-01
     vertex -1.445918e+01  9.858101e+00  0.000000e+00
   endloop
 endfacet
 facet normal -6.124676e-01  3.536083e-01 -7.069969e-01
   outer loop
     vertex -1.536888e+01  8.369445e+00  0.000000e+00
     vertex -1.580799e+01  8.608572e+00  5.000000e-01
     vertex -1.535924e+01  9.385834e+00  5.000000e-01
   endloop
 endfacet
 facet normal -6.124676e-01  3.536083e-01 -7.069969e-01
   outer loop
     vertex -1.536888e+01  8.369445e+00  0.000000e+00
     vertex -1.535924e+01  9.385834e+00  5.000000e-01
     vertex -1.493259e+01  9.125116e+00  0.000000e+00
   endloop
 endfacet
 facet normal -6.293322e-01  3.226398e-01 -7.069969e-01
   outer loop
     vertex -1.576696e+01  7.592965e+00  0.000000e+00
     vertex -1.621744e+01  7.809907e+00  5.000000e-01
     vertex -1.580799e+01  8.608572e+00  5.000000e-01
   endloop
 endfacet
 facet normal -6.293322e-01  3.226398e-01 -7.069969e-01
   outer loop
     vertex -1.576696e+01  7.592965e+00  0.000000e+00
     vertex -1.580799e+01  8.608572e+00  5.000000e-01
     vertex -1.536888e+01  8.369445e+00  0.000000e+00
   endloop
 endfacet
 facet normal -6.446321e-01  2.908691e-01 -7.069969e-01
   outer loop
     vertex -1.612583e+01  6.797609e+00  0.000000e+00
     vertex -1.658657e+01  6.991826e+00  5.000000e-01
     vertex -1.621744e+01  7.809907e+00  5.000000e-01
   endloop
 endfacet
 facet normal -6.446321e-01  2.908691e-01 -7.069969e-01
   outer loop
     vertex -1.612583e+01  6.797609e+00  0.000000e+00
     vertex -1.621744e+01  7.809907e+00  5.000000e-01
     vertex -1.576696e+01  7.592965e+00  0.000000e+00
   endloop
 endfacet
 facet normal -6.583294e-01  2.583753e-01 -7.069969e-01
   outer loop
     vertex -1.644462e+01  5.985353e+00  0.000000e+00
     vertex -1.691447e+01  6.156363e+00  5.000000e-01
     vertex -1.658657e+01  6.991826e+00  5.000000e-01
   endloop
 endfacet
 facet normal -6.583294e-01  2.583753e-01 -7.069969e-01
   outer loop
     vertex -1.644462e+01  5.985353e+00  0.000000e+00
     vertex -1.658657e+01  6.991826e+00  5.000000e-01
     vertex -1.612583e+01  6.797609e+00  0.000000e+00
   endloop
 endfacet
 facet normal -6.703900e-01  2.252391e-01 -7.069969e-01
   outer loop
     vertex -1.672252e+01  5.158216e+00  0.000000e+00
     vertex -1.720031e+01  5.305593e+00  5.000000e-01
     vertex -1.691447e+01  6.156363e+00  5.000000e-01
   endloop
 endfacet
 facet normal -6.703900e-01  2.252391e-01 -7.069969e-01
   outer loop
     vertex -1.672252e+01  5.158216e+00  0.000000e+00
     vertex -1.691447e+01  6.156363e+00  5.000000e-01
     vertex -1.644462e+01  5.985353e+00  0.000000e+00
   endloop
 endfacet
 facet normal -6.807839e-01  1.915429e-01 -7.069969e-01
   outer loop
     vertex -1.695885e+01  4.318254e+00  0.000000e+00
     vertex -1.744339e+01  4.441633e+00  5.000000e-01
     vertex -1.720031e+01  5.305593e+00  5.000000e-01
   endloop
 endfacet
 facet normal -6.807839e-01  1.915429e-01 -7.069969e-01
   outer loop
     vertex -1.695885e+01  4.318254e+00  0.000000e+00
     vertex -1.720031e+01  5.305593e+00  5.000000e-01
     vertex -1.672252e+01  5.158216e+00  0.000000e+00
   endloop
 endfacet
 facet normal -6.894853e-01  1.573705e-01 -7.069969e-01
   outer loop
     vertex -1.715302e+01  3.467558e+00  0.000000e+00
     vertex -1.764310e+01  3.566631e+00  5.000000e-01
     vertex -1.744339e+01  4.441633e+00  5.000000e-01
   endloop
 endfacet
 facet normal -6.894853e-01  1.573705e-01 -7.069969e-01
   outer loop
     vertex -1.715302e+01  3.467558e+00  0.000000e+00
     vertex -1.744339e+01  4.441633e+00  5.000000e-01
     vertex -1.695885e+01  4.318254e+00  0.000000e+00
   endloop
 endfacet
 facet normal -6.964725e-01  1.228069e-01 -7.069969e-01
   outer loop
     vertex -1.730454e+01  2.608240e+00  0.000000e+00
     vertex -1.779895e+01  2.682761e+00  5.000000e-01
     vertex -1.764310e+01  3.566631e+00  5.000000e-01
   endloop
 endfacet
 facet normal -6.964725e-01  1.228069e-01 -7.069969e-01
   outer loop
     vertex -1.730454e+01  2.608240e+00  0.000000e+00
     vertex -1.764310e+01  3.566631e+00  5.000000e-01
     vertex -1.715302e+01  3.467558e+00  0.000000e+00
   endloop
 endfacet
 facet normal -7.017281e-01  8.793794e-02 -7.069969e-01
   outer loop
     vertex -1.741304e+01  1.742437e+00  0.000000e+00
     vertex -1.791055e+01  1.792221e+00  5.000000e-01
     vertex -1.779895e+01  2.682761e+00  5.000000e-01
   endloop
 endfacet
 facet normal -7.017281e-01  8.793794e-02 -7.069969e-01
   outer loop
     vertex -1.741304e+01  1.742437e+00  0.000000e+00
     vertex -1.779895e+01  2.682761e+00  5.000000e-01
     vertex -1.730454e+01  2.608240e+00  0.000000e+00
   endloop
 endfacet
 facet normal -7.052392e-01  5.285037e-02 -7.069969e-01
   outer loop
     vertex -1.747825e+01  8.723030e-01  0.000000e+00
     vertex -1.791055e+01  1.792221e+00  5.000000e-01
     vertex -1.741304e+01  1.742437e+00  0.000000e+00
   endloop
 endfacet
 facet normal -7.052392e-01  5.285037e-02 -7.069969e-01
   outer loop
     vertex -1.747825e+01  8.723030e-01  0.000000e+00
     vertex -1.797762e+01  8.972259e-01  5.000000e-01
     vertex -1.791055e+01  1.792221e+00  5.000000e-01
   endloop
 endfacet
 facet normal -7.069969e-01  1.763140e-02 -7.069969e-01
   outer loop
     vertex -1.750000e+01 -6.002936e-14  0.000000e+00
     vertex -1.800000e+01 -6.174448e-14  5.000000e-01
     vertex -1.797762e+01  8.972259e-01  5.000000e-01
   endloop
 endfacet
 facet normal -7.069969e-01  1.763140e-02 -7.069969e-01
   outer loop
     vertex -1.750000e+01 -6.002936e-14  0.000000e+00
     vertex -1.797762e+01  8.972259e-01  5.000000e-01
     vertex -1.747825e+01  8.723030e-01  0.000000e+00
   endloop
 endfacet
 facet normal -7.069969e-01 -1.763140e-02 -7.069969e-01
   outer loop
     vertex -1.747825e+01 -8.723030e-01  0.000000e+00
     vertex -1.800000e+01 -6.174448e-14  5.000000e-01
     vertex -1.750000e+01 -6.002936e-14  0.000000e+00
   endloop
 endfacet
 facet normal -7.069969e-01 -1.763140e-02 -7.069969e-01
   outer loop
     vertex -1.747825e+01 -8.723030e-01  0.000000e+00
     vertex -1.797762e+01 -8.972259e-01  5.000000e-01
     vertex -1.800000e+01 -6.174448e-14  5.000000e-01
   endloop
 endfacet
 facet normal -7.052392e-01 -5.285037e-02 -7.069969e-01
   outer loop
     vertex -1.741304e+01 -1.742437e+00  0.000000e+00
     vertex -1.797762e+01 -8.972259e-01  5.000000e-01
     vertex -1.747825e+01 -8.723030e-01  0.000000e+00
   endloop
 endfacet
 facet normal -7.052392e-01 -5.285037e-02 -7.069969e-01
   outer loop
     vertex -1.741304e+01 -1.742437e+00  0.000000e+00
     vertex -1.791055e+01 -1.792221e+00  5.000000e-01
     vertex -1.797762e+01 -8.972259e-01  5.000000e-01
   endloop
 endfacet
 facet normal -7.017281e-01 -8.793794e-02 -7.069969e-01
   outer loop
     vertex -1.730454e+01 -2.608240e+00  0.000000e+00
     vertex -1.791055e+01 -1.792221e+00  5.000000e-01
     vertex -1.741304e+01 -1.742437e+00  0.000000e+00
   endloop
 endfacet
 facet normal -7.017281e-01 -8.793794e-02 -7.069969e-01
   outer loop
     vertex -1.730454e+01 -2.608240e+00  0.000000e+00
     vertex -1.779895e+01 -2.682761e+00  5.000000e-01
     vertex -1.791055e+01 -1.792221e+00  5.000000e-01
   endloop
 endfacet
 facet normal -6.964725e-01 -1.228069e-01 -7.069969e-01
   outer loop
     vertex -1.715302e+01 -3.467558e+00  0.000000e+00
     vertex -1.779895e+01 -2.682761e+00  5.000000e-01
     vertex -1.730454e+01 -2.608240e+00  0.000000e+00
   endloop
 endfacet
 facet normal -6.964725e-01 -1.228069e-01 -7.069969e-01
   outer loop
     vertex -1.715302e+01 -3.467558e+00  0.000000e+00
     vertex -1.764310e+01 -3.566631e+00  5.000000e-01
     vertex -1.779895e+01 -2.682761e+00  5.000000e-01
   endloop
 endfacet
 facet normal -6.894853e-01 -1.573705e-01 -7.069969e-01
   outer loop
     vertex -1.695885e+01 -4.318254e+00  0.000000e+00
     vertex -1.764310e+01 -3.566631e+00  5.000000e-01
     vertex -1.715302e+01 -3.467558e+00  0.000000e+00
   endloop
 endfacet
 facet normal -6.894853e-01 -1.573705e-01 -7.069969e-01
   outer loop
     vertex -1.695885e+01 -4.318254e+00  0.000000e+00
     vertex -1.744339e+01 -4.441633e+00  5.000000e-01
     vertex -1.764310e+01 -3.566631e+00  5.000000e-01
   endloop
 endfacet
 facet normal -6.807839e-01 -1.915429e-01 -7.069969e-01
   outer loop
     vertex -1.672252e+01 -5.158216e+00  0.000000e+00
     vertex -1.744339e+01 -4.441633e+00  5.000000e-01
     vertex -1.695885e+01 -4.318254e+00  0.000000e+00
   endloop
 endfacet
 facet normal -6.807839e-01 -1.915429e-01 -7.069969e-01
   outer loop
     vertex -1.672252e+01 -5.158216e+00  0.000000e+00
     vertex -1.720031e+01 -5.305593e+00  5.000000e-01
     vertex -1.744339e+01 -4.441633e+00  5.000000e-01
   endloop
 endfacet
 facet normal -6.703900e-01 -2.252391e-01 -7.069969e-01
   outer loop
     vertex -1.644462e+01 -5.985353e+00  0.000000e+00
     vertex -1.720031e+01 -5.305593e+00  5.000000e-01
     vertex -1.672252e+01 -5.158216e+00  0.000000e+00
   endloop
 endfacet
 facet normal -6.703900e-01 -2.252391e-01 -7.069969e-01
   outer loop
     vertex -1.644462e+01 -5.985353e+00  0.000000e+00
     vertex -1.691447e+01 -6.156363e+00  5.000000e-01
     vertex -1.720031e+01 -5.305593e+00  5.000000e-01
   endloop
 endfacet
 facet normal -6.583294e-01 -2.583753e-01 -7.069969e-01
   outer loop
     vertex -1.612583e+01 -6.797609e+00  0.000000e+00
     vertex -1.691447e+01 -6.156363e+00  5.000000e-01
     vertex -1.644462e+01 -5.985353e+00  0.000000e+00
   endloop
 endfacet
 facet normal -6.583294e-01 -2.583753e-01 -7.069969e-01
   outer loop
     vertex -1.612583e+01 -6.797609e+00  0.000000e+00
     vertex -1.658657e+01 -6.991826e+00  5.000000e-01
     vertex -1.691447e+01 -6.156363e+00  5.000000e-01
   endloop
 endfacet
 facet normal -6.446321e-01 -2.908691e-01 -7.069969e-01
   outer loop
     vertex -1.576696e+01 -7.592965e+00  0.000000e+00
     vertex -1.658657e+01 -6.991826e+00  5.000000e-01
     vertex -1.612583e+01 -6.797609e+00  0.000000e+00
   endloop
 endfacet
 facet normal -6.446321e-01 -2.908691e-01 -7.069969e-01
   outer loop
     vertex -1.576696e+01 -7.592965e+00  0.000000e+00
     vertex -1.621744e+01 -7.809907e+00  5.000000e-01
     vertex -1.658657e+01 -6.991826e+00  5.000000e-01
   endloop
 endfacet
 facet normal -6.293322e-01 -3.226398e-01 -7.069969e-01
   outer loop
     vertex -1.536888e+01 -8.369445e+00  0.000000e+00
     vertex -1.621744e+01 -7.809907e+00  5.000000e-01
     vertex -1.576696e+01 -7.592965e+00  0.000000e+00
   endloop
 endfacet
 facet normal -6.293322e-01 -3.226398e-01 -7.069969e-01
   outer loop
     vertex -1.536888e+01 -8.369445e+00  0.000000e+00
     vertex -1.580799e+01 -8.608572e+00  5.000000e-01
     vertex -1.621744e+01 -7.809907e+00  5.000000e-01
   endloop
 endfacet
 facet normal -6.124676e-01 -3.536083e-01 -7.069969e-01
   outer loop
     vertex -1.493259e+01 -9.125116e+00  0.000000e+00
     vertex -1.580799e+01 -8.608572e+00  5.000000e-01
     vertex -1.536888e+01 -8.369445e+00  0.000000e+00
   endloop
 endfacet
 facet normal -6.124676e-01 -3.536083e-01 -7.069969e-01
   outer loop
     vertex -1.493259e+01 -9.125116e+00  0.000000e+00
     vertex -1.535924e+01 -9.385834e+00  5.000000e-01
     vertex -1.580799e+01 -8.608572e+00  5.000000e-01
   endloop
 endfacet
 facet normal -5.940803e-01 -3.836978e-01 -7.069969e-01
   outer loop
     vertex -1.445918e+01 -9.858101e+00  0.000000e+00
     vertex -1.535924e+01 -9.385834e+00  5.000000e-01
     vertex -1.493259e+01 -9.125116e+00  0.000000e+00
   endloop
 endfacet
 facet normal -5.940803e-01 -3.836978e-01 -7.069969e-01
   outer loop
     vertex -1.445918e+01 -9.858101e+00  0.000000e+00
     vertex -1.487230e+01 -1.013976e+01  5.000000e-01
     vertex -1.535924e+01 -9.385834e+00  5.000000e-01
   endloop
 endfacet
 facet normal -5.742161e-01 -4.128333e-01 -7.069969e-01
   outer loop
     vertex -1.394982e+01 -1.056658e+01  0.000000e+00
     vertex -1.487230e+01 -1.013976e+01  5.000000e-01
     vertex -1.445918e+01 -9.858101e+00  0.000000e+00
   endloop
 endfacet
 facet normal -5.742161e-01 -4.128333e-01 -7.069969e-01
   outer loop
     vertex -1.394982e+01 -1.056658e+01  0.000000e+00
     vertex -1.434839e+01 -1.086848e+01  5.000000e-01
     vertex -1.487230e+01 -1.013976e+01  5.000000e-01
   endloop
 endfacet
 facet normal -5.529243e-01 -4.409424e-01 -7.069969e-01
   outer loop
     vertex -1.340578e+01 -1.124878e+01  0.000000e+00
     vertex -1.434839e+01 -1.086848e+01  5.000000e-01
     vertex -1.394982e+01 -1.056658e+01  0.000000e+00
   endloop
 endfacet
 facet normal -5.529243e-01 -4.409424e-01 -7.069969e-01
   outer loop
     vertex -1.340578e+01 -1.124878e+01  0.000000e+00
     vertex -1.378880e+01 -1.157018e+01  5.000000e-01
     vertex -1.434839e+01 -1.086848e+01  5.000000e-01
   endloop
 endfacet
 facet normal -5.302578e-01 -4.679553e-01 -7.069969e-01
   outer loop
     vertex -1.282841e+01 -1.190302e+01  0.000000e+00
     vertex -1.378880e+01 -1.157018e+01  5.000000e-01
     vertex -1.340578e+01 -1.124878e+01  0.000000e+00
   endloop
 endfacet
 facet normal -5.302578e-01 -4.679553e-01 -7.069969e-01
   outer loop
     vertex -1.282841e+01 -1.190302e+01  0.000000e+00
     vertex -1.319493e+01 -1.224311e+01  5.000000e-01
     vertex -1.378880e+01 -1.157018e+01  5.000000e-01
   endloop
 endfacet
 facet normal -5.062730e-01 -4.938047e-01 -7.069969e-01
   outer loop
     vertex -1.256826e+01 -1.288560e+01  5.000000e-01
     vertex -1.319493e+01 -1.224311e+01  5.000000e-01
     vertex -1.282841e+01 -1.190302e+01  0.000000e+00
   endloop
 endfacet
 facet normal -5.062730e-01 -4.938047e-01 -7.069969e-01
   outer loop
     vertex -1.221914e+01 -1.252767e+01  0.000000e+00
     vertex -1.256826e+01 -1.288560e+01  5.000000e-01
     vertex -1.282841e+01 -1.190302e+01  0.000000e+00
   endloop
 endfacet
 facet normal -4.810295e-01 -5.184265e-01 -7.069969e-01
   outer loop
     vertex -1.157950e+01 -1.312117e+01  0.000000e+00
     vertex -1.256826e+01 -1.288560e+01  5.000000e-01
     vertex -1.221914e+01 -1.252767e+01  0.000000e+00
   endloop
 endfacet
 facet normal -4.810295e-01 -5.184265e-01 -7.069969e-01
   outer loop
     vertex -1.157950e+01 -1.312117e+01  0.000000e+00
     vertex -1.191035e+01 -1.349606e+01  5.000000e-01
     vertex -1.256826e+01 -1.288560e+01  5.000000e-01
   endloop
 endfacet
 facet normal -4.545901e-01 -5.417594e-01 -7.069969e-01
   outer loop
     vertex -1.122282e+01 -1.407297e+01  5.000000e-01
     vertex -1.191035e+01 -1.349606e+01  5.000000e-01
     vertex -1.157950e+01 -1.312117e+01  0.000000e+00
   endloop
 endfacet
 facet normal -4.545901e-01 -5.417594e-01 -7.069969e-01
   outer loop
     vertex -1.091107e+01 -1.368205e+01  0.000000e+00
     vertex -1.122282e+01 -1.407297e+01  5.000000e-01
     vertex -1.157950e+01 -1.312117e+01  0.000000e+00
   endloop
 endfacet
 facet normal -4.270206e-01 -5.637454e-01 -7.069969e-01
   outer loop
     vertex -1.021551e+01 -1.420892e+01  0.000000e+00
     vertex -1.122282e+01 -1.407297e+01  5.000000e-01
     vertex -1.091107e+01 -1.368205e+01  0.000000e+00
   endloop
 endfacet
 facet normal -4.270206e-01 -5.637454e-01 -7.069969e-01
   outer loop
     vertex -1.021551e+01 -1.420892e+01  0.000000e+00
     vertex -1.050739e+01 -1.461488e+01  5.000000e-01
     vertex -1.122282e+01 -1.407297e+01  5.000000e-01
   endloop
 endfacet
 facet normal -3.983893e-01 -5.843298e-01 -7.069969e-01
   outer loop
     vertex -9.494560e+00 -1.470045e+01  0.000000e+00
     vertex -9.765833e+00 -1.512047e+01  5.000000e-01
     vertex -1.050739e+01 -1.461488e+01  5.000000e-01
   endloop
 endfacet
 facet normal -3.983893e-01 -5.843298e-01 -7.069969e-01
   outer loop
     vertex -9.494560e+00 -1.470045e+01  0.000000e+00
     vertex -1.050739e+01 -1.461488e+01  5.000000e-01
     vertex -1.021551e+01 -1.420892e+01  0.000000e+00
   endloop
 endfacet
 facet normal -3.687677e-01 -6.034615e-01 -7.069969e-01
   outer loop
     vertex -8.750000e+00 -1.515544e+01  0.000000e+00
     vertex -9.000000e+00 -1.558846e+01  5.000000e-01
     vertex -9.765833e+00 -1.512047e+01  5.000000e-01
   endloop
 endfacet
 facet normal -3.687677e-01 -6.034615e-01 -7.069969e-01
   outer loop
     vertex -8.750000e+00 -1.515544e+01  0.000000e+00
     vertex -9.765833e+00 -1.512047e+01  5.000000e-01
     vertex -9.494560e+00 -1.470045e+01  0.000000e+00
   endloop
 endfacet
 facet normal -3.382292e-01 -6.210929e-01 -7.069969e-01
   outer loop
     vertex -7.983687e+00 -1.557276e+01  0.000000e+00
     vertex -8.211792e+00 -1.601769e+01  5.000000e-01
     vertex -9.000000e+00 -1.558846e+01  5.000000e-01
   endloop
 endfacet
 facet normal -3.382292e-01 -6.210929e-01 -7.069969e-01
   outer loop
     vertex -7.983687e+00 -1.557276e+01  0.000000e+00
     vertex -9.000000e+00 -1.558846e+01  5.000000e-01
     vertex -8.750000e+00 -1.515544e+01  0.000000e+00
   endloop
 endfacet
 facet normal -3.068498e-01 -6.371802e-01 -7.069969e-01
   outer loop
     vertex -7.197524e+00 -1.595135e+01  0.000000e+00
     vertex -7.403168e+00 -1.640711e+01  5.000000e-01
     vertex -8.211792e+00 -1.601769e+01  5.000000e-01
   endloop
 endfacet
 facet normal -3.068498e-01 -6.371802e-01 -7.069969e-01
   outer loop
     vertex -7.197524e+00 -1.595135e+01  0.000000e+00
     vertex -8.211792e+00 -1.601769e+01  5.000000e-01
     vertex -7.983687e+00 -1.557276e+01  0.000000e+00
   endloop
 endfacet
 facet normal -2.747076e-01 -6.516833e-01 -7.069969e-01
   outer loop
     vertex -6.393468e+00 -1.629029e+01  0.000000e+00
     vertex -7.403168e+00 -1.640711e+01  5.000000e-01
     vertex -7.197524e+00 -1.595135e+01  0.000000e+00
   endloop
 endfacet
 facet normal -2.747076e-01 -6.516833e-01 -7.069969e-01
   outer loop
     vertex -6.393468e+00 -1.629029e+01  0.000000e+00
     vertex -6.576138e+00 -1.675573e+01  5.000000e-01
     vertex -7.403168e+00 -1.640711e+01  5.000000e-01
   endloop
 endfacet
 facet normal -2.418824e-01 -6.645663e-01 -7.069969e-01
   outer loop
     vertex -5.732760e+00 -1.706269e+01  5.000000e-01
     vertex -6.576138e+00 -1.675573e+01  5.000000e-01
     vertex -6.393468e+00 -1.629029e+01  0.000000e+00
   endloop
 endfacet
 facet normal -2.418824e-01 -6.645663e-01 -7.069969e-01
   outer loop
     vertex -5.573516e+00 -1.658873e+01  0.000000e+00
     vertex -5.732760e+00 -1.706269e+01  5.000000e-01
     vertex -6.393468e+00 -1.629029e+01  0.000000e+00
   endloop
 endfacet
 facet normal -2.084558e-01 -6.757970e-01 -7.069969e-01
   outer loop
     vertex -4.739708e+00 -1.684592e+01  0.000000e+00
     vertex -5.732760e+00 -1.706269e+01  5.000000e-01
     vertex -5.573516e+00 -1.658873e+01  0.000000e+00
   endloop
 endfacet
 facet normal -2.084558e-01 -6.757970e-01 -7.069969e-01
   outer loop
     vertex -4.739708e+00 -1.684592e+01  0.000000e+00
     vertex -4.875128e+00 -1.732724e+01  5.000000e-01
     vertex -5.732760e+00 -1.706269e+01  5.000000e-01
   endloop
 endfacet
 facet normal -1.745109e-01 -6.853476e-01 -7.069969e-01
   outer loop
     vertex -3.894116e+00 -1.706124e+01  0.000000e+00
     vertex -4.875128e+00 -1.732724e+01  5.000000e-01
     vertex -4.739708e+00 -1.684592e+01  0.000000e+00
   endloop
 endfacet
 facet normal -1.745109e-01 -6.853476e-01 -7.069969e-01
   outer loop
     vertex -3.894116e+00 -1.706124e+01  0.000000e+00
     vertex -4.005377e+00 -1.754870e+01  5.000000e-01
     vertex -4.875128e+00 -1.732724e+01  5.000000e-01
   endloop
 endfacet
 facet normal -1.401323e-01 -6.931943e-01 -7.069969e-01
   outer loop
     vertex -3.038843e+00 -1.723414e+01  0.000000e+00
     vertex -4.005377e+00 -1.754870e+01  5.000000e-01
     vertex -3.894116e+00 -1.706124e+01  0.000000e+00
   endloop
 endfacet
 facet normal -1.401323e-01 -6.931943e-01 -7.069969e-01
   outer loop
     vertex -3.038843e+00 -1.723414e+01  0.000000e+00
     vertex -3.125667e+00 -1.772654e+01  5.000000e-01
     vertex -4.005377e+00 -1.754870e+01  5.000000e-01
   endloop
 endfacet
 facet normal -1.054052e-01 -6.993177e-01 -7.069969e-01
   outer loop
     vertex -2.238187e+00 -1.786031e+01  5.000000e-01
     vertex -3.125667e+00 -1.772654e+01  5.000000e-01
     vertex -3.038843e+00 -1.723414e+01  0.000000e+00
   endloop
 endfacet
 facet normal -1.054052e-01 -6.993177e-01 -7.069969e-01
   outer loop
     vertex -2.176015e+00 -1.736419e+01  0.000000e+00
     vertex -2.238187e+00 -1.786031e+01  5.000000e-01
     vertex -3.038843e+00 -1.723414e+01  0.000000e+00
   endloop
 endfacet
 facet normal -7.041604e-02 -7.037024e-01 -7.069969e-01
   outer loop
     vertex -1.307777e+00 -1.745107e+01  0.000000e+00
     vertex -2.238187e+00 -1.786031e+01  5.000000e-01
     vertex -2.176015e+00 -1.736419e+01  0.000000e+00
   endloop
 endfacet
 facet normal -7.041604e-02 -7.037024e-01 -7.069969e-01
   outer loop
     vertex -1.307777e+00 -1.745107e+01  0.000000e+00
     vertex -1.345142e+00 -1.794967e+01  5.000000e-01
     vertex -2.238187e+00 -1.786031e+01  5.000000e-01
   endloop
 endfacet
 facet normal -3.525184e-02 -7.063376e-01 -7.069969e-01
   outer loop
     vertex -4.362871e-01 -1.749456e+01  0.000000e+00
     vertex -1.345142e+00 -1.794967e+01  5.000000e-01
     vertex -1.307777e+00 -1.745107e+01  0.000000e+00
   endloop
 endfacet
 facet normal -3.525184e-02 -7.063376e-01 -7.069969e-01
   outer loop
     vertex -4.362871e-01 -1.749456e+01  0.000000e+00
     vertex -4.487525e-01 -1.799441e+01  5.000000e-01
     vertex -1.345142e+00 -1.794967e+01  5.000000e-01
   endloop
 endfacet
 facet normal  5.758910e-15 -7.072167e-01 -7.069969e-01
   outer loop
     vertex  4.362871e-01 -1.749456e+01  0.000000e+00
     vertex -4.487525e-01 -1.799441e+01  5.000000e-01
     vertex -4.362871e-01 -1.749456e+01  0.000000e+00
   endloop
 endfacet
 facet normal  5.598941e-15 -7.072167e-01 -7.069969e-01
   outer loop
     vertex  4.362871e-01 -1.749456e+01  0.000000e+00
     vertex  4.487525e-01 -1.799441e+01  5.000000e-01
     vertex -4.487525e-01 -1.799441e+01  5.000000e-01
   endloop
 endfacet
 facet normal  3.525184e-02 -7.063376e-01 -7.069969e-01
   outer loop
     vertex  1.345142e+00 -1.794967e+01  5.000000e-01
     vertex  4.487525e-01 -1.799441e+01  5.000000e-01
     vertex  4.362871e-01 -1.749456e+01  0.000000e+00
   endloop
 endfacet
 facet normal  3.525184e-02 -7.063376e-01 -7.069969e-01
   outer loop
     vertex  1.307777e+00 -1.745107e+01  0.000000e+00
     vertex  1.345142e+00 -1.794967e+01  5.000000e-01
     vertex  4.362871e-01 -1.749456e+01  0.000000e+00
   endloop
 endfacet
 facet normal  7.041604e-02 -7.037024e-01 -7.069969e-01
   outer loop
     vertex  2.176015e+00 -1.736419e+01  0.000000e+00
     vertex  1.345142e+00 -1.794967e+01  5.000000e-01
     vertex  1.307777e+00 -1.745107e+01  0.000000e+00
   endloop
 endfacet
 facet normal  7.041604e-02 -7.037024e-01 -7.069969e-01
   outer loop
     vertex  2.176015e+00 -1.736419e+01  0.000000e+00
     vertex  2.238187e+00 -1.786031e+01  5.000000e-01
     vertex  1.345142e+00 -1.794967e+01  5.000000e-01
   endloop
 endfacet
 facet normal  1.054052e-01 -6.993177e-01 -7.069969e-01
   outer loop
     vertex  3.038843e+00 -1.723414e+01  0.000000e+00
     vertex  2.238187e+00 -1.786031e+01  5.000000e-01
     vertex  2.176015e+00 -1.736419e+01  0.000000e+00
   endloop
 endfacet
 facet normal  1.054052e-01 -6.993177e-01 -7.069969e-01
   outer loop
     vertex  3.038843e+00 -1.723414e+01  0.000000e+00
     vertex  3.125667e+00 -1.772654e+01  5.000000e-01
     vertex  2.238187e+00 -1.786031e+01  5.000000e-01
   endloop
 endfacet
 facet normal  1.401323e-01 -6.931943e-01 -7.069969e-01
   outer loop
     vertex  3.894116e+00 -1.706124e+01  0.000000e+00
     vertex  3.125667e+00 -1.772654e+01  5.000000e-01
     vertex  3.038843e+00 -1.723414e+01  0.000000e+00
   endloop
 endfacet
 facet normal  1.401323e-01 -6.931943e-01 -7.069969e-01
   outer loop
     vertex  3.894116e+00 -1.706124e+01  0.000000e+00
     vertex  4.005377e+00 -1.754870e+01  5.000000e-01
     vertex  3.125667e+00 -1.772654e+01  5.000000e-01
   endloop
 endfacet
 facet normal  1.745109e-01 -6.853476e-01 -7.069969e-01
   outer loop
     vertex  4.875128e+00 -1.732724e+01  5.000000e-01
     vertex  4.005377e+00 -1.754870e+01  5.000000e-01
     vertex  3.894116e+00 -1.706124e+01  0.000000e+00
   endloop
 endfacet
 facet normal  1.745109e-01 -6.853476e-01 -7.069969e-01
   outer loop
     vertex  4.739708e+00 -1.684592e+01  0.000000e+00
     vertex  4.875128e+00 -1.732724e+01  5.000000e-01
     vertex  3.894116e+00 -1.706124e+01  0.000000e+00
   endloop
 endfacet
 facet normal  2.084558e-01 -6.757970e-01 -7.069969e-01
   outer loop
     vertex  5.732760e+00 -1.706269e+01  5.000000e-01
     vertex  4.875128e+00 -1.732724e+01  5.000000e-01
     vertex  4.739708e+00 -1.684592e+01  0.000000e+00
   endloop
 endfacet
 facet normal  2.084558e-01 -6.757970e-01 -7.069969e-01
   outer loop
     vertex  5.573516e+00 -1.658873e+01  0.000000e+00
     vertex  5.732760e+00 -1.706269e+01  5.000000e-01
     vertex  4.739708e+00 -1.684592e+01  0.000000e+00
   endloop
 endfacet
 facet normal  2.418824e-01 -6.645663e-01 -7.069969e-01
   outer loop
     vertex  6.576138e+00 -1.675573e+01  5.000000e-01
     vertex  5.732760e+00 -1.706269e+01  5.000000e-01
     vertex  5.573516e+00 -1.658873e+01  0.000000e+00
   endloop
 endfacet
 facet normal  2.418824e-01 -6.645663e-01 -7.069969e-01
   outer loop
     vertex  6.393468e+00 -1.629029e+01  0.000000e+00
     vertex  6.576138e+00 -1.675573e+01  5.000000e-01
     vertex  5.573516e+00 -1.658873e+01  0.000000e+00
   endloop
 endfacet
 facet normal  2.747076e-01 -6.516833e-01 -7.069969e-01
   outer loop
     vertex  7.197524e+00 -1.595135e+01  0.000000e+00
     vertex  7.403168e+00 -1.640711e+01  5.000000e-01
     vertex  6.576138e+00 -1.675573e+01  5.000000e-01
   endloop
 endfacet
 facet normal  2.747076e-01 -6.516833e-01 -7.069969e-01
   outer loop
     vertex  7.197524e+00 -1.595135e+01  0.000000e+00
     vertex  6.576138e+00 -1.675573e+01  5.000000e-01
     vertex  6.393468e+00 -1.629029e+01  0.000000e+00
   endloop
 endfacet
 facet normal  3.068498e-01 -6.371802e-01 -7.069969e-01
   outer loop
     vertex  8.211792e+00 -1.601769e+01  5.000000e-01
     vertex  7.403168e+00 -1.640711e+01  5.000000e-01
     vertex  7.197524e+00 -1.595135e+01  0.000000e+00
   endloop
 endfacet
 facet normal  3.068498e-01 -6.371802e-01 -7.069969e-01
   outer loop
     vertex  7.983687e+00 -1.557276e+01  0.000000e+00
     vertex  8.211792e+00 -1.601769e+01  5.000000e-01
     vertex  7.197524e+00 -1.595135e+01  0.000000e+00
   endloop
 endfacet
 facet normal  3.382292e-01 -6.210929e-01 -7.069969e-01
   outer loop
     vertex  8.750000e+00 -1.515544e+01  0.000000e+00
     vertex  9.000000e+00 -1.558846e+01  5.000000e-01
     vertex  8.211792e+00 -1.601769e+01  5.000000e-01
   endloop
 endfacet
 facet normal  3.382292e-01 -6.210929e-01 -7.069969e-01
   outer loop
     vertex  8.750000e+00 -1.515544e+01  0.000000e+00
     vertex  8.211792e+00 -1.601769e+01  5.000000e-01
     vertex  7.983687e+00 -1.557276e+01  0.000000e+00
   endloop
 endfacet
 facet normal  3.687677e-01 -6.034615e-01 -7.069969e-01
   outer loop
     vertex  9.765833e+00 -1.512047e+01  5.000000e-01
     vertex  9.000000e+00 -1.558846e+01  5.000000e-01
     vertex  8.750000e+00 -1.515544e+01  0.000000e+00
   endloop
 endfacet
 facet normal  3.687677e-01 -6.034615e-01 -7.069969e-01
   outer loop
     vertex  9.494560e+00 -1.470045e+01  0.000000e+00
     vertex  9.765833e+00 -1.512047e+01  5.000000e-01
     vertex  8.750000e+00 -1.515544e+01  0.000000e+00
   endloop
 endfacet
 facet normal  3.983893e-01 -5.843298e-01 -7.069969e-01
   outer loop
     vertex  1.021551e+01 -1.420892e+01  0.000000e+00
     vertex  1.050739e+01 -1.461488e+01  5.000000e-01
     vertex  9.765833e+00 -1.512047e+01  5.000000e-01
   endloop
 endfacet
 facet normal  3.983893e-01 -5.843298e-01 -7.069969e-01
   outer loop
     vertex  1.021551e+01 -1.420892e+01  0.000000e+00
     vertex  9.765833e+00 -1.512047e+01  5.000000e-01
     vertex  9.494560e+00 -1.470045e+01  0.000000e+00
   endloop
 endfacet
 facet normal  4.270206e-01 -5.637454e-01 -7.069969e-01
   outer loop
     vertex  1.091107e+01 -1.368205e+01  0.000000e+00
     vertex  1.122282e+01 -1.407297e+01  5.000000e-01
     vertex  1.050739e+01 -1.461488e+01  5.000000e-01
   endloop
 endfacet
 facet normal  4.270206e-01 -5.637454e-01 -7.069969e-01
   outer loop
     vertex  1.091107e+01 -1.368205e+01  0.000000e+00
     vertex  1.050739e+01 -1.461488e+01  5.000000e-01
     vertex  1.021551e+01 -1.420892e+01  0.000000e+00
   endloop
 endfacet
 facet normal  4.545901e-01 -5.417594e-01 -7.069969e-01
   outer loop
     vertex  1.157950e+01 -1.312117e+01  0.000000e+00
     vertex  1.191035e+01 -1.349606e+01  5.000000e-01
     vertex  1.122282e+01 -1.407297e+01  5.000000e-01
   endloop
 endfacet
 facet normal  4.545901e-01 -5.417594e-01 -7.069969e-01
   outer loop
     vertex  1.157950e+01 -1.312117e+01  0.000000e+00
     vertex  1.122282e+01 -1.407297e+01  5.000000e-01
     vertex  1.091107e+01 -1.368205e+01  0.000000e+00
   endloop
 endfacet
 facet normal  4.810295e-01 -5.184265e-01 -7.069969e-01
   outer loop
     vertex  1.256826e+01 -1.288560e+01  5.000000e-01
     vertex  1.191035e+01 -1.349606e+01  5.000000e-01
     vertex  1.157950e+01 -1.312117e+01  0.000000e+00
   endloop
 endfacet
 facet normal  4.810295e-01 -5.184265e-01 -7.069969e-01
   outer loop
     vertex  1.221914e+01 -1.252767e+01  0.000000e+00
     vertex  1.256826e+01 -1.288560e+01  5.000000e-01
     vertex  1.157950e+01 -1.312117e+01  0.000000e+00
   endloop
 endfacet
 facet normal  5.062730e-01 -4.938047e-01 -7.069969e-01
   outer loop
     vertex  1.282841e+01 -1.190302e+01  0.000000e+00
     vertex  1.319493e+01 -1.224311e+01  5.000000e-01
     vertex  1.256826e+01 -1.288560e+01  5.000000e-01
   endloop
 endfacet
 facet normal  5.062730e-01 -4.938047e-01 -7.069969e-01
   outer loop
     vertex  1.282841e+01 -1.190302e+01  0.000000e+00
     vertex  1.256826e+01 -1.288560e+01  5.000000e-01
     vertex  1.221914e+01 -1.252767e+01  0.000000e+00
   endloop
 endfacet
 facet normal  5.302578e-01 -4.679553e-01 -7.069969e-01
   outer loop
     vertex  1.378880e+01 -1.157018e+01  5.000000e-01
     vertex  1.319493e+01 -1.224311e+01  5.000000e-01
     vertex  1.282841e+01 -1.190302e+01  0.000000e+00
   endloop
 endfacet
 facet normal  5.302578e-01 -4.679553e-01 -7.069969e-01
   outer loop
     vertex  1.340578e+01 -1.124878e+01  0.000000e+00
     vertex  1.378880e+01 -1.157018e+01  5.000000e-01
     vertex  1.282841e+01 -1.190302e+01  0.000000e+00
   endloop
 endfacet
 facet normal  5.529243e-01 -4.409424e-01 -7.069969e-01
   outer loop
     vertex  1.394982e+01 -1.056658e+01  0.000000e+00
     vertex  1.434839e+01 -1.086848e+01  5.000000e-01
     vertex  1.378880e+01 -1.157018e+01  5.000000e-01
   endloop
 endfacet
 facet normal  5.529243e-01 -4.409424e-01 -7.069969e-01
   outer loop
     vertex  1.394982e+01 -1.056658e+01  0.000000e+00
     vertex  1.378880e+01 -1.157018e+01  5.000000e-01
     vertex  1.340578e+01 -1.124878e+01  0.000000e+00
   endloop
 endfacet
 facet normal  5.742161e-01 -4.128333e-01 -7.069969e-01
   outer loop
     vertex  1.487230e+01 -1.013976e+01  5.000000e-01
     vertex  1.434839e+01 -1.086848e+01  5.000000e-01
     vertex  1.394982e+01 -1.056658e+01  0.000000e+00
   endloop
 endfacet
 facet normal  5.742161e-01 -4.128333e-01 -7.069969e-01
   outer loop
     vertex  1.445918e+01 -9.858101e+00  0.000000e+00
     vertex  1.487230e+01 -1.013976e+01  5.000000e-01
     vertex  1.394982e+01 -1.056658e+01  0.000000e+00
   endloop
 endfacet
 facet normal  5.940803e-01 -3.836978e-01 -7.069969e-01
   outer loop
     vertex  1.535924e+01 -9.385834e+00  5.000000e-01
     vertex  1.487230e+01 -1.013976e+01  5.000000e-01
     vertex  1.445918e+01 -9.858101e+00  0.000000e+00
   endloop
 endfacet
 facet normal  5.940803e-01 -3.836978e-01 -7.069969e-01
   outer loop
     vertex  1.493259e+01 -9.125116e+00  0.000000e+00
     vertex  1.535924e+01 -9.385834e+00  5.000000e-01
     vertex  1.445918e+01 -9.858101e+00  0.000000e+00
   endloop
 endfacet
 facet normal  6.124676e-01 -3.536083e-01 -7.069969e-01
   outer loop
     vertex  1.536888e+01 -8.369445e+00  0.000000e+00
     vertex  1.535924e+01 -9.385834e+00  5.000000e-01
     vertex  1.493259e+01 -9.125116e+00  0.000000e+00
   endloop
 endfacet
 facet normal  6.124676e-01 -3.536083e-01 -7.069969e-01
   outer loop
     vertex  1.536888e+01 -8.369445e+00  0.000000e+00
     vertex  1.580799e+01 -8.608572e+00  5.000000e-01
     vertex  1.535924e+01 -9.385834e+00  5.000000e-01
   endloop
 endfacet
 facet normal  6.293322e-01 -3.226398e-01 -7.069969e-01
   outer loop
     vertex  1.621744e+01 -7.809907e+00  5.000000e-01
     vertex  1.580799e+01 -8.608572e+00  5.000000e-01
     vertex  1.536888e+01 -8.369445e+00  0.000000e+00
   endloop
 endfacet
 facet normal  6.293322e-01 -3.226398e-01 -7.069969e-01
   outer loop
     vertex  1.576696e+01 -7.592965e+00  0.000000e+00
     vertex  1.621744e+01 -7.809907e+00  5.000000e-01
     vertex  1.536888e+01 -8.369445e+00  0.000000e+00
   endloop
 endfacet
 facet normal  6.446321e-01 -2.908691e-01 -7.069969e-01
   outer loop
     vertex  1.612583e+01 -6.797609e+00  0.000000e+00
     vertex  1.658657e+01 -6.991826e+00  5.000000e-01
     vertex  1.621744e+01 -7.809907e+00  5.000000e-01
   endloop
 endfacet
 facet normal  6.446321e-01 -2.908691e-01 -7.069969e-01
   outer loop
     vertex  1.612583e+01 -6.797609e+00  0.000000e+00
     vertex  1.621744e+01 -7.809907e+00  5.000000e-01
     vertex  1.576696e+01 -7.592965e+00  0.000000e+00
   endloop
 endfacet
 facet normal  6.583294e-01 -2.583753e-01 -7.069969e-01
   outer loop
     vertex  1.691447e+01 -6.156363e+00  5.000000e-01
     vertex  1.658657e+01 -6.991826e+00  5.000000e-01
     vertex  1.612583e+01 -6.797609e+00  0.000000e+00
   endloop
 endfacet
 facet normal  6.583294e-01 -2.583753e-01 -7.069969e-01
   outer loop
     vertex  1.644462e+01 -5.985353e+00  0.000000e+00
     vertex  1.691447e+01 -6.156363e+00  5.000000e-01
     vertex  1.612583e+01 -6.797609e+00  0.000000e+00
   endloop
 endfacet
 facet normal  6.703900e-01 -2.252391e-01 -7.069969e-01
   outer loop
     vertex  1.672252e+01 -5.158216e+00  0.000000e+00
     vertex  1.720031e+01 -5.305593e+00  5.000000e-01
     vertex  1.691447e+01 -6.156363e+00  5.000000e-01
   endloop
 endfacet
 facet normal  6.703900e-01 -2.252391e-01 -7.069969e-01
   outer loop
     vertex  1.672252e+01 -5.158216e+00  0.000000e+00
     vertex  1.691447e+01 -6.156363e+00  5.000000e-01
     vertex  1.644462e+01 -5.985353e+00  0.000000e+00
   endloop
 endfacet
 facet normal  6.807839e-01 -1.915429e-01 -7.069969e-01
   outer loop
     vertex  1.695885e+01 -4.318254e+00  0.000000e+00
     vertex  1.744339e+01 -4.441633e+00  5.000000e-01
     vertex  1.720031e+01 -5.305593e+00  5.000000e-01
   endloop
 endfacet
 facet normal  6.807839e-01 -1.915429e-01 -7.069969e-01
   outer loop
     vertex  1.695885e+01 -4.318254e+00  0.000000e+00
     vertex  1.720031e+01 -5.305593e+00  5.000000e-01
     vertex  1.672252e+01 -5.158216e+00  0.000000e+00
   endloop
 endfacet
 facet normal  6.894853e-01 -1.573705e-01 -7.069969e-01
   outer loop
     vertex  1.715302e+01 -3.467558e+00  0.000000e+00
     vertex  1.764310e+01 -3.566631e+00  5.000000e-01
     vertex  1.744339e+01 -4.441633e+00  5.000000e-01
   endloop
 endfacet
 facet normal  6.894853e-01 -1.573705e-01 -7.069969e-01
   outer loop
     vertex  1.715302e+01 -3.467558e+00  0.000000e+00
     vertex  1.744339e+01 -4.441633e+00  5.000000e-01
     vertex  1.695885e+01 -4.318254e+00  0.000000e+00
   endloop
 endfacet
 facet normal  6.964725e-01 -1.228069e-01 -7.069969e-01
   outer loop
     vertex  1.779895e+01 -2.682761e+00  5.000000e-01
     vertex  1.764310e+01 -3.566631e+00  5.000000e-01
     vertex  1.715302e+01 -3.467558e+00  0.000000e+00
   endloop
 endfacet
 facet normal  6.964725e-01 -1.228069e-01 -7.069969e-01
   outer loop
     vertex  1.730454e+01 -2.608240e+00  0.000000e+00
     vertex  1.779895e+01 -2.682761e+00  5.000000e-01
     vertex  1.715302e+01 -3.467558e+00  0.000000e+00
   endloop
 endfacet
 facet normal  7.017281e-01 -8.793794e-02 -7.069969e-01
   outer loop
     vertex  1.791055e+01 -1.792221e+00  5.000000e-01
     vertex  1.779895e+01 -2.682761e+00  5.000000e-01
     vertex  1.730454e+01 -2.608240e+00  0.000000e+00
   endloop
 endfacet
 facet normal  7.017281e-01 -8.793794e-02 -7.069969e-01
   outer loop
     vertex  1.741304e+01 -1.742437e+00  0.000000e+00
     vertex  1.791055e+01 -1.792221e+00  5.000000e-01
     vertex  1.730454e+01 -2.608240e+00  0.000000e+00
   endloop
 endfacet
 facet normal  7.052392e-01 -5.285037e-02 -7.069969e-01
   outer loop
     vertex  1.747825e+01 -8.723030e-01  0.000000e+00
     vertex  1.797762e+01 -8.972259e-01  5.000000e-01
     vertex  1.791055e+01 -1.792221e+00  5.000000e-01
   endloop
 endfacet
 facet normal  7.052392e-01 -5.285037e-02 -7.069969e-01
   outer loop
     vertex  1.747825e+01 -8.723030e-01  0.000000e+00
     vertex  1.791055e+01 -1.792221e+00  5.000000e-01
     vertex  1.741304e+01 -1.742437e+00  0.000000e+00
   endloop
 endfacet
 facet normal  7.069969e-01 -1.763140e-02 -7.069969e-01
   outer loop
     vertex  1.800000e+01  0.000000e+00  5.000000e-01
     vertex  1.797762e+01 -8.972259e-01  5.000000e-01
     vertex  1.747825e+01 -8.723030e-01  0.000000e+00
   endloop
 endfacet
 facet normal  7.069969e-01 -1.763140e-02 -7.069969e-01
   outer loop
     vertex  1.750000e+01  0.000000e+00  0.000000e+00
     vertex  1.800000e+01  0.000000e+00  5.000000e-01
     vertex  1.747825e+01 -8.723030e-01  0.000000e+00
   endloop
 endfacet
 facet normal  7.069969e-01  1.763140e-02  7.069969e-01
   outer loop
     vertex  1.747825e+01  8.723030e-01  8.000000e+00
     vertex  1.750000e+01  0.000000e+00  8.000000e+00
     vertex  1.800000e+01  0.000000e+00  7.500000e+00
   endloop
 endfacet
 facet normal  7.069969e-01  1.763140e-02  7.069969e-01
   outer loop
     vertex  1.747825e+01  8.723030e-01  8.000000e+00
     vertex  1.800000e+01  0.000000e+00  7.500000e+00
     vertex  1.797762e+01  8.972259e-01  7.500000e+00
   endloop
 endfacet
 facet normal  7.052392e-01  5.285037e-02  7.069969e-01
   outer loop
     vertex  1.741304e+01  1.742437e+00  8.000000e+00
     vertex  1.797762e+01  8.972259e-01  7.500000e+00
     vertex  1.791055e+01  1.792221e+00  7.500000e+00
   endloop
 endfacet
 facet normal  7.052392e-01  5.285037e-02  7.069969e-01
   outer loop
     vertex  1.741304e+01  1.742437e+00  8.000000e+00
     vertex  1.747825e+01  8.723030e-01  8.000000e+00
     vertex  1.797762e+01  8.972259e-01  7.500000e+00
   endloop
 endfacet
 facet normal  7.017281e-01  8.793794e-02  7.069969e-01
   outer loop
     vertex  1.730454e+01  2.608240e+00  8.000000e+00
     vertex  1.791055e+01  1.792221e+00  7.500000e+00
     vertex  1.779895e+01  2.682761e+00  7.500000e+00
   endloop
 endfacet
 facet normal  7.017281e-01  8.793794e-02  7.069969e-01
   outer loop
     vertex  1.730454e+01  2.608240e+00  8.000000e+00
     vertex  1.741304e+01  1.742437e+00  8.000000e+00
     vertex  1.791055e+01  1.792221e+00  7.500000e+00
   endloop
 endfacet
 facet normal  6.964725e-01  1.228069e-01  7.069969e-01
   outer loop
     vertex  1.715302e+01  3.467558e+00  8.000000e+00
     vertex  1.779895e+01  2.682761e+00  7.500000e+00
     vertex  1.764310e+01  3.566631e+00  7.500000e+00
   endloop
 endfacet
 facet normal  6.964725e-01  1.228069e-01  7.069969e-01
   outer loop
     vertex  1.715302e+01  3.467558e+00  8.000000e+00
     vertex  1.730454e+01  2.608240e+00  8.000000e+00
     vertex  1.779895e+01  2.682761e+00  7.500000e+00
   endloop
 endfacet
 facet normal  6.894853e-01  1.573705e-01  7.069969e-01
   outer loop
     vertex  1.695885e+01  4.318254e+00  8.000000e+00
     vertex  1.764310e+01  3.566631e+00  7.500000e+00
     vertex  1.744339e+01  4.441633e+00  7.500000e+00
   endloop
 endfacet
 facet normal  6.894853e-01  1.573705e-01  7.069969e-01
   outer loop
     vertex  1.695885e+01  4.318254e+00  8.000000e+00
     vertex  1.715302e+01  3.467558e+00  8.000000e+00
     vertex  1.764310e+01  3.566631e+00  7.500000e+00
   endloop
 endfacet
 facet normal  6.807839e-01  1.915429e-01  7.069969e-01
   outer loop
     vertex  1.672252e+01  5.158216e+00  8.000000e+00
     vertex  1.744339e+01  4.441633e+00  7.500000e+00
     vertex  1.720031e+01  5.305593e+00  7.500000e+00
   endloop
 endfacet
 facet normal  6.807839e-01  1.915429e-01  7.069969e-01
   outer loop
     vertex  1.672252e+01  5.158216e+00  8.000000e+00
     vertex  1.695885e+01  4.318254e+00  8.000000e+00
     vertex  1.744339e+01  4.441633e+00  7.500000e+00
   endloop
 endfacet
 facet normal  6.703900e-01  2.252391e-01  7.069969e-01
   outer loop
     vertex  1.644462e+01  5.985353e+00  8.000000e+00
     vertex  1.720031e+01  5.305593e+00  7.500000e+00
     vertex  1.691447e+01  6.156363e+00  7.500000e+00
   endloop
 endfacet
 facet normal  6.703900e-01  2.252391e-01  7.069969e-01
   outer loop
     vertex  1.644462e+01  5.985353e+00  8.000000e+00
     vertex  1.672252e+01  5.158216e+00  8.000000e+00
     vertex  1.720031e+01  5.305593e+00  7.500000e+00
   endloop
 endfacet
 facet normal  6.583294e-01  2.583753e-01  7.069969e-01
   outer loop
     vertex  1.658657e+01  6.991826e+00  7.500000e+00
     vertex  1.644462e+01  5.985353e+00  8.000000e+00
     vertex  1.691447e+01  6.156363e+00  7.500000e+00
   endloop
 endfacet
 facet normal  6.583294e-01  2.583753e-01  7.069969e-01
   outer loop
     vertex  1.612583e+01  6.797609e+00  8.000000e+00
     vertex  1.644462e+01  5.985353e+00  8.000000e+00
     vertex  1.658657e+01  6.991826e+00  7.500000e+00
   endloop
 endfacet
 facet normal  6.446321e-01  2.908691e-01  7.069969e-01
   outer loop
     vertex  1.621744e+01  7.809907e+00  7.500000e+00
     vertex  1.612583e+01  6.797609e+00  8.000000e+00
     vertex  1.658657e+01  6.991826e+00  7.500000e+00
   endloop
 endfacet
 facet normal  6.446321e-01  2.908691e-01  7.069969e-01
   outer loop
     vertex  1.576696e+01  7.592965e+00  8.000000e+00
     vertex  1.612583e+01  6.797609e+00  8.000000e+00
     vertex  1.621744e+01  7.809907e+00  7.500000e+00
   endloop
 endfacet
 facet normal  6.293322e-01  3.226398e-01  7.069969e-01
   outer loop
     vertex  1.580799e+01  8.608572e+00  7.500000e+00
     vertex  1.576696e+01  7.592965e+00  8.000000e+00
     vertex  1.621744e+01  7.809907e+00  7.500000e+00
   endloop
 endfacet
 facet normal  6.293322e-01  3.226398e-01  7.069969e-01
   outer loop
     vertex  1.536888e+01  8.369445e+00  8.000000e+00
     vertex  1.576696e+01  7.592965e+00  8.000000e+00
     vertex  1.580799e+01  8.608572e+00  7.500000e+00
   endloop
 endfacet
 facet normal  6.124676e-01  3.536083e-01  7.069969e-01
   outer loop
     vertex  1.493259e+01  9.125116e+00  8.000000e+00
     vertex  1.580799e+01  8.608572e+00  7.500000e+00
     vertex  1.535924e+01  9.385834e+00  7.500000e+00
   endloop
 endfacet
 facet normal  6.124676e-01  3.536083e-01  7.069969e-01
   outer loop
     vertex  1.493259e+01  9.125116e+00  8.000000e+00
     vertex  1.536888e+01  8.369445e+00  8.000000e+00
     vertex  1.580799e+01  8.608572e+00  7.500000e+00
   endloop
 endfacet
 facet normal  5.940803e-01  3.836978e-01  7.069969e-01
   outer loop
     vertex  1.445918e+01  9.858101e+00  8.000000e+00
     vertex  1.493259e+01  9.125116e+00  8.000000e+00
     vertex  1.535924e+01  9.385834e+00  7.500000e+00
   endloop
 endfacet
 facet normal  5.940803e-01  3.836978e-01  7.069969e-01
   outer loop
     vertex  1.445918e+01  9.858101e+00  8.000000e+00
     vertex  1.535924e+01  9.385834e+00  7.500000e+00
     vertex  1.487230e+01  1.013976e+01  7.500000e+00
   endloop
 endfacet
 facet normal  5.742161e-01  4.128333e-01  7.069969e-01
   outer loop
     vertex  1.394982e+01  1.056658e+01  8.000000e+00
     vertex  1.445918e+01  9.858101e+00  8.000000e+00
     vertex  1.487230e+01  1.013976e+01  7.500000e+00
   endloop
 endfacet
 facet normal  5.742161e-01  4.128333e-01  7.069969e-01
   outer loop
     vertex  1.394982e+01  1.056658e+01  8.000000e+00
     vertex  1.487230e+01  1.013976e+01  7.500000e+00
     vertex  1.434839e+01  1.086848e+01  7.500000e+00
   endloop
 endfacet
 facet normal  5.529243e-01  4.409424e-01  7.069969e-01
   outer loop
     vertex  1.378880e+01  1.157018e+01  7.500000e+00
     vertex  1.394982e+01  1.056658e+01  8.000000e+00
     vertex  1.434839e+01  1.086848e+01  7.500000e+00
   endloop
 endfacet
 facet normal  5.529243e-01  4.409424e-01  7.069969e-01
   outer loop
     vertex  1.340578e+01  1.124878e+01  8.000000e+00
     vertex  1.394982e+01  1.056658e+01  8.000000e+00
     vertex  1.378880e+01  1.157018e+01  7.500000e+00
   endloop
 endfacet
 facet normal  5.302578e-01  4.679553e-01  7.069969e-01
   outer loop
     vertex  1.282841e+01  1.190302e+01  8.000000e+00
     vertex  1.340578e+01  1.124878e+01  8.000000e+00
     vertex  1.378880e+01  1.157018e+01  7.500000e+00
   endloop
 endfacet
 facet normal  5.302578e-01  4.679553e-01  7.069969e-01
   outer loop
     vertex  1.282841e+01  1.190302e+01  8.000000e+00
     vertex  1.378880e+01  1.157018e+01  7.500000e+00
     vertex  1.319493e+01  1.224311e+01  7.500000e+00
   endloop
 endfacet
 facet normal  5.062730e-01  4.938047e-01  7.069969e-01
   outer loop
     vertex  1.221914e+01  1.252767e+01  8.000000e+00
     vertex  1.319493e+01  1.224311e+01  7.500000e+00
     vertex  1.256826e+01  1.288560e+01  7.500000e+00
   endloop
 endfacet
 facet normal  5.062730e-01  4.938047e-01  7.069969e-01
   outer loop
     vertex  1.221914e+01  1.252767e+01  8.000000e+00
     vertex  1.282841e+01  1.190302e+01  8.000000e+00
     vertex  1.319493e+01  1.224311e+01  7.500000e+00
   endloop
 endfacet
 facet normal  4.810295e-01  5.184265e-01  7.069969e-01
   outer loop
     vertex  1.191035e+01  1.349606e+01  7.500000e+00
     vertex  1.221914e+01  1.252767e+01  8.000000e+00
     vertex  1.256826e+01  1.288560e+01  7.500000e+00
   endloop
 endfacet
 facet normal  4.810295e-01  5.184265e-01  7.069969e-01
   outer loop
     vertex  1.157950e+01  1.312117e+01  8.000000e+00
     vertex  1.221914e+01  1.252767e+01  8.000000e+00
     vertex  1.191035e+01  1.349606e+01  7.500000e+00
   endloop
 endfacet
 facet normal  4.545901e-01  5.417594e-01  7.069969e-01
   outer loop
     vertex  1.091107e+01  1.368205e+01  8.000000e+00
     vertex  1.191035e+01  1.349606e+01  7.500000e+00
     vertex  1.122282e+01  1.407297e+01  7.500000e+00
   endloop
 endfacet
 facet normal  4.545901e-01  5.417594e-01  7.069969e-01
   outer loop
     vertex  1.091107e+01  1.368205e+01  8.000000e+00
     vertex  1.157950e+01  1.312117e+01  8.000000e+00
     vertex  1.191035e+01  1.349606e+01  7.500000e+00
   endloop
 endfacet
 facet normal  4.270206e-01  5.637454e-01  7.069969e-01
   outer loop
     vertex  1.050739e+01  1.461488e+01  7.500000e+00
     vertex  1.091107e+01  1.368205e+01  8.000000e+00
     vertex  1.122282e+01  1.407297e+01  7.500000e+00
   endloop
 endfacet
 facet normal  4.270206e-01  5.637454e-01  7.069969e-01
   outer loop
     vertex  1.021551e+01  1.420892e+01  8.000000e+00
     vertex  1.091107e+01  1.368205e+01  8.000000e+00
     vertex  1.050739e+01  1.461488e+01  7.500000e+00
   endloop
 endfacet
 facet normal  3.983893e-01  5.843298e-01  7.069969e-01
   outer loop
     vertex  9.494560e+00  1.470045e+01  8.000000e+00
     vertex  1.050739e+01  1.461488e+01  7.500000e+00
     vertex  9.765833e+00  1.512047e+01  7.500000e+00
   endloop
 endfacet
 facet normal  3.983893e-01  5.843298e-01  7.069969e-01
   outer loop
     vertex  9.494560e+00  1.470045e+01  8.000000e+00
     vertex  1.021551e+01  1.420892e+01  8.000000e+00
     vertex  1.050739e+01  1.461488e+01  7.500000e+00
   endloop
 endfacet
 facet normal  3.687677e-01  6.034615e-01  7.069969e-01
   outer loop
     vertex  8.750000e+00  1.515544e+01  8.000000e+00
     vertex  9.765833e+00  1.512047e+01  7.500000e+00
     vertex  9.000000e+00  1.558846e+01  7.500000e+00
   endloop
 endfacet
 facet normal  3.687677e-01  6.034615e-01  7.069969e-01
   outer loop
     vertex  8.750000e+00  1.515544e+01  8.000000e+00
     vertex  9.494560e+00  1.470045e+01  8.000000e+00
     vertex  9.765833e+00  1.512047e+01  7.500000e+00
   endloop
 endfacet
 facet normal  3.382292e-01  6.210929e-01  7.069969e-01
   outer loop
     vertex  7.983687e+00  1.557276e+01  8.000000e+00
     vertex  9.000000e+00  1.558846e+01  7.500000e+00
     vertex  8.211792e+00  1.601769e+01  7.500000e+00
   endloop
 endfacet
 facet normal  3.382292e-01  6.210929e-01  7.069969e-01
   outer loop
     vertex  7.983687e+00  1.557276e+01  8.000000e+00
     vertex  8.750000e+00  1.515544e+01  8.000000e+00
     vertex  9.000000e+00  1.558846e+01  7.500000e+00
   endloop
 endfacet
 facet normal  3.068498e-01  6.371802e-01  7.069969e-01
   outer loop
     vertex  7.403168e+00  1.640711e+01  7.500000e+00
     vertex  7.983687e+00  1.557276e+01  8.000000e+00
     vertex  8.211792e+00  1.601769e+01  7.500000e+00
   endloop
 endfacet
 facet normal  3.068498e-01  6.371802e-01  7.069969e-01
   outer loop
     vertex  7.197524e+00  1.595135e+01  8.000000e+00
     vertex  7.983687e+00  1.557276e+01  8.000000e+00
     vertex  7.403168e+00  1.640711e+01  7.500000e+00
   endloop
 endfacet
 facet normal  2.747076e-01  6.516833e-01  7.069969e-01
   outer loop
     vertex  6.576138e+00  1.675573e+01  7.500000e+00
     vertex  7.197524e+00  1.595135e+01  8.000000e+00
     vertex  7.403168e+00  1.640711e+01  7.500000e+00
   endloop
 endfacet
 facet normal  2.747076e-01  6.516833e-01  7.069969e-01
   outer loop
     vertex  6.393468e+00  1.629029e+01  8.000000e+00
     vertex  7.197524e+00  1.595135e+01  8.000000e+00
     vertex  6.576138e+00  1.675573e+01  7.500000e+00
   endloop
 endfacet
 facet normal  2.418824e-01  6.645663e-01  7.069969e-01
   outer loop
     vertex  5.573516e+00  1.658873e+01  8.000000e+00
     vertex  6.576138e+00  1.675573e+01  7.500000e+00
     vertex  5.732760e+00  1.706269e+01  7.500000e+00
   endloop
 endfacet
 facet normal  2.418824e-01  6.645663e-01  7.069969e-01
   outer loop
     vertex  5.573516e+00  1.658873e+01  8.000000e+00
     vertex  6.393468e+00  1.629029e+01  8.000000e+00
     vertex  6.576138e+00  1.675573e+01  7.500000e+00
   endloop
 endfacet
 facet normal  2.084558e-01  6.757970e-01  7.069969e-01
   outer loop
     vertex  4.875128e+00  1.732724e+01  7.500000e+00
     vertex  5.573516e+00  1.658873e+01  8.000000e+00
     vertex  5.732760e+00  1.706269e+01  7.500000e+00
   endloop
 endfacet
 facet normal  2.084558e-01  6.757970e-01  7.069969e-01
   outer loop
     vertex  4.739708e+00  1.684592e+01  8.000000e+00
     vertex  5.573516e+00  1.658873e+01  8.000000e+00
     vertex  4.875128e+00  1.732724e+01  7.500000e+00
   endloop
 endfacet
 facet normal  1.745109e-01  6.853476e-01  7.069969e-01
   outer loop
     vertex  3.894116e+00  1.706124e+01  8.000000e+00
     vertex  4.875128e+00  1.732724e+01  7.500000e+00
     vertex  4.005377e+00  1.754870e+01  7.500000e+00
   endloop
 endfacet
 facet normal  1.745109e-01  6.853476e-01  7.069969e-01
   outer loop
     vertex  3.894116e+00  1.706124e+01  8.000000e+00
     vertex  4.739708e+00  1.684592e+01  8.000000e+00
     vertex  4.875128e+00  1.732724e+01  7.500000e+00
   endloop
 endfacet
 facet normal  1.401323e-01  6.931943e-01  7.069969e-01
   outer loop
     vertex  3.125667e+00  1.772654e+01  7.500000e+00
     vertex  3.894116e+00  1.706124e+01  8.000000e+00
     vertex  4.005377e+00  1.754870e+01  7.500000e+00
   endloop
 endfacet
 facet normal  1.401323e-01  6.931943e-01  7.069969e-01
   outer loop
     vertex  3.038843e+00  1.723414e+01  8.000000e+00
     vertex  3.894116e+00  1.706124e+01  8.000000e+00
     vertex  3.125667e+00  1.772654e+01  7.500000e+00
   endloop
 endfacet
 facet normal  1.054052e-01  6.993177e-01  7.069969e-01
   outer loop
     vertex  2.176015e+00  1.736419e+01  8.000000e+00
     vertex  3.125667e+00  1.772654e+01  7.500000e+00
     vertex  2.238187e+00  1.786031e+01  7.500000e+00
   endloop
 endfacet
 facet normal  1.054052e-01  6.993177e-01  7.069969e-01
   outer loop
     vertex  2.176015e+00  1.736419e+01  8.000000e+00
     vertex  3.038843e+00  1.723414e+01  8.000000e+00
     vertex  3.125667e+00  1.772654e+01  7.500000e+00
   endloop
 endfacet
 facet normal  7.041604e-02  7.037024e-01  7.069969e-01
   outer loop
     vertex  1.307777e+00  1.745107e+01  8.000000e+00
     vertex  2.238187e+00  1.786031e+01  7.500000e+00
     vertex  1.345142e+00  1.794967e+01  7.500000e+00
   endloop
 endfacet
 facet normal  7.041604e-02  7.037024e-01  7.069969e-01
   outer loop
     vertex  1.307777e+00  1.745107e+01  8.000000e+00
     vertex  2.176015e+00  1.736419e+01  8.000000e+00
     vertex  2.238187e+00  1.786031e+01  7.500000e+00
   endloop
 endfacet
 facet normal  3.525184e-02  7.063376e-01  7.069969e-01
   outer loop
     vertex  4.362871e-01  1.749456e+01  8.000000e+00
     vertex  1.345142e+00  1.794967e+01  7.500000e+00
     vertex  4.487525e-01  1.799441e+01  7.500000e+00
   endloop
 endfacet
 facet normal  3.525184e-02  7.063376e-01  7.069969e-01
   outer loop
     vertex  4.362871e-01  1.749456e+01  8.000000e+00
     vertex  1.307777e+00  1.745107e+01  8.000000e+00
     vertex  1.345142e+00  1.794967e+01  7.500000e+00
   endloop
 endfacet
 facet normal  0.000000e+00  7.072167e-01  7.069969e-01
   outer loop
     vertex -4.362871e-01  1.749456e+01  8.000000e+00
     vertex  4.487525e-01  1.799441e+01  7.500000e+00
     vertex -4.487525e-01  1.799441e+01  7.500000e+00
   endloop
 endfacet
 facet normal -0.000000e+00  7.072167e-01  7.069969e-01
   outer loop
     vertex -4.362871e-01  1.749456e+01  8.000000e+00
     vertex  4.362871e-01  1.749456e+01  8.000000e+00
     vertex  4.487525e-01  1.799441e+01  7.500000e+00
   endloop
 endfacet
 facet normal -3.525184e-02  7.063376e-01  7.069969e-01
   outer loop
     vertex -1.307777e+00  1.745107e+01  8.000000e+00
     vertex -4.487525e-01  1.799441e+01  7.500000e+00
     vertex -1.345142e+00  1.794967e+01  7.500000e+00
   endloop
 endfacet
 facet normal -3.525184e-02  7.063376e-01  7.069969e-01
   outer loop
     vertex -1.307777e+00  1.745107e+01  8.000000e+00
     vertex -4.362871e-01  1.749456e+01  8.000000e+00
     vertex -4.487525e-01  1.799441e+01  7.500000e+00
   endloop
 endfacet
 facet normal -7.041604e-02  7.037024e-01  7.069969e-01
   outer loop
     vertex -2.176015e+00  1.736419e+01  8.000000e+00
     vertex -1.345142e+00  1.794967e+01  7.500000e+00
     vertex -2.238187e+00  1.786031e+01  7.500000e+00
   endloop
 endfacet
 facet normal -7.041604e-02  7.037024e-01  7.069969e-01
   outer loop
     vertex -2.176015e+00  1.736419e+01  8.000000e+00
     vertex -1.307777e+00  1.745107e+01  8.000000e+00
     vertex -1.345142e+00  1.794967e+01  7.500000e+00
   endloop
 endfacet
 facet normal -1.054052e-01  6.993177e-01  7.069969e-01
   outer loop
     vertex -3.038843e+00  1.723414e+01  8.000000e+00
     vertex -2.238187e+00  1.786031e+01  7.500000e+00
     vertex -3.125667e+00  1.772654e+01  7.500000e+00
   endloop
 endfacet
 facet normal -1.054052e-01  6.993177e-01  7.069969e-01
   outer loop
     vertex -3.038843e+00  1.723414e+01  8.000000e+00
     vertex -2.176015e+00  1.736419e+01  8.000000e+00
     vertex -2.238187e+00  1.786031e+01  7.500000e+00
   endloop
 endfacet
 facet normal -1.401323e-01  6.931943e-01  7.069969e-01
   outer loop
     vertex -3.894116e+00  1.706124e+01  8.000000e+00
     vertex -3.125667e+00  1.772654e+01  7.500000e+00
     vertex -4.005377e+00  1.754870e+01  7.500000e+00
   endloop
 endfacet
 facet normal -1.401323e-01  6.931943e-01  7.069969e-01
   outer loop
     vertex -3.894116e+00  1.706124e+01  8.000000e+00
     vertex -3.038843e+00  1.723414e+01  8.000000e+00
     vertex -3.125667e+00  1.772654e+01  7.500000e+00
   endloop
 endfacet
 facet normal -1.745109e-01  6.853476e-01  7.069969e-01
   outer loop
     vertex -4.739708e+00  1.684592e+01  8.000000e+00
     vertex -4.005377e+00  1.754870e+01  7.500000e+00
     vertex -4.875128e+00  1.732724e+01  7.500000e+00
   endloop
 endfacet
 facet normal -1.745109e-01  6.853476e-01  7.069969e-01
   outer loop
     vertex -4.739708e+00  1.684592e+01  8.000000e+00
     vertex -3.894116e+00  1.706124e+01  8.000000e+00
     vertex -4.005377e+00  1.754870e+01  7.500000e+00
   endloop
 endfacet
 facet normal -2.084558e-01  6.757970e-01  7.069969e-01
   outer loop
     vertex -5.573516e+00  1.658873e+01  8.000000e+00
     vertex -4.739708e+00  1.684592e+01  8.000000e+00
     vertex -4.875128e+00  1.732724e+01  7.500000e+00
   endloop
 endfacet
 facet normal -2.084558e-01  6.757970e-01  7.069969e-01
   outer loop
     vertex -5.573516e+00  1.658873e+01  8.000000e+00
     vertex -4.875128e+00  1.732724e+01  7.500000e+00
     vertex -5.732760e+00  1.706269e+01  7.500000e+00
   endloop
 endfacet
 facet normal -2.418824e-01  6.645663e-01  7.069969e-01
   outer loop
     vertex -6.393468e+00  1.629029e+01  8.000000e+00
     vertex -5.573516e+00  1.658873e+01  8.000000e+00
     vertex -5.732760e+00  1.706269e+01  7.500000e+00
   endloop
 endfacet
 facet normal -2.418824e-01  6.645663e-01  7.069969e-01
   outer loop
     vertex -6.393468e+00  1.629029e+01  8.000000e+00
     vertex -5.732760e+00  1.706269e+01  7.500000e+00
     vertex -6.576138e+00  1.675573e+01  7.500000e+00
   endloop
 endfacet
 facet normal -2.747076e-01  6.516833e-01  7.069969e-01
   outer loop
     vertex -7.403168e+00  1.640711e+01  7.500000e+00
     vertex -6.393468e+00  1.629029e+01  8.000000e+00
     vertex -6.576138e+00  1.675573e+01  7.500000e+00
   endloop
 endfacet
 facet normal -2.747076e-01  6.516833e-01  7.069969e-01
   outer loop
     vertex -7.197524e+00  1.595135e+01  8.000000e+00
     vertex -6.393468e+00  1.629029e+01  8.000000e+00
     vertex -7.403168e+00  1.640711e+01  7.500000e+00
   endloop
 endfacet
 facet normal -3.068498e-01  6.371802e-01  7.069969e-01
   outer loop
     vertex -7.983687e+00  1.557276e+01  8.000000e+00
     vertex -7.197524e+00  1.595135e+01  8.000000e+00
     vertex -7.403168e+00  1.640711e+01  7.500000e+00
   endloop
 endfacet
 facet normal -3.068498e-01  6.371802e-01  7.069969e-01
   outer loop
     vertex -7.983687e+00  1.557276e+01  8.000000e+00
     vertex -7.403168e+00  1.640711e+01  7.500000e+00
     vertex -8.211792e+00  1.601769e+01  7.500000e+00
   endloop
 endfacet
 facet normal -3.382292e-01  6.210929e-01  7.069969e-01
   outer loop
     vertex -8.750000e+00  1.515544e+01  8.000000e+00
     vertex -7.983687e+00  1.557276e+01  8.000000e+00
     vertex -8.211792e+00  1.601769e+01  7.500000e+00
   endloop
 endfacet
 facet normal -3.382292e-01  6.210929e-01  7.069969e-01
   outer loop
     vertex -8.750000e+00  1.515544e+01  8.000000e+00
     vertex -8.211792e+00  1.601769e+01  7.500000e+00
     vertex -9.000000e+00  1.558846e+01  7.500000e+00
   endloop
 endfacet
 facet normal -3.687677e-01  6.034615e-01  7.069969e-01
   outer loop
     vertex -9.494560e+00  1.470045e+01  8.000000e+00
     vertex -8.750000e+00  1.515544e+01  8.000000e+00
     vertex -9.000000e+00  1.558846e+01  7.500000e+00
   endloop
 endfacet
 facet normal -3.687677e-01  6.034615e-01  7.069969e-01
   outer loop
     vertex -9.494560e+00  1.470045e+01  8.000000e+00
     vertex -9.000000e+00  1.558846e+01  7.500000e+00
     vertex -9.765833e+00  1.512047e+01  7.500000e+00
   endloop
 endfacet
 facet normal -3.983893e-01  5.843298e-01  7.069969e-01
   outer loop
     vertex -1.021551e+01  1.420892e+01  8.000000e+00
     vertex -9.494560e+00  1.470045e+01  8.000000e+00
     vertex -9.765833e+00  1.512047e+01  7.500000e+00
   endloop
 endfacet
 facet normal -3.983893e-01  5.843298e-01  7.069969e-01
   outer loop
     vertex -1.021551e+01  1.420892e+01  8.000000e+00
     vertex -9.765833e+00  1.512047e+01  7.500000e+00
     vertex -1.050739e+01  1.461488e+01  7.500000e+00
   endloop
 endfacet
 facet normal -4.270206e-01  5.637454e-01  7.069969e-01
   outer loop
     vertex -1.091107e+01  1.368205e+01  8.000000e+00
     vertex -1.021551e+01  1.420892e+01  8.000000e+00
     vertex -1.050739e+01  1.461488e+01  7.500000e+00
   endloop
 endfacet
 facet normal -4.270206e-01  5.637454e-01  7.069969e-01
   outer loop
     vertex -1.091107e+01  1.368205e+01  8.000000e+00
     vertex -1.050739e+01  1.461488e+01  7.500000e+00
     vertex -1.122282e+01  1.407297e+01  7.500000e+00
   endloop
 endfacet
 facet normal -4.545901e-01  5.417594e-01  7.069969e-01
   outer loop
     vertex -1.157950e+01  1.312117e+01  8.000000e+00
     vertex -1.091107e+01  1.368205e+01  8.000000e+00
     vertex -1.122282e+01  1.407297e+01  7.500000e+00
   endloop
 endfacet
 facet normal -4.545901e-01  5.417594e-01  7.069969e-01
   outer loop
     vertex -1.157950e+01  1.312117e+01  8.000000e+00
     vertex -1.122282e+01  1.407297e+01  7.500000e+00
     vertex -1.191035e+01  1.349606e+01  7.500000e+00
   endloop
 endfacet
 facet normal -4.810295e-01  5.184265e-01  7.069969e-01
   outer loop
     vertex -1.221914e+01  1.252767e+01  8.000000e+00
     vertex -1.157950e+01  1.312117e+01  8.000000e+00
     vertex -1.191035e+01  1.349606e+01  7.500000e+00
   endloop
 endfacet
 facet normal -4.810295e-01  5.184265e-01  7.069969e-01
   outer loop
     vertex -1.221914e+01  1.252767e+01  8.000000e+00
     vertex -1.191035e+01  1.349606e+01  7.500000e+00
     vertex -1.256826e+01  1.288560e+01  7.500000e+00
   endloop
 endfacet
 facet normal -5.062730e-01  4.938047e-01  7.069969e-01
   outer loop
     vertex -1.282841e+01  1.190302e+01  8.000000e+00
     vertex -1.221914e+01  1.252767e+01  8.000000e+00
     vertex -1.256826e+01  1.288560e+01  7.500000e+00
   endloop
 endfacet
 facet normal -5.062730e-01  4.938047e-01  7.069969e-01
   outer loop
     vertex -1.282841e+01  1.190302e+01  8.000000e+00
     vertex -1.256826e+01  1.288560e+01  7.500000e+00
     vertex -1.319493e+01  1.224311e+01  7.500000e+00
   endloop
 endfacet
 facet normal -5.302578e-01  4.679553e-01  7.069969e-01
   outer loop
     vertex -1.340578e+01  1.124878e+01  8.000000e+00
     vertex -1.282841e+01  1.190302e+01  8.000000e+00
     vertex -1.319493e+01  1.224311e+01  7.500000e+00
   endloop
 endfacet
 facet normal -5.302578e-01  4.679553e-01  7.069969e-01
   outer loop
     vertex -1.340578e+01  1.124878e+01  8.000000e+00
     vertex -1.319493e+01  1.224311e+01  7.500000e+00
     vertex -1.378880e+01  1.157018e+01  7.500000e+00
   endloop
 endfacet
 facet normal -5.529243e-01  4.409424e-01  7.069969e-01
   outer loop
     vertex -1.394982e+01  1.056658e+01  8.000000e+00
     vertex -1.378880e+01  1.157018e+01  7.500000e+00
     vertex -1.434839e+01  1.086848e+01  7.500000e+00
   endloop
 endfacet
 facet normal -5.529243e-01  4.409424e-01  7.069969e-01
   outer loop
     vertex -1.394982e+01  1.056658e+01  8.000000e+00
     vertex -1.340578e+01  1.124878e+01  8.000000e+00
     vertex -1.378880e+01  1.157018e+01  7.500000e+00
   endloop
 endfacet
 facet normal -5.742161e-01  4.128333e-01  7.069969e-01
   outer loop
     vertex -1.445918e+01  9.858101e+00  8.000000e+00
     vertex -1.434839e+01  1.086848e+01  7.500000e+00
     vertex -1.487230e+01  1.013976e+01  7.500000e+00
   endloop
 endfacet
 facet normal -5.742161e-01  4.128333e-01  7.069969e-01
   outer loop
     vertex -1.445918e+01  9.858101e+00  8.000000e+00
     vertex -1.394982e+01  1.056658e+01  8.000000e+00
     vertex -1.434839e+01  1.086848e+01  7.500000e+00
   endloop
 endfacet
 facet normal -5.940803e-01  3.836978e-01  7.069969e-01
   outer loop
     vertex -1.493259e+01  9.125116e+00  8.000000e+00
     vertex -1.487230e+01  1.013976e+01  7.500000e+00
     vertex -1.535924e+01  9.385834e+00  7.500000e+00
   endloop
 endfacet
 facet normal -5.940803e-01  3.836978e-01  7.069969e-01
   outer loop
     vertex -1.493259e+01  9.125116e+00  8.000000e+00
     vertex -1.445918e+01  9.858101e+00  8.000000e+00
     vertex -1.487230e+01  1.013976e+01  7.500000e+00
   endloop
 endfacet
 facet normal -6.124676e-01  3.536083e-01  7.069969e-01
   outer loop
     vertex -1.536888e+01  8.369445e+00  8.000000e+00
     vertex -1.535924e+01  9.385834e+00  7.500000e+00
     vertex -1.580799e+01  8.608572e+00  7.500000e+00
   endloop
 endfacet
 facet normal -6.124676e-01  3.536083e-01  7.069969e-01
   outer loop
     vertex -1.536888e+01  8.369445e+00  8.000000e+00
     vertex -1.493259e+01  9.125116e+00  8.000000e+00
     vertex -1.535924e+01  9.385834e+00  7.500000e+00
   endloop
 endfacet
 facet normal -6.293322e-01  3.226398e-01  7.069969e-01
   outer loop
     vertex -1.576696e+01  7.592965e+00  8.000000e+00
     vertex -1.580799e+01  8.608572e+00  7.500000e+00
     vertex -1.621744e+01  7.809907e+00  7.500000e+00
   endloop
 endfacet
 facet normal -6.293322e-01  3.226398e-01  7.069969e-01
   outer loop
     vertex -1.576696e+01  7.592965e+00  8.000000e+00
     vertex -1.536888e+01  8.369445e+00  8.000000e+00
     vertex -1.580799e+01  8.608572e+00  7.500000e+00
   endloop
 endfacet
 facet normal -6.446321e-01  2.908691e-01  7.069969e-01
   outer loop
     vertex -1.612583e+01  6.797609e+00  8.000000e+00
     vertex -1.621744e+01  7.809907e+00  7.500000e+00
     vertex -1.658657e+01  6.991826e+00  7.500000e+00
   endloop
 endfacet
 facet normal -6.446321e-01  2.908691e-01  7.069969e-01
   outer loop
     vertex -1.612583e+01  6.797609e+00  8.000000e+00
     vertex -1.576696e+01  7.592965e+00  8.000000e+00
     vertex -1.621744e+01  7.809907e+00  7.500000e+00
   endloop
 endfacet
 facet normal -6.583294e-01  2.583753e-01  7.069969e-01
   outer loop
     vertex -1.644462e+01  5.985353e+00  8.000000e+00
     vertex -1.658657e+01  6.991826e+00  7.500000e+00
     vertex -1.691447e+01  6.156363e+00  7.500000e+00
   endloop
 endfacet
 facet normal -6.583294e-01  2.583753e-01  7.069969e-01
   outer loop
     vertex -1.644462e+01  5.985353e+00  8.000000e+00
     vertex -1.612583e+01  6.797609e+00  8.000000e+00
     vertex -1.658657e+01  6.991826e+00  7.500000e+00
   endloop
 endfacet
 facet normal -6.703900e-01  2.252391e-01  7.069969e-01
   outer loop
     vertex -1.672252e+01  5.158216e+00  8.000000e+00
     vertex -1.691447e+01  6.156363e+00  7.500000e+00
     vertex -1.720031e+01  5.305593e+00  7.500000e+00
   endloop
 endfacet
 facet normal -6.703900e-01  2.252391e-01  7.069969e-01
   outer loop
     vertex -1.672252e+01  5.158216e+00  8.000000e+00
     vertex -1.644462e+01  5.985353e+00  8.000000e+00
     vertex -1.691447e+01  6.156363e+00  7.500000e+00
   endloop
 endfacet
 facet normal -6.807839e-01  1.915429e-01  7.069969e-01
   outer loop
     vertex -1.695885e+01  4.318254e+00  8.000000e+00
     vertex -1.720031e+01  5.305593e+00  7.500000e+00
     vertex -1.744339e+01  4.441633e+00  7.500000e+00
   endloop
 endfacet
 facet normal -6.807839e-01  1.915429e-01  7.069969e-01
   outer loop
     vertex -1.695885e+01  4.318254e+00  8.000000e+00
     vertex -1.672252e+01  5.158216e+00  8.000000e+00
     vertex -1.720031e+01  5.305593e+00  7.500000e+00
   endloop
 endfacet
 facet normal -6.894853e-01  1.573705e-01  7.069969e-01
   outer loop
     vertex -1.715302e+01  3.467558e+00  8.000000e+00
     vertex -1.744339e+01  4.441633e+00  7.500000e+00
     vertex -1.764310e+01  3.566631e+00  7.500000e+00
   endloop
 endfacet
 facet normal -6.894853e-01  1.573705e-01  7.069969e-01
   outer loop
     vertex -1.715302e+01  3.467558e+00  8.000000e+00
     vertex -1.695885e+01  4.318254e+00  8.000000e+00
     vertex -1.744339e+01  4.441633e+00  7.500000e+00
   endloop
 endfacet
 facet normal -6.964725e-01  1.228069e-01  7.069969e-01
   outer loop
     vertex -1.730454e+01  2.608240e+00  8.000000e+00
     vertex -1.764310e+01  3.566631e+00  7.500000e+00
     vertex -1.779895e+01  2.682761e+00  7.500000e+00
   endloop
 endfacet
 facet normal -6.964725e-01  1.228069e-01  7.069969e-01
   outer loop
     vertex -1.730454e+01  2.608240e+00  8.000000e+00
     vertex -1.715302e+01  3.467558e+00  8.000000e+00
     vertex -1.764310e+01  3.566631e+00  7.500000e+00
   endloop
 endfacet
 facet normal -7.017281e-01  8.793794e-02  7.069969e-01
   outer loop
     vertex -1.741304e+01  1.742437e+00  8.000000e+00
     vertex -1.779895e+01  2.682761e+00  7.500000e+00
     vertex -1.791055e+01  1.792221e+00  7.500000e+00
   endloop
 endfacet
 facet normal -7.017281e-01  8.793794e-02  7.069969e-01
   outer loop
     vertex -1.741304e+01  1.742437e+00  8.000000e+00
     vertex -1.730454e+01  2.608240e+00  8.000000e+00
     vertex -1.779895e+01  2.682761e+00  7.500000e+00
   endloop
 endfacet
 facet normal -7.052392e-01  5.285037e-02  7.069969e-01
   outer loop
     vertex -1.747825e+01  8.723030e-01  8.000000e+00
     vertex -1.741304e+01  1.742437e+00  8.000000e+00
     vertex -1.791055e+01  1.792221e+00  7.500000e+00
   endloop
 endfacet
 facet normal -7.052392e-01  5.285037e-02  7.069969e-01
   outer loop
     vertex -1.747825e+01  8.723030e-01  8.000000e+00
     vertex -1.791055e+01  1.792221e+00  7.500000e+00
     vertex -1.797762e+01  8.972259e-01  7.500000e+00
   endloop
 endfacet
 facet normal -7.069969e-01  1.763140e-02  7.069969e-01
   outer loop
     vertex -1.750000e+01 -6.002936e-14  8.000000e+00
     vertex -1.797762e+01  8.972259e-01  7.500000e+00
     vertex -1.800000e+01 -6.174448e-14  7.500000e+00
   endloop
 endfacet
 facet normal -7.069969e-01  1.763140e-02  7.069969e-01
   outer loop
     vertex -1.750000e+01 -6.002936e-14  8.000000e+00
     vertex -1.747825e+01  8.723030e-01  8.000000e+00
     vertex -1.797762e+01  8.972259e-01  7.500000e+00
   endloop
 endfacet
 facet normal -7.069969e-01 -1.763140e-02  7.069969e-01
   outer loop
     vertex -1.747825e+01 -8.723030e-01  8.000000e+00
     vertex -1.750000e+01 -6.002936e-14  8.000000e+00
     vertex -1.800000e+01 -6.174448e-14  7.500000e+00
   endloop
 endfacet
 facet normal -7.069969e-01 -1.763140e-02  7.069969e-01
   outer loop
     vertex -1.747825e+01 -8.723030e-01  8.000000e+00
     vertex -1.800000e+01 -6.174448e-14  7.500000e+00
     vertex -1.797762e+01 -8.972259e-01  7.500000e+00
   endloop
 endfacet
 facet normal -7.052392e-01 -5.285037e-02  7.069969e-01
   outer loop
     vertex -1.741304e+01 -1.742437e+00  8.000000e+00
     vertex -1.747825e+01 -8.723030e-01  8.000000e+00
     vertex -1.797762e+01 -8.972259e-01  7.500000e+00
   endloop
 endfacet
 facet normal -7.052392e-01 -5.285037e-02  7.069969e-01
   outer loop
     vertex -1.741304e+01 -1.742437e+00  8.000000e+00
     vertex -1.797762e+01 -8.972259e-01  7.500000e+00
     vertex -1.791055e+01 -1.792221e+00  7.500000e+00
   endloop
 endfacet
 facet normal -7.017281e-01 -8.793794e-02  7.069969e-01
   outer loop
     vertex -1.730454e+01 -2.608240e+00  8.000000e+00
     vertex -1.741304e+01 -1.742437e+00  8.000000e+00
     vertex -1.791055e+01 -1.792221e+00  7.500000e+00
   endloop
 endfacet
 facet normal -7.017281e-01 -8.793794e-02  7.069969e-01
   outer loop
     vertex -1.730454e+01 -2.608240e+00  8.000000e+00
     vertex -1.791055e+01 -1.792221e+00  7.500000e+00
     vertex -1.779895e+01 -2.682761e+00  7.500000e+00
   endloop
 endfacet
 facet normal -6.964725e-01 -1.228069e-01  7.069969e-01
   outer loop
     vertex -1.715302e+01 -3.467558e+00  8.000000e+00
     vertex -1.730454e+01 -2.608240e+00  8.000000e+00
     vertex -1.779895e+01 -2.682761e+00  7.500000e+00
   endloop
 endfacet
 facet normal -6.964725e-01 -1.228069e-01  7.069969e-01
   outer loop
     vertex -1.715302e+01 -3.467558e+00  8.000000e+00
     vertex -1.779895e+01 -2.682761e+00  7.500000e+00
     vertex -1.764310e+01 -3.566631e+00  7.500000e+00
   endloop
 endfacet
 facet normal -6.894853e-01 -1.573705e-01  7.069969e-01
   outer loop
     vertex -1.695885e+01 -4.318254e+00  8.000000e+00
     vertex -1.715302e+01 -3.467558e+00  8.000000e+00
     vertex -1.764310e+01 -3.566631e+00  7.500000e+00
   endloop
 endfacet
 facet normal -6.894853e-01 -1.573705e-01  7.069969e-01
   outer loop
     vertex -1.695885e+01 -4.318254e+00  8.000000e+00
     vertex -1.764310e+01 -3.566631e+00  7.500000e+00
     vertex -1.744339e+01 -4.441633e+00  7.500000e+00
   endloop
 endfacet
 facet normal -6.807839e-01 -1.915429e-01  7.069969e-01
   outer loop
     vertex -1.672252e+01 -5.158216e+00  8.000000e+00
     vertex -1.695885e+01 -4.318254e+00  8.000000e+00
     vertex -1.744339e+01 -4.441633e+00  7.500000e+00
   endloop
 endfacet
 facet normal -6.807839e-01 -1.915429e-01  7.069969e-01
   outer loop
     vertex -1.672252e+01 -5.158216e+00  8.000000e+00
     vertex -1.744339e+01 -4.441633e+00  7.500000e+00
     vertex -1.720031e+01 -5.305593e+00  7.500000e+00
   endloop
 endfacet
 facet normal -6.703900e-01 -2.252391e-01  7.069969e-01
   outer loop
     vertex -1.644462e+01 -5.985353e+00  8.000000e+00
     vertex -1.672252e+01 -5.158216e+00  8.000000e+00
     vertex -1.720031e+01 -5.305593e+00  7.500000e+00
   endloop
 endfacet
 facet normal -6.703900e-01 -2.252391e-01  7.069969e-01
   outer loop
     vertex -1.644462e+01 -5.985353e+00  8.000000e+00
     vertex -1.720031e+01 -5.305593e+00  7.500000e+00
     vertex -1.691447e+01 -6.156363e+00  7.500000e+00
   endloop
 endfacet
 facet normal -6.583294e-01 -2.583753e-01  7.069969e-01
   outer loop
     vertex -1.612583e+01 -6.797609e+00  8.000000e+00
     vertex -1.644462e+01 -5.985353e+00  8.000000e+00
     vertex -1.691447e+01 -6.156363e+00  7.500000e+00
   endloop
 endfacet
 facet normal -6.583294e-01 -2.583753e-01  7.069969e-01
   outer loop
     vertex -1.612583e+01 -6.797609e+00  8.000000e+00
     vertex -1.691447e+01 -6.156363e+00  7.500000e+00
     vertex -1.658657e+01 -6.991826e+00  7.500000e+00
   endloop
 endfacet
 facet normal -6.446321e-01 -2.908691e-01  7.069969e-01
   outer loop
     vertex -1.576696e+01 -7.592965e+00  8.000000e+00
     vertex -1.612583e+01 -6.797609e+00  8.000000e+00
     vertex -1.658657e+01 -6.991826e+00  7.500000e+00
   endloop
 endfacet
 facet normal -6.446321e-01 -2.908691e-01  7.069969e-01
   outer loop
     vertex -1.576696e+01 -7.592965e+00  8.000000e+00
     vertex -1.658657e+01 -6.991826e+00  7.500000e+00
     vertex -1.621744e+01 -7.809907e+00  7.500000e+00
   endloop
 endfacet
 facet normal -6.293322e-01 -3.226398e-01  7.069969e-01
   outer loop
     vertex -1.536888e+01 -8.369445e+00  8.000000e+00
     vertex -1.576696e+01 -7.592965e+00  8.000000e+00
     vertex -1.621744e+01 -7.809907e+00  7.500000e+00
   endloop
 endfacet
 facet normal -6.293322e-01 -3.226398e-01  7.069969e-01
   outer loop
     vertex -1.536888e+01 -8.369445e+00  8.000000e+00
     vertex -1.621744e+01 -7.809907e+00  7.500000e+00
     vertex -1.580799e+01 -8.608572e+00  7.500000e+00
   endloop
 endfacet
 facet normal -6.124676e-01 -3.536083e-01  7.069969e-01
   outer loop
     vertex -1.493259e+01 -9.125116e+00  8.000000e+00
     vertex -1.536888e+01 -8.369445e+00  8.000000e+00
     vertex -1.580799e+01 -8.608572e+00  7.500000e+00
   endloop
 endfacet
 facet normal -6.124676e-01 -3.536083e-01  7.069969e-01
   outer loop
     vertex -1.493259e+01 -9.125116e+00  8.000000e+00
     vertex -1.580799e+01 -8.608572e+00  7.500000e+00
     vertex -1.535924e+01 -9.385834e+00  7.500000e+00
   endloop
 endfacet
 facet normal -5.940803e-01 -3.836978e-01  7.069969e-01
   outer loop
     vertex -1.445918e+01 -9.858101e+00  8.000000e+00
     vertex -1.493259e+01 -9.125116e+00  8.000000e+00
     vertex -1.535924e+01 -9.385834e+00  7.500000e+00
   endloop
 endfacet
 facet normal -5.940803e-01 -3.836978e-01  7.069969e-01
   outer loop
     vertex -1.445918e+01 -9.858101e+00  8.000000e+00
     vertex -1.535924e+01 -9.385834e+00  7.500000e+00
     vertex -1.487230e+01 -1.013976e+01  7.500000e+00
   endloop
 endfacet
 facet normal -5.742161e-01 -4.128333e-01  7.069969e-01
   outer loop
     vertex -1.394982e+01 -1.056658e+01  8.000000e+00
     vertex -1.445918e+01 -9.858101e+00  8.000000e+00
     vertex -1.487230e+01 -1.013976e+01  7.500000e+00
   endloop
 endfacet
 facet normal -5.742161e-01 -4.128333e-01  7.069969e-01
   outer loop
     vertex -1.394982e+01 -1.056658e+01  8.000000e+00
     vertex -1.487230e+01 -1.013976e+01  7.500000e+00
     vertex -1.434839e+01 -1.086848e+01  7.500000e+00
   endloop
 endfacet
 facet normal -5.529243e-01 -4.409424e-01  7.069969e-01
   outer loop
     vertex -1.340578e+01 -1.124878e+01  8.000000e+00
     vertex -1.394982e+01 -1.056658e+01  8.000000e+00
     vertex -1.434839e+01 -1.086848e+01  7.500000e+00
   endloop
 endfacet
 facet normal -5.529243e-01 -4.409424e-01  7.069969e-01
   outer loop
     vertex -1.340578e+01 -1.124878e+01  8.000000e+00
     vertex -1.434839e+01 -1.086848e+01  7.500000e+00
     vertex -1.378880e+01 -1.157018e+01  7.500000e+00
   endloop
 endfacet
 facet normal -5.302578e-01 -4.679553e-01  7.069969e-01
   outer loop
     vertex -1.282841e+01 -1.190302e+01  8.000000e+00
     vertex -1.340578e+01 -1.124878e+01  8.000000e+00
     vertex -1.378880e+01 -1.157018e+01  7.500000e+00
   endloop
 endfacet
 facet normal -5.302578e-01 -4.679553e-01  7.069969e-01
   outer loop
     vertex -1.282841e+01 -1.190302e+01  8.000000e+00
     vertex -1.378880e+01 -1.157018e+01  7.500000e+00
     vertex -1.319493e+01 -1.224311e+01  7.500000e+00
   endloop
 endfacet
 facet normal -5.062730e-01 -4.938047e-01  7.069969e-01
   outer loop
     vertex -1.221914e+01 -1.252767e+01  8.000000e+00
     vertex -1.282841e+01 -1.190302e+01  8.000000e+00
     vertex -1.319493e+01 -1.224311e+01  7.500000e+00
   endloop
 endfacet
 facet normal -5.062730e-01 -4.938047e-01  7.069969e-01
   outer loop
     vertex -1.221914e+01 -1.252767e+01  8.000000e+00
     vertex -1.319493e+01 -1.224311e+01  7.500000e+00
     vertex -1.256826e+01 -1.288560e+01  7.500000e+00
   endloop
 endfacet
 facet normal -4.810295e-01 -5.184265e-01  7.069969e-01
   outer loop
     vertex -1.157950e+01 -1.312117e+01  8.000000e+00
     vertex -1.221914e+01 -1.252767e+01  8.000000e+00
     vertex -1.256826e+01 -1.288560e+01  7.500000e+00
   endloop
 endfacet
 facet normal -4.810295e-01 -5.184265e-01  7.069969e-01
   outer loop
     vertex -1.157950e+01 -1.312117e+01  8.000000e+00
     vertex -1.256826e+01 -1.288560e+01  7.500000e+00
     vertex -1.191035e+01 -1.349606e+01  7.500000e+00
   endloop
 endfacet
 facet normal -4.545901e-01 -5.417594e-01  7.069969e-01
   outer loop
     vertex -1.122282e+01 -1.407297e+01  7.500000e+00
     vertex -1.157950e+01 -1.312117e+01  8.000000e+00
     vertex -1.191035e+01 -1.349606e+01  7.500000e+00
   endloop
 endfacet
 facet normal -4.545901e-01 -5.417594e-01  7.069969e-01
   outer loop
     vertex -1.091107e+01 -1.368205e+01  8.000000e+00
     vertex -1.157950e+01 -1.312117e+01  8.000000e+00
     vertex -1.122282e+01 -1.407297e+01  7.500000e+00
   endloop
 endfacet
 facet normal -4.270206e-01 -5.637454e-01  7.069969e-01
   outer loop
     vertex -1.021551e+01 -1.420892e+01  8.000000e+00
     vertex -1.091107e+01 -1.368205e+01  8.000000e+00
     vertex -1.122282e+01 -1.407297e+01  7.500000e+00
   endloop
 endfacet
 facet normal -4.270206e-01 -5.637454e-01  7.069969e-01
   outer loop
     vertex -1.021551e+01 -1.420892e+01  8.000000e+00
     vertex -1.122282e+01 -1.407297e+01  7.500000e+00
     vertex -1.050739e+01 -1.461488e+01  7.500000e+00
   endloop
 endfacet
 facet normal -3.983893e-01 -5.843298e-01  7.069969e-01
   outer loop
     vertex -9.494560e+00 -1.470045e+01  8.000000e+00
     vertex -1.050739e+01 -1.461488e+01  7.500000e+00
     vertex -9.765833e+00 -1.512047e+01  7.500000e+00
   endloop
 endfacet
 facet normal -3.983893e-01 -5.843298e-01  7.069969e-01
   outer loop
     vertex -9.494560e+00 -1.470045e+01  8.000000e+00
     vertex -1.021551e+01 -1.420892e+01  8.000000e+00
     vertex -1.050739e+01 -1.461488e+01  7.500000e+00
   endloop
 endfacet
 facet normal -3.687677e-01 -6.034615e-01  7.069969e-01
   outer loop
     vertex -8.750000e+00 -1.515544e+01  8.000000e+00
     vertex -9.765833e+00 -1.512047e+01  7.500000e+00
     vertex -9.000000e+00 -1.558846e+01  7.500000e+00
   endloop
 endfacet
 facet normal -3.687677e-01 -6.034615e-01  7.069969e-01
   outer loop
     vertex -8.750000e+00 -1.515544e+01  8.000000e+00
     vertex -9.494560e+00 -1.470045e+01  8.000000e+00
     vertex -9.765833e+00 -1.512047e+01  7.500000e+00
   endloop
 endfacet
 facet normal -3.382292e-01 -6.210929e-01  7.069969e-01
   outer loop
     vertex -7.983687e+00 -1.557276e+01  8.000000e+00
     vertex -9.000000e+00 -1.558846e+01  7.500000e+00
     vertex -8.211792e+00 -1.601769e+01  7.500000e+00
   endloop
 endfacet
 facet normal -3.382292e-01 -6.210929e-01  7.069969e-01
   outer loop
     vertex -7.983687e+00 -1.557276e+01  8.000000e+00
     vertex -8.750000e+00 -1.515544e+01  8.000000e+00
     vertex -9.000000e+00 -1.558846e+01  7.500000e+00
   endloop
 endfacet
 facet normal -3.068498e-01 -6.371802e-01  7.069969e-01
   outer loop
     vertex -7.197524e+00 -1.595135e+01  8.000000e+00
     vertex -8.211792e+00 -1.601769e+01  7.500000e+00
     vertex -7.403168e+00 -1.640711e+01  7.500000e+00
   endloop
 endfacet
 facet normal -3.068498e-01 -6.371802e-01  7.069969e-01
   outer loop
     vertex -7.197524e+00 -1.595135e+01  8.000000e+00
     vertex -7.983687e+00 -1.557276e+01  8.000000e+00
     vertex -8.211792e+00 -1.601769e+01  7.500000e+00
   endloop
 endfacet
 facet normal -2.747076e-01 -6.516833e-01  7.069969e-01
   outer loop
     vertex -6.393468e+00 -1.629029e+01  8.000000e+00
     vertex -7.197524e+00 -1.595135e+01  8.000000e+00
     vertex -7.403168e+00 -1.640711e+01  7.500000e+00
   endloop
 endfacet
 facet normal -2.747076e-01 -6.516833e-01  7.069969e-01
   outer loop
     vertex -6.393468e+00 -1.629029e+01  8.000000e+00
     vertex -7.403168e+00 -1.640711e+01  7.500000e+00
     vertex -6.576138e+00 -1.675573e+01  7.500000e+00
   endloop
 endfacet
 facet normal -2.418824e-01 -6.645663e-01  7.069969e-01
   outer loop
     vertex -5.573516e+00 -1.658873e+01  8.000000e+00
     vertex -6.576138e+00 -1.675573e+01  7.500000e+00
     vertex -5.732760e+00 -1.706269e+01  7.500000e+00
   endloop
 endfacet
 facet normal -2.418824e-01 -6.645663e-01  7.069969e-01
   outer loop
     vertex -5.573516e+00 -1.658873e+01  8.000000e+00
     vertex -6.393468e+00 -1.629029e+01  8.000000e+00
     vertex -6.576138e+00 -1.675573e+01  7.500000e+00
   endloop
 endfacet
 facet normal -2.084558e-01 -6.757970e-01  7.069969e-01
   outer loop
     vertex -4.739708e+00 -1.684592e+01  8.000000e+00
     vertex -5.573516e+00 -1.658873e+01  8.000000e+00
     vertex -5.732760e+00 -1.706269e+01  7.500000e+00
   endloop
 endfacet
 facet normal -2.084558e-01 -6.757970e-01  7.069969e-01
   outer loop
     vertex -4.739708e+00 -1.684592e+01  8.000000e+00
     vertex -5.732760e+00 -1.706269e+01  7.500000e+00
     vertex -4.875128e+00 -1.732724e+01  7.500000e+00
   endloop
 endfacet
 facet normal -1.745109e-01 -6.853476e-01  7.069969e-01
   outer loop
     vertex -3.894116e+00 -1.706124e+01  8.000000e+00
     vertex -4.739708e+00 -1.684592e+01  8.000000e+00
     vertex -4.875128e+00 -1.732724e+01  7.500000e+00
   endloop
 endfacet
 facet normal -1.745109e-01 -6.853476e-01  7.069969e-01
   outer loop
     vertex -3.894116e+00 -1.706124e+01  8.000000e+00
     vertex -4.875128e+00 -1.732724e+01  7.500000e+00
     vertex -4.005377e+00 -1.754870e+01  7.500000e+00
   endloop
 endfacet
 facet normal -1.401323e-01 -6.931943e-01  7.069969e-01
   outer loop
     vertex -3.125667e+00 -1.772654e+01  7.500000e+00
     vertex -3.894116e+00 -1.706124e+01  8.000000e+00
     vertex -4.005377e+00 -1.754870e+01  7.500000e+00
   endloop
 endfacet
 facet normal -1.401323e-01 -6.931943e-01  7.069969e-01
   outer loop
     vertex -3.038843e+00 -1.723414e+01  8.000000e+00
     vertex -3.894116e+00 -1.706124e+01  8.000000e+00
     vertex -3.125667e+00 -1.772654e+01  7.500000e+00
   endloop
 endfacet
 facet normal -1.054052e-01 -6.993177e-01  7.069969e-01
   outer loop
     vertex -2.176015e+00 -1.736419e+01  8.000000e+00
     vertex -3.038843e+00 -1.723414e+01  8.000000e+00
     vertex -3.125667e+00 -1.772654e+01  7.500000e+00
   endloop
 endfacet
 facet normal -1.054052e-01 -6.993177e-01  7.069969e-01
   outer loop
     vertex -2.176015e+00 -1.736419e+01  8.000000e+00
     vertex -3.125667e+00 -1.772654e+01  7.500000e+00
     vertex -2.238187e+00 -1.786031e+01  7.500000e+00
   endloop
 endfacet
 facet normal -7.041604e-02 -7.037024e-01  7.069969e-01
   outer loop
     vertex -1.307777e+00 -1.745107e+01  8.000000e+00
     vertex -2.176015e+00 -1.736419e+01  8.000000e+00
     vertex -2.238187e+00 -1.786031e+01  7.500000e+00
   endloop
 endfacet
 facet normal -7.041604e-02 -7.037024e-01  7.069969e-01
   outer loop
     vertex -1.307777e+00 -1.745107e+01  8.000000e+00
     vertex -2.238187e+00 -1.786031e+01  7.500000e+00
     vertex -1.345142e+00 -1.794967e+01  7.500000e+00
   endloop
 endfacet
 facet normal -3.525184e-02 -7.063376e-01  7.069969e-01
   outer loop
     vertex -4.362871e-01 -1.749456e+01  8.000000e+00
     vertex -1.307777e+00 -1.745107e+01  8.000000e+00
     vertex -1.345142e+00 -1.794967e+01  7.500000e+00
   endloop
 endfacet
 facet normal -3.525184e-02 -7.063376e-01  7.069969e-01
   outer loop
     vertex -4.362871e-01 -1.749456e+01  8.000000e+00
     vertex -1.345142e+00 -1.794967e+01  7.500000e+00
     vertex -4.487525e-01 -1.799441e+01  7.500000e+00
   endloop
 endfacet
 facet normal  5.758910e-15 -7.072167e-01  7.069969e-01
   outer loop
     vertex  4.362871e-01 -1.749456e+01  8.000000e+00
     vertex -4.362871e-01 -1.749456e+01  8.000000e+00
     vertex -4.487525e-01 -1.799441e+01  7.500000e+00
   endloop
 endfacet
 facet normal  5.598941e-15 -7.072167e-01  7.069969e-01
   outer loop
     vertex  4.362871e-01 -1.749456e+01  8.000000e+00
     vertex -4.487525e-01 -1.799441e+01  7.500000e+00
     vertex  4.487525e-01 -1.799441e+01  7.500000e+00
   endloop
 endfacet
 facet normal  3.525184e-02 -7.063376e-01  7.069969e-01
   outer loop
     vertex  1.307777e+00 -1.745107e+01  8.000000e+00
     vertex  4.362871e-01 -1.749456e+01  8.000000e+00
     vertex  4.487525e-01 -1.799441e+01  7.500000e+00
   endloop
 endfacet
 facet normal  3.525184e-02 -7.063376e-01  7.069969e-01
   outer loop
     vertex  1.307777e+00 -1.745107e+01  8.000000e+00
     vertex  4.487525e-01 -1.799441e+01  7.500000e+00
     vertex  1.345142e+00 -1.794967e+01  7.500000e+00
   endloop
 endfacet
 facet normal  7.041604e-02 -7.037024e-01  7.069969e-01
   outer loop
     vertex  2.238187e+00 -1.786031e+01  7.500000e+00
     vertex  1.307777e+00 -1.745107e+01  8.000000e+00
     vertex  1.345142e+00 -1.794967e+01  7.500000e+00
   endloop
 endfacet
 facet normal  7.041604e-02 -7.037024e-01  7.069969e-01
   outer loop
     vertex  2.176015e+00 -1.736419e+01  8.000000e+00
     vertex  1.307777e+00 -1.745107e+01  8.000000e+00
     vertex  2.238187e+00 -1.786031e+01  7.500000e+00
   endloop
 endfacet
 facet normal  1.054052e-01 -6.993177e-01  7.069969e-01
   outer loop
     vertex  3.038843e+00 -1.723414e+01  8.000000e+00
     vertex  2.176015e+00 -1.736419e+01  8.000000e+00
     vertex  2.238187e+00 -1.786031e+01  7.500000e+00
   endloop
 endfacet
 facet normal  1.054052e-01 -6.993177e-01  7.069969e-01
   outer loop
     vertex  3.038843e+00 -1.723414e+01  8.000000e+00
     vertex  2.238187e+00 -1.786031e+01  7.500000e+00
     vertex  3.125667e+00 -1.772654e+01  7.500000e+00
   endloop
 endfacet
 facet normal  1.401323e-01 -6.931943e-01  7.069969e-01
   outer loop
     vertex  4.005377e+00 -1.754870e+01  7.500000e+00
     vertex  3.038843e+00 -1.723414e+01  8.000000e+00
     vertex  3.125667e+00 -1.772654e+01  7.500000e+00
   endloop
 endfacet
 facet normal  1.401323e-01 -6.931943e-01  7.069969e-01
   outer loop
     vertex  3.894116e+00 -1.706124e+01  8.000000e+00
     vertex  3.038843e+00 -1.723414e+01  8.000000e+00
     vertex  4.005377e+00 -1.754870e+01  7.500000e+00
   endloop
 endfacet
 facet normal  1.745109e-01 -6.853476e-01  7.069969e-01
   outer loop
     vertex  4.875128e+00 -1.732724e+01  7.500000e+00
     vertex  3.894116e+00 -1.706124e+01  8.000000e+00
     vertex  4.005377e+00 -1.754870e+01  7.500000e+00
   endloop
 endfacet
 facet normal  1.745109e-01 -6.853476e-01  7.069969e-01
   outer loop
     vertex  4.739708e+00 -1.684592e+01  8.000000e+00
     vertex  3.894116e+00 -1.706124e+01  8.000000e+00
     vertex  4.875128e+00 -1.732724e+01  7.500000e+00
   endloop
 endfacet
 facet normal  2.084558e-01 -6.757970e-01  7.069969e-01
   outer loop
     vertex  5.573516e+00 -1.658873e+01  8.000000e+00
     vertex  4.875128e+00 -1.732724e+01  7.500000e+00
     vertex  5.732760e+00 -1.706269e+01  7.500000e+00
   endloop
 endfacet
 facet normal  2.084558e-01 -6.757970e-01  7.069969e-01
   outer loop
     vertex  5.573516e+00 -1.658873e+01  8.000000e+00
     vertex  4.739708e+00 -1.684592e+01  8.000000e+00
     vertex  4.875128e+00 -1.732724e+01  7.500000e+00
   endloop
 endfacet
 facet normal  2.418824e-01 -6.645663e-01  7.069969e-01
   outer loop
     vertex  6.576138e+00 -1.675573e+01  7.500000e+00
     vertex  5.573516e+00 -1.658873e+01  8.000000e+00
     vertex  5.732760e+00 -1.706269e+01  7.500000e+00
   endloop
 endfacet
 facet normal  2.418824e-01 -6.645663e-01  7.069969e-01
   outer loop
     vertex  6.393468e+00 -1.629029e+01  8.000000e+00
     vertex  5.573516e+00 -1.658873e+01  8.000000e+00
     vertex  6.576138e+00 -1.675573e+01  7.500000e+00
   endloop
 endfacet
 facet normal  2.747076e-01 -6.516833e-01  7.069969e-01
   outer loop
     vertex  7.197524e+00 -1.595135e+01  8.000000e+00
     vertex  6.576138e+00 -1.675573e+01  7.500000e+00
     vertex  7.403168e+00 -1.640711e+01  7.500000e+00
   endloop
 endfacet
 facet normal  2.747076e-01 -6.516833e-01  7.069969e-01
   outer loop
     vertex  7.197524e+00 -1.595135e+01  8.000000e+00
     vertex  6.393468e+00 -1.629029e+01  8.000000e+00
     vertex  6.576138e+00 -1.675573e+01  7.500000e+00
   endloop
 endfacet
 facet normal  3.068498e-01 -6.371802e-01  7.069969e-01
   outer loop
     vertex  8.211792e+00 -1.601769e+01  7.500000e+00
     vertex  7.197524e+00 -1.595135e+01  8.000000e+00
     vertex  7.403168e+00 -1.640711e+01  7.500000e+00
   endloop
 endfacet
 facet normal  3.068498e-01 -6.371802e-01  7.069969e-01
   outer loop
     vertex  7.983687e+00 -1.557276e+01  8.000000e+00
     vertex  7.197524e+00 -1.595135e+01  8.000000e+00
     vertex  8.211792e+00 -1.601769e+01  7.500000e+00
   endloop
 endfacet
 facet normal  3.382292e-01 -6.210929e-01  7.069969e-01
   outer loop
     vertex  8.750000e+00 -1.515544e+01  8.000000e+00
     vertex  8.211792e+00 -1.601769e+01  7.500000e+00
     vertex  9.000000e+00 -1.558846e+01  7.500000e+00
   endloop
 endfacet
 facet normal  3.382292e-01 -6.210929e-01  7.069969e-01
   outer loop
     vertex  8.750000e+00 -1.515544e+01  8.000000e+00
     vertex  7.983687e+00 -1.557276e+01  8.000000e+00
     vertex  8.211792e+00 -1.601769e+01  7.500000e+00
   endloop
 endfacet
 facet normal  3.687677e-01 -6.034615e-01  7.069969e-01
   outer loop
     vertex  9.494560e+00 -1.470045e+01  8.000000e+00
     vertex  9.000000e+00 -1.558846e+01  7.500000e+00
     vertex  9.765833e+00 -1.512047e+01  7.500000e+00
   endloop
 endfacet
 facet normal  3.687677e-01 -6.034615e-01  7.069969e-01
   outer loop
     vertex  9.494560e+00 -1.470045e+01  8.000000e+00
     vertex  8.750000e+00 -1.515544e+01  8.000000e+00
     vertex  9.000000e+00 -1.558846e+01  7.500000e+00
   endloop
 endfacet
 facet normal  3.983893e-01 -5.843298e-01  7.069969e-01
   outer loop
     vertex  1.050739e+01 -1.461488e+01  7.500000e+00
     vertex  9.494560e+00 -1.470045e+01  8.000000e+00
     vertex  9.765833e+00 -1.512047e+01  7.500000e+00
   endloop
 endfacet
 facet normal  3.983893e-01 -5.843298e-01  7.069969e-01
   outer loop
     vertex  1.021551e+01 -1.420892e+01  8.000000e+00
     vertex  9.494560e+00 -1.470045e+01  8.000000e+00
     vertex  1.050739e+01 -1.461488e+01  7.500000e+00
   endloop
 endfacet
 facet normal  4.270206e-01 -5.637454e-01  7.069969e-01
   outer loop
     vertex  1.091107e+01 -1.368205e+01  8.000000e+00
     vertex  1.050739e+01 -1.461488e+01  7.500000e+00
     vertex  1.122282e+01 -1.407297e+01  7.500000e+00
   endloop
 endfacet
 facet normal  4.270206e-01 -5.637454e-01  7.069969e-01
   outer loop
     vertex  1.091107e+01 -1.368205e+01  8.000000e+00
     vertex  1.021551e+01 -1.420892e+01  8.000000e+00
     vertex  1.050739e+01 -1.461488e+01  7.500000e+00
   endloop
 endfacet
 facet normal  4.545901e-01 -5.417594e-01  7.069969e-01
   outer loop
     vertex  1.157950e+01 -1.312117e+01  8.000000e+00
     vertex  1.122282e+01 -1.407297e+01  7.500000e+00
     vertex  1.191035e+01 -1.349606e+01  7.500000e+00
   endloop
 endfacet
 facet normal  4.545901e-01 -5.417594e-01  7.069969e-01
   outer loop
     vertex  1.157950e+01 -1.312117e+01  8.000000e+00
     vertex  1.091107e+01 -1.368205e+01  8.000000e+00
     vertex  1.122282e+01 -1.407297e+01  7.500000e+00
   endloop
 endfacet
 facet normal  4.810295e-01 -5.184265e-01  7.069969e-01
   outer loop
     vertex  1.221914e+01 -1.252767e+01  8.000000e+00
     vertex  1.191035e+01 -1.349606e+01  7.500000e+00
     vertex  1.256826e+01 -1.288560e+01  7.500000e+00
   endloop
 endfacet
 facet normal  4.810295e-01 -5.184265e-01  7.069969e-01
   outer loop
     vertex  1.221914e+01 -1.252767e+01  8.000000e+00
     vertex  1.157950e+01 -1.312117e+01  8.000000e+00
     vertex  1.191035e+01 -1.349606e+01  7.500000e+00
   endloop
 endfacet
 facet normal  5.062730e-01 -4.938047e-01  7.069969e-01
   outer loop
     vertex  1.319493e+01 -1.224311e+01  7.500000e+00
     vertex  1.221914e+01 -1.252767e+01  8.000000e+00
     vertex  1.256826e+01 -1.288560e+01  7.500000e+00
   endloop
 endfacet
 facet normal  5.062730e-01 -4.938047e-01  7.069969e-01
   outer loop
     vertex  1.282841e+01 -1.190302e+01  8.000000e+00
     vertex  1.221914e+01 -1.252767e+01  8.000000e+00
     vertex  1.319493e+01 -1.224311e+01  7.500000e+00
   endloop
 endfacet
 facet normal  5.302578e-01 -4.679553e-01  7.069969e-01
   outer loop
     vertex  1.340578e+01 -1.124878e+01  8.000000e+00
     vertex  1.319493e+01 -1.224311e+01  7.500000e+00
     vertex  1.378880e+01 -1.157018e+01  7.500000e+00
   endloop
 endfacet
 facet normal  5.302578e-01 -4.679553e-01  7.069969e-01
   outer loop
     vertex  1.340578e+01 -1.124878e+01  8.000000e+00
     vertex  1.282841e+01 -1.190302e+01  8.000000e+00
     vertex  1.319493e+01 -1.224311e+01  7.500000e+00
   endloop
 endfacet
 facet normal  5.529243e-01 -4.409424e-01  7.069969e-01
   outer loop
     vertex  1.434839e+01 -1.086848e+01  7.500000e+00
     vertex  1.340578e+01 -1.124878e+01  8.000000e+00
     vertex  1.378880e+01 -1.157018e+01  7.500000e+00
   endloop
 endfacet
 facet normal  5.529243e-01 -4.409424e-01  7.069969e-01
   outer loop
     vertex  1.394982e+01 -1.056658e+01  8.000000e+00
     vertex  1.340578e+01 -1.124878e+01  8.000000e+00
     vertex  1.434839e+01 -1.086848e+01  7.500000e+00
   endloop
 endfacet
 facet normal  5.742161e-01 -4.128333e-01  7.069969e-01
   outer loop
     vertex  1.487230e+01 -1.013976e+01  7.500000e+00
     vertex  1.394982e+01 -1.056658e+01  8.000000e+00
     vertex  1.434839e+01 -1.086848e+01  7.500000e+00
   endloop
 endfacet
 facet normal  5.742161e-01 -4.128333e-01  7.069969e-01
   outer loop
     vertex  1.445918e+01 -9.858101e+00  8.000000e+00
     vertex  1.394982e+01 -1.056658e+01  8.000000e+00
     vertex  1.487230e+01 -1.013976e+01  7.500000e+00
   endloop
 endfacet
 facet normal  5.940803e-01 -3.836978e-01  7.069969e-01
   outer loop
     vertex  1.493259e+01 -9.125116e+00  8.000000e+00
     vertex  1.445918e+01 -9.858101e+00  8.000000e+00
     vertex  1.487230e+01 -1.013976e+01  7.500000e+00
   endloop
 endfacet
 facet normal  5.940803e-01 -3.836978e-01  7.069969e-01
   outer loop
     vertex  1.493259e+01 -9.125116e+00  8.000000e+00
     vertex  1.487230e+01 -1.013976e+01  7.500000e+00
     vertex  1.535924e+01 -9.385834e+00  7.500000e+00
   endloop
 endfacet
 facet normal  6.124676e-01 -3.536083e-01  7.069969e-01
   outer loop
     vertex  1.536888e+01 -8.369445e+00  8.000000e+00
     vertex  1.493259e+01 -9.125116e+00  8.000000e+00
     vertex  1.535924e+01 -9.385834e+00  7.500000e+00
   endloop
 endfacet
 facet normal  6.124676e-01 -3.536083e-01  7.069969e-01
   outer loop
     vertex  1.536888e+01 -8.369445e+00  8.000000e+00
     vertex  1.535924e+01 -9.385834e+00  7.500000e+00
     vertex  1.580799e+01 -8.608572e+00  7.500000e+00
   endloop
 endfacet
 facet normal  6.293322e-01 -3.226398e-01  7.069969e-01
   outer loop
     vertex  1.576696e+01 -7.592965e+00  8.000000e+00
     vertex  1.580799e+01 -8.608572e+00  7.500000e+00
     vertex  1.621744e+01 -7.809907e+00  7.500000e+00
   endloop
 endfacet
 facet normal  6.293322e-01 -3.226398e-01  7.069969e-01
   outer loop
     vertex  1.576696e+01 -7.592965e+00  8.000000e+00
     vertex  1.536888e+01 -8.369445e+00  8.000000e+00
     vertex  1.580799e+01 -8.608572e+00  7.500000e+00
   endloop
 endfacet
 facet normal  6.446321e-01 -2.908691e-01  7.069969e-01
   outer loop
     vertex  1.612583e+01 -6.797609e+00  8.000000e+00
     vertex  1.621744e+01 -7.809907e+00  7.500000e+00
     vertex  1.658657e+01 -6.991826e+00  7.500000e+00
   endloop
 endfacet
 facet normal  6.446321e-01 -2.908691e-01  7.069969e-01
   outer loop
     vertex  1.612583e+01 -6.797609e+00  8.000000e+00
     vertex  1.576696e+01 -7.592965e+00  8.000000e+00
     vertex  1.621744e+01 -7.809907e+00  7.500000e+00
   endloop
 endfacet
 facet normal  6.583294e-01 -2.583753e-01  7.069969e-01
   outer loop
     vertex  1.644462e+01 -5.985353e+00  8.000000e+00
     vertex  1.658657e+01 -6.991826e+00  7.500000e+00
     vertex  1.691447e+01 -6.156363e+00  7.500000e+00
   endloop
 endfacet
 facet normal  6.583294e-01 -2.583753e-01  7.069969e-01
   outer loop
     vertex  1.644462e+01 -5.985353e+00  8.000000e+00
     vertex  1.612583e+01 -6.797609e+00  8.000000e+00
     vertex  1.658657e+01 -6.991826e+00  7.500000e+00
   endloop
 endfacet
 facet normal  6.703900e-01 -2.252391e-01  7.069969e-01
   outer loop
     vertex  1.720031e+01 -5.305593e+00  7.500000e+00
     vertex  1.644462e+01 -5.985353e+00  8.000000e+00
     vertex  1.691447e+01 -6.156363e+00  7.500000e+00
   endloop
 endfacet
 facet normal  6.703900e-01 -2.252391e-01  7.069969e-01
   outer loop
     vertex  1.672252e+01 -5.158216e+00  8.000000e+00
     vertex  1.644462e+01 -5.985353e+00  8.000000e+00
     vertex  1.720031e+01 -5.305593e+00  7.500000e+00
   endloop
 endfacet
 facet normal  6.807839e-01 -1.915429e-01  7.069969e-01
   outer loop
     vertex  1.695885e+01 -4.318254e+00  8.000000e+00
     vertex  1.720031e+01 -5.305593e+00  7.500000e+00
     vertex  1.744339e+01 -4.441633e+00  7.500000e+00
   endloop
 endfacet
 facet normal  6.807839e-01 -1.915429e-01  7.069969e-01
   outer loop
     vertex  1.695885e+01 -4.318254e+00  8.000000e+00
     vertex  1.672252e+01 -5.158216e+00  8.000000e+00
     vertex  1.720031e+01 -5.305593e+00  7.500000e+00
   endloop
 endfacet
 facet normal  6.894853e-01 -1.573705e-01  7.069969e-01
   outer loop
     vertex  1.764310e+01 -3.566631e+00  7.500000e+00
     vertex  1.695885e+01 -4.318254e+00  8.000000e+00
     vertex  1.744339e+01 -4.441633e+00  7.500000e+00
   endloop
 endfacet
 facet normal  6.894853e-01 -1.573705e-01  7.069969e-01
   outer loop
     vertex  1.715302e+01 -3.467558e+00  8.000000e+00
     vertex  1.695885e+01 -4.318254e+00  8.000000e+00
     vertex  1.764310e+01 -3.566631e+00  7.500000e+00
   endloop
 endfacet
 facet normal  6.964725e-01 -1.228069e-01  7.069969e-01
   outer loop
     vertex  1.730454e+01 -2.608240e+00  8.000000e+00
     vertex  1.764310e+01 -3.566631e+00  7.500000e+00
     vertex  1.779895e+01 -2.682761e+00  7.500000e+00
   endloop
 endfacet
 facet normal  6.964725e-01 -1.228069e-01  7.069969e-01
   outer loop
     vertex  1.730454e+01 -2.608240e+00  8.000000e+00
     vertex  1.715302e+01 -3.467558e+00  8.000000e+00
     vertex  1.764310e+01 -3.566631e+00  7.500000e+00
   endloop
 endfacet
 facet normal  7.017281e-01 -8.793794e-02  7.069969e-01
   outer loop
     vertex  1.791055e+01 -1.792221e+00  7.500000e+00
     vertex  1.730454e+01 -2.608240e+00  8.000000e+00
     vertex  1.779895e+01 -2.682761e+00  7.500000e+00
   endloop
 endfacet
 facet normal  7.017281e-01 -8.793794e-02  7.069969e-01
   outer loop
     vertex  1.741304e+01 -1.742437e+00  8.000000e+00
     vertex  1.730454e+01 -2.608240e+00  8.000000e+00
     vertex  1.791055e+01 -1.792221e+00  7.500000e+00
   endloop
 endfacet
 facet normal  7.052392e-01 -5.285037e-02  7.069969e-01
   outer loop
     vertex  1.747825e+01 -8.723030e-01  8.000000e+00
     vertex  1.791055e+01 -1.792221e+00  7.500000e+00
     vertex  1.797762e+01 -8.972259e-01  7.500000e+00
   endloop
 endfacet
 facet normal  7.052392e-01 -5.285037e-02  7.069969e-01
   outer loop
     vertex  1.747825e+01 -8.723030e-01  8.000000e+00
     vertex  1.741304e+01 -1.742437e+00  8.000000e+00
     vertex  1.791055e+01 -1.792221e+00  7.500000e+00
   endloop
 endfacet
 facet normal  7.069969e-01 -1.763140e-02  7.069969e-01
   outer loop
     vertex  1.800000e+01  0.000000e+00  7.500000e+00
     vertex  1.747825e+01 -8.723030e-01  8.000000e+00
     vertex  1.797762e+01 -8.972259e-01  7.500000e+00
   endloop
 endfacet
 facet normal  7.069969e-01 -1.763140e-02  7.069969e-01
   outer loop
     vertex  1.750000e+01  0.000000e+00  8.000000e+00
     vertex  1.747825e+01 -8.723030e-01  8.000000e+00
     vertex  1.800000e+01  0.000000e+00  7.500000e+00
   endloop
 endfacet
 facet normal  0.000000e+00  0.000000e+00 -1.000000e+00
   outer loop
     vertex -7.331487e+00 -7.516602e+00  0.000000e+00
     vertex -1.157950e+01 -1.312117e+01  0.000000e+00
     vertex -1.221914e+01 -1.252767e+01  0.000000e+00
   endloop
 endfacet
 facet normal  0.000000e+00  0.000000e+00 -1.000000e+00
   outer loop
     vertex -7.697045e+00 -7.141814e+00  0.000000e+00
     vertex -1.221914e+01 -1.252767e+01  0.000000e+00
     vertex -1.282841e+01 -1.190302e+01  0.000000e+00
   endloop
 endfacet
 facet normal  0.000000e+00 -0.000000e+00 -1.000000e+00
   outer loop
     vertex -7.697045e+00 -7.141814e+00  0.000000e+00
     vertex -7.331487e+00 -7.516602e+00  0.000000e+00
     vertex -1.221914e+01 -1.252767e+01  0.000000e+00
   endloop
 endfacet
 facet normal  0.000000e+00  0.000000e+00 -1.000000e+00
   outer loop
     vertex -6.947701e+00 -7.872703e+00  0.000000e+00
     vertex -1.091107e+01 -1.368205e+01  0.000000e+00
     vertex -1.157950e+01 -1.312117e+01  0.000000e+00
   endloop
 endfacet
 facet normal -0.000000e+00  0.000000e+00 -1.000000e+00
   outer loop
     vertex -6.947701e+00 -7.872703e+00  0.000000e+00
     vertex -1.157950e+01 -1.312117e+01  0.000000e+00
     vertex -7.331487e+00 -7.516602e+00  0.000000e+00
   endloop
 endfacet
 facet normal  0.000000e+00 -0.000000e+00 -1.000000e+00
   outer loop
     vertex -8.043467e+00 -6.749270e+00  0.000000e+00
     vertex -7.697045e+00 -7.141814e+00  0.000000e+00
     vertex -1.282841e+01 -1.190302e+01  0.000000e+00
   endloop
 endfacet
 facet normal  0.000000e+00  0.000000e+00 -1.000000e+00
   outer loop
     vertex -8.043467e+00 -6.749270e+00  0.000000e+00
     vertex -1.282841e+01 -1.190302e+01  0.000000e+00
     vertex -1.340578e+01 -1.124878e+01  0.000000e+00
   endloop
 endfacet
 facet normal -0.000000e+00  0.000000e+00 -1.000000e+00
   outer loop
     vertex -6.546643e+00 -8.209231e+00  0.000000e+00
     vertex -1.091107e+01 -1.368205e+01  0.000000e+00
     vertex -6.947701e+00 -7.872703e+00  0.000000e+00
   endloop
 endfacet
 facet normal  0.000000e+00 -0.000000e+00 -1.000000e+00
   outer loop
     vertex -8.369891e+00 -6.339946e+00  0.000000e+00
     vertex -8.043467e+00 -6.749270e+00  0.000000e+00
     vertex -1.340578e+01 -1.124878e+01  0.000000e+00
   endloop
 endfacet
 facet normal  0.000000e+00  0.000000e+00 -1.000000e+00
   outer loop
     vertex -8.369891e+00 -6.339946e+00  0.000000e+00
     vertex -1.340578e+01 -1.124878e+01  0.000000e+00
     vertex -1.394982e+01 -1.056658e+01  0.000000e+00
   endloop
 endfacet
 facet normal -0.000000e+00  0.000000e+00 -1.000000e+00
   outer loop
     vertex -6.129309e+00 -8.525349e+00  0.000000e+00
     vertex -1.091107e+01 -1.368205e+01  0.000000e+00
     vertex -6.546643e+00 -8.209231e+00  0.000000e+00
   endloop
 endfacet
 facet normal  0.000000e+00  0.000000e+00 -1.000000e+00
   outer loop
     vertex -6.129309e+00 -8.525349e+00  0.000000e+00
     vertex -1.021551e+01 -1.420892e+01  0.000000e+00
     vertex -1.091107e+01 -1.368205e+01  0.000000e+00
   endloop
 endfacet
 facet normal  0.000000e+00  0.000000e+00 -1.000000e+00
   outer loop
     vertex -6.129309e+00 -8.525349e+00  0.000000e+00
     vertex -9.494560e+00 -1.470045e+01  0.000000e+00
     vertex -1.021551e+01 -1.420892e+01  0.000000e+00
   endloop
 endfacet
 facet normal  0.000000e+00 -0.000000e+00 -1.000000e+00
   outer loop
     vertex -8.675507e+00 -5.914861e+00  0.000000e+00
     vertex -8.369891e+00 -6.339946e+00  0.000000e+00
     vertex -1.394982e+01 -1.056658e+01  0.000000e+00
   endloop
 endfacet
 facet normal  0.000000e+00  0.000000e+00 -1.000000e+00
   outer loop
     vertex -8.675507e+00 -5.914861e+00  0.000000e+00
     vertex -1.394982e+01 -1.056658e+01  0.000000e+00
     vertex -1.445918e+01 -9.858101e+00  0.000000e+00
   endloop
 endfacet
 facet normal -0.000000e+00  0.000000e+00 -1.000000e+00
   outer loop
     vertex -5.696736e+00 -8.820272e+00  0.000000e+00
     vertex -9.494560e+00 -1.470045e+01  0.000000e+00
     vertex -6.129309e+00 -8.525349e+00  0.000000e+00
   endloop
 endfacet
 facet normal  0.000000e+00  0.000000e+00 -1.000000e+00
   outer loop
     vertex -5.696736e+00 -8.820272e+00  0.000000e+00
     vertex -8.750000e+00 -1.515544e+01  0.000000e+00
     vertex -9.494560e+00 -1.470045e+01  0.000000e+00
   endloop
 endfacet
 facet normal  0.000000e+00 -0.000000e+00 -1.000000e+00
   outer loop
     vertex -8.959554e+00 -5.475070e+00  0.000000e+00
     vertex -8.675507e+00 -5.914861e+00  0.000000e+00
     vertex -1.445918e+01 -9.858101e+00  0.000000e+00
   endloop
 endfacet
 facet normal  0.000000e+00  0.000000e+00 -1.000000e+00
   outer loop
     vertex -8.959554e+00 -5.475070e+00  0.000000e+00
     vertex -1.445918e+01 -9.858101e+00  0.000000e+00
     vertex -1.493259e+01 -9.125116e+00  0.000000e+00
   endloop
 endfacet
 facet normal -0.000000e+00  0.000000e+00 -1.000000e+00
   outer loop
     vertex -5.250000e+00 -9.093267e+00  0.000000e+00
     vertex -8.750000e+00 -1.515544e+01  0.000000e+00
     vertex -5.696736e+00 -8.820272e+00  0.000000e+00
   endloop
 endfacet
 facet normal  0.000000e+00 -0.000000e+00 -1.000000e+00
   outer loop
     vertex -9.221327e+00 -5.021667e+00  0.000000e+00
     vertex -8.959554e+00 -5.475070e+00  0.000000e+00
     vertex -1.493259e+01 -9.125116e+00  0.000000e+00
   endloop
 endfacet
 facet normal  0.000000e+00  0.000000e+00 -1.000000e+00
   outer loop
     vertex -9.221327e+00 -5.021667e+00  0.000000e+00
     vertex -1.493259e+01 -9.125116e+00  0.000000e+00
     vertex -1.536888e+01 -8.369445e+00  0.000000e+00
   endloop
 endfacet
 facet normal -0.000000e+00  0.000000e+00 -1.000000e+00
   outer loop
     vertex -4.790212e+00 -9.343654e+00  0.000000e+00
     vertex -8.750000e+00 -1.515544e+01  0.000000e+00
     vertex -5.250000e+00 -9.093267e+00  0.000000e+00
   endloop
 endfacet
 facet normal  0.000000e+00  0.000000e+00 -1.000000e+00
   outer loop
     vertex -4.790212e+00 -9.343654e+00  0.000000e+00
     vertex -7.983687e+00 -1.557276e+01  0.000000e+00
     vertex -8.750000e+00 -1.515544e+01  0.000000e+00
   endloop
 endfacet
 facet normal  0.000000e+00  0.000000e+00 -1.000000e+00
   outer loop
     vertex -4.790212e+00 -9.343654e+00  0.000000e+00
     vertex -7.197524e+00 -1.595135e+01  0.000000e+00
     vertex -7.983687e+00 -1.557276e+01  0.000000e+00
   endloop
 endfacet
 facet normal  0.000000e+00 -0.000000e+00 -1.000000e+00
   outer loop
     vertex -9.460173e+00 -4.555779e+00  0.000000e+00
     vertex -9.221327e+00 -5.021667e+00  0.000000e+00
     vertex -1.536888e+01 -8.369445e+00  0.000000e+00
   endloop
 endfacet
 facet normal  0.000000e+00  0.000000e+00 -1.000000e+00
   outer loop
     vertex -9.460173e+00 -4.555779e+00  0.000000e+00
     vertex -1.536888e+01 -8.369445e+00  0.000000e+00
     vertex -1.576696e+01 -7.592965e+00  0.000000e+00
   endloop
 endfacet
 facet normal -0.000000e+00  0.000000e+00 -1.000000e+00
   outer loop
     vertex -4.318515e+00 -9.570811e+00  0.000000e+00
     vertex -7.197524e+00 -1.595135e+01  0.000000e+00
     vertex -4.790212e+00 -9.343654e+00  0.000000e+00
   endloop
 endfacet
 facet normal  0.000000e+00  0.000000e+00 -1.000000e+00
   outer loop
     vertex -4.318515e+00 -9.570811e+00  0.000000e+00
     vertex -6.393468e+00 -1.629029e+01  0.000000e+00
     vertex -7.197524e+00 -1.595135e+01  0.000000e+00
   endloop
 endfacet
 facet normal  0.000000e+00 -0.000000e+00 -1.000000e+00
   outer loop
     vertex -9.675500e+00 -4.078565e+00  0.000000e+00
     vertex -9.460173e+00 -4.555779e+00  0.000000e+00
     vertex -1.576696e+01 -7.592965e+00  0.000000e+00
   endloop
 endfacet
 facet normal  0.000000e+00  0.000000e+00 -1.000000e+00
   outer loop
     vertex -9.675500e+00 -4.078565e+00  0.000000e+00
     vertex -1.576696e+01 -7.592965e+00  0.000000e+00
     vertex -1.612583e+01 -6.797609e+00  0.000000e+00
   endloop
 endfacet
 facet normal -0.000000e+00  0.000000e+00 -1.000000e+00
   outer loop
     vertex -3.836081e+00 -9.774174e+00  0.000000e+00
     vertex -6.393468e+00 -1.629029e+01  0.000000e+00
     vertex -4.318515e+00 -9.570811e+00  0.000000e+00
   endloop
 endfacet
 facet normal  0.000000e+00  0.000000e+00 -1.000000e+00
   outer loop
     vertex -3.836081e+00 -9.774174e+00  0.000000e+00
     vertex -5.573516e+00 -1.658873e+01  0.000000e+00
     vertex -6.393468e+00 -1.629029e+01  0.000000e+00
   endloop
 endfacet
 facet normal  0.000000e+00 -0.000000e+00 -1.000000e+00
   outer loop
     vertex -9.866773e+00 -3.591212e+00  0.000000e+00
     vertex -9.675500e+00 -4.078565e+00  0.000000e+00
     vertex -1.612583e+01 -6.797609e+00  0.000000e+00
   endloop
 endfacet
 facet normal  0.000000e+00  0.000000e+00 -1.000000e+00
   outer loop
     vertex -9.866773e+00 -3.591212e+00  0.000000e+00
     vertex -1.644462e+01 -5.985353e+00  0.000000e+00
     vertex -1.672252e+01 -5.158216e+00  0.000000e+00
   endloop
 endfacet
 facet normal  0.000000e+00  0.000000e+00 -1.000000e+00
   outer loop
     vertex -9.866773e+00 -3.591212e+00  0.000000e+00
     vertex -1.612583e+01 -6.797609e+00  0.000000e+00
     vertex -1.644462e+01 -5.985353e+00  0.000000e+00
   endloop
 endfacet
 facet normal -0.000000e+00  0.000000e+00 -1.000000e+00
   outer loop
     vertex -3.344110e+00 -9.953237e+00  0.000000e+00
     vertex -5.573516e+00 -1.658873e+01  0.000000e+00
     vertex -3.836081e+00 -9.774174e+00  0.000000e+00
   endloop
 endfacet
 facet normal  0.000000e+00  0.000000e+00 -1.000000e+00
   outer loop
     vertex -3.344110e+00 -9.953237e+00  0.000000e+00
     vertex -4.739708e+00 -1.684592e+01  0.000000e+00
     vertex -5.573516e+00 -1.658873e+01  0.000000e+00
   endloop
 endfacet
 facet normal  0.000000e+00 -0.000000e+00 -1.000000e+00
   outer loop
     vertex -1.003351e+01 -3.094929e+00  0.000000e+00
     vertex -9.866773e+00 -3.591212e+00  0.000000e+00
     vertex -1.672252e+01 -5.158216e+00  0.000000e+00
   endloop
 endfacet
 facet normal -0.000000e+00  0.000000e+00 -1.000000e+00
   outer loop
     vertex -2.843825e+00 -1.010755e+01  0.000000e+00
     vertex -4.739708e+00 -1.684592e+01  0.000000e+00
     vertex -3.344110e+00 -9.953237e+00  0.000000e+00
   endloop
 endfacet
 facet normal  0.000000e+00  0.000000e+00 -1.000000e+00
   outer loop
     vertex -1.017531e+01 -2.590953e+00  0.000000e+00
     vertex -1.672252e+01 -5.158216e+00  0.000000e+00
     vertex -1.695885e+01 -4.318254e+00  0.000000e+00
   endloop
 endfacet
 facet normal  0.000000e+00 -0.000000e+00 -1.000000e+00
   outer loop
     vertex -1.017531e+01 -2.590953e+00  0.000000e+00
     vertex -1.003351e+01 -3.094929e+00  0.000000e+00
     vertex -1.672252e+01 -5.158216e+00  0.000000e+00
   endloop
 endfacet
 facet normal -0.000000e+00  0.000000e+00 -1.000000e+00
   outer loop
     vertex -2.336470e+00 -1.023674e+01  0.000000e+00
     vertex -4.739708e+00 -1.684592e+01  0.000000e+00
     vertex -2.843825e+00 -1.010755e+01  0.000000e+00
   endloop
 endfacet
 facet normal  0.000000e+00  0.000000e+00 -1.000000e+00
   outer loop
     vertex -2.336470e+00 -1.023674e+01  0.000000e+00
     vertex -3.894116e+00 -1.706124e+01  0.000000e+00
     vertex -4.739708e+00 -1.684592e+01  0.000000e+00
   endloop
 endfacet
 facet normal  0.000000e+00  0.000000e+00 -1.000000e+00
   outer loop
     vertex -2.336470e+00 -1.023674e+01  0.000000e+00
     vertex -3.038843e+00 -1.723414e+01  0.000000e+00
     vertex -3.894116e+00 -1.706124e+01  0.000000e+00
   endloop
 endfacet
 facet normal  0.000000e+00  0.000000e+00 -1.000000e+00
   outer loop
     vertex -1.029181e+01 -2.080535e+00  0.000000e+00
     vertex -1.695885e+01 -4.318254e+00  0.000000e+00
     vertex -1.715302e+01 -3.467558e+00  0.000000e+00
   endloop
 endfacet
 facet normal  0.000000e+00 -0.000000e+00 -1.000000e+00
   outer loop
     vertex -1.029181e+01 -2.080535e+00  0.000000e+00
     vertex -1.017531e+01 -2.590953e+00  0.000000e+00
     vertex -1.695885e+01 -4.318254e+00  0.000000e+00
   endloop
 endfacet
 facet normal -0.000000e+00  0.000000e+00 -1.000000e+00
   outer loop
     vertex -1.823306e+00 -1.034048e+01  0.000000e+00
     vertex -3.038843e+00 -1.723414e+01  0.000000e+00
     vertex -2.336470e+00 -1.023674e+01  0.000000e+00
   endloop
 endfacet
 facet normal  0.000000e+00  0.000000e+00 -1.000000e+00
   outer loop
     vertex -1.823306e+00 -1.034048e+01  0.000000e+00
     vertex -2.176015e+00 -1.736419e+01  0.000000e+00
     vertex -3.038843e+00 -1.723414e+01  0.000000e+00
   endloop
 endfacet
 facet normal  0.000000e+00 -0.000000e+00 -1.000000e+00
   outer loop
     vertex -1.038272e+01 -1.564944e+00  0.000000e+00
     vertex -1.029181e+01 -2.080535e+00  0.000000e+00
     vertex -1.715302e+01 -3.467558e+00  0.000000e+00
   endloop
 endfacet
 facet normal  0.000000e+00  0.000000e+00 -1.000000e+00
   outer loop
     vertex -1.038272e+01 -1.564944e+00  0.000000e+00
     vertex -1.715302e+01 -3.467558e+00  0.000000e+00
     vertex -1.730454e+01 -2.608240e+00  0.000000e+00
   endloop
 endfacet
 facet normal -0.000000e+00  0.000000e+00 -1.000000e+00
   outer loop
     vertex -1.305609e+00 -1.041851e+01  0.000000e+00
     vertex -2.176015e+00 -1.736419e+01  0.000000e+00
     vertex -1.823306e+00 -1.034048e+01  0.000000e+00
   endloop
 endfacet
 facet normal  0.000000e+00 -0.000000e+00 -1.000000e+00
   outer loop
     vertex -1.044782e+01 -1.045462e+00  0.000000e+00
     vertex -1.038272e+01 -1.564944e+00  0.000000e+00
     vertex -1.730454e+01 -2.608240e+00  0.000000e+00
   endloop
 endfacet
 facet normal  0.000000e+00  0.000000e+00 -1.000000e+00
   outer loop
     vertex -1.044782e+01 -1.045462e+00  0.000000e+00
     vertex -1.730454e+01 -2.608240e+00  0.000000e+00
     vertex -1.741304e+01 -1.742437e+00  0.000000e+00
   endloop
 endfacet
 facet normal -0.000000e+00  0.000000e+00 -1.000000e+00
   outer loop
     vertex -7.846660e-01 -1.047064e+01  0.000000e+00
     vertex -2.176015e+00 -1.736419e+01  0.000000e+00
     vertex -1.305609e+00 -1.041851e+01  0.000000e+00
   endloop
 endfacet
 facet normal  0.000000e+00  0.000000e+00 -1.000000e+00
   outer loop
     vertex -7.846660e-01 -1.047064e+01  0.000000e+00
     vertex -1.307777e+00 -1.745107e+01  0.000000e+00
     vertex -2.176015e+00 -1.736419e+01  0.000000e+00
   endloop
 endfacet
 facet normal  0.000000e+00 -0.000000e+00 -1.000000e+00
   outer loop
     vertex -7.846660e-01 -1.047064e+01  0.000000e+00
     vertex -4.362871e-01 -1.749456e+01  0.000000e+00
     vertex -1.307777e+00 -1.745107e+01  0.000000e+00
   endloop
 endfacet
 facet normal  0.000000e+00  0.000000e+00 -1.000000e+00
   outer loop
     vertex -1.048695e+01 -5.233818e-01  0.000000e+00
     vertex -1.741304e+01 -1.742437e+00  0.000000e+00
     vertex -1.747825e+01 -8.723030e-01  0.000000e+00
   endloop
 endfacet
 facet normal  0.000000e+00 -0.000000e+00 -1.000000e+00
   outer loop
     vertex -1.048695e+01 -5.233818e-01  0.000000e+00
     vertex -1.044782e+01 -1.045462e+00  0.000000e+00
     vertex -1.741304e+01 -1.742437e+00  0.000000e+00
   endloop
 endfacet
 facet normal -0.000000e+00  0.000000e+00 -1.000000e+00
   outer loop
     vertex -2.617723e-01 -1.049674e+01  0.000000e+00
     vertex -4.362871e-01 -1.749456e+01  0.000000e+00
     vertex -7.846660e-01 -1.047064e+01  0.000000e+00
   endloop
 endfacet
 facet normal  0.000000e+00 -0.000000e+00 -1.000000e+00
   outer loop
     vertex -1.050000e+01 -3.503075e-14  0.000000e+00
     vertex -1.048695e+01 -5.233818e-01  0.000000e+00
     vertex -1.747825e+01 -8.723030e-01  0.000000e+00
   endloop
 endfacet
 facet normal  0.000000e+00  0.000000e+00 -1.000000e+00
   outer loop
     vertex -1.050000e+01 -3.503075e-14  0.000000e+00
     vertex -1.747825e+01 -8.723030e-01  0.000000e+00
     vertex -1.750000e+01 -6.002936e-14  0.000000e+00
   endloop
 endfacet
 facet normal  0.000000e+00 -0.000000e+00 -1.000000e+00
   outer loop
     vertex  2.617723e-01 -1.049674e+01  0.000000e+00
     vertex  4.362871e-01 -1.749456e+01  0.000000e+00
     vertex -4.362871e-01 -1.749456e+01  0.000000e+00
   endloop
 endfacet
 facet normal  0.000000e+00  0.000000e+00 -1.000000e+00
   outer loop
     vertex  2.617723e-01 -1.049674e+01  0.000000e+00
     vertex -4.362871e-01 -1.749456e+01  0.000000e+00
     vertex -2.617723e-01 -1.049674e+01  0.000000e+00
   endloop
 endfacet
 facet normal  0.000000e+00  0.000000e+00 -1.000000e+00
   outer loop
     vertex -1.048695e+01  5.233818e-01  0.000000e+00
     vertex -1.050000e+01 -3.503075e-14  0.000000e+00
     vertex -1.750000e+01 -6.002936e-14  0.000000e+00
   endloop
 endfacet
 facet normal -0.000000e+00  0.000000e+00 -1.000000e+00
   outer loop
     vertex -1.048695e+01  5.233818e-01  0.000000e+00
     vertex -1.750000e+01 -6.002936e-14  0.000000e+00
     vertex -1.747825e+01  8.723030e-01  0.000000e+00
   endloop
 endfacet
 facet normal  0.000000e+00  0.000000e+00 -1.000000e+00
   outer loop
     vertex  7.846660e-01 -1.047064e+01  0.000000e+00
     vertex  4.362871e-01 -1.749456e+01  0.000000e+00
     vertex  2.617723e-01 -1.049674e+01  0.000000e+00
   endloop
 endfacet
 facet normal  0.000000e+00 -0.000000e+00 -1.000000e+00
   outer loop
     vertex  7.846660e-01 -1.047064e+01  0.000000e+00
     vertex  1.307777e+00 -1.745107e+01  0.000000e+00
     vertex  4.362871e-01 -1.749456e+01  0.000000e+00
   endloop
 endfacet
 facet normal  0.000000e+00  0.000000e+00 -1.000000e+00
   outer loop
     vertex  7.846660e-01 -1.047064e+01  0.000000e+00
     vertex  2.176015e+00 -1.736419e+01  0.000000e+00
     vertex  1.307777e+00 -1.745107e+01  0.000000e+00
   endloop
 endfacet
 facet normal  0.000000e+00  0.000000e+00 -1.000000e+00
   outer loop
     vertex -1.044782e+01  1.045462e+00  0.000000e+00
     vertex -1.048695e+01  5.233818e-01  0.000000e+00
     vertex -1.747825e+01  8.723030e-01  0.000000e+00
   endloop
 endfacet
 facet normal  0.000000e+00  0.000000e+00 -1.000000e+00
   outer loop
     vertex -1.044782e+01  1.045462e+00  0.000000e+00
     vertex -1.741304e+01  1.742437e+00  0.000000e+00
     vertex -1.730454e+01  2.608240e+00  0.000000e+00
   endloop
 endfacet
 facet normal -0.000000e+00  0.000000e+00 -1.000000e+00
   outer loop
     vertex -1.044782e+01  1.045462e+00  0.000000e+00
     vertex -1.747825e+01  8.723030e-01  0.000000e+00
     vertex -1.741304e+01  1.742437e+00  0.000000e+00
   endloop
 endfacet
 facet normal  0.000000e+00 -0.000000e+00 -1.000000e+00
   outer loop
     vertex  1.305609e+00 -1.041851e+01  0.000000e+00
     vertex  2.176015e+00 -1.736419e+01  0.000000e+00
     vertex  7.846660e-01 -1.047064e+01  0.000000e+00
   endloop
 endfacet
 facet normal  0.000000e+00  0.000000e+00 -1.000000e+00
   outer loop
     vertex  1.305609e+00 -1.041851e+01  0.000000e+00
     vertex  3.038843e+00 -1.723414e+01  0.000000e+00
     vertex  2.176015e+00 -1.736419e+01  0.000000e+00
   endloop
 endfacet
 facet normal -0.000000e+00  0.000000e+00 -1.000000e+00
   outer loop
     vertex -1.038272e+01  1.564944e+00  0.000000e+00
     vertex -1.044782e+01  1.045462e+00  0.000000e+00
     vertex -1.730454e+01  2.608240e+00  0.000000e+00
   endloop
 endfacet
 facet normal  0.000000e+00  0.000000e+00 -1.000000e+00
   outer loop
     vertex -1.038272e+01  1.564944e+00  0.000000e+00
     vertex -1.730454e+01  2.608240e+00  0.000000e+00
     vertex -1.715302e+01  3.467558e+00  0.000000e+00
   endloop
 endfacet
 facet normal  0.000000e+00 -0.000000e+00 -1.000000e+00
   outer loop
     vertex  1.823306e+00 -1.034048e+01  0.000000e+00
     vertex  3.038843e+00 -1.723414e+01  0.000000e+00
     vertex  1.305609e+00 -1.041851e+01  0.000000e+00
   endloop
 endfacet
 facet normal -0.000000e+00  0.000000e+00 -1.000000e+00
   outer loop
     vertex -1.029181e+01  2.080535e+00  0.000000e+00
     vertex -1.038272e+01  1.564944e+00  0.000000e+00
     vertex -1.715302e+01  3.467558e+00  0.000000e+00
   endloop
 endfacet
 facet normal  0.000000e+00 -0.000000e+00 -1.000000e+00
   outer loop
     vertex  2.336470e+00 -1.023674e+01  0.000000e+00
     vertex  3.038843e+00 -1.723414e+01  0.000000e+00
     vertex  1.823306e+00 -1.034048e+01  0.000000e+00
   endloop
 endfacet
 facet normal  0.000000e+00  0.000000e+00 -1.000000e+00
   outer loop
     vertex  2.336470e+00 -1.023674e+01  0.000000e+00
     vertex  3.894116e+00 -1.706124e+01  0.000000e+00
     vertex  3.038843e+00 -1.723414e+01  0.000000e+00
   endloop
 endfacet
 facet normal  0.000000e+00  0.000000e+00 -1.000000e+00
   outer loop
     vertex  2.336470e+00 -1.023674e+01  0.000000e+00
     vertex  4.739708e+00 -1.684592e+01  0.000000e+00
     vertex  3.894116e+00 -1.706124e+01  0.000000e+00
   endloop
 endfacet
 facet normal  0.000000e+00  0.000000e+00 -1.000000e+00
   outer loop
     vertex -1.017531e+01  2.590953e+00  0.000000e+00
     vertex -1.715302e+01  3.467558e+00  0.000000e+00
     vertex -1.695885e+01  4.318254e+00  0.000000e+00
   endloop
 endfacet
 facet normal -0.000000e+00  0.000000e+00 -1.000000e+00
   outer loop
     vertex -1.017531e+01  2.590953e+00  0.000000e+00
     vertex -1.029181e+01  2.080535e+00  0.000000e+00
     vertex -1.715302e+01  3.467558e+00  0.000000e+00
   endloop
 endfacet
 facet normal  0.000000e+00  0.000000e+00 -1.000000e+00
   outer loop
     vertex  2.843825e+00 -1.010755e+01  0.000000e+00
     vertex  5.573516e+00 -1.658873e+01  0.000000e+00
     vertex  4.739708e+00 -1.684592e+01  0.000000e+00
   endloop
 endfacet
 facet normal  0.000000e+00 -0.000000e+00 -1.000000e+00
   outer loop
     vertex  2.843825e+00 -1.010755e+01  0.000000e+00
     vertex  4.739708e+00 -1.684592e+01  0.000000e+00
     vertex  2.336470e+00 -1.023674e+01  0.000000e+00
   endloop
 endfacet
 facet normal -0.000000e+00  0.000000e+00 -1.000000e+00
   outer loop
     vertex -1.003351e+01  3.094929e+00  0.000000e+00
     vertex -1.017531e+01  2.590953e+00  0.000000e+00
     vertex -1.695885e+01  4.318254e+00  0.000000e+00
   endloop
 endfacet
 facet normal  0.000000e+00  0.000000e+00 -1.000000e+00
   outer loop
     vertex -1.003351e+01  3.094929e+00  0.000000e+00
     vertex -1.695885e+01  4.318254e+00  0.000000e+00
     vertex -1.672252e+01  5.158216e+00  0.000000e+00
   endloop
 endfacet
 facet normal  0.000000e+00 -0.000000e+00 -1.000000e+00
   outer loop
     vertex  3.344110e+00 -9.953237e+00  0.000000e+00
     vertex  5.573516e+00 -1.658873e+01  0.000000e+00
     vertex  2.843825e+00 -1.010755e+01  0.000000e+00
   endloop
 endfacet
 facet normal -0.000000e+00  0.000000e+00 -1.000000e+00
   outer loop
     vertex -9.866773e+00  3.591212e+00  0.000000e+00
     vertex -1.003351e+01  3.094929e+00  0.000000e+00
     vertex -1.672252e+01  5.158216e+00  0.000000e+00
   endloop
 endfacet
 facet normal  0.000000e+00  0.000000e+00 -1.000000e+00
   outer loop
     vertex -9.866773e+00  3.591212e+00  0.000000e+00
     vertex -1.644462e+01  5.985353e+00  0.000000e+00
     vertex -1.612583e+01  6.797609e+00  0.000000e+00
   endloop
 endfacet
 facet normal  0.000000e+00  0.000000e+00 -1.000000e+00
   outer loop
     vertex -9.866773e+00  3.591212e+00  0.000000e+00
     vertex -1.672252e+01  5.158216e+00  0.000000e+00
     vertex -1.644462e+01  5.985353e+00  0.000000e+00
   endloop
 endfacet
 facet normal  0.000000e+00  0.000000e+00 -1.000000e+00
   outer loop
     vertex  3.836081e+00 -9.774174e+00  0.000000e+00
     vertex  6.393468e+00 -1.629029e+01  0.000000e+00
     vertex  5.573516e+00 -1.658873e+01  0.000000e+00
   endloop
 endfacet
 facet normal  0.000000e+00 -0.000000e+00 -1.000000e+00
   outer loop
     vertex  3.836081e+00 -9.774174e+00  0.000000e+00
     vertex  5.573516e+00 -1.658873e+01  0.000000e+00
     vertex  3.344110e+00 -9.953237e+00  0.000000e+00
   endloop
 endfacet
 facet normal -0.000000e+00  0.000000e+00 -1.000000e+00
   outer loop
     vertex -9.675500e+00  4.078565e+00  0.000000e+00
     vertex -9.866773e+00  3.591212e+00  0.000000e+00
     vertex -1.612583e+01  6.797609e+00  0.000000e+00
   endloop
 endfacet
 facet normal  0.000000e+00  0.000000e+00 -1.000000e+00
   outer loop
     vertex  4.318515e+00 -9.570811e+00  0.000000e+00
     vertex  7.197524e+00 -1.595135e+01  0.000000e+00
     vertex  6.393468e+00 -1.629029e+01  0.000000e+00
   endloop
 endfacet
 facet normal  0.000000e+00 -0.000000e+00 -1.000000e+00
   outer loop
     vertex  4.318515e+00 -9.570811e+00  0.000000e+00
     vertex  6.393468e+00 -1.629029e+01  0.000000e+00
     vertex  3.836081e+00 -9.774174e+00  0.000000e+00
   endloop
 endfacet
 facet normal -0.000000e+00  0.000000e+00 -1.000000e+00
   outer loop
     vertex -9.460173e+00  4.555779e+00  0.000000e+00
     vertex -9.675500e+00  4.078565e+00  0.000000e+00
     vertex -1.612583e+01  6.797609e+00  0.000000e+00
   endloop
 endfacet
 facet normal  0.000000e+00  0.000000e+00 -1.000000e+00
   outer loop
     vertex -9.460173e+00  4.555779e+00  0.000000e+00
     vertex -1.612583e+01  6.797609e+00  0.000000e+00
     vertex -1.576696e+01  7.592965e+00  0.000000e+00
   endloop
 endfacet
 facet normal  0.000000e+00  0.000000e+00 -1.000000e+00
   outer loop
     vertex  4.790212e+00 -9.343654e+00  0.000000e+00
     vertex  7.983687e+00 -1.557276e+01  0.000000e+00
     vertex  7.197524e+00 -1.595135e+01  0.000000e+00
   endloop
 endfacet
 facet normal  0.000000e+00 -0.000000e+00 -1.000000e+00
   outer loop
     vertex  4.790212e+00 -9.343654e+00  0.000000e+00
     vertex  7.197524e+00 -1.595135e+01  0.000000e+00
     vertex  4.318515e+00 -9.570811e+00  0.000000e+00
   endloop
 endfacet
 facet normal -0.000000e+00  0.000000e+00 -1.000000e+00
   outer loop
     vertex -9.221327e+00  5.021667e+00  0.000000e+00
     vertex -9.460173e+00  4.555779e+00  0.000000e+00
     vertex -1.576696e+01  7.592965e+00  0.000000e+00
   endloop
 endfacet
 facet normal  0.000000e+00  0.000000e+00 -1.000000e+00
   outer loop
     vertex -9.221327e+00  5.021667e+00  0.000000e+00
     vertex -1.536888e+01  8.369445e+00  0.000000e+00
     vertex -1.493259e+01  9.125116e+00  0.000000e+00
   endloop
 endfacet
 facet normal  0.000000e+00  0.000000e+00 -1.000000e+00
   outer loop
     vertex -9.221327e+00  5.021667e+00  0.000000e+00
     vertex -1.576696e+01  7.592965e+00  0.000000e+00
     vertex -1.536888e+01  8.369445e+00  0.000000e+00
   endloop
 endfacet
 facet normal  0.000000e+00  0.000000e+00 -1.000000e+00
   outer loop
     vertex  5.250000e+00 -9.093267e+00  0.000000e+00
     vertex  8.750000e+00 -1.515544e+01  0.000000e+00
     vertex  7.983687e+00 -1.557276e+01  0.000000e+00
   endloop
 endfacet
 facet normal  0.000000e+00  0.000000e+00 -1.000000e+00
   outer loop
     vertex  5.250000e+00 -9.093267e+00  0.000000e+00
     vertex  9.494560e+00 -1.470045e+01  0.000000e+00
     vertex  8.750000e+00 -1.515544e+01  0.000000e+00
   endloop
 endfacet
 facet normal  0.000000e+00 -0.000000e+00 -1.000000e+00
   outer loop
     vertex  5.250000e+00 -9.093267e+00  0.000000e+00
     vertex  7.983687e+00 -1.557276e+01  0.000000e+00
     vertex  4.790212e+00 -9.343654e+00  0.000000e+00
   endloop
 endfacet
 facet normal -0.000000e+00  0.000000e+00 -1.000000e+00
   outer loop
     vertex -8.959554e+00  5.475070e+00  0.000000e+00
     vertex -9.221327e+00  5.021667e+00  0.000000e+00
     vertex -1.493259e+01  9.125116e+00  0.000000e+00
   endloop
 endfacet
 facet normal  0.000000e+00 -0.000000e+00 -1.000000e+00
   outer loop
     vertex  5.696736e+00 -8.820272e+00  0.000000e+00
     vertex  9.494560e+00 -1.470045e+01  0.000000e+00
     vertex  5.250000e+00 -9.093267e+00  0.000000e+00
   endloop
 endfacet
 facet normal  0.000000e+00  0.000000e+00 -1.000000e+00
   outer loop
     vertex -8.675507e+00  5.914861e+00  0.000000e+00
     vertex -1.445918e+01  9.858101e+00  0.000000e+00
     vertex -1.394982e+01  1.056658e+01  0.000000e+00
   endloop
 endfacet
 facet normal  0.000000e+00  0.000000e+00 -1.000000e+00
   outer loop
     vertex -8.675507e+00  5.914861e+00  0.000000e+00
     vertex -1.493259e+01  9.125116e+00  0.000000e+00
     vertex -1.445918e+01  9.858101e+00  0.000000e+00
   endloop
 endfacet
 facet normal -0.000000e+00  0.000000e+00 -1.000000e+00
   outer loop
     vertex -8.675507e+00  5.914861e+00  0.000000e+00
     vertex -8.959554e+00  5.475070e+00  0.000000e+00
     vertex -1.493259e+01  9.125116e+00  0.000000e+00
   endloop
 endfacet
 facet normal  0.000000e+00 -0.000000e+00 -1.000000e+00
   outer loop
     vertex  6.129309e+00 -8.525349e+00  0.000000e+00
     vertex  9.494560e+00 -1.470045e+01  0.000000e+00
     vertex  5.696736e+00 -8.820272e+00  0.000000e+00
   endloop
 endfacet
 facet normal  0.000000e+00  0.000000e+00 -1.000000e+00
   outer loop
     vertex  6.129309e+00 -8.525349e+00  0.000000e+00
     vertex  1.021551e+01 -1.420892e+01  0.000000e+00
     vertex  9.494560e+00 -1.470045e+01  0.000000e+00
   endloop
 endfacet
 facet normal -0.000000e+00  0.000000e+00 -1.000000e+00
   outer loop
     vertex -8.369891e+00  6.339946e+00  0.000000e+00
     vertex -8.675507e+00  5.914861e+00  0.000000e+00
     vertex -1.394982e+01  1.056658e+01  0.000000e+00
   endloop
 endfacet
 facet normal  0.000000e+00  0.000000e+00 -1.000000e+00
   outer loop
     vertex  6.546643e+00 -8.209231e+00  0.000000e+00
     vertex  1.091107e+01 -1.368205e+01  0.000000e+00
     vertex  1.021551e+01 -1.420892e+01  0.000000e+00
   endloop
 endfacet
 facet normal  0.000000e+00 -0.000000e+00 -1.000000e+00
   outer loop
     vertex  6.546643e+00 -8.209231e+00  0.000000e+00
     vertex  1.021551e+01 -1.420892e+01  0.000000e+00
     vertex  6.129309e+00 -8.525349e+00  0.000000e+00
   endloop
 endfacet
 facet normal  0.000000e+00  0.000000e+00 -1.000000e+00
   outer loop
     vertex -8.043467e+00  6.749270e+00  0.000000e+00
     vertex -1.394982e+01  1.056658e+01  0.000000e+00
     vertex -1.340578e+01  1.124878e+01  0.000000e+00
   endloop
 endfacet
 facet normal -0.000000e+00  0.000000e+00 -1.000000e+00
   outer loop
     vertex -8.043467e+00  6.749270e+00  0.000000e+00
     vertex -8.369891e+00  6.339946e+00  0.000000e+00
     vertex -1.394982e+01  1.056658e+01  0.000000e+00
   endloop
 endfacet
 facet normal  0.000000e+00 -0.000000e+00 -1.000000e+00
   outer loop
     vertex -1.282841e+01  1.190302e+01  0.000000e+00
     vertex -8.043467e+00  6.749270e+00  0.000000e+00
     vertex -1.340578e+01  1.124878e+01  0.000000e+00
   endloop
 endfacet
 facet normal  0.000000e+00  0.000000e+00 -1.000000e+00
   outer loop
     vertex  6.947701e+00 -7.872703e+00  0.000000e+00
     vertex  1.157950e+01 -1.312117e+01  0.000000e+00
     vertex  1.091107e+01 -1.368205e+01  0.000000e+00
   endloop
 endfacet
 facet normal  0.000000e+00 -0.000000e+00 -1.000000e+00
   outer loop
     vertex  6.947701e+00 -7.872703e+00  0.000000e+00
     vertex  1.091107e+01 -1.368205e+01  0.000000e+00
     vertex  6.546643e+00 -8.209231e+00  0.000000e+00
   endloop
 endfacet
 facet normal -0.000000e+00  0.000000e+00 -1.000000e+00
   outer loop
     vertex -7.697045e+00  7.141814e+00  0.000000e+00
     vertex -8.043467e+00  6.749270e+00  0.000000e+00
     vertex -1.282841e+01  1.190302e+01  0.000000e+00
   endloop
 endfacet
 facet normal  0.000000e+00  0.000000e+00 -1.000000e+00
   outer loop
     vertex  7.331487e+00 -7.516602e+00  0.000000e+00
     vertex  1.221914e+01 -1.252767e+01  0.000000e+00
     vertex  1.157950e+01 -1.312117e+01  0.000000e+00
   endloop
 endfacet
 facet normal  0.000000e+00 -0.000000e+00 -1.000000e+00
   outer loop
     vertex  7.331487e+00 -7.516602e+00  0.000000e+00
     vertex  1.157950e+01 -1.312117e+01  0.000000e+00
     vertex  6.947701e+00 -7.872703e+00  0.000000e+00
   endloop
 endfacet
 facet normal  0.000000e+00  0.000000e+00 -1.000000e+00
   outer loop
     vertex -1.221914e+01  1.252767e+01  0.000000e+00
     vertex -7.331487e+00  7.516602e+00  0.000000e+00
     vertex -7.697045e+00  7.141814e+00  0.000000e+00
   endloop
 endfacet
 facet normal  0.000000e+00 -0.000000e+00 -1.000000e+00
   outer loop
     vertex -1.221914e+01  1.252767e+01  0.000000e+00
     vertex -7.697045e+00  7.141814e+00  0.000000e+00
     vertex -1.282841e+01  1.190302e+01  0.000000e+00
   endloop
 endfacet
 facet normal -0.000000e+00  0.000000e+00 -1.000000e+00
   outer loop
     vertex -6.947701e+00  7.872703e+00  0.000000e+00
     vertex -7.331487e+00  7.516602e+00  0.000000e+00
     vertex -1.221914e+01  1.252767e+01  0.000000e+00
   endloop
 endfacet
 facet normal -0.000000e+00  0.000000e+00 -1.000000e+00
   outer loop
     vertex  1.282841e+01 -1.190302e+01  0.000000e+00
     vertex  1.221914e+01 -1.252767e+01  0.000000e+00
     vertex  7.331487e+00 -7.516602e+00  0.000000e+00
   endloop
 endfacet
 facet normal  0.000000e+00  0.000000e+00 -1.000000e+00
   outer loop
     vertex  1.282841e+01 -1.190302e+01  0.000000e+00
     vertex  7.331487e+00 -7.516602e+00  0.000000e+00
     vertex  7.697045e+00 -7.141814e+00  0.000000e+00
   endloop
 endfacet
 facet normal  0.000000e+00 -0.000000e+00 -1.000000e+00
   outer loop
     vertex  8.043467e+00 -6.749270e+00  0.000000e+00
     vertex  1.282841e+01 -1.190302e+01  0.000000e+00
     vertex  7.697045e+00 -7.141814e+00  0.000000e+00
   endloop
 endfacet
 facet normal  0.000000e+00 -0.000000e+00 -1.000000e+00
   outer loop
     vertex -1.157950e+01  1.312117e+01  0.000000e+00
     vertex -6.947701e+00  7.872703e+00  0.000000e+00
     vertex -1.221914e+01  1.252767e+01  0.000000e+00
   endloop
 endfacet
 facet normal -0.000000e+00  0.000000e+00 -1.000000e+00
   outer loop
     vertex  1.340578e+01 -1.124878e+01  0.000000e+00
     vertex  1.282841e+01 -1.190302e+01  0.000000e+00
     vertex  8.043467e+00 -6.749270e+00  0.000000e+00
   endloop
 endfacet
 facet normal  0.000000e+00 -0.000000e+00 -1.000000e+00
   outer loop
     vertex -1.091107e+01  1.368205e+01  0.000000e+00
     vertex -6.947701e+00  7.872703e+00  0.000000e+00
     vertex -1.157950e+01  1.312117e+01  0.000000e+00
   endloop
 endfacet
 facet normal  0.000000e+00  0.000000e+00 -1.000000e+00
   outer loop
     vertex -1.091107e+01  1.368205e+01  0.000000e+00
     vertex -6.546643e+00  8.209231e+00  0.000000e+00
     vertex -6.947701e+00  7.872703e+00  0.000000e+00
   endloop
 endfacet
 facet normal -0.000000e+00  0.000000e+00 -1.000000e+00
   outer loop
     vertex  1.394982e+01 -1.056658e+01  0.000000e+00
     vertex  1.340578e+01 -1.124878e+01  0.000000e+00
     vertex  8.043467e+00 -6.749270e+00  0.000000e+00
   endloop
 endfacet
 facet normal  0.000000e+00  0.000000e+00 -1.000000e+00
   outer loop
     vertex  1.394982e+01 -1.056658e+01  0.000000e+00
     vertex  8.043467e+00 -6.749270e+00  0.000000e+00
     vertex  8.369891e+00 -6.339946e+00  0.000000e+00
   endloop
 endfacet
 facet normal  0.000000e+00 -0.000000e+00 -1.000000e+00
   outer loop
     vertex -1.021551e+01  1.420892e+01  0.000000e+00
     vertex -6.546643e+00  8.209231e+00  0.000000e+00
     vertex -1.091107e+01  1.368205e+01  0.000000e+00
   endloop
 endfacet
 facet normal  0.000000e+00  0.000000e+00 -1.000000e+00
   outer loop
     vertex -1.021551e+01  1.420892e+01  0.000000e+00
     vertex -6.129309e+00  8.525349e+00  0.000000e+00
     vertex -6.546643e+00  8.209231e+00  0.000000e+00
   endloop
 endfacet
 facet normal -0.000000e+00  0.000000e+00 -1.000000e+00
   outer loop
     vertex  1.445918e+01 -9.858101e+00  0.000000e+00
     vertex  1.394982e+01 -1.056658e+01  0.000000e+00
     vertex  8.369891e+00 -6.339946e+00  0.000000e+00
   endloop
 endfacet
 facet normal  0.000000e+00  0.000000e+00 -1.000000e+00
   outer loop
     vertex  1.445918e+01 -9.858101e+00  0.000000e+00
     vertex  8.369891e+00 -6.339946e+00  0.000000e+00
     vertex  8.675507e+00 -5.914861e+00  0.000000e+00
   endloop
 endfacet
 facet normal  0.000000e+00 -0.000000e+00 -1.000000e+00
   outer loop
     vertex -9.494560e+00  1.470045e+01  0.000000e+00
     vertex -6.129309e+00  8.525349e+00  0.000000e+00
     vertex -1.021551e+01  1.420892e+01  0.000000e+00
   endloop
 endfacet
 facet normal  0.000000e+00  0.000000e+00 -1.000000e+00
   outer loop
     vertex -9.494560e+00  1.470045e+01  0.000000e+00
     vertex -5.696736e+00  8.820272e+00  0.000000e+00
     vertex -6.129309e+00  8.525349e+00  0.000000e+00
   endloop
 endfacet
 facet normal  0.000000e+00  0.000000e+00 -1.000000e+00
   outer loop
     vertex  1.493259e+01 -9.125116e+00  0.000000e+00
     vertex  8.675507e+00 -5.914861e+00  0.000000e+00
     vertex  8.959554e+00 -5.475070e+00  0.000000e+00
   endloop
 endfacet
 facet normal -0.000000e+00  0.000000e+00 -1.000000e+00
   outer loop
     vertex  1.493259e+01 -9.125116e+00  0.000000e+00
     vertex  1.445918e+01 -9.858101e+00  0.000000e+00
     vertex  8.675507e+00 -5.914861e+00  0.000000e+00
   endloop
 endfacet
 facet normal  0.000000e+00 -0.000000e+00 -1.000000e+00
   outer loop
     vertex -8.750000e+00  1.515544e+01  0.000000e+00
     vertex -5.696736e+00  8.820272e+00  0.000000e+00
     vertex -9.494560e+00  1.470045e+01  0.000000e+00
   endloop
 endfacet
 facet normal  0.000000e+00  0.000000e+00 -1.000000e+00
   outer loop
     vertex -8.750000e+00  1.515544e+01  0.000000e+00
     vertex -5.250000e+00  9.093267e+00  0.000000e+00
     vertex -5.696736e+00  8.820272e+00  0.000000e+00
   endloop
 endfacet
 facet normal -0.000000e+00  0.000000e+00 -1.000000e+00
   outer loop
     vertex  1.536888e+01 -8.369445e+00  0.000000e+00
     vertex  1.493259e+01 -9.125116e+00  0.000000e+00
     vertex  8.959554e+00 -5.475070e+00  0.000000e+00
   endloop
 endfacet
 facet normal  0.000000e+00  0.000000e+00 -1.000000e+00
   outer loop
     vertex  1.536888e+01 -8.369445e+00  0.000000e+00
     vertex  8.959554e+00 -5.475070e+00  0.000000e+00
     vertex  9.221327e+00 -5.021667e+00  0.000000e+00
   endloop
 endfacet
 facet normal  0.000000e+00  0.000000e+00 -1.000000e+00
   outer loop
     vertex  1.536888e+01 -8.369445e+00  0.000000e+00
     vertex  9.221327e+00 -5.021667e+00  0.000000e+00
     vertex  9.460173e+00 -4.555779e+00  0.000000e+00
   endloop
 endfacet
 facet normal  0.000000e+00 -0.000000e+00 -1.000000e+00
   outer loop
     vertex -7.983687e+00  1.557276e+01  0.000000e+00
     vertex -5.250000e+00  9.093267e+00  0.000000e+00
     vertex -8.750000e+00  1.515544e+01  0.000000e+00
   endloop
 endfacet
 facet normal  0.000000e+00  0.000000e+00 -1.000000e+00
   outer loop
     vertex -7.983687e+00  1.557276e+01  0.000000e+00
     vertex -4.790212e+00  9.343654e+00  0.000000e+00
     vertex -5.250000e+00  9.093267e+00  0.000000e+00
   endloop
 endfacet
 facet normal -0.000000e+00  0.000000e+00 -1.000000e+00
   outer loop
     vertex  1.576696e+01 -7.592965e+00  0.000000e+00
     vertex  1.536888e+01 -8.369445e+00  0.000000e+00
     vertex  9.460173e+00 -4.555779e+00  0.000000e+00
   endloop
 endfacet
 facet normal  0.000000e+00  0.000000e+00 -1.000000e+00
   outer loop
     vertex -7.197524e+00  1.595135e+01  0.000000e+00
     vertex -4.318515e+00  9.570811e+00  0.000000e+00
     vertex -4.790212e+00  9.343654e+00  0.000000e+00
   endloop
 endfacet
 facet normal  0.000000e+00 -0.000000e+00 -1.000000e+00
   outer loop
     vertex -7.197524e+00  1.595135e+01  0.000000e+00
     vertex -4.790212e+00  9.343654e+00  0.000000e+00
     vertex -7.983687e+00  1.557276e+01  0.000000e+00
   endloop
 endfacet
 facet normal  0.000000e+00  0.000000e+00 -1.000000e+00
   outer loop
     vertex  1.612583e+01 -6.797609e+00  0.000000e+00
     vertex  9.460173e+00 -4.555779e+00  0.000000e+00
     vertex  9.675500e+00 -4.078565e+00  0.000000e+00
   endloop
 endfacet
 facet normal  0.000000e+00  0.000000e+00 -1.000000e+00
   outer loop
     vertex  1.612583e+01 -6.797609e+00  0.000000e+00
     vertex  9.675500e+00 -4.078565e+00  0.000000e+00
     vertex  9.866773e+00 -3.591212e+00  0.000000e+00
   endloop
 endfacet
 facet normal -0.000000e+00  0.000000e+00 -1.000000e+00
   outer loop
     vertex  1.612583e+01 -6.797609e+00  0.000000e+00
     vertex  1.576696e+01 -7.592965e+00  0.000000e+00
     vertex  9.460173e+00 -4.555779e+00  0.000000e+00
   endloop
 endfacet
 facet normal  0.000000e+00  0.000000e+00 -1.000000e+00
   outer loop
     vertex -6.393468e+00  1.629029e+01  0.000000e+00
     vertex -3.836081e+00  9.774174e+00  0.000000e+00
     vertex -4.318515e+00  9.570811e+00  0.000000e+00
   endloop
 endfacet
 facet normal  0.000000e+00 -0.000000e+00 -1.000000e+00
   outer loop
     vertex -6.393468e+00  1.629029e+01  0.000000e+00
     vertex -4.318515e+00  9.570811e+00  0.000000e+00
     vertex -7.197524e+00  1.595135e+01  0.000000e+00
   endloop
 endfacet
 facet normal -0.000000e+00  0.000000e+00 -1.000000e+00
   outer loop
     vertex  1.644462e+01 -5.985353e+00  0.000000e+00
     vertex  1.612583e+01 -6.797609e+00  0.000000e+00
     vertex  9.866773e+00 -3.591212e+00  0.000000e+00
   endloop
 endfacet
 facet normal  0.000000e+00  0.000000e+00 -1.000000e+00
   outer loop
     vertex -5.573516e+00  1.658873e+01  0.000000e+00
     vertex -3.344110e+00  9.953237e+00  0.000000e+00
     vertex -3.836081e+00  9.774174e+00  0.000000e+00
   endloop
 endfacet
 facet normal  0.000000e+00 -0.000000e+00 -1.000000e+00
   outer loop
     vertex -5.573516e+00  1.658873e+01  0.000000e+00
     vertex -3.836081e+00  9.774174e+00  0.000000e+00
     vertex -6.393468e+00  1.629029e+01  0.000000e+00
   endloop
 endfacet
 facet normal  0.000000e+00  0.000000e+00 -1.000000e+00
   outer loop
     vertex  1.672252e+01 -5.158216e+00  0.000000e+00
     vertex  9.866773e+00 -3.591212e+00  0.000000e+00
     vertex  1.003351e+01 -3.094929e+00  0.000000e+00
   endloop
 endfacet
 facet normal -0.000000e+00  0.000000e+00 -1.000000e+00
   outer loop
     vertex  1.672252e+01 -5.158216e+00  0.000000e+00
     vertex  1.644462e+01 -5.985353e+00  0.000000e+00
     vertex  9.866773e+00 -3.591212e+00  0.000000e+00
   endloop
 endfacet
 facet normal  0.000000e+00 -0.000000e+00 -1.000000e+00
   outer loop
     vertex -4.739708e+00  1.684592e+01  0.000000e+00
     vertex -3.344110e+00  9.953237e+00  0.000000e+00
     vertex -5.573516e+00  1.658873e+01  0.000000e+00
   endloop
 endfacet
 facet normal  0.000000e+00  0.000000e+00 -1.000000e+00
   outer loop
     vertex -4.739708e+00  1.684592e+01  0.000000e+00
     vertex -2.843825e+00  1.010755e+01  0.000000e+00
     vertex -3.344110e+00  9.953237e+00  0.000000e+00
   endloop
 endfacet
 facet normal -0.000000e+00  0.000000e+00 -1.000000e+00
   outer loop
     vertex  1.695885e+01 -4.318254e+00  0.000000e+00
     vertex  1.672252e+01 -5.158216e+00  0.000000e+00
     vertex  1.003351e+01 -3.094929e+00  0.000000e+00
   endloop
 endfacet
 facet normal  0.000000e+00  0.000000e+00 -1.000000e+00
   outer loop
     vertex  1.695885e+01 -4.318254e+00  0.000000e+00
     vertex  1.003351e+01 -3.094929e+00  0.000000e+00
     vertex  1.017531e+01 -2.590953e+00  0.000000e+00
   endloop
 endfacet
 facet normal  0.000000e+00 -0.000000e+00 -1.000000e+00
   outer loop
     vertex -3.894116e+00  1.706124e+01  0.000000e+00
     vertex -2.843825e+00  1.010755e+01  0.000000e+00
     vertex -4.739708e+00  1.684592e+01  0.000000e+00
   endloop
 endfacet
 facet normal  0.000000e+00  0.000000e+00 -1.000000e+00
   outer loop
     vertex -3.894116e+00  1.706124e+01  0.000000e+00
     vertex -2.336470e+00  1.023674e+01  0.000000e+00
     vertex -2.843825e+00  1.010755e+01  0.000000e+00
   endloop
 endfacet
 facet normal  0.000000e+00  0.000000e+00 -1.000000e+00
   outer loop
     vertex  1.715302e+01 -3.467558e+00  0.000000e+00
     vertex  1.017531e+01 -2.590953e+00  0.000000e+00
     vertex  1.029181e+01 -2.080535e+00  0.000000e+00
   endloop
 endfacet
 facet normal -0.000000e+00  0.000000e+00 -1.000000e+00
   outer loop
     vertex  1.715302e+01 -3.467558e+00  0.000000e+00
     vertex  1.695885e+01 -4.318254e+00  0.000000e+00
     vertex  1.017531e+01 -2.590953e+00  0.000000e+00
   endloop
 endfacet
 facet normal  0.000000e+00 -0.000000e+00 -1.000000e+00
   outer loop
     vertex -3.038843e+00  1.723414e+01  0.000000e+00
     vertex -2.336470e+00  1.023674e+01  0.000000e+00
     vertex -3.894116e+00  1.706124e+01  0.000000e+00
   endloop
 endfacet
 facet normal  0.000000e+00  0.000000e+00 -1.000000e+00
   outer loop
     vertex -3.038843e+00  1.723414e+01  0.000000e+00
     vertex -1.823306e+00  1.034048e+01  0.000000e+00
     vertex -2.336470e+00  1.023674e+01  0.000000e+00
   endloop
 endfacet
 facet normal -0.000000e+00  0.000000e+00 -1.000000e+00
   outer loop
     vertex  1.730454e+01 -2.608240e+00  0.000000e+00
     vertex  1.715302e+01 -3.467558e+00  0.000000e+00
     vertex  1.029181e+01 -2.080535e+00  0.000000e+00
   endloop
 endfacet
 facet normal  0.000000e+00  0.000000e+00 -1.000000e+00
   outer loop
     vertex  1.730454e+01 -2.608240e+00  0.000000e+00
     vertex  1.029181e+01 -2.080535e+00  0.000000e+00
     vertex  1.038272e+01 -1.564944e+00  0.000000e+00
   endloop
 endfacet
 facet normal  0.000000e+00 -0.000000e+00 -1.000000e+00
   outer loop
     vertex -2.176015e+00  1.736419e+01  0.000000e+00
     vertex -1.823306e+00  1.034048e+01  0.000000e+00
     vertex -3.038843e+00  1.723414e+01  0.000000e+00
   endloop
 endfacet
 facet normal  0.000000e+00  0.000000e+00 -1.000000e+00
   outer loop
     vertex -2.176015e+00  1.736419e+01  0.000000e+00
     vertex -1.305609e+00  1.041851e+01  0.000000e+00
     vertex -1.823306e+00  1.034048e+01  0.000000e+00
   endloop
 endfacet
 facet normal -0.000000e+00  0.000000e+00 -1.000000e+00
   outer loop
     vertex  1.741304e+01 -1.742437e+00  0.000000e+00
     vertex  1.730454e+01 -2.608240e+00  0.000000e+00
     vertex  1.038272e+01 -1.564944e+00  0.000000e+00
   endloop
 endfacet
 facet normal  0.000000e+00  0.000000e+00 -1.000000e+00
   outer loop
     vertex  1.741304e+01 -1.742437e+00  0.000000e+00
     vertex  1.038272e+01 -1.564944e+00  0.000000e+00
     vertex  1.044782e+01 -1.045462e+00  0.000000e+00
   endloop
 endfacet
 facet normal  0.000000e+00  0.000000e+00 -1.000000e+00
   outer loop
     vertex -1.307777e+00  1.745107e+01  0.000000e+00
     vertex -2.617723e-01  1.049674e+01  0.000000e+00
     vertex -7.846660e-01  1.047064e+01  0.000000e+00
   endloop
 endfacet
 facet normal  0.000000e+00  0.000000e+00 -1.000000e+00
   outer loop
     vertex -1.307777e+00  1.745107e+01  0.000000e+00
     vertex -7.846660e-01  1.047064e+01  0.000000e+00
     vertex -1.305609e+00  1.041851e+01  0.000000e+00
   endloop
 endfacet
 facet normal  0.000000e+00 -0.000000e+00 -1.000000e+00
   outer loop
     vertex -1.307777e+00  1.745107e+01  0.000000e+00
     vertex -1.305609e+00  1.041851e+01  0.000000e+00
     vertex -2.176015e+00  1.736419e+01  0.000000e+00
   endloop
 endfacet
 facet normal -0.000000e+00  0.000000e+00 -1.000000e+00
   outer loop
     vertex  1.747825e+01 -8.723030e-01  0.000000e+00
     vertex  1.044782e+01 -1.045462e+00  0.000000e+00
     vertex  1.048695e+01 -5.233818e-01  0.000000e+00
   endloop
 endfacet
 facet normal  0.000000e+00  0.000000e+00 -1.000000e+00
   outer loop
     vertex  1.747825e+01 -8.723030e-01  0.000000e+00
     vertex  1.048695e+01 -5.233818e-01  0.000000e+00
     vertex  1.050000e+01  9.868649e-16  0.000000e+00
   endloop
 endfacet
 facet normal  0.000000e+00  0.000000e+00 -1.000000e+00
   outer loop
     vertex  1.747825e+01 -8.723030e-01  0.000000e+00
     vertex  1.741304e+01 -1.742437e+00  0.000000e+00
     vertex  1.044782e+01 -1.045462e+00  0.000000e+00
   endloop
 endfacet
 facet normal  0.000000e+00 -0.000000e+00 -1.000000e+00
   outer loop
     vertex -4.362871e-01  1.749456e+01  0.000000e+00
     vertex -2.617723e-01  1.049674e+01  0.000000e+00
     vertex -1.307777e+00  1.745107e+01  0.000000e+00
   endloop
 endfacet
 facet normal -0.000000e+00  0.000000e+00 -1.000000e+00
   outer loop
     vertex  1.750000e+01  0.000000e+00  0.000000e+00
     vertex  1.747825e+01 -8.723030e-01  0.000000e+00
     vertex  1.050000e+01  9.868649e-16  0.000000e+00
   endloop
 endfacet
 facet normal  0.000000e+00  0.000000e+00 -1.000000e+00
   outer loop
     vertex  4.362871e-01  1.749456e+01  0.000000e+00
     vertex  2.617723e-01  1.049674e+01  0.000000e+00
     vertex -2.617723e-01  1.049674e+01  0.000000e+00
   endloop
 endfacet
 facet normal -0.000000e+00  0.000000e+00 -1.000000e+00
   outer loop
     vertex  4.362871e-01  1.749456e+01  0.000000e+00
     vertex -2.617723e-01  1.049674e+01  0.000000e+00
     vertex -4.362871e-01  1.749456e+01  0.000000e+00
   endloop
 endfacet
 facet normal  0.000000e+00  0.000000e+00 -1.000000e+00
   outer loop
     vertex  1.747825e+01  8.723030e-01  0.000000e+00
     vertex  1.050000e+01  9.868649e-16  0.000000e+00
     vertex  1.048695e+01  5.233818e-01  0.000000e+00
   endloop
 endfacet
 facet normal -0.000000e+00  0.000000e+00 -1.000000e+00
   outer loop
     vertex  1.747825e+01  8.723030e-01  0.000000e+00
     vertex  1.048695e+01  5.233818e-01  0.000000e+00
     vertex  1.044782e+01  1.045462e+00  0.000000e+00
   endloop
 endfacet
 facet normal  0.000000e+00 -0.000000e+00 -1.000000e+00
   outer loop
     vertex  1.747825e+01  8.723030e-01  0.000000e+00
     vertex  1.750000e+01  0.000000e+00  0.000000e+00
     vertex  1.050000e+01  9.868649e-16  0.000000e+00
   endloop
 endfacet
 facet normal  0.000000e+00  0.000000e+00 -1.000000e+00
   outer loop
     vertex  1.307777e+00  1.745107e+01  0.000000e+00
     vertex  7.846660e-01  1.047064e+01  0.000000e+00
     vertex  2.617723e-01  1.049674e+01  0.000000e+00
   endloop
 endfacet
 facet normal -0.000000e+00  0.000000e+00 -1.000000e+00
   outer loop
     vertex  1.307777e+00  1.745107e+01  0.000000e+00
     vertex  2.617723e-01  1.049674e+01  0.000000e+00
     vertex  4.362871e-01  1.749456e+01  0.000000e+00
   endloop
 endfacet
 facet normal  0.000000e+00 -0.000000e+00 -1.000000e+00
   outer loop
     vertex  1.741304e+01  1.742437e+00  0.000000e+00
     vertex  1.747825e+01  8.723030e-01  0.000000e+00
     vertex  1.044782e+01  1.045462e+00  0.000000e+00
   endloop
 endfacet
 facet normal  0.000000e+00  0.000000e+00 -1.000000e+00
   outer loop
     vertex  2.176015e+00  1.736419e+01  0.000000e+00
     vertex  1.823306e+00  1.034048e+01  0.000000e+00
     vertex  1.305609e+00  1.041851e+01  0.000000e+00
   endloop
 endfacet
 facet normal  0.000000e+00  0.000000e+00 -1.000000e+00
   outer loop
     vertex  2.176015e+00  1.736419e+01  0.000000e+00
     vertex  1.305609e+00  1.041851e+01  0.000000e+00
     vertex  7.846660e-01  1.047064e+01  0.000000e+00
   endloop
 endfacet
 facet normal -0.000000e+00  0.000000e+00 -1.000000e+00
   outer loop
     vertex  2.176015e+00  1.736419e+01  0.000000e+00
     vertex  7.846660e-01  1.047064e+01  0.000000e+00
     vertex  1.307777e+00  1.745107e+01  0.000000e+00
   endloop
 endfacet
 facet normal  0.000000e+00  0.000000e+00 -1.000000e+00
   outer loop
     vertex  1.730454e+01  2.608240e+00  0.000000e+00
     vertex  1.044782e+01  1.045462e+00  0.000000e+00
     vertex  1.038272e+01  1.564944e+00  0.000000e+00
   endloop
 endfacet
 facet normal  0.000000e+00 -0.000000e+00 -1.000000e+00
   outer loop
     vertex  1.730454e+01  2.608240e+00  0.000000e+00
     vertex  1.741304e+01  1.742437e+00  0.000000e+00
     vertex  1.044782e+01  1.045462e+00  0.000000e+00
   endloop
 endfacet
 facet normal -0.000000e+00  0.000000e+00 -1.000000e+00
   outer loop
     vertex  3.038843e+00  1.723414e+01  0.000000e+00
     vertex  1.823306e+00  1.034048e+01  0.000000e+00
     vertex  2.176015e+00  1.736419e+01  0.000000e+00
   endloop
 endfacet
 facet normal  0.000000e+00  0.000000e+00 -1.000000e+00
   outer loop
     vertex  1.715302e+01  3.467558e+00  0.000000e+00
     vertex  1.038272e+01  1.564944e+00  0.000000e+00
     vertex  1.029181e+01  2.080535e+00  0.000000e+00
   endloop
 endfacet
 facet normal  0.000000e+00 -0.000000e+00 -1.000000e+00
   outer loop
     vertex  1.715302e+01  3.467558e+00  0.000000e+00
     vertex  1.730454e+01  2.608240e+00  0.000000e+00
     vertex  1.038272e+01  1.564944e+00  0.000000e+00
   endloop
 endfacet
 facet normal -0.000000e+00  0.000000e+00 -1.000000e+00
   outer loop
     vertex  3.894116e+00  1.706124e+01  0.000000e+00
     vertex  1.823306e+00  1.034048e+01  0.000000e+00
     vertex  3.038843e+00  1.723414e+01  0.000000e+00
   endloop
 endfacet
 facet normal  0.000000e+00  0.000000e+00 -1.000000e+00
   outer loop
     vertex  3.894116e+00  1.706124e+01  0.000000e+00
     vertex  2.336470e+00  1.023674e+01  0.000000e+00
     vertex  1.823306e+00  1.034048e+01  0.000000e+00
   endloop
 endfacet
 facet normal  0.000000e+00  0.000000e+00 -1.000000e+00
   outer loop
     vertex  1.695885e+01  4.318254e+00  0.000000e+00
     vertex  1.029181e+01  2.080535e+00  0.000000e+00
     vertex  1.017531e+01  2.590953e+00  0.000000e+00
   endloop
 endfacet
 facet normal  0.000000e+00 -0.000000e+00 -1.000000e+00
   outer loop
     vertex  1.695885e+01  4.318254e+00  0.000000e+00
     vertex  1.715302e+01  3.467558e+00  0.000000e+00
     vertex  1.029181e+01  2.080535e+00  0.000000e+00
   endloop
 endfacet
 facet normal -0.000000e+00  0.000000e+00 -1.000000e+00
   outer loop
     vertex  4.739708e+00  1.684592e+01  0.000000e+00
     vertex  2.336470e+00  1.023674e+01  0.000000e+00
     vertex  3.894116e+00  1.706124e+01  0.000000e+00
   endloop
 endfacet
 facet normal  0.000000e+00  0.000000e+00 -1.000000e+00
   outer loop
     vertex  4.739708e+00  1.684592e+01  0.000000e+00
     vertex  2.843825e+00  1.010755e+01  0.000000e+00
     vertex  2.336470e+00  1.023674e+01  0.000000e+00
   endloop
 endfacet
 facet normal  0.000000e+00 -0.000000e+00 -1.000000e+00
   outer loop
     vertex  1.672252e+01  5.158216e+00  0.000000e+00
     vertex  1.695885e+01  4.318254e+00  0.000000e+00
     vertex  1.017531e+01  2.590953e+00  0.000000e+00
   endloop
 endfacet
 facet normal  0.000000e+00  0.000000e+00 -1.000000e+00
   outer loop
     vertex  1.672252e+01  5.158216e+00  0.000000e+00
     vertex  1.017531e+01  2.590953e+00  0.000000e+00
     vertex  1.003351e+01  3.094929e+00  0.000000e+00
   endloop
 endfacet
 facet normal -0.000000e+00  0.000000e+00 -1.000000e+00
   outer loop
     vertex  5.573516e+00  1.658873e+01  0.000000e+00
     vertex  2.843825e+00  1.010755e+01  0.000000e+00
     vertex  4.739708e+00  1.684592e+01  0.000000e+00
   endloop
 endfacet
 facet normal  0.000000e+00  0.000000e+00 -1.000000e+00
   outer loop
     vertex  5.573516e+00  1.658873e+01  0.000000e+00
     vertex  3.344110e+00  9.953237e+00  0.000000e+00
     vertex  2.843825e+00  1.010755e+01  0.000000e+00
   endloop
 endfacet
 facet normal  0.000000e+00  0.000000e+00 -1.000000e+00
   outer loop
     vertex  1.644462e+01  5.985353e+00  0.000000e+00
     vertex  1.003351e+01  3.094929e+00  0.000000e+00
     vertex  9.866773e+00  3.591212e+00  0.000000e+00
   endloop
 endfacet
 facet normal  0.000000e+00 -0.000000e+00 -1.000000e+00
   outer loop
     vertex  1.644462e+01  5.985353e+00  0.000000e+00
     vertex  1.672252e+01  5.158216e+00  0.000000e+00
     vertex  1.003351e+01  3.094929e+00  0.000000e+00
   endloop
 endfacet
 facet normal -0.000000e+00  0.000000e+00 -1.000000e+00
   outer loop
     vertex  6.393468e+00  1.629029e+01  0.000000e+00
     vertex  3.344110e+00  9.953237e+00  0.000000e+00
     vertex  5.573516e+00  1.658873e+01  0.000000e+00
   endloop
 endfacet
 facet normal  0.000000e+00  0.000000e+00 -1.000000e+00
   outer loop
     vertex  6.393468e+00  1.629029e+01  0.000000e+00
     vertex  4.318515e+00  9.570811e+00  0.000000e+00
     vertex  3.836081e+00  9.774174e+00  0.000000e+00
   endloop
 endfacet
 facet normal  0.000000e+00  0.000000e+00 -1.000000e+00
   outer loop
     vertex  6.393468e+00  1.629029e+01  0.000000e+00
     vertex  3.836081e+00  9.774174e+00  0.000000e+00
     vertex  3.344110e+00  9.953237e+00  0.000000e+00
   endloop
 endfacet
 facet normal  0.000000e+00 -0.000000e+00 -1.000000e+00
   outer loop
     vertex  1.612583e+01  6.797609e+00  0.000000e+00
     vertex  1.644462e+01  5.985353e+00  0.000000e+00
     vertex  9.866773e+00  3.591212e+00  0.000000e+00
   endloop
 endfacet
 facet normal  0.000000e+00  0.000000e+00 -1.000000e+00
   outer loop
     vertex  1.612583e+01  6.797609e+00  0.000000e+00
     vertex  9.866773e+00  3.591212e+00  0.000000e+00
     vertex  9.675500e+00  4.078565e+00  0.000000e+00
   endloop
 endfacet
 facet normal -0.000000e+00  0.000000e+00 -1.000000e+00
   outer loop
     vertex  7.197524e+00  1.595135e+01  0.000000e+00
     vertex  4.318515e+00  9.570811e+00  0.000000e+00
     vertex  6.393468e+00  1.629029e+01  0.000000e+00
   endloop
 endfacet
 facet normal  0.000000e+00 -0.000000e+00 -1.000000e+00
   outer loop
     vertex  1.576696e+01  7.592965e+00  0.000000e+00
     vertex  1.612583e+01  6.797609e+00  0.000000e+00
     vertex  9.675500e+00  4.078565e+00  0.000000e+00
   endloop
 endfacet
 facet normal  0.000000e+00  0.000000e+00 -1.000000e+00
   outer loop
     vertex  1.576696e+01  7.592965e+00  0.000000e+00
     vertex  9.675500e+00  4.078565e+00  0.000000e+00
     vertex  9.460173e+00  4.555779e+00  0.000000e+00
   endloop
 endfacet
 facet normal  0.000000e+00  0.000000e+00 -1.000000e+00
   outer loop
     vertex  1.576696e+01  7.592965e+00  0.000000e+00
     vertex  9.460173e+00  4.555779e+00  0.000000e+00
     vertex  9.221327e+00  5.021667e+00  0.000000e+00
   endloop
 endfacet
 facet normal -0.000000e+00  0.000000e+00 -1.000000e+00
   outer loop
     vertex  7.983687e+00  1.557276e+01  0.000000e+00
     vertex  4.318515e+00  9.570811e+00  0.000000e+00
     vertex  7.197524e+00  1.595135e+01  0.000000e+00
   endloop
 endfacet
 facet normal  0.000000e+00  0.000000e+00 -1.000000e+00
   outer loop
     vertex  7.983687e+00  1.557276e+01  0.000000e+00
     vertex  4.790212e+00  9.343654e+00  0.000000e+00
     vertex  4.318515e+00  9.570811e+00  0.000000e+00
   endloop
 endfacet
 facet normal  0.000000e+00  0.000000e+00 -1.000000e+00
   outer loop
     vertex  1.536888e+01  8.369445e+00  0.000000e+00
     vertex  9.221327e+00  5.021667e+00  0.000000e+00
     vertex  8.959554e+00  5.475070e+00  0.000000e+00
   endloop
 endfacet
 facet normal  0.000000e+00 -0.000000e+00 -1.000000e+00
   outer loop
     vertex  1.536888e+01  8.369445e+00  0.000000e+00
     vertex  1.576696e+01  7.592965e+00  0.000000e+00
     vertex  9.221327e+00  5.021667e+00  0.000000e+00
   endloop
 endfacet
 facet normal -0.000000e+00  0.000000e+00 -1.000000e+00
   outer loop
     vertex  8.750000e+00  1.515544e+01  0.000000e+00
     vertex  4.790212e+00  9.343654e+00  0.000000e+00
     vertex  7.983687e+00  1.557276e+01  0.000000e+00
   endloop
 endfacet
 facet normal  0.000000e+00  0.000000e+00 -1.000000e+00
   outer loop
     vertex  8.750000e+00  1.515544e+01  0.000000e+00
     vertex  5.696736e+00  8.820272e+00  0.000000e+00
     vertex  5.250000e+00  9.093267e+00  0.000000e+00
   endloop
 endfacet
 facet normal  0.000000e+00  0.000000e+00 -1.000000e+00
   outer loop
     vertex  8.750000e+00  1.515544e+01  0.000000e+00
     vertex  5.250000e+00  9.093267e+00  0.000000e+00
     vertex  4.790212e+00  9.343654e+00  0.000000e+00
   endloop
 endfacet
 facet normal  0.000000e+00 -0.000000e+00 -1.000000e+00
   outer loop
     vertex  1.493259e+01  9.125116e+00  0.000000e+00
     vertex  1.536888e+01  8.369445e+00  0.000000e+00
     vertex  8.959554e+00  5.475070e+00  0.000000e+00
   endloop
 endfacet
 facet normal -0.000000e+00  0.000000e+00 -1.000000e+00
   outer loop
     vertex  9.494560e+00  1.470045e+01  0.000000e+00
     vertex  5.696736e+00  8.820272e+00  0.000000e+00
     vertex  8.750000e+00  1.515544e+01  0.000000e+00
   endloop
 endfacet
 facet normal  0.000000e+00 -0.000000e+00 -1.000000e+00
   outer loop
     vertex  1.445918e+01  9.858101e+00  0.000000e+00
     vertex  1.493259e+01  9.125116e+00  0.000000e+00
     vertex  8.959554e+00  5.475070e+00  0.000000e+00
   endloop
 endfacet
 facet normal  0.000000e+00  0.000000e+00 -1.000000e+00
   outer loop
     vertex  1.445918e+01  9.858101e+00  0.000000e+00
     vertex  8.959554e+00  5.475070e+00  0.000000e+00
     vertex  8.675507e+00  5.914861e+00  0.000000e+00
   endloop
 endfacet
 facet normal  0.000000e+00  0.000000e+00 -1.000000e+00
   outer loop
     vertex  1.021551e+01  1.420892e+01  0.000000e+00
     vertex  6.546643e+00  8.209231e+00  0.000000e+00
     vertex  6.129309e+00  8.525349e+00  0.000000e+00
   endloop
 endfacet
 facet normal  0.000000e+00  0.000000e+00 -1.000000e+00
   outer loop
     vertex  1.021551e+01  1.420892e+01  0.000000e+00
     vertex  6.129309e+00  8.525349e+00  0.000000e+00
     vertex  5.696736e+00  8.820272e+00  0.000000e+00
   endloop
 endfacet
 facet normal -0.000000e+00  0.000000e+00 -1.000000e+00
   outer loop
     vertex  1.021551e+01  1.420892e+01  0.000000e+00
     vertex  5.696736e+00  8.820272e+00  0.000000e+00
     vertex  9.494560e+00  1.470045e+01  0.000000e+00
   endloop
 endfacet
 facet normal  0.000000e+00 -0.000000e+00 -1.000000e+00
   outer loop
     vertex  1.394982e+01  1.056658e+01  0.000000e+00
     vertex  1.445918e+01  9.858101e+00  0.000000e+00
     vertex  8.675507e+00  5.914861e+00  0.000000e+00
   endloop
 endfacet
 facet normal  0.000000e+00  0.000000e+00 -1.000000e+00
   outer loop
     vertex  1.394982e+01  1.056658e+01  0.000000e+00
     vertex  8.675507e+00  5.914861e+00  0.000000e+00
     vertex  8.369891e+00  6.339946e+00  0.000000e+00
   endloop
 endfacet
 facet normal -0.000000e+00  0.000000e+00 -1.000000e+00
   outer loop
     vertex  1.091107e+01  1.368205e+01  0.000000e+00
     vertex  6.546643e+00  8.209231e+00  0.000000e+00
     vertex  1.021551e+01  1.420892e+01  0.000000e+00
   endloop
 endfacet
 facet normal  0.000000e+00 -0.000000e+00 -1.000000e+00
   outer loop
     vertex  1.340578e+01  1.124878e+01  0.000000e+00
     vertex  1.394982e+01  1.056658e+01  0.000000e+00
     vertex  8.369891e+00  6.339946e+00  0.000000e+00
   endloop
 endfacet
 facet normal  0.000000e+00  0.000000e+00 -1.000000e+00
   outer loop
     vertex  1.340578e+01  1.124878e+01  0.000000e+00
     vertex  8.369891e+00  6.339946e+00  0.000000e+00
     vertex  8.043467e+00  6.749270e+00  0.000000e+00
   endloop
 endfacet
 facet normal -0.000000e+00  0.000000e+00 -1.000000e+00
   outer loop
     vertex  1.157950e+01  1.312117e+01  0.000000e+00
     vertex  6.546643e+00  8.209231e+00  0.000000e+00
     vertex  1.091107e+01  1.368205e+01  0.000000e+00
   endloop
 endfacet
 facet normal  0.000000e+00  0.000000e+00 -1.000000e+00
   outer loop
     vertex  1.157950e+01  1.312117e+01  0.000000e+00
     vertex  6.947701e+00  7.872703e+00  0.000000e+00
     vertex  6.546643e+00  8.209231e+00  0.000000e+00
   endloop
 endfacet
 facet normal  0.000000e+00  0.000000e+00 -1.000000e+00
   outer loop
     vertex  1.282841e+01  1.190302e+01  0.000000e+00
     vertex  8.043467e+00  6.749270e+00  0.000000e+00
     vertex  7.697045e+00  7.141814e+00  0.000000e+00
   endloop
 endfacet
 facet normal  0.000000e+00 -0.000000e+00 -1.000000e+00
   outer loop
     vertex  1.282841e+01  1.190302e+01  0.000000e+00
     vertex  1.340578e+01  1.124878e+01  0.000000e+00
     vertex  8.043467e+00  6.749270e+00  0.000000e+00
   endloop
 endfacet
 facet normal  0.000000e+00  0.000000e+00 -1.000000e+00
   outer loop
     vertex  1.221914e+01  1.252767e+01  0.000000e+00
     vertex  7.697045e+00  7.141814e+00  0.000000e+00
     vertex  7.331487e+00  7.516602e+00  0.000000e+00
   endloop
 endfacet
 facet normal  0.000000e+00  0.000000e+00 -1.000000e+00
   outer loop
     vertex  1.221914e+01  1.252767e+01  0.000000e+00
     vertex  7.331487e+00  7.516602e+00  0.000000e+00
     vertex  6.947701e+00  7.872703e+00  0.000000e+00
   endloop
 endfacet
 facet normal  0.000000e+00 -0.000000e+00 -1.000000e+00
   outer loop
     vertex  1.221914e+01  1.252767e+01  0.000000e+00
     vertex  1.282841e+01  1.190302e+01  0.000000e+00
     vertex  7.697045e+00  7.141814e+00  0.000000e+00
   endloop
 endfacet
 facet normal -0.000000e+00  0.000000e+00 -1.000000e+00
   outer loop
     vertex  1.221914e+01  1.252767e+01  0.000000e+00
     vertex  6.947701e+00  7.872703e+00  0.000000e+00
     vertex  1.157950e+01  1.312117e+01  0.000000e+00
   endloop
 endfacet
 facet normal  0.000000e+00  0.000000e+00  1.000000e+00
   outer loop
     vertex -7.331487e+00 -7.516602e+00  8.000000e+00
     vertex -1.221914e+01 -1.252767e+01  8.000000e+00
     vertex -1.157950e+01 -1.312117e+01  8.000000e+00
   endloop
 endfacet
 facet normal  0.000000e+00  0.000000e+00  1.000000e+00
   outer loop
     vertex -7.697045e+00 -7.141814e+00  8.000000e+00
     vertex -1.282841e+01 -1.190302e+01  8.000000e+00
     vertex -1.221914e+01 -1.252767e+01  8.000000e+00
   endloop
 endfacet
 facet normal  0.000000e+00  0.000000e+00  1.000000e+00
   outer loop
     vertex -7.697045e+00 -7.141814e+00  8.000000e+00
     vertex -1.221914e+01 -1.252767e+01  8.000000e+00
     vertex -7.331487e+00 -7.516602e+00  8.000000e+00
   endloop
 endfacet
 facet normal  0.000000e+00  0.000000e+00  1.000000e+00
   outer loop
     vertex -6.947701e+00 -7.872703e+00  8.000000e+00
     vertex -1.157950e+01 -1.312117e+01  8.000000e+00
     vertex -1.091107e+01 -1.368205e+01  8.000000e+00
   endloop
 endfacet
 facet normal  0.000000e+00  0.000000e+00  1.000000e+00
   outer loop
     vertex -6.947701e+00 -7.872703e+00  8.000000e+00
     vertex -7.331487e+00 -7.516602e+00  8.000000e+00
     vertex -1.157950e+01 -1.312117e+01  8.000000e+00
   endloop
 endfacet
 facet normal  0.000000e+00  0.000000e+00  1.000000e+00
   outer loop
     vertex -8.043467e+00 -6.749270e+00  8.000000e+00
     vertex -1.282841e+01 -1.190302e+01  8.000000e+00
     vertex -7.697045e+00 -7.141814e+00  8.000000e+00
   endloop
 endfacet
 facet normal  0.000000e+00  0.000000e+00  1.000000e+00
   outer loop
     vertex -8.043467e+00 -6.749270e+00  8.000000e+00
     vertex -1.340578e+01 -1.124878e+01  8.000000e+00
     vertex -1.282841e+01 -1.190302e+01  8.000000e+00
   endloop
 endfacet
 facet normal  0.000000e+00  0.000000e+00  1.000000e+00
   outer loop
     vertex -6.546643e+00 -8.209231e+00  8.000000e+00
     vertex -6.947701e+00 -7.872703e+00  8.000000e+00
     vertex -1.091107e+01 -1.368205e+01  8.000000e+00
   endloop
 endfacet
 facet normal  0.000000e+00  0.000000e+00  1.000000e+00
   outer loop
     vertex -8.369891e+00 -6.339946e+00  8.000000e+00
     vertex -1.340578e+01 -1.124878e+01  8.000000e+00
     vertex -8.043467e+00 -6.749270e+00  8.000000e+00
   endloop
 endfacet
 facet normal  0.000000e+00  0.000000e+00  1.000000e+00
   outer loop
     vertex -8.369891e+00 -6.339946e+00  8.000000e+00
     vertex -1.394982e+01 -1.056658e+01  8.000000e+00
     vertex -1.340578e+01 -1.124878e+01  8.000000e+00
   endloop
 endfacet
 facet normal  0.000000e+00  0.000000e+00  1.000000e+00
   outer loop
     vertex -6.129309e+00 -8.525349e+00  8.000000e+00
     vertex -6.546643e+00 -8.209231e+00  8.000000e+00
     vertex -1.091107e+01 -1.368205e+01  8.000000e+00
   endloop
 endfacet
 facet normal  0.000000e+00  0.000000e+00  1.000000e+00
   outer loop
     vertex -6.129309e+00 -8.525349e+00  8.000000e+00
     vertex -1.091107e+01 -1.368205e+01  8.000000e+00
     vertex -1.021551e+01 -1.420892e+01  8.000000e+00
   endloop
 endfacet
 facet normal  0.000000e+00  0.000000e+00  1.000000e+00
   outer loop
     vertex -6.129309e+00 -8.525349e+00  8.000000e+00
     vertex -1.021551e+01 -1.420892e+01  8.000000e+00
     vertex -9.494560e+00 -1.470045e+01  8.000000e+00
   endloop
 endfacet
 facet normal  0.000000e+00  0.000000e+00  1.000000e+00
   outer loop
     vertex -8.675507e+00 -5.914861e+00  8.000000e+00
     vertex -1.394982e+01 -1.056658e+01  8.000000e+00
     vertex -8.369891e+00 -6.339946e+00  8.000000e+00
   endloop
 endfacet
 facet normal  0.000000e+00  0.000000e+00  1.000000e+00
   outer loop
     vertex -8.675507e+00 -5.914861e+00  8.000000e+00
     vertex -1.445918e+01 -9.858101e+00  8.000000e+00
     vertex -1.394982e+01 -1.056658e+01  8.000000e+00
   endloop
 endfacet
 facet normal  0.000000e+00  0.000000e+00  1.000000e+00
   outer loop
     vertex -5.696736e+00 -8.820272e+00  8.000000e+00
     vertex -6.129309e+00 -8.525349e+00  8.000000e+00
     vertex -9.494560e+00 -1.470045e+01  8.000000e+00
   endloop
 endfacet
 facet normal  0.000000e+00  0.000000e+00  1.000000e+00
   outer loop
     vertex -5.696736e+00 -8.820272e+00  8.000000e+00
     vertex -9.494560e+00 -1.470045e+01  8.000000e+00
     vertex -8.750000e+00 -1.515544e+01  8.000000e+00
   endloop
 endfacet
 facet normal  0.000000e+00  0.000000e+00  1.000000e+00
   outer loop
     vertex -8.959554e+00 -5.475070e+00  8.000000e+00
     vertex -1.445918e+01 -9.858101e+00  8.000000e+00
     vertex -8.675507e+00 -5.914861e+00  8.000000e+00
   endloop
 endfacet
 facet normal  0.000000e+00  0.000000e+00  1.000000e+00
   outer loop
     vertex -8.959554e+00 -5.475070e+00  8.000000e+00
     vertex -1.493259e+01 -9.125116e+00  8.000000e+00
     vertex -1.445918e+01 -9.858101e+00  8.000000e+00
   endloop
 endfacet
 facet normal  0.000000e+00  0.000000e+00  1.000000e+00
   outer loop
     vertex -5.250000e+00 -9.093267e+00  8.000000e+00
     vertex -5.696736e+00 -8.820272e+00  8.000000e+00
     vertex -8.750000e+00 -1.515544e+01  8.000000e+00
   endloop
 endfacet
 facet normal  0.000000e+00  0.000000e+00  1.000000e+00
   outer loop
     vertex -9.221327e+00 -5.021667e+00  8.000000e+00
     vertex -1.493259e+01 -9.125116e+00  8.000000e+00
     vertex -8.959554e+00 -5.475070e+00  8.000000e+00
   endloop
 endfacet
 facet normal  0.000000e+00  0.000000e+00  1.000000e+00
   outer loop
     vertex -9.221327e+00 -5.021667e+00  8.000000e+00
     vertex -1.536888e+01 -8.369445e+00  8.000000e+00
     vertex -1.493259e+01 -9.125116e+00  8.000000e+00
   endloop
 endfacet
 facet normal  0.000000e+00  0.000000e+00  1.000000e+00
   outer loop
     vertex -4.790212e+00 -9.343654e+00  8.000000e+00
     vertex -5.250000e+00 -9.093267e+00  8.000000e+00
     vertex -8.750000e+00 -1.515544e+01  8.000000e+00
   endloop
 endfacet
 facet normal  0.000000e+00  0.000000e+00  1.000000e+00
   outer loop
     vertex -4.790212e+00 -9.343654e+00  8.000000e+00
     vertex -8.750000e+00 -1.515544e+01  8.000000e+00
     vertex -7.983687e+00 -1.557276e+01  8.000000e+00
   endloop
 endfacet
 facet normal  0.000000e+00  0.000000e+00  1.000000e+00
   outer loop
     vertex -4.790212e+00 -9.343654e+00  8.000000e+00
     vertex -7.983687e+00 -1.557276e+01  8.000000e+00
     vertex -7.197524e+00 -1.595135e+01  8.000000e+00
   endloop
 endfacet
 facet normal  0.000000e+00  0.000000e+00  1.000000e+00
   outer loop
     vertex -9.460173e+00 -4.555779e+00  8.000000e+00
     vertex -1.536888e+01 -8.369445e+00  8.000000e+00
     vertex -9.221327e+00 -5.021667e+00  8.000000e+00
   endloop
 endfacet
 facet normal  0.000000e+00  0.000000e+00  1.000000e+00
   outer loop
     vertex -9.460173e+00 -4.555779e+00  8.000000e+00
     vertex -1.576696e+01 -7.592965e+00  8.000000e+00
     vertex -1.536888e+01 -8.369445e+00  8.000000e+00
   endloop
 endfacet
 facet normal  0.000000e+00  0.000000e+00  1.000000e+00
   outer loop
     vertex -4.318515e+00 -9.570811e+00  8.000000e+00
     vertex -4.790212e+00 -9.343654e+00  8.000000e+00
     vertex -7.197524e+00 -1.595135e+01  8.000000e+00
   endloop
 endfacet
 facet normal  0.000000e+00  0.000000e+00  1.000000e+00
   outer loop
     vertex -4.318515e+00 -9.570811e+00  8.000000e+00
     vertex -7.197524e+00 -1.595135e+01  8.000000e+00
     vertex -6.393468e+00 -1.629029e+01  8.000000e+00
   endloop
 endfacet
 facet normal  0.000000e+00  0.000000e+00  1.000000e+00
   outer loop
     vertex -9.675500e+00 -4.078565e+00  8.000000e+00
     vertex -1.576696e+01 -7.592965e+00  8.000000e+00
     vertex -9.460173e+00 -4.555779e+00  8.000000e+00
   endloop
 endfacet
 facet normal  0.000000e+00  0.000000e+00  1.000000e+00
   outer loop
     vertex -9.675500e+00 -4.078565e+00  8.000000e+00
     vertex -1.612583e+01 -6.797609e+00  8.000000e+00
     vertex -1.576696e+01 -7.592965e+00  8.000000e+00
   endloop
 endfacet
 facet normal  0.000000e+00  0.000000e+00  1.000000e+00
   outer loop
     vertex -3.836081e+00 -9.774174e+00  8.000000e+00
     vertex -4.318515e+00 -9.570811e+00  8.000000e+00
     vertex -6.393468e+00 -1.629029e+01  8.000000e+00
   endloop
 endfacet
 facet normal  0.000000e+00  0.000000e+00  1.000000e+00
   outer loop
     vertex -3.836081e+00 -9.774174e+00  8.000000e+00
     vertex -6.393468e+00 -1.629029e+01  8.000000e+00
     vertex -5.573516e+00 -1.658873e+01  8.000000e+00
   endloop
 endfacet
 facet normal  0.000000e+00  0.000000e+00  1.000000e+00
   outer loop
     vertex -9.866773e+00 -3.591212e+00  8.000000e+00
     vertex -1.612583e+01 -6.797609e+00  8.000000e+00
     vertex -9.675500e+00 -4.078565e+00  8.000000e+00
   endloop
 endfacet
 facet normal  0.000000e+00  0.000000e+00  1.000000e+00
   outer loop
     vertex -9.866773e+00 -3.591212e+00  8.000000e+00
     vertex -1.672252e+01 -5.158216e+00  8.000000e+00
     vertex -1.644462e+01 -5.985353e+00  8.000000e+00
   endloop
 endfacet
 facet normal  0.000000e+00  0.000000e+00  1.000000e+00
   outer loop
     vertex -9.866773e+00 -3.591212e+00  8.000000e+00
     vertex -1.644462e+01 -5.985353e+00  8.000000e+00
     vertex -1.612583e+01 -6.797609e+00  8.000000e+00
   endloop
 endfacet
 facet normal  0.000000e+00  0.000000e+00  1.000000e+00
   outer loop
     vertex -3.344110e+00 -9.953237e+00  8.000000e+00
     vertex -3.836081e+00 -9.774174e+00  8.000000e+00
     vertex -5.573516e+00 -1.658873e+01  8.000000e+00
   endloop
 endfacet
 facet normal  0.000000e+00  0.000000e+00  1.000000e+00
   outer loop
     vertex -3.344110e+00 -9.953237e+00  8.000000e+00
     vertex -5.573516e+00 -1.658873e+01  8.000000e+00
     vertex -4.739708e+00 -1.684592e+01  8.000000e+00
   endloop
 endfacet
 facet normal  0.000000e+00  0.000000e+00  1.000000e+00
   outer loop
     vertex -1.003351e+01 -3.094929e+00  8.000000e+00
     vertex -1.672252e+01 -5.158216e+00  8.000000e+00
     vertex -9.866773e+00 -3.591212e+00  8.000000e+00
   endloop
 endfacet
 facet normal  0.000000e+00  0.000000e+00  1.000000e+00
   outer loop
     vertex -2.843825e+00 -1.010755e+01  8.000000e+00
     vertex -3.344110e+00 -9.953237e+00  8.000000e+00
     vertex -4.739708e+00 -1.684592e+01  8.000000e+00
   endloop
 endfacet
 facet normal  0.000000e+00  0.000000e+00  1.000000e+00
   outer loop
     vertex -1.017531e+01 -2.590953e+00  8.000000e+00
     vertex -1.695885e+01 -4.318254e+00  8.000000e+00
     vertex -1.672252e+01 -5.158216e+00  8.000000e+00
   endloop
 endfacet
 facet normal  0.000000e+00  0.000000e+00  1.000000e+00
   outer loop
     vertex -1.017531e+01 -2.590953e+00  8.000000e+00
     vertex -1.672252e+01 -5.158216e+00  8.000000e+00
     vertex -1.003351e+01 -3.094929e+00  8.000000e+00
   endloop
 endfacet
 facet normal  0.000000e+00  0.000000e+00  1.000000e+00
   outer loop
     vertex -2.336470e+00 -1.023674e+01  8.000000e+00
     vertex -2.843825e+00 -1.010755e+01  8.000000e+00
     vertex -4.739708e+00 -1.684592e+01  8.000000e+00
   endloop
 endfacet
 facet normal  0.000000e+00  0.000000e+00  1.000000e+00
   outer loop
     vertex -2.336470e+00 -1.023674e+01  8.000000e+00
     vertex -4.739708e+00 -1.684592e+01  8.000000e+00
     vertex -3.894116e+00 -1.706124e+01  8.000000e+00
   endloop
 endfacet
 facet normal  0.000000e+00  0.000000e+00  1.000000e+00
   outer loop
     vertex -2.336470e+00 -1.023674e+01  8.000000e+00
     vertex -3.894116e+00 -1.706124e+01  8.000000e+00
     vertex -3.038843e+00 -1.723414e+01  8.000000e+00
   endloop
 endfacet
 facet normal  0.000000e+00  0.000000e+00  1.000000e+00
   outer loop
     vertex -1.029181e+01 -2.080535e+00  8.000000e+00
     vertex -1.715302e+01 -3.467558e+00  8.000000e+00
     vertex -1.695885e+01 -4.318254e+00  8.000000e+00
   endloop
 endfacet
 facet normal  0.000000e+00  0.000000e+00  1.000000e+00
   outer loop
     vertex -1.029181e+01 -2.080535e+00  8.000000e+00
     vertex -1.695885e+01 -4.318254e+00  8.000000e+00
     vertex -1.017531e+01 -2.590953e+00  8.000000e+00
   endloop
 endfacet
 facet normal  0.000000e+00  0.000000e+00  1.000000e+00
   outer loop
     vertex -1.823306e+00 -1.034048e+01  8.000000e+00
     vertex -2.336470e+00 -1.023674e+01  8.000000e+00
     vertex -3.038843e+00 -1.723414e+01  8.000000e+00
   endloop
 endfacet
 facet normal  0.000000e+00  0.000000e+00  1.000000e+00
   outer loop
     vertex -1.823306e+00 -1.034048e+01  8.000000e+00
     vertex -3.038843e+00 -1.723414e+01  8.000000e+00
     vertex -2.176015e+00 -1.736419e+01  8.000000e+00
   endloop
 endfacet
 facet normal  0.000000e+00  0.000000e+00  1.000000e+00
   outer loop
     vertex -1.038272e+01 -1.564944e+00  8.000000e+00
     vertex -1.715302e+01 -3.467558e+00  8.000000e+00
     vertex -1.029181e+01 -2.080535e+00  8.000000e+00
   endloop
 endfacet
 facet normal  0.000000e+00  0.000000e+00  1.000000e+00
   outer loop
     vertex -1.038272e+01 -1.564944e+00  8.000000e+00
     vertex -1.730454e+01 -2.608240e+00  8.000000e+00
     vertex -1.715302e+01 -3.467558e+00  8.000000e+00
   endloop
 endfacet
 facet normal  0.000000e+00  0.000000e+00  1.000000e+00
   outer loop
     vertex -1.305609e+00 -1.041851e+01  8.000000e+00
     vertex -1.823306e+00 -1.034048e+01  8.000000e+00
     vertex -2.176015e+00 -1.736419e+01  8.000000e+00
   endloop
 endfacet
 facet normal  0.000000e+00  0.000000e+00  1.000000e+00
   outer loop
     vertex -1.044782e+01 -1.045462e+00  8.000000e+00
     vertex -1.730454e+01 -2.608240e+00  8.000000e+00
     vertex -1.038272e+01 -1.564944e+00  8.000000e+00
   endloop
 endfacet
 facet normal  0.000000e+00  0.000000e+00  1.000000e+00
   outer loop
     vertex -1.044782e+01 -1.045462e+00  8.000000e+00
     vertex -1.741304e+01 -1.742437e+00  8.000000e+00
     vertex -1.730454e+01 -2.608240e+00  8.000000e+00
   endloop
 endfacet
 facet normal  0.000000e+00  0.000000e+00  1.000000e+00
   outer loop
     vertex -7.846660e-01 -1.047064e+01  8.000000e+00
     vertex -1.305609e+00 -1.041851e+01  8.000000e+00
     vertex -2.176015e+00 -1.736419e+01  8.000000e+00
   endloop
 endfacet
 facet normal  0.000000e+00  0.000000e+00  1.000000e+00
   outer loop
     vertex -7.846660e-01 -1.047064e+01  8.000000e+00
     vertex -2.176015e+00 -1.736419e+01  8.000000e+00
     vertex -1.307777e+00 -1.745107e+01  8.000000e+00
   endloop
 endfacet
 facet normal  0.000000e+00  0.000000e+00  1.000000e+00
   outer loop
     vertex -7.846660e-01 -1.047064e+01  8.000000e+00
     vertex -1.307777e+00 -1.745107e+01  8.000000e+00
     vertex -4.362871e-01 -1.749456e+01  8.000000e+00
   endloop
 endfacet
 facet normal  0.000000e+00  0.000000e+00  1.000000e+00
   outer loop
     vertex -1.048695e+01 -5.233818e-01  8.000000e+00
     vertex -1.747825e+01 -8.723030e-01  8.000000e+00
     vertex -1.741304e+01 -1.742437e+00  8.000000e+00
   endloop
 endfacet
 facet normal  0.000000e+00  0.000000e+00  1.000000e+00
   outer loop
     vertex -1.048695e+01 -5.233818e-01  8.000000e+00
     vertex -1.741304e+01 -1.742437e+00  8.000000e+00
     vertex -1.044782e+01 -1.045462e+00  8.000000e+00
   endloop
 endfacet
 facet normal  0.000000e+00  0.000000e+00  1.000000e+00
   outer loop
     vertex -2.617723e-01 -1.049674e+01  8.000000e+00
     vertex -7.846660e-01 -1.047064e+01  8.000000e+00
     vertex -4.362871e-01 -1.749456e+01  8.000000e+00
   endloop
 endfacet
 facet normal  0.000000e+00  0.000000e+00  1.000000e+00
   outer loop
     vertex -1.050000e+01 -3.503075e-14  8.000000e+00
     vertex -1.747825e+01 -8.723030e-01  8.000000e+00
     vertex -1.048695e+01 -5.233818e-01  8.000000e+00
   endloop
 endfacet
 facet normal  0.000000e+00  0.000000e+00  1.000000e+00
   outer loop
     vertex -1.050000e+01 -3.503075e-14  8.000000e+00
     vertex -1.750000e+01 -6.002936e-14  8.000000e+00
     vertex -1.747825e+01 -8.723030e-01  8.000000e+00
   endloop
 endfacet
 facet normal  0.000000e+00  0.000000e+00  1.000000e+00
   outer loop
     vertex  2.617723e-01 -1.049674e+01  8.000000e+00
     vertex -4.362871e-01 -1.749456e+01  8.000000e+00
     vertex  4.362871e-01 -1.749456e+01  8.000000e+00
   endloop
 endfacet
 facet normal  0.000000e+00  0.000000e+00  1.000000e+00
   outer loop
     vertex  2.617723e-01 -1.049674e+01  8.000000e+00
     vertex -2.617723e-01 -1.049674e+01  8.000000e+00
     vertex -4.362871e-01 -1.749456e+01  8.000000e+00
   endloop
 endfacet
 facet normal  0.000000e+00  0.000000e+00  1.000000e+00
   outer loop
     vertex -1.048695e+01  5.233818e-01  8.000000e+00
     vertex -1.750000e+01 -6.002936e-14  8.000000e+00
     vertex -1.050000e+01 -3.503075e-14  8.000000e+00
   endloop
 endfacet
 facet normal  0.000000e+00  0.000000e+00  1.000000e+00
   outer loop
     vertex -1.048695e+01  5.233818e-01  8.000000e+00
     vertex -1.747825e+01  8.723030e-01  8.000000e+00
     vertex -1.750000e+01 -6.002936e-14  8.000000e+00
   endloop
 endfacet
 facet normal  0.000000e+00  0.000000e+00  1.000000e+00
   outer loop
     vertex  7.846660e-01 -1.047064e+01  8.000000e+00
     vertex  2.617723e-01 -1.049674e+01  8.000000e+00
     vertex  4.362871e-01 -1.749456e+01  8.000000e+00
   endloop
 endfacet
 facet normal  0.000000e+00  0.000000e+00  1.000000e+00
   outer loop
     vertex  7.846660e-01 -1.047064e+01  8.000000e+00
     vertex  4.362871e-01 -1.749456e+01  8.000000e+00
     vertex  1.307777e+00 -1.745107e+01  8.000000e+00
   endloop
 endfacet
 facet normal  0.000000e+00  0.000000e+00  1.000000e+00
   outer loop
     vertex  7.846660e-01 -1.047064e+01  8.000000e+00
     vertex  1.307777e+00 -1.745107e+01  8.000000e+00
     vertex  2.176015e+00 -1.736419e+01  8.000000e+00
   endloop
 endfacet
 facet normal  0.000000e+00  0.000000e+00  1.000000e+00
   outer loop
     vertex -1.044782e+01  1.045462e+00  8.000000e+00
     vertex -1.747825e+01  8.723030e-01  8.000000e+00
     vertex -1.048695e+01  5.233818e-01  8.000000e+00
   endloop
 endfacet
 facet normal  0.000000e+00  0.000000e+00  1.000000e+00
   outer loop
     vertex -1.044782e+01  1.045462e+00  8.000000e+00
     vertex -1.730454e+01  2.608240e+00  8.000000e+00
     vertex -1.741304e+01  1.742437e+00  8.000000e+00
   endloop
 endfacet
 facet normal  0.000000e+00  0.000000e+00  1.000000e+00
   outer loop
     vertex -1.044782e+01  1.045462e+00  8.000000e+00
     vertex -1.741304e+01  1.742437e+00  8.000000e+00
     vertex -1.747825e+01  8.723030e-01  8.000000e+00
   endloop
 endfacet
 facet normal  0.000000e+00  0.000000e+00  1.000000e+00
   outer loop
     vertex  1.305609e+00 -1.041851e+01  8.000000e+00
     vertex  7.846660e-01 -1.047064e+01  8.000000e+00
     vertex  2.176015e+00 -1.736419e+01  8.000000e+00
   endloop
 endfacet
 facet normal  0.000000e+00  0.000000e+00  1.000000e+00
   outer loop
     vertex  1.305609e+00 -1.041851e+01  8.000000e+00
     vertex  2.176015e+00 -1.736419e+01  8.000000e+00
     vertex  3.038843e+00 -1.723414e+01  8.000000e+00
   endloop
 endfacet
 facet normal  0.000000e+00  0.000000e+00  1.000000e+00
   outer loop
     vertex -1.038272e+01  1.564944e+00  8.000000e+00
     vertex -1.730454e+01  2.608240e+00  8.000000e+00
     vertex -1.044782e+01  1.045462e+00  8.000000e+00
   endloop
 endfacet
 facet normal  0.000000e+00  0.000000e+00  1.000000e+00
   outer loop
     vertex -1.038272e+01  1.564944e+00  8.000000e+00
     vertex -1.715302e+01  3.467558e+00  8.000000e+00
     vertex -1.730454e+01  2.608240e+00  8.000000e+00
   endloop
 endfacet
 facet normal  0.000000e+00  0.000000e+00  1.000000e+00
   outer loop
     vertex  1.823306e+00 -1.034048e+01  8.000000e+00
     vertex  1.305609e+00 -1.041851e+01  8.000000e+00
     vertex  3.038843e+00 -1.723414e+01  8.000000e+00
   endloop
 endfacet
 facet normal  0.000000e+00  0.000000e+00  1.000000e+00
   outer loop
     vertex -1.029181e+01  2.080535e+00  8.000000e+00
     vertex -1.715302e+01  3.467558e+00  8.000000e+00
     vertex -1.038272e+01  1.564944e+00  8.000000e+00
   endloop
 endfacet
 facet normal  0.000000e+00  0.000000e+00  1.000000e+00
   outer loop
     vertex  2.336470e+00 -1.023674e+01  8.000000e+00
     vertex  1.823306e+00 -1.034048e+01  8.000000e+00
     vertex  3.038843e+00 -1.723414e+01  8.000000e+00
   endloop
 endfacet
 facet normal  0.000000e+00  0.000000e+00  1.000000e+00
   outer loop
     vertex  2.336470e+00 -1.023674e+01  8.000000e+00
     vertex  3.038843e+00 -1.723414e+01  8.000000e+00
     vertex  3.894116e+00 -1.706124e+01  8.000000e+00
   endloop
 endfacet
 facet normal  0.000000e+00  0.000000e+00  1.000000e+00
   outer loop
     vertex  2.336470e+00 -1.023674e+01  8.000000e+00
     vertex  3.894116e+00 -1.706124e+01  8.000000e+00
     vertex  4.739708e+00 -1.684592e+01  8.000000e+00
   endloop
 endfacet
 facet normal  0.000000e+00  0.000000e+00  1.000000e+00
   outer loop
     vertex -1.017531e+01  2.590953e+00  8.000000e+00
     vertex -1.695885e+01  4.318254e+00  8.000000e+00
     vertex -1.715302e+01  3.467558e+00  8.000000e+00
   endloop
 endfacet
 facet normal  0.000000e+00  0.000000e+00  1.000000e+00
   outer loop
     vertex -1.017531e+01  2.590953e+00  8.000000e+00
     vertex -1.715302e+01  3.467558e+00  8.000000e+00
     vertex -1.029181e+01  2.080535e+00  8.000000e+00
   endloop
 endfacet
 facet normal  0.000000e+00  0.000000e+00  1.000000e+00
   outer loop
     vertex  2.843825e+00 -1.010755e+01  8.000000e+00
     vertex  4.739708e+00 -1.684592e+01  8.000000e+00
     vertex  5.573516e+00 -1.658873e+01  8.000000e+00
   endloop
 endfacet
 facet normal  0.000000e+00  0.000000e+00  1.000000e+00
   outer loop
     vertex  2.843825e+00 -1.010755e+01  8.000000e+00
     vertex  2.336470e+00 -1.023674e+01  8.000000e+00
     vertex  4.739708e+00 -1.684592e+01  8.000000e+00
   endloop
 endfacet
 facet normal  0.000000e+00  0.000000e+00  1.000000e+00
   outer loop
     vertex -1.003351e+01  3.094929e+00  8.000000e+00
     vertex -1.695885e+01  4.318254e+00  8.000000e+00
     vertex -1.017531e+01  2.590953e+00  8.000000e+00
   endloop
 endfacet
 facet normal  0.000000e+00  0.000000e+00  1.000000e+00
   outer loop
     vertex -1.003351e+01  3.094929e+00  8.000000e+00
     vertex -1.672252e+01  5.158216e+00  8.000000e+00
     vertex -1.695885e+01  4.318254e+00  8.000000e+00
   endloop
 endfacet
 facet normal  0.000000e+00  0.000000e+00  1.000000e+00
   outer loop
     vertex  3.344110e+00 -9.953237e+00  8.000000e+00
     vertex  2.843825e+00 -1.010755e+01  8.000000e+00
     vertex  5.573516e+00 -1.658873e+01  8.000000e+00
   endloop
 endfacet
 facet normal  0.000000e+00  0.000000e+00  1.000000e+00
   outer loop
     vertex -9.866773e+00  3.591212e+00  8.000000e+00
     vertex -1.672252e+01  5.158216e+00  8.000000e+00
     vertex -1.003351e+01  3.094929e+00  8.000000e+00
   endloop
 endfacet
 facet normal  0.000000e+00  0.000000e+00  1.000000e+00
   outer loop
     vertex -9.866773e+00  3.591212e+00  8.000000e+00
     vertex -1.612583e+01  6.797609e+00  8.000000e+00
     vertex -1.644462e+01  5.985353e+00  8.000000e+00
   endloop
 endfacet
 facet normal  0.000000e+00  0.000000e+00  1.000000e+00
   outer loop
     vertex -9.866773e+00  3.591212e+00  8.000000e+00
     vertex -1.644462e+01  5.985353e+00  8.000000e+00
     vertex -1.672252e+01  5.158216e+00  8.000000e+00
   endloop
 endfacet
 facet normal  0.000000e+00  0.000000e+00  1.000000e+00
   outer loop
     vertex  3.836081e+00 -9.774174e+00  8.000000e+00
     vertex  5.573516e+00 -1.658873e+01  8.000000e+00
     vertex  6.393468e+00 -1.629029e+01  8.000000e+00
   endloop
 endfacet
 facet normal  0.000000e+00  0.000000e+00  1.000000e+00
   outer loop
     vertex  3.836081e+00 -9.774174e+00  8.000000e+00
     vertex  3.344110e+00 -9.953237e+00  8.000000e+00
     vertex  5.573516e+00 -1.658873e+01  8.000000e+00
   endloop
 endfacet
 facet normal  0.000000e+00  0.000000e+00  1.000000e+00
   outer loop
     vertex -9.675500e+00  4.078565e+00  8.000000e+00
     vertex -1.612583e+01  6.797609e+00  8.000000e+00
     vertex -9.866773e+00  3.591212e+00  8.000000e+00
   endloop
 endfacet
 facet normal  0.000000e+00  0.000000e+00  1.000000e+00
   outer loop
     vertex  4.318515e+00 -9.570811e+00  8.000000e+00
     vertex  6.393468e+00 -1.629029e+01  8.000000e+00
     vertex  7.197524e+00 -1.595135e+01  8.000000e+00
   endloop
 endfacet
 facet normal  0.000000e+00  0.000000e+00  1.000000e+00
   outer loop
     vertex  4.318515e+00 -9.570811e+00  8.000000e+00
     vertex  3.836081e+00 -9.774174e+00  8.000000e+00
     vertex  6.393468e+00 -1.629029e+01  8.000000e+00
   endloop
 endfacet
 facet normal  0.000000e+00  0.000000e+00  1.000000e+00
   outer loop
     vertex -9.460173e+00  4.555779e+00  8.000000e+00
     vertex -1.612583e+01  6.797609e+00  8.000000e+00
     vertex -9.675500e+00  4.078565e+00  8.000000e+00
   endloop
 endfacet
 facet normal  0.000000e+00  0.000000e+00  1.000000e+00
   outer loop
     vertex -9.460173e+00  4.555779e+00  8.000000e+00
     vertex -1.576696e+01  7.592965e+00  8.000000e+00
     vertex -1.612583e+01  6.797609e+00  8.000000e+00
   endloop
 endfacet
 facet normal  0.000000e+00  0.000000e+00  1.000000e+00
   outer loop
     vertex  4.790212e+00 -9.343654e+00  8.000000e+00
     vertex  7.197524e+00 -1.595135e+01  8.000000e+00
     vertex  7.983687e+00 -1.557276e+01  8.000000e+00
   endloop
 endfacet
 facet normal  0.000000e+00  0.000000e+00  1.000000e+00
   outer loop
     vertex  4.790212e+00 -9.343654e+00  8.000000e+00
     vertex  4.318515e+00 -9.570811e+00  8.000000e+00
     vertex  7.197524e+00 -1.595135e+01  8.000000e+00
   endloop
 endfacet
 facet normal  0.000000e+00  0.000000e+00  1.000000e+00
   outer loop
     vertex -9.221327e+00  5.021667e+00  8.000000e+00
     vertex -1.576696e+01  7.592965e+00  8.000000e+00
     vertex -9.460173e+00  4.555779e+00  8.000000e+00
   endloop
 endfacet
 facet normal  0.000000e+00  0.000000e+00  1.000000e+00
   outer loop
     vertex -9.221327e+00  5.021667e+00  8.000000e+00
     vertex -1.493259e+01  9.125116e+00  8.000000e+00
     vertex -1.536888e+01  8.369445e+00  8.000000e+00
   endloop
 endfacet
 facet normal  0.000000e+00  0.000000e+00  1.000000e+00
   outer loop
     vertex -9.221327e+00  5.021667e+00  8.000000e+00
     vertex -1.536888e+01  8.369445e+00  8.000000e+00
     vertex -1.576696e+01  7.592965e+00  8.000000e+00
   endloop
 endfacet
 facet normal  0.000000e+00  0.000000e+00  1.000000e+00
   outer loop
     vertex  5.250000e+00 -9.093267e+00  8.000000e+00
     vertex  7.983687e+00 -1.557276e+01  8.000000e+00
     vertex  8.750000e+00 -1.515544e+01  8.000000e+00
   endloop
 endfacet
 facet normal  0.000000e+00  0.000000e+00  1.000000e+00
   outer loop
     vertex  5.250000e+00 -9.093267e+00  8.000000e+00
     vertex  8.750000e+00 -1.515544e+01  8.000000e+00
     vertex  9.494560e+00 -1.470045e+01  8.000000e+00
   endloop
 endfacet
 facet normal  0.000000e+00  0.000000e+00  1.000000e+00
   outer loop
     vertex  5.250000e+00 -9.093267e+00  8.000000e+00
     vertex  4.790212e+00 -9.343654e+00  8.000000e+00
     vertex  7.983687e+00 -1.557276e+01  8.000000e+00
   endloop
 endfacet
 facet normal  0.000000e+00  0.000000e+00  1.000000e+00
   outer loop
     vertex -8.959554e+00  5.475070e+00  8.000000e+00
     vertex -1.493259e+01  9.125116e+00  8.000000e+00
     vertex -9.221327e+00  5.021667e+00  8.000000e+00
   endloop
 endfacet
 facet normal  0.000000e+00  0.000000e+00  1.000000e+00
   outer loop
     vertex  5.696736e+00 -8.820272e+00  8.000000e+00
     vertex  5.250000e+00 -9.093267e+00  8.000000e+00
     vertex  9.494560e+00 -1.470045e+01  8.000000e+00
   endloop
 endfacet
 facet normal  0.000000e+00  0.000000e+00  1.000000e+00
   outer loop
     vertex -8.675507e+00  5.914861e+00  8.000000e+00
     vertex -1.394982e+01  1.056658e+01  8.000000e+00
     vertex -1.445918e+01  9.858101e+00  8.000000e+00
   endloop
 endfacet
 facet normal  0.000000e+00  0.000000e+00  1.000000e+00
   outer loop
     vertex -8.675507e+00  5.914861e+00  8.000000e+00
     vertex -1.445918e+01  9.858101e+00  8.000000e+00
     vertex -1.493259e+01  9.125116e+00  8.000000e+00
   endloop
 endfacet
 facet normal  0.000000e+00  0.000000e+00  1.000000e+00
   outer loop
     vertex -8.675507e+00  5.914861e+00  8.000000e+00
     vertex -1.493259e+01  9.125116e+00  8.000000e+00
     vertex -8.959554e+00  5.475070e+00  8.000000e+00
   endloop
 endfacet
 facet normal  0.000000e+00  0.000000e+00  1.000000e+00
   outer loop
     vertex  6.129309e+00 -8.525349e+00  8.000000e+00
     vertex  5.696736e+00 -8.820272e+00  8.000000e+00
     vertex  9.494560e+00 -1.470045e+01  8.000000e+00
   endloop
 endfacet
 facet normal  0.000000e+00  0.000000e+00  1.000000e+00
   outer loop
     vertex  6.129309e+00 -8.525349e+00  8.000000e+00
     vertex  9.494560e+00 -1.470045e+01  8.000000e+00
     vertex  1.021551e+01 -1.420892e+01  8.000000e+00
   endloop
 endfacet
 facet normal  0.000000e+00  0.000000e+00  1.000000e+00
   outer loop
     vertex -8.369891e+00  6.339946e+00  8.000000e+00
     vertex -1.394982e+01  1.056658e+01  8.000000e+00
     vertex -8.675507e+00  5.914861e+00  8.000000e+00
   endloop
 endfacet
 facet normal  0.000000e+00  0.000000e+00  1.000000e+00
   outer loop
     vertex  6.546643e+00 -8.209231e+00  8.000000e+00
     vertex  1.021551e+01 -1.420892e+01  8.000000e+00
     vertex  1.091107e+01 -1.368205e+01  8.000000e+00
   endloop
 endfacet
 facet normal  0.000000e+00  0.000000e+00  1.000000e+00
   outer loop
     vertex  6.546643e+00 -8.209231e+00  8.000000e+00
     vertex  6.129309e+00 -8.525349e+00  8.000000e+00
     vertex  1.021551e+01 -1.420892e+01  8.000000e+00
   endloop
 endfacet
 facet normal  0.000000e+00  0.000000e+00  1.000000e+00
   outer loop
     vertex -8.043467e+00  6.749270e+00  8.000000e+00
     vertex -1.340578e+01  1.124878e+01  8.000000e+00
     vertex -1.394982e+01  1.056658e+01  8.000000e+00
   endloop
 endfacet
 facet normal  0.000000e+00  0.000000e+00  1.000000e+00
   outer loop
     vertex -8.043467e+00  6.749270e+00  8.000000e+00
     vertex -1.394982e+01  1.056658e+01  8.000000e+00
     vertex -8.369891e+00  6.339946e+00  8.000000e+00
   endloop
 endfacet
 facet normal  0.000000e+00  0.000000e+00  1.000000e+00
   outer loop
     vertex -1.282841e+01  1.190302e+01  8.000000e+00
     vertex -1.340578e+01  1.124878e+01  8.000000e+00
     vertex -8.043467e+00  6.749270e+00  8.000000e+00
   endloop
 endfacet
 facet normal  0.000000e+00  0.000000e+00  1.000000e+00
   outer loop
     vertex  6.947701e+00 -7.872703e+00  8.000000e+00
     vertex  1.091107e+01 -1.368205e+01  8.000000e+00
     vertex  1.157950e+01 -1.312117e+01  8.000000e+00
   endloop
 endfacet
 facet normal  0.000000e+00  0.000000e+00  1.000000e+00
   outer loop
     vertex  6.947701e+00 -7.872703e+00  8.000000e+00
     vertex  6.546643e+00 -8.209231e+00  8.000000e+00
     vertex  1.091107e+01 -1.368205e+01  8.000000e+00
   endloop
 endfacet
 facet normal  0.000000e+00  0.000000e+00  1.000000e+00
   outer loop
     vertex -7.697045e+00  7.141814e+00  8.000000e+00
     vertex -1.282841e+01  1.190302e+01  8.000000e+00
     vertex -8.043467e+00  6.749270e+00  8.000000e+00
   endloop
 endfacet
 facet normal  0.000000e+00  0.000000e+00  1.000000e+00
   outer loop
     vertex  7.331487e+00 -7.516602e+00  8.000000e+00
     vertex  1.157950e+01 -1.312117e+01  8.000000e+00
     vertex  1.221914e+01 -1.252767e+01  8.000000e+00
   endloop
 endfacet
 facet normal  0.000000e+00  0.000000e+00  1.000000e+00
   outer loop
     vertex  7.331487e+00 -7.516602e+00  8.000000e+00
     vertex  6.947701e+00 -7.872703e+00  8.000000e+00
     vertex  1.157950e+01 -1.312117e+01  8.000000e+00
   endloop
 endfacet
 facet normal  0.000000e+00  0.000000e+00  1.000000e+00
   outer loop
     vertex -1.221914e+01  1.252767e+01  8.000000e+00
     vertex -7.697045e+00  7.141814e+00  8.000000e+00
     vertex -7.331487e+00  7.516602e+00  8.000000e+00
   endloop
 endfacet
 facet normal  0.000000e+00  0.000000e+00  1.000000e+00
   outer loop
     vertex -1.221914e+01  1.252767e+01  8.000000e+00
     vertex -1.282841e+01  1.190302e+01  8.000000e+00
     vertex -7.697045e+00  7.141814e+00  8.000000e+00
   endloop
 endfacet
 facet normal  0.000000e+00  0.000000e+00  1.000000e+00
   outer loop
     vertex -6.947701e+00  7.872703e+00  8.000000e+00
     vertex -1.221914e+01  1.252767e+01  8.000000e+00
     vertex -7.331487e+00  7.516602e+00  8.000000e+00
   endloop
 endfacet
 facet normal  0.000000e+00  0.000000e+00  1.000000e+00
   outer loop
     vertex  1.282841e+01 -1.190302e+01  8.000000e+00
     vertex  7.331487e+00 -7.516602e+00  8.000000e+00
     vertex  1.221914e+01 -1.252767e+01  8.000000e+00
   endloop
 endfacet
 facet normal  0.000000e+00  0.000000e+00  1.000000e+00
   outer loop
     vertex  1.282841e+01 -1.190302e+01  8.000000e+00
     vertex  7.697045e+00 -7.141814e+00  8.000000e+00
     vertex  7.331487e+00 -7.516602e+00  8.000000e+00
   endloop
 endfacet
 facet normal  0.000000e+00  0.000000e+00  1.000000e+00
   outer loop
     vertex  8.043467e+00 -6.749270e+00  8.000000e+00
     vertex  7.697045e+00 -7.141814e+00  8.000000e+00
     vertex  1.282841e+01 -1.190302e+01  8.000000e+00
   endloop
 endfacet
 facet normal  0.000000e+00  0.000000e+00  1.000000e+00
   outer loop
     vertex -1.157950e+01  1.312117e+01  8.000000e+00
     vertex -1.221914e+01  1.252767e+01  8.000000e+00
     vertex -6.947701e+00  7.872703e+00  8.000000e+00
   endloop
 endfacet
 facet normal  0.000000e+00  0.000000e+00  1.000000e+00
   outer loop
     vertex  1.340578e+01 -1.124878e+01  8.000000e+00
     vertex  8.043467e+00 -6.749270e+00  8.000000e+00
     vertex  1.282841e+01 -1.190302e+01  8.000000e+00
   endloop
 endfacet
 facet normal  0.000000e+00  0.000000e+00  1.000000e+00
   outer loop
     vertex -1.091107e+01  1.368205e+01  8.000000e+00
     vertex -1.157950e+01  1.312117e+01  8.000000e+00
     vertex -6.947701e+00  7.872703e+00  8.000000e+00
   endloop
 endfacet
 facet normal  0.000000e+00  0.000000e+00  1.000000e+00
   outer loop
     vertex -1.091107e+01  1.368205e+01  8.000000e+00
     vertex -6.947701e+00  7.872703e+00  8.000000e+00
     vertex -6.546643e+00  8.209231e+00  8.000000e+00
   endloop
 endfacet
 facet normal  0.000000e+00  0.000000e+00  1.000000e+00
   outer loop
     vertex  1.394982e+01 -1.056658e+01  8.000000e+00
     vertex  8.043467e+00 -6.749270e+00  8.000000e+00
     vertex  1.340578e+01 -1.124878e+01  8.000000e+00
   endloop
 endfacet
 facet normal  0.000000e+00  0.000000e+00  1.000000e+00
   outer loop
     vertex  1.394982e+01 -1.056658e+01  8.000000e+00
     vertex  8.369891e+00 -6.339946e+00  8.000000e+00
     vertex  8.043467e+00 -6.749270e+00  8.000000e+00
   endloop
 endfacet
 facet normal  0.000000e+00  0.000000e+00  1.000000e+00
   outer loop
     vertex -1.021551e+01  1.420892e+01  8.000000e+00
     vertex -1.091107e+01  1.368205e+01  8.000000e+00
     vertex -6.546643e+00  8.209231e+00  8.000000e+00
   endloop
 endfacet
 facet normal  0.000000e+00  0.000000e+00  1.000000e+00
   outer loop
     vertex -1.021551e+01  1.420892e+01  8.000000e+00
     vertex -6.546643e+00  8.209231e+00  8.000000e+00
     vertex -6.129309e+00  8.525349e+00  8.000000e+00
   endloop
 endfacet
 facet normal  0.000000e+00  0.000000e+00  1.000000e+00
   outer loop
     vertex  1.445918e+01 -9.858101e+00  8.000000e+00
     vertex  8.369891e+00 -6.339946e+00  8.000000e+00
     vertex  1.394982e+01 -1.056658e+01  8.000000e+00
   endloop
 endfacet
 facet normal  0.000000e+00  0.000000e+00  1.000000e+00
   outer loop
     vertex  1.445918e+01 -9.858101e+00  8.000000e+00
     vertex  8.675507e+00 -5.914861e+00  8.000000e+00
     vertex  8.369891e+00 -6.339946e+00  8.000000e+00
   endloop
 endfacet
 facet normal  0.000000e+00  0.000000e+00  1.000000e+00
   outer loop
     vertex -9.494560e+00  1.470045e+01  8.000000e+00
     vertex -1.021551e+01  1.420892e+01  8.000000e+00
     vertex -6.129309e+00  8.525349e+00  8.000000e+00
   endloop
 endfacet
 facet normal  0.000000e+00  0.000000e+00  1.000000e+00
   outer loop
     vertex -9.494560e+00  1.470045e+01  8.000000e+00
     vertex -6.129309e+00  8.525349e+00  8.000000e+00
     vertex -5.696736e+00  8.820272e+00  8.000000e+00
   endloop
 endfacet
 facet normal  0.000000e+00  0.000000e+00  1.000000e+00
   outer loop
     vertex  1.493259e+01 -9.125116e+00  8.000000e+00
     vertex  8.959554e+00 -5.475070e+00  8.000000e+00
     vertex  8.675507e+00 -5.914861e+00  8.000000e+00
   endloop
 endfacet
 facet normal  0.000000e+00  0.000000e+00  1.000000e+00
   outer loop
     vertex  1.493259e+01 -9.125116e+00  8.000000e+00
     vertex  8.675507e+00 -5.914861e+00  8.000000e+00
     vertex  1.445918e+01 -9.858101e+00  8.000000e+00
   endloop
 endfacet
 facet normal  0.000000e+00  0.000000e+00  1.000000e+00
   outer loop
     vertex -8.750000e+00  1.515544e+01  8.000000e+00
     vertex -9.494560e+00  1.470045e+01  8.000000e+00
     vertex -5.696736e+00  8.820272e+00  8.000000e+00
   endloop
 endfacet
 facet normal  0.000000e+00  0.000000e+00  1.000000e+00
   outer loop
     vertex -8.750000e+00  1.515544e+01  8.000000e+00
     vertex -5.696736e+00  8.820272e+00  8.000000e+00
     vertex -5.250000e+00  9.093267e+00  8.000000e+00
   endloop
 endfacet
 facet normal  0.000000e+00  0.000000e+00  1.000000e+00
   outer loop
     vertex  1.536888e+01 -8.369445e+00  8.000000e+00
     vertex  8.959554e+00 -5.475070e+00  8.000000e+00
     vertex  1.493259e+01 -9.125116e+00  8.000000e+00
   endloop
 endfacet
 facet normal  0.000000e+00  0.000000e+00  1.000000e+00
   outer loop
     vertex  1.536888e+01 -8.369445e+00  8.000000e+00
     vertex  9.221327e+00 -5.021667e+00  8.000000e+00
     vertex  8.959554e+00 -5.475070e+00  8.000000e+00
   endloop
 endfacet
 facet normal  0.000000e+00  0.000000e+00  1.000000e+00
   outer loop
     vertex  1.536888e+01 -8.369445e+00  8.000000e+00
     vertex  9.460173e+00 -4.555779e+00  8.000000e+00
     vertex  9.221327e+00 -5.021667e+00  8.000000e+00
   endloop
 endfacet
 facet normal  0.000000e+00  0.000000e+00  1.000000e+00
   outer loop
     vertex -7.983687e+00  1.557276e+01  8.000000e+00
     vertex -8.750000e+00  1.515544e+01  8.000000e+00
     vertex -5.250000e+00  9.093267e+00  8.000000e+00
   endloop
 endfacet
 facet normal  0.000000e+00  0.000000e+00  1.000000e+00
   outer loop
     vertex -7.983687e+00  1.557276e+01  8.000000e+00
     vertex -5.250000e+00  9.093267e+00  8.000000e+00
     vertex -4.790212e+00  9.343654e+00  8.000000e+00
   endloop
 endfacet
 facet normal  0.000000e+00  0.000000e+00  1.000000e+00
   outer loop
     vertex  1.576696e+01 -7.592965e+00  8.000000e+00
     vertex  9.460173e+00 -4.555779e+00  8.000000e+00
     vertex  1.536888e+01 -8.369445e+00  8.000000e+00
   endloop
 endfacet
 facet normal  0.000000e+00  0.000000e+00  1.000000e+00
   outer loop
     vertex -7.197524e+00  1.595135e+01  8.000000e+00
     vertex -4.790212e+00  9.343654e+00  8.000000e+00
     vertex -4.318515e+00  9.570811e+00  8.000000e+00
   endloop
 endfacet
 facet normal  0.000000e+00  0.000000e+00  1.000000e+00
   outer loop
     vertex -7.197524e+00  1.595135e+01  8.000000e+00
     vertex -7.983687e+00  1.557276e+01  8.000000e+00
     vertex -4.790212e+00  9.343654e+00  8.000000e+00
   endloop
 endfacet
 facet normal  0.000000e+00  0.000000e+00  1.000000e+00
   outer loop
     vertex  1.612583e+01 -6.797609e+00  8.000000e+00
     vertex  9.675500e+00 -4.078565e+00  8.000000e+00
     vertex  9.460173e+00 -4.555779e+00  8.000000e+00
   endloop
 endfacet
 facet normal  0.000000e+00  0.000000e+00  1.000000e+00
   outer loop
     vertex  1.612583e+01 -6.797609e+00  8.000000e+00
     vertex  9.866773e+00 -3.591212e+00  8.000000e+00
     vertex  9.675500e+00 -4.078565e+00  8.000000e+00
   endloop
 endfacet
 facet normal  0.000000e+00  0.000000e+00  1.000000e+00
   outer loop
     vertex  1.612583e+01 -6.797609e+00  8.000000e+00
     vertex  9.460173e+00 -4.555779e+00  8.000000e+00
     vertex  1.576696e+01 -7.592965e+00  8.000000e+00
   endloop
 endfacet
 facet normal  0.000000e+00  0.000000e+00  1.000000e+00
   outer loop
     vertex -6.393468e+00  1.629029e+01  8.000000e+00
     vertex -4.318515e+00  9.570811e+00  8.000000e+00
     vertex -3.836081e+00  9.774174e+00  8.000000e+00
   endloop
 endfacet
 facet normal  0.000000e+00  0.000000e+00  1.000000e+00
   outer loop
     vertex -6.393468e+00  1.629029e+01  8.000000e+00
     vertex -7.197524e+00  1.595135e+01  8.000000e+00
     vertex -4.318515e+00  9.570811e+00  8.000000e+00
   endloop
 endfacet
 facet normal  0.000000e+00  0.000000e+00  1.000000e+00
   outer loop
     vertex  1.644462e+01 -5.985353e+00  8.000000e+00
     vertex  9.866773e+00 -3.591212e+00  8.000000e+00
     vertex  1.612583e+01 -6.797609e+00  8.000000e+00
   endloop
 endfacet
 facet normal  0.000000e+00  0.000000e+00  1.000000e+00
   outer loop
     vertex -5.573516e+00  1.658873e+01  8.000000e+00
     vertex -3.836081e+00  9.774174e+00  8.000000e+00
     vertex -3.344110e+00  9.953237e+00  8.000000e+00
   endloop
 endfacet
 facet normal  0.000000e+00  0.000000e+00  1.000000e+00
   outer loop
     vertex -5.573516e+00  1.658873e+01  8.000000e+00
     vertex -6.393468e+00  1.629029e+01  8.000000e+00
     vertex -3.836081e+00  9.774174e+00  8.000000e+00
   endloop
 endfacet
 facet normal  0.000000e+00  0.000000e+00  1.000000e+00
   outer loop
     vertex  1.672252e+01 -5.158216e+00  8.000000e+00
     vertex  1.003351e+01 -3.094929e+00  8.000000e+00
     vertex  9.866773e+00 -3.591212e+00  8.000000e+00
   endloop
 endfacet
 facet normal  0.000000e+00  0.000000e+00  1.000000e+00
   outer loop
     vertex  1.672252e+01 -5.158216e+00  8.000000e+00
     vertex  9.866773e+00 -3.591212e+00  8.000000e+00
     vertex  1.644462e+01 -5.985353e+00  8.000000e+00
   endloop
 endfacet
 facet normal  0.000000e+00  0.000000e+00  1.000000e+00
   outer loop
     vertex -4.739708e+00  1.684592e+01  8.000000e+00
     vertex -5.573516e+00  1.658873e+01  8.000000e+00
     vertex -3.344110e+00  9.953237e+00  8.000000e+00
   endloop
 endfacet
 facet normal  0.000000e+00  0.000000e+00  1.000000e+00
   outer loop
     vertex -4.739708e+00  1.684592e+01  8.000000e+00
     vertex -3.344110e+00  9.953237e+00  8.000000e+00
     vertex -2.843825e+00  1.010755e+01  8.000000e+00
   endloop
 endfacet
 facet normal  0.000000e+00  0.000000e+00  1.000000e+00
   outer loop
     vertex  1.695885e+01 -4.318254e+00  8.000000e+00
     vertex  1.003351e+01 -3.094929e+00  8.000000e+00
     vertex  1.672252e+01 -5.158216e+00  8.000000e+00
   endloop
 endfacet
 facet normal  0.000000e+00  0.000000e+00  1.000000e+00
   outer loop
     vertex  1.695885e+01 -4.318254e+00  8.000000e+00
     vertex  1.017531e+01 -2.590953e+00  8.000000e+00
     vertex  1.003351e+01 -3.094929e+00  8.000000e+00
   endloop
 endfacet
 facet normal  0.000000e+00  0.000000e+00  1.000000e+00
   outer loop
     vertex -3.894116e+00  1.706124e+01  8.000000e+00
     vertex -4.739708e+00  1.684592e+01  8.000000e+00
     vertex -2.843825e+00  1.010755e+01  8.000000e+00
   endloop
 endfacet
 facet normal  0.000000e+00  0.000000e+00  1.000000e+00
   outer loop
     vertex -3.894116e+00  1.706124e+01  8.000000e+00
     vertex -2.843825e+00  1.010755e+01  8.000000e+00
     vertex -2.336470e+00  1.023674e+01  8.000000e+00
   endloop
 endfacet
 facet normal  0.000000e+00  0.000000e+00  1.000000e+00
   outer loop
     vertex  1.715302e+01 -3.467558e+00  8.000000e+00
     vertex  1.029181e+01 -2.080535e+00  8.000000e+00
     vertex  1.017531e+01 -2.590953e+00  8.000000e+00
   endloop
 endfacet
 facet normal  0.000000e+00  0.000000e+00  1.000000e+00
   outer loop
     vertex  1.715302e+01 -3.467558e+00  8.000000e+00
     vertex  1.017531e+01 -2.590953e+00  8.000000e+00
     vertex  1.695885e+01 -4.318254e+00  8.000000e+00
   endloop
 endfacet
 facet normal  0.000000e+00  0.000000e+00  1.000000e+00
   outer loop
     vertex -3.038843e+00  1.723414e+01  8.000000e+00
     vertex -3.894116e+00  1.706124e+01  8.000000e+00
     vertex -2.336470e+00  1.023674e+01  8.000000e+00
   endloop
 endfacet
 facet normal  0.000000e+00  0.000000e+00  1.000000e+00
   outer loop
     vertex -3.038843e+00  1.723414e+01  8.000000e+00
     vertex -2.336470e+00  1.023674e+01  8.000000e+00
     vertex -1.823306e+00  1.034048e+01  8.000000e+00
   endloop
 endfacet
 facet normal  0.000000e+00  0.000000e+00  1.000000e+00
   outer loop
     vertex  1.730454e+01 -2.608240e+00  8.000000e+00
     vertex  1.029181e+01 -2.080535e+00  8.000000e+00
     vertex  1.715302e+01 -3.467558e+00  8.000000e+00
   endloop
 endfacet
 facet normal  0.000000e+00  0.000000e+00  1.000000e+00
   outer loop
     vertex  1.730454e+01 -2.608240e+00  8.000000e+00
     vertex  1.038272e+01 -1.564944e+00  8.000000e+00
     vertex  1.029181e+01 -2.080535e+00  8.000000e+00
   endloop
 endfacet
 facet normal  0.000000e+00  0.000000e+00  1.000000e+00
   outer loop
     vertex -2.176015e+00  1.736419e+01  8.000000e+00
     vertex -3.038843e+00  1.723414e+01  8.000000e+00
     vertex -1.823306e+00  1.034048e+01  8.000000e+00
   endloop
 endfacet
 facet normal  0.000000e+00  0.000000e+00  1.000000e+00
   outer loop
     vertex -2.176015e+00  1.736419e+01  8.000000e+00
     vertex -1.823306e+00  1.034048e+01  8.000000e+00
     vertex -1.305609e+00  1.041851e+01  8.000000e+00
   endloop
 endfacet
 facet normal  0.000000e+00  0.000000e+00  1.000000e+00
   outer loop
     vertex  1.741304e+01 -1.742437e+00  8.000000e+00
     vertex  1.038272e+01 -1.564944e+00  8.000000e+00
     vertex  1.730454e+01 -2.608240e+00  8.000000e+00
   endloop
 endfacet
 facet normal  0.000000e+00  0.000000e+00  1.000000e+00
   outer loop
     vertex  1.741304e+01 -1.742437e+00  8.000000e+00
     vertex  1.044782e+01 -1.045462e+00  8.000000e+00
     vertex  1.038272e+01 -1.564944e+00  8.000000e+00
   endloop
 endfacet
 facet normal  0.000000e+00  0.000000e+00  1.000000e+00
   outer loop
     vertex -1.307777e+00  1.745107e+01  8.000000e+00
     vertex -7.846660e-01  1.047064e+01  8.000000e+00
     vertex -2.617723e-01  1.049674e+01  8.000000e+00
   endloop
 endfacet
 facet normal  0.000000e+00  0.000000e+00  1.000000e+00
   outer loop
     vertex -1.307777e+00  1.745107e+01  8.000000e+00
     vertex -1.305609e+00  1.041851e+01  8.000000e+00
     vertex -7.846660e-01  1.047064e+01  8.000000e+00
   endloop
 endfacet
 facet normal  0.000000e+00  0.000000e+00  1.000000e+00
   outer loop
     vertex -1.307777e+00  1.745107e+01  8.000000e+00
     vertex -2.176015e+00  1.736419e+01  8.000000e+00
     vertex -1.305609e+00  1.041851e+01  8.000000e+00
   endloop
 endfacet
 facet normal  0.000000e+00  0.000000e+00  1.000000e+00
   outer loop
     vertex  1.747825e+01 -8.723030e-01  8.000000e+00
     vertex  1.048695e+01 -5.233818e-01  8.000000e+00
     vertex  1.044782e+01 -1.045462e+00  8.000000e+00
   endloop
 endfacet
 facet normal  0.000000e+00  0.000000e+00  1.000000e+00
   outer loop
     vertex  1.747825e+01 -8.723030e-01  8.000000e+00
     vertex  1.050000e+01  9.868649e-16  8.000000e+00
     vertex  1.048695e+01 -5.233818e-01  8.000000e+00
   endloop
 endfacet
 facet normal  0.000000e+00  0.000000e+00  1.000000e+00
   outer loop
     vertex  1.747825e+01 -8.723030e-01  8.000000e+00
     vertex  1.044782e+01 -1.045462e+00  8.000000e+00
     vertex  1.741304e+01 -1.742437e+00  8.000000e+00
   endloop
 endfacet
 facet normal  0.000000e+00  0.000000e+00  1.000000e+00
   outer loop
     vertex -4.362871e-01  1.749456e+01  8.000000e+00
     vertex -1.307777e+00  1.745107e+01  8.000000e+00
     vertex -2.617723e-01  1.049674e+01  8.000000e+00
   endloop
 endfacet
 facet normal  0.000000e+00  0.000000e+00  1.000000e+00
   outer loop
     vertex  1.750000e+01  0.000000e+00  8.000000e+00
     vertex  1.050000e+01  9.868649e-16  8.000000e+00
     vertex  1.747825e+01 -8.723030e-01  8.000000e+00
   endloop
 endfacet
 facet normal  0.000000e+00  0.000000e+00  1.000000e+00
   outer loop
     vertex  4.362871e-01  1.749456e+01  8.000000e+00
     vertex -2.617723e-01  1.049674e+01  8.000000e+00
     vertex  2.617723e-01  1.049674e+01  8.000000e+00
   endloop
 endfacet
 facet normal  0.000000e+00  0.000000e+00  1.000000e+00
   outer loop
     vertex  4.362871e-01  1.749456e+01  8.000000e+00
     vertex -4.362871e-01  1.749456e+01  8.000000e+00
     vertex -2.617723e-01  1.049674e+01  8.000000e+00
   endloop
 endfacet
 facet normal  0.000000e+00  0.000000e+00  1.000000e+00
   outer loop
     vertex  1.747825e+01  8.723030e-01  8.000000e+00
     vertex  1.048695e+01  5.233818e-01  8.000000e+00
     vertex  1.050000e+01  9.868649e-16  8.000000e+00
   endloop
 endfacet
 facet normal  0.000000e+00  0.000000e+00  1.000000e+00
   outer loop
     vertex  1.747825e+01  8.723030e-01  8.000000e+00
     vertex  1.044782e+01  1.045462e+00  8.000000e+00
     vertex  1.048695e+01  5.233818e-01  8.000000e+00
   endloop
 endfacet
 facet normal  0.000000e+00  0.000000e+00  1.000000e+00
   outer loop
     vertex  1.747825e+01  8.723030e-01  8.000000e+00
     vertex  1.050000e+01  9.868649e-16  8.000000e+00
     vertex  1.750000e+01  0.000000e+00  8.000000e+00
   endloop
 endfacet
 facet normal  0.000000e+00  0.000000e+00  1.000000e+00
   outer loop
     vertex  1.307777e+00  1.745107e+01  8.000000e+00
     vertex  2.617723e-01  1.049674e+01  8.000000e+00
     vertex  7.846660e-01  1.047064e+01  8.000000e+00
   endloop
 endfacet
 facet normal  0.000000e+00  0.000000e+00  1.000000e+00
   outer loop
     vertex  1.307777e+00  1.745107e+01  8.000000e+00
     vertex  4.362871e-01  1.749456e+01  8.000000e+00
     vertex  2.617723e-01  1.049674e+01  8.000000e+00
   endloop
 endfacet
 facet normal  0.000000e+00  0.000000e+00  1.000000e+00
   outer loop
     vertex  1.741304e+01  1.742437e+00  8.000000e+00
     vertex  1.044782e+01  1.045462e+00  8.000000e+00
     vertex  1.747825e+01  8.723030e-01  8.000000e+00
   endloop
 endfacet
 facet normal  0.000000e+00  0.000000e+00  1.000000e+00
   outer loop
     vertex  2.176015e+00  1.736419e+01  8.000000e+00
     vertex  1.305609e+00  1.041851e+01  8.000000e+00
     vertex  1.823306e+00  1.034048e+01  8.000000e+00
   endloop
 endfacet
 facet normal  0.000000e+00  0.000000e+00  1.000000e+00
   outer loop
     vertex  2.176015e+00  1.736419e+01  8.000000e+00
     vertex  7.846660e-01  1.047064e+01  8.000000e+00
     vertex  1.305609e+00  1.041851e+01  8.000000e+00
   endloop
 endfacet
 facet normal  0.000000e+00  0.000000e+00  1.000000e+00
   outer loop
     vertex  2.176015e+00  1.736419e+01  8.000000e+00
     vertex  1.307777e+00  1.745107e+01  8.000000e+00
     vertex  7.846660e-01  1.047064e+01  8.000000e+00
   endloop
 endfacet
 facet normal  0.000000e+00  0.000000e+00  1.000000e+00
   outer loop
     vertex  1.730454e+01  2.608240e+00  8.000000e+00
     vertex  1.038272e+01  1.564944e+00  8.000000e+00
     vertex  1.044782e+01  1.045462e+00  8.000000e+00
   endloop
 endfacet
 facet normal  0.000000e+00  0.000000e+00  1.000000e+00
   outer loop
     vertex  1.730454e+01  2.608240e+00  8.000000e+00
     vertex  1.044782e+01  1.045462e+00  8.000000e+00
     vertex  1.741304e+01  1.742437e+00  8.000000e+00
   endloop
 endfacet
 facet normal  0.000000e+00  0.000000e+00  1.000000e+00
   outer loop
     vertex  3.038843e+00  1.723414e+01  8.000000e+00
     vertex  2.176015e+00  1.736419e+01  8.000000e+00
     vertex  1.823306e+00  1.034048e+01  8.000000e+00
   endloop
 endfacet
 facet normal  0.000000e+00  0.000000e+00  1.000000e+00
   outer loop
     vertex  1.715302e+01  3.467558e+00  8.000000e+00
     vertex  1.029181e+01  2.080535e+00  8.000000e+00
     vertex  1.038272e+01  1.564944e+00  8.000000e+00
   endloop
 endfacet
 facet normal  0.000000e+00  0.000000e+00  1.000000e+00
   outer loop
     vertex  1.715302e+01  3.467558e+00  8.000000e+00
     vertex  1.038272e+01  1.564944e+00  8.000000e+00
     vertex  1.730454e+01  2.608240e+00  8.000000e+00
   endloop
 endfacet
 facet normal  0.000000e+00  0.000000e+00  1.000000e+00
   outer loop
     vertex  3.894116e+00  1.706124e+01  8.000000e+00
     vertex  3.038843e+00  1.723414e+01  8.000000e+00
     vertex  1.823306e+00  1.034048e+01  8.000000e+00
   endloop
 endfacet
 facet normal  0.000000e+00  0.000000e+00  1.000000e+00
   outer loop
     vertex  3.894116e+00  1.706124e+01  8.000000e+00
     vertex  1.823306e+00  1.034048e+01  8.000000e+00
     vertex  2.336470e+00  1.023674e+01  8.000000e+00
   endloop
 endfacet
 facet normal  0.000000e+00  0.000000e+00  1.000000e+00
   outer loop
     vertex  1.695885e+01  4.318254e+00  8.000000e+00
     vertex  1.017531e+01  2.590953e+00  8.000000e+00
     vertex  1.029181e+01  2.080535e+00  8.000000e+00
   endloop
 endfacet
 facet normal  0.000000e+00  0.000000e+00  1.000000e+00
   outer loop
     vertex  1.695885e+01  4.318254e+00  8.000000e+00
     vertex  1.029181e+01  2.080535e+00  8.000000e+00
     vertex  1.715302e+01  3.467558e+00  8.000000e+00
   endloop
 endfacet
 facet normal  0.000000e+00  0.000000e+00  1.000000e+00
   outer loop
     vertex  4.739708e+00  1.684592e+01  8.000000e+00
     vertex  3.894116e+00  1.706124e+01  8.000000e+00
     vertex  2.336470e+00  1.023674e+01  8.000000e+00
   endloop
 endfacet
 facet normal  0.000000e+00  0.000000e+00  1.000000e+00
   outer loop
     vertex  4.739708e+00  1.684592e+01  8.000000e+00
     vertex  2.336470e+00  1.023674e+01  8.000000e+00
     vertex  2.843825e+00  1.010755e+01  8.000000e+00
   endloop
 endfacet
 facet normal  0.000000e+00  0.000000e+00  1.000000e+00
   outer loop
     vertex  1.672252e+01  5.158216e+00  8.000000e+00
     vertex  1.017531e+01  2.590953e+00  8.000000e+00
     vertex  1.695885e+01  4.318254e+00  8.000000e+00
   endloop
 endfacet
 facet normal  0.000000e+00  0.000000e+00  1.000000e+00
   outer loop
     vertex  1.672252e+01  5.158216e+00  8.000000e+00
     vertex  1.003351e+01  3.094929e+00  8.000000e+00
     vertex  1.017531e+01  2.590953e+00  8.000000e+00
   endloop
 endfacet
 facet normal  0.000000e+00  0.000000e+00  1.000000e+00
   outer loop
     vertex  5.573516e+00  1.658873e+01  8.000000e+00
     vertex  4.739708e+00  1.684592e+01  8.000000e+00
     vertex  2.843825e+00  1.010755e+01  8.000000e+00
   endloop
 endfacet
 facet normal  0.000000e+00  0.000000e+00  1.000000e+00
   outer loop
     vertex  5.573516e+00  1.658873e+01  8.000000e+00
     vertex  2.843825e+00  1.010755e+01  8.000000e+00
     vertex  3.344110e+00  9.953237e+00  8.000000e+00
   endloop
 endfacet
 facet normal  0.000000e+00  0.000000e+00  1.000000e+00
   outer loop
     vertex  1.644462e+01  5.985353e+00  8.000000e+00
     vertex  9.866773e+00  3.591212e+00  8.000000e+00
     vertex  1.003351e+01  3.094929e+00  8.000000e+00
   endloop
 endfacet
 facet normal  0.000000e+00  0.000000e+00  1.000000e+00
   outer loop
     vertex  1.644462e+01  5.985353e+00  8.000000e+00
     vertex  1.003351e+01  3.094929e+00  8.000000e+00
     vertex  1.672252e+01  5.158216e+00  8.000000e+00
   endloop
 endfacet
 facet normal  0.000000e+00  0.000000e+00  1.000000e+00
   outer loop
     vertex  6.393468e+00  1.629029e+01  8.000000e+00
     vertex  5.573516e+00  1.658873e+01  8.000000e+00
     vertex  3.344110e+00  9.953237e+00  8.000000e+00
   endloop
 endfacet
 facet normal  0.000000e+00  0.000000e+00  1.000000e+00
   outer loop
     vertex  6.393468e+00  1.629029e+01  8.000000e+00
     vertex  3.836081e+00  9.774174e+00  8.000000e+00
     vertex  4.318515e+00  9.570811e+00  8.000000e+00
   endloop
 endfacet
 facet normal  0.000000e+00  0.000000e+00  1.000000e+00
   outer loop
     vertex  6.393468e+00  1.629029e+01  8.000000e+00
     vertex  3.344110e+00  9.953237e+00  8.000000e+00
     vertex  3.836081e+00  9.774174e+00  8.000000e+00
   endloop
 endfacet
 facet normal  0.000000e+00  0.000000e+00  1.000000e+00
   outer loop
     vertex  1.612583e+01  6.797609e+00  8.000000e+00
     vertex  9.866773e+00  3.591212e+00  8.000000e+00
     vertex  1.644462e+01  5.985353e+00  8.000000e+00
   endloop
 endfacet
 facet normal  0.000000e+00  0.000000e+00  1.000000e+00
   outer loop
     vertex  1.612583e+01  6.797609e+00  8.000000e+00
     vertex  9.675500e+00  4.078565e+00  8.000000e+00
     vertex  9.866773e+00  3.591212e+00  8.000000e+00
   endloop
 endfacet
 facet normal  0.000000e+00  0.000000e+00  1.000000e+00
   outer loop
     vertex  7.197524e+00  1.595135e+01  8.000000e+00
     vertex  6.393468e+00  1.629029e+01  8.000000e+00
     vertex  4.318515e+00  9.570811e+00  8.000000e+00
   endloop
 endfacet
 facet normal  0.000000e+00  0.000000e+00  1.000000e+00
   outer loop
     vertex  1.576696e+01  7.592965e+00  8.000000e+00
     vertex  9.675500e+00  4.078565e+00  8.000000e+00
     vertex  1.612583e+01  6.797609e+00  8.000000e+00
   endloop
 endfacet
 facet normal  0.000000e+00  0.000000e+00  1.000000e+00
   outer loop
     vertex  1.576696e+01  7.592965e+00  8.000000e+00
     vertex  9.460173e+00  4.555779e+00  8.000000e+00
     vertex  9.675500e+00  4.078565e+00  8.000000e+00
   endloop
 endfacet
 facet normal  0.000000e+00  0.000000e+00  1.000000e+00
   outer loop
     vertex  1.576696e+01  7.592965e+00  8.000000e+00
     vertex  9.221327e+00  5.021667e+00  8.000000e+00
     vertex  9.460173e+00  4.555779e+00  8.000000e+00
   endloop
 endfacet
 facet normal  0.000000e+00  0.000000e+00  1.000000e+00
   outer loop
     vertex  7.983687e+00  1.557276e+01  8.000000e+00
     vertex  7.197524e+00  1.595135e+01  8.000000e+00
     vertex  4.318515e+00  9.570811e+00  8.000000e+00
   endloop
 endfacet
 facet normal  0.000000e+00  0.000000e+00  1.000000e+00
   outer loop
     vertex  7.983687e+00  1.557276e+01  8.000000e+00
     vertex  4.318515e+00  9.570811e+00  8.000000e+00
     vertex  4.790212e+00  9.343654e+00  8.000000e+00
   endloop
 endfacet
 facet normal  0.000000e+00  0.000000e+00  1.000000e+00
   outer loop
     vertex  1.536888e+01  8.369445e+00  8.000000e+00
     vertex  8.959554e+00  5.475070e+00  8.000000e+00
     vertex  9.221327e+00  5.021667e+00  8.000000e+00
   endloop
 endfacet
 facet normal  0.000000e+00  0.000000e+00  1.000000e+00
   outer loop
     vertex  1.536888e+01  8.369445e+00  8.000000e+00
     vertex  9.221327e+00  5.021667e+00  8.000000e+00
     vertex  1.576696e+01  7.592965e+00  8.000000e+00
   endloop
 endfacet
 facet normal  0.000000e+00  0.000000e+00  1.000000e+00
   outer loop
     vertex  8.750000e+00  1.515544e+01  8.000000e+00
     vertex  7.983687e+00  1.557276e+01  8.000000e+00
     vertex  4.790212e+00  9.343654e+00  8.000000e+00
   endloop
 endfacet
 facet normal  0.000000e+00  0.000000e+00  1.000000e+00
   outer loop
     vertex  8.750000e+00  1.515544e+01  8.000000e+00
     vertex  5.250000e+00  9.093267e+00  8.000000e+00
     vertex  5.696736e+00  8.820272e+00  8.000000e+00
   endloop
 endfacet
 facet normal  0.000000e+00  0.000000e+00  1.000000e+00
   outer loop
     vertex  8.750000e+00  1.515544e+01  8.000000e+00
     vertex  4.790212e+00  9.343654e+00  8.000000e+00
     vertex  5.250000e+00  9.093267e+00  8.000000e+00
   endloop
 endfacet
 facet normal  0.000000e+00  0.000000e+00  1.000000e+00
   outer loop
     vertex  1.493259e+01  9.125116e+00  8.000000e+00
     vertex  8.959554e+00  5.475070e+00  8.000000e+00
     vertex  1.536888e+01  8.369445e+00  8.000000e+00
   endloop
 endfacet
 facet normal  0.000000e+00  0.000000e+00  1.000000e+00
   outer loop
     vertex  9.494560e+00  1.470045e+01  8.000000e+00
     vertex  8.750000e+00  1.515544e+01  8.000000e+00
     vertex  5.696736e+00  8.820272e+00  8.000000e+00
   endloop
 endfacet
 facet normal  0.000000e+00  0.000000e+00  1.000000e+00
   outer loop
     vertex  1.445918e+01  9.858101e+00  8.000000e+00
     vertex  8.959554e+00  5.475070e+00  8.000000e+00
     vertex  1.493259e+01  9.125116e+00  8.000000e+00
   endloop
 endfacet
 facet normal  0.000000e+00  0.000000e+00  1.000000e+00
   outer loop
     vertex  1.445918e+01  9.858101e+00  8.000000e+00
     vertex  8.675507e+00  5.914861e+00  8.000000e+00
     vertex  8.959554e+00  5.475070e+00  8.000000e+00
   endloop
 endfacet
 facet normal  0.000000e+00  0.000000e+00  1.000000e+00
   outer loop
     vertex  1.021551e+01  1.420892e+01  8.000000e+00
     vertex  6.129309e+00  8.525349e+00  8.000000e+00
     vertex  6.546643e+00  8.209231e+00  8.000000e+00
   endloop
 endfacet
 facet normal  0.000000e+00  0.000000e+00  1.000000e+00
   outer loop
     vertex  1.021551e+01  1.420892e+01  8.000000e+00
     vertex  5.696736e+00  8.820272e+00  8.000000e+00
     vertex  6.129309e+00  8.525349e+00  8.000000e+00
   endloop
 endfacet
 facet normal  0.000000e+00  0.000000e+00  1.000000e+00
   outer loop
     vertex  1.021551e+01  1.420892e+01  8.000000e+00
     vertex  9.494560e+00  1.470045e+01  8.000000e+00
     vertex  5.696736e+00  8.820272e+00  8.000000e+00
   endloop
 endfacet
 facet normal  0.000000e+00  0.000000e+00  1.000000e+00
   outer loop
     vertex  1.394982e+01  1.056658e+01  8.000000e+00
     vertex  8.675507e+00  5.914861e+00  8.000000e+00
     vertex  1.445918e+01  9.858101e+00  8.000000e+00
   endloop
 endfacet
 facet normal  0.000000e+00  0.000000e+00  1.000000e+00
   outer loop
     vertex  1.394982e+01  1.056658e+01  8.000000e+00
     vertex  8.369891e+00  6.339946e+00  8.000000e+00
     vertex  8.675507e+00  5.914861e+00  8.000000e+00
   endloop
 endfacet
 facet normal  0.000000e+00  0.000000e+00  1.000000e+00
   outer loop
     vertex  1.091107e+01  1.368205e+01  8.000000e+00
     vertex  1.021551e+01  1.420892e+01  8.000000e+00
     vertex  6.546643e+00  8.209231e+00  8.000000e+00
   endloop
 endfacet
 facet normal  0.000000e+00  0.000000e+00  1.000000e+00
   outer loop
     vertex  1.340578e+01  1.124878e+01  8.000000e+00
     vertex  8.369891e+00  6.339946e+00  8.000000e+00
     vertex  1.394982e+01  1.056658e+01  8.000000e+00
   endloop
 endfacet
 facet normal  0.000000e+00  0.000000e+00  1.000000e+00
   outer loop
     vertex  1.340578e+01  1.124878e+01  8.000000e+00
     vertex  8.043467e+00  6.749270e+00  8.000000e+00
     vertex  8.369891e+00  6.339946e+00  8.000000e+00
   endloop
 endfacet
 facet normal  0.000000e+00  0.000000e+00  1.000000e+00
   outer loop
     vertex  1.157950e+01  1.312117e+01  8.000000e+00
     vertex  1.091107e+01  1.368205e+01  8.000000e+00
     vertex  6.546643e+00  8.209231e+00  8.000000e+00
   endloop
 endfacet
 facet normal  0.000000e+00  0.000000e+00  1.000000e+00
   outer loop
     vertex  1.157950e+01  1.312117e+01  8.000000e+00
     vertex  6.546643e+00  8.209231e+00  8.000000e+00
     vertex  6.947701e+00  7.872703e+00  8.000000e+00
   endloop
 endfacet
 facet normal  0.000000e+00  0.000000e+00  1.000000e+00
   outer loop
     vertex  1.282841e+01  1.190302e+01  8.000000e+00
     vertex  7.697045e+00  7.141814e+00  8.000000e+00
     vertex  8.043467e+00  6.749270e+00  8.000000e+00
   endloop
 endfacet
 facet normal  0.000000e+00  0.000000e+00  1.000000e+00
   outer loop
     vertex  1.282841e+01  1.190302e+01  8.000000e+00
     vertex  8.043467e+00  6.749270e+00  8.000000e+00
     vertex  1.340578e+01  1.124878e+01  8.000000e+00
   endloop
 endfacet
 facet normal  0.000000e+00  0.000000e+00  1.000000e+00
   outer loop
     vertex  1.221914e+01  1.252767e+01  8.000000e+00
     vertex  7.331487e+00  7.516602e+00  8.000000e+00
     vertex  7.697045e+00  7.141814e+00  8.000000e+00
   endloop
 endfacet
 facet normal  0.000000e+00  0.000000e+00  1.000000e+00
   outer loop
     vertex  1.221914e+01  1.252767e+01  8.000000e+00
     vertex  6.947701e+00  7.872703e+00  8.000000e+00
     vertex  7.331487e+00  7.516602e+00  8.000000e+00
   endloop
 endfacet
 facet normal  0.000000e+00  0.000000e+00  1.000000e+00
   outer loop
     vertex  1.221914e+01  1.252767e+01  8.000000e+00
     vertex  7.697045e+00  7.141814e+00  8.000000e+00
     vertex  1.282841e+01  1.190302e+01  8.000000e+00
   endloop
 endfacet
 facet normal  0.000000e+00  0.000000e+00  1.000000e+00
   outer loop
     vertex  1.221914e+01  1.252767e+01  8.000000e+00
     vertex  1.157950e+01  1.312117e+01  8.000000e+00
     vertex  6.947701e+00  7.872703e+00  8.000000e+00
   endloop
 endfacet
 facet normal -7.069969e-01 -1.763140e-02 -7.069969e-01
   outer loop
     vertex  1.048695e+01  5.233818e-01  0.000000e+00
     vertex  1.050000e+01  9.868649e-16  0.000000e+00
     vertex  1.000000e+01  9.868649e-16  5.000000e-01
   endloop
 endfacet
 facet normal -7.069969e-01 -1.763140e-02 -7.069969e-01
   outer loop
     vertex  1.048695e+01  5.233818e-01  0.000000e+00
     vertex  1.000000e+01  9.868649e-16  5.000000e-01
     vertex  9.987569e+00  4.984589e-01  5.000000e-01
   endloop
 endfacet
 facet normal -7.052392e-01 -5.285037e-02 -7.069969e-01
   outer loop
     vertex  1.044782e+01  1.045462e+00  0.000000e+00
     vertex  9.987569e+00  4.984589e-01  5.000000e-01
     vertex  9.950308e+00  9.956785e-01  5.000000e-01
   endloop
 endfacet
 facet normal -7.052392e-01 -5.285037e-02 -7.069969e-01
   outer loop
     vertex  1.044782e+01  1.045462e+00  0.000000e+00
     vertex  1.048695e+01  5.233818e-01  0.000000e+00
     vertex  9.987569e+00  4.984589e-01  5.000000e-01
   endloop
 endfacet
 facet normal -7.017281e-01 -8.793794e-02 -7.069969e-01
   outer loop
     vertex  1.038272e+01  1.564944e+00  0.000000e+00
     vertex  9.950308e+00  9.956785e-01  5.000000e-01
     vertex  9.888308e+00  1.490423e+00  5.000000e-01
   endloop
 endfacet
 facet normal -7.017281e-01 -8.793794e-02 -7.069969e-01
   outer loop
     vertex  1.038272e+01  1.564944e+00  0.000000e+00
     vertex  1.044782e+01  1.045462e+00  0.000000e+00
     vertex  9.950308e+00  9.956785e-01  5.000000e-01
   endloop
 endfacet
 facet normal -6.964725e-01 -1.228069e-01 -7.069969e-01
   outer loop
     vertex  1.029181e+01  2.080535e+00  0.000000e+00
     vertex  9.888308e+00  1.490423e+00  5.000000e-01
     vertex  9.801725e+00  1.981461e+00  5.000000e-01
   endloop
 endfacet
 facet normal -6.964725e-01 -1.228069e-01 -7.069969e-01
   outer loop
     vertex  1.029181e+01  2.080535e+00  0.000000e+00
     vertex  1.038272e+01  1.564944e+00  0.000000e+00
     vertex  9.888308e+00  1.490423e+00  5.000000e-01
   endloop
 endfacet
 facet normal -6.894853e-01 -1.573705e-01 -7.069969e-01
   outer loop
     vertex  1.017531e+01  2.590953e+00  0.000000e+00
     vertex  9.801725e+00  1.981461e+00  5.000000e-01
     vertex  9.690773e+00  2.467574e+00  5.000000e-01
   endloop
 endfacet
 facet normal -6.894853e-01 -1.573705e-01 -7.069969e-01
   outer loop
     vertex  1.017531e+01  2.590953e+00  0.000000e+00
     vertex  1.029181e+01  2.080535e+00  0.000000e+00
     vertex  9.801725e+00  1.981461e+00  5.000000e-01
   endloop
 endfacet
 facet normal -6.807839e-01 -1.915429e-01 -7.069969e-01
   outer loop
     vertex  1.003351e+01  3.094929e+00  0.000000e+00
     vertex  9.690773e+00  2.467574e+00  5.000000e-01
     vertex  9.555728e+00  2.947552e+00  5.000000e-01
   endloop
 endfacet
 facet normal -6.807839e-01 -1.915429e-01 -7.069969e-01
   outer loop
     vertex  1.003351e+01  3.094929e+00  0.000000e+00
     vertex  1.017531e+01  2.590953e+00  0.000000e+00
     vertex  9.690773e+00  2.467574e+00  5.000000e-01
   endloop
 endfacet
 facet normal -6.703900e-01 -2.252391e-01 -7.069969e-01
   outer loop
     vertex  9.866773e+00  3.591212e+00  0.000000e+00
     vertex  9.555728e+00  2.947552e+00  5.000000e-01
     vertex  9.396926e+00  3.420201e+00  5.000000e-01
   endloop
 endfacet
 facet normal -6.703900e-01 -2.252391e-01 -7.069969e-01
   outer loop
     vertex  9.866773e+00  3.591212e+00  0.000000e+00
     vertex  1.003351e+01  3.094929e+00  0.000000e+00
     vertex  9.555728e+00  2.947552e+00  5.000000e-01
   endloop
 endfacet
 facet normal -6.583294e-01 -2.583753e-01 -7.069969e-01
   outer loop
     vertex  9.675500e+00  4.078565e+00  0.000000e+00
     vertex  9.396926e+00  3.420201e+00  5.000000e-01
     vertex  9.214762e+00  3.884348e+00  5.000000e-01
   endloop
 endfacet
 facet normal -6.583294e-01 -2.583753e-01 -7.069969e-01
   outer loop
     vertex  9.675500e+00  4.078565e+00  0.000000e+00
     vertex  9.866773e+00  3.591212e+00  0.000000e+00
     vertex  9.396926e+00  3.420201e+00  5.000000e-01
   endloop
 endfacet
 facet normal -6.446321e-01 -2.908691e-01 -7.069969e-01
   outer loop
     vertex  9.460173e+00  4.555779e+00  0.000000e+00
     vertex  9.214762e+00  3.884348e+00  5.000000e-01
     vertex  9.009689e+00  4.338837e+00  5.000000e-01
   endloop
 endfacet
 facet normal -6.446321e-01 -2.908691e-01 -7.069969e-01
   outer loop
     vertex  9.460173e+00  4.555779e+00  0.000000e+00
     vertex  9.675500e+00  4.078565e+00  0.000000e+00
     vertex  9.214762e+00  3.884348e+00  5.000000e-01
   endloop
 endfacet
 facet normal -6.293322e-01 -3.226398e-01 -7.069969e-01
   outer loop
     vertex  9.221327e+00  5.021667e+00  0.000000e+00
     vertex  9.009689e+00  4.338837e+00  5.000000e-01
     vertex  8.782216e+00  4.782540e+00  5.000000e-01
   endloop
 endfacet
 facet normal -6.124676e-01 -3.536083e-01 -7.069969e-01
   outer loop
     vertex  9.221327e+00  5.021667e+00  0.000000e+00
     vertex  8.782216e+00  4.782540e+00  5.000000e-01
     vertex  8.532909e+00  5.214352e+00  5.000000e-01
   endloop
 endfacet
 facet normal -6.293322e-01 -3.226398e-01 -7.069969e-01
   outer loop
     vertex  9.221327e+00  5.021667e+00  0.000000e+00
     vertex  9.460173e+00  4.555779e+00  0.000000e+00
     vertex  9.009689e+00  4.338837e+00  5.000000e-01
   endloop
 endfacet
 facet normal -6.124676e-01 -3.536083e-01 -7.069969e-01
   outer loop
     vertex  8.959554e+00  5.475070e+00  0.000000e+00
     vertex  9.221327e+00  5.021667e+00  0.000000e+00
     vertex  8.532909e+00  5.214352e+00  5.000000e-01
   endloop
 endfacet
 facet normal -5.940803e-01 -3.836978e-01 -7.069969e-01
   outer loop
     vertex  8.959554e+00  5.475070e+00  0.000000e+00
     vertex  8.532909e+00  5.214352e+00  5.000000e-01
     vertex  8.262388e+00  5.633201e+00  5.000000e-01
   endloop
 endfacet
 facet normal -5.940803e-01 -3.836978e-01 -7.069969e-01
   outer loop
     vertex  8.675507e+00  5.914861e+00  0.000000e+00
     vertex  8.959554e+00  5.475070e+00  0.000000e+00
     vertex  8.262388e+00  5.633201e+00  5.000000e-01
   endloop
 endfacet
 facet normal -5.742161e-01 -4.128333e-01 -7.069969e-01
   outer loop
     vertex  8.369891e+00  6.339946e+00  0.000000e+00
     vertex  8.675507e+00  5.914861e+00  0.000000e+00
     vertex  8.262388e+00  5.633201e+00  5.000000e-01
   endloop
 endfacet
 facet normal -5.742161e-01 -4.128333e-01 -7.069969e-01
   outer loop
     vertex  8.369891e+00  6.339946e+00  0.000000e+00
     vertex  8.262388e+00  5.633201e+00  5.000000e-01
     vertex  7.971325e+00  6.038044e+00  5.000000e-01
   endloop
 endfacet
 facet normal -5.529243e-01 -4.409424e-01 -7.069969e-01
   outer loop
     vertex  8.043467e+00  6.749270e+00  0.000000e+00
     vertex  8.369891e+00  6.339946e+00  0.000000e+00
     vertex  7.971325e+00  6.038044e+00  5.000000e-01
   endloop
 endfacet
 facet normal -5.529243e-01 -4.409424e-01 -7.069969e-01
   outer loop
     vertex  8.043467e+00  6.749270e+00  0.000000e+00
     vertex  7.971325e+00  6.038044e+00  5.000000e-01
     vertex  7.660444e+00  6.427876e+00  5.000000e-01
   endloop
 endfacet
 facet normal -5.302578e-01 -4.679553e-01 -7.069969e-01
   outer loop
     vertex  7.697045e+00  7.141814e+00  0.000000e+00
     vertex  7.660444e+00  6.427876e+00  5.000000e-01
     vertex  7.330519e+00  6.801727e+00  5.000000e-01
   endloop
 endfacet
 facet normal -5.302578e-01 -4.679553e-01 -7.069969e-01
   outer loop
     vertex  7.697045e+00  7.141814e+00  0.000000e+00
     vertex  8.043467e+00  6.749270e+00  0.000000e+00
     vertex  7.660444e+00  6.427876e+00  5.000000e-01
   endloop
 endfacet
 facet normal -5.062730e-01 -4.938047e-01 -7.069969e-01
   outer loop
     vertex  7.331487e+00  7.516602e+00  0.000000e+00
     vertex  7.330519e+00  6.801727e+00  5.000000e-01
     vertex  6.982368e+00  7.158668e+00  5.000000e-01
   endloop
 endfacet
 facet normal -4.810295e-01 -5.184265e-01 -7.069969e-01
   outer loop
     vertex  7.331487e+00  7.516602e+00  0.000000e+00
     vertex  6.982368e+00  7.158668e+00  5.000000e-01
     vertex  6.616858e+00  7.497812e+00  5.000000e-01
   endloop
 endfacet
 facet normal -5.062730e-01 -4.938047e-01 -7.069969e-01
   outer loop
     vertex  7.331487e+00  7.516602e+00  0.000000e+00
     vertex  7.697045e+00  7.141814e+00  0.000000e+00
     vertex  7.330519e+00  6.801727e+00  5.000000e-01
   endloop
 endfacet
 facet normal -4.545901e-01 -5.417594e-01 -7.069969e-01
   outer loop
     vertex  6.947701e+00  7.872703e+00  0.000000e+00
     vertex  6.616858e+00  7.497812e+00  5.000000e-01
     vertex  6.234898e+00  7.818315e+00  5.000000e-01
   endloop
 endfacet
 facet normal -4.810295e-01 -5.184265e-01 -7.069969e-01
   outer loop
     vertex  6.947701e+00  7.872703e+00  0.000000e+00
     vertex  7.331487e+00  7.516602e+00  0.000000e+00
     vertex  6.616858e+00  7.497812e+00  5.000000e-01
   endloop
 endfacet
 facet normal -4.545901e-01 -5.417594e-01 -7.069969e-01
   outer loop
     vertex  6.546643e+00  8.209231e+00  0.000000e+00
     vertex  6.947701e+00  7.872703e+00  0.000000e+00
     vertex  6.234898e+00  7.818315e+00  5.000000e-01
   endloop
 endfacet
 facet normal -4.270206e-01 -5.637454e-01 -7.069969e-01
   outer loop
     vertex  6.129309e+00  8.525349e+00  0.000000e+00
     vertex  6.234898e+00  7.818315e+00  5.000000e-01
     vertex  5.837437e+00  8.119380e+00  5.000000e-01
   endloop
 endfacet
 facet normal -3.983893e-01 -5.843298e-01 -7.069969e-01
   outer loop
     vertex  6.129309e+00  8.525349e+00  0.000000e+00
     vertex  5.837437e+00  8.119380e+00  5.000000e-01
     vertex  5.425463e+00  8.400259e+00  5.000000e-01
   endloop
 endfacet
 facet normal -4.270206e-01 -5.637454e-01 -7.069969e-01
   outer loop
     vertex  6.129309e+00  8.525349e+00  0.000000e+00
     vertex  6.546643e+00  8.209231e+00  0.000000e+00
     vertex  6.234898e+00  7.818315e+00  5.000000e-01
   endloop
 endfacet
 facet normal -3.687677e-01 -6.034615e-01 -7.069969e-01
   outer loop
     vertex  5.696736e+00  8.820272e+00  0.000000e+00
     vertex  5.425463e+00  8.400259e+00  5.000000e-01
     vertex  5.000000e+00  8.660254e+00  5.000000e-01
   endloop
 endfacet
 facet normal -3.983893e-01 -5.843298e-01 -7.069969e-01
   outer loop
     vertex  5.696736e+00  8.820272e+00  0.000000e+00
     vertex  6.129309e+00  8.525349e+00  0.000000e+00
     vertex  5.425463e+00  8.400259e+00  5.000000e-01
   endloop
 endfacet
 facet normal -3.687677e-01 -6.034615e-01 -7.069969e-01
   outer loop
     vertex  5.250000e+00  9.093267e+00  0.000000e+00
     vertex  5.696736e+00  8.820272e+00  0.000000e+00
     vertex  5.000000e+00  8.660254e+00  5.000000e-01
   endloop
 endfacet
 facet normal -3.382292e-01 -6.210929e-01 -7.069969e-01
   outer loop
     vertex  4.790212e+00  9.343654e+00  0.000000e+00
     vertex  5.000000e+00  8.660254e+00  5.000000e-01
     vertex  4.562107e+00  8.898718e+00  5.000000e-01
   endloop
 endfacet
 facet normal -3.382292e-01 -6.210929e-01 -7.069969e-01
   outer loop
     vertex  4.790212e+00  9.343654e+00  0.000000e+00
     vertex  5.250000e+00  9.093267e+00  0.000000e+00
     vertex  5.000000e+00  8.660254e+00  5.000000e-01
   endloop
 endfacet
 facet normal -3.068498e-01 -6.371802e-01 -7.069969e-01
   outer loop
     vertex  4.318515e+00  9.570811e+00  0.000000e+00
     vertex  4.562107e+00  8.898718e+00  5.000000e-01
     vertex  4.112871e+00  9.115059e+00  5.000000e-01
   endloop
 endfacet
 facet normal -3.068498e-01 -6.371802e-01 -7.069969e-01
   outer loop
     vertex  4.318515e+00  9.570811e+00  0.000000e+00
     vertex  4.790212e+00  9.343654e+00  0.000000e+00
     vertex  4.562107e+00  8.898718e+00  5.000000e-01
   endloop
 endfacet
 facet normal -2.747076e-01 -6.516833e-01 -7.069969e-01
   outer loop
     vertex  3.836081e+00  9.774174e+00  0.000000e+00
     vertex  4.112871e+00  9.115059e+00  5.000000e-01
     vertex  3.653410e+00  9.308737e+00  5.000000e-01
   endloop
 endfacet
 facet normal -2.418824e-01 -6.645663e-01 -7.069969e-01
   outer loop
     vertex  3.836081e+00  9.774174e+00  0.000000e+00
     vertex  3.653410e+00  9.308737e+00  5.000000e-01
     vertex  3.184867e+00  9.479273e+00  5.000000e-01
   endloop
 endfacet
 facet normal -2.747076e-01 -6.516833e-01 -7.069969e-01
   outer loop
     vertex  3.836081e+00  9.774174e+00  0.000000e+00
     vertex  4.318515e+00  9.570811e+00  0.000000e+00
     vertex  4.112871e+00  9.115059e+00  5.000000e-01
   endloop
 endfacet
 facet normal -2.418824e-01 -6.645663e-01 -7.069969e-01
   outer loop
     vertex  3.344110e+00  9.953237e+00  0.000000e+00
     vertex  3.836081e+00  9.774174e+00  0.000000e+00
     vertex  3.184867e+00  9.479273e+00  5.000000e-01
   endloop
 endfacet
 facet normal -2.084558e-01 -6.757970e-01 -7.069969e-01
   outer loop
     vertex  2.843825e+00  1.010755e+01  0.000000e+00
     vertex  3.184867e+00  9.479273e+00  5.000000e-01
     vertex  2.708405e+00  9.626242e+00  5.000000e-01
   endloop
 endfacet
 facet normal -2.084558e-01 -6.757970e-01 -7.069969e-01
   outer loop
     vertex  2.843825e+00  1.010755e+01  0.000000e+00
     vertex  3.344110e+00  9.953237e+00  0.000000e+00
     vertex  3.184867e+00  9.479273e+00  5.000000e-01
   endloop
 endfacet
 facet normal -1.745109e-01 -6.853476e-01 -7.069969e-01
   outer loop
     vertex  2.336470e+00  1.023674e+01  0.000000e+00
     vertex  2.708405e+00  9.626242e+00  5.000000e-01
     vertex  2.225209e+00  9.749279e+00  5.000000e-01
   endloop
 endfacet
 facet normal -1.401323e-01 -6.931943e-01 -7.069969e-01
   outer loop
     vertex  2.336470e+00  1.023674e+01  0.000000e+00
     vertex  2.225209e+00  9.749279e+00  5.000000e-01
     vertex  1.736482e+00  9.848078e+00  5.000000e-01
   endloop
 endfacet
 facet normal -1.745109e-01 -6.853476e-01 -7.069969e-01
   outer loop
     vertex  2.336470e+00  1.023674e+01  0.000000e+00
     vertex  2.843825e+00  1.010755e+01  0.000000e+00
     vertex  2.708405e+00  9.626242e+00  5.000000e-01
   endloop
 endfacet
 facet normal -1.401323e-01 -6.931943e-01 -7.069969e-01
   outer loop
     vertex  1.823306e+00  1.034048e+01  0.000000e+00
     vertex  2.336470e+00  1.023674e+01  0.000000e+00
     vertex  1.736482e+00  9.848078e+00  5.000000e-01
   endloop
 endfacet
 facet normal -1.054052e-01 -6.993177e-01 -7.069969e-01
   outer loop
     vertex  1.305609e+00  1.041851e+01  0.000000e+00
     vertex  1.736482e+00  9.848078e+00  5.000000e-01
     vertex  1.243437e+00  9.922392e+00  5.000000e-01
   endloop
 endfacet
 facet normal -1.054052e-01 -6.993177e-01 -7.069969e-01
   outer loop
     vertex  1.305609e+00  1.041851e+01  0.000000e+00
     vertex  1.823306e+00  1.034048e+01  0.000000e+00
     vertex  1.736482e+00  9.848078e+00  5.000000e-01
   endloop
 endfacet
 facet normal -7.041604e-02 -7.037024e-01 -7.069969e-01
   outer loop
     vertex  7.846660e-01  1.047064e+01  0.000000e+00
     vertex  1.243437e+00  9.922392e+00  5.000000e-01
     vertex  7.473009e-01  9.972038e+00  5.000000e-01
   endloop
 endfacet
 facet normal -7.041604e-02 -7.037024e-01 -7.069969e-01
   outer loop
     vertex  7.846660e-01  1.047064e+01  0.000000e+00
     vertex  1.305609e+00  1.041851e+01  0.000000e+00
     vertex  1.243437e+00  9.922392e+00  5.000000e-01
   endloop
 endfacet
 facet normal -3.525184e-02 -7.063376e-01 -7.069969e-01
   outer loop
     vertex  2.617723e-01  1.049674e+01  0.000000e+00
     vertex  7.473009e-01  9.972038e+00  5.000000e-01
     vertex  2.493069e-01  9.996892e+00  5.000000e-01
   endloop
 endfacet
 facet normal -3.525184e-02 -7.063376e-01 -7.069969e-01
   outer loop
     vertex  2.617723e-01  1.049674e+01  0.000000e+00
     vertex  7.846660e-01  1.047064e+01  0.000000e+00
     vertex  7.473009e-01  9.972038e+00  5.000000e-01
   endloop
 endfacet
 facet normal  0.000000e+00 -7.072167e-01 -7.069969e-01
   outer loop
     vertex -2.617723e-01  1.049674e+01  0.000000e+00
     vertex  2.493069e-01  9.996892e+00  5.000000e-01
     vertex -2.493069e-01  9.996892e+00  5.000000e-01
   endloop
 endfacet
 facet normal  0.000000e+00 -7.072167e-01 -7.069969e-01
   outer loop
     vertex -2.617723e-01  1.049674e+01  0.000000e+00
     vertex  2.617723e-01  1.049674e+01  0.000000e+00
     vertex  2.493069e-01  9.996892e+00  5.000000e-01
   endloop
 endfacet
 facet normal  3.525184e-02 -7.063376e-01 -7.069969e-01
   outer loop
     vertex -7.846660e-01  1.047064e+01  0.000000e+00
     vertex -2.493069e-01  9.996892e+00  5.000000e-01
     vertex -7.473009e-01  9.972038e+00  5.000000e-01
   endloop
 endfacet
 facet normal  3.525184e-02 -7.063376e-01 -7.069969e-01
   outer loop
     vertex -7.846660e-01  1.047064e+01  0.000000e+00
     vertex -2.617723e-01  1.049674e+01  0.000000e+00
     vertex -2.493069e-01  9.996892e+00  5.000000e-01
   endloop
 endfacet
 facet normal  7.041604e-02 -7.037024e-01 -7.069969e-01
   outer loop
     vertex -1.305609e+00  1.041851e+01  0.000000e+00
     vertex -7.473009e-01  9.972038e+00  5.000000e-01
     vertex -1.243437e+00  9.922392e+00  5.000000e-01
   endloop
 endfacet
 facet normal  7.041604e-02 -7.037024e-01 -7.069969e-01
   outer loop
     vertex -1.305609e+00  1.041851e+01  0.000000e+00
     vertex -7.846660e-01  1.047064e+01  0.000000e+00
     vertex -7.473009e-01  9.972038e+00  5.000000e-01
   endloop
 endfacet
 facet normal  1.054052e-01 -6.993177e-01 -7.069969e-01
   outer loop
     vertex -1.823306e+00  1.034048e+01  0.000000e+00
     vertex -1.243437e+00  9.922392e+00  5.000000e-01
     vertex -1.736482e+00  9.848078e+00  5.000000e-01
   endloop
 endfacet
 facet normal  1.054052e-01 -6.993177e-01 -7.069969e-01
   outer loop
     vertex -1.823306e+00  1.034048e+01  0.000000e+00
     vertex -1.305609e+00  1.041851e+01  0.000000e+00
     vertex -1.243437e+00  9.922392e+00  5.000000e-01
   endloop
 endfacet
 facet normal  1.401323e-01 -6.931943e-01 -7.069969e-01
   outer loop
     vertex -2.336470e+00  1.023674e+01  0.000000e+00
     vertex -1.736482e+00  9.848078e+00  5.000000e-01
     vertex -2.225209e+00  9.749279e+00  5.000000e-01
   endloop
 endfacet
 facet normal  1.401323e-01 -6.931943e-01 -7.069969e-01
   outer loop
     vertex -2.336470e+00  1.023674e+01  0.000000e+00
     vertex -1.823306e+00  1.034048e+01  0.000000e+00
     vertex -1.736482e+00  9.848078e+00  5.000000e-01
   endloop
 endfacet
 facet normal  1.745109e-01 -6.853476e-01 -7.069969e-01
   outer loop
     vertex -2.843825e+00  1.010755e+01  0.000000e+00
     vertex -2.336470e+00  1.023674e+01  0.000000e+00
     vertex -2.225209e+00  9.749279e+00  5.000000e-01
   endloop
 endfacet
 facet normal  1.745109e-01 -6.853476e-01 -7.069969e-01
   outer loop
     vertex -2.843825e+00  1.010755e+01  0.000000e+00
     vertex -2.225209e+00  9.749279e+00  5.000000e-01
     vertex -2.708405e+00  9.626242e+00  5.000000e-01
   endloop
 endfacet
 facet normal  2.084558e-01 -6.757970e-01 -7.069969e-01
   outer loop
     vertex -3.344110e+00  9.953237e+00  0.000000e+00
     vertex -2.843825e+00  1.010755e+01  0.000000e+00
     vertex -2.708405e+00  9.626242e+00  5.000000e-01
   endloop
 endfacet
 facet normal  2.084558e-01 -6.757970e-01 -7.069969e-01
   outer loop
     vertex -3.344110e+00  9.953237e+00  0.000000e+00
     vertex -2.708405e+00  9.626242e+00  5.000000e-01
     vertex -3.184867e+00  9.479273e+00  5.000000e-01
   endloop
 endfacet
 facet normal  2.418824e-01 -6.645663e-01 -7.069969e-01
   outer loop
     vertex -3.836081e+00  9.774174e+00  0.000000e+00
     vertex -3.344110e+00  9.953237e+00  0.000000e+00
     vertex -3.184867e+00  9.479273e+00  5.000000e-01
   endloop
 endfacet
 facet normal  2.418824e-01 -6.645663e-01 -7.069969e-01
   outer loop
     vertex -3.836081e+00  9.774174e+00  0.000000e+00
     vertex -3.184867e+00  9.479273e+00  5.000000e-01
     vertex -3.653410e+00  9.308737e+00  5.000000e-01
   endloop
 endfacet
 facet normal  2.747076e-01 -6.516833e-01 -7.069969e-01
   outer loop
     vertex -3.836081e+00  9.774174e+00  0.000000e+00
     vertex -3.653410e+00  9.308737e+00  5.000000e-01
     vertex -4.112871e+00  9.115059e+00  5.000000e-01
   endloop
 endfacet
 facet normal  2.747076e-01 -6.516833e-01 -7.069969e-01
   outer loop
     vertex -4.318515e+00  9.570811e+00  0.000000e+00
     vertex -3.836081e+00  9.774174e+00  0.000000e+00
     vertex -4.112871e+00  9.115059e+00  5.000000e-01
   endloop
 endfacet
 facet normal  3.068498e-01 -6.371802e-01 -7.069969e-01
   outer loop
     vertex -4.790212e+00  9.343654e+00  0.000000e+00
     vertex -4.318515e+00  9.570811e+00  0.000000e+00
     vertex -4.112871e+00  9.115059e+00  5.000000e-01
   endloop
 endfacet
 facet normal  3.068498e-01 -6.371802e-01 -7.069969e-01
   outer loop
     vertex -4.790212e+00  9.343654e+00  0.000000e+00
     vertex -4.112871e+00  9.115059e+00  5.000000e-01
     vertex -4.562107e+00  8.898718e+00  5.000000e-01
   endloop
 endfacet
 facet normal  3.382292e-01 -6.210929e-01 -7.069969e-01
   outer loop
     vertex -4.790212e+00  9.343654e+00  0.000000e+00
     vertex -4.562107e+00  8.898718e+00  5.000000e-01
     vertex -5.000000e+00  8.660254e+00  5.000000e-01
   endloop
 endfacet
 facet normal  3.382292e-01 -6.210929e-01 -7.069969e-01
   outer loop
     vertex -5.250000e+00  9.093267e+00  0.000000e+00
     vertex -4.790212e+00  9.343654e+00  0.000000e+00
     vertex -5.000000e+00  8.660254e+00  5.000000e-01
   endloop
 endfacet
 facet normal  3.687677e-01 -6.034615e-01 -7.069969e-01
   outer loop
     vertex -5.696736e+00  8.820272e+00  0.000000e+00
     vertex -5.250000e+00  9.093267e+00  0.000000e+00
     vertex -5.000000e+00  8.660254e+00  5.000000e-01
   endloop
 endfacet
 facet normal  3.687677e-01 -6.034615e-01 -7.069969e-01
   outer loop
     vertex -5.696736e+00  8.820272e+00  0.000000e+00
     vertex -5.000000e+00  8.660254e+00  5.000000e-01
     vertex -5.425463e+00  8.400259e+00  5.000000e-01
   endloop
 endfacet
 facet normal  3.983893e-01 -5.843298e-01 -7.069969e-01
   outer loop
     vertex -6.129309e+00  8.525349e+00  0.000000e+00
     vertex -5.696736e+00  8.820272e+00  0.000000e+00
     vertex -5.425463e+00  8.400259e+00  5.000000e-01
   endloop
 endfacet
 facet normal  3.983893e-01 -5.843298e-01 -7.069969e-01
   outer loop
     vertex -6.129309e+00  8.525349e+00  0.000000e+00
     vertex -5.425463e+00  8.400259e+00  5.000000e-01
     vertex -5.837437e+00  8.119380e+00  5.000000e-01
   endloop
 endfacet
 facet normal  4.270206e-01 -5.637454e-01 -7.069969e-01
   outer loop
     vertex -6.546643e+00  8.209231e+00  0.000000e+00
     vertex -6.129309e+00  8.525349e+00  0.000000e+00
     vertex -5.837437e+00  8.119380e+00  5.000000e-01
   endloop
 endfacet
 facet normal  4.270206e-01 -5.637454e-01 -7.069969e-01
   outer loop
     vertex -6.546643e+00  8.209231e+00  0.000000e+00
     vertex -5.837437e+00  8.119380e+00  5.000000e-01
     vertex -6.234898e+00  7.818315e+00  5.000000e-01
   endloop
 endfacet
 facet normal  4.545901e-01 -5.417594e-01 -7.069969e-01
   outer loop
     vertex -6.546643e+00  8.209231e+00  0.000000e+00
     vertex -6.234898e+00  7.818315e+00  5.000000e-01
     vertex -6.616858e+00  7.497812e+00  5.000000e-01
   endloop
 endfacet
 facet normal  4.545901e-01 -5.417594e-01 -7.069969e-01
   outer loop
     vertex -6.947701e+00  7.872703e+00  0.000000e+00
     vertex -6.546643e+00  8.209231e+00  0.000000e+00
     vertex -6.616858e+00  7.497812e+00  5.000000e-01
   endloop
 endfacet
 facet normal  4.810295e-01 -5.184265e-01 -7.069969e-01
   outer loop
     vertex -7.331487e+00  7.516602e+00  0.000000e+00
     vertex -6.947701e+00  7.872703e+00  0.000000e+00
     vertex -6.616858e+00  7.497812e+00  5.000000e-01
   endloop
 endfacet
 facet normal  4.810295e-01 -5.184265e-01 -7.069969e-01
   outer loop
     vertex -7.331487e+00  7.516602e+00  0.000000e+00
     vertex -6.616858e+00  7.497812e+00  5.000000e-01
     vertex -6.982368e+00  7.158668e+00  5.000000e-01
   endloop
 endfacet
 facet normal  5.062730e-01 -4.938047e-01 -7.069969e-01
   outer loop
     vertex -7.697045e+00  7.141814e+00  0.000000e+00
     vertex -7.331487e+00  7.516602e+00  0.000000e+00
     vertex -6.982368e+00  7.158668e+00  5.000000e-01
   endloop
 endfacet
 facet normal  5.062730e-01 -4.938047e-01 -7.069969e-01
   outer loop
     vertex -7.697045e+00  7.141814e+00  0.000000e+00
     vertex -6.982368e+00  7.158668e+00  5.000000e-01
     vertex -7.330519e+00  6.801727e+00  5.000000e-01
   endloop
 endfacet
 facet normal  5.302578e-01 -4.679553e-01 -7.069969e-01
   outer loop
     vertex -7.697045e+00  7.141814e+00  0.000000e+00
     vertex -7.330519e+00  6.801727e+00  5.000000e-01
     vertex -7.660444e+00  6.427876e+00  5.000000e-01
   endloop
 endfacet
 facet normal  5.302578e-01 -4.679553e-01 -7.069969e-01
   outer loop
     vertex -8.043467e+00  6.749270e+00  0.000000e+00
     vertex -7.697045e+00  7.141814e+00  0.000000e+00
     vertex -7.660444e+00  6.427876e+00  5.000000e-01
   endloop
 endfacet
 facet normal  5.529243e-01 -4.409424e-01 -7.069969e-01
   outer loop
     vertex -8.369891e+00  6.339946e+00  0.000000e+00
     vertex -7.660444e+00  6.427876e+00  5.000000e-01
     vertex -7.971325e+00  6.038044e+00  5.000000e-01
   endloop
 endfacet
 facet normal  5.529243e-01 -4.409424e-01 -7.069969e-01
   outer loop
     vertex -8.369891e+00  6.339946e+00  0.000000e+00
     vertex -8.043467e+00  6.749270e+00  0.000000e+00
     vertex -7.660444e+00  6.427876e+00  5.000000e-01
   endloop
 endfacet
 facet normal  5.742161e-01 -4.128333e-01 -7.069969e-01
   outer loop
     vertex -8.675507e+00  5.914861e+00  0.000000e+00
     vertex -7.971325e+00  6.038044e+00  5.000000e-01
     vertex -8.262388e+00  5.633201e+00  5.000000e-01
   endloop
 endfacet
 facet normal  5.742161e-01 -4.128333e-01 -7.069969e-01
   outer loop
     vertex -8.675507e+00  5.914861e+00  0.000000e+00
     vertex -8.369891e+00  6.339946e+00  0.000000e+00
     vertex -7.971325e+00  6.038044e+00  5.000000e-01
   endloop
 endfacet
 facet normal  5.940803e-01 -3.836978e-01 -7.069969e-01
   outer loop
     vertex -8.959554e+00  5.475070e+00  0.000000e+00
     vertex -8.262388e+00  5.633201e+00  5.000000e-01
     vertex -8.532909e+00  5.214352e+00  5.000000e-01
   endloop
 endfacet
 facet normal  5.940803e-01 -3.836978e-01 -7.069969e-01
   outer loop
     vertex -8.959554e+00  5.475070e+00  0.000000e+00
     vertex -8.675507e+00  5.914861e+00  0.000000e+00
     vertex -8.262388e+00  5.633201e+00  5.000000e-01
   endloop
 endfacet
 facet normal  6.124676e-01 -3.536083e-01 -7.069969e-01
   outer loop
     vertex -9.221327e+00  5.021667e+00  0.000000e+00
     vertex -8.532909e+00  5.214352e+00  5.000000e-01
     vertex -8.782216e+00  4.782540e+00  5.000000e-01
   endloop
 endfacet
 facet normal  6.124676e-01 -3.536083e-01 -7.069969e-01
   outer loop
     vertex -9.221327e+00  5.021667e+00  0.000000e+00
     vertex -8.959554e+00  5.475070e+00  0.000000e+00
     vertex -8.532909e+00  5.214352e+00  5.000000e-01
   endloop
 endfacet
 facet normal  6.293322e-01 -3.226398e-01 -7.069969e-01
   outer loop
     vertex -9.460173e+00  4.555779e+00  0.000000e+00
     vertex -8.782216e+00  4.782540e+00  5.000000e-01
     vertex -9.009689e+00  4.338837e+00  5.000000e-01
   endloop
 endfacet
 facet normal  6.293322e-01 -3.226398e-01 -7.069969e-01
   outer loop
     vertex -9.460173e+00  4.555779e+00  0.000000e+00
     vertex -9.221327e+00  5.021667e+00  0.000000e+00
     vertex -8.782216e+00  4.782540e+00  5.000000e-01
   endloop
 endfacet
 facet normal  6.446321e-01 -2.908691e-01 -7.069969e-01
   outer loop
     vertex -9.675500e+00  4.078565e+00  0.000000e+00
     vertex -9.009689e+00  4.338837e+00  5.000000e-01
     vertex -9.214762e+00  3.884348e+00  5.000000e-01
   endloop
 endfacet
 facet normal  6.446321e-01 -2.908691e-01 -7.069969e-01
   outer loop
     vertex -9.675500e+00  4.078565e+00  0.000000e+00
     vertex -9.460173e+00  4.555779e+00  0.000000e+00
     vertex -9.009689e+00  4.338837e+00  5.000000e-01
   endloop
 endfacet
 facet normal  6.583294e-01 -2.583753e-01 -7.069969e-01
   outer loop
     vertex -9.866773e+00  3.591212e+00  0.000000e+00
     vertex -9.214762e+00  3.884348e+00  5.000000e-01
     vertex -9.396926e+00  3.420201e+00  5.000000e-01
   endloop
 endfacet
 facet normal  6.703900e-01 -2.252391e-01 -7.069969e-01
   outer loop
     vertex -9.866773e+00  3.591212e+00  0.000000e+00
     vertex -9.396926e+00  3.420201e+00  5.000000e-01
     vertex -9.555728e+00  2.947552e+00  5.000000e-01
   endloop
 endfacet
 facet normal  6.583294e-01 -2.583753e-01 -7.069969e-01
   outer loop
     vertex -9.866773e+00  3.591212e+00  0.000000e+00
     vertex -9.675500e+00  4.078565e+00  0.000000e+00
     vertex -9.214762e+00  3.884348e+00  5.000000e-01
   endloop
 endfacet
 facet normal  6.703900e-01 -2.252391e-01 -7.069969e-01
   outer loop
     vertex -1.003351e+01  3.094929e+00  0.000000e+00
     vertex -9.866773e+00  3.591212e+00  0.000000e+00
     vertex -9.555728e+00  2.947552e+00  5.000000e-01
   endloop
 endfacet
 facet normal  6.807839e-01 -1.915429e-01 -7.069969e-01
   outer loop
     vertex -1.017531e+01  2.590953e+00  0.000000e+00
     vertex -9.555728e+00  2.947552e+00  5.000000e-01
     vertex -9.690773e+00  2.467574e+00  5.000000e-01
   endloop
 endfacet
 facet normal  6.807839e-01 -1.915429e-01 -7.069969e-01
   outer loop
     vertex -1.017531e+01  2.590953e+00  0.000000e+00
     vertex -1.003351e+01  3.094929e+00  0.000000e+00
     vertex -9.555728e+00  2.947552e+00  5.000000e-01
   endloop
 endfacet
 facet normal  6.894853e-01 -1.573705e-01 -7.069969e-01
   outer loop
     vertex -1.029181e+01  2.080535e+00  0.000000e+00
     vertex -9.690773e+00  2.467574e+00  5.000000e-01
     vertex -9.801725e+00  1.981461e+00  5.000000e-01
   endloop
 endfacet
 facet normal  6.894853e-01 -1.573705e-01 -7.069969e-01
   outer loop
     vertex -1.029181e+01  2.080535e+00  0.000000e+00
     vertex -1.017531e+01  2.590953e+00  0.000000e+00
     vertex -9.690773e+00  2.467574e+00  5.000000e-01
   endloop
 endfacet
 facet normal  6.964725e-01 -1.228069e-01 -7.069969e-01
   outer loop
     vertex -1.038272e+01  1.564944e+00  0.000000e+00
     vertex -9.801725e+00  1.981461e+00  5.000000e-01
     vertex -9.888308e+00  1.490423e+00  5.000000e-01
   endloop
 endfacet
 facet normal  6.964725e-01 -1.228069e-01 -7.069969e-01
   outer loop
     vertex -1.038272e+01  1.564944e+00  0.000000e+00
     vertex -1.029181e+01  2.080535e+00  0.000000e+00
     vertex -9.801725e+00  1.981461e+00  5.000000e-01
   endloop
 endfacet
 facet normal  7.017281e-01 -8.793794e-02 -7.069969e-01
   outer loop
     vertex -1.044782e+01  1.045462e+00  0.000000e+00
     vertex -9.888308e+00  1.490423e+00  5.000000e-01
     vertex -9.950308e+00  9.956785e-01  5.000000e-01
   endloop
 endfacet
 facet normal  7.017281e-01 -8.793794e-02 -7.069969e-01
   outer loop
     vertex -1.044782e+01  1.045462e+00  0.000000e+00
     vertex -1.038272e+01  1.564944e+00  0.000000e+00
     vertex -9.888308e+00  1.490423e+00  5.000000e-01
   endloop
 endfacet
 facet normal  7.052392e-01 -5.285037e-02 -7.069969e-01
   outer loop
     vertex -1.048695e+01  5.233818e-01  0.000000e+00
     vertex -1.044782e+01  1.045462e+00  0.000000e+00
     vertex -9.950308e+00  9.956785e-01  5.000000e-01
   endloop
 endfacet
 facet normal  7.052392e-01 -5.285037e-02 -7.069969e-01
   outer loop
     vertex -1.048695e+01  5.233818e-01  0.000000e+00
     vertex -9.950308e+00  9.956785e-01  5.000000e-01
     vertex -9.987569e+00  4.984589e-01  5.000000e-01
   endloop
 endfacet
 facet normal  7.069969e-01 -1.763140e-02 -7.069969e-01
   outer loop
     vertex -1.050000e+01 -3.503075e-14  0.000000e+00
     vertex -1.048695e+01  5.233818e-01  0.000000e+00
     vertex -9.987569e+00  4.984589e-01  5.000000e-01
   endloop
 endfacet
 facet normal  7.069969e-01 -1.763140e-02 -7.069969e-01
   outer loop
     vertex -1.050000e+01 -3.503075e-14  0.000000e+00
     vertex -9.987569e+00  4.984589e-01  5.000000e-01
     vertex -1.000000e+01 -3.331563e-14  5.000000e-01
   endloop
 endfacet
 facet normal  7.069969e-01  1.763140e-02 -7.069969e-01
   outer loop
     vertex -1.048695e+01 -5.233818e-01  0.000000e+00
     vertex -1.050000e+01 -3.503075e-14  0.000000e+00
     vertex -1.000000e+01 -3.331563e-14  5.000000e-01
   endloop
 endfacet
 facet normal  7.069969e-01  1.763140e-02 -7.069969e-01
   outer loop
     vertex -1.048695e+01 -5.233818e-01  0.000000e+00
     vertex -1.000000e+01 -3.331563e-14  5.000000e-01
     vertex -9.987569e+00 -4.984589e-01  5.000000e-01
   endloop
 endfacet
 facet normal  7.052392e-01  5.285037e-02 -7.069969e-01
   outer loop
     vertex -1.048695e+01 -5.233818e-01  0.000000e+00
     vertex -9.987569e+00 -4.984589e-01  5.000000e-01
     vertex -9.950308e+00 -9.956785e-01  5.000000e-01
   endloop
 endfacet
 facet normal  7.052392e-01  5.285037e-02 -7.069969e-01
   outer loop
     vertex -1.044782e+01 -1.045462e+00  0.000000e+00
     vertex -1.048695e+01 -5.233818e-01  0.000000e+00
     vertex -9.950308e+00 -9.956785e-01  5.000000e-01
   endloop
 endfacet
 facet normal  7.017281e-01  8.793794e-02 -7.069969e-01
   outer loop
     vertex -1.038272e+01 -1.564944e+00  0.000000e+00
     vertex -1.044782e+01 -1.045462e+00  0.000000e+00
     vertex -9.950308e+00 -9.956785e-01  5.000000e-01
   endloop
 endfacet
 facet normal  7.017281e-01  8.793794e-02 -7.069969e-01
   outer loop
     vertex -1.038272e+01 -1.564944e+00  0.000000e+00
     vertex -9.950308e+00 -9.956785e-01  5.000000e-01
     vertex -9.888308e+00 -1.490423e+00  5.000000e-01
   endloop
 endfacet
 facet normal  6.964725e-01  1.228069e-01 -7.069969e-01
   outer loop
     vertex -1.029181e+01 -2.080535e+00  0.000000e+00
     vertex -1.038272e+01 -1.564944e+00  0.000000e+00
     vertex -9.888308e+00 -1.490423e+00  5.000000e-01
   endloop
 endfacet
 facet normal  6.964725e-01  1.228069e-01 -7.069969e-01
   outer loop
     vertex -1.029181e+01 -2.080535e+00  0.000000e+00
     vertex -9.888308e+00 -1.490423e+00  5.000000e-01
     vertex -9.801725e+00 -1.981461e+00  5.000000e-01
   endloop
 endfacet
 facet normal  6.894853e-01  1.573705e-01 -7.069969e-01
   outer loop
     vertex -1.029181e+01 -2.080535e+00  0.000000e+00
     vertex -9.801725e+00 -1.981461e+00  5.000000e-01
     vertex -9.690773e+00 -2.467574e+00  5.000000e-01
   endloop
 endfacet
 facet normal  6.894853e-01  1.573705e-01 -7.069969e-01
   outer loop
     vertex -1.017531e+01 -2.590953e+00  0.000000e+00
     vertex -1.029181e+01 -2.080535e+00  0.000000e+00
     vertex -9.690773e+00 -2.467574e+00  5.000000e-01
   endloop
 endfacet
 facet normal  6.807839e-01  1.915429e-01 -7.069969e-01
   outer loop
     vertex -1.003351e+01 -3.094929e+00  0.000000e+00
     vertex -1.017531e+01 -2.590953e+00  0.000000e+00
     vertex -9.690773e+00 -2.467574e+00  5.000000e-01
   endloop
 endfacet
 facet normal  6.807839e-01  1.915429e-01 -7.069969e-01
   outer loop
     vertex -1.003351e+01 -3.094929e+00  0.000000e+00
     vertex -9.690773e+00 -2.467574e+00  5.000000e-01
     vertex -9.555728e+00 -2.947552e+00  5.000000e-01
   endloop
 endfacet
 facet normal  6.703900e-01  2.252391e-01 -7.069969e-01
   outer loop
     vertex -1.003351e+01 -3.094929e+00  0.000000e+00
     vertex -9.555728e+00 -2.947552e+00  5.000000e-01
     vertex -9.396926e+00 -3.420201e+00  5.000000e-01
   endloop
 endfacet
 facet normal  6.703900e-01  2.252391e-01 -7.069969e-01
   outer loop
     vertex -9.866773e+00 -3.591212e+00  0.000000e+00
     vertex -1.003351e+01 -3.094929e+00  0.000000e+00
     vertex -9.396926e+00 -3.420201e+00  5.000000e-01
   endloop
 endfacet
 facet normal  6.583294e-01  2.583753e-01 -7.069969e-01
   outer loop
     vertex -9.675500e+00 -4.078565e+00  0.000000e+00
     vertex -9.866773e+00 -3.591212e+00  0.000000e+00
     vertex -9.396926e+00 -3.420201e+00  5.000000e-01
   endloop
 endfacet
 facet normal  6.583294e-01  2.583753e-01 -7.069969e-01
   outer loop
     vertex -9.675500e+00 -4.078565e+00  0.000000e+00
     vertex -9.396926e+00 -3.420201e+00  5.000000e-01
     vertex -9.214762e+00 -3.884348e+00  5.000000e-01
   endloop
 endfacet
 facet normal  6.446321e-01  2.908691e-01 -7.069969e-01
   outer loop
     vertex -9.460173e+00 -4.555779e+00  0.000000e+00
     vertex -9.675500e+00 -4.078565e+00  0.000000e+00
     vertex -9.214762e+00 -3.884348e+00  5.000000e-01
   endloop
 endfacet
 facet normal  6.446321e-01  2.908691e-01 -7.069969e-01
   outer loop
     vertex -9.460173e+00 -4.555779e+00  0.000000e+00
     vertex -9.214762e+00 -3.884348e+00  5.000000e-01
     vertex -9.009689e+00 -4.338837e+00  5.000000e-01
   endloop
 endfacet
 facet normal  6.293322e-01  3.226398e-01 -7.069969e-01
   outer loop
     vertex -9.221327e+00 -5.021667e+00  0.000000e+00
     vertex -9.460173e+00 -4.555779e+00  0.000000e+00
     vertex -9.009689e+00 -4.338837e+00  5.000000e-01
   endloop
 endfacet
 facet normal  6.293322e-01  3.226398e-01 -7.069969e-01
   outer loop
     vertex -9.221327e+00 -5.021667e+00  0.000000e+00
     vertex -9.009689e+00 -4.338837e+00  5.000000e-01
     vertex -8.782216e+00 -4.782540e+00  5.000000e-01
   endloop
 endfacet
 facet normal  6.124676e-01  3.536083e-01 -7.069969e-01
   outer loop
     vertex -8.959554e+00 -5.475070e+00  0.000000e+00
     vertex -9.221327e+00 -5.021667e+00  0.000000e+00
     vertex -8.782216e+00 -4.782540e+00  5.000000e-01
   endloop
 endfacet
 facet normal  6.124676e-01  3.536083e-01 -7.069969e-01
   outer loop
     vertex -8.959554e+00 -5.475070e+00  0.000000e+00
     vertex -8.782216e+00 -4.782540e+00  5.000000e-01
     vertex -8.532909e+00 -5.214352e+00  5.000000e-01
   endloop
 endfacet
 facet normal  5.940803e-01  3.836978e-01 -7.069969e-01
   outer loop
     vertex -8.675507e+00 -5.914861e+00  0.000000e+00
     vertex -8.959554e+00 -5.475070e+00  0.000000e+00
     vertex -8.532909e+00 -5.214352e+00  5.000000e-01
   endloop
 endfacet
 facet normal  5.940803e-01  3.836978e-01 -7.069969e-01
   outer loop
     vertex -8.675507e+00 -5.914861e+00  0.000000e+00
     vertex -8.532909e+00 -5.214352e+00  5.000000e-01
     vertex -8.262388e+00 -5.633201e+00  5.000000e-01
   endloop
 endfacet
 facet normal  5.742161e-01  4.128333e-01 -7.069969e-01
   outer loop
     vertex -8.369891e+00 -6.339946e+00  0.000000e+00
     vertex -8.675507e+00 -5.914861e+00  0.000000e+00
     vertex -8.262388e+00 -5.633201e+00  5.000000e-01
   endloop
 endfacet
 facet normal  5.742161e-01  4.128333e-01 -7.069969e-01
   outer loop
     vertex -8.369891e+00 -6.339946e+00  0.000000e+00
     vertex -8.262388e+00 -5.633201e+00  5.000000e-01
     vertex -7.971325e+00 -6.038044e+00  5.000000e-01
   endloop
 endfacet
 facet normal  5.529243e-01  4.409424e-01 -7.069969e-01
   outer loop
     vertex -8.369891e+00 -6.339946e+00  0.000000e+00
     vertex -7.971325e+00 -6.038044e+00  5.000000e-01
     vertex -7.660444e+00 -6.427876e+00  5.000000e-01
   endloop
 endfacet
 facet normal  5.529243e-01  4.409424e-01 -7.069969e-01
   outer loop
     vertex -8.043467e+00 -6.749270e+00  0.000000e+00
     vertex -8.369891e+00 -6.339946e+00  0.000000e+00
     vertex -7.660444e+00 -6.427876e+00  5.000000e-01
   endloop
 endfacet
 facet normal  5.302578e-01  4.679553e-01 -7.069969e-01
   outer loop
     vertex -7.697045e+00 -7.141814e+00  0.000000e+00
     vertex -8.043467e+00 -6.749270e+00  0.000000e+00
     vertex -7.660444e+00 -6.427876e+00  5.000000e-01
   endloop
 endfacet
 facet normal  5.302578e-01  4.679553e-01 -7.069969e-01
   outer loop
     vertex -7.697045e+00 -7.141814e+00  0.000000e+00
     vertex -7.660444e+00 -6.427876e+00  5.000000e-01
     vertex -7.330519e+00 -6.801727e+00  5.000000e-01
   endloop
 endfacet
 facet normal  5.062730e-01  4.938047e-01 -7.069969e-01
   outer loop
     vertex -7.331487e+00 -7.516602e+00  0.000000e+00
     vertex -7.697045e+00 -7.141814e+00  0.000000e+00
     vertex -7.330519e+00 -6.801727e+00  5.000000e-01
   endloop
 endfacet
 facet normal  5.062730e-01  4.938047e-01 -7.069969e-01
   outer loop
     vertex -7.331487e+00 -7.516602e+00  0.000000e+00
     vertex -7.330519e+00 -6.801727e+00  5.000000e-01
     vertex -6.982368e+00 -7.158668e+00  5.000000e-01
   endloop
 endfacet
 facet normal  4.810295e-01  5.184265e-01 -7.069969e-01
   outer loop
     vertex -6.947701e+00 -7.872703e+00  0.000000e+00
     vertex -7.331487e+00 -7.516602e+00  0.000000e+00
     vertex -6.982368e+00 -7.158668e+00  5.000000e-01
   endloop
 endfacet
 facet normal  4.810295e-01  5.184265e-01 -7.069969e-01
   outer loop
     vertex -6.947701e+00 -7.872703e+00  0.000000e+00
     vertex -6.982368e+00 -7.158668e+00  5.000000e-01
     vertex -6.616858e+00 -7.497812e+00  5.000000e-01
   endloop
 endfacet
 facet normal  4.545901e-01  5.417594e-01 -7.069969e-01
   outer loop
     vertex -6.546643e+00 -8.209231e+00  0.000000e+00
     vertex -6.947701e+00 -7.872703e+00  0.000000e+00
     vertex -6.616858e+00 -7.497812e+00  5.000000e-01
   endloop
 endfacet
 facet normal  4.545901e-01  5.417594e-01 -7.069969e-01
   outer loop
     vertex -6.546643e+00 -8.209231e+00  0.000000e+00
     vertex -6.616858e+00 -7.497812e+00  5.000000e-01
     vertex -6.234898e+00 -7.818315e+00  5.000000e-01
   endloop
 endfacet
 facet normal  4.270206e-01  5.637454e-01 -7.069969e-01
   outer loop
     vertex -6.129309e+00 -8.525349e+00  0.000000e+00
     vertex -6.234898e+00 -7.818315e+00  5.000000e-01
     vertex -5.837437e+00 -8.119380e+00  5.000000e-01
   endloop
 endfacet
 facet normal  4.270206e-01  5.637454e-01 -7.069969e-01
   outer loop
     vertex -6.129309e+00 -8.525349e+00  0.000000e+00
     vertex -6.546643e+00 -8.209231e+00  0.000000e+00
     vertex -6.234898e+00 -7.818315e+00  5.000000e-01
   endloop
 endfacet
 facet normal  3.983893e-01  5.843298e-01 -7.069969e-01
   outer loop
     vertex -6.129309e+00 -8.525349e+00  0.000000e+00
     vertex -5.837437e+00 -8.119380e+00  5.000000e-01
     vertex -5.425463e+00 -8.400259e+00  5.000000e-01
   endloop
 endfacet
 facet normal  3.983893e-01  5.843298e-01 -7.069969e-01
   outer loop
     vertex -5.696736e+00 -8.820272e+00  0.000000e+00
     vertex -6.129309e+00 -8.525349e+00  0.000000e+00
     vertex -5.425463e+00 -8.400259e+00  5.000000e-01
   endloop
 endfacet
 facet normal  3.687677e-01  6.034615e-01 -7.069969e-01
   outer loop
     vertex -5.250000e+00 -9.093267e+00  0.000000e+00
     vertex -5.425463e+00 -8.400259e+00  5.000000e-01
     vertex -5.000000e+00 -8.660254e+00  5.000000e-01
   endloop
 endfacet
 facet normal  3.687677e-01  6.034615e-01 -7.069969e-01
   outer loop
     vertex -5.250000e+00 -9.093267e+00  0.000000e+00
     vertex -5.696736e+00 -8.820272e+00  0.000000e+00
     vertex -5.425463e+00 -8.400259e+00  5.000000e-01
   endloop
 endfacet
 facet normal  3.382292e-01  6.210929e-01 -7.069969e-01
   outer loop
     vertex -4.790212e+00 -9.343654e+00  0.000000e+00
     vertex -5.000000e+00 -8.660254e+00  5.000000e-01
     vertex -4.562107e+00 -8.898718e+00  5.000000e-01
   endloop
 endfacet
 facet normal  3.382292e-01  6.210929e-01 -7.069969e-01
   outer loop
     vertex -4.790212e+00 -9.343654e+00  0.000000e+00
     vertex -5.250000e+00 -9.093267e+00  0.000000e+00
     vertex -5.000000e+00 -8.660254e+00  5.000000e-01
   endloop
 endfacet
 facet normal  3.068498e-01  6.371802e-01 -7.069969e-01
   outer loop
     vertex -4.318515e+00 -9.570811e+00  0.000000e+00
     vertex -4.562107e+00 -8.898718e+00  5.000000e-01
     vertex -4.112871e+00 -9.115059e+00  5.000000e-01
   endloop
 endfacet
 facet normal  2.747076e-01  6.516833e-01 -7.069969e-01
   outer loop
     vertex -4.318515e+00 -9.570811e+00  0.000000e+00
     vertex -4.112871e+00 -9.115059e+00  5.000000e-01
     vertex -3.653410e+00 -9.308737e+00  5.000000e-01
   endloop
 endfacet
 facet normal  3.068498e-01  6.371802e-01 -7.069969e-01
   outer loop
     vertex -4.318515e+00 -9.570811e+00  0.000000e+00
     vertex -4.790212e+00 -9.343654e+00  0.000000e+00
     vertex -4.562107e+00 -8.898718e+00  5.000000e-01
   endloop
 endfacet
 facet normal  2.747076e-01  6.516833e-01 -7.069969e-01
   outer loop
     vertex -3.836081e+00 -9.774174e+00  0.000000e+00
     vertex -4.318515e+00 -9.570811e+00  0.000000e+00
     vertex -3.653410e+00 -9.308737e+00  5.000000e-01
   endloop
 endfacet
 facet normal  2.418824e-01  6.645663e-01 -7.069969e-01
   outer loop
     vertex -3.344110e+00 -9.953237e+00  0.000000e+00
     vertex -3.836081e+00 -9.774174e+00  0.000000e+00
     vertex -3.653410e+00 -9.308737e+00  5.000000e-01
   endloop
 endfacet
 facet normal  2.418824e-01  6.645663e-01 -7.069969e-01
   outer loop
     vertex -3.344110e+00 -9.953237e+00  0.000000e+00
     vertex -3.653410e+00 -9.308737e+00  5.000000e-01
     vertex -3.184867e+00 -9.479273e+00  5.000000e-01
   endloop
 endfacet
 facet normal  2.084558e-01  6.757970e-01 -7.069969e-01
   outer loop
     vertex -2.843825e+00 -1.010755e+01  0.000000e+00
     vertex -3.344110e+00 -9.953237e+00  0.000000e+00
     vertex -3.184867e+00 -9.479273e+00  5.000000e-01
   endloop
 endfacet
 facet normal  2.084558e-01  6.757970e-01 -7.069969e-01
   outer loop
     vertex -2.843825e+00 -1.010755e+01  0.000000e+00
     vertex -3.184867e+00 -9.479273e+00  5.000000e-01
     vertex -2.708405e+00 -9.626242e+00  5.000000e-01
   endloop
 endfacet
 facet normal  1.745109e-01  6.853476e-01 -7.069969e-01
   outer loop
     vertex -2.843825e+00 -1.010755e+01  0.000000e+00
     vertex -2.708405e+00 -9.626242e+00  5.000000e-01
     vertex -2.225209e+00 -9.749279e+00  5.000000e-01
   endloop
 endfacet
 facet normal  1.745109e-01  6.853476e-01 -7.069969e-01
   outer loop
     vertex -2.336470e+00 -1.023674e+01  0.000000e+00
     vertex -2.843825e+00 -1.010755e+01  0.000000e+00
     vertex -2.225209e+00 -9.749279e+00  5.000000e-01
   endloop
 endfacet
 facet normal  1.401323e-01  6.931943e-01 -7.069969e-01
   outer loop
     vertex -1.823306e+00 -1.034048e+01  0.000000e+00
     vertex -2.336470e+00 -1.023674e+01  0.000000e+00
     vertex -2.225209e+00 -9.749279e+00  5.000000e-01
   endloop
 endfacet
 facet normal  1.401323e-01  6.931943e-01 -7.069969e-01
   outer loop
     vertex -1.823306e+00 -1.034048e+01  0.000000e+00
     vertex -2.225209e+00 -9.749279e+00  5.000000e-01
     vertex -1.736482e+00 -9.848078e+00  5.000000e-01
   endloop
 endfacet
 facet normal  1.054052e-01  6.993177e-01 -7.069969e-01
   outer loop
     vertex -1.305609e+00 -1.041851e+01  0.000000e+00
     vertex -1.823306e+00 -1.034048e+01  0.000000e+00
     vertex -1.736482e+00 -9.848078e+00  5.000000e-01
   endloop
 endfacet
 facet normal  1.054052e-01  6.993177e-01 -7.069969e-01
   outer loop
     vertex -1.305609e+00 -1.041851e+01  0.000000e+00
     vertex -1.736482e+00 -9.848078e+00  5.000000e-01
     vertex -1.243437e+00 -9.922392e+00  5.000000e-01
   endloop
 endfacet
 facet normal  7.041604e-02  7.037024e-01 -7.069969e-01
   outer loop
     vertex -7.846660e-01 -1.047064e+01  0.000000e+00
     vertex -1.305609e+00 -1.041851e+01  0.000000e+00
     vertex -1.243437e+00 -9.922392e+00  5.000000e-01
   endloop
 endfacet
 facet normal  7.041604e-02  7.037024e-01 -7.069969e-01
   outer loop
     vertex -7.846660e-01 -1.047064e+01  0.000000e+00
     vertex -1.243437e+00 -9.922392e+00  5.000000e-01
     vertex -7.473009e-01 -9.972038e+00  5.000000e-01
   endloop
 endfacet
 facet normal  3.525184e-02  7.063376e-01 -7.069969e-01
   outer loop
     vertex -7.846660e-01 -1.047064e+01  0.000000e+00
     vertex -7.473009e-01 -9.972038e+00  5.000000e-01
     vertex -2.493069e-01 -9.996892e+00  5.000000e-01
   endloop
 endfacet
 facet normal  3.525184e-02  7.063376e-01 -7.069969e-01
   outer loop
     vertex -2.617723e-01 -1.049674e+01  0.000000e+00
     vertex -7.846660e-01 -1.047064e+01  0.000000e+00
     vertex -2.493069e-01 -9.996892e+00  5.000000e-01
   endloop
 endfacet
 facet normal -7.198638e-15  7.072167e-01 -7.069969e-01
   outer loop
     vertex  2.617723e-01 -1.049674e+01  0.000000e+00
     vertex -2.617723e-01 -1.049674e+01  0.000000e+00
     vertex -2.493069e-01 -9.996892e+00  5.000000e-01
   endloop
 endfacet
 facet normal -5.039047e-15  7.072167e-01 -7.069969e-01
   outer loop
     vertex  2.617723e-01 -1.049674e+01  0.000000e+00
     vertex -2.493069e-01 -9.996892e+00  5.000000e-01
     vertex  2.493069e-01 -9.996892e+00  5.000000e-01
   endloop
 endfacet
 facet normal -3.525184e-02  7.063376e-01 -7.069969e-01
   outer loop
     vertex  7.846660e-01 -1.047064e+01  0.000000e+00
     vertex  2.617723e-01 -1.049674e+01  0.000000e+00
     vertex  2.493069e-01 -9.996892e+00  5.000000e-01
   endloop
 endfacet
 facet normal -3.525184e-02  7.063376e-01 -7.069969e-01
   outer loop
     vertex  7.846660e-01 -1.047064e+01  0.000000e+00
     vertex  2.493069e-01 -9.996892e+00  5.000000e-01
     vertex  7.473009e-01 -9.972038e+00  5.000000e-01
   endloop
 endfacet
 facet normal -7.041604e-02  7.037024e-01 -7.069969e-01
   outer loop
     vertex  1.305609e+00 -1.041851e+01  0.000000e+00
     vertex  7.846660e-01 -1.047064e+01  0.000000e+00
     vertex  7.473009e-01 -9.972038e+00  5.000000e-01
   endloop
 endfacet
 facet normal -7.041604e-02  7.037024e-01 -7.069969e-01
   outer loop
     vertex  1.305609e+00 -1.041851e+01  0.000000e+00
     vertex  7.473009e-01 -9.972038e+00  5.000000e-01
     vertex  1.243437e+00 -9.922392e+00  5.000000e-01
   endloop
 endfacet
 facet normal -1.054052e-01  6.993177e-01 -7.069969e-01
   outer loop
     vertex  1.823306e+00 -1.034048e+01  0.000000e+00
     vertex  1.305609e+00 -1.041851e+01  0.000000e+00
     vertex  1.243437e+00 -9.922392e+00  5.000000e-01
   endloop
 endfacet
 facet normal -1.054052e-01  6.993177e-01 -7.069969e-01
   outer loop
     vertex  1.823306e+00 -1.034048e+01  0.000000e+00
     vertex  1.243437e+00 -9.922392e+00  5.000000e-01
     vertex  1.736482e+00 -9.848078e+00  5.000000e-01
   endloop
 endfacet
 facet normal -1.401323e-01  6.931943e-01 -7.069969e-01
   outer loop
     vertex  1.823306e+00 -1.034048e+01  0.000000e+00
     vertex  1.736482e+00 -9.848078e+00  5.000000e-01
     vertex  2.225209e+00 -9.749279e+00  5.000000e-01
   endloop
 endfacet
 facet normal -1.401323e-01  6.931943e-01 -7.069969e-01
   outer loop
     vertex  2.336470e+00 -1.023674e+01  0.000000e+00
     vertex  1.823306e+00 -1.034048e+01  0.000000e+00
     vertex  2.225209e+00 -9.749279e+00  5.000000e-01
   endloop
 endfacet
 facet normal -1.745109e-01  6.853476e-01 -7.069969e-01
   outer loop
     vertex  2.843825e+00 -1.010755e+01  0.000000e+00
     vertex  2.225209e+00 -9.749279e+00  5.000000e-01
     vertex  2.708405e+00 -9.626242e+00  5.000000e-01
   endloop
 endfacet
 facet normal -2.084558e-01  6.757970e-01 -7.069969e-01
   outer loop
     vertex  2.843825e+00 -1.010755e+01  0.000000e+00
     vertex  2.708405e+00 -9.626242e+00  5.000000e-01
     vertex  3.184867e+00 -9.479273e+00  5.000000e-01
   endloop
 endfacet
 facet normal -1.745109e-01  6.853476e-01 -7.069969e-01
   outer loop
     vertex  2.843825e+00 -1.010755e+01  0.000000e+00
     vertex  2.336470e+00 -1.023674e+01  0.000000e+00
     vertex  2.225209e+00 -9.749279e+00  5.000000e-01
   endloop
 endfacet
 facet normal -2.418824e-01  6.645663e-01 -7.069969e-01
   outer loop
     vertex  3.344110e+00 -9.953237e+00  0.000000e+00
     vertex  3.184867e+00 -9.479273e+00  5.000000e-01
     vertex  3.653410e+00 -9.308737e+00  5.000000e-01
   endloop
 endfacet
 facet normal -2.084558e-01  6.757970e-01 -7.069969e-01
   outer loop
     vertex  3.344110e+00 -9.953237e+00  0.000000e+00
     vertex  2.843825e+00 -1.010755e+01  0.000000e+00
     vertex  3.184867e+00 -9.479273e+00  5.000000e-01
   endloop
 endfacet
 facet normal -2.418824e-01  6.645663e-01 -7.069969e-01
   outer loop
     vertex  3.836081e+00 -9.774174e+00  0.000000e+00
     vertex  3.344110e+00 -9.953237e+00  0.000000e+00
     vertex  3.653410e+00 -9.308737e+00  5.000000e-01
   endloop
 endfacet
 facet normal -2.747076e-01  6.516833e-01 -7.069969e-01
   outer loop
     vertex  4.318515e+00 -9.570811e+00  0.000000e+00
     vertex  3.653410e+00 -9.308737e+00  5.000000e-01
     vertex  4.112871e+00 -9.115059e+00  5.000000e-01
   endloop
 endfacet
 facet normal -2.747076e-01  6.516833e-01 -7.069969e-01
   outer loop
     vertex  4.318515e+00 -9.570811e+00  0.000000e+00
     vertex  3.836081e+00 -9.774174e+00  0.000000e+00
     vertex  3.653410e+00 -9.308737e+00  5.000000e-01
   endloop
 endfacet
 facet normal -3.068498e-01  6.371802e-01 -7.069969e-01
   outer loop
     vertex  4.790212e+00 -9.343654e+00  0.000000e+00
     vertex  4.112871e+00 -9.115059e+00  5.000000e-01
     vertex  4.562107e+00 -8.898718e+00  5.000000e-01
   endloop
 endfacet
 facet normal -3.068498e-01  6.371802e-01 -7.069969e-01
   outer loop
     vertex  4.790212e+00 -9.343654e+00  0.000000e+00
     vertex  4.318515e+00 -9.570811e+00  0.000000e+00
     vertex  4.112871e+00 -9.115059e+00  5.000000e-01
   endloop
 endfacet
 facet normal -3.382292e-01  6.210929e-01 -7.069969e-01
   outer loop
     vertex  5.250000e+00 -9.093267e+00  0.000000e+00
     vertex  4.562107e+00 -8.898718e+00  5.000000e-01
     vertex  5.000000e+00 -8.660254e+00  5.000000e-01
   endloop
 endfacet
 facet normal -3.687677e-01  6.034615e-01 -7.069969e-01
   outer loop
     vertex  5.250000e+00 -9.093267e+00  0.000000e+00
     vertex  5.000000e+00 -8.660254e+00  5.000000e-01
     vertex  5.425463e+00 -8.400259e+00  5.000000e-01
   endloop
 endfacet
 facet normal -3.382292e-01  6.210929e-01 -7.069969e-01
   outer loop
     vertex  5.250000e+00 -9.093267e+00  0.000000e+00
     vertex  4.790212e+00 -9.343654e+00  0.000000e+00
     vertex  4.562107e+00 -8.898718e+00  5.000000e-01
   endloop
 endfacet
 facet normal -3.687677e-01  6.034615e-01 -7.069969e-01
   outer loop
     vertex  5.696736e+00 -8.820272e+00  0.000000e+00
     vertex  5.250000e+00 -9.093267e+00  0.000000e+00
     vertex  5.425463e+00 -8.400259e+00  5.000000e-01
   endloop
 endfacet
 facet normal -3.983893e-01  5.843298e-01 -7.069969e-01
   outer loop
     vertex  6.129309e+00 -8.525349e+00  0.000000e+00
     vertex  5.425463e+00 -8.400259e+00  5.000000e-01
     vertex  5.837437e+00 -8.119380e+00  5.000000e-01
   endloop
 endfacet
 facet normal -3.983893e-01  5.843298e-01 -7.069969e-01
   outer loop
     vertex  6.129309e+00 -8.525349e+00  0.000000e+00
     vertex  5.696736e+00 -8.820272e+00  0.000000e+00
     vertex  5.425463e+00 -8.400259e+00  5.000000e-01
   endloop
 endfacet
 facet normal -4.270206e-01  5.637454e-01 -7.069969e-01
   outer loop
     vertex  6.546643e+00 -8.209231e+00  0.000000e+00
     vertex  5.837437e+00 -8.119380e+00  5.000000e-01
     vertex  6.234898e+00 -7.818315e+00  5.000000e-01
   endloop
 endfacet
 facet normal -4.270206e-01  5.637454e-01 -7.069969e-01
   outer loop
     vertex  6.546643e+00 -8.209231e+00  0.000000e+00
     vertex  6.129309e+00 -8.525349e+00  0.000000e+00
     vertex  5.837437e+00 -8.119380e+00  5.000000e-01
   endloop
 endfacet
 facet normal -4.545901e-01  5.417594e-01 -7.069969e-01
   outer loop
     vertex  6.947701e+00 -7.872703e+00  0.000000e+00
     vertex  6.234898e+00 -7.818315e+00  5.000000e-01
     vertex  6.616858e+00 -7.497812e+00  5.000000e-01
   endloop
 endfacet
 facet normal -4.545901e-01  5.417594e-01 -7.069969e-01
   outer loop
     vertex  6.947701e+00 -7.872703e+00  0.000000e+00
     vertex  6.546643e+00 -8.209231e+00  0.000000e+00
     vertex  6.234898e+00 -7.818315e+00  5.000000e-01
   endloop
 endfacet
 facet normal -4.810295e-01  5.184265e-01 -7.069969e-01
   outer loop
     vertex  7.331487e+00 -7.516602e+00  0.000000e+00
     vertex  6.616858e+00 -7.497812e+00  5.000000e-01
     vertex  6.982368e+00 -7.158668e+00  5.000000e-01
   endloop
 endfacet
 facet normal -4.810295e-01  5.184265e-01 -7.069969e-01
   outer loop
     vertex  7.331487e+00 -7.516602e+00  0.000000e+00
     vertex  6.947701e+00 -7.872703e+00  0.000000e+00
     vertex  6.616858e+00 -7.497812e+00  5.000000e-01
   endloop
 endfacet
 facet normal -5.062730e-01  4.938047e-01 -7.069969e-01
   outer loop
     vertex  7.697045e+00 -7.141814e+00  0.000000e+00
     vertex  6.982368e+00 -7.158668e+00  5.000000e-01
     vertex  7.330519e+00 -6.801727e+00  5.000000e-01
   endloop
 endfacet
 facet normal -5.302578e-01  4.679553e-01 -7.069969e-01
   outer loop
     vertex  7.697045e+00 -7.141814e+00  0.000000e+00
     vertex  7.330519e+00 -6.801727e+00  5.000000e-01
     vertex  7.660444e+00 -6.427876e+00  5.000000e-01
   endloop
 endfacet
 facet normal -5.062730e-01  4.938047e-01 -7.069969e-01
   outer loop
     vertex  7.697045e+00 -7.141814e+00  0.000000e+00
     vertex  7.331487e+00 -7.516602e+00  0.000000e+00
     vertex  6.982368e+00 -7.158668e+00  5.000000e-01
   endloop
 endfacet
 facet normal -5.302578e-01  4.679553e-01 -7.069969e-01
   outer loop
     vertex  8.043467e+00 -6.749270e+00  0.000000e+00
     vertex  7.697045e+00 -7.141814e+00  0.000000e+00
     vertex  7.660444e+00 -6.427876e+00  5.000000e-01
   endloop
 endfacet
 facet normal -5.529243e-01  4.409424e-01 -7.069969e-01
   outer loop
     vertex  8.369891e+00 -6.339946e+00  0.000000e+00
     vertex  8.043467e+00 -6.749270e+00  0.000000e+00
     vertex  7.660444e+00 -6.427876e+00  5.000000e-01
   endloop
 endfacet
 facet normal -5.529243e-01  4.409424e-01 -7.069969e-01
   outer loop
     vertex  8.369891e+00 -6.339946e+00  0.000000e+00
     vertex  7.660444e+00 -6.427876e+00  5.000000e-01
     vertex  7.971325e+00 -6.038044e+00  5.000000e-01
   endloop
 endfacet
 facet normal -5.742161e-01  4.128333e-01 -7.069969e-01
   outer loop
     vertex  8.675507e+00 -5.914861e+00  0.000000e+00
     vertex  8.369891e+00 -6.339946e+00  0.000000e+00
     vertex  7.971325e+00 -6.038044e+00  5.000000e-01
   endloop
 endfacet
 facet normal -5.742161e-01  4.128333e-01 -7.069969e-01
   outer loop
     vertex  8.675507e+00 -5.914861e+00  0.000000e+00
     vertex  7.971325e+00 -6.038044e+00  5.000000e-01
     vertex  8.262388e+00 -5.633201e+00  5.000000e-01
   endloop
 endfacet
 facet normal -5.940803e-01  3.836978e-01 -7.069969e-01
   outer loop
     vertex  8.959554e+00 -5.475070e+00  0.000000e+00
     vertex  8.675507e+00 -5.914861e+00  0.000000e+00
     vertex  8.262388e+00 -5.633201e+00  5.000000e-01
   endloop
 endfacet
 facet normal -5.940803e-01  3.836978e-01 -7.069969e-01
   outer loop
     vertex  8.959554e+00 -5.475070e+00  0.000000e+00
     vertex  8.262388e+00 -5.633201e+00  5.000000e-01
     vertex  8.532909e+00 -5.214352e+00  5.000000e-01
   endloop
 endfacet
 facet normal -6.124676e-01  3.536083e-01 -7.069969e-01
   outer loop
     vertex  9.221327e+00 -5.021667e+00  0.000000e+00
     vertex  8.959554e+00 -5.475070e+00  0.000000e+00
     vertex  8.532909e+00 -5.214352e+00  5.000000e-01
   endloop
 endfacet
 facet normal -6.124676e-01  3.536083e-01 -7.069969e-01
   outer loop
     vertex  9.221327e+00 -5.021667e+00  0.000000e+00
     vertex  8.532909e+00 -5.214352e+00  5.000000e-01
     vertex  8.782216e+00 -4.782540e+00  5.000000e-01
   endloop
 endfacet
 facet normal -6.293322e-01  3.226398e-01 -7.069969e-01
   outer loop
     vertex  9.460173e+00 -4.555779e+00  0.000000e+00
     vertex  9.221327e+00 -5.021667e+00  0.000000e+00
     vertex  8.782216e+00 -4.782540e+00  5.000000e-01
   endloop
 endfacet
 facet normal -6.293322e-01  3.226398e-01 -7.069969e-01
   outer loop
     vertex  9.460173e+00 -4.555779e+00  0.000000e+00
     vertex  8.782216e+00 -4.782540e+00  5.000000e-01
     vertex  9.009689e+00 -4.338837e+00  5.000000e-01
   endloop
 endfacet
 facet normal -6.446321e-01  2.908691e-01 -7.069969e-01
   outer loop
     vertex  9.675500e+00 -4.078565e+00  0.000000e+00
     vertex  9.009689e+00 -4.338837e+00  5.000000e-01
     vertex  9.214762e+00 -3.884348e+00  5.000000e-01
   endloop
 endfacet
 facet normal -6.446321e-01  2.908691e-01 -7.069969e-01
   outer loop
     vertex  9.675500e+00 -4.078565e+00  0.000000e+00
     vertex  9.460173e+00 -4.555779e+00  0.000000e+00
     vertex  9.009689e+00 -4.338837e+00  5.000000e-01
   endloop
 endfacet
 facet normal -6.583294e-01  2.583753e-01 -7.069969e-01
   outer loop
     vertex  9.866773e+00 -3.591212e+00  0.000000e+00
     vertex  9.214762e+00 -3.884348e+00  5.000000e-01
     vertex  9.396926e+00 -3.420201e+00  5.000000e-01
   endloop
 endfacet
 facet normal -6.583294e-01  2.583753e-01 -7.069969e-01
   outer loop
     vertex  9.866773e+00 -3.591212e+00  0.000000e+00
     vertex  9.675500e+00 -4.078565e+00  0.000000e+00
     vertex  9.214762e+00 -3.884348e+00  5.000000e-01
   endloop
 endfacet
 facet normal -6.703900e-01  2.252391e-01 -7.069969e-01
   outer loop
     vertex  1.003351e+01 -3.094929e+00  0.000000e+00
     vertex  9.396926e+00 -3.420201e+00  5.000000e-01
     vertex  9.555728e+00 -2.947552e+00  5.000000e-01
   endloop
 endfacet
 facet normal -6.807839e-01  1.915429e-01 -7.069969e-01
   outer loop
     vertex  1.003351e+01 -3.094929e+00  0.000000e+00
     vertex  9.555728e+00 -2.947552e+00  5.000000e-01
     vertex  9.690773e+00 -2.467574e+00  5.000000e-01
   endloop
 endfacet
 facet normal -6.703900e-01  2.252391e-01 -7.069969e-01
   outer loop
     vertex  1.003351e+01 -3.094929e+00  0.000000e+00
     vertex  9.866773e+00 -3.591212e+00  0.000000e+00
     vertex  9.396926e+00 -3.420201e+00  5.000000e-01
   endloop
 endfacet
 facet normal -6.807839e-01  1.915429e-01 -7.069969e-01
   outer loop
     vertex  1.017531e+01 -2.590953e+00  0.000000e+00
     vertex  1.003351e+01 -3.094929e+00  0.000000e+00
     vertex  9.690773e+00 -2.467574e+00  5.000000e-01
   endloop
 endfacet
 facet normal -6.894853e-01  1.573705e-01 -7.069969e-01
   outer loop
     vertex  1.029181e+01 -2.080535e+00  0.000000e+00
     vertex  9.690773e+00 -2.467574e+00  5.000000e-01
     vertex  9.801725e+00 -1.981461e+00  5.000000e-01
   endloop
 endfacet
 facet normal -6.894853e-01  1.573705e-01 -7.069969e-01
   outer loop
     vertex  1.029181e+01 -2.080535e+00  0.000000e+00
     vertex  1.017531e+01 -2.590953e+00  0.000000e+00
     vertex  9.690773e+00 -2.467574e+00  5.000000e-01
   endloop
 endfacet
 facet normal -6.964725e-01  1.228069e-01 -7.069969e-01
   outer loop
     vertex  1.038272e+01 -1.564944e+00  0.000000e+00
     vertex  9.801725e+00 -1.981461e+00  5.000000e-01
     vertex  9.888308e+00 -1.490423e+00  5.000000e-01
   endloop
 endfacet
 facet normal -7.017281e-01  8.793794e-02 -7.069969e-01
   outer loop
     vertex  1.038272e+01 -1.564944e+00  0.000000e+00
     vertex  9.888308e+00 -1.490423e+00  5.000000e-01
     vertex  9.950308e+00 -9.956785e-01  5.000000e-01
   endloop
 endfacet
 facet normal -6.964725e-01  1.228069e-01 -7.069969e-01
   outer loop
     vertex  1.038272e+01 -1.564944e+00  0.000000e+00
     vertex  1.029181e+01 -2.080535e+00  0.000000e+00
     vertex  9.801725e+00 -1.981461e+00  5.000000e-01
   endloop
 endfacet
 facet normal -7.017281e-01  8.793794e-02 -7.069969e-01
   outer loop
     vertex  1.044782e+01 -1.045462e+00  0.000000e+00
     vertex  1.038272e+01 -1.564944e+00  0.000000e+00
     vertex  9.950308e+00 -9.956785e-01  5.000000e-01
   endloop
 endfacet
 facet normal -7.052392e-01  5.285037e-02 -7.069969e-01
   outer loop
     vertex  1.048695e+01 -5.233818e-01  0.000000e+00
     vertex  9.950308e+00 -9.956785e-01  5.000000e-01
     vertex  9.987569e+00 -4.984589e-01  5.000000e-01
   endloop
 endfacet
 facet normal -7.052392e-01  5.285037e-02 -7.069969e-01
   outer loop
     vertex  1.048695e+01 -5.233818e-01  0.000000e+00
     vertex  1.044782e+01 -1.045462e+00  0.000000e+00
     vertex  9.950308e+00 -9.956785e-01  5.000000e-01
   endloop
 endfacet
 facet normal -7.069969e-01  1.763140e-02 -7.069969e-01
   outer loop
     vertex  1.050000e+01  9.868649e-16  0.000000e+00
     vertex  9.987569e+00 -4.984589e-01  5.000000e-01
     vertex  1.000000e+01  9.868649e-16  5.000000e-01
   endloop
 endfacet
 facet normal -7.069969e-01  1.763140e-02 -7.069969e-01
   outer loop
     vertex  1.050000e+01  9.868649e-16  0.000000e+00
     vertex  1.048695e+01 -5.233818e-01  0.000000e+00
     vertex  9.987569e+00 -4.984589e-01  5.000000e-01
   endloop
 endfacet
 facet normal -7.069969e-01 -1.763140e-02  7.069969e-01
   outer loop
     vertex  1.048695e+01  5.233818e-01  8.000000e+00
     vertex  1.000000e+01  9.868649e-16  7.500000e+00
     vertex  1.050000e+01  9.868649e-16  8.000000e+00
   endloop
 endfacet
 facet normal -7.069969e-01 -1.763140e-02  7.069969e-01
   outer loop
     vertex  1.048695e+01  5.233818e-01  8.000000e+00
     vertex  9.987569e+00  4.984589e-01  7.500000e+00
     vertex  1.000000e+01  9.868649e-16  7.500000e+00
   endloop
 endfacet
 facet normal -7.052392e-01 -5.285037e-02  7.069969e-01
   outer loop
     vertex  1.044782e+01  1.045462e+00  8.000000e+00
     vertex  9.950308e+00  9.956785e-01  7.500000e+00
     vertex  9.987569e+00  4.984589e-01  7.500000e+00
   endloop
 endfacet
 facet normal -7.052392e-01 -5.285037e-02  7.069969e-01
   outer loop
     vertex  1.044782e+01  1.045462e+00  8.000000e+00
     vertex  9.987569e+00  4.984589e-01  7.500000e+00
     vertex  1.048695e+01  5.233818e-01  8.000000e+00
   endloop
 endfacet
 facet normal -7.017281e-01 -8.793794e-02  7.069969e-01
   outer loop
     vertex  1.038272e+01  1.564944e+00  8.000000e+00
     vertex  9.888308e+00  1.490423e+00  7.500000e+00
     vertex  9.950308e+00  9.956785e-01  7.500000e+00
   endloop
 endfacet
 facet normal -7.017281e-01 -8.793794e-02  7.069969e-01
   outer loop
     vertex  1.038272e+01  1.564944e+00  8.000000e+00
     vertex  9.950308e+00  9.956785e-01  7.500000e+00
     vertex  1.044782e+01  1.045462e+00  8.000000e+00
   endloop
 endfacet
 facet normal -6.964725e-01 -1.228069e-01  7.069969e-01
   outer loop
     vertex  1.029181e+01  2.080535e+00  8.000000e+00
     vertex  9.801725e+00  1.981461e+00  7.500000e+00
     vertex  9.888308e+00  1.490423e+00  7.500000e+00
   endloop
 endfacet
 facet normal -6.964725e-01 -1.228069e-01  7.069969e-01
   outer loop
     vertex  1.029181e+01  2.080535e+00  8.000000e+00
     vertex  9.888308e+00  1.490423e+00  7.500000e+00
     vertex  1.038272e+01  1.564944e+00  8.000000e+00
   endloop
 endfacet
 facet normal -6.894853e-01 -1.573705e-01  7.069969e-01
   outer loop
     vertex  1.017531e+01  2.590953e+00  8.000000e+00
     vertex  9.690773e+00  2.467574e+00  7.500000e+00
     vertex  9.801725e+00  1.981461e+00  7.500000e+00
   endloop
 endfacet
 facet normal -6.894853e-01 -1.573705e-01  7.069969e-01
   outer loop
     vertex  1.017531e+01  2.590953e+00  8.000000e+00
     vertex  9.801725e+00  1.981461e+00  7.500000e+00
     vertex  1.029181e+01  2.080535e+00  8.000000e+00
   endloop
 endfacet
 facet normal -6.807839e-01 -1.915429e-01  7.069969e-01
   outer loop
     vertex  1.003351e+01  3.094929e+00  8.000000e+00
     vertex  9.555728e+00  2.947552e+00  7.500000e+00
     vertex  9.690773e+00  2.467574e+00  7.500000e+00
   endloop
 endfacet
 facet normal -6.807839e-01 -1.915429e-01  7.069969e-01
   outer loop
     vertex  1.003351e+01  3.094929e+00  8.000000e+00
     vertex  9.690773e+00  2.467574e+00  7.500000e+00
     vertex  1.017531e+01  2.590953e+00  8.000000e+00
   endloop
 endfacet
 facet normal -6.703900e-01 -2.252391e-01  7.069969e-01
   outer loop
     vertex  9.866773e+00  3.591212e+00  8.000000e+00
     vertex  9.396926e+00  3.420201e+00  7.500000e+00
     vertex  9.555728e+00  2.947552e+00  7.500000e+00
   endloop
 endfacet
 facet normal -6.703900e-01 -2.252391e-01  7.069969e-01
   outer loop
     vertex  9.866773e+00  3.591212e+00  8.000000e+00
     vertex  9.555728e+00  2.947552e+00  7.500000e+00
     vertex  1.003351e+01  3.094929e+00  8.000000e+00
   endloop
 endfacet
 facet normal -6.583294e-01 -2.583753e-01  7.069969e-01
   outer loop
     vertex  9.675500e+00  4.078565e+00  8.000000e+00
     vertex  9.214762e+00  3.884348e+00  7.500000e+00
     vertex  9.396926e+00  3.420201e+00  7.500000e+00
   endloop
 endfacet
 facet normal -6.583294e-01 -2.583753e-01  7.069969e-01
   outer loop
     vertex  9.675500e+00  4.078565e+00  8.000000e+00
     vertex  9.396926e+00  3.420201e+00  7.500000e+00
     vertex  9.866773e+00  3.591212e+00  8.000000e+00
   endloop
 endfacet
 facet normal -6.446321e-01 -2.908691e-01  7.069969e-01
   outer loop
     vertex  9.460173e+00  4.555779e+00  8.000000e+00
     vertex  9.009689e+00  4.338837e+00  7.500000e+00
     vertex  9.214762e+00  3.884348e+00  7.500000e+00
   endloop
 endfacet
 facet normal -6.446321e-01 -2.908691e-01  7.069969e-01
   outer loop
     vertex  9.460173e+00  4.555779e+00  8.000000e+00
     vertex  9.214762e+00  3.884348e+00  7.500000e+00
     vertex  9.675500e+00  4.078565e+00  8.000000e+00
   endloop
 endfacet
 facet normal -6.293322e-01 -3.226398e-01  7.069969e-01
   outer loop
     vertex  9.221327e+00  5.021667e+00  8.000000e+00
     vertex  8.782216e+00  4.782540e+00  7.500000e+00
     vertex  9.009689e+00  4.338837e+00  7.500000e+00
   endloop
 endfacet
 facet normal -6.293322e-01 -3.226398e-01  7.069969e-01
   outer loop
     vertex  9.221327e+00  5.021667e+00  8.000000e+00
     vertex  9.009689e+00  4.338837e+00  7.500000e+00
     vertex  9.460173e+00  4.555779e+00  8.000000e+00
   endloop
 endfacet
 facet normal -6.124676e-01 -3.536083e-01  7.069969e-01
   outer loop
     vertex  8.959554e+00  5.475070e+00  8.000000e+00
     vertex  8.532909e+00  5.214352e+00  7.500000e+00
     vertex  8.782216e+00  4.782540e+00  7.500000e+00
   endloop
 endfacet
 facet normal -6.124676e-01 -3.536083e-01  7.069969e-01
   outer loop
     vertex  8.959554e+00  5.475070e+00  8.000000e+00
     vertex  8.782216e+00  4.782540e+00  7.500000e+00
     vertex  9.221327e+00  5.021667e+00  8.000000e+00
   endloop
 endfacet
 facet normal -5.940803e-01 -3.836978e-01  7.069969e-01
   outer loop
     vertex  8.675507e+00  5.914861e+00  8.000000e+00
     vertex  8.532909e+00  5.214352e+00  7.500000e+00
     vertex  8.959554e+00  5.475070e+00  8.000000e+00
   endloop
 endfacet
 facet normal -5.940803e-01 -3.836978e-01  7.069969e-01
   outer loop
     vertex  8.675507e+00  5.914861e+00  8.000000e+00
     vertex  8.262388e+00  5.633201e+00  7.500000e+00
     vertex  8.532909e+00  5.214352e+00  7.500000e+00
   endloop
 endfacet
 facet normal -5.742161e-01 -4.128333e-01  7.069969e-01
   outer loop
     vertex  8.369891e+00  6.339946e+00  8.000000e+00
     vertex  8.262388e+00  5.633201e+00  7.500000e+00
     vertex  8.675507e+00  5.914861e+00  8.000000e+00
   endloop
 endfacet
 facet normal -5.742161e-01 -4.128333e-01  7.069969e-01
   outer loop
     vertex  8.369891e+00  6.339946e+00  8.000000e+00
     vertex  7.971325e+00  6.038044e+00  7.500000e+00
     vertex  8.262388e+00  5.633201e+00  7.500000e+00
   endloop
 endfacet
 facet normal -5.529243e-01 -4.409424e-01  7.069969e-01
   outer loop
     vertex  8.043467e+00  6.749270e+00  8.000000e+00
     vertex  7.971325e+00  6.038044e+00  7.500000e+00
     vertex  8.369891e+00  6.339946e+00  8.000000e+00
   endloop
 endfacet
 facet normal -5.529243e-01 -4.409424e-01  7.069969e-01
   outer loop
     vertex  8.043467e+00  6.749270e+00  8.000000e+00
     vertex  7.660444e+00  6.427876e+00  7.500000e+00
     vertex  7.971325e+00  6.038044e+00  7.500000e+00
   endloop
 endfacet
 facet normal -5.302578e-01 -4.679553e-01  7.069969e-01
   outer loop
     vertex  7.697045e+00  7.141814e+00  8.000000e+00
     vertex  7.330519e+00  6.801727e+00  7.500000e+00
     vertex  7.660444e+00  6.427876e+00  7.500000e+00
   endloop
 endfacet
 facet normal -5.302578e-01 -4.679553e-01  7.069969e-01
   outer loop
     vertex  7.697045e+00  7.141814e+00  8.000000e+00
     vertex  7.660444e+00  6.427876e+00  7.500000e+00
     vertex  8.043467e+00  6.749270e+00  8.000000e+00
   endloop
 endfacet
 facet normal -5.062730e-01 -4.938047e-01  7.069969e-01
   outer loop
     vertex  7.331487e+00  7.516602e+00  8.000000e+00
     vertex  6.982368e+00  7.158668e+00  7.500000e+00
     vertex  7.330519e+00  6.801727e+00  7.500000e+00
   endloop
 endfacet
 facet normal -4.810295e-01 -5.184265e-01  7.069969e-01
   outer loop
     vertex  7.331487e+00  7.516602e+00  8.000000e+00
     vertex  6.616858e+00  7.497812e+00  7.500000e+00
     vertex  6.982368e+00  7.158668e+00  7.500000e+00
   endloop
 endfacet
 facet normal -5.062730e-01 -4.938047e-01  7.069969e-01
   outer loop
     vertex  7.331487e+00  7.516602e+00  8.000000e+00
     vertex  7.330519e+00  6.801727e+00  7.500000e+00
     vertex  7.697045e+00  7.141814e+00  8.000000e+00
   endloop
 endfacet
 facet normal -4.810295e-01 -5.184265e-01  7.069969e-01
   outer loop
     vertex  6.947701e+00  7.872703e+00  8.000000e+00
     vertex  6.616858e+00  7.497812e+00  7.500000e+00
     vertex  7.331487e+00  7.516602e+00  8.000000e+00
   endloop
 endfacet
 facet normal -4.545901e-01 -5.417594e-01  7.069969e-01
   outer loop
     vertex  6.546643e+00  8.209231e+00  8.000000e+00
     vertex  6.616858e+00  7.497812e+00  7.500000e+00
     vertex  6.947701e+00  7.872703e+00  8.000000e+00
   endloop
 endfacet
 facet normal -4.545901e-01 -5.417594e-01  7.069969e-01
   outer loop
     vertex  6.546643e+00  8.209231e+00  8.000000e+00
     vertex  6.234898e+00  7.818315e+00  7.500000e+00
     vertex  6.616858e+00  7.497812e+00  7.500000e+00
   endloop
 endfacet
 facet normal -4.270206e-01 -5.637454e-01  7.069969e-01
   outer loop
     vertex  6.546643e+00  8.209231e+00  8.000000e+00
     vertex  5.837437e+00  8.119380e+00  7.500000e+00
     vertex  6.234898e+00  7.818315e+00  7.500000e+00
   endloop
 endfacet
 facet normal -3.983893e-01 -5.843298e-01  7.069969e-01
   outer loop
     vertex  6.129309e+00  8.525349e+00  8.000000e+00
     vertex  5.425463e+00  8.400259e+00  7.500000e+00
     vertex  5.837437e+00  8.119380e+00  7.500000e+00
   endloop
 endfacet
 facet normal -4.270206e-01 -5.637454e-01  7.069969e-01
   outer loop
     vertex  6.129309e+00  8.525349e+00  8.000000e+00
     vertex  5.837437e+00  8.119380e+00  7.500000e+00
     vertex  6.546643e+00  8.209231e+00  8.000000e+00
   endloop
 endfacet
 facet normal -3.983893e-01 -5.843298e-01  7.069969e-01
   outer loop
     vertex  5.696736e+00  8.820272e+00  8.000000e+00
     vertex  5.425463e+00  8.400259e+00  7.500000e+00
     vertex  6.129309e+00  8.525349e+00  8.000000e+00
   endloop
 endfacet
 facet normal -3.687677e-01 -6.034615e-01  7.069969e-01
   outer loop
     vertex  5.250000e+00  9.093267e+00  8.000000e+00
     vertex  5.000000e+00  8.660254e+00  7.500000e+00
     vertex  5.425463e+00  8.400259e+00  7.500000e+00
   endloop
 endfacet
 facet normal -3.382292e-01 -6.210929e-01  7.069969e-01
   outer loop
     vertex  5.250000e+00  9.093267e+00  8.000000e+00
     vertex  4.562107e+00  8.898718e+00  7.500000e+00
     vertex  5.000000e+00  8.660254e+00  7.500000e+00
   endloop
 endfacet
 facet normal -3.687677e-01 -6.034615e-01  7.069969e-01
   outer loop
     vertex  5.250000e+00  9.093267e+00  8.000000e+00
     vertex  5.425463e+00  8.400259e+00  7.500000e+00
     vertex  5.696736e+00  8.820272e+00  8.000000e+00
   endloop
 endfacet
 facet normal -3.382292e-01 -6.210929e-01  7.069969e-01
   outer loop
     vertex  4.790212e+00  9.343654e+00  8.000000e+00
     vertex  4.562107e+00  8.898718e+00  7.500000e+00
     vertex  5.250000e+00  9.093267e+00  8.000000e+00
   endloop
 endfacet
 facet normal -3.068498e-01 -6.371802e-01  7.069969e-01
   outer loop
     vertex  4.318515e+00  9.570811e+00  8.000000e+00
     vertex  4.112871e+00  9.115059e+00  7.500000e+00
     vertex  4.562107e+00  8.898718e+00  7.500000e+00
   endloop
 endfacet
 facet normal -3.068498e-01 -6.371802e-01  7.069969e-01
   outer loop
     vertex  4.318515e+00  9.570811e+00  8.000000e+00
     vertex  4.562107e+00  8.898718e+00  7.500000e+00
     vertex  4.790212e+00  9.343654e+00  8.000000e+00
   endloop
 endfacet
 facet normal -2.747076e-01 -6.516833e-01  7.069969e-01
   outer loop
     vertex  3.836081e+00  9.774174e+00  8.000000e+00
     vertex  3.653410e+00  9.308737e+00  7.500000e+00
     vertex  4.112871e+00  9.115059e+00  7.500000e+00
   endloop
 endfacet
 facet normal -2.418824e-01 -6.645663e-01  7.069969e-01
   outer loop
     vertex  3.836081e+00  9.774174e+00  8.000000e+00
     vertex  3.184867e+00  9.479273e+00  7.500000e+00
     vertex  3.653410e+00  9.308737e+00  7.500000e+00
   endloop
 endfacet
 facet normal -2.747076e-01 -6.516833e-01  7.069969e-01
   outer loop
     vertex  3.836081e+00  9.774174e+00  8.000000e+00
     vertex  4.112871e+00  9.115059e+00  7.500000e+00
     vertex  4.318515e+00  9.570811e+00  8.000000e+00
   endloop
 endfacet
 facet normal -2.418824e-01 -6.645663e-01  7.069969e-01
   outer loop
     vertex  3.344110e+00  9.953237e+00  8.000000e+00
     vertex  3.184867e+00  9.479273e+00  7.500000e+00
     vertex  3.836081e+00  9.774174e+00  8.000000e+00
   endloop
 endfacet
 facet normal -2.084558e-01 -6.757970e-01  7.069969e-01
   outer loop
     vertex  2.843825e+00  1.010755e+01  8.000000e+00
     vertex  2.708405e+00  9.626242e+00  7.500000e+00
     vertex  3.184867e+00  9.479273e+00  7.500000e+00
   endloop
 endfacet
 facet normal -2.084558e-01 -6.757970e-01  7.069969e-01
   outer loop
     vertex  2.843825e+00  1.010755e+01  8.000000e+00
     vertex  3.184867e+00  9.479273e+00  7.500000e+00
     vertex  3.344110e+00  9.953237e+00  8.000000e+00
   endloop
 endfacet
 facet normal -1.745109e-01 -6.853476e-01  7.069969e-01
   outer loop
     vertex  2.336470e+00  1.023674e+01  8.000000e+00
     vertex  2.225209e+00  9.749279e+00  7.500000e+00
     vertex  2.708405e+00  9.626242e+00  7.500000e+00
   endloop
 endfacet
 facet normal -1.745109e-01 -6.853476e-01  7.069969e-01
   outer loop
     vertex  2.336470e+00  1.023674e+01  8.000000e+00
     vertex  2.708405e+00  9.626242e+00  7.500000e+00
     vertex  2.843825e+00  1.010755e+01  8.000000e+00
   endloop
 endfacet
 facet normal -1.401323e-01 -6.931943e-01  7.069969e-01
   outer loop
     vertex  1.823306e+00  1.034048e+01  8.000000e+00
     vertex  1.736482e+00  9.848078e+00  7.500000e+00
     vertex  2.225209e+00  9.749279e+00  7.500000e+00
   endloop
 endfacet
 facet normal -1.401323e-01 -6.931943e-01  7.069969e-01
   outer loop
     vertex  1.823306e+00  1.034048e+01  8.000000e+00
     vertex  2.225209e+00  9.749279e+00  7.500000e+00
     vertex  2.336470e+00  1.023674e+01  8.000000e+00
   endloop
 endfacet
 facet normal -1.054052e-01 -6.993177e-01  7.069969e-01
   outer loop
     vertex  1.305609e+00  1.041851e+01  8.000000e+00
     vertex  1.243437e+00  9.922392e+00  7.500000e+00
     vertex  1.736482e+00  9.848078e+00  7.500000e+00
   endloop
 endfacet
 facet normal -1.054052e-01 -6.993177e-01  7.069969e-01
   outer loop
     vertex  1.305609e+00  1.041851e+01  8.000000e+00
     vertex  1.736482e+00  9.848078e+00  7.500000e+00
     vertex  1.823306e+00  1.034048e+01  8.000000e+00
   endloop
 endfacet
 facet normal -7.041604e-02 -7.037024e-01  7.069969e-01
   outer loop
     vertex  7.846660e-01  1.047064e+01  8.000000e+00
     vertex  7.473009e-01  9.972038e+00  7.500000e+00
     vertex  1.243437e+00  9.922392e+00  7.500000e+00
   endloop
 endfacet
 facet normal -7.041604e-02 -7.037024e-01  7.069969e-01
   outer loop
     vertex  7.846660e-01  1.047064e+01  8.000000e+00
     vertex  1.243437e+00  9.922392e+00  7.500000e+00
     vertex  1.305609e+00  1.041851e+01  8.000000e+00
   endloop
 endfacet
 facet normal -3.525184e-02 -7.063376e-01  7.069969e-01
   outer loop
     vertex  2.617723e-01  1.049674e+01  8.000000e+00
     vertex  2.493069e-01  9.996892e+00  7.500000e+00
     vertex  7.473009e-01  9.972038e+00  7.500000e+00
   endloop
 endfacet
 facet normal -3.525184e-02 -7.063376e-01  7.069969e-01
   outer loop
     vertex  2.617723e-01  1.049674e+01  8.000000e+00
     vertex  7.473009e-01  9.972038e+00  7.500000e+00
     vertex  7.846660e-01  1.047064e+01  8.000000e+00
   endloop
 endfacet
 facet normal  0.000000e+00 -7.072167e-01  7.069969e-01
   outer loop
     vertex -2.617723e-01  1.049674e+01  8.000000e+00
     vertex -2.493069e-01  9.996892e+00  7.500000e+00
     vertex  2.493069e-01  9.996892e+00  7.500000e+00
   endloop
 endfacet
 facet normal  0.000000e+00 -7.072167e-01  7.069969e-01
   outer loop
     vertex -2.617723e-01  1.049674e+01  8.000000e+00
     vertex  2.493069e-01  9.996892e+00  7.500000e+00
     vertex  2.617723e-01  1.049674e+01  8.000000e+00
   endloop
 endfacet
 facet normal  3.525184e-02 -7.063376e-01  7.069969e-01
   outer loop
     vertex -7.846660e-01  1.047064e+01  8.000000e+00
     vertex -7.473009e-01  9.972038e+00  7.500000e+00
     vertex -2.493069e-01  9.996892e+00  7.500000e+00
   endloop
 endfacet
 facet normal  3.525184e-02 -7.063376e-01  7.069969e-01
   outer loop
     vertex -7.846660e-01  1.047064e+01  8.000000e+00
     vertex -2.493069e-01  9.996892e+00  7.500000e+00
     vertex -2.617723e-01  1.049674e+01  8.000000e+00
   endloop
 endfacet
 facet normal  7.041604e-02 -7.037024e-01  7.069969e-01
   outer loop
     vertex -1.305609e+00  1.041851e+01  8.000000e+00
     vertex -1.243437e+00  9.922392e+00  7.500000e+00
     vertex -7.473009e-01  9.972038e+00  7.500000e+00
   endloop
 endfacet
 facet normal  7.041604e-02 -7.037024e-01  7.069969e-01
   outer loop
     vertex -1.305609e+00  1.041851e+01  8.000000e+00
     vertex -7.473009e-01  9.972038e+00  7.500000e+00
     vertex -7.846660e-01  1.047064e+01  8.000000e+00
   endloop
 endfacet
 facet normal  1.054052e-01 -6.993177e-01  7.069969e-01
   outer loop
     vertex -1.823306e+00  1.034048e+01  8.000000e+00
     vertex -1.736482e+00  9.848078e+00  7.500000e+00
     vertex -1.243437e+00  9.922392e+00  7.500000e+00
   endloop
 endfacet
 facet normal  1.054052e-01 -6.993177e-01  7.069969e-01
   outer loop
     vertex -1.823306e+00  1.034048e+01  8.000000e+00
     vertex -1.243437e+00  9.922392e+00  7.500000e+00
     vertex -1.305609e+00  1.041851e+01  8.000000e+00
   endloop
 endfacet
 facet normal  1.401323e-01 -6.931943e-01  7.069969e-01
   outer loop
     vertex -2.336470e+00  1.023674e+01  8.000000e+00
     vertex -2.225209e+00  9.749279e+00  7.500000e+00
     vertex -1.736482e+00  9.848078e+00  7.500000e+00
   endloop
 endfacet
 facet normal  1.401323e-01 -6.931943e-01  7.069969e-01
   outer loop
     vertex -2.336470e+00  1.023674e+01  8.000000e+00
     vertex -1.736482e+00  9.848078e+00  7.500000e+00
     vertex -1.823306e+00  1.034048e+01  8.000000e+00
   endloop
 endfacet
 facet normal  1.745109e-01 -6.853476e-01  7.069969e-01
   outer loop
     vertex -2.843825e+00  1.010755e+01  8.000000e+00
     vertex -2.225209e+00  9.749279e+00  7.500000e+00
     vertex -2.336470e+00  1.023674e+01  8.000000e+00
   endloop
 endfacet
 facet normal  1.745109e-01 -6.853476e-01  7.069969e-01
   outer loop
     vertex -2.843825e+00  1.010755e+01  8.000000e+00
     vertex -2.708405e+00  9.626242e+00  7.500000e+00
     vertex -2.225209e+00  9.749279e+00  7.500000e+00
   endloop
 endfacet
 facet normal  2.084558e-01 -6.757970e-01  7.069969e-01
   outer loop
     vertex -3.344110e+00  9.953237e+00  8.000000e+00
     vertex -2.708405e+00  9.626242e+00  7.500000e+00
     vertex -2.843825e+00  1.010755e+01  8.000000e+00
   endloop
 endfacet
 facet normal  2.084558e-01 -6.757970e-01  7.069969e-01
   outer loop
     vertex -3.344110e+00  9.953237e+00  8.000000e+00
     vertex -3.184867e+00  9.479273e+00  7.500000e+00
     vertex -2.708405e+00  9.626242e+00  7.500000e+00
   endloop
 endfacet
 facet normal  2.418824e-01 -6.645663e-01  7.069969e-01
   outer loop
     vertex -3.836081e+00  9.774174e+00  8.000000e+00
     vertex -3.184867e+00  9.479273e+00  7.500000e+00
     vertex -3.344110e+00  9.953237e+00  8.000000e+00
   endloop
 endfacet
 facet normal  2.418824e-01 -6.645663e-01  7.069969e-01
   outer loop
     vertex -3.836081e+00  9.774174e+00  8.000000e+00
     vertex -3.653410e+00  9.308737e+00  7.500000e+00
     vertex -3.184867e+00  9.479273e+00  7.500000e+00
   endloop
 endfacet
 facet normal  2.747076e-01 -6.516833e-01  7.069969e-01
   outer loop
     vertex -4.318515e+00  9.570811e+00  8.000000e+00
     vertex -3.653410e+00  9.308737e+00  7.500000e+00
     vertex -3.836081e+00  9.774174e+00  8.000000e+00
   endloop
 endfacet
 facet normal  2.747076e-01 -6.516833e-01  7.069969e-01
   outer loop
     vertex -4.318515e+00  9.570811e+00  8.000000e+00
     vertex -4.112871e+00  9.115059e+00  7.500000e+00
     vertex -3.653410e+00  9.308737e+00  7.500000e+00
   endloop
 endfacet
 facet normal  3.068498e-01 -6.371802e-01  7.069969e-01
   outer loop
     vertex -4.790212e+00  9.343654e+00  8.000000e+00
     vertex -4.112871e+00  9.115059e+00  7.500000e+00
     vertex -4.318515e+00  9.570811e+00  8.000000e+00
   endloop
 endfacet
 facet normal  3.068498e-01 -6.371802e-01  7.069969e-01
   outer loop
     vertex -4.790212e+00  9.343654e+00  8.000000e+00
     vertex -4.562107e+00  8.898718e+00  7.500000e+00
     vertex -4.112871e+00  9.115059e+00  7.500000e+00
   endloop
 endfacet
 facet normal  3.382292e-01 -6.210929e-01  7.069969e-01
   outer loop
     vertex -4.790212e+00  9.343654e+00  8.000000e+00
     vertex -5.000000e+00  8.660254e+00  7.500000e+00
     vertex -4.562107e+00  8.898718e+00  7.500000e+00
   endloop
 endfacet
 facet normal  3.382292e-01 -6.210929e-01  7.069969e-01
   outer loop
     vertex -5.250000e+00  9.093267e+00  8.000000e+00
     vertex -5.000000e+00  8.660254e+00  7.500000e+00
     vertex -4.790212e+00  9.343654e+00  8.000000e+00
   endloop
 endfacet
 facet normal  3.687677e-01 -6.034615e-01  7.069969e-01
   outer loop
     vertex -5.696736e+00  8.820272e+00  8.000000e+00
     vertex -5.000000e+00  8.660254e+00  7.500000e+00
     vertex -5.250000e+00  9.093267e+00  8.000000e+00
   endloop
 endfacet
 facet normal  3.687677e-01 -6.034615e-01  7.069969e-01
   outer loop
     vertex -5.696736e+00  8.820272e+00  8.000000e+00
     vertex -5.425463e+00  8.400259e+00  7.500000e+00
     vertex -5.000000e+00  8.660254e+00  7.500000e+00
   endloop
 endfacet
 facet normal  3.983893e-01 -5.843298e-01  7.069969e-01
   outer loop
     vertex -6.129309e+00  8.525349e+00  8.000000e+00
     vertex -5.425463e+00  8.400259e+00  7.500000e+00
     vertex -5.696736e+00  8.820272e+00  8.000000e+00
   endloop
 endfacet
 facet normal  3.983893e-01 -5.843298e-01  7.069969e-01
   outer loop
     vertex -6.129309e+00  8.525349e+00  8.000000e+00
     vertex -5.837437e+00  8.119380e+00  7.500000e+00
     vertex -5.425463e+00  8.400259e+00  7.500000e+00
   endloop
 endfacet
 facet normal  4.270206e-01 -5.637454e-01  7.069969e-01
   outer loop
     vertex -6.546643e+00  8.209231e+00  8.000000e+00
     vertex -5.837437e+00  8.119380e+00  7.500000e+00
     vertex -6.129309e+00  8.525349e+00  8.000000e+00
   endloop
 endfacet
 facet normal  4.270206e-01 -5.637454e-01  7.069969e-01
   outer loop
     vertex -6.546643e+00  8.209231e+00  8.000000e+00
     vertex -6.234898e+00  7.818315e+00  7.500000e+00
     vertex -5.837437e+00  8.119380e+00  7.500000e+00
   endloop
 endfacet
 facet normal  4.545901e-01 -5.417594e-01  7.069969e-01
   outer loop
     vertex -6.546643e+00  8.209231e+00  8.000000e+00
     vertex -6.616858e+00  7.497812e+00  7.500000e+00
     vertex -6.234898e+00  7.818315e+00  7.500000e+00
   endloop
 endfacet
 facet normal  4.545901e-01 -5.417594e-01  7.069969e-01
   outer loop
     vertex -6.947701e+00  7.872703e+00  8.000000e+00
     vertex -6.616858e+00  7.497812e+00  7.500000e+00
     vertex -6.546643e+00  8.209231e+00  8.000000e+00
   endloop
 endfacet
 facet normal  4.810295e-01 -5.184265e-01  7.069969e-01
   outer loop
     vertex -7.331487e+00  7.516602e+00  8.000000e+00
     vertex -6.616858e+00  7.497812e+00  7.500000e+00
     vertex -6.947701e+00  7.872703e+00  8.000000e+00
   endloop
 endfacet
 facet normal  4.810295e-01 -5.184265e-01  7.069969e-01
   outer loop
     vertex -7.331487e+00  7.516602e+00  8.000000e+00
     vertex -6.982368e+00  7.158668e+00  7.500000e+00
     vertex -6.616858e+00  7.497812e+00  7.500000e+00
   endloop
 endfacet
 facet normal  5.062730e-01 -4.938047e-01  7.069969e-01
   outer loop
     vertex -7.697045e+00  7.141814e+00  8.000000e+00
     vertex -6.982368e+00  7.158668e+00  7.500000e+00
     vertex -7.331487e+00  7.516602e+00  8.000000e+00
   endloop
 endfacet
 facet normal  5.062730e-01 -4.938047e-01  7.069969e-01
   outer loop
     vertex -7.697045e+00  7.141814e+00  8.000000e+00
     vertex -7.330519e+00  6.801727e+00  7.500000e+00
     vertex -6.982368e+00  7.158668e+00  7.500000e+00
   endloop
 endfacet
 facet normal  5.302578e-01 -4.679553e-01  7.069969e-01
   outer loop
     vertex -7.697045e+00  7.141814e+00  8.000000e+00
     vertex -7.660444e+00  6.427876e+00  7.500000e+00
     vertex -7.330519e+00  6.801727e+00  7.500000e+00
   endloop
 endfacet
 facet normal  5.302578e-01 -4.679553e-01  7.069969e-01
   outer loop
     vertex -8.043467e+00  6.749270e+00  8.000000e+00
     vertex -7.660444e+00  6.427876e+00  7.500000e+00
     vertex -7.697045e+00  7.141814e+00  8.000000e+00
   endloop
 endfacet
 facet normal  5.529243e-01 -4.409424e-01  7.069969e-01
   outer loop
     vertex -8.369891e+00  6.339946e+00  8.000000e+00
     vertex -7.971325e+00  6.038044e+00  7.500000e+00
     vertex -7.660444e+00  6.427876e+00  7.500000e+00
   endloop
 endfacet
 facet normal  5.529243e-01 -4.409424e-01  7.069969e-01
   outer loop
     vertex -8.369891e+00  6.339946e+00  8.000000e+00
     vertex -7.660444e+00  6.427876e+00  7.500000e+00
     vertex -8.043467e+00  6.749270e+00  8.000000e+00
   endloop
 endfacet
 facet normal  5.742161e-01 -4.128333e-01  7.069969e-01
   outer loop
     vertex -8.675507e+00  5.914861e+00  8.000000e+00
     vertex -8.262388e+00  5.633201e+00  7.500000e+00
     vertex -7.971325e+00  6.038044e+00  7.500000e+00
   endloop
 endfacet
 facet normal  5.742161e-01 -4.128333e-01  7.069969e-01
   outer loop
     vertex -8.675507e+00  5.914861e+00  8.000000e+00
     vertex -7.971325e+00  6.038044e+00  7.500000e+00
     vertex -8.369891e+00  6.339946e+00  8.000000e+00
   endloop
 endfacet
 facet normal  5.940803e-01 -3.836978e-01  7.069969e-01
   outer loop
     vertex -8.959554e+00  5.475070e+00  8.000000e+00
     vertex -8.532909e+00  5.214352e+00  7.500000e+00
     vertex -8.262388e+00  5.633201e+00  7.500000e+00
   endloop
 endfacet
 facet normal  5.940803e-01 -3.836978e-01  7.069969e-01
   outer loop
     vertex -8.959554e+00  5.475070e+00  8.000000e+00
     vertex -8.262388e+00  5.633201e+00  7.500000e+00
     vertex -8.675507e+00  5.914861e+00  8.000000e+00
   endloop
 endfacet
 facet normal  6.124676e-01 -3.536083e-01  7.069969e-01
   outer loop
     vertex -9.221327e+00  5.021667e+00  8.000000e+00
     vertex -8.782216e+00  4.782540e+00  7.500000e+00
     vertex -8.532909e+00  5.214352e+00  7.500000e+00
   endloop
 endfacet
 facet normal  6.293322e-01 -3.226398e-01  7.069969e-01
   outer loop
     vertex -9.221327e+00  5.021667e+00  8.000000e+00
     vertex -9.009689e+00  4.338837e+00  7.500000e+00
     vertex -8.782216e+00  4.782540e+00  7.500000e+00
   endloop
 endfacet
 facet normal  6.124676e-01 -3.536083e-01  7.069969e-01
   outer loop
     vertex -9.221327e+00  5.021667e+00  8.000000e+00
     vertex -8.532909e+00  5.214352e+00  7.500000e+00
     vertex -8.959554e+00  5.475070e+00  8.000000e+00
   endloop
 endfacet
 facet normal  6.293322e-01 -3.226398e-01  7.069969e-01
   outer loop
     vertex -9.460173e+00  4.555779e+00  8.000000e+00
     vertex -9.009689e+00  4.338837e+00  7.500000e+00
     vertex -9.221327e+00  5.021667e+00  8.000000e+00
   endloop
 endfacet
 facet normal  6.446321e-01 -2.908691e-01  7.069969e-01
   outer loop
     vertex -9.675500e+00  4.078565e+00  8.000000e+00
     vertex -9.214762e+00  3.884348e+00  7.500000e+00
     vertex -9.009689e+00  4.338837e+00  7.500000e+00
   endloop
 endfacet
 facet normal  6.583294e-01 -2.583753e-01  7.069969e-01
   outer loop
     vertex -9.675500e+00  4.078565e+00  8.000000e+00
     vertex -9.396926e+00  3.420201e+00  7.500000e+00
     vertex -9.214762e+00  3.884348e+00  7.500000e+00
   endloop
 endfacet
 facet normal  6.446321e-01 -2.908691e-01  7.069969e-01
   outer loop
     vertex -9.675500e+00  4.078565e+00  8.000000e+00
     vertex -9.009689e+00  4.338837e+00  7.500000e+00
     vertex -9.460173e+00  4.555779e+00  8.000000e+00
   endloop
 endfacet
 facet normal  6.583294e-01 -2.583753e-01  7.069969e-01
   outer loop
     vertex -9.866773e+00  3.591212e+00  8.000000e+00
     vertex -9.396926e+00  3.420201e+00  7.500000e+00
     vertex -9.675500e+00  4.078565e+00  8.000000e+00
   endloop
 endfacet
 facet normal  6.703900e-01 -2.252391e-01  7.069969e-01
   outer loop
     vertex -1.003351e+01  3.094929e+00  8.000000e+00
     vertex -9.555728e+00  2.947552e+00  7.500000e+00
     vertex -9.396926e+00  3.420201e+00  7.500000e+00
   endloop
 endfacet
 facet normal  6.703900e-01 -2.252391e-01  7.069969e-01
   outer loop
     vertex -1.003351e+01  3.094929e+00  8.000000e+00
     vertex -9.396926e+00  3.420201e+00  7.500000e+00
     vertex -9.866773e+00  3.591212e+00  8.000000e+00
   endloop
 endfacet
 facet normal  6.807839e-01 -1.915429e-01  7.069969e-01
   outer loop
     vertex -1.017531e+01  2.590953e+00  8.000000e+00
     vertex -9.690773e+00  2.467574e+00  7.500000e+00
     vertex -9.555728e+00  2.947552e+00  7.500000e+00
   endloop
 endfacet
 facet normal  6.807839e-01 -1.915429e-01  7.069969e-01
   outer loop
     vertex -1.017531e+01  2.590953e+00  8.000000e+00
     vertex -9.555728e+00  2.947552e+00  7.500000e+00
     vertex -1.003351e+01  3.094929e+00  8.000000e+00
   endloop
 endfacet
 facet normal  6.894853e-01 -1.573705e-01  7.069969e-01
   outer loop
     vertex -1.029181e+01  2.080535e+00  8.000000e+00
     vertex -9.801725e+00  1.981461e+00  7.500000e+00
     vertex -9.690773e+00  2.467574e+00  7.500000e+00
   endloop
 endfacet
 facet normal  6.894853e-01 -1.573705e-01  7.069969e-01
   outer loop
     vertex -1.029181e+01  2.080535e+00  8.000000e+00
     vertex -9.690773e+00  2.467574e+00  7.500000e+00
     vertex -1.017531e+01  2.590953e+00  8.000000e+00
   endloop
 endfacet
 facet normal  6.964725e-01 -1.228069e-01  7.069969e-01
   outer loop
     vertex -1.038272e+01  1.564944e+00  8.000000e+00
     vertex -9.888308e+00  1.490423e+00  7.500000e+00
     vertex -9.801725e+00  1.981461e+00  7.500000e+00
   endloop
 endfacet
 facet normal  6.964725e-01 -1.228069e-01  7.069969e-01
   outer loop
     vertex -1.038272e+01  1.564944e+00  8.000000e+00
     vertex -9.801725e+00  1.981461e+00  7.500000e+00
     vertex -1.029181e+01  2.080535e+00  8.000000e+00
   endloop
 endfacet
 facet normal  7.017281e-01 -8.793794e-02  7.069969e-01
   outer loop
     vertex -1.044782e+01  1.045462e+00  8.000000e+00
     vertex -9.950308e+00  9.956785e-01  7.500000e+00
     vertex -9.888308e+00  1.490423e+00  7.500000e+00
   endloop
 endfacet
 facet normal  7.017281e-01 -8.793794e-02  7.069969e-01
   outer loop
     vertex -1.044782e+01  1.045462e+00  8.000000e+00
     vertex -9.888308e+00  1.490423e+00  7.500000e+00
     vertex -1.038272e+01  1.564944e+00  8.000000e+00
   endloop
 endfacet
 facet normal  7.052392e-01 -5.285037e-02  7.069969e-01
   outer loop
     vertex -1.048695e+01  5.233818e-01  8.000000e+00
     vertex -9.950308e+00  9.956785e-01  7.500000e+00
     vertex -1.044782e+01  1.045462e+00  8.000000e+00
   endloop
 endfacet
 facet normal  7.052392e-01 -5.285037e-02  7.069969e-01
   outer loop
     vertex -1.048695e+01  5.233818e-01  8.000000e+00
     vertex -9.987569e+00  4.984589e-01  7.500000e+00
     vertex -9.950308e+00  9.956785e-01  7.500000e+00
   endloop
 endfacet
 facet normal  7.069969e-01 -1.763140e-02  7.069969e-01
   outer loop
     vertex -1.050000e+01 -3.503075e-14  8.000000e+00
     vertex -9.987569e+00  4.984589e-01  7.500000e+00
     vertex -1.048695e+01  5.233818e-01  8.000000e+00
   endloop
 endfacet
 facet normal  7.069969e-01 -1.763140e-02  7.069969e-01
   outer loop
     vertex -1.050000e+01 -3.503075e-14  8.000000e+00
     vertex -1.000000e+01 -3.331563e-14  7.500000e+00
     vertex -9.987569e+00  4.984589e-01  7.500000e+00
   endloop
 endfacet
 facet normal  7.069969e-01  1.763140e-02  7.069969e-01
   outer loop
     vertex -1.048695e+01 -5.233818e-01  8.000000e+00
     vertex -1.000000e+01 -3.331563e-14  7.500000e+00
     vertex -1.050000e+01 -3.503075e-14  8.000000e+00
   endloop
 endfacet
 facet normal  7.069969e-01  1.763140e-02  7.069969e-01
   outer loop
     vertex -1.048695e+01 -5.233818e-01  8.000000e+00
     vertex -9.987569e+00 -4.984589e-01  7.500000e+00
     vertex -1.000000e+01 -3.331563e-14  7.500000e+00
   endloop
 endfacet
 facet normal  7.052392e-01  5.285037e-02  7.069969e-01
   outer loop
     vertex -1.048695e+01 -5.233818e-01  8.000000e+00
     vertex -9.950308e+00 -9.956785e-01  7.500000e+00
     vertex -9.987569e+00 -4.984589e-01  7.500000e+00
   endloop
 endfacet
 facet normal  7.052392e-01  5.285037e-02  7.069969e-01
   outer loop
     vertex -1.044782e+01 -1.045462e+00  8.000000e+00
     vertex -9.950308e+00 -9.956785e-01  7.500000e+00
     vertex -1.048695e+01 -5.233818e-01  8.000000e+00
   endloop
 endfacet
 facet normal  7.017281e-01  8.793794e-02  7.069969e-01
   outer loop
     vertex -1.038272e+01 -1.564944e+00  8.000000e+00
     vertex -9.950308e+00 -9.956785e-01  7.500000e+00
     vertex -1.044782e+01 -1.045462e+00  8.000000e+00
   endloop
 endfacet
 facet normal  7.017281e-01  8.793794e-02  7.069969e-01
   outer loop
     vertex -1.038272e+01 -1.564944e+00  8.000000e+00
     vertex -9.888308e+00 -1.490423e+00  7.500000e+00
     vertex -9.950308e+00 -9.956785e-01  7.500000e+00
   endloop
 endfacet
 facet normal  6.964725e-01  1.228069e-01  7.069969e-01
   outer loop
     vertex -1.029181e+01 -2.080535e+00  8.000000e+00
     vertex -9.888308e+00 -1.490423e+00  7.500000e+00
     vertex -1.038272e+01 -1.564944e+00  8.000000e+00
   endloop
 endfacet
 facet normal  6.964725e-01  1.228069e-01  7.069969e-01
   outer loop
     vertex -1.029181e+01 -2.080535e+00  8.000000e+00
     vertex -9.801725e+00 -1.981461e+00  7.500000e+00
     vertex -9.888308e+00 -1.490423e+00  7.500000e+00
   endloop
 endfacet
 facet normal  6.894853e-01  1.573705e-01  7.069969e-01
   outer loop
     vertex -1.029181e+01 -2.080535e+00  8.000000e+00
     vertex -9.690773e+00 -2.467574e+00  7.500000e+00
     vertex -9.801725e+00 -1.981461e+00  7.500000e+00
   endloop
 endfacet
 facet normal  6.894853e-01  1.573705e-01  7.069969e-01
   outer loop
     vertex -1.017531e+01 -2.590953e+00  8.000000e+00
     vertex -9.690773e+00 -2.467574e+00  7.500000e+00
     vertex -1.029181e+01 -2.080535e+00  8.000000e+00
   endloop
 endfacet
 facet normal  6.807839e-01  1.915429e-01  7.069969e-01
   outer loop
     vertex -1.003351e+01 -3.094929e+00  8.000000e+00
     vertex -9.690773e+00 -2.467574e+00  7.500000e+00
     vertex -1.017531e+01 -2.590953e+00  8.000000e+00
   endloop
 endfacet
 facet normal  6.807839e-01  1.915429e-01  7.069969e-01
   outer loop
     vertex -1.003351e+01 -3.094929e+00  8.000000e+00
     vertex -9.555728e+00 -2.947552e+00  7.500000e+00
     vertex -9.690773e+00 -2.467574e+00  7.500000e+00
   endloop
 endfacet
 facet normal  6.703900e-01  2.252391e-01  7.069969e-01
   outer loop
     vertex -9.866773e+00 -3.591212e+00  8.000000e+00
     vertex -9.555728e+00 -2.947552e+00  7.500000e+00
     vertex -1.003351e+01 -3.094929e+00  8.000000e+00
   endloop
 endfacet
 facet normal  6.703900e-01  2.252391e-01  7.069969e-01
   outer loop
     vertex -9.866773e+00 -3.591212e+00  8.000000e+00
     vertex -9.396926e+00 -3.420201e+00  7.500000e+00
     vertex -9.555728e+00 -2.947552e+00  7.500000e+00
   endloop
 endfacet
 facet normal  6.583294e-01  2.583753e-01  7.069969e-01
   outer loop
     vertex -9.866773e+00 -3.591212e+00  8.000000e+00
     vertex -9.214762e+00 -3.884348e+00  7.500000e+00
     vertex -9.396926e+00 -3.420201e+00  7.500000e+00
   endloop
 endfacet
 facet normal  6.583294e-01  2.583753e-01  7.069969e-01
   outer loop
     vertex -9.675500e+00 -4.078565e+00  8.000000e+00
     vertex -9.214762e+00 -3.884348e+00  7.500000e+00
     vertex -9.866773e+00 -3.591212e+00  8.000000e+00
   endloop
 endfacet
 facet normal  6.446321e-01  2.908691e-01  7.069969e-01
   outer loop
     vertex -9.460173e+00 -4.555779e+00  8.000000e+00
     vertex -9.214762e+00 -3.884348e+00  7.500000e+00
     vertex -9.675500e+00 -4.078565e+00  8.000000e+00
   endloop
 endfacet
 facet normal  6.446321e-01  2.908691e-01  7.069969e-01
   outer loop
     vertex -9.460173e+00 -4.555779e+00  8.000000e+00
     vertex -9.009689e+00 -4.338837e+00  7.500000e+00
     vertex -9.214762e+00 -3.884348e+00  7.500000e+00
   endloop
 endfacet
 facet normal  6.293322e-01  3.226398e-01  7.069969e-01
   outer loop
     vertex -9.221327e+00 -5.021667e+00  8.000000e+00
     vertex -9.009689e+00 -4.338837e+00  7.500000e+00
     vertex -9.460173e+00 -4.555779e+00  8.000000e+00
   endloop
 endfacet
 facet normal  6.293322e-01  3.226398e-01  7.069969e-01
   outer loop
     vertex -9.221327e+00 -5.021667e+00  8.000000e+00
     vertex -8.782216e+00 -4.782540e+00  7.500000e+00
     vertex -9.009689e+00 -4.338837e+00  7.500000e+00
   endloop
 endfacet
 facet normal  6.124676e-01  3.536083e-01  7.069969e-01
   outer loop
     vertex -8.959554e+00 -5.475070e+00  8.000000e+00
     vertex -8.782216e+00 -4.782540e+00  7.500000e+00
     vertex -9.221327e+00 -5.021667e+00  8.000000e+00
   endloop
 endfacet
 facet normal  6.124676e-01  3.536083e-01  7.069969e-01
   outer loop
     vertex -8.959554e+00 -5.475070e+00  8.000000e+00
     vertex -8.532909e+00 -5.214352e+00  7.500000e+00
     vertex -8.782216e+00 -4.782540e+00  7.500000e+00
   endloop
 endfacet
 facet normal  5.940803e-01  3.836978e-01  7.069969e-01
   outer loop
     vertex -8.675507e+00 -5.914861e+00  8.000000e+00
     vertex -8.532909e+00 -5.214352e+00  7.500000e+00
     vertex -8.959554e+00 -5.475070e+00  8.000000e+00
   endloop
 endfacet
 facet normal  5.940803e-01  3.836978e-01  7.069969e-01
   outer loop
     vertex -8.675507e+00 -5.914861e+00  8.000000e+00
     vertex -8.262388e+00 -5.633201e+00  7.500000e+00
     vertex -8.532909e+00 -5.214352e+00  7.500000e+00
   endloop
 endfacet
 facet normal  5.742161e-01  4.128333e-01  7.069969e-01
   outer loop
     vertex -8.369891e+00 -6.339946e+00  8.000000e+00
     vertex -8.262388e+00 -5.633201e+00  7.500000e+00
     vertex -8.675507e+00 -5.914861e+00  8.000000e+00
   endloop
 endfacet
 facet normal  5.742161e-01  4.128333e-01  7.069969e-01
   outer loop
     vertex -8.369891e+00 -6.339946e+00  8.000000e+00
     vertex -7.971325e+00 -6.038044e+00  7.500000e+00
     vertex -8.262388e+00 -5.633201e+00  7.500000e+00
   endloop
 endfacet
 facet normal  5.529243e-01  4.409424e-01  7.069969e-01
   outer loop
     vertex -8.369891e+00 -6.339946e+00  8.000000e+00
     vertex -7.660444e+00 -6.427876e+00  7.500000e+00
     vertex -7.971325e+00 -6.038044e+00  7.500000e+00
   endloop
 endfacet
 facet normal  5.529243e-01  4.409424e-01  7.069969e-01
   outer loop
     vertex -8.043467e+00 -6.749270e+00  8.000000e+00
     vertex -7.660444e+00 -6.427876e+00  7.500000e+00
     vertex -8.369891e+00 -6.339946e+00  8.000000e+00
   endloop
 endfacet
 facet normal  5.302578e-01  4.679553e-01  7.069969e-01
   outer loop
     vertex -7.697045e+00 -7.141814e+00  8.000000e+00
     vertex -7.660444e+00 -6.427876e+00  7.500000e+00
     vertex -8.043467e+00 -6.749270e+00  8.000000e+00
   endloop
 endfacet
 facet normal  5.302578e-01  4.679553e-01  7.069969e-01
   outer loop
     vertex -7.697045e+00 -7.141814e+00  8.000000e+00
     vertex -7.330519e+00 -6.801727e+00  7.500000e+00
     vertex -7.660444e+00 -6.427876e+00  7.500000e+00
   endloop
 endfacet
 facet normal  5.062730e-01  4.938047e-01  7.069969e-01
   outer loop
     vertex -7.331487e+00 -7.516602e+00  8.000000e+00
     vertex -7.330519e+00 -6.801727e+00  7.500000e+00
     vertex -7.697045e+00 -7.141814e+00  8.000000e+00
   endloop
 endfacet
 facet normal  5.062730e-01  4.938047e-01  7.069969e-01
   outer loop
     vertex -7.331487e+00 -7.516602e+00  8.000000e+00
     vertex -6.982368e+00 -7.158668e+00  7.500000e+00
     vertex -7.330519e+00 -6.801727e+00  7.500000e+00
   endloop
 endfacet
 facet normal  4.810295e-01  5.184265e-01  7.069969e-01
   outer loop
     vertex -6.947701e+00 -7.872703e+00  8.000000e+00
     vertex -6.982368e+00 -7.158668e+00  7.500000e+00
     vertex -7.331487e+00 -7.516602e+00  8.000000e+00
   endloop
 endfacet
 facet normal  4.810295e-01  5.184265e-01  7.069969e-01
   outer loop
     vertex -6.947701e+00 -7.872703e+00  8.000000e+00
     vertex -6.616858e+00 -7.497812e+00  7.500000e+00
     vertex -6.982368e+00 -7.158668e+00  7.500000e+00
   endloop
 endfacet
 facet normal  4.545901e-01  5.417594e-01  7.069969e-01
   outer loop
     vertex -6.546643e+00 -8.209231e+00  8.000000e+00
     vertex -6.616858e+00 -7.497812e+00  7.500000e+00
     vertex -6.947701e+00 -7.872703e+00  8.000000e+00
   endloop
 endfacet
 facet normal  4.545901e-01  5.417594e-01  7.069969e-01
   outer loop
     vertex -6.546643e+00 -8.209231e+00  8.000000e+00
     vertex -6.234898e+00 -7.818315e+00  7.500000e+00
     vertex -6.616858e+00 -7.497812e+00  7.500000e+00
   endloop
 endfacet
 facet normal  4.270206e-01  5.637454e-01  7.069969e-01
   outer loop
     vertex -6.546643e+00 -8.209231e+00  8.000000e+00
     vertex -5.837437e+00 -8.119380e+00  7.500000e+00
     vertex -6.234898e+00 -7.818315e+00  7.500000e+00
   endloop
 endfacet
 facet normal  4.270206e-01  5.637454e-01  7.069969e-01
   outer loop
     vertex -6.129309e+00 -8.525349e+00  8.000000e+00
     vertex -5.837437e+00 -8.119380e+00  7.500000e+00
     vertex -6.546643e+00 -8.209231e+00  8.000000e+00
   endloop
 endfacet
 facet normal  3.983893e-01  5.843298e-01  7.069969e-01
   outer loop
     vertex -5.696736e+00 -8.820272e+00  8.000000e+00
     vertex -5.425463e+00 -8.400259e+00  7.500000e+00
     vertex -5.837437e+00 -8.119380e+00  7.500000e+00
   endloop
 endfacet
 facet normal  3.983893e-01  5.843298e-01  7.069969e-01
   outer loop
     vertex -5.696736e+00 -8.820272e+00  8.000000e+00
     vertex -5.837437e+00 -8.119380e+00  7.500000e+00
     vertex -6.129309e+00 -8.525349e+00  8.000000e+00
   endloop
 endfacet
 facet normal  3.687677e-01  6.034615e-01  7.069969e-01
   outer loop
     vertex -5.250000e+00 -9.093267e+00  8.000000e+00
     vertex -5.000000e+00 -8.660254e+00  7.500000e+00
     vertex -5.425463e+00 -8.400259e+00  7.500000e+00
   endloop
 endfacet
 facet normal  3.687677e-01  6.034615e-01  7.069969e-01
   outer loop
     vertex -5.250000e+00 -9.093267e+00  8.000000e+00
     vertex -5.425463e+00 -8.400259e+00  7.500000e+00
     vertex -5.696736e+00 -8.820272e+00  8.000000e+00
   endloop
 endfacet
 facet normal  3.382292e-01  6.210929e-01  7.069969e-01
   outer loop
     vertex -4.790212e+00 -9.343654e+00  8.000000e+00
     vertex -4.562107e+00 -8.898718e+00  7.500000e+00
     vertex -5.000000e+00 -8.660254e+00  7.500000e+00
   endloop
 endfacet
 facet normal  3.068498e-01  6.371802e-01  7.069969e-01
   outer loop
     vertex -4.790212e+00 -9.343654e+00  8.000000e+00
     vertex -4.112871e+00 -9.115059e+00  7.500000e+00
     vertex -4.562107e+00 -8.898718e+00  7.500000e+00
   endloop
 endfacet
 facet normal  3.382292e-01  6.210929e-01  7.069969e-01
   outer loop
     vertex -4.790212e+00 -9.343654e+00  8.000000e+00
     vertex -5.000000e+00 -8.660254e+00  7.500000e+00
     vertex -5.250000e+00 -9.093267e+00  8.000000e+00
   endloop
 endfacet
 facet normal  3.068498e-01  6.371802e-01  7.069969e-01
   outer loop
     vertex -4.318515e+00 -9.570811e+00  8.000000e+00
     vertex -4.112871e+00 -9.115059e+00  7.500000e+00
     vertex -4.790212e+00 -9.343654e+00  8.000000e+00
   endloop
 endfacet
 facet normal  2.747076e-01  6.516833e-01  7.069969e-01
   outer loop
     vertex -3.836081e+00 -9.774174e+00  8.000000e+00
     vertex -4.112871e+00 -9.115059e+00  7.500000e+00
     vertex -4.318515e+00 -9.570811e+00  8.000000e+00
   endloop
 endfacet
 facet normal  2.747076e-01  6.516833e-01  7.069969e-01
   outer loop
     vertex -3.836081e+00 -9.774174e+00  8.000000e+00
     vertex -3.653410e+00 -9.308737e+00  7.500000e+00
     vertex -4.112871e+00 -9.115059e+00  7.500000e+00
   endloop
 endfacet
 facet normal  2.418824e-01  6.645663e-01  7.069969e-01
   outer loop
     vertex -3.344110e+00 -9.953237e+00  8.000000e+00
     vertex -3.653410e+00 -9.308737e+00  7.500000e+00
     vertex -3.836081e+00 -9.774174e+00  8.000000e+00
   endloop
 endfacet
 facet normal  2.418824e-01  6.645663e-01  7.069969e-01
   outer loop
     vertex -3.344110e+00 -9.953237e+00  8.000000e+00
     vertex -3.184867e+00 -9.479273e+00  7.500000e+00
     vertex -3.653410e+00 -9.308737e+00  7.500000e+00
   endloop
 endfacet
 facet normal  2.084558e-01  6.757970e-01  7.069969e-01
   outer loop
     vertex -3.344110e+00 -9.953237e+00  8.000000e+00
     vertex -2.708405e+00 -9.626242e+00  7.500000e+00
     vertex -3.184867e+00 -9.479273e+00  7.500000e+00
   endloop
 endfacet
 facet normal  2.084558e-01  6.757970e-01  7.069969e-01
   outer loop
     vertex -2.843825e+00 -1.010755e+01  8.000000e+00
     vertex -2.708405e+00 -9.626242e+00  7.500000e+00
     vertex -3.344110e+00 -9.953237e+00  8.000000e+00
   endloop
 endfacet
 facet normal  1.745109e-01  6.853476e-01  7.069969e-01
   outer loop
     vertex -2.336470e+00 -1.023674e+01  8.000000e+00
     vertex -2.708405e+00 -9.626242e+00  7.500000e+00
     vertex -2.843825e+00 -1.010755e+01  8.000000e+00
   endloop
 endfacet
 facet normal  1.745109e-01  6.853476e-01  7.069969e-01
   outer loop
     vertex -2.336470e+00 -1.023674e+01  8.000000e+00
     vertex -2.225209e+00 -9.749279e+00  7.500000e+00
     vertex -2.708405e+00 -9.626242e+00  7.500000e+00
   endloop
 endfacet
 facet normal  1.401323e-01  6.931943e-01  7.069969e-01
   outer loop
     vertex -1.823306e+00 -1.034048e+01  8.000000e+00
     vertex -2.225209e+00 -9.749279e+00  7.500000e+00
     vertex -2.336470e+00 -1.023674e+01  8.000000e+00
   endloop
 endfacet
 facet normal  1.401323e-01  6.931943e-01  7.069969e-01
   outer loop
     vertex -1.823306e+00 -1.034048e+01  8.000000e+00
     vertex -1.736482e+00 -9.848078e+00  7.500000e+00
     vertex -2.225209e+00 -9.749279e+00  7.500000e+00
   endloop
 endfacet
 facet normal  1.054052e-01  6.993177e-01  7.069969e-01
   outer loop
     vertex -1.305609e+00 -1.041851e+01  8.000000e+00
     vertex -1.736482e+00 -9.848078e+00  7.500000e+00
     vertex -1.823306e+00 -1.034048e+01  8.000000e+00
   endloop
 endfacet
 facet normal  1.054052e-01  6.993177e-01  7.069969e-01
   outer loop
     vertex -1.305609e+00 -1.041851e+01  8.000000e+00
     vertex -1.243437e+00 -9.922392e+00  7.500000e+00
     vertex -1.736482e+00 -9.848078e+00  7.500000e+00
   endloop
 endfacet
 facet normal  7.041604e-02  7.037024e-01  7.069969e-01
   outer loop
     vertex -7.846660e-01 -1.047064e+01  8.000000e+00
     vertex -1.243437e+00 -9.922392e+00  7.500000e+00
     vertex -1.305609e+00 -1.041851e+01  8.000000e+00
   endloop
 endfacet
 facet normal  7.041604e-02  7.037024e-01  7.069969e-01
   outer loop
     vertex -7.846660e-01 -1.047064e+01  8.000000e+00
     vertex -7.473009e-01 -9.972038e+00  7.500000e+00
     vertex -1.243437e+00 -9.922392e+00  7.500000e+00
   endloop
 endfacet
 facet normal  3.525184e-02  7.063376e-01  7.069969e-01
   outer loop
     vertex -2.617723e-01 -1.049674e+01  8.000000e+00
     vertex -7.473009e-01 -9.972038e+00  7.500000e+00
     vertex -7.846660e-01 -1.047064e+01  8.000000e+00
   endloop
 endfacet
 facet normal  3.525184e-02  7.063376e-01  7.069969e-01
   outer loop
     vertex -2.617723e-01 -1.049674e+01  8.000000e+00
     vertex -2.493069e-01 -9.996892e+00  7.500000e+00
     vertex -7.473009e-01 -9.972038e+00  7.500000e+00
   endloop
 endfacet
 facet normal -7.198638e-15  7.072167e-01  7.069969e-01
   outer loop
     vertex  2.617723e-01 -1.049674e+01  8.000000e+00
     vertex -2.493069e-01 -9.996892e+00  7.500000e+00
     vertex -2.617723e-01 -1.049674e+01  8.000000e+00
   endloop
 endfacet
 facet normal -5.039047e-15  7.072167e-01  7.069969e-01
   outer loop
     vertex  2.617723e-01 -1.049674e+01  8.000000e+00
     vertex  2.493069e-01 -9.996892e+00  7.500000e+00
     vertex -2.493069e-01 -9.996892e+00  7.500000e+00
   endloop
 endfacet
 facet normal -3.525184e-02  7.063376e-01  7.069969e-01
   outer loop
     vertex  2.617723e-01 -1.049674e+01  8.000000e+00
     vertex  7.473009e-01 -9.972038e+00  7.500000e+00
     vertex  2.493069e-01 -9.996892e+00  7.500000e+00
   endloop
 endfacet
 facet normal -3.525184e-02  7.063376e-01  7.069969e-01
   outer loop
     vertex  7.846660e-01 -1.047064e+01  8.000000e+00
     vertex  7.473009e-01 -9.972038e+00  7.500000e+00
     vertex  2.617723e-01 -1.049674e+01  8.000000e+00
   endloop
 endfacet
 facet normal -7.041604e-02  7.037024e-01  7.069969e-01
   outer loop
     vertex  1.305609e+00 -1.041851e+01  8.000000e+00
     vertex  7.473009e-01 -9.972038e+00  7.500000e+00
     vertex  7.846660e-01 -1.047064e+01  8.000000e+00
   endloop
 endfacet
 facet normal -7.041604e-02  7.037024e-01  7.069969e-01
   outer loop
     vertex  1.305609e+00 -1.041851e+01  8.000000e+00
     vertex  1.243437e+00 -9.922392e+00  7.500000e+00
     vertex  7.473009e-01 -9.972038e+00  7.500000e+00
   endloop
 endfacet
 facet normal -1.054052e-01  6.993177e-01  7.069969e-01
   outer loop
     vertex  1.823306e+00 -1.034048e+01  8.000000e+00
     vertex  1.243437e+00 -9.922392e+00  7.500000e+00
     vertex  1.305609e+00 -1.041851e+01  8.000000e+00
   endloop
 endfacet
 facet normal -1.054052e-01  6.993177e-01  7.069969e-01
   outer loop
     vertex  1.823306e+00 -1.034048e+01  8.000000e+00
     vertex  1.736482e+00 -9.848078e+00  7.500000e+00
     vertex  1.243437e+00 -9.922392e+00  7.500000e+00
   endloop
 endfacet
 facet normal -1.401323e-01  6.931943e-01  7.069969e-01
   outer loop
     vertex  2.336470e+00 -1.023674e+01  8.000000e+00
     vertex  1.736482e+00 -9.848078e+00  7.500000e+00
     vertex  1.823306e+00 -1.034048e+01  8.000000e+00
   endloop
 endfacet
 facet normal -1.401323e-01  6.931943e-01  7.069969e-01
   outer loop
     vertex  2.336470e+00 -1.023674e+01  8.000000e+00
     vertex  2.225209e+00 -9.749279e+00  7.500000e+00
     vertex  1.736482e+00 -9.848078e+00  7.500000e+00
   endloop
 endfacet
 facet normal -1.745109e-01  6.853476e-01  7.069969e-01
   outer loop
     vertex  2.843825e+00 -1.010755e+01  8.000000e+00
     vertex  2.708405e+00 -9.626242e+00  7.500000e+00
     vertex  2.225209e+00 -9.749279e+00  7.500000e+00
   endloop
 endfacet
 facet normal -1.745109e-01  6.853476e-01  7.069969e-01
   outer loop
     vertex  2.843825e+00 -1.010755e+01  8.000000e+00
     vertex  2.225209e+00 -9.749279e+00  7.500000e+00
     vertex  2.336470e+00 -1.023674e+01  8.000000e+00
   endloop
 endfacet
 facet normal -2.084558e-01  6.757970e-01  7.069969e-01
   outer loop
     vertex  3.344110e+00 -9.953237e+00  8.000000e+00
     vertex  3.184867e+00 -9.479273e+00  7.500000e+00
     vertex  2.708405e+00 -9.626242e+00  7.500000e+00
   endloop
 endfacet
 facet normal -2.418824e-01  6.645663e-01  7.069969e-01
   outer loop
     vertex  3.344110e+00 -9.953237e+00  8.000000e+00
     vertex  3.653410e+00 -9.308737e+00  7.500000e+00
     vertex  3.184867e+00 -9.479273e+00  7.500000e+00
   endloop
 endfacet
 facet normal -2.084558e-01  6.757970e-01  7.069969e-01
   outer loop
     vertex  3.344110e+00 -9.953237e+00  8.000000e+00
     vertex  2.708405e+00 -9.626242e+00  7.500000e+00
     vertex  2.843825e+00 -1.010755e+01  8.000000e+00
   endloop
 endfacet
 facet normal -2.418824e-01  6.645663e-01  7.069969e-01
   outer loop
     vertex  3.836081e+00 -9.774174e+00  8.000000e+00
     vertex  3.653410e+00 -9.308737e+00  7.500000e+00
     vertex  3.344110e+00 -9.953237e+00  8.000000e+00
   endloop
 endfacet
 facet normal -2.747076e-01  6.516833e-01  7.069969e-01
   outer loop
     vertex  4.318515e+00 -9.570811e+00  8.000000e+00
     vertex  4.112871e+00 -9.115059e+00  7.500000e+00
     vertex  3.653410e+00 -9.308737e+00  7.500000e+00
   endloop
 endfacet
 facet normal -2.747076e-01  6.516833e-01  7.069969e-01
   outer loop
     vertex  4.318515e+00 -9.570811e+00  8.000000e+00
     vertex  3.653410e+00 -9.308737e+00  7.500000e+00
     vertex  3.836081e+00 -9.774174e+00  8.000000e+00
   endloop
 endfacet
 facet normal -3.068498e-01  6.371802e-01  7.069969e-01
   outer loop
     vertex  4.790212e+00 -9.343654e+00  8.000000e+00
     vertex  4.562107e+00 -8.898718e+00  7.500000e+00
     vertex  4.112871e+00 -9.115059e+00  7.500000e+00
   endloop
 endfacet
 facet normal -3.068498e-01  6.371802e-01  7.069969e-01
   outer loop
     vertex  4.790212e+00 -9.343654e+00  8.000000e+00
     vertex  4.112871e+00 -9.115059e+00  7.500000e+00
     vertex  4.318515e+00 -9.570811e+00  8.000000e+00
   endloop
 endfacet
 facet normal -3.382292e-01  6.210929e-01  7.069969e-01
   outer loop
     vertex  5.250000e+00 -9.093267e+00  8.000000e+00
     vertex  5.000000e+00 -8.660254e+00  7.500000e+00
     vertex  4.562107e+00 -8.898718e+00  7.500000e+00
   endloop
 endfacet
 facet normal -3.687677e-01  6.034615e-01  7.069969e-01
   outer loop
     vertex  5.250000e+00 -9.093267e+00  8.000000e+00
     vertex  5.425463e+00 -8.400259e+00  7.500000e+00
     vertex  5.000000e+00 -8.660254e+00  7.500000e+00
   endloop
 endfacet
 facet normal -3.382292e-01  6.210929e-01  7.069969e-01
   outer loop
     vertex  5.250000e+00 -9.093267e+00  8.000000e+00
     vertex  4.562107e+00 -8.898718e+00  7.500000e+00
     vertex  4.790212e+00 -9.343654e+00  8.000000e+00
   endloop
 endfacet
 facet normal -3.983893e-01  5.843298e-01  7.069969e-01
   outer loop
     vertex  5.696736e+00 -8.820272e+00  8.000000e+00
     vertex  5.837437e+00 -8.119380e+00  7.500000e+00
     vertex  5.425463e+00 -8.400259e+00  7.500000e+00
   endloop
 endfacet
 facet normal -3.687677e-01  6.034615e-01  7.069969e-01
   outer loop
     vertex  5.696736e+00 -8.820272e+00  8.000000e+00
     vertex  5.425463e+00 -8.400259e+00  7.500000e+00
     vertex  5.250000e+00 -9.093267e+00  8.000000e+00
   endloop
 endfacet
 facet normal -3.983893e-01  5.843298e-01  7.069969e-01
   outer loop
     vertex  6.129309e+00 -8.525349e+00  8.000000e+00
     vertex  5.837437e+00 -8.119380e+00  7.500000e+00
     vertex  5.696736e+00 -8.820272e+00  8.000000e+00
   endloop
 endfacet
 facet normal -4.270206e-01  5.637454e-01  7.069969e-01
   outer loop
     vertex  6.546643e+00 -8.209231e+00  8.000000e+00
     vertex  6.234898e+00 -7.818315e+00  7.500000e+00
     vertex  5.837437e+00 -8.119380e+00  7.500000e+00
   endloop
 endfacet
 facet normal -4.270206e-01  5.637454e-01  7.069969e-01
   outer loop
     vertex  6.546643e+00 -8.209231e+00  8.000000e+00
     vertex  5.837437e+00 -8.119380e+00  7.500000e+00
     vertex  6.129309e+00 -8.525349e+00  8.000000e+00
   endloop
 endfacet
 facet normal -4.545901e-01  5.417594e-01  7.069969e-01
   outer loop
     vertex  6.947701e+00 -7.872703e+00  8.000000e+00
     vertex  6.616858e+00 -7.497812e+00  7.500000e+00
     vertex  6.234898e+00 -7.818315e+00  7.500000e+00
   endloop
 endfacet
 facet normal -4.545901e-01  5.417594e-01  7.069969e-01
   outer loop
     vertex  6.947701e+00 -7.872703e+00  8.000000e+00
     vertex  6.234898e+00 -7.818315e+00  7.500000e+00
     vertex  6.546643e+00 -8.209231e+00  8.000000e+00
   endloop
 endfacet
 facet normal -4.810295e-01  5.184265e-01  7.069969e-01
   outer loop
     vertex  7.331487e+00 -7.516602e+00  8.000000e+00
     vertex  6.982368e+00 -7.158668e+00  7.500000e+00
     vertex  6.616858e+00 -7.497812e+00  7.500000e+00
   endloop
 endfacet
 facet normal -4.810295e-01  5.184265e-01  7.069969e-01
   outer loop
     vertex  7.331487e+00 -7.516602e+00  8.000000e+00
     vertex  6.616858e+00 -7.497812e+00  7.500000e+00
     vertex  6.947701e+00 -7.872703e+00  8.000000e+00
   endloop
 endfacet
 facet normal -5.062730e-01  4.938047e-01  7.069969e-01
   outer loop
     vertex  7.697045e+00 -7.141814e+00  8.000000e+00
     vertex  7.330519e+00 -6.801727e+00  7.500000e+00
     vertex  6.982368e+00 -7.158668e+00  7.500000e+00
   endloop
 endfacet
 facet normal -5.062730e-01  4.938047e-01  7.069969e-01
   outer loop
     vertex  7.697045e+00 -7.141814e+00  8.000000e+00
     vertex  6.982368e+00 -7.158668e+00  7.500000e+00
     vertex  7.331487e+00 -7.516602e+00  8.000000e+00
   endloop
 endfacet
 facet normal -5.302578e-01  4.679553e-01  7.069969e-01
   outer loop
     vertex  8.043467e+00 -6.749270e+00  8.000000e+00
     vertex  7.660444e+00 -6.427876e+00  7.500000e+00
     vertex  7.330519e+00 -6.801727e+00  7.500000e+00
   endloop
 endfacet
 facet normal -5.302578e-01  4.679553e-01  7.069969e-01
   outer loop
     vertex  8.043467e+00 -6.749270e+00  8.000000e+00
     vertex  7.330519e+00 -6.801727e+00  7.500000e+00
     vertex  7.697045e+00 -7.141814e+00  8.000000e+00
   endloop
 endfacet
 facet normal -5.529243e-01  4.409424e-01  7.069969e-01
   outer loop
     vertex  8.369891e+00 -6.339946e+00  8.000000e+00
     vertex  7.660444e+00 -6.427876e+00  7.500000e+00
     vertex  8.043467e+00 -6.749270e+00  8.000000e+00
   endloop
 endfacet
 facet normal -5.529243e-01  4.409424e-01  7.069969e-01
   outer loop
     vertex  8.369891e+00 -6.339946e+00  8.000000e+00
     vertex  7.971325e+00 -6.038044e+00  7.500000e+00
     vertex  7.660444e+00 -6.427876e+00  7.500000e+00
   endloop
 endfacet
 facet normal -5.742161e-01  4.128333e-01  7.069969e-01
   outer loop
     vertex  8.675507e+00 -5.914861e+00  8.000000e+00
     vertex  7.971325e+00 -6.038044e+00  7.500000e+00
     vertex  8.369891e+00 -6.339946e+00  8.000000e+00
   endloop
 endfacet
 facet normal -5.742161e-01  4.128333e-01  7.069969e-01
   outer loop
     vertex  8.675507e+00 -5.914861e+00  8.000000e+00
     vertex  8.262388e+00 -5.633201e+00  7.500000e+00
     vertex  7.971325e+00 -6.038044e+00  7.500000e+00
   endloop
 endfacet
 facet normal -5.940803e-01  3.836978e-01  7.069969e-01
   outer loop
     vertex  8.959554e+00 -5.475070e+00  8.000000e+00
     vertex  8.262388e+00 -5.633201e+00  7.500000e+00
     vertex  8.675507e+00 -5.914861e+00  8.000000e+00
   endloop
 endfacet
 facet normal -5.940803e-01  3.836978e-01  7.069969e-01
   outer loop
     vertex  8.959554e+00 -5.475070e+00  8.000000e+00
     vertex  8.532909e+00 -5.214352e+00  7.500000e+00
     vertex  8.262388e+00 -5.633201e+00  7.500000e+00
   endloop
 endfacet
 facet normal -6.124676e-01  3.536083e-01  7.069969e-01
   outer loop
     vertex  9.221327e+00 -5.021667e+00  8.000000e+00
     vertex  8.532909e+00 -5.214352e+00  7.500000e+00
     vertex  8.959554e+00 -5.475070e+00  8.000000e+00
   endloop
 endfacet
 facet normal -6.124676e-01  3.536083e-01  7.069969e-01
   outer loop
     vertex  9.221327e+00 -5.021667e+00  8.000000e+00
     vertex  8.782216e+00 -4.782540e+00  7.500000e+00
     vertex  8.532909e+00 -5.214352e+00  7.500000e+00
   endloop
 endfacet
 facet normal -6.293322e-01  3.226398e-01  7.069969e-01
   outer loop
     vertex  9.460173e+00 -4.555779e+00  8.000000e+00
     vertex  8.782216e+00 -4.782540e+00  7.500000e+00
     vertex  9.221327e+00 -5.021667e+00  8.000000e+00
   endloop
 endfacet
 facet normal -6.293322e-01  3.226398e-01  7.069969e-01
   outer loop
     vertex  9.460173e+00 -4.555779e+00  8.000000e+00
     vertex  9.009689e+00 -4.338837e+00  7.500000e+00
     vertex  8.782216e+00 -4.782540e+00  7.500000e+00
   endloop
 endfacet
 facet normal -6.446321e-01  2.908691e-01  7.069969e-01
   outer loop
     vertex  9.460173e+00 -4.555779e+00  8.000000e+00
     vertex  9.214762e+00 -3.884348e+00  7.500000e+00
     vertex  9.009689e+00 -4.338837e+00  7.500000e+00
   endloop
 endfacet
 facet normal -6.446321e-01  2.908691e-01  7.069969e-01
   outer loop
     vertex  9.675500e+00 -4.078565e+00  8.000000e+00
     vertex  9.214762e+00 -3.884348e+00  7.500000e+00
     vertex  9.460173e+00 -4.555779e+00  8.000000e+00
   endloop
 endfacet
 facet normal -6.583294e-01  2.583753e-01  7.069969e-01
   outer loop
     vertex  9.866773e+00 -3.591212e+00  8.000000e+00
     vertex  9.396926e+00 -3.420201e+00  7.500000e+00
     vertex  9.214762e+00 -3.884348e+00  7.500000e+00
   endloop
 endfacet
 facet normal -6.703900e-01  2.252391e-01  7.069969e-01
   outer loop
     vertex  9.866773e+00 -3.591212e+00  8.000000e+00
     vertex  9.555728e+00 -2.947552e+00  7.500000e+00
     vertex  9.396926e+00 -3.420201e+00  7.500000e+00
   endloop
 endfacet
 facet normal -6.583294e-01  2.583753e-01  7.069969e-01
   outer loop
     vertex  9.866773e+00 -3.591212e+00  8.000000e+00
     vertex  9.214762e+00 -3.884348e+00  7.500000e+00
     vertex  9.675500e+00 -4.078565e+00  8.000000e+00
   endloop
 endfacet
 facet normal -6.703900e-01  2.252391e-01  7.069969e-01
   outer loop
     vertex  1.003351e+01 -3.094929e+00  8.000000e+00
     vertex  9.555728e+00 -2.947552e+00  7.500000e+00
     vertex  9.866773e+00 -3.591212e+00  8.000000e+00
   endloop
 endfacet
 facet normal -6.807839e-01  1.915429e-01  7.069969e-01
   outer loop
     vertex  1.017531e+01 -2.590953e+00  8.000000e+00
     vertex  9.690773e+00 -2.467574e+00  7.500000e+00
     vertex  9.555728e+00 -2.947552e+00  7.500000e+00
   endloop
 endfacet
 facet normal -6.807839e-01  1.915429e-01  7.069969e-01
   outer loop
     vertex  1.017531e+01 -2.590953e+00  8.000000e+00
     vertex  9.555728e+00 -2.947552e+00  7.500000e+00
     vertex  1.003351e+01 -3.094929e+00  8.000000e+00
   endloop
 endfacet
 facet normal -6.894853e-01  1.573705e-01  7.069969e-01
   outer loop
     vertex  1.029181e+01 -2.080535e+00  8.000000e+00
     vertex  9.801725e+00 -1.981461e+00  7.500000e+00
     vertex  9.690773e+00 -2.467574e+00  7.500000e+00
   endloop
 endfacet
 facet normal -6.894853e-01  1.573705e-01  7.069969e-01
   outer loop
     vertex  1.029181e+01 -2.080535e+00  8.000000e+00
     vertex  9.690773e+00 -2.467574e+00  7.500000e+00
     vertex  1.017531e+01 -2.590953e+00  8.000000e+00
   endloop
 endfacet
 facet normal -6.964725e-01  1.228069e-01  7.069969e-01
   outer loop
     vertex  1.038272e+01 -1.564944e+00  8.000000e+00
     vertex  9.888308e+00 -1.490423e+00  7.500000e+00
     vertex  9.801725e+00 -1.981461e+00  7.500000e+00
   endloop
 endfacet
 facet normal -7.017281e-01  8.793794e-02  7.069969e-01
   outer loop
     vertex  1.038272e+01 -1.564944e+00  8.000000e+00
     vertex  9.950308e+00 -9.956785e-01  7.500000e+00
     vertex  9.888308e+00 -1.490423e+00  7.500000e+00
   endloop
 endfacet
 facet normal -6.964725e-01  1.228069e-01  7.069969e-01
   outer loop
     vertex  1.038272e+01 -1.564944e+00  8.000000e+00
     vertex  9.801725e+00 -1.981461e+00  7.500000e+00
     vertex  1.029181e+01 -2.080535e+00  8.000000e+00
   endloop
 endfacet
 facet normal -7.017281e-01  8.793794e-02  7.069969e-01
   outer loop
     vertex  1.044782e+01 -1.045462e+00  8.000000e+00
     vertex  9.950308e+00 -9.956785e-01  7.500000e+00
     vertex  1.038272e+01 -1.564944e+00  8.000000e+00
   endloop
 endfacet
 facet normal -7.052392e-01  5.285037e-02  7.069969e-01
   outer loop
     vertex  1.048695e+01 -5.233818e-01  8.000000e+00
     vertex  9.987569e+00 -4.984589e-01  7.500000e+00
     vertex  9.950308e+00 -9.956785e-01  7.500000e+00
   endloop
 endfacet
 facet normal -7.052392e-01  5.285037e-02  7.069969e-01
   outer loop
     vertex  1.048695e+01 -5.233818e-01  8.000000e+00
     vertex  9.950308e+00 -9.956785e-01  7.500000e+00
     vertex  1.044782e+01 -1.045462e+00  8.000000e+00
   endloop
 endfacet
 facet normal -7.069969e-01  1.763140e-02  7.069969e-01
   outer loop
     vertex  1.050000e+01  9.868649e-16  8.000000e+00
     vertex  1.000000e+01  9.868649e-16  7.500000e+00
     vertex  9.987569e+00 -4.984589e-01  7.500000e+00
   endloop
 endfacet
 facet normal -7.069969e-01  1.763140e-02  7.069969e-01
   outer loop
     vertex  1.050000e+01  9.868649e-16  8.000000e+00
     vertex  9.987569e+00 -4.984589e-01  7.500000e+00
     vertex  1.048695e+01 -5.233818e-01  8.000000e+00
   endloop
 endfacet
 facet normal -9.996892e-01 -2.493069e-02  0.000000e+00
   outer loop
     vertex  9.987569e+00  4.984589e-01  5.000000e-01
     vertex  1.000000e+01  9.868649e-16  5.000000e-01
     vertex  1.000000e+01  9.868649e-16  7.500000e+00
   endloop
 endfacet
 facet normal -9.996892e-01 -2.493069e-02  0.000000e+00
   outer loop
     vertex  9.987569e+00  4.984589e-01  5.000000e-01
     vertex  1.000000e+01  9.868649e-16  7.500000e+00
     vertex  9.987569e+00  4.984589e-01  7.500000e+00
   endloop
 endfacet
 facet normal -9.972038e-01 -7.473009e-02  0.000000e+00
   outer loop
     vertex  9.987569e+00  4.984589e-01  5.000000e-01
     vertex  9.987569e+00  4.984589e-01  7.500000e+00
     vertex  9.950308e+00  9.956785e-01  7.500000e+00
   endloop
 endfacet
 facet normal -9.972038e-01 -7.473009e-02  0.000000e+00
   outer loop
     vertex  9.950308e+00  9.956785e-01  5.000000e-01
     vertex  9.987569e+00  4.984589e-01  5.000000e-01
     vertex  9.950308e+00  9.956785e-01  7.500000e+00
   endloop
 endfacet
 facet normal -9.922392e-01 -1.243437e-01  0.000000e+00
   outer loop
     vertex  9.888308e+00  1.490423e+00  5.000000e-01
     vertex  9.950308e+00  9.956785e-01  7.500000e+00
     vertex  9.888308e+00  1.490423e+00  7.500000e+00
   endloop
 endfacet
 facet normal -9.922392e-01 -1.243437e-01  0.000000e+00
   outer loop
     vertex  9.888308e+00  1.490423e+00  5.000000e-01
     vertex  9.950308e+00  9.956785e-01  5.000000e-01
     vertex  9.950308e+00  9.956785e-01  7.500000e+00
   endloop
 endfacet
 facet normal -9.848078e-01 -1.736482e-01  0.000000e+00
   outer loop
     vertex  9.801725e+00  1.981461e+00  5.000000e-01
     vertex  9.888308e+00  1.490423e+00  7.500000e+00
     vertex  9.801725e+00  1.981461e+00  7.500000e+00
   endloop
 endfacet
 facet normal -9.848078e-01 -1.736482e-01  0.000000e+00
   outer loop
     vertex  9.801725e+00  1.981461e+00  5.000000e-01
     vertex  9.888308e+00  1.490423e+00  5.000000e-01
     vertex  9.888308e+00  1.490423e+00  7.500000e+00
   endloop
 endfacet
 facet normal -9.749279e-01 -2.225209e-01  0.000000e+00
   outer loop
     vertex  9.690773e+00  2.467574e+00  5.000000e-01
     vertex  9.801725e+00  1.981461e+00  7.500000e+00
     vertex  9.690773e+00  2.467574e+00  7.500000e+00
   endloop
 endfacet
 facet normal -9.749279e-01 -2.225209e-01  0.000000e+00
   outer loop
     vertex  9.690773e+00  2.467574e+00  5.000000e-01
     vertex  9.801725e+00  1.981461e+00  5.000000e-01
     vertex  9.801725e+00  1.981461e+00  7.500000e+00
   endloop
 endfacet
 facet normal -9.626242e-01 -2.708405e-01  0.000000e+00
   outer loop
     vertex  9.555728e+00  2.947552e+00  5.000000e-01
     vertex  9.690773e+00  2.467574e+00  7.500000e+00
     vertex  9.555728e+00  2.947552e+00  7.500000e+00
   endloop
 endfacet
 facet normal -9.479273e-01 -3.184867e-01  0.000000e+00
   outer loop
     vertex  9.555728e+00  2.947552e+00  5.000000e-01
     vertex  9.555728e+00  2.947552e+00  7.500000e+00
     vertex  9.396926e+00  3.420201e+00  7.500000e+00
   endloop
 endfacet
 facet normal -9.626242e-01 -2.708405e-01  0.000000e+00
   outer loop
     vertex  9.555728e+00  2.947552e+00  5.000000e-01
     vertex  9.690773e+00  2.467574e+00  5.000000e-01
     vertex  9.690773e+00  2.467574e+00  7.500000e+00
   endloop
 endfacet
 facet normal -9.479273e-01 -3.184867e-01  0.000000e+00
   outer loop
     vertex  9.396926e+00  3.420201e+00  5.000000e-01
     vertex  9.555728e+00  2.947552e+00  5.000000e-01
     vertex  9.396926e+00  3.420201e+00  7.500000e+00
   endloop
 endfacet
 facet normal -9.308737e-01 -3.653410e-01  0.000000e+00
   outer loop
     vertex  9.214762e+00  3.884348e+00  5.000000e-01
     vertex  9.396926e+00  3.420201e+00  7.500000e+00
     vertex  9.214762e+00  3.884348e+00  7.500000e+00
   endloop
 endfacet
 facet normal -9.308737e-01 -3.653410e-01  0.000000e+00
   outer loop
     vertex  9.214762e+00  3.884348e+00  5.000000e-01
     vertex  9.396926e+00  3.420201e+00  5.000000e-01
     vertex  9.396926e+00  3.420201e+00  7.500000e+00
   endloop
 endfacet
 facet normal -9.115059e-01 -4.112871e-01  0.000000e+00
   outer loop
     vertex  9.009689e+00  4.338837e+00  5.000000e-01
     vertex  9.214762e+00  3.884348e+00  7.500000e+00
     vertex  9.009689e+00  4.338837e+00  7.500000e+00
   endloop
 endfacet
 facet normal -8.898718e-01 -4.562107e-01  0.000000e+00
   outer loop
     vertex  9.009689e+00  4.338837e+00  5.000000e-01
     vertex  9.009689e+00  4.338837e+00  7.500000e+00
     vertex  8.782216e+00  4.782540e+00  7.500000e+00
   endloop
 endfacet
 facet normal -9.115059e-01 -4.112871e-01  0.000000e+00
   outer loop
     vertex  9.009689e+00  4.338837e+00  5.000000e-01
     vertex  9.214762e+00  3.884348e+00  5.000000e-01
     vertex  9.214762e+00  3.884348e+00  7.500000e+00
   endloop
 endfacet
 facet normal -8.660254e-01 -5.000000e-01  0.000000e+00
   outer loop
     vertex  8.782216e+00  4.782540e+00  5.000000e-01
     vertex  8.782216e+00  4.782540e+00  7.500000e+00
     vertex  8.532909e+00  5.214352e+00  7.500000e+00
   endloop
 endfacet
 facet normal -8.898718e-01 -4.562107e-01  0.000000e+00
   outer loop
     vertex  8.782216e+00  4.782540e+00  5.000000e-01
     vertex  9.009689e+00  4.338837e+00  5.000000e-01
     vertex  8.782216e+00  4.782540e+00  7.500000e+00
   endloop
 endfacet
 facet normal -8.660254e-01 -5.000000e-01  0.000000e+00
   outer loop
     vertex  8.532909e+00  5.214352e+00  5.000000e-01
     vertex  8.782216e+00  4.782540e+00  5.000000e-01
     vertex  8.532909e+00  5.214352e+00  7.500000e+00
   endloop
 endfacet
 facet normal -8.400259e-01 -5.425463e-01  0.000000e+00
   outer loop
     vertex  8.262388e+00  5.633201e+00  5.000000e-01
     vertex  8.532909e+00  5.214352e+00  5.000000e-01
     vertex  8.532909e+00  5.214352e+00  7.500000e+00
   endloop
 endfacet
 facet normal -8.400259e-01 -5.425463e-01  0.000000e+00
   outer loop
     vertex  8.262388e+00  5.633201e+00  5.000000e-01
     vertex  8.532909e+00  5.214352e+00  7.500000e+00
     vertex  8.262388e+00  5.633201e+00  7.500000e+00
   endloop
 endfacet
 facet normal -8.119380e-01 -5.837437e-01  0.000000e+00
   outer loop
     vertex  7.971325e+00  6.038044e+00  5.000000e-01
     vertex  8.262388e+00  5.633201e+00  5.000000e-01
     vertex  8.262388e+00  5.633201e+00  7.500000e+00
   endloop
 endfacet
 facet normal -8.119380e-01 -5.837437e-01  0.000000e+00
   outer loop
     vertex  7.971325e+00  6.038044e+00  5.000000e-01
     vertex  8.262388e+00  5.633201e+00  7.500000e+00
     vertex  7.971325e+00  6.038044e+00  7.500000e+00
   endloop
 endfacet
 facet normal -7.818315e-01 -6.234898e-01  0.000000e+00
   outer loop
     vertex  7.971325e+00  6.038044e+00  5.000000e-01
     vertex  7.971325e+00  6.038044e+00  7.500000e+00
     vertex  7.660444e+00  6.427876e+00  7.500000e+00
   endloop
 endfacet
 facet normal -7.818315e-01 -6.234898e-01  0.000000e+00
   outer loop
     vertex  7.660444e+00  6.427876e+00  5.000000e-01
     vertex  7.971325e+00  6.038044e+00  5.000000e-01
     vertex  7.660444e+00  6.427876e+00  7.500000e+00
   endloop
 endfacet
 facet normal -7.497812e-01 -6.616858e-01  0.000000e+00
   outer loop
     vertex  7.330519e+00  6.801727e+00  5.000000e-01
     vertex  7.660444e+00  6.427876e+00  7.500000e+00
     vertex  7.330519e+00  6.801727e+00  7.500000e+00
   endloop
 endfacet
 facet normal -7.497812e-01 -6.616858e-01  0.000000e+00
   outer loop
     vertex  7.330519e+00  6.801727e+00  5.000000e-01
     vertex  7.660444e+00  6.427876e+00  5.000000e-01
     vertex  7.660444e+00  6.427876e+00  7.500000e+00
   endloop
 endfacet
 facet normal -7.158668e-01 -6.982368e-01  0.000000e+00
   outer loop
     vertex  6.982368e+00  7.158668e+00  5.000000e-01
     vertex  7.330519e+00  6.801727e+00  7.500000e+00
     vertex  6.982368e+00  7.158668e+00  7.500000e+00
   endloop
 endfacet
 facet normal -6.801727e-01 -7.330519e-01  0.000000e+00
   outer loop
     vertex  6.982368e+00  7.158668e+00  5.000000e-01
     vertex  6.982368e+00  7.158668e+00  7.500000e+00
     vertex  6.616858e+00  7.497812e+00  7.500000e+00
   endloop
 endfacet
 facet normal -7.158668e-01 -6.982368e-01  0.000000e+00
   outer loop
     vertex  6.982368e+00  7.158668e+00  5.000000e-01
     vertex  7.330519e+00  6.801727e+00  5.000000e-01
     vertex  7.330519e+00  6.801727e+00  7.500000e+00
   endloop
 endfacet
 facet normal -6.801727e-01 -7.330519e-01  0.000000e+00
   outer loop
     vertex  6.616858e+00  7.497812e+00  5.000000e-01
     vertex  6.982368e+00  7.158668e+00  5.000000e-01
     vertex  6.616858e+00  7.497812e+00  7.500000e+00
   endloop
 endfacet
 facet normal -6.427876e-01 -7.660444e-01  0.000000e+00
   outer loop
     vertex  6.234898e+00  7.818315e+00  5.000000e-01
     vertex  6.616858e+00  7.497812e+00  7.500000e+00
     vertex  6.234898e+00  7.818315e+00  7.500000e+00
   endloop
 endfacet
 facet normal -6.427876e-01 -7.660444e-01  0.000000e+00
   outer loop
     vertex  6.234898e+00  7.818315e+00  5.000000e-01
     vertex  6.616858e+00  7.497812e+00  5.000000e-01
     vertex  6.616858e+00  7.497812e+00  7.500000e+00
   endloop
 endfacet
 facet normal -6.038044e-01 -7.971325e-01  0.000000e+00
   outer loop
     vertex  5.837437e+00  8.119380e+00  5.000000e-01
     vertex  6.234898e+00  7.818315e+00  7.500000e+00
     vertex  5.837437e+00  8.119380e+00  7.500000e+00
   endloop
 endfacet
 facet normal -6.038044e-01 -7.971325e-01  0.000000e+00
   outer loop
     vertex  5.837437e+00  8.119380e+00  5.000000e-01
     vertex  6.234898e+00  7.818315e+00  5.000000e-01
     vertex  6.234898e+00  7.818315e+00  7.500000e+00
   endloop
 endfacet
 facet normal -5.633201e-01 -8.262388e-01  0.000000e+00
   outer loop
     vertex  5.425463e+00  8.400259e+00  5.000000e-01
     vertex  5.837437e+00  8.119380e+00  7.500000e+00
     vertex  5.425463e+00  8.400259e+00  7.500000e+00
   endloop
 endfacet
 facet normal -5.633201e-01 -8.262388e-01  0.000000e+00
   outer loop
     vertex  5.425463e+00  8.400259e+00  5.000000e-01
     vertex  5.837437e+00  8.119380e+00  5.000000e-01
     vertex  5.837437e+00  8.119380e+00  7.500000e+00
   endloop
 endfacet
 facet normal -5.214352e-01 -8.532909e-01  0.000000e+00
   outer loop
     vertex  5.000000e+00  8.660254e+00  5.000000e-01
     vertex  5.425463e+00  8.400259e+00  7.500000e+00
     vertex  5.000000e+00  8.660254e+00  7.500000e+00
   endloop
 endfacet
 facet normal -5.214352e-01 -8.532909e-01  0.000000e+00
   outer loop
     vertex  5.000000e+00  8.660254e+00  5.000000e-01
     vertex  5.425463e+00  8.400259e+00  5.000000e-01
     vertex  5.425463e+00  8.400259e+00  7.500000e+00
   endloop
 endfacet
 facet normal -4.782540e-01 -8.782216e-01  0.000000e+00
   outer loop
     vertex  4.562107e+00  8.898718e+00  5.000000e-01
     vertex  5.000000e+00  8.660254e+00  7.500000e+00
     vertex  4.562107e+00  8.898718e+00  7.500000e+00
   endloop
 endfacet
 facet normal -4.782540e-01 -8.782216e-01  0.000000e+00
   outer loop
     vertex  4.562107e+00  8.898718e+00  5.000000e-01
     vertex  5.000000e+00  8.660254e+00  5.000000e-01
     vertex  5.000000e+00  8.660254e+00  7.500000e+00
   endloop
 endfacet
 facet normal -4.338837e-01 -9.009689e-01  0.000000e+00
   outer loop
     vertex  4.112871e+00  9.115059e+00  5.000000e-01
     vertex  4.562107e+00  8.898718e+00  7.500000e+00
     vertex  4.112871e+00  9.115059e+00  7.500000e+00
   endloop
 endfacet
 facet normal -4.338837e-01 -9.009689e-01  0.000000e+00
   outer loop
     vertex  4.112871e+00  9.115059e+00  5.000000e-01
     vertex  4.562107e+00  8.898718e+00  5.000000e-01
     vertex  4.562107e+00  8.898718e+00  7.500000e+00
   endloop
 endfacet
 facet normal -3.884348e-01 -9.214762e-01  0.000000e+00
   outer loop
     vertex  3.653410e+00  9.308737e+00  5.000000e-01
     vertex  4.112871e+00  9.115059e+00  7.500000e+00
     vertex  3.653410e+00  9.308737e+00  7.500000e+00
   endloop
 endfacet
 facet normal -3.420201e-01 -9.396926e-01  0.000000e+00
   outer loop
     vertex  3.653410e+00  9.308737e+00  5.000000e-01
     vertex  3.653410e+00  9.308737e+00  7.500000e+00
     vertex  3.184867e+00  9.479273e+00  7.500000e+00
   endloop
 endfacet
 facet normal -3.884348e-01 -9.214762e-01  0.000000e+00
   outer loop
     vertex  3.653410e+00  9.308737e+00  5.000000e-01
     vertex  4.112871e+00  9.115059e+00  5.000000e-01
     vertex  4.112871e+00  9.115059e+00  7.500000e+00
   endloop
 endfacet
 facet normal -3.420201e-01 -9.396926e-01  0.000000e+00
   outer loop
     vertex  3.184867e+00  9.479273e+00  5.000000e-01
     vertex  3.653410e+00  9.308737e+00  5.000000e-01
     vertex  3.184867e+00  9.479273e+00  7.500000e+00
   endloop
 endfacet
 facet normal -2.947552e-01 -9.555728e-01  0.000000e+00
   outer loop
     vertex  2.708405e+00  9.626242e+00  5.000000e-01
     vertex  3.184867e+00  9.479273e+00  7.500000e+00
     vertex  2.708405e+00  9.626242e+00  7.500000e+00
   endloop
 endfacet
 facet normal -2.947552e-01 -9.555728e-01  0.000000e+00
   outer loop
     vertex  2.708405e+00  9.626242e+00  5.000000e-01
     vertex  3.184867e+00  9.479273e+00  5.000000e-01
     vertex  3.184867e+00  9.479273e+00  7.500000e+00
   endloop
 endfacet
 facet normal -2.467574e-01 -9.690773e-01  0.000000e+00
   outer loop
     vertex  2.225209e+00  9.749279e+00  5.000000e-01
     vertex  2.708405e+00  9.626242e+00  7.500000e+00
     vertex  2.225209e+00  9.749279e+00  7.500000e+00
   endloop
 endfacet
 facet normal -2.467574e-01 -9.690773e-01  0.000000e+00
   outer loop
     vertex  2.225209e+00  9.749279e+00  5.000000e-01
     vertex  2.708405e+00  9.626242e+00  5.000000e-01
     vertex  2.708405e+00  9.626242e+00  7.500000e+00
   endloop
 endfacet
 facet normal -1.981461e-01 -9.801725e-01  0.000000e+00
   outer loop
     vertex  1.736482e+00  9.848078e+00  5.000000e-01
     vertex  2.225209e+00  9.749279e+00  7.500000e+00
     vertex  1.736482e+00  9.848078e+00  7.500000e+00
   endloop
 endfacet
 facet normal -1.981461e-01 -9.801725e-01  0.000000e+00
   outer loop
     vertex  1.736482e+00  9.848078e+00  5.000000e-01
     vertex  2.225209e+00  9.749279e+00  5.000000e-01
     vertex  2.225209e+00  9.749279e+00  7.500000e+00
   endloop
 endfacet
 facet normal -1.490423e-01 -9.888308e-01  0.000000e+00
   outer loop
     vertex  1.243437e+00  9.922392e+00  5.000000e-01
     vertex  1.736482e+00  9.848078e+00  7.500000e+00
     vertex  1.243437e+00  9.922392e+00  7.500000e+00
   endloop
 endfacet
 facet normal -1.490423e-01 -9.888308e-01  0.000000e+00
   outer loop
     vertex  1.243437e+00  9.922392e+00  5.000000e-01
     vertex  1.736482e+00  9.848078e+00  5.000000e-01
     vertex  1.736482e+00  9.848078e+00  7.500000e+00
   endloop
 endfacet
 facet normal -9.956785e-02 -9.950308e-01  0.000000e+00
   outer loop
     vertex  7.473009e-01  9.972038e+00  5.000000e-01
     vertex  1.243437e+00  9.922392e+00  7.500000e+00
     vertex  7.473009e-01  9.972038e+00  7.500000e+00
   endloop
 endfacet
 facet normal -9.956785e-02 -9.950308e-01  0.000000e+00
   outer loop
     vertex  7.473009e-01  9.972038e+00  5.000000e-01
     vertex  1.243437e+00  9.922392e+00  5.000000e-01
     vertex  1.243437e+00  9.922392e+00  7.500000e+00
   endloop
 endfacet
 facet normal -4.984589e-02 -9.987569e-01  0.000000e+00
   outer loop
     vertex  2.493069e-01  9.996892e+00  5.000000e-01
     vertex  7.473009e-01  9.972038e+00  7.500000e+00
     vertex  2.493069e-01  9.996892e+00  7.500000e+00
   endloop
 endfacet
 facet normal -4.984589e-02 -9.987569e-01  0.000000e+00
   outer loop
     vertex  2.493069e-01  9.996892e+00  5.000000e-01
     vertex  7.473009e-01  9.972038e+00  5.000000e-01
     vertex  7.473009e-01  9.972038e+00  7.500000e+00
   endloop
 endfacet
 facet normal  0.000000e+00 -1.000000e+00  0.000000e+00
   outer loop
     vertex -2.493069e-01  9.996892e+00  5.000000e-01
     vertex  2.493069e-01  9.996892e+00  7.500000e+00
     vertex -2.493069e-01  9.996892e+00  7.500000e+00
   endloop
 endfacet
 facet normal  0.000000e+00 -1.000000e+00  0.000000e+00
   outer loop
     vertex -2.493069e-01  9.996892e+00  5.000000e-01
     vertex  2.493069e-01  9.996892e+00  5.000000e-01
     vertex  2.493069e-01  9.996892e+00  7.500000e+00
   endloop
 endfacet
 facet normal  4.984589e-02 -9.987569e-01  0.000000e+00
   outer loop
     vertex -7.473009e-01  9.972038e+00  5.000000e-01
     vertex -2.493069e-01  9.996892e+00  7.500000e+00
     vertex -7.473009e-01  9.972038e+00  7.500000e+00
   endloop
 endfacet
 facet normal  4.984589e-02 -9.987569e-01  0.000000e+00
   outer loop
     vertex -7.473009e-01  9.972038e+00  5.000000e-01
     vertex -2.493069e-01  9.996892e+00  5.000000e-01
     vertex -2.493069e-01  9.996892e+00  7.500000e+00
   endloop
 endfacet
 facet normal  9.956785e-02 -9.950308e-01  0.000000e+00
   outer loop
     vertex -1.243437e+00  9.922392e+00  5.000000e-01
     vertex -7.473009e-01  9.972038e+00  7.500000e+00
     vertex -1.243437e+00  9.922392e+00  7.500000e+00
   endloop
 endfacet
 facet normal  9.956785e-02 -9.950308e-01  0.000000e+00
   outer loop
     vertex -1.243437e+00  9.922392e+00  5.000000e-01
     vertex -7.473009e-01  9.972038e+00  5.000000e-01
     vertex -7.473009e-01  9.972038e+00  7.500000e+00
   endloop
 endfacet
 facet normal  1.490423e-01 -9.888308e-01  0.000000e+00
   outer loop
     vertex -1.736482e+00  9.848078e+00  5.000000e-01
     vertex -1.243437e+00  9.922392e+00  7.500000e+00
     vertex -1.736482e+00  9.848078e+00  7.500000e+00
   endloop
 endfacet
 facet normal  1.490423e-01 -9.888308e-01  0.000000e+00
   outer loop
     vertex -1.736482e+00  9.848078e+00  5.000000e-01
     vertex -1.243437e+00  9.922392e+00  5.000000e-01
     vertex -1.243437e+00  9.922392e+00  7.500000e+00
   endloop
 endfacet
 facet normal  1.981461e-01 -9.801725e-01  0.000000e+00
   outer loop
     vertex -2.225209e+00  9.749279e+00  5.000000e-01
     vertex -1.736482e+00  9.848078e+00  7.500000e+00
     vertex -2.225209e+00  9.749279e+00  7.500000e+00
   endloop
 endfacet
 facet normal  1.981461e-01 -9.801725e-01  0.000000e+00
   outer loop
     vertex -2.225209e+00  9.749279e+00  5.000000e-01
     vertex -1.736482e+00  9.848078e+00  5.000000e-01
     vertex -1.736482e+00  9.848078e+00  7.500000e+00
   endloop
 endfacet
 facet normal  2.467574e-01 -9.690773e-01  0.000000e+00
   outer loop
     vertex -2.708405e+00  9.626242e+00  5.000000e-01
     vertex -2.225209e+00  9.749279e+00  7.500000e+00
     vertex -2.708405e+00  9.626242e+00  7.500000e+00
   endloop
 endfacet
 facet normal  2.947552e-01 -9.555728e-01  0.000000e+00
   outer loop
     vertex -2.708405e+00  9.626242e+00  5.000000e-01
     vertex -2.708405e+00  9.626242e+00  7.500000e+00
     vertex -3.184867e+00  9.479273e+00  7.500000e+00
   endloop
 endfacet
 facet normal  2.467574e-01 -9.690773e-01  0.000000e+00
   outer loop
     vertex -2.708405e+00  9.626242e+00  5.000000e-01
     vertex -2.225209e+00  9.749279e+00  5.000000e-01
     vertex -2.225209e+00  9.749279e+00  7.500000e+00
   endloop
 endfacet
 facet normal  2.947552e-01 -9.555728e-01  0.000000e+00
   outer loop
     vertex -3.184867e+00  9.479273e+00  5.000000e-01
     vertex -2.708405e+00  9.626242e+00  5.000000e-01
     vertex -3.184867e+00  9.479273e+00  7.500000e+00
   endloop
 endfacet
 facet normal  3.420201e-01 -9.396926e-01  0.000000e+00
   outer loop
     vertex -3.653410e+00  9.308737e+00  5.000000e-01
     vertex -3.184867e+00  9.479273e+00  5.000000e-01
     vertex -3.184867e+00  9.479273e+00  7.500000e+00
   endloop
 endfacet
 facet normal  3.420201e-01 -9.396926e-01  0.000000e+00
   outer loop
     vertex -3.653410e+00  9.308737e+00  5.000000e-01
     vertex -3.184867e+00  9.479273e+00  7.500000e+00
     vertex -3.653410e+00  9.308737e+00  7.500000e+00
   endloop
 endfacet
 facet normal  3.884348e-01 -9.214762e-01  0.000000e+00
   outer loop
     vertex -4.112871e+00  9.115059e+00  5.000000e-01
     vertex -3.653410e+00  9.308737e+00  5.000000e-01
     vertex -3.653410e+00  9.308737e+00  7.500000e+00
   endloop
 endfacet
 facet normal  3.884348e-01 -9.214762e-01  0.000000e+00
   outer loop
     vertex -4.112871e+00  9.115059e+00  5.000000e-01
     vertex -3.653410e+00  9.308737e+00  7.500000e+00
     vertex -4.112871e+00  9.115059e+00  7.500000e+00
   endloop
 endfacet
 facet normal  4.338837e-01 -9.009689e-01  0.000000e+00
   outer loop
     vertex -4.112871e+00  9.115059e+00  5.000000e-01
     vertex -4.112871e+00  9.115059e+00  7.500000e+00
     vertex -4.562107e+00  8.898718e+00  7.500000e+00
   endloop
 endfacet
 facet normal  4.338837e-01 -9.009689e-01  0.000000e+00
   outer loop
     vertex -4.562107e+00  8.898718e+00  5.000000e-01
     vertex -4.112871e+00  9.115059e+00  5.000000e-01
     vertex -4.562107e+00  8.898718e+00  7.500000e+00
   endloop
 endfacet
 facet normal  4.782540e-01 -8.782216e-01  0.000000e+00
   outer loop
     vertex -5.000000e+00  8.660254e+00  5.000000e-01
     vertex -4.562107e+00  8.898718e+00  5.000000e-01
     vertex -4.562107e+00  8.898718e+00  7.500000e+00
   endloop
 endfacet
 facet normal  4.782540e-01 -8.782216e-01  0.000000e+00
   outer loop
     vertex -5.000000e+00  8.660254e+00  5.000000e-01
     vertex -4.562107e+00  8.898718e+00  7.500000e+00
     vertex -5.000000e+00  8.660254e+00  7.500000e+00
   endloop
 endfacet
 facet normal  5.214352e-01 -8.532909e-01  0.000000e+00
   outer loop
     vertex -5.425463e+00  8.400259e+00  5.000000e-01
     vertex -5.000000e+00  8.660254e+00  5.000000e-01
     vertex -5.000000e+00  8.660254e+00  7.500000e+00
   endloop
 endfacet
 facet normal  5.214352e-01 -8.532909e-01  0.000000e+00
   outer loop
     vertex -5.425463e+00  8.400259e+00  5.000000e-01
     vertex -5.000000e+00  8.660254e+00  7.500000e+00
     vertex -5.425463e+00  8.400259e+00  7.500000e+00
   endloop
 endfacet
 facet normal  5.633201e-01 -8.262388e-01  0.000000e+00
   outer loop
     vertex -5.425463e+00  8.400259e+00  5.000000e-01
     vertex -5.425463e+00  8.400259e+00  7.500000e+00
     vertex -5.837437e+00  8.119380e+00  7.500000e+00
   endloop
 endfacet
 facet normal  5.633201e-01 -8.262388e-01  0.000000e+00
   outer loop
     vertex -5.837437e+00  8.119380e+00  5.000000e-01
     vertex -5.425463e+00  8.400259e+00  5.000000e-01
     vertex -5.837437e+00  8.119380e+00  7.500000e+00
   endloop
 endfacet
 facet normal  6.038044e-01 -7.971325e-01  0.000000e+00
   outer loop
     vertex -6.234898e+00  7.818315e+00  5.000000e-01
     vertex -5.837437e+00  8.119380e+00  5.000000e-01
     vertex -5.837437e+00  8.119380e+00  7.500000e+00
   endloop
 endfacet
 facet normal  6.038044e-01 -7.971325e-01  0.000000e+00
   outer loop
     vertex -6.234898e+00  7.818315e+00  5.000000e-01
     vertex -5.837437e+00  8.119380e+00  7.500000e+00
     vertex -6.234898e+00  7.818315e+00  7.500000e+00
   endloop
 endfacet
 facet normal  6.427876e-01 -7.660444e-01  0.000000e+00
   outer loop
     vertex -6.616858e+00  7.497812e+00  5.000000e-01
     vertex -6.234898e+00  7.818315e+00  5.000000e-01
     vertex -6.234898e+00  7.818315e+00  7.500000e+00
   endloop
 endfacet
 facet normal  6.427876e-01 -7.660444e-01  0.000000e+00
   outer loop
     vertex -6.616858e+00  7.497812e+00  5.000000e-01
     vertex -6.234898e+00  7.818315e+00  7.500000e+00
     vertex -6.616858e+00  7.497812e+00  7.500000e+00
   endloop
 endfacet
 facet normal  6.801727e-01 -7.330519e-01  0.000000e+00
   outer loop
     vertex -6.982368e+00  7.158668e+00  5.000000e-01
     vertex -6.616858e+00  7.497812e+00  5.000000e-01
     vertex -6.616858e+00  7.497812e+00  7.500000e+00
   endloop
 endfacet
 facet normal  6.801727e-01 -7.330519e-01  0.000000e+00
   outer loop
     vertex -6.982368e+00  7.158668e+00  5.000000e-01
     vertex -6.616858e+00  7.497812e+00  7.500000e+00
     vertex -6.982368e+00  7.158668e+00  7.500000e+00
   endloop
 endfacet
 facet normal  7.158668e-01 -6.982368e-01  0.000000e+00
   outer loop
     vertex -7.330519e+00  6.801727e+00  5.000000e-01
     vertex -6.982368e+00  7.158668e+00  7.500000e+00
     vertex -7.330519e+00  6.801727e+00  7.500000e+00
   endloop
 endfacet
 facet normal  7.158668e-01 -6.982368e-01  0.000000e+00
   outer loop
     vertex -7.330519e+00  6.801727e+00  5.000000e-01
     vertex -6.982368e+00  7.158668e+00  5.000000e-01
     vertex -6.982368e+00  7.158668e+00  7.500000e+00
   endloop
 endfacet
 facet normal  7.497812e-01 -6.616858e-01  0.000000e+00
   outer loop
     vertex -7.330519e+00  6.801727e+00  5.000000e-01
     vertex -7.330519e+00  6.801727e+00  7.500000e+00
     vertex -7.660444e+00  6.427876e+00  7.500000e+00
   endloop
 endfacet
 facet normal  7.497812e-01 -6.616858e-01  0.000000e+00
   outer loop
     vertex -7.660444e+00  6.427876e+00  5.000000e-01
     vertex -7.330519e+00  6.801727e+00  5.000000e-01
     vertex -7.660444e+00  6.427876e+00  7.500000e+00
   endloop
 endfacet
 facet normal  7.818315e-01 -6.234898e-01  0.000000e+00
   outer loop
     vertex -7.971325e+00  6.038044e+00  5.000000e-01
     vertex -7.660444e+00  6.427876e+00  5.000000e-01
     vertex -7.660444e+00  6.427876e+00  7.500000e+00
   endloop
 endfacet
 facet normal  7.818315e-01 -6.234898e-01  0.000000e+00
   outer loop
     vertex -7.971325e+00  6.038044e+00  5.000000e-01
     vertex -7.660444e+00  6.427876e+00  7.500000e+00
     vertex -7.971325e+00  6.038044e+00  7.500000e+00
   endloop
 endfacet
 facet normal  8.119380e-01 -5.837437e-01  0.000000e+00
   outer loop
     vertex -8.262388e+00  5.633201e+00  5.000000e-01
     vertex -7.971325e+00  6.038044e+00  7.500000e+00
     vertex -8.262388e+00  5.633201e+00  7.500000e+00
   endloop
 endfacet
 facet normal  8.400259e-01 -5.425463e-01  0.000000e+00
   outer loop
     vertex -8.262388e+00  5.633201e+00  5.000000e-01
     vertex -8.262388e+00  5.633201e+00  7.500000e+00
     vertex -8.532909e+00  5.214352e+00  7.500000e+00
   endloop
 endfacet
 facet normal  8.119380e-01 -5.837437e-01  0.000000e+00
   outer loop
     vertex -8.262388e+00  5.633201e+00  5.000000e-01
     vertex -7.971325e+00  6.038044e+00  5.000000e-01
     vertex -7.971325e+00  6.038044e+00  7.500000e+00
   endloop
 endfacet
 facet normal  8.660254e-01 -5.000000e-01  0.000000e+00
   outer loop
     vertex -8.532909e+00  5.214352e+00  5.000000e-01
     vertex -8.532909e+00  5.214352e+00  7.500000e+00
     vertex -8.782216e+00  4.782540e+00  7.500000e+00
   endloop
 endfacet
 facet normal  8.400259e-01 -5.425463e-01  0.000000e+00
   outer loop
     vertex -8.532909e+00  5.214352e+00  5.000000e-01
     vertex -8.262388e+00  5.633201e+00  5.000000e-01
     vertex -8.532909e+00  5.214352e+00  7.500000e+00
   endloop
 endfacet
 facet normal  8.898718e-01 -4.562107e-01  0.000000e+00
   outer loop
     vertex -8.782216e+00  4.782540e+00  5.000000e-01
     vertex -8.782216e+00  4.782540e+00  7.500000e+00
     vertex -9.009689e+00  4.338837e+00  7.500000e+00
   endloop
 endfacet
 facet normal  8.660254e-01 -5.000000e-01  0.000000e+00
   outer loop
     vertex -8.782216e+00  4.782540e+00  5.000000e-01
     vertex -8.532909e+00  5.214352e+00  5.000000e-01
     vertex -8.782216e+00  4.782540e+00  7.500000e+00
   endloop
 endfacet
 facet normal  8.898718e-01 -4.562107e-01  0.000000e+00
   outer loop
     vertex -9.009689e+00  4.338837e+00  5.000000e-01
     vertex -8.782216e+00  4.782540e+00  5.000000e-01
     vertex -9.009689e+00  4.338837e+00  7.500000e+00
   endloop
 endfacet
 facet normal  9.115059e-01 -4.112871e-01  0.000000e+00
   outer loop
     vertex -9.214762e+00  3.884348e+00  5.000000e-01
     vertex -9.009689e+00  4.338837e+00  7.500000e+00
     vertex -9.214762e+00  3.884348e+00  7.500000e+00
   endloop
 endfacet
 facet normal  9.308737e-01 -3.653410e-01  0.000000e+00
   outer loop
     vertex -9.214762e+00  3.884348e+00  5.000000e-01
     vertex -9.214762e+00  3.884348e+00  7.500000e+00
     vertex -9.396926e+00  3.420201e+00  7.500000e+00
   endloop
 endfacet
 facet normal  9.115059e-01 -4.112871e-01  0.000000e+00
   outer loop
     vertex -9.214762e+00  3.884348e+00  5.000000e-01
     vertex -9.009689e+00  4.338837e+00  5.000000e-01
     vertex -9.009689e+00  4.338837e+00  7.500000e+00
   endloop
 endfacet
 facet normal  9.308737e-01 -3.653410e-01  0.000000e+00
   outer loop
     vertex -9.396926e+00  3.420201e+00  5.000000e-01
     vertex -9.214762e+00  3.884348e+00  5.000000e-01
     vertex -9.396926e+00  3.420201e+00  7.500000e+00
   endloop
 endfacet
 facet normal  9.479273e-01 -3.184867e-01  0.000000e+00
   outer loop
     vertex -9.555728e+00  2.947552e+00  5.000000e-01
     vertex -9.396926e+00  3.420201e+00  7.500000e+00
     vertex -9.555728e+00  2.947552e+00  7.500000e+00
   endloop
 endfacet
 facet normal  9.479273e-01 -3.184867e-01  0.000000e+00
   outer loop
     vertex -9.555728e+00  2.947552e+00  5.000000e-01
     vertex -9.396926e+00  3.420201e+00  5.000000e-01
     vertex -9.396926e+00  3.420201e+00  7.500000e+00
   endloop
 endfacet
 facet normal  9.626242e-01 -2.708405e-01  0.000000e+00
   outer loop
     vertex -9.690773e+00  2.467574e+00  5.000000e-01
     vertex -9.555728e+00  2.947552e+00  7.500000e+00
     vertex -9.690773e+00  2.467574e+00  7.500000e+00
   endloop
 endfacet
 facet normal  9.626242e-01 -2.708405e-01  0.000000e+00
   outer loop
     vertex -9.690773e+00  2.467574e+00  5.000000e-01
     vertex -9.555728e+00  2.947552e+00  5.000000e-01
     vertex -9.555728e+00  2.947552e+00  7.500000e+00
   endloop
 endfacet
 facet normal  9.749279e-01 -2.225209e-01  0.000000e+00
   outer loop
     vertex -9.801725e+00  1.981461e+00  5.000000e-01
     vertex -9.690773e+00  2.467574e+00  7.500000e+00
     vertex -9.801725e+00  1.981461e+00  7.500000e+00
   endloop
 endfacet
 facet normal  9.848078e-01 -1.736482e-01  0.000000e+00
   outer loop
     vertex -9.801725e+00  1.981461e+00  5.000000e-01
     vertex -9.801725e+00  1.981461e+00  7.500000e+00
     vertex -9.888308e+00  1.490423e+00  7.500000e+00
   endloop
 endfacet
 facet normal  9.749279e-01 -2.225209e-01  0.000000e+00
   outer loop
     vertex -9.801725e+00  1.981461e+00  5.000000e-01
     vertex -9.690773e+00  2.467574e+00  5.000000e-01
     vertex -9.690773e+00  2.467574e+00  7.500000e+00
   endloop
 endfacet
 facet normal  9.922392e-01 -1.243437e-01  0.000000e+00
   outer loop
     vertex -9.888308e+00  1.490423e+00  5.000000e-01
     vertex -9.888308e+00  1.490423e+00  7.500000e+00
     vertex -9.950308e+00  9.956785e-01  7.500000e+00
   endloop
 endfacet
 facet normal  9.848078e-01 -1.736482e-01  0.000000e+00
   outer loop
     vertex -9.888308e+00  1.490423e+00  5.000000e-01
     vertex -9.801725e+00  1.981461e+00  5.000000e-01
     vertex -9.888308e+00  1.490423e+00  7.500000e+00
   endloop
 endfacet
 facet normal  9.972038e-01 -7.473009e-02  0.000000e+00
   outer loop
     vertex -9.950308e+00  9.956785e-01  5.000000e-01
     vertex -9.950308e+00  9.956785e-01  7.500000e+00
     vertex -9.987569e+00  4.984589e-01  7.500000e+00
   endloop
 endfacet
 facet normal  9.922392e-01 -1.243437e-01  0.000000e+00
   outer loop
     vertex -9.950308e+00  9.956785e-01  5.000000e-01
     vertex -9.888308e+00  1.490423e+00  5.000000e-01
     vertex -9.950308e+00  9.956785e-01  7.500000e+00
   endloop
 endfacet
 facet normal  9.972038e-01 -7.473009e-02  0.000000e+00
   outer loop
     vertex -9.987569e+00  4.984589e-01  5.000000e-01
     vertex -9.950308e+00  9.956785e-01  5.000000e-01
     vertex -9.987569e+00  4.984589e-01  7.500000e+00
   endloop
 endfacet
 facet normal  9.996892e-01 -2.493069e-02  0.000000e+00
   outer loop
     vertex -1.000000e+01 -3.331563e-14  5.000000e-01
     vertex -9.987569e+00  4.984589e-01  5.000000e-01
     vertex -9.987569e+00  4.984589e-01  7.500000e+00
   endloop
 endfacet
 facet normal  9.996892e-01 -2.493069e-02  0.000000e+00
   outer loop
     vertex -1.000000e+01 -3.331563e-14  5.000000e-01
     vertex -9.987569e+00  4.984589e-01  7.500000e+00
     vertex -1.000000e+01 -3.331563e-14  7.500000e+00
   endloop
 endfacet
 facet normal  9.996892e-01  2.493069e-02  0.000000e+00
   outer loop
     vertex -9.987569e+00 -4.984589e-01  5.000000e-01
     vertex -1.000000e+01 -3.331563e-14  5.000000e-01
     vertex -1.000000e+01 -3.331563e-14  7.500000e+00
   endloop
 endfacet
 facet normal  9.996892e-01  2.493069e-02 -0.000000e+00
   outer loop
     vertex -9.987569e+00 -4.984589e-01  5.000000e-01
     vertex -1.000000e+01 -3.331563e-14  7.500000e+00
     vertex -9.987569e+00 -4.984589e-01  7.500000e+00
   endloop
 endfacet
 facet normal  9.972038e-01  7.473009e-02  0.000000e+00
   outer loop
     vertex -9.950308e+00 -9.956785e-01  5.000000e-01
     vertex -9.987569e+00 -4.984589e-01  5.000000e-01
     vertex -9.987569e+00 -4.984589e-01  7.500000e+00
   endloop
 endfacet
 facet normal  9.972038e-01  7.473009e-02 -0.000000e+00
   outer loop
     vertex -9.950308e+00 -9.956785e-01  5.000000e-01
     vertex -9.987569e+00 -4.984589e-01  7.500000e+00
     vertex -9.950308e+00 -9.956785e-01  7.500000e+00
   endloop
 endfacet
 facet normal  9.922392e-01  1.243437e-01  0.000000e+00
   outer loop
     vertex -9.888308e+00 -1.490423e+00  5.000000e-01
     vertex -9.950308e+00 -9.956785e-01  5.000000e-01
     vertex -9.950308e+00 -9.956785e-01  7.500000e+00
   endloop
 endfacet
 facet normal  9.922392e-01  1.243437e-01 -0.000000e+00
   outer loop
     vertex -9.888308e+00 -1.490423e+00  5.000000e-01
     vertex -9.950308e+00 -9.956785e-01  7.500000e+00
     vertex -9.888308e+00 -1.490423e+00  7.500000e+00
   endloop
 endfacet
 facet normal  9.848078e-01  1.736482e-01 -0.000000e+00
   outer loop
     vertex -9.888308e+00 -1.490423e+00  5.000000e-01
     vertex -9.888308e+00 -1.490423e+00  7.500000e+00
     vertex -9.801725e+00 -1.981461e+00  7.500000e+00
   endloop
 endfacet
 facet normal  9.848078e-01  1.736482e-01 -0.000000e+00
   outer loop
     vertex -9.801725e+00 -1.981461e+00  5.000000e-01
     vertex -9.888308e+00 -1.490423e+00  5.000000e-01
     vertex -9.801725e+00 -1.981461e+00  7.500000e+00
   endloop
 endfacet
 facet normal  9.749279e-01  2.225209e-01 -0.000000e+00
   outer loop
     vertex -9.801725e+00 -1.981461e+00  5.000000e-01
     vertex -9.801725e+00 -1.981461e+00  7.500000e+00
     vertex -9.690773e+00 -2.467574e+00  7.500000e+00
   endloop
 endfacet
 facet normal  9.749279e-01  2.225209e-01 -0.000000e+00
   outer loop
     vertex -9.690773e+00 -2.467574e+00  5.000000e-01
     vertex -9.801725e+00 -1.981461e+00  5.000000e-01
     vertex -9.690773e+00 -2.467574e+00  7.500000e+00
   endloop
 endfacet
 facet normal  9.626242e-01  2.708405e-01  0.000000e+00
   outer loop
     vertex -9.555728e+00 -2.947552e+00  5.000000e-01
     vertex -9.690773e+00 -2.467574e+00  5.000000e-01
     vertex -9.690773e+00 -2.467574e+00  7.500000e+00
   endloop
 endfacet
 facet normal  9.626242e-01  2.708405e-01 -0.000000e+00
   outer loop
     vertex -9.555728e+00 -2.947552e+00  5.000000e-01
     vertex -9.690773e+00 -2.467574e+00  7.500000e+00
     vertex -9.555728e+00 -2.947552e+00  7.500000e+00
   endloop
 endfacet
 facet normal  9.479273e-01  3.184867e-01  0.000000e+00
   outer loop
     vertex -9.396926e+00 -3.420201e+00  5.000000e-01
     vertex -9.555728e+00 -2.947552e+00  5.000000e-01
     vertex -9.555728e+00 -2.947552e+00  7.500000e+00
   endloop
 endfacet
 facet normal  9.479273e-01  3.184867e-01 -0.000000e+00
   outer loop
     vertex -9.396926e+00 -3.420201e+00  5.000000e-01
     vertex -9.555728e+00 -2.947552e+00  7.500000e+00
     vertex -9.396926e+00 -3.420201e+00  7.500000e+00
   endloop
 endfacet
 facet normal  9.308737e-01  3.653410e-01 -0.000000e+00
   outer loop
     vertex -9.396926e+00 -3.420201e+00  5.000000e-01
     vertex -9.396926e+00 -3.420201e+00  7.500000e+00
     vertex -9.214762e+00 -3.884348e+00  7.500000e+00
   endloop
 endfacet
 facet normal  9.308737e-01  3.653410e-01 -0.000000e+00
   outer loop
     vertex -9.214762e+00 -3.884348e+00  5.000000e-01
     vertex -9.396926e+00 -3.420201e+00  5.000000e-01
     vertex -9.214762e+00 -3.884348e+00  7.500000e+00
   endloop
 endfacet
 facet normal  9.115059e-01  4.112871e-01  0.000000e+00
   outer loop
     vertex -9.009689e+00 -4.338837e+00  5.000000e-01
     vertex -9.214762e+00 -3.884348e+00  5.000000e-01
     vertex -9.214762e+00 -3.884348e+00  7.500000e+00
   endloop
 endfacet
 facet normal  9.115059e-01  4.112871e-01 -0.000000e+00
   outer loop
     vertex -9.009689e+00 -4.338837e+00  5.000000e-01
     vertex -9.214762e+00 -3.884348e+00  7.500000e+00
     vertex -9.009689e+00 -4.338837e+00  7.500000e+00
   endloop
 endfacet
 facet normal  8.898718e-01  4.562107e-01  0.000000e+00
   outer loop
     vertex -8.782216e+00 -4.782540e+00  5.000000e-01
     vertex -9.009689e+00 -4.338837e+00  5.000000e-01
     vertex -9.009689e+00 -4.338837e+00  7.500000e+00
   endloop
 endfacet
 facet normal  8.898718e-01  4.562107e-01 -0.000000e+00
   outer loop
     vertex -8.782216e+00 -4.782540e+00  5.000000e-01
     vertex -9.009689e+00 -4.338837e+00  7.500000e+00
     vertex -8.782216e+00 -4.782540e+00  7.500000e+00
   endloop
 endfacet
 facet normal  8.660254e-01  5.000000e-01 -0.000000e+00
   outer loop
     vertex -8.782216e+00 -4.782540e+00  5.000000e-01
     vertex -8.782216e+00 -4.782540e+00  7.500000e+00
     vertex -8.532909e+00 -5.214352e+00  7.500000e+00
   endloop
 endfacet
 facet normal  8.660254e-01  5.000000e-01 -0.000000e+00
   outer loop
     vertex -8.532909e+00 -5.214352e+00  5.000000e-01
     vertex -8.782216e+00 -4.782540e+00  5.000000e-01
     vertex -8.532909e+00 -5.214352e+00  7.500000e+00
   endloop
 endfacet
 facet normal  8.400259e-01  5.425463e-01 -0.000000e+00
   outer loop
     vertex -8.532909e+00 -5.214352e+00  5.000000e-01
     vertex -8.532909e+00 -5.214352e+00  7.500000e+00
     vertex -8.262388e+00 -5.633201e+00  7.500000e+00
   endloop
 endfacet
 facet normal  8.400259e-01  5.425463e-01 -0.000000e+00
   outer loop
     vertex -8.262388e+00 -5.633201e+00  5.000000e-01
     vertex -8.532909e+00 -5.214352e+00  5.000000e-01
     vertex -8.262388e+00 -5.633201e+00  7.500000e+00
   endloop
 endfacet
 facet normal  8.119380e-01  5.837437e-01  0.000000e+00
   outer loop
     vertex -7.971325e+00 -6.038044e+00  5.000000e-01
     vertex -8.262388e+00 -5.633201e+00  5.000000e-01
     vertex -8.262388e+00 -5.633201e+00  7.500000e+00
   endloop
 endfacet
 facet normal  8.119380e-01  5.837437e-01 -0.000000e+00
   outer loop
     vertex -7.971325e+00 -6.038044e+00  5.000000e-01
     vertex -8.262388e+00 -5.633201e+00  7.500000e+00
     vertex -7.971325e+00 -6.038044e+00  7.500000e+00
   endloop
 endfacet
 facet normal  7.818315e-01  6.234898e-01 -0.000000e+00
   outer loop
     vertex -7.971325e+00 -6.038044e+00  5.000000e-01
     vertex -7.971325e+00 -6.038044e+00  7.500000e+00
     vertex -7.660444e+00 -6.427876e+00  7.500000e+00
   endloop
 endfacet
 facet normal  7.818315e-01  6.234898e-01 -0.000000e+00
   outer loop
     vertex -7.660444e+00 -6.427876e+00  5.000000e-01
     vertex -7.971325e+00 -6.038044e+00  5.000000e-01
     vertex -7.660444e+00 -6.427876e+00  7.500000e+00
   endloop
 endfacet
 facet normal  7.497812e-01  6.616858e-01  0.000000e+00
   outer loop
     vertex -7.330519e+00 -6.801727e+00  5.000000e-01
     vertex -7.660444e+00 -6.427876e+00  5.000000e-01
     vertex -7.660444e+00 -6.427876e+00  7.500000e+00
   endloop
 endfacet
 facet normal  7.497812e-01  6.616858e-01 -0.000000e+00
   outer loop
     vertex -7.330519e+00 -6.801727e+00  5.000000e-01
     vertex -7.660444e+00 -6.427876e+00  7.500000e+00
     vertex -7.330519e+00 -6.801727e+00  7.500000e+00
   endloop
 endfacet
 facet normal  7.158668e-01  6.982368e-01  0.000000e+00
   outer loop
     vertex -6.982368e+00 -7.158668e+00  5.000000e-01
     vertex -7.330519e+00 -6.801727e+00  5.000000e-01
     vertex -7.330519e+00 -6.801727e+00  7.500000e+00
   endloop
 endfacet
 facet normal  7.158668e-01  6.982368e-01 -0.000000e+00
   outer loop
     vertex -6.982368e+00 -7.158668e+00  5.000000e-01
     vertex -7.330519e+00 -6.801727e+00  7.500000e+00
     vertex -6.982368e+00 -7.158668e+00  7.500000e+00
   endloop
 endfacet
 facet normal  6.801727e-01  7.330519e-01 -0.000000e+00
   outer loop
     vertex -6.982368e+00 -7.158668e+00  5.000000e-01
     vertex -6.982368e+00 -7.158668e+00  7.500000e+00
     vertex -6.616858e+00 -7.497812e+00  7.500000e+00
   endloop
 endfacet
 facet normal  6.801727e-01  7.330519e-01 -0.000000e+00
   outer loop
     vertex -6.616858e+00 -7.497812e+00  5.000000e-01
     vertex -6.982368e+00 -7.158668e+00  5.000000e-01
     vertex -6.616858e+00 -7.497812e+00  7.500000e+00
   endloop
 endfacet
 facet normal  6.427876e-01  7.660444e-01  0.000000e+00
   outer loop
     vertex -6.234898e+00 -7.818315e+00  5.000000e-01
     vertex -6.616858e+00 -7.497812e+00  5.000000e-01
     vertex -6.616858e+00 -7.497812e+00  7.500000e+00
   endloop
 endfacet
 facet normal  6.427876e-01  7.660444e-01 -0.000000e+00
   outer loop
     vertex -6.234898e+00 -7.818315e+00  5.000000e-01
     vertex -6.616858e+00 -7.497812e+00  7.500000e+00
     vertex -6.234898e+00 -7.818315e+00  7.500000e+00
   endloop
 endfacet
 facet normal  6.038044e-01  7.971325e-01 -0.000000e+00
   outer loop
     vertex -6.234898e+00 -7.818315e+00  5.000000e-01
     vertex -6.234898e+00 -7.818315e+00  7.500000e+00
     vertex -5.837437e+00 -8.119380e+00  7.500000e+00
   endloop
 endfacet
 facet normal  6.038044e-01  7.971325e-01 -0.000000e+00
   outer loop
     vertex -5.837437e+00 -8.119380e+00  5.000000e-01
     vertex -6.234898e+00 -7.818315e+00  5.000000e-01
     vertex -5.837437e+00 -8.119380e+00  7.500000e+00
   endloop
 endfacet
 facet normal  5.633201e-01  8.262388e-01 -0.000000e+00
   outer loop
     vertex -5.425463e+00 -8.400259e+00  5.000000e-01
     vertex -5.837437e+00 -8.119380e+00  7.500000e+00
     vertex -5.425463e+00 -8.400259e+00  7.500000e+00
   endloop
 endfacet
 facet normal  5.633201e-01  8.262388e-01  0.000000e+00
   outer loop
     vertex -5.425463e+00 -8.400259e+00  5.000000e-01
     vertex -5.837437e+00 -8.119380e+00  5.000000e-01
     vertex -5.837437e+00 -8.119380e+00  7.500000e+00
   endloop
 endfacet
 facet normal  5.214352e-01  8.532909e-01 -0.000000e+00
   outer loop
     vertex -5.000000e+00 -8.660254e+00  5.000000e-01
     vertex -5.425463e+00 -8.400259e+00  7.500000e+00
     vertex -5.000000e+00 -8.660254e+00  7.500000e+00
   endloop
 endfacet
 facet normal  5.214352e-01  8.532909e-01  0.000000e+00
   outer loop
     vertex -5.000000e+00 -8.660254e+00  5.000000e-01
     vertex -5.425463e+00 -8.400259e+00  5.000000e-01
     vertex -5.425463e+00 -8.400259e+00  7.500000e+00
   endloop
 endfacet
 facet normal  4.782540e-01  8.782216e-01 -0.000000e+00
   outer loop
     vertex -4.562107e+00 -8.898718e+00  5.000000e-01
     vertex -5.000000e+00 -8.660254e+00  7.500000e+00
     vertex -4.562107e+00 -8.898718e+00  7.500000e+00
   endloop
 endfacet
 facet normal  4.782540e-01  8.782216e-01  0.000000e+00
   outer loop
     vertex -4.562107e+00 -8.898718e+00  5.000000e-01
     vertex -5.000000e+00 -8.660254e+00  5.000000e-01
     vertex -5.000000e+00 -8.660254e+00  7.500000e+00
   endloop
 endfacet
 facet normal  4.338837e-01  9.009689e-01 -0.000000e+00
   outer loop
     vertex -4.112871e+00 -9.115059e+00  5.000000e-01
     vertex -4.562107e+00 -8.898718e+00  7.500000e+00
     vertex -4.112871e+00 -9.115059e+00  7.500000e+00
   endloop
 endfacet
 facet normal  3.884348e-01  9.214762e-01 -0.000000e+00
   outer loop
     vertex -4.112871e+00 -9.115059e+00  5.000000e-01
     vertex -4.112871e+00 -9.115059e+00  7.500000e+00
     vertex -3.653410e+00 -9.308737e+00  7.500000e+00
   endloop
 endfacet
 facet normal  4.338837e-01  9.009689e-01  0.000000e+00
   outer loop
     vertex -4.112871e+00 -9.115059e+00  5.000000e-01
     vertex -4.562107e+00 -8.898718e+00  5.000000e-01
     vertex -4.562107e+00 -8.898718e+00  7.500000e+00
   endloop
 endfacet
 facet normal  3.884348e-01  9.214762e-01 -0.000000e+00
   outer loop
     vertex -3.653410e+00 -9.308737e+00  5.000000e-01
     vertex -4.112871e+00 -9.115059e+00  5.000000e-01
     vertex -3.653410e+00 -9.308737e+00  7.500000e+00
   endloop
 endfacet
 facet normal  3.420201e-01  9.396926e-01  0.000000e+00
   outer loop
     vertex -3.184867e+00 -9.479273e+00  5.000000e-01
     vertex -3.653410e+00 -9.308737e+00  5.000000e-01
     vertex -3.653410e+00 -9.308737e+00  7.500000e+00
   endloop
 endfacet
 facet normal  3.420201e-01  9.396926e-01 -0.000000e+00
   outer loop
     vertex -3.184867e+00 -9.479273e+00  5.000000e-01
     vertex -3.653410e+00 -9.308737e+00  7.500000e+00
     vertex -3.184867e+00 -9.479273e+00  7.500000e+00
   endloop
 endfacet
 facet normal  2.947552e-01  9.555728e-01  0.000000e+00
   outer loop
     vertex -2.708405e+00 -9.626242e+00  5.000000e-01
     vertex -3.184867e+00 -9.479273e+00  5.000000e-01
     vertex -3.184867e+00 -9.479273e+00  7.500000e+00
   endloop
 endfacet
 facet normal  2.947552e-01  9.555728e-01 -0.000000e+00
   outer loop
     vertex -2.708405e+00 -9.626242e+00  5.000000e-01
     vertex -3.184867e+00 -9.479273e+00  7.500000e+00
     vertex -2.708405e+00 -9.626242e+00  7.500000e+00
   endloop
 endfacet
 facet normal  2.467574e-01  9.690773e-01  0.000000e+00
   outer loop
     vertex -2.225209e+00 -9.749279e+00  5.000000e-01
     vertex -2.708405e+00 -9.626242e+00  5.000000e-01
     vertex -2.708405e+00 -9.626242e+00  7.500000e+00
   endloop
 endfacet
 facet normal  2.467574e-01  9.690773e-01 -0.000000e+00
   outer loop
     vertex -2.225209e+00 -9.749279e+00  5.000000e-01
     vertex -2.708405e+00 -9.626242e+00  7.500000e+00
     vertex -2.225209e+00 -9.749279e+00  7.500000e+00
   endloop
 endfacet
 facet normal  1.981461e-01  9.801725e-01  0.000000e+00
   outer loop
     vertex -1.736482e+00 -9.848078e+00  5.000000e-01
     vertex -2.225209e+00 -9.749279e+00  5.000000e-01
     vertex -2.225209e+00 -9.749279e+00  7.500000e+00
   endloop
 endfacet
 facet normal  1.981461e-01  9.801725e-01 -0.000000e+00
   outer loop
     vertex -1.736482e+00 -9.848078e+00  5.000000e-01
     vertex -2.225209e+00 -9.749279e+00  7.500000e+00
     vertex -1.736482e+00 -9.848078e+00  7.500000e+00
   endloop
 endfacet
 facet normal  1.490423e-01  9.888308e-01  0.000000e+00
   outer loop
     vertex -1.243437e+00 -9.922392e+00  5.000000e-01
     vertex -1.736482e+00 -9.848078e+00  5.000000e-01
     vertex -1.736482e+00 -9.848078e+00  7.500000e+00
   endloop
 endfacet
 facet normal  1.490423e-01  9.888308e-01 -0.000000e+00
   outer loop
     vertex -1.243437e+00 -9.922392e+00  5.000000e-01
     vertex -1.736482e+00 -9.848078e+00  7.500000e+00
     vertex -1.243437e+00 -9.922392e+00  7.500000e+00
   endloop
 endfacet
 facet normal  9.956785e-02  9.950308e-01 -0.000000e+00
   outer loop
     vertex -1.243437e+00 -9.922392e+00  5.000000e-01
     vertex -1.243437e+00 -9.922392e+00  7.500000e+00
     vertex -7.473009e-01 -9.972038e+00  7.500000e+00
   endloop
 endfacet
 facet normal  9.956785e-02  9.950308e-01 -0.000000e+00
   outer loop
     vertex -7.473009e-01 -9.972038e+00  5.000000e-01
     vertex -1.243437e+00 -9.922392e+00  5.000000e-01
     vertex -7.473009e-01 -9.972038e+00  7.500000e+00
   endloop
 endfacet
 facet normal  4.984589e-02  9.987569e-01  0.000000e+00
   outer loop
     vertex -2.493069e-01 -9.996892e+00  5.000000e-01
     vertex -7.473009e-01 -9.972038e+00  5.000000e-01
     vertex -7.473009e-01 -9.972038e+00  7.500000e+00
   endloop
 endfacet
 facet normal  4.984589e-02  9.987569e-01 -0.000000e+00
   outer loop
     vertex -2.493069e-01 -9.996892e+00  5.000000e-01
     vertex -7.473009e-01 -9.972038e+00  7.500000e+00
     vertex -2.493069e-01 -9.996892e+00  7.500000e+00
   endloop
 endfacet
 facet normal -7.125181e-15  1.000000e+00  0.000000e+00
   outer loop
     vertex  2.493069e-01 -9.996892e+00  5.000000e-01
     vertex -2.493069e-01 -9.996892e+00  5.000000e-01
     vertex -2.493069e-01 -9.996892e+00  7.500000e+00
   endloop
 endfacet
 facet normal -7.125181e-15  1.000000e+00  0.000000e+00
   outer loop
     vertex  2.493069e-01 -9.996892e+00  5.000000e-01
     vertex -2.493069e-01 -9.996892e+00  7.500000e+00
     vertex  2.493069e-01 -9.996892e+00  7.500000e+00
   endloop
 endfacet
 facet normal -4.984589e-02  9.987569e-01  0.000000e+00
   outer loop
     vertex  7.473009e-01 -9.972038e+00  5.000000e-01
     vertex  2.493069e-01 -9.996892e+00  5.000000e-01
     vertex  2.493069e-01 -9.996892e+00  7.500000e+00
   endloop
 endfacet
 facet normal -4.984589e-02  9.987569e-01  0.000000e+00
   outer loop
     vertex  7.473009e-01 -9.972038e+00  5.000000e-01
     vertex  2.493069e-01 -9.996892e+00  7.500000e+00
     vertex  7.473009e-01 -9.972038e+00  7.500000e+00
   endloop
 endfacet
 facet normal -9.956785e-02  9.950308e-01  0.000000e+00
   outer loop
     vertex  1.243437e+00 -9.922392e+00  5.000000e-01
     vertex  7.473009e-01 -9.972038e+00  5.000000e-01
     vertex  7.473009e-01 -9.972038e+00  7.500000e+00
   endloop
 endfacet
 facet normal -9.956785e-02  9.950308e-01  0.000000e+00
   outer loop
     vertex  1.243437e+00 -9.922392e+00  5.000000e-01
     vertex  7.473009e-01 -9.972038e+00  7.500000e+00
     vertex  1.243437e+00 -9.922392e+00  7.500000e+00
   endloop
 endfacet
 facet normal -1.490423e-01  9.888308e-01  0.000000e+00
   outer loop
     vertex  1.736482e+00 -9.848078e+00  5.000000e-01
     vertex  1.243437e+00 -9.922392e+00  5.000000e-01
     vertex  1.243437e+00 -9.922392e+00  7.500000e+00
   endloop
 endfacet
 facet normal -1.490423e-01  9.888308e-01  0.000000e+00
   outer loop
     vertex  1.736482e+00 -9.848078e+00  5.000000e-01
     vertex  1.243437e+00 -9.922392e+00  7.500000e+00
     vertex  1.736482e+00 -9.848078e+00  7.500000e+00
   endloop
 endfacet
 facet normal -1.981461e-01  9.801725e-01  0.000000e+00
   outer loop
     vertex  2.225209e+00 -9.749279e+00  5.000000e-01
     vertex  1.736482e+00 -9.848078e+00  5.000000e-01
     vertex  1.736482e+00 -9.848078e+00  7.500000e+00
   endloop
 endfacet
 facet normal -1.981461e-01  9.801725e-01  0.000000e+00
   outer loop
     vertex  2.225209e+00 -9.749279e+00  5.000000e-01
     vertex  1.736482e+00 -9.848078e+00  7.500000e+00
     vertex  2.225209e+00 -9.749279e+00  7.500000e+00
   endloop
 endfacet
 facet normal -2.467574e-01  9.690773e-01  0.000000e+00
   outer loop
     vertex  2.708405e+00 -9.626242e+00  5.000000e-01
     vertex  2.225209e+00 -9.749279e+00  7.500000e+00
     vertex  2.708405e+00 -9.626242e+00  7.500000e+00
   endloop
 endfacet
 facet normal -2.467574e-01  9.690773e-01  0.000000e+00
   outer loop
     vertex  2.708405e+00 -9.626242e+00  5.000000e-01
     vertex  2.225209e+00 -9.749279e+00  5.000000e-01
     vertex  2.225209e+00 -9.749279e+00  7.500000e+00
   endloop
 endfacet
 facet normal -2.947552e-01  9.555728e-01  0.000000e+00
   outer loop
     vertex  3.184867e+00 -9.479273e+00  5.000000e-01
     vertex  2.708405e+00 -9.626242e+00  7.500000e+00
     vertex  3.184867e+00 -9.479273e+00  7.500000e+00
   endloop
 endfacet
 facet normal -2.947552e-01  9.555728e-01  0.000000e+00
   outer loop
     vertex  3.184867e+00 -9.479273e+00  5.000000e-01
     vertex  2.708405e+00 -9.626242e+00  5.000000e-01
     vertex  2.708405e+00 -9.626242e+00  7.500000e+00
   endloop
 endfacet
 facet normal -3.420201e-01  9.396926e-01  0.000000e+00
   outer loop
     vertex  3.653410e+00 -9.308737e+00  5.000000e-01
     vertex  3.184867e+00 -9.479273e+00  7.500000e+00
     vertex  3.653410e+00 -9.308737e+00  7.500000e+00
   endloop
 endfacet
 facet normal -3.884348e-01  9.214762e-01  0.000000e+00
   outer loop
     vertex  3.653410e+00 -9.308737e+00  5.000000e-01
     vertex  3.653410e+00 -9.308737e+00  7.500000e+00
     vertex  4.112871e+00 -9.115059e+00  7.500000e+00
   endloop
 endfacet
 facet normal -3.420201e-01  9.396926e-01  0.000000e+00
   outer loop
     vertex  3.653410e+00 -9.308737e+00  5.000000e-01
     vertex  3.184867e+00 -9.479273e+00  5.000000e-01
     vertex  3.184867e+00 -9.479273e+00  7.500000e+00
   endloop
 endfacet
 facet normal -3.884348e-01  9.214762e-01  0.000000e+00
   outer loop
     vertex  4.112871e+00 -9.115059e+00  5.000000e-01
     vertex  3.653410e+00 -9.308737e+00  5.000000e-01
     vertex  4.112871e+00 -9.115059e+00  7.500000e+00
   endloop
 endfacet
 facet normal -4.338837e-01  9.009689e-01  0.000000e+00
   outer loop
     vertex  4.562107e+00 -8.898718e+00  5.000000e-01
     vertex  4.112871e+00 -9.115059e+00  7.500000e+00
     vertex  4.562107e+00 -8.898718e+00  7.500000e+00
   endloop
 endfacet
 facet normal -4.338837e-01  9.009689e-01  0.000000e+00
   outer loop
     vertex  4.562107e+00 -8.898718e+00  5.000000e-01
     vertex  4.112871e+00 -9.115059e+00  5.000000e-01
     vertex  4.112871e+00 -9.115059e+00  7.500000e+00
   endloop
 endfacet
 facet normal -4.782540e-01  8.782216e-01  0.000000e+00
   outer loop
     vertex  5.000000e+00 -8.660254e+00  5.000000e-01
     vertex  4.562107e+00 -8.898718e+00  7.500000e+00
     vertex  5.000000e+00 -8.660254e+00  7.500000e+00
   endloop
 endfacet
 facet normal -4.782540e-01  8.782216e-01  0.000000e+00
   outer loop
     vertex  5.000000e+00 -8.660254e+00  5.000000e-01
     vertex  4.562107e+00 -8.898718e+00  5.000000e-01
     vertex  4.562107e+00 -8.898718e+00  7.500000e+00
   endloop
 endfacet
 facet normal -5.214352e-01  8.532909e-01  0.000000e+00
   outer loop
     vertex  5.425463e+00 -8.400259e+00  5.000000e-01
     vertex  5.000000e+00 -8.660254e+00  7.500000e+00
     vertex  5.425463e+00 -8.400259e+00  7.500000e+00
   endloop
 endfacet
 facet normal -5.633201e-01  8.262388e-01  0.000000e+00
   outer loop
     vertex  5.425463e+00 -8.400259e+00  5.000000e-01
     vertex  5.425463e+00 -8.400259e+00  7.500000e+00
     vertex  5.837437e+00 -8.119380e+00  7.500000e+00
   endloop
 endfacet
 facet normal -5.214352e-01  8.532909e-01  0.000000e+00
   outer loop
     vertex  5.425463e+00 -8.400259e+00  5.000000e-01
     vertex  5.000000e+00 -8.660254e+00  5.000000e-01
     vertex  5.000000e+00 -8.660254e+00  7.500000e+00
   endloop
 endfacet
 facet normal -5.633201e-01  8.262388e-01  0.000000e+00
   outer loop
     vertex  5.837437e+00 -8.119380e+00  5.000000e-01
     vertex  5.425463e+00 -8.400259e+00  5.000000e-01
     vertex  5.837437e+00 -8.119380e+00  7.500000e+00
   endloop
 endfacet
 facet normal -6.038044e-01  7.971325e-01  0.000000e+00
   outer loop
     vertex  6.234898e+00 -7.818315e+00  5.000000e-01
     vertex  5.837437e+00 -8.119380e+00  7.500000e+00
     vertex  6.234898e+00 -7.818315e+00  7.500000e+00
   endloop
 endfacet
 facet normal -6.038044e-01  7.971325e-01  0.000000e+00
   outer loop
     vertex  6.234898e+00 -7.818315e+00  5.000000e-01
     vertex  5.837437e+00 -8.119380e+00  5.000000e-01
     vertex  5.837437e+00 -8.119380e+00  7.500000e+00
   endloop
 endfacet
 facet normal -6.427876e-01  7.660444e-01  0.000000e+00
   outer loop
     vertex  6.616858e+00 -7.497812e+00  5.000000e-01
     vertex  6.234898e+00 -7.818315e+00  7.500000e+00
     vertex  6.616858e+00 -7.497812e+00  7.500000e+00
   endloop
 endfacet
 facet normal -6.427876e-01  7.660444e-01  0.000000e+00
   outer loop
     vertex  6.616858e+00 -7.497812e+00  5.000000e-01
     vertex  6.234898e+00 -7.818315e+00  5.000000e-01
     vertex  6.234898e+00 -7.818315e+00  7.500000e+00
   endloop
 endfacet
 facet normal -6.801727e-01  7.330519e-01  0.000000e+00
   outer loop
     vertex  6.982368e+00 -7.158668e+00  5.000000e-01
     vertex  6.616858e+00 -7.497812e+00  7.500000e+00
     vertex  6.982368e+00 -7.158668e+00  7.500000e+00
   endloop
 endfacet
 facet normal -7.158668e-01  6.982368e-01  0.000000e+00
   outer loop
     vertex  6.982368e+00 -7.158668e+00  5.000000e-01
     vertex  6.982368e+00 -7.158668e+00  7.500000e+00
     vertex  7.330519e+00 -6.801727e+00  7.500000e+00
   endloop
 endfacet
 facet normal -6.801727e-01  7.330519e-01  0.000000e+00
   outer loop
     vertex  6.982368e+00 -7.158668e+00  5.000000e-01
     vertex  6.616858e+00 -7.497812e+00  5.000000e-01
     vertex  6.616858e+00 -7.497812e+00  7.500000e+00
   endloop
 endfacet
 facet normal -7.158668e-01  6.982368e-01  0.000000e+00
   outer loop
     vertex  7.330519e+00 -6.801727e+00  5.000000e-01
     vertex  6.982368e+00 -7.158668e+00  5.000000e-01
     vertex  7.330519e+00 -6.801727e+00  7.500000e+00
   endloop
 endfacet
 facet normal -7.497812e-01  6.616858e-01  0.000000e+00
   outer loop
     vertex  7.660444e+00 -6.427876e+00  5.000000e-01
     vertex  7.330519e+00 -6.801727e+00  5.000000e-01
     vertex  7.330519e+00 -6.801727e+00  7.500000e+00
   endloop
 endfacet
 facet normal -7.497812e-01  6.616858e-01  0.000000e+00
   outer loop
     vertex  7.660444e+00 -6.427876e+00  5.000000e-01
     vertex  7.330519e+00 -6.801727e+00  7.500000e+00
     vertex  7.660444e+00 -6.427876e+00  7.500000e+00
   endloop
 endfacet
 facet normal -7.818315e-01  6.234898e-01  0.000000e+00
   outer loop
     vertex  7.971325e+00 -6.038044e+00  5.000000e-01
     vertex  7.660444e+00 -6.427876e+00  5.000000e-01
     vertex  7.660444e+00 -6.427876e+00  7.500000e+00
   endloop
 endfacet
 facet normal -7.818315e-01  6.234898e-01  0.000000e+00
   outer loop
     vertex  7.971325e+00 -6.038044e+00  5.000000e-01
     vertex  7.660444e+00 -6.427876e+00  7.500000e+00
     vertex  7.971325e+00 -6.038044e+00  7.500000e+00
   endloop
 endfacet
 facet normal -8.119380e-01  5.837437e-01  0.000000e+00
   outer loop
     vertex  7.971325e+00 -6.038044e+00  5.000000e-01
     vertex  7.971325e+00 -6.038044e+00  7.500000e+00
     vertex  8.262388e+00 -5.633201e+00  7.500000e+00
   endloop
 endfacet
 facet normal -8.119380e-01  5.837437e-01  0.000000e+00
   outer loop
     vertex  8.262388e+00 -5.633201e+00  5.000000e-01
     vertex  7.971325e+00 -6.038044e+00  5.000000e-01
     vertex  8.262388e+00 -5.633201e+00  7.500000e+00
   endloop
 endfacet
 facet normal -8.400259e-01  5.425463e-01  0.000000e+00
   outer loop
     vertex  8.532909e+00 -5.214352e+00  5.000000e-01
     vertex  8.262388e+00 -5.633201e+00  5.000000e-01
     vertex  8.262388e+00 -5.633201e+00  7.500000e+00
   endloop
 endfacet
 facet normal -8.400259e-01  5.425463e-01  0.000000e+00
   outer loop
     vertex  8.532909e+00 -5.214352e+00  5.000000e-01
     vertex  8.262388e+00 -5.633201e+00  7.500000e+00
     vertex  8.532909e+00 -5.214352e+00  7.500000e+00
   endloop
 endfacet
 facet normal -8.660254e-01  5.000000e-01  0.000000e+00
   outer loop
     vertex  8.532909e+00 -5.214352e+00  5.000000e-01
     vertex  8.532909e+00 -5.214352e+00  7.500000e+00
     vertex  8.782216e+00 -4.782540e+00  7.500000e+00
   endloop
 endfacet
 facet normal -8.660254e-01  5.000000e-01  0.000000e+00
   outer loop
     vertex  8.782216e+00 -4.782540e+00  5.000000e-01
     vertex  8.532909e+00 -5.214352e+00  5.000000e-01
     vertex  8.782216e+00 -4.782540e+00  7.500000e+00
   endloop
 endfacet
 facet normal -8.898718e-01  4.562107e-01  0.000000e+00
   outer loop
     vertex  9.009689e+00 -4.338837e+00  5.000000e-01
     vertex  8.782216e+00 -4.782540e+00  7.500000e+00
     vertex  9.009689e+00 -4.338837e+00  7.500000e+00
   endloop
 endfacet
 facet normal -9.115059e-01  4.112871e-01  0.000000e+00
   outer loop
     vertex  9.009689e+00 -4.338837e+00  5.000000e-01
     vertex  9.009689e+00 -4.338837e+00  7.500000e+00
     vertex  9.214762e+00 -3.884348e+00  7.500000e+00
   endloop
 endfacet
 facet normal -8.898718e-01  4.562107e-01  0.000000e+00
   outer loop
     vertex  9.009689e+00 -4.338837e+00  5.000000e-01
     vertex  8.782216e+00 -4.782540e+00  5.000000e-01
     vertex  8.782216e+00 -4.782540e+00  7.500000e+00
   endloop
 endfacet
 facet normal -9.308737e-01  3.653410e-01  0.000000e+00
   outer loop
     vertex  9.214762e+00 -3.884348e+00  5.000000e-01
     vertex  9.214762e+00 -3.884348e+00  7.500000e+00
     vertex  9.396926e+00 -3.420201e+00  7.500000e+00
   endloop
 endfacet
 facet normal -9.115059e-01  4.112871e-01  0.000000e+00
   outer loop
     vertex  9.214762e+00 -3.884348e+00  5.000000e-01
     vertex  9.009689e+00 -4.338837e+00  5.000000e-01
     vertex  9.214762e+00 -3.884348e+00  7.500000e+00
   endloop
 endfacet
 facet normal -9.308737e-01  3.653410e-01  0.000000e+00
   outer loop
     vertex  9.396926e+00 -3.420201e+00  5.000000e-01
     vertex  9.214762e+00 -3.884348e+00  5.000000e-01
     vertex  9.396926e+00 -3.420201e+00  7.500000e+00
   endloop
 endfacet
 facet normal -9.479273e-01  3.184867e-01  0.000000e+00
   outer loop
     vertex  9.555728e+00 -2.947552e+00  5.000000e-01
     vertex  9.396926e+00 -3.420201e+00  7.500000e+00
     vertex  9.555728e+00 -2.947552e+00  7.500000e+00
   endloop
 endfacet
 facet normal -9.626242e-01  2.708405e-01  0.000000e+00
   outer loop
     vertex  9.555728e+00 -2.947552e+00  5.000000e-01
     vertex  9.555728e+00 -2.947552e+00  7.500000e+00
     vertex  9.690773e+00 -2.467574e+00  7.500000e+00
   endloop
 endfacet
 facet normal -9.479273e-01  3.184867e-01  0.000000e+00
   outer loop
     vertex  9.555728e+00 -2.947552e+00  5.000000e-01
     vertex  9.396926e+00 -3.420201e+00  5.000000e-01
     vertex  9.396926e+00 -3.420201e+00  7.500000e+00
   endloop
 endfacet
 facet normal -9.626242e-01  2.708405e-01  0.000000e+00
   outer loop
     vertex  9.690773e+00 -2.467574e+00  5.000000e-01
     vertex  9.555728e+00 -2.947552e+00  5.000000e-01
     vertex  9.690773e+00 -2.467574e+00  7.500000e+00
   endloop
 endfacet
 facet normal -9.749279e-01  2.225209e-01  0.000000e+00
   outer loop
     vertex  9.801725e+00 -1.981461e+00  5.000000e-01
     vertex  9.690773e+00 -2.467574e+00  7.500000e+00
     vertex  9.801725e+00 -1.981461e+00  7.500000e+00
   endloop
 endfacet
 facet normal -9.848078e-01  1.736482e-01  0.000000e+00
   outer loop
     vertex  9.801725e+00 -1.981461e+00  5.000000e-01
     vertex  9.801725e+00 -1.981461e+00  7.500000e+00
     vertex  9.888308e+00 -1.490423e+00  7.500000e+00
   endloop
 endfacet
 facet normal -9.749279e-01  2.225209e-01  0.000000e+00
   outer loop
     vertex  9.801725e+00 -1.981461e+00  5.000000e-01
     vertex  9.690773e+00 -2.467574e+00  5.000000e-01
     vertex  9.690773e+00 -2.467574e+00  7.500000e+00
   endloop
 endfacet
 facet normal -9.848078e-01  1.736482e-01  0.000000e+00
   outer loop
     vertex  9.888308e+00 -1.490423e+00  5.000000e-01
     vertex  9.801725e+00 -1.981461e+00  5.000000e-01
     vertex  9.888308e+00 -1.490423e+00  7.500000e+00
   endloop
 endfacet
 facet normal -9.922392e-01  1.243437e-01  0.000000e+00
   outer loop
     vertex  9.950308e+00 -9.956785e-01  5.000000e-01
     vertex  9.888308e+00 -1.490423e+00  7.500000e+00
     vertex  9.950308e+00 -9.956785e-01  7.500000e+00
   endloop
 endfacet
 facet normal -9.972038e-01  7.473009e-02  0.000000e+00
   outer loop
     vertex  9.950308e+00 -9.956785e-01  5.000000e-01
     vertex  9.950308e+00 -9.956785e-01  7.500000e+00
     vertex  9.987569e+00 -4.984589e-01  7.500000e+00
   endloop
 endfacet
 facet normal -9.922392e-01  1.243437e-01  0.000000e+00
   outer loop
     vertex  9.950308e+00 -9.956785e-01  5.000000e-01
     vertex  9.888308e+00 -1.490423e+00  5.000000e-01
     vertex  9.888308e+00 -1.490423e+00  7.500000e+00
   endloop
 endfacet
 facet normal -9.972038e-01  7.473009e-02  0.000000e+00
   outer loop
     vertex  9.987569e+00 -4.984589e-01  5.000000e-01
     vertex  9.950308e+00 -9.956785e-01  5.000000e-01
     vertex  9.987569e+00 -4.984589e-01  7.500000e+00
   endloop
 endfacet
 facet normal -9.996892e-01  2.493069e-02  0.000000e+00
   outer loop
     vertex  1.000000e+01  9.868649e-16  5.000000e-01
     vertex  9.987569e+00 -4.984589e-01  7.500000e+00
     vertex  1.000000e+01  9.868649e-16  7.500000e+00
   endloop
 endfacet
 facet normal -9.996892e-01  2.493069e-02  0.000000e+00
   outer loop
     vertex  1.000000e+01  9.868649e-16  5.000000e-01
     vertex  9.987569e+00 -4.984589e-01  5.000000e-01
     vertex  9.987569e+00 -4.984589e-01  7.500000e+00
   endloop
 endfacet
endsolid
