ISO-10303-21;
HEADER;
FILE_DESCRIPTION(('Open CASCADE Model'),'2;1');
FILE_NAME('Open CASCADE Shape Model','2026-05-06T00:40:49',('Author'),(
    'Open CASCADE'),'Open CASCADE STEP processor 7.5','Open CASCADE 7.5'
  ,'Unknown');
FILE_SCHEMA(('AUTOMOTIVE_DESIGN { 1 0 10303 214 1 1 1 1 }'));
ENDSEC;
DATA;
#1 = APPLICATION_PROTOCOL_DEFINITION('international standard',
  'automotive_design',2000,#2);
#2 = APPLICATION_CONTEXT(
  'core data for automotive mechanical design processes');
#3 = SHAPE_DEFINITION_REPRESENTATION(#4,#10);
#4 = PRODUCT_DEFINITION_SHAPE('','',#5);
#5 = PRODUCT_DEFINITION('design','',#6,#9);
#6 = PRODUCT_DEFINITION_FORMATION('','',#7);
#7 = PRODUCT('Open CASCADE STEP translator 7.5 20',
  'Open CASCADE STEP translator 7.5 20','',(#8));
#8 = PRODUCT_CONTEXT('',#2,'mechanical');
#9 = PRODUCT_DEFINITION_CONTEXT('part definition',#2,'design');
#10 = SHAPE_REPRESENTATION('',(#11,#15,#19,#23),#27);
#11 = AXIS2_PLACEMENT_3D('',#12,#13,#14);
#12 = CARTESIAN_POINT('',(0.,0.,0.));
#13 = DIRECTION('',(0.,0.,1.));
#14 = DIRECTION('',(1.,0.,-0.));
#15 = AXIS2_PLACEMENT_3D('',#16,#17,#18);
#16 = CARTESIAN_POINT('',(0.,0.,0.));
#17 = DIRECTION('',(0.,0.,1.));
#18 = DIRECTION('',(1.,0.,0.));
#19 = AXIS2_PLACEMENT_3D('',#20,#21,#22);
#20 = CARTESIAN_POINT('',(0.,0.,0.));
#21 = DIRECTION('',(0.,0.,1.));
#22 = DIRECTION('',(1.,0.,-0.));
#23 = AXIS2_PLACEMENT_3D('',#24,#25,#26);
#24 = CARTESIAN_POINT('',(0.,0.,0.));
#25 = DIRECTION('',(0.,0.,1.));
#26 = DIRECTION('',(1.,0.,-0.));
#27 = ( GEOMETRIC_REPRESENTATION_CONTEXT(3) 
GLOBAL_UNCERTAINTY_ASSIGNED_CONTEXT((#31)) GLOBAL_UNIT_ASSIGNED_CONTEXT(
(#28,#29,#30)) REPRESENTATION_CONTEXT('Context #1',
  '3D Context with UNIT and UNCERTAINTY') );
#28 = ( LENGTH_UNIT() NAMED_UNIT(*) SI_UNIT(.MILLI.,.METRE.) );
#29 = ( NAMED_UNIT(*) PLANE_ANGLE_UNIT() SI_UNIT($,.RADIAN.) );
#30 = ( NAMED_UNIT(*) SI_UNIT($,.STERADIAN.) SOLID_ANGLE_UNIT() );
#31 = UNCERTAINTY_MEASURE_WITH_UNIT(LENGTH_MEASURE(1.E-07),#28,
  'distance_accuracy_value','confusion accuracy');
#32 = PRODUCT_RELATED_PRODUCT_CATEGORY('part',$,(#7));
#33 = ADVANCED_BREP_SHAPE_REPRESENTATION('',(#11,#34),#5152);
#34 = MANIFOLD_SOLID_BREP('',#35);
#35 = CLOSED_SHELL('',(#36,#170,#253,#336,#419,#502,#585,#668,#751,#834,
    #917,#1000,#1083,#1166,#1249,#1332,#1415,#1498,#1581,#1664,#1747,
    #1830,#1913,#1996,#2079,#2162,#2245,#2328,#2411,#2494,#2577,#2660,
    #2743,#2826,#2909,#2992,#3075,#3158,#3241,#3324,#3407,#3490,#3573,
    #3656,#3739,#3822,#3905,#3988,#4071,#4154,#4237,#4320,#4403,#4486,
    #4569,#4652,#4735,#4818,#4901,#4975,#5026,#5089));
#36 = ADVANCED_FACE('',(#37),#52,.T.);
#37 = FACE_BOUND('',#38,.T.);
#38 = EDGE_LOOP('',(#39,#80,#111,#141));
#39 = ORIENTED_EDGE('',*,*,#40,.F.);
#40 = EDGE_CURVE('',#41,#43,#45,.T.);
#41 = VERTEX_POINT('',#42);
#42 = CARTESIAN_POINT('',(5.307160011181,-4.637246227929,0.));
#43 = VERTEX_POINT('',#44);
#44 = CARTESIAN_POINT('',(5.92720780767,-6.09247138727,0.));
#45 = SURFACE_CURVE('',#46,(#51,#67),.PCURVE_S1.);
#46 = B_SPLINE_CURVE_WITH_KNOTS('',3,(#47,#48,#49,#50),.UNSPECIFIED.,.F.
  ,.F.,(4,4),(0.,1.),.PIECEWISE_BEZIER_KNOTS.);
#47 = CARTESIAN_POINT('',(5.307160011181,-4.637246227929,0.));
#48 = CARTESIAN_POINT('',(5.666694491275,-5.036385827691,0.));
#49 = CARTESIAN_POINT('',(5.825531987556,-5.575799616592,0.));
#50 = CARTESIAN_POINT('',(5.92720780767,-6.09247138727,0.));
#51 = PCURVE('',#52,#61);
#52 = B_SPLINE_SURFACE_WITH_KNOTS('',1,3,(
    (#53,#54,#55,#56)
    ,(#57,#58,#59,#60
    )),.UNSPECIFIED.,.F.,.F.,.F.,(2,2),(4,4),(0.,1.),(0.,1.),
  .PIECEWISE_BEZIER_KNOTS.);
#53 = CARTESIAN_POINT('',(5.307160011181,-4.637246227929,0.));
#54 = CARTESIAN_POINT('',(5.666694491275,-5.036385827691,0.));
#55 = CARTESIAN_POINT('',(5.825531987556,-5.575799616592,0.));
#56 = CARTESIAN_POINT('',(5.92720780767,-6.09247138727,0.));
#57 = CARTESIAN_POINT('',(5.307160011181,-4.637246227929,10.));
#58 = CARTESIAN_POINT('',(5.666694491275,-5.036385827691,10.));
#59 = CARTESIAN_POINT('',(5.825531987556,-5.575799616592,10.));
#60 = CARTESIAN_POINT('',(5.92720780767,-6.09247138727,10.));
#61 = DEFINITIONAL_REPRESENTATION('',(#62),#66);
#62 = LINE('',#63,#64);
#63 = CARTESIAN_POINT('',(0.,0.));
#64 = VECTOR('',#65,1.);
#65 = DIRECTION('',(0.,1.));
#66 = ( GEOMETRIC_REPRESENTATION_CONTEXT(2) 
PARAMETRIC_REPRESENTATION_CONTEXT() REPRESENTATION_CONTEXT('2D SPACE',''
  ) );
#67 = PCURVE('',#68,#73);
#68 = PLANE('',#69);
#69 = AXIS2_PLACEMENT_3D('',#70,#71,#72);
#70 = CARTESIAN_POINT('',(-2.263227021701E-15,7.950879242905E-16,0.));
#71 = DIRECTION('',(0.,0.,1.));
#72 = DIRECTION('',(1.,0.,-0.));
#73 = DEFINITIONAL_REPRESENTATION('',(#74),#79);
#74 = B_SPLINE_CURVE_WITH_KNOTS('',3,(#75,#76,#77,#78),.UNSPECIFIED.,.F.
  ,.F.,(4,4),(0.,1.),.PIECEWISE_BEZIER_KNOTS.);
#75 = CARTESIAN_POINT('',(5.307160011181,-4.637246227929));
#76 = CARTESIAN_POINT('',(5.666694491275,-5.036385827691));
#77 = CARTESIAN_POINT('',(5.825531987556,-5.575799616592));
#78 = CARTESIAN_POINT('',(5.92720780767,-6.09247138727));
#79 = ( GEOMETRIC_REPRESENTATION_CONTEXT(2) 
PARAMETRIC_REPRESENTATION_CONTEXT() REPRESENTATION_CONTEXT('2D SPACE',''
  ) );
#80 = ORIENTED_EDGE('',*,*,#81,.T.);
#81 = EDGE_CURVE('',#41,#82,#84,.T.);
#82 = VERTEX_POINT('',#83);
#83 = CARTESIAN_POINT('',(5.307160011181,-4.637246227929,10.));
#84 = SURFACE_CURVE('',#85,(#88,#95),.PCURVE_S1.);
#85 = B_SPLINE_CURVE_WITH_KNOTS('',1,(#86,#87),.UNSPECIFIED.,.F.,.F.,(2,
    2),(0.,1.),.PIECEWISE_BEZIER_KNOTS.);
#86 = CARTESIAN_POINT('',(5.307160011181,-4.637246227929,0.));
#87 = CARTESIAN_POINT('',(5.307160011181,-4.637246227929,10.));
#88 = PCURVE('',#52,#89);
#89 = DEFINITIONAL_REPRESENTATION('',(#90),#94);
#90 = LINE('',#91,#92);
#91 = CARTESIAN_POINT('',(0.,0.));
#92 = VECTOR('',#93,1.);
#93 = DIRECTION('',(1.,0.));
#94 = ( GEOMETRIC_REPRESENTATION_CONTEXT(2) 
PARAMETRIC_REPRESENTATION_CONTEXT() REPRESENTATION_CONTEXT('2D SPACE',''
  ) );
#95 = PCURVE('',#96,#105);
#96 = B_SPLINE_SURFACE_WITH_KNOTS('',1,3,(
    (#97,#98,#99,#100)
    ,(#101,#102,#103,#104
    )),.UNSPECIFIED.,.F.,.F.,.F.,(2,2),(4,4),(0.,1.),(0.,1.),
  .PIECEWISE_BEZIER_KNOTS.);
#97 = CARTESIAN_POINT('',(6.050285878059,-3.614421220123,0.));
#98 = CARTESIAN_POINT('',(5.299446331875,-2.913853888868,0.));
#99 = CARTESIAN_POINT('',(4.408858705867,-4.139642595901,0.));
#100 = CARTESIAN_POINT('',(5.307160011181,-4.637246227929,0.));
#101 = CARTESIAN_POINT('',(6.050285878059,-3.614421220123,10.));
#102 = CARTESIAN_POINT('',(5.299446331875,-2.913853888868,10.));
#103 = CARTESIAN_POINT('',(4.408858705867,-4.139642595901,10.));
#104 = CARTESIAN_POINT('',(5.307160011181,-4.637246227929,10.));
#105 = DEFINITIONAL_REPRESENTATION('',(#106),#110);
#106 = LINE('',#107,#108);
#107 = CARTESIAN_POINT('',(0.,1.));
#108 = VECTOR('',#109,1.);
#109 = DIRECTION('',(1.,0.));
#110 = ( GEOMETRIC_REPRESENTATION_CONTEXT(2) 
PARAMETRIC_REPRESENTATION_CONTEXT() REPRESENTATION_CONTEXT('2D SPACE',''
  ) );
#111 = ORIENTED_EDGE('',*,*,#112,.T.);
#112 = EDGE_CURVE('',#82,#113,#115,.T.);
#113 = VERTEX_POINT('',#114);
#114 = CARTESIAN_POINT('',(5.92720780767,-6.09247138727,10.));
#115 = SURFACE_CURVE('',#116,(#121,#128),.PCURVE_S1.);
#116 = B_SPLINE_CURVE_WITH_KNOTS('',3,(#117,#118,#119,#120),
  .UNSPECIFIED.,.F.,.F.,(4,4),(0.,1.),.PIECEWISE_BEZIER_KNOTS.);
#117 = CARTESIAN_POINT('',(5.307160011181,-4.637246227929,10.));
#118 = CARTESIAN_POINT('',(5.666694491275,-5.036385827691,10.));
#119 = CARTESIAN_POINT('',(5.825531987556,-5.575799616592,10.));
#120 = CARTESIAN_POINT('',(5.92720780767,-6.09247138727,10.));
#121 = PCURVE('',#52,#122);
#122 = DEFINITIONAL_REPRESENTATION('',(#123),#127);
#123 = LINE('',#124,#125);
#124 = CARTESIAN_POINT('',(1.,0.));
#125 = VECTOR('',#126,1.);
#126 = DIRECTION('',(0.,1.));
#127 = ( GEOMETRIC_REPRESENTATION_CONTEXT(2) 
PARAMETRIC_REPRESENTATION_CONTEXT() REPRESENTATION_CONTEXT('2D SPACE',''
  ) );
#128 = PCURVE('',#129,#134);
#129 = PLANE('',#130);
#130 = AXIS2_PLACEMENT_3D('',#131,#132,#133);
#131 = CARTESIAN_POINT('',(-1.212971344964E-15,-8.727476750351E-16,10.)
  );
#132 = DIRECTION('',(9.690907665373E-33,3.854338276001E-33,-1.));
#133 = DIRECTION('',(-1.,0.,-9.690907665373E-33));
#134 = DEFINITIONAL_REPRESENTATION('',(#135),#140);
#135 = B_SPLINE_CURVE_WITH_KNOTS('',3,(#136,#137,#138,#139),
  .UNSPECIFIED.,.F.,.F.,(4,4),(0.,1.),.PIECEWISE_BEZIER_KNOTS.);
#136 = CARTESIAN_POINT('',(-5.307160011181,-4.637246227929));
#137 = CARTESIAN_POINT('',(-5.666694491275,-5.036385827691));
#138 = CARTESIAN_POINT('',(-5.825531987556,-5.575799616592));
#139 = CARTESIAN_POINT('',(-5.92720780767,-6.09247138727));
#140 = ( GEOMETRIC_REPRESENTATION_CONTEXT(2) 
PARAMETRIC_REPRESENTATION_CONTEXT() REPRESENTATION_CONTEXT('2D SPACE',''
  ) );
#141 = ORIENTED_EDGE('',*,*,#142,.F.);
#142 = EDGE_CURVE('',#43,#113,#143,.T.);
#143 = SURFACE_CURVE('',#144,(#147,#154),.PCURVE_S1.);
#144 = B_SPLINE_CURVE_WITH_KNOTS('',1,(#145,#146),.UNSPECIFIED.,.F.,.F.,
  (2,2),(0.,1.),.PIECEWISE_BEZIER_KNOTS.);
#145 = CARTESIAN_POINT('',(5.92720780767,-6.09247138727,0.));
#146 = CARTESIAN_POINT('',(5.92720780767,-6.09247138727,10.));
#147 = PCURVE('',#52,#148);
#148 = DEFINITIONAL_REPRESENTATION('',(#149),#153);
#149 = LINE('',#150,#151);
#150 = CARTESIAN_POINT('',(0.,1.));
#151 = VECTOR('',#152,1.);
#152 = DIRECTION('',(1.,0.));
#153 = ( GEOMETRIC_REPRESENTATION_CONTEXT(2) 
PARAMETRIC_REPRESENTATION_CONTEXT() REPRESENTATION_CONTEXT('2D SPACE',''
  ) );
#154 = PCURVE('',#155,#164);
#155 = B_SPLINE_SURFACE_WITH_KNOTS('',1,3,(
    (#156,#157,#158,#159)
    ,(#160,#161,#162,#163
    )),.UNSPECIFIED.,.F.,.F.,.F.,(2,2),(4,4),(0.,1.),(0.,1.),
  .PIECEWISE_BEZIER_KNOTS.);
#156 = CARTESIAN_POINT('',(5.92720780767,-6.09247138727,0.));
#157 = CARTESIAN_POINT('',(5.770382804415,-6.245043630076,0.));
#158 = CARTESIAN_POINT('',(5.607663380629,-6.391556857339,0.));
#159 = CARTESIAN_POINT('',(5.439534267941,-6.531574614739,0.));
#160 = CARTESIAN_POINT('',(5.92720780767,-6.09247138727,10.));
#161 = CARTESIAN_POINT('',(5.770382804415,-6.245043630076,10.));
#162 = CARTESIAN_POINT('',(5.607663380629,-6.391556857339,10.));
#163 = CARTESIAN_POINT('',(5.439534267941,-6.531574614739,10.));
#164 = DEFINITIONAL_REPRESENTATION('',(#165),#169);
#165 = LINE('',#166,#167);
#166 = CARTESIAN_POINT('',(0.,0.));
#167 = VECTOR('',#168,1.);
#168 = DIRECTION('',(1.,0.));
#169 = ( GEOMETRIC_REPRESENTATION_CONTEXT(2) 
PARAMETRIC_REPRESENTATION_CONTEXT() REPRESENTATION_CONTEXT('2D SPACE',''
  ) );
#170 = ADVANCED_FACE('',(#171),#155,.T.);
#171 = FACE_BOUND('',#172,.T.);
#172 = EDGE_LOOP('',(#173,#198,#199,#224));
#173 = ORIENTED_EDGE('',*,*,#174,.F.);
#174 = EDGE_CURVE('',#43,#175,#177,.T.);
#175 = VERTEX_POINT('',#176);
#176 = CARTESIAN_POINT('',(5.439534267941,-6.531574614739,0.));
#177 = SURFACE_CURVE('',#178,(#183,#190),.PCURVE_S1.);
#178 = B_SPLINE_CURVE_WITH_KNOTS('',3,(#179,#180,#181,#182),
  .UNSPECIFIED.,.F.,.F.,(4,4),(0.,1.),.PIECEWISE_BEZIER_KNOTS.);
#179 = CARTESIAN_POINT('',(5.92720780767,-6.09247138727,0.));
#180 = CARTESIAN_POINT('',(5.770382804415,-6.245043630076,0.));
#181 = CARTESIAN_POINT('',(5.607663380629,-6.391556857339,0.));
#182 = CARTESIAN_POINT('',(5.439534267941,-6.531574614739,0.));
#183 = PCURVE('',#155,#184);
#184 = DEFINITIONAL_REPRESENTATION('',(#185),#189);
#185 = LINE('',#186,#187);
#186 = CARTESIAN_POINT('',(0.,0.));
#187 = VECTOR('',#188,1.);
#188 = DIRECTION('',(0.,1.));
#189 = ( GEOMETRIC_REPRESENTATION_CONTEXT(2) 
PARAMETRIC_REPRESENTATION_CONTEXT() REPRESENTATION_CONTEXT('2D SPACE',''
  ) );
#190 = PCURVE('',#68,#191);
#191 = DEFINITIONAL_REPRESENTATION('',(#192),#197);
#192 = B_SPLINE_CURVE_WITH_KNOTS('',3,(#193,#194,#195,#196),
  .UNSPECIFIED.,.F.,.F.,(4,4),(0.,1.),.PIECEWISE_BEZIER_KNOTS.);
#193 = CARTESIAN_POINT('',(5.92720780767,-6.09247138727));
#194 = CARTESIAN_POINT('',(5.770382804415,-6.245043630076));
#195 = CARTESIAN_POINT('',(5.607663380629,-6.391556857339));
#196 = CARTESIAN_POINT('',(5.439534267941,-6.531574614739));
#197 = ( GEOMETRIC_REPRESENTATION_CONTEXT(2) 
PARAMETRIC_REPRESENTATION_CONTEXT() REPRESENTATION_CONTEXT('2D SPACE',''
  ) );
#198 = ORIENTED_EDGE('',*,*,#142,.T.);
#199 = ORIENTED_EDGE('',*,*,#200,.T.);
#200 = EDGE_CURVE('',#113,#201,#203,.T.);
#201 = VERTEX_POINT('',#202);
#202 = CARTESIAN_POINT('',(5.439534267941,-6.531574614739,10.));
#203 = SURFACE_CURVE('',#204,(#209,#216),.PCURVE_S1.);
#204 = B_SPLINE_CURVE_WITH_KNOTS('',3,(#205,#206,#207,#208),
  .UNSPECIFIED.,.F.,.F.,(4,4),(0.,1.),.PIECEWISE_BEZIER_KNOTS.);
#205 = CARTESIAN_POINT('',(5.92720780767,-6.09247138727,10.));
#206 = CARTESIAN_POINT('',(5.770382804415,-6.245043630076,10.));
#207 = CARTESIAN_POINT('',(5.607663380629,-6.391556857339,10.));
#208 = CARTESIAN_POINT('',(5.439534267941,-6.531574614739,10.));
#209 = PCURVE('',#155,#210);
#210 = DEFINITIONAL_REPRESENTATION('',(#211),#215);
#211 = LINE('',#212,#213);
#212 = CARTESIAN_POINT('',(1.,0.));
#213 = VECTOR('',#214,1.);
#214 = DIRECTION('',(0.,1.));
#215 = ( GEOMETRIC_REPRESENTATION_CONTEXT(2) 
PARAMETRIC_REPRESENTATION_CONTEXT() REPRESENTATION_CONTEXT('2D SPACE',''
  ) );
#216 = PCURVE('',#129,#217);
#217 = DEFINITIONAL_REPRESENTATION('',(#218),#223);
#218 = B_SPLINE_CURVE_WITH_KNOTS('',3,(#219,#220,#221,#222),
  .UNSPECIFIED.,.F.,.F.,(4,4),(0.,1.),.PIECEWISE_BEZIER_KNOTS.);
#219 = CARTESIAN_POINT('',(-5.92720780767,-6.09247138727));
#220 = CARTESIAN_POINT('',(-5.770382804415,-6.245043630076));
#221 = CARTESIAN_POINT('',(-5.607663380629,-6.391556857339));
#222 = CARTESIAN_POINT('',(-5.439534267941,-6.531574614739));
#223 = ( GEOMETRIC_REPRESENTATION_CONTEXT(2) 
PARAMETRIC_REPRESENTATION_CONTEXT() REPRESENTATION_CONTEXT('2D SPACE',''
  ) );
#224 = ORIENTED_EDGE('',*,*,#225,.F.);
#225 = EDGE_CURVE('',#175,#201,#226,.T.);
#226 = SURFACE_CURVE('',#227,(#230,#237),.PCURVE_S1.);
#227 = B_SPLINE_CURVE_WITH_KNOTS('',1,(#228,#229),.UNSPECIFIED.,.F.,.F.,
  (2,2),(0.,1.),.PIECEWISE_BEZIER_KNOTS.);
#228 = CARTESIAN_POINT('',(5.439534267941,-6.531574614739,0.));
#229 = CARTESIAN_POINT('',(5.439534267941,-6.531574614739,10.));
#230 = PCURVE('',#155,#231);
#231 = DEFINITIONAL_REPRESENTATION('',(#232),#236);
#232 = LINE('',#233,#234);
#233 = CARTESIAN_POINT('',(0.,1.));
#234 = VECTOR('',#235,1.);
#235 = DIRECTION('',(1.,0.));
#236 = ( GEOMETRIC_REPRESENTATION_CONTEXT(2) 
PARAMETRIC_REPRESENTATION_CONTEXT() REPRESENTATION_CONTEXT('2D SPACE',''
  ) );
#237 = PCURVE('',#238,#247);
#238 = B_SPLINE_SURFACE_WITH_KNOTS('',1,3,(
    (#239,#240,#241,#242)
    ,(#243,#244,#245,#246
    )),.UNSPECIFIED.,.F.,.F.,.F.,(2,2),(4,4),(0.,1.),(0.,1.),
  .PIECEWISE_BEZIER_KNOTS.);
#239 = CARTESIAN_POINT('',(5.439534267941,-6.531574614739,0.));
#240 = CARTESIAN_POINT('',(4.936320896511,-6.376448879204,0.));
#241 = CARTESIAN_POINT('',(4.416465112181,-6.162097416928,0.));
#242 = CARTESIAN_POINT('',(4.057093627605,-5.762811055341,0.));
#243 = CARTESIAN_POINT('',(5.439534267941,-6.531574614739,10.));
#244 = CARTESIAN_POINT('',(4.936320896511,-6.376448879204,10.));
#245 = CARTESIAN_POINT('',(4.416465112181,-6.162097416928,10.));
#246 = CARTESIAN_POINT('',(4.057093627605,-5.762811055341,10.));
#247 = DEFINITIONAL_REPRESENTATION('',(#248),#252);
#248 = LINE('',#249,#250);
#249 = CARTESIAN_POINT('',(0.,0.));
#250 = VECTOR('',#251,1.);
#251 = DIRECTION('',(1.,0.));
#252 = ( GEOMETRIC_REPRESENTATION_CONTEXT(2) 
PARAMETRIC_REPRESENTATION_CONTEXT() REPRESENTATION_CONTEXT('2D SPACE',''
  ) );
#253 = ADVANCED_FACE('',(#254),#238,.T.);
#254 = FACE_BOUND('',#255,.T.);
#255 = EDGE_LOOP('',(#256,#281,#282,#307));
#256 = ORIENTED_EDGE('',*,*,#257,.F.);
#257 = EDGE_CURVE('',#175,#258,#260,.T.);
#258 = VERTEX_POINT('',#259);
#259 = CARTESIAN_POINT('',(4.057093627605,-5.762811055341,0.));
#260 = SURFACE_CURVE('',#261,(#266,#273),.PCURVE_S1.);
#261 = B_SPLINE_CURVE_WITH_KNOTS('',3,(#262,#263,#264,#265),
  .UNSPECIFIED.,.F.,.F.,(4,4),(0.,1.),.PIECEWISE_BEZIER_KNOTS.);
#262 = CARTESIAN_POINT('',(5.439534267941,-6.531574614739,0.));
#263 = CARTESIAN_POINT('',(4.936320896511,-6.376448879204,0.));
#264 = CARTESIAN_POINT('',(4.416465112181,-6.162097416928,0.));
#265 = CARTESIAN_POINT('',(4.057093627605,-5.762811055341,0.));
#266 = PCURVE('',#238,#267);
#267 = DEFINITIONAL_REPRESENTATION('',(#268),#272);
#268 = LINE('',#269,#270);
#269 = CARTESIAN_POINT('',(0.,0.));
#270 = VECTOR('',#271,1.);
#271 = DIRECTION('',(0.,1.));
#272 = ( GEOMETRIC_REPRESENTATION_CONTEXT(2) 
PARAMETRIC_REPRESENTATION_CONTEXT() REPRESENTATION_CONTEXT('2D SPACE',''
  ) );
#273 = PCURVE('',#68,#274);
#274 = DEFINITIONAL_REPRESENTATION('',(#275),#280);
#275 = B_SPLINE_CURVE_WITH_KNOTS('',3,(#276,#277,#278,#279),
  .UNSPECIFIED.,.F.,.F.,(4,4),(0.,1.),.PIECEWISE_BEZIER_KNOTS.);
#276 = CARTESIAN_POINT('',(5.439534267941,-6.531574614739));
#277 = CARTESIAN_POINT('',(4.936320896511,-6.376448879204));
#278 = CARTESIAN_POINT('',(4.416465112181,-6.162097416928));
#279 = CARTESIAN_POINT('',(4.057093627605,-5.762811055341));
#280 = ( GEOMETRIC_REPRESENTATION_CONTEXT(2) 
PARAMETRIC_REPRESENTATION_CONTEXT() REPRESENTATION_CONTEXT('2D SPACE',''
  ) );
#281 = ORIENTED_EDGE('',*,*,#225,.T.);
#282 = ORIENTED_EDGE('',*,*,#283,.T.);
#283 = EDGE_CURVE('',#201,#284,#286,.T.);
#284 = VERTEX_POINT('',#285);
#285 = CARTESIAN_POINT('',(4.057093627605,-5.762811055341,10.));
#286 = SURFACE_CURVE('',#287,(#292,#299),.PCURVE_S1.);
#287 = B_SPLINE_CURVE_WITH_KNOTS('',3,(#288,#289,#290,#291),
  .UNSPECIFIED.,.F.,.F.,(4,4),(0.,1.),.PIECEWISE_BEZIER_KNOTS.);
#288 = CARTESIAN_POINT('',(5.439534267941,-6.531574614739,10.));
#289 = CARTESIAN_POINT('',(4.936320896511,-6.376448879204,10.));
#290 = CARTESIAN_POINT('',(4.416465112181,-6.162097416928,10.));
#291 = CARTESIAN_POINT('',(4.057093627605,-5.762811055341,10.));
#292 = PCURVE('',#238,#293);
#293 = DEFINITIONAL_REPRESENTATION('',(#294),#298);
#294 = LINE('',#295,#296);
#295 = CARTESIAN_POINT('',(1.,0.));
#296 = VECTOR('',#297,1.);
#297 = DIRECTION('',(0.,1.));
#298 = ( GEOMETRIC_REPRESENTATION_CONTEXT(2) 
PARAMETRIC_REPRESENTATION_CONTEXT() REPRESENTATION_CONTEXT('2D SPACE',''
  ) );
#299 = PCURVE('',#129,#300);
#300 = DEFINITIONAL_REPRESENTATION('',(#301),#306);
#301 = B_SPLINE_CURVE_WITH_KNOTS('',3,(#302,#303,#304,#305),
  .UNSPECIFIED.,.F.,.F.,(4,4),(0.,1.),.PIECEWISE_BEZIER_KNOTS.);
#302 = CARTESIAN_POINT('',(-5.439534267941,-6.531574614739));
#303 = CARTESIAN_POINT('',(-4.936320896511,-6.376448879204));
#304 = CARTESIAN_POINT('',(-4.416465112181,-6.162097416928));
#305 = CARTESIAN_POINT('',(-4.057093627605,-5.762811055341));
#306 = ( GEOMETRIC_REPRESENTATION_CONTEXT(2) 
PARAMETRIC_REPRESENTATION_CONTEXT() REPRESENTATION_CONTEXT('2D SPACE',''
  ) );
#307 = ORIENTED_EDGE('',*,*,#308,.F.);
#308 = EDGE_CURVE('',#258,#284,#309,.T.);
#309 = SURFACE_CURVE('',#310,(#313,#320),.PCURVE_S1.);
#310 = B_SPLINE_CURVE_WITH_KNOTS('',1,(#311,#312),.UNSPECIFIED.,.F.,.F.,
  (2,2),(0.,1.),.PIECEWISE_BEZIER_KNOTS.);
#311 = CARTESIAN_POINT('',(4.057093627605,-5.762811055341,0.));
#312 = CARTESIAN_POINT('',(4.057093627605,-5.762811055341,10.));
#313 = PCURVE('',#238,#314);
#314 = DEFINITIONAL_REPRESENTATION('',(#315),#319);
#315 = LINE('',#316,#317);
#316 = CARTESIAN_POINT('',(0.,1.));
#317 = VECTOR('',#318,1.);
#318 = DIRECTION('',(1.,0.));
#319 = ( GEOMETRIC_REPRESENTATION_CONTEXT(2) 
PARAMETRIC_REPRESENTATION_CONTEXT() REPRESENTATION_CONTEXT('2D SPACE',''
  ) );
#320 = PCURVE('',#321,#330);
#321 = B_SPLINE_SURFACE_WITH_KNOTS('',1,3,(
    (#322,#323,#324,#325)
    ,(#326,#327,#328,#329
    )),.UNSPECIFIED.,.F.,.F.,.F.,(2,2),(4,4),(0.,1.),(0.,1.),
  .PIECEWISE_BEZIER_KNOTS.);
#322 = CARTESIAN_POINT('',(4.057093627605,-5.762811055341,0.));
#323 = CARTESIAN_POINT('',(3.656113975334,-4.817416995597,0.));
#324 = CARTESIAN_POINT('',(2.343948511143,-5.574996079569,0.));
#325 = CARTESIAN_POINT('',(2.962193957333,-6.394951674709,0.));
#326 = CARTESIAN_POINT('',(4.057093627605,-5.762811055341,10.));
#327 = CARTESIAN_POINT('',(3.656113975334,-4.817416995597,10.));
#328 = CARTESIAN_POINT('',(2.343948511143,-5.574996079569,10.));
#329 = CARTESIAN_POINT('',(2.962193957333,-6.394951674709,10.));
#330 = DEFINITIONAL_REPRESENTATION('',(#331),#335);
#331 = LINE('',#332,#333);
#332 = CARTESIAN_POINT('',(0.,0.));
#333 = VECTOR('',#334,1.);
#334 = DIRECTION('',(1.,0.));
#335 = ( GEOMETRIC_REPRESENTATION_CONTEXT(2) 
PARAMETRIC_REPRESENTATION_CONTEXT() REPRESENTATION_CONTEXT('2D SPACE',''
  ) );
#336 = ADVANCED_FACE('',(#337),#321,.T.);
#337 = FACE_BOUND('',#338,.T.);
#338 = EDGE_LOOP('',(#339,#364,#365,#390));
#339 = ORIENTED_EDGE('',*,*,#340,.F.);
#340 = EDGE_CURVE('',#258,#341,#343,.T.);
#341 = VERTEX_POINT('',#342);
#342 = CARTESIAN_POINT('',(2.962193957333,-6.394951674709,0.));
#343 = SURFACE_CURVE('',#344,(#349,#356),.PCURVE_S1.);
#344 = B_SPLINE_CURVE_WITH_KNOTS('',3,(#345,#346,#347,#348),
  .UNSPECIFIED.,.F.,.F.,(4,4),(0.,1.),.PIECEWISE_BEZIER_KNOTS.);
#345 = CARTESIAN_POINT('',(4.057093627605,-5.762811055341,0.));
#346 = CARTESIAN_POINT('',(3.656113975334,-4.817416995597,0.));
#347 = CARTESIAN_POINT('',(2.343948511143,-5.574996079569,0.));
#348 = CARTESIAN_POINT('',(2.962193957333,-6.394951674709,0.));
#349 = PCURVE('',#321,#350);
#350 = DEFINITIONAL_REPRESENTATION('',(#351),#355);
#351 = LINE('',#352,#353);
#352 = CARTESIAN_POINT('',(0.,0.));
#353 = VECTOR('',#354,1.);
#354 = DIRECTION('',(0.,1.));
#355 = ( GEOMETRIC_REPRESENTATION_CONTEXT(2) 
PARAMETRIC_REPRESENTATION_CONTEXT() REPRESENTATION_CONTEXT('2D SPACE',''
  ) );
#356 = PCURVE('',#68,#357);
#357 = DEFINITIONAL_REPRESENTATION('',(#358),#363);
#358 = B_SPLINE_CURVE_WITH_KNOTS('',3,(#359,#360,#361,#362),
  .UNSPECIFIED.,.F.,.F.,(4,4),(0.,1.),.PIECEWISE_BEZIER_KNOTS.);
#359 = CARTESIAN_POINT('',(4.057093627605,-5.762811055341));
#360 = CARTESIAN_POINT('',(3.656113975334,-4.817416995597));
#361 = CARTESIAN_POINT('',(2.343948511143,-5.574996079569));
#362 = CARTESIAN_POINT('',(2.962193957333,-6.394951674709));
#363 = ( GEOMETRIC_REPRESENTATION_CONTEXT(2) 
PARAMETRIC_REPRESENTATION_CONTEXT() REPRESENTATION_CONTEXT('2D SPACE',''
  ) );
#364 = ORIENTED_EDGE('',*,*,#308,.T.);
#365 = ORIENTED_EDGE('',*,*,#366,.T.);
#366 = EDGE_CURVE('',#284,#367,#369,.T.);
#367 = VERTEX_POINT('',#368);
#368 = CARTESIAN_POINT('',(2.962193957333,-6.394951674709,10.));
#369 = SURFACE_CURVE('',#370,(#375,#382),.PCURVE_S1.);
#370 = B_SPLINE_CURVE_WITH_KNOTS('',3,(#371,#372,#373,#374),
  .UNSPECIFIED.,.F.,.F.,(4,4),(0.,1.),.PIECEWISE_BEZIER_KNOTS.);
#371 = CARTESIAN_POINT('',(4.057093627605,-5.762811055341,10.));
#372 = CARTESIAN_POINT('',(3.656113975334,-4.817416995597,10.));
#373 = CARTESIAN_POINT('',(2.343948511143,-5.574996079569,10.));
#374 = CARTESIAN_POINT('',(2.962193957333,-6.394951674709,10.));
#375 = PCURVE('',#321,#376);
#376 = DEFINITIONAL_REPRESENTATION('',(#377),#381);
#377 = LINE('',#378,#379);
#378 = CARTESIAN_POINT('',(1.,0.));
#379 = VECTOR('',#380,1.);
#380 = DIRECTION('',(0.,1.));
#381 = ( GEOMETRIC_REPRESENTATION_CONTEXT(2) 
PARAMETRIC_REPRESENTATION_CONTEXT() REPRESENTATION_CONTEXT('2D SPACE',''
  ) );
#382 = PCURVE('',#129,#383);
#383 = DEFINITIONAL_REPRESENTATION('',(#384),#389);
#384 = B_SPLINE_CURVE_WITH_KNOTS('',3,(#385,#386,#387,#388),
  .UNSPECIFIED.,.F.,.F.,(4,4),(0.,1.),.PIECEWISE_BEZIER_KNOTS.);
#385 = CARTESIAN_POINT('',(-4.057093627605,-5.762811055341));
#386 = CARTESIAN_POINT('',(-3.656113975334,-4.817416995597));
#387 = CARTESIAN_POINT('',(-2.343948511143,-5.574996079569));
#388 = CARTESIAN_POINT('',(-2.962193957333,-6.394951674709));
#389 = ( GEOMETRIC_REPRESENTATION_CONTEXT(2) 
PARAMETRIC_REPRESENTATION_CONTEXT() REPRESENTATION_CONTEXT('2D SPACE',''
  ) );
#390 = ORIENTED_EDGE('',*,*,#391,.F.);
#391 = EDGE_CURVE('',#341,#367,#392,.T.);
#392 = SURFACE_CURVE('',#393,(#396,#403),.PCURVE_S1.);
#393 = B_SPLINE_CURVE_WITH_KNOTS('',1,(#394,#395),.UNSPECIFIED.,.F.,.F.,
  (2,2),(0.,1.),.PIECEWISE_BEZIER_KNOTS.);
#394 = CARTESIAN_POINT('',(2.962193957333,-6.394951674709,0.));
#395 = CARTESIAN_POINT('',(2.962193957333,-6.394951674709,10.));
#396 = PCURVE('',#321,#397);
#397 = DEFINITIONAL_REPRESENTATION('',(#398),#402);
#398 = LINE('',#399,#400);
#399 = CARTESIAN_POINT('',(0.,1.));
#400 = VECTOR('',#401,1.);
#401 = DIRECTION('',(1.,0.));
#402 = ( GEOMETRIC_REPRESENTATION_CONTEXT(2) 
PARAMETRIC_REPRESENTATION_CONTEXT() REPRESENTATION_CONTEXT('2D SPACE',''
  ) );
#403 = PCURVE('',#404,#413);
#404 = B_SPLINE_SURFACE_WITH_KNOTS('',1,3,(
    (#405,#406,#407,#408)
    ,(#409,#410,#411,#412
    )),.UNSPECIFIED.,.F.,.F.,.F.,(2,2),(4,4),(0.,1.),(0.,1.),
  .PIECEWISE_BEZIER_KNOTS.);
#405 = CARTESIAN_POINT('',(2.962193957333,-6.394951674709,0.));
#406 = CARTESIAN_POINT('',(3.128300347563,-6.90581969054,0.));
#407 = CARTESIAN_POINT('',(3.054006267068,-7.463203737212,0.));
#408 = CARTESIAN_POINT('',(2.936742409107,-7.976562168162,0.));
#409 = CARTESIAN_POINT('',(2.962193957333,-6.394951674709,10.));
#410 = CARTESIAN_POINT('',(3.128300347563,-6.90581969054,10.));
#411 = CARTESIAN_POINT('',(3.054006267068,-7.463203737212,10.));
#412 = CARTESIAN_POINT('',(2.936742409107,-7.976562168162,10.));
#413 = DEFINITIONAL_REPRESENTATION('',(#414),#418);
#414 = LINE('',#415,#416);
#415 = CARTESIAN_POINT('',(0.,0.));
#416 = VECTOR('',#417,1.);
#417 = DIRECTION('',(1.,0.));
#418 = ( GEOMETRIC_REPRESENTATION_CONTEXT(2) 
PARAMETRIC_REPRESENTATION_CONTEXT() REPRESENTATION_CONTEXT('2D SPACE',''
  ) );
#419 = ADVANCED_FACE('',(#420),#404,.T.);
#420 = FACE_BOUND('',#421,.T.);
#421 = EDGE_LOOP('',(#422,#447,#448,#473));
#422 = ORIENTED_EDGE('',*,*,#423,.F.);
#423 = EDGE_CURVE('',#341,#424,#426,.T.);
#424 = VERTEX_POINT('',#425);
#425 = CARTESIAN_POINT('',(2.936742409107,-7.976562168162,0.));
#426 = SURFACE_CURVE('',#427,(#432,#439),.PCURVE_S1.);
#427 = B_SPLINE_CURVE_WITH_KNOTS('',3,(#428,#429,#430,#431),
  .UNSPECIFIED.,.F.,.F.,(4,4),(0.,1.),.PIECEWISE_BEZIER_KNOTS.);
#428 = CARTESIAN_POINT('',(2.962193957333,-6.394951674709,0.));
#429 = CARTESIAN_POINT('',(3.128300347563,-6.90581969054,0.));
#430 = CARTESIAN_POINT('',(3.054006267068,-7.463203737212,0.));
#431 = CARTESIAN_POINT('',(2.936742409107,-7.976562168162,0.));
#432 = PCURVE('',#404,#433);
#433 = DEFINITIONAL_REPRESENTATION('',(#434),#438);
#434 = LINE('',#435,#436);
#435 = CARTESIAN_POINT('',(0.,0.));
#436 = VECTOR('',#437,1.);
#437 = DIRECTION('',(0.,1.));
#438 = ( GEOMETRIC_REPRESENTATION_CONTEXT(2) 
PARAMETRIC_REPRESENTATION_CONTEXT() REPRESENTATION_CONTEXT('2D SPACE',''
  ) );
#439 = PCURVE('',#68,#440);
#440 = DEFINITIONAL_REPRESENTATION('',(#441),#446);
#441 = B_SPLINE_CURVE_WITH_KNOTS('',3,(#442,#443,#444,#445),
  .UNSPECIFIED.,.F.,.F.,(4,4),(0.,1.),.PIECEWISE_BEZIER_KNOTS.);
#442 = CARTESIAN_POINT('',(2.962193957333,-6.394951674709));
#443 = CARTESIAN_POINT('',(3.128300347563,-6.90581969054));
#444 = CARTESIAN_POINT('',(3.054006267068,-7.463203737212));
#445 = CARTESIAN_POINT('',(2.936742409107,-7.976562168162));
#446 = ( GEOMETRIC_REPRESENTATION_CONTEXT(2) 
PARAMETRIC_REPRESENTATION_CONTEXT() REPRESENTATION_CONTEXT('2D SPACE',''
  ) );
#447 = ORIENTED_EDGE('',*,*,#391,.T.);
#448 = ORIENTED_EDGE('',*,*,#449,.T.);
#449 = EDGE_CURVE('',#367,#450,#452,.T.);
#450 = VERTEX_POINT('',#451);
#451 = CARTESIAN_POINT('',(2.936742409107,-7.976562168162,10.));
#452 = SURFACE_CURVE('',#453,(#458,#465),.PCURVE_S1.);
#453 = B_SPLINE_CURVE_WITH_KNOTS('',3,(#454,#455,#456,#457),
  .UNSPECIFIED.,.F.,.F.,(4,4),(0.,1.),.PIECEWISE_BEZIER_KNOTS.);
#454 = CARTESIAN_POINT('',(2.962193957333,-6.394951674709,10.));
#455 = CARTESIAN_POINT('',(3.128300347563,-6.90581969054,10.));
#456 = CARTESIAN_POINT('',(3.054006267068,-7.463203737212,10.));
#457 = CARTESIAN_POINT('',(2.936742409107,-7.976562168162,10.));
#458 = PCURVE('',#404,#459);
#459 = DEFINITIONAL_REPRESENTATION('',(#460),#464);
#460 = LINE('',#461,#462);
#461 = CARTESIAN_POINT('',(1.,0.));
#462 = VECTOR('',#463,1.);
#463 = DIRECTION('',(0.,1.));
#464 = ( GEOMETRIC_REPRESENTATION_CONTEXT(2) 
PARAMETRIC_REPRESENTATION_CONTEXT() REPRESENTATION_CONTEXT('2D SPACE',''
  ) );
#465 = PCURVE('',#129,#466);
#466 = DEFINITIONAL_REPRESENTATION('',(#467),#472);
#467 = B_SPLINE_CURVE_WITH_KNOTS('',3,(#468,#469,#470,#471),
  .UNSPECIFIED.,.F.,.F.,(4,4),(0.,1.),.PIECEWISE_BEZIER_KNOTS.);
#468 = CARTESIAN_POINT('',(-2.962193957333,-6.394951674709));
#469 = CARTESIAN_POINT('',(-3.128300347563,-6.90581969054));
#470 = CARTESIAN_POINT('',(-3.054006267068,-7.463203737212));
#471 = CARTESIAN_POINT('',(-2.936742409107,-7.976562168162));
#472 = ( GEOMETRIC_REPRESENTATION_CONTEXT(2) 
PARAMETRIC_REPRESENTATION_CONTEXT() REPRESENTATION_CONTEXT('2D SPACE',''
  ) );
#473 = ORIENTED_EDGE('',*,*,#474,.F.);
#474 = EDGE_CURVE('',#424,#450,#475,.T.);
#475 = SURFACE_CURVE('',#476,(#479,#486),.PCURVE_S1.);
#476 = B_SPLINE_CURVE_WITH_KNOTS('',1,(#477,#478),.UNSPECIFIED.,.F.,.F.,
  (2,2),(0.,1.),.PIECEWISE_BEZIER_KNOTS.);
#477 = CARTESIAN_POINT('',(2.936742409107,-7.976562168162,0.));
#478 = CARTESIAN_POINT('',(2.936742409107,-7.976562168162,10.));
#479 = PCURVE('',#404,#480);
#480 = DEFINITIONAL_REPRESENTATION('',(#481),#485);
#481 = LINE('',#482,#483);
#482 = CARTESIAN_POINT('',(0.,1.));
#483 = VECTOR('',#484,1.);
#484 = DIRECTION('',(1.,0.));
#485 = ( GEOMETRIC_REPRESENTATION_CONTEXT(2) 
PARAMETRIC_REPRESENTATION_CONTEXT() REPRESENTATION_CONTEXT('2D SPACE',''
  ) );
#486 = PCURVE('',#487,#496);
#487 = B_SPLINE_SURFACE_WITH_KNOTS('',1,3,(
    (#488,#489,#490,#491)
    ,(#492,#493,#494,#495
    )),.UNSPECIFIED.,.F.,.F.,.F.,(2,2),(4,4),(0.,1.),(0.,1.),
  .PIECEWISE_BEZIER_KNOTS.);
#488 = CARTESIAN_POINT('',(2.936742409107,-7.976562168162,0.));
#489 = CARTESIAN_POINT('',(2.731418917874,-8.052157372166,0.));
#490 = CARTESIAN_POINT('',(2.52317502918,-8.119819913222,0.));
#491 = CARTESIAN_POINT('',(2.312631089371,-8.179348228586,0.));
#492 = CARTESIAN_POINT('',(2.936742409107,-7.976562168162,10.));
#493 = CARTESIAN_POINT('',(2.731418917874,-8.052157372166,10.));
#494 = CARTESIAN_POINT('',(2.52317502918,-8.119819913222,10.));
#495 = CARTESIAN_POINT('',(2.312631089371,-8.179348228586,10.));
#496 = DEFINITIONAL_REPRESENTATION('',(#497),#501);
#497 = LINE('',#498,#499);
#498 = CARTESIAN_POINT('',(0.,0.));
#499 = VECTOR('',#500,1.);
#500 = DIRECTION('',(1.,0.));
#501 = ( GEOMETRIC_REPRESENTATION_CONTEXT(2) 
PARAMETRIC_REPRESENTATION_CONTEXT() REPRESENTATION_CONTEXT('2D SPACE',''
  ) );
#502 = ADVANCED_FACE('',(#503),#487,.T.);
#503 = FACE_BOUND('',#504,.T.);
#504 = EDGE_LOOP('',(#505,#530,#531,#556));
#505 = ORIENTED_EDGE('',*,*,#506,.F.);
#506 = EDGE_CURVE('',#424,#507,#509,.T.);
#507 = VERTEX_POINT('',#508);
#508 = CARTESIAN_POINT('',(2.312631089371,-8.179348228586,0.));
#509 = SURFACE_CURVE('',#510,(#515,#522),.PCURVE_S1.);
#510 = B_SPLINE_CURVE_WITH_KNOTS('',3,(#511,#512,#513,#514),
  .UNSPECIFIED.,.F.,.F.,(4,4),(0.,1.),.PIECEWISE_BEZIER_KNOTS.);
#511 = CARTESIAN_POINT('',(2.936742409107,-7.976562168162,0.));
#512 = CARTESIAN_POINT('',(2.731418917874,-8.052157372166,0.));
#513 = CARTESIAN_POINT('',(2.52317502918,-8.119819913222,0.));
#514 = CARTESIAN_POINT('',(2.312631089371,-8.179348228586,0.));
#515 = PCURVE('',#487,#516);
#516 = DEFINITIONAL_REPRESENTATION('',(#517),#521);
#517 = LINE('',#518,#519);
#518 = CARTESIAN_POINT('',(0.,0.));
#519 = VECTOR('',#520,1.);
#520 = DIRECTION('',(0.,1.));
#521 = ( GEOMETRIC_REPRESENTATION_CONTEXT(2) 
PARAMETRIC_REPRESENTATION_CONTEXT() REPRESENTATION_CONTEXT('2D SPACE',''
  ) );
#522 = PCURVE('',#68,#523);
#523 = DEFINITIONAL_REPRESENTATION('',(#524),#529);
#524 = B_SPLINE_CURVE_WITH_KNOTS('',3,(#525,#526,#527,#528),
  .UNSPECIFIED.,.F.,.F.,(4,4),(0.,1.),.PIECEWISE_BEZIER_KNOTS.);
#525 = CARTESIAN_POINT('',(2.936742409107,-7.976562168162));
#526 = CARTESIAN_POINT('',(2.731418917874,-8.052157372166));
#527 = CARTESIAN_POINT('',(2.52317502918,-8.119819913222));
#528 = CARTESIAN_POINT('',(2.312631089371,-8.179348228586));
#529 = ( GEOMETRIC_REPRESENTATION_CONTEXT(2) 
PARAMETRIC_REPRESENTATION_CONTEXT() REPRESENTATION_CONTEXT('2D SPACE',''
  ) );
#530 = ORIENTED_EDGE('',*,*,#474,.T.);
#531 = ORIENTED_EDGE('',*,*,#532,.T.);
#532 = EDGE_CURVE('',#450,#533,#535,.T.);
#533 = VERTEX_POINT('',#534);
#534 = CARTESIAN_POINT('',(2.312631089371,-8.179348228586,10.));
#535 = SURFACE_CURVE('',#536,(#541,#548),.PCURVE_S1.);
#536 = B_SPLINE_CURVE_WITH_KNOTS('',3,(#537,#538,#539,#540),
  .UNSPECIFIED.,.F.,.F.,(4,4),(0.,1.),.PIECEWISE_BEZIER_KNOTS.);
#537 = CARTESIAN_POINT('',(2.936742409107,-7.976562168162,10.));
#538 = CARTESIAN_POINT('',(2.731418917874,-8.052157372166,10.));
#539 = CARTESIAN_POINT('',(2.52317502918,-8.119819913222,10.));
#540 = CARTESIAN_POINT('',(2.312631089371,-8.179348228586,10.));
#541 = PCURVE('',#487,#542);
#542 = DEFINITIONAL_REPRESENTATION('',(#543),#547);
#543 = LINE('',#544,#545);
#544 = CARTESIAN_POINT('',(1.,0.));
#545 = VECTOR('',#546,1.);
#546 = DIRECTION('',(0.,1.));
#547 = ( GEOMETRIC_REPRESENTATION_CONTEXT(2) 
PARAMETRIC_REPRESENTATION_CONTEXT() REPRESENTATION_CONTEXT('2D SPACE',''
  ) );
#548 = PCURVE('',#129,#549);
#549 = DEFINITIONAL_REPRESENTATION('',(#550),#555);
#550 = B_SPLINE_CURVE_WITH_KNOTS('',3,(#551,#552,#553,#554),
  .UNSPECIFIED.,.F.,.F.,(4,4),(0.,1.),.PIECEWISE_BEZIER_KNOTS.);
#551 = CARTESIAN_POINT('',(-2.936742409107,-7.976562168162));
#552 = CARTESIAN_POINT('',(-2.731418917874,-8.052157372166));
#553 = CARTESIAN_POINT('',(-2.52317502918,-8.119819913222));
#554 = CARTESIAN_POINT('',(-2.312631089371,-8.179348228586));
#555 = ( GEOMETRIC_REPRESENTATION_CONTEXT(2) 
PARAMETRIC_REPRESENTATION_CONTEXT() REPRESENTATION_CONTEXT('2D SPACE',''
  ) );
#556 = ORIENTED_EDGE('',*,*,#557,.F.);
#557 = EDGE_CURVE('',#507,#533,#558,.T.);
#558 = SURFACE_CURVE('',#559,(#562,#569),.PCURVE_S1.);
#559 = B_SPLINE_CURVE_WITH_KNOTS('',1,(#560,#561),.UNSPECIFIED.,.F.,.F.,
  (2,2),(0.,1.),.PIECEWISE_BEZIER_KNOTS.);
#560 = CARTESIAN_POINT('',(2.312631089371,-8.179348228586,0.));
#561 = CARTESIAN_POINT('',(2.312631089371,-8.179348228586,10.));
#562 = PCURVE('',#487,#563);
#563 = DEFINITIONAL_REPRESENTATION('',(#564),#568);
#564 = LINE('',#565,#566);
#565 = CARTESIAN_POINT('',(0.,1.));
#566 = VECTOR('',#567,1.);
#567 = DIRECTION('',(1.,0.));
#568 = ( GEOMETRIC_REPRESENTATION_CONTEXT(2) 
PARAMETRIC_REPRESENTATION_CONTEXT() REPRESENTATION_CONTEXT('2D SPACE',''
  ) );
#569 = PCURVE('',#570,#579);
#570 = B_SPLINE_SURFACE_WITH_KNOTS('',1,3,(
    (#571,#572,#573,#574)
    ,(#575,#576,#577,#578
    )),.UNSPECIFIED.,.F.,.F.,.F.,(2,2),(4,4),(0.,1.),(0.,1.),
  .PIECEWISE_BEZIER_KNOTS.);
#571 = CARTESIAN_POINT('',(2.312631089371,-8.179348228586,0.));
#572 = CARTESIAN_POINT('',(1.916018120602,-7.832958500079,0.));
#573 = CARTESIAN_POINT('',(1.528290824403,-7.425694298776,0.));
#574 = CARTESIAN_POINT('',(1.3623930314,-6.914758505596,0.));
#575 = CARTESIAN_POINT('',(2.312631089371,-8.179348228586,10.));
#576 = CARTESIAN_POINT('',(1.916018120602,-7.832958500079,10.));
#577 = CARTESIAN_POINT('',(1.528290824403,-7.425694298776,10.));
#578 = CARTESIAN_POINT('',(1.3623930314,-6.914758505596,10.));
#579 = DEFINITIONAL_REPRESENTATION('',(#580),#584);
#580 = LINE('',#581,#582);
#581 = CARTESIAN_POINT('',(0.,0.));
#582 = VECTOR('',#583,1.);
#583 = DIRECTION('',(1.,0.));
#584 = ( GEOMETRIC_REPRESENTATION_CONTEXT(2) 
PARAMETRIC_REPRESENTATION_CONTEXT() REPRESENTATION_CONTEXT('2D SPACE',''
  ) );
#585 = ADVANCED_FACE('',(#586),#570,.T.);
#586 = FACE_BOUND('',#587,.T.);
#587 = EDGE_LOOP('',(#588,#613,#614,#639));
#588 = ORIENTED_EDGE('',*,*,#589,.F.);
#589 = EDGE_CURVE('',#507,#590,#592,.T.);
#590 = VERTEX_POINT('',#591);
#591 = CARTESIAN_POINT('',(1.3623930314,-6.914758505596,0.));
#592 = SURFACE_CURVE('',#593,(#598,#605),.PCURVE_S1.);
#593 = B_SPLINE_CURVE_WITH_KNOTS('',3,(#594,#595,#596,#597),
  .UNSPECIFIED.,.F.,.F.,(4,4),(0.,1.),.PIECEWISE_BEZIER_KNOTS.);
#594 = CARTESIAN_POINT('',(2.312631089371,-8.179348228586,0.));
#595 = CARTESIAN_POINT('',(1.916018120602,-7.832958500079,0.));
#596 = CARTESIAN_POINT('',(1.528290824403,-7.425694298776,0.));
#597 = CARTESIAN_POINT('',(1.3623930314,-6.914758505596,0.));
#598 = PCURVE('',#570,#599);
#599 = DEFINITIONAL_REPRESENTATION('',(#600),#604);
#600 = LINE('',#601,#602);
#601 = CARTESIAN_POINT('',(0.,0.));
#602 = VECTOR('',#603,1.);
#603 = DIRECTION('',(0.,1.));
#604 = ( GEOMETRIC_REPRESENTATION_CONTEXT(2) 
PARAMETRIC_REPRESENTATION_CONTEXT() REPRESENTATION_CONTEXT('2D SPACE',''
  ) );
#605 = PCURVE('',#68,#606);
#606 = DEFINITIONAL_REPRESENTATION('',(#607),#612);
#607 = B_SPLINE_CURVE_WITH_KNOTS('',3,(#608,#609,#610,#611),
  .UNSPECIFIED.,.F.,.F.,(4,4),(0.,1.),.PIECEWISE_BEZIER_KNOTS.);
#608 = CARTESIAN_POINT('',(2.312631089371,-8.179348228586));
#609 = CARTESIAN_POINT('',(1.916018120602,-7.832958500079));
#610 = CARTESIAN_POINT('',(1.528290824403,-7.425694298776));
#611 = CARTESIAN_POINT('',(1.3623930314,-6.914758505596));
#612 = ( GEOMETRIC_REPRESENTATION_CONTEXT(2) 
PARAMETRIC_REPRESENTATION_CONTEXT() REPRESENTATION_CONTEXT('2D SPACE',''
  ) );
#613 = ORIENTED_EDGE('',*,*,#557,.T.);
#614 = ORIENTED_EDGE('',*,*,#615,.T.);
#615 = EDGE_CURVE('',#533,#616,#618,.T.);
#616 = VERTEX_POINT('',#617);
#617 = CARTESIAN_POINT('',(1.3623930314,-6.914758505596,10.));
#618 = SURFACE_CURVE('',#619,(#624,#631),.PCURVE_S1.);
#619 = B_SPLINE_CURVE_WITH_KNOTS('',3,(#620,#621,#622,#623),
  .UNSPECIFIED.,.F.,.F.,(4,4),(0.,1.),.PIECEWISE_BEZIER_KNOTS.);
#620 = CARTESIAN_POINT('',(2.312631089371,-8.179348228586,10.));
#621 = CARTESIAN_POINT('',(1.916018120602,-7.832958500079,10.));
#622 = CARTESIAN_POINT('',(1.528290824403,-7.425694298776,10.));
#623 = CARTESIAN_POINT('',(1.3623930314,-6.914758505596,10.));
#624 = PCURVE('',#570,#625);
#625 = DEFINITIONAL_REPRESENTATION('',(#626),#630);
#626 = LINE('',#627,#628);
#627 = CARTESIAN_POINT('',(1.,0.));
#628 = VECTOR('',#629,1.);
#629 = DIRECTION('',(0.,1.));
#630 = ( GEOMETRIC_REPRESENTATION_CONTEXT(2) 
PARAMETRIC_REPRESENTATION_CONTEXT() REPRESENTATION_CONTEXT('2D SPACE',''
  ) );
#631 = PCURVE('',#129,#632);
#632 = DEFINITIONAL_REPRESENTATION('',(#633),#638);
#633 = B_SPLINE_CURVE_WITH_KNOTS('',3,(#634,#635,#636,#637),
  .UNSPECIFIED.,.F.,.F.,(4,4),(0.,1.),.PIECEWISE_BEZIER_KNOTS.);
#634 = CARTESIAN_POINT('',(-2.312631089371,-8.179348228586));
#635 = CARTESIAN_POINT('',(-1.916018120602,-7.832958500079));
#636 = CARTESIAN_POINT('',(-1.528290824403,-7.425694298776));
#637 = CARTESIAN_POINT('',(-1.3623930314,-6.914758505596));
#638 = ( GEOMETRIC_REPRESENTATION_CONTEXT(2) 
PARAMETRIC_REPRESENTATION_CONTEXT() REPRESENTATION_CONTEXT('2D SPACE',''
  ) );
#639 = ORIENTED_EDGE('',*,*,#640,.F.);
#640 = EDGE_CURVE('',#590,#616,#641,.T.);
#641 = SURFACE_CURVE('',#642,(#645,#652),.PCURVE_S1.);
#642 = B_SPLINE_CURVE_WITH_KNOTS('',1,(#643,#644),.UNSPECIFIED.,.F.,.F.,
  (2,2),(0.,1.),.PIECEWISE_BEZIER_KNOTS.);
#643 = CARTESIAN_POINT('',(1.3623930314,-6.914758505596,0.));
#644 = CARTESIAN_POINT('',(1.3623930314,-6.914758505596,10.));
#645 = PCURVE('',#570,#646);
#646 = DEFINITIONAL_REPRESENTATION('',(#647),#651);
#647 = LINE('',#648,#649);
#648 = CARTESIAN_POINT('',(0.,1.));
#649 = VECTOR('',#650,1.);
#650 = DIRECTION('',(1.,0.));
#651 = ( GEOMETRIC_REPRESENTATION_CONTEXT(2) 
PARAMETRIC_REPRESENTATION_CONTEXT() REPRESENTATION_CONTEXT('2D SPACE',''
  ) );
#652 = PCURVE('',#653,#662);
#653 = B_SPLINE_SURFACE_WITH_KNOTS('',1,3,(
    (#654,#655,#656,#657)
    ,(#658,#659,#660,#661
    )),.UNSPECIFIED.,.F.,.F.,.F.,(2,2),(4,4),(0.,1.),(0.,1.),
  .PIECEWISE_BEZIER_KNOTS.);
#654 = CARTESIAN_POINT('',(1.3623930314,-6.914758505596,0.));
#655 = CARTESIAN_POINT('',(1.380606297705,-5.888004938928,0.));
#656 = CARTESIAN_POINT('',(-0.126251675262,-6.04638209383,0.));
#657 = CARTESIAN_POINT('',(0.105037657575,-7.046911880619,0.));
#658 = CARTESIAN_POINT('',(1.3623930314,-6.914758505596,10.));
#659 = CARTESIAN_POINT('',(1.380606297705,-5.888004938928,10.));
#660 = CARTESIAN_POINT('',(-0.126251675262,-6.04638209383,10.));
#661 = CARTESIAN_POINT('',(0.105037657575,-7.046911880619,10.));
#662 = DEFINITIONAL_REPRESENTATION('',(#663),#667);
#663 = LINE('',#664,#665);
#664 = CARTESIAN_POINT('',(0.,0.));
#665 = VECTOR('',#666,1.);
#666 = DIRECTION('',(1.,0.));
#667 = ( GEOMETRIC_REPRESENTATION_CONTEXT(2) 
PARAMETRIC_REPRESENTATION_CONTEXT() REPRESENTATION_CONTEXT('2D SPACE',''
  ) );
#668 = ADVANCED_FACE('',(#669),#653,.T.);
#669 = FACE_BOUND('',#670,.T.);
#670 = EDGE_LOOP('',(#671,#696,#697,#722));
#671 = ORIENTED_EDGE('',*,*,#672,.F.);
#672 = EDGE_CURVE('',#590,#673,#675,.T.);
#673 = VERTEX_POINT('',#674);
#674 = CARTESIAN_POINT('',(0.105037657575,-7.046911880619,0.));
#675 = SURFACE_CURVE('',#676,(#681,#688),.PCURVE_S1.);
#676 = B_SPLINE_CURVE_WITH_KNOTS('',3,(#677,#678,#679,#680),
  .UNSPECIFIED.,.F.,.F.,(4,4),(0.,1.),.PIECEWISE_BEZIER_KNOTS.);
#677 = CARTESIAN_POINT('',(1.3623930314,-6.914758505596,0.));
#678 = CARTESIAN_POINT('',(1.380606297705,-5.888004938928,0.));
#679 = CARTESIAN_POINT('',(-0.126251675262,-6.04638209383,0.));
#680 = CARTESIAN_POINT('',(0.105037657575,-7.046911880619,0.));
#681 = PCURVE('',#653,#682);
#682 = DEFINITIONAL_REPRESENTATION('',(#683),#687);
#683 = LINE('',#684,#685);
#684 = CARTESIAN_POINT('',(0.,0.));
#685 = VECTOR('',#686,1.);
#686 = DIRECTION('',(0.,1.));
#687 = ( GEOMETRIC_REPRESENTATION_CONTEXT(2) 
PARAMETRIC_REPRESENTATION_CONTEXT() REPRESENTATION_CONTEXT('2D SPACE',''
  ) );
#688 = PCURVE('',#68,#689);
#689 = DEFINITIONAL_REPRESENTATION('',(#690),#695);
#690 = B_SPLINE_CURVE_WITH_KNOTS('',3,(#691,#692,#693,#694),
  .UNSPECIFIED.,.F.,.F.,(4,4),(0.,1.),.PIECEWISE_BEZIER_KNOTS.);
#691 = CARTESIAN_POINT('',(1.3623930314,-6.914758505596));
#692 = CARTESIAN_POINT('',(1.380606297705,-5.888004938928));
#693 = CARTESIAN_POINT('',(-0.126251675262,-6.04638209383));
#694 = CARTESIAN_POINT('',(0.105037657575,-7.046911880619));
#695 = ( GEOMETRIC_REPRESENTATION_CONTEXT(2) 
PARAMETRIC_REPRESENTATION_CONTEXT() REPRESENTATION_CONTEXT('2D SPACE',''
  ) );
#696 = ORIENTED_EDGE('',*,*,#640,.T.);
#697 = ORIENTED_EDGE('',*,*,#698,.T.);
#698 = EDGE_CURVE('',#616,#699,#701,.T.);
#699 = VERTEX_POINT('',#700);
#700 = CARTESIAN_POINT('',(0.105037657575,-7.046911880619,10.));
#701 = SURFACE_CURVE('',#702,(#707,#714),.PCURVE_S1.);
#702 = B_SPLINE_CURVE_WITH_KNOTS('',3,(#703,#704,#705,#706),
  .UNSPECIFIED.,.F.,.F.,(4,4),(0.,1.),.PIECEWISE_BEZIER_KNOTS.);
#703 = CARTESIAN_POINT('',(1.3623930314,-6.914758505596,10.));
#704 = CARTESIAN_POINT('',(1.380606297705,-5.888004938928,10.));
#705 = CARTESIAN_POINT('',(-0.126251675262,-6.04638209383,10.));
#706 = CARTESIAN_POINT('',(0.105037657575,-7.046911880619,10.));
#707 = PCURVE('',#653,#708);
#708 = DEFINITIONAL_REPRESENTATION('',(#709),#713);
#709 = LINE('',#710,#711);
#710 = CARTESIAN_POINT('',(1.,0.));
#711 = VECTOR('',#712,1.);
#712 = DIRECTION('',(0.,1.));
#713 = ( GEOMETRIC_REPRESENTATION_CONTEXT(2) 
PARAMETRIC_REPRESENTATION_CONTEXT() REPRESENTATION_CONTEXT('2D SPACE',''
  ) );
#714 = PCURVE('',#129,#715);
#715 = DEFINITIONAL_REPRESENTATION('',(#716),#721);
#716 = B_SPLINE_CURVE_WITH_KNOTS('',3,(#717,#718,#719,#720),
  .UNSPECIFIED.,.F.,.F.,(4,4),(0.,1.),.PIECEWISE_BEZIER_KNOTS.);
#717 = CARTESIAN_POINT('',(-1.3623930314,-6.914758505596));
#718 = CARTESIAN_POINT('',(-1.380606297705,-5.888004938928));
#719 = CARTESIAN_POINT('',(0.126251675262,-6.04638209383));
#720 = CARTESIAN_POINT('',(-0.105037657575,-7.046911880619));
#721 = ( GEOMETRIC_REPRESENTATION_CONTEXT(2) 
PARAMETRIC_REPRESENTATION_CONTEXT() REPRESENTATION_CONTEXT('2D SPACE',''
  ) );
#722 = ORIENTED_EDGE('',*,*,#723,.F.);
#723 = EDGE_CURVE('',#673,#699,#724,.T.);
#724 = SURFACE_CURVE('',#725,(#728,#735),.PCURVE_S1.);
#725 = B_SPLINE_CURVE_WITH_KNOTS('',1,(#726,#727),.UNSPECIFIED.,.F.,.F.,
  (2,2),(0.,1.),.PIECEWISE_BEZIER_KNOTS.);
#726 = CARTESIAN_POINT('',(0.105037657575,-7.046911880619,0.));
#727 = CARTESIAN_POINT('',(0.105037657575,-7.046911880619,10.));
#728 = PCURVE('',#653,#729);
#729 = DEFINITIONAL_REPRESENTATION('',(#730),#734);
#730 = LINE('',#731,#732);
#731 = CARTESIAN_POINT('',(0.,1.));
#732 = VECTOR('',#733,1.);
#733 = DIRECTION('',(1.,0.));
#734 = ( GEOMETRIC_REPRESENTATION_CONTEXT(2) 
PARAMETRIC_REPRESENTATION_CONTEXT() REPRESENTATION_CONTEXT('2D SPACE',''
  ) );
#735 = PCURVE('',#736,#745);
#736 = B_SPLINE_SURFACE_WITH_KNOTS('',1,3,(
    (#737,#738,#739,#740)
    ,(#741,#742,#743,#744
    )),.UNSPECIFIED.,.F.,.F.,.F.,(2,2),(4,4),(0.,1.),(0.,1.),
  .PIECEWISE_BEZIER_KNOTS.);
#737 = CARTESIAN_POINT('',(0.105037657575,-7.046911880619,0.));
#738 = CARTESIAN_POINT('',(4.899465404118E-02,-7.581174591493,0.));
#739 = CARTESIAN_POINT('',(-0.245584881773,-8.060152130591,0.));
#740 = CARTESIAN_POINT('',(-0.561512431458,-8.481432885387,0.));
#741 = CARTESIAN_POINT('',(0.105037657575,-7.046911880619,10.));
#742 = CARTESIAN_POINT('',(4.899465404118E-02,-7.581174591493,10.));
#743 = CARTESIAN_POINT('',(-0.245584881773,-8.060152130591,10.));
#744 = CARTESIAN_POINT('',(-0.561512431458,-8.481432885387,10.));
#745 = DEFINITIONAL_REPRESENTATION('',(#746),#750);
#746 = LINE('',#747,#748);
#747 = CARTESIAN_POINT('',(0.,0.));
#748 = VECTOR('',#749,1.);
#749 = DIRECTION('',(1.,0.));
#750 = ( GEOMETRIC_REPRESENTATION_CONTEXT(2) 
PARAMETRIC_REPRESENTATION_CONTEXT() REPRESENTATION_CONTEXT('2D SPACE',''
  ) );
#751 = ADVANCED_FACE('',(#752),#736,.T.);
#752 = FACE_BOUND('',#753,.T.);
#753 = EDGE_LOOP('',(#754,#779,#780,#805));
#754 = ORIENTED_EDGE('',*,*,#755,.F.);
#755 = EDGE_CURVE('',#673,#756,#758,.T.);
#756 = VERTEX_POINT('',#757);
#757 = CARTESIAN_POINT('',(-0.561512431458,-8.481432885387,0.));
#758 = SURFACE_CURVE('',#759,(#764,#771),.PCURVE_S1.);
#759 = B_SPLINE_CURVE_WITH_KNOTS('',3,(#760,#761,#762,#763),
  .UNSPECIFIED.,.F.,.F.,(4,4),(0.,1.),.PIECEWISE_BEZIER_KNOTS.);
#760 = CARTESIAN_POINT('',(0.105037657575,-7.046911880619,0.));
#761 = CARTESIAN_POINT('',(4.899465404118E-02,-7.581174591493,0.));
#762 = CARTESIAN_POINT('',(-0.245584881773,-8.060152130591,0.));
#763 = CARTESIAN_POINT('',(-0.561512431458,-8.481432885387,0.));
#764 = PCURVE('',#736,#765);
#765 = DEFINITIONAL_REPRESENTATION('',(#766),#770);
#766 = LINE('',#767,#768);
#767 = CARTESIAN_POINT('',(0.,0.));
#768 = VECTOR('',#769,1.);
#769 = DIRECTION('',(0.,1.));
#770 = ( GEOMETRIC_REPRESENTATION_CONTEXT(2) 
PARAMETRIC_REPRESENTATION_CONTEXT() REPRESENTATION_CONTEXT('2D SPACE',''
  ) );
#771 = PCURVE('',#68,#772);
#772 = DEFINITIONAL_REPRESENTATION('',(#773),#778);
#773 = B_SPLINE_CURVE_WITH_KNOTS('',3,(#774,#775,#776,#777),
  .UNSPECIFIED.,.F.,.F.,(4,4),(0.,1.),.PIECEWISE_BEZIER_KNOTS.);
#774 = CARTESIAN_POINT('',(0.105037657575,-7.046911880619));
#775 = CARTESIAN_POINT('',(4.899465404118E-02,-7.581174591493));
#776 = CARTESIAN_POINT('',(-0.245584881773,-8.060152130591));
#777 = CARTESIAN_POINT('',(-0.561512431458,-8.481432885387));
#778 = ( GEOMETRIC_REPRESENTATION_CONTEXT(2) 
PARAMETRIC_REPRESENTATION_CONTEXT() REPRESENTATION_CONTEXT('2D SPACE',''
  ) );
#779 = ORIENTED_EDGE('',*,*,#723,.T.);
#780 = ORIENTED_EDGE('',*,*,#781,.T.);
#781 = EDGE_CURVE('',#699,#782,#784,.T.);
#782 = VERTEX_POINT('',#783);
#783 = CARTESIAN_POINT('',(-0.561512431458,-8.481432885387,10.));
#784 = SURFACE_CURVE('',#785,(#790,#797),.PCURVE_S1.);
#785 = B_SPLINE_CURVE_WITH_KNOTS('',3,(#786,#787,#788,#789),
  .UNSPECIFIED.,.F.,.F.,(4,4),(0.,1.),.PIECEWISE_BEZIER_KNOTS.);
#786 = CARTESIAN_POINT('',(0.105037657575,-7.046911880619,10.));
#787 = CARTESIAN_POINT('',(4.899465404118E-02,-7.581174591493,10.));
#788 = CARTESIAN_POINT('',(-0.245584881773,-8.060152130591,10.));
#789 = CARTESIAN_POINT('',(-0.561512431458,-8.481432885387,10.));
#790 = PCURVE('',#736,#791);
#791 = DEFINITIONAL_REPRESENTATION('',(#792),#796);
#792 = LINE('',#793,#794);
#793 = CARTESIAN_POINT('',(1.,0.));
#794 = VECTOR('',#795,1.);
#795 = DIRECTION('',(0.,1.));
#796 = ( GEOMETRIC_REPRESENTATION_CONTEXT(2) 
PARAMETRIC_REPRESENTATION_CONTEXT() REPRESENTATION_CONTEXT('2D SPACE',''
  ) );
#797 = PCURVE('',#129,#798);
#798 = DEFINITIONAL_REPRESENTATION('',(#799),#804);
#799 = B_SPLINE_CURVE_WITH_KNOTS('',3,(#800,#801,#802,#803),
  .UNSPECIFIED.,.F.,.F.,(4,4),(0.,1.),.PIECEWISE_BEZIER_KNOTS.);
#800 = CARTESIAN_POINT('',(-0.105037657575,-7.046911880619));
#801 = CARTESIAN_POINT('',(-4.899465404118E-02,-7.581174591493));
#802 = CARTESIAN_POINT('',(0.245584881773,-8.060152130591));
#803 = CARTESIAN_POINT('',(0.561512431458,-8.481432885387));
#804 = ( GEOMETRIC_REPRESENTATION_CONTEXT(2) 
PARAMETRIC_REPRESENTATION_CONTEXT() REPRESENTATION_CONTEXT('2D SPACE',''
  ) );
#805 = ORIENTED_EDGE('',*,*,#806,.F.);
#806 = EDGE_CURVE('',#756,#782,#807,.T.);
#807 = SURFACE_CURVE('',#808,(#811,#818),.PCURVE_S1.);
#808 = B_SPLINE_CURVE_WITH_KNOTS('',1,(#809,#810),.UNSPECIFIED.,.F.,.F.,
  (2,2),(0.,1.),.PIECEWISE_BEZIER_KNOTS.);
#809 = CARTESIAN_POINT('',(-0.561512431458,-8.481432885387,0.));
#810 = CARTESIAN_POINT('',(-0.561512431458,-8.481432885387,10.));
#811 = PCURVE('',#736,#812);
#812 = DEFINITIONAL_REPRESENTATION('',(#813),#817);
#813 = LINE('',#814,#815);
#814 = CARTESIAN_POINT('',(0.,1.));
#815 = VECTOR('',#816,1.);
#816 = DIRECTION('',(1.,0.));
#817 = ( GEOMETRIC_REPRESENTATION_CONTEXT(2) 
PARAMETRIC_REPRESENTATION_CONTEXT() REPRESENTATION_CONTEXT('2D SPACE',''
  ) );
#818 = PCURVE('',#819,#828);
#819 = B_SPLINE_SURFACE_WITH_KNOTS('',1,3,(
    (#820,#821,#822,#823)
    ,(#824,#825,#826,#827
    )),.UNSPECIFIED.,.F.,.F.,.F.,(2,2),(4,4),(0.,1.),(0.,1.),
  .PIECEWISE_BEZIER_KNOTS.);
#820 = CARTESIAN_POINT('',(-0.561512431458,-8.481432885387,0.));
#821 = CARTESIAN_POINT('',(-0.77983211373,-8.466979953055,0.));
#822 = CARTESIAN_POINT('',(-0.997593207139,-8.444092339862,0.));
#823 = CARTESIAN_POINT('',(-1.214147014146,-8.412838226665,0.));
#824 = CARTESIAN_POINT('',(-0.561512431458,-8.481432885387,10.));
#825 = CARTESIAN_POINT('',(-0.77983211373,-8.466979953055,10.));
#826 = CARTESIAN_POINT('',(-0.997593207139,-8.444092339862,10.));
#827 = CARTESIAN_POINT('',(-1.214147014146,-8.412838226665,10.));
#828 = DEFINITIONAL_REPRESENTATION('',(#829),#833);
#829 = LINE('',#830,#831);
#830 = CARTESIAN_POINT('',(0.,0.));
#831 = VECTOR('',#832,1.);
#832 = DIRECTION('',(1.,0.));
#833 = ( GEOMETRIC_REPRESENTATION_CONTEXT(2) 
PARAMETRIC_REPRESENTATION_CONTEXT() REPRESENTATION_CONTEXT('2D SPACE',''
  ) );
#834 = ADVANCED_FACE('',(#835),#819,.T.);
#835 = FACE_BOUND('',#836,.T.);
#836 = EDGE_LOOP('',(#837,#862,#863,#888));
#837 = ORIENTED_EDGE('',*,*,#838,.F.);
#838 = EDGE_CURVE('',#756,#839,#841,.T.);
#839 = VERTEX_POINT('',#840);
#840 = CARTESIAN_POINT('',(-1.214147014146,-8.412838226665,0.));
#841 = SURFACE_CURVE('',#842,(#847,#854),.PCURVE_S1.);
#842 = B_SPLINE_CURVE_WITH_KNOTS('',3,(#843,#844,#845,#846),
  .UNSPECIFIED.,.F.,.F.,(4,4),(0.,1.),.PIECEWISE_BEZIER_KNOTS.);
#843 = CARTESIAN_POINT('',(-0.561512431458,-8.481432885387,0.));
#844 = CARTESIAN_POINT('',(-0.77983211373,-8.466979953055,0.));
#845 = CARTESIAN_POINT('',(-0.997593207139,-8.444092339862,0.));
#846 = CARTESIAN_POINT('',(-1.214147014146,-8.412838226665,0.));
#847 = PCURVE('',#819,#848);
#848 = DEFINITIONAL_REPRESENTATION('',(#849),#853);
#849 = LINE('',#850,#851);
#850 = CARTESIAN_POINT('',(0.,0.));
#851 = VECTOR('',#852,1.);
#852 = DIRECTION('',(0.,1.));
#853 = ( GEOMETRIC_REPRESENTATION_CONTEXT(2) 
PARAMETRIC_REPRESENTATION_CONTEXT() REPRESENTATION_CONTEXT('2D SPACE',''
  ) );
#854 = PCURVE('',#68,#855);
#855 = DEFINITIONAL_REPRESENTATION('',(#856),#861);
#856 = B_SPLINE_CURVE_WITH_KNOTS('',3,(#857,#858,#859,#860),
  .UNSPECIFIED.,.F.,.F.,(4,4),(0.,1.),.PIECEWISE_BEZIER_KNOTS.);
#857 = CARTESIAN_POINT('',(-0.561512431458,-8.481432885387));
#858 = CARTESIAN_POINT('',(-0.77983211373,-8.466979953055));
#859 = CARTESIAN_POINT('',(-0.997593207139,-8.444092339862));
#860 = CARTESIAN_POINT('',(-1.214147014146,-8.412838226665));
#861 = ( GEOMETRIC_REPRESENTATION_CONTEXT(2) 
PARAMETRIC_REPRESENTATION_CONTEXT() REPRESENTATION_CONTEXT('2D SPACE',''
  ) );
#862 = ORIENTED_EDGE('',*,*,#806,.T.);
#863 = ORIENTED_EDGE('',*,*,#864,.T.);
#864 = EDGE_CURVE('',#782,#865,#867,.T.);
#865 = VERTEX_POINT('',#866);
#866 = CARTESIAN_POINT('',(-1.214147014146,-8.412838226665,10.));
#867 = SURFACE_CURVE('',#868,(#873,#880),.PCURVE_S1.);
#868 = B_SPLINE_CURVE_WITH_KNOTS('',3,(#869,#870,#871,#872),
  .UNSPECIFIED.,.F.,.F.,(4,4),(0.,1.),.PIECEWISE_BEZIER_KNOTS.);
#869 = CARTESIAN_POINT('',(-0.561512431458,-8.481432885387,10.));
#870 = CARTESIAN_POINT('',(-0.77983211373,-8.466979953055,10.));
#871 = CARTESIAN_POINT('',(-0.997593207139,-8.444092339862,10.));
#872 = CARTESIAN_POINT('',(-1.214147014146,-8.412838226665,10.));
#873 = PCURVE('',#819,#874);
#874 = DEFINITIONAL_REPRESENTATION('',(#875),#879);
#875 = LINE('',#876,#877);
#876 = CARTESIAN_POINT('',(1.,0.));
#877 = VECTOR('',#878,1.);
#878 = DIRECTION('',(0.,1.));
#879 = ( GEOMETRIC_REPRESENTATION_CONTEXT(2) 
PARAMETRIC_REPRESENTATION_CONTEXT() REPRESENTATION_CONTEXT('2D SPACE',''
  ) );
#880 = PCURVE('',#129,#881);
#881 = DEFINITIONAL_REPRESENTATION('',(#882),#887);
#882 = B_SPLINE_CURVE_WITH_KNOTS('',3,(#883,#884,#885,#886),
  .UNSPECIFIED.,.F.,.F.,(4,4),(0.,1.),.PIECEWISE_BEZIER_KNOTS.);
#883 = CARTESIAN_POINT('',(0.561512431458,-8.481432885387));
#884 = CARTESIAN_POINT('',(0.77983211373,-8.466979953055));
#885 = CARTESIAN_POINT('',(0.997593207139,-8.444092339862));
#886 = CARTESIAN_POINT('',(1.214147014146,-8.412838226665));
#887 = ( GEOMETRIC_REPRESENTATION_CONTEXT(2) 
PARAMETRIC_REPRESENTATION_CONTEXT() REPRESENTATION_CONTEXT('2D SPACE',''
  ) );
#888 = ORIENTED_EDGE('',*,*,#889,.F.);
#889 = EDGE_CURVE('',#839,#865,#890,.T.);
#890 = SURFACE_CURVE('',#891,(#894,#901),.PCURVE_S1.);
#891 = B_SPLINE_CURVE_WITH_KNOTS('',1,(#892,#893),.UNSPECIFIED.,.F.,.F.,
  (2,2),(0.,1.),.PIECEWISE_BEZIER_KNOTS.);
#892 = CARTESIAN_POINT('',(-1.214147014146,-8.412838226665,0.));
#893 = CARTESIAN_POINT('',(-1.214147014146,-8.412838226665,10.));
#894 = PCURVE('',#819,#895);
#895 = DEFINITIONAL_REPRESENTATION('',(#896),#900);
#896 = LINE('',#897,#898);
#897 = CARTESIAN_POINT('',(0.,1.));
#898 = VECTOR('',#899,1.);
#899 = DIRECTION('',(1.,0.));
#900 = ( GEOMETRIC_REPRESENTATION_CONTEXT(2) 
PARAMETRIC_REPRESENTATION_CONTEXT() REPRESENTATION_CONTEXT('2D SPACE',''
  ) );
#901 = PCURVE('',#902,#911);
#902 = B_SPLINE_SURFACE_WITH_KNOTS('',1,3,(
    (#903,#904,#905,#906)
    ,(#907,#908,#909,#910
    )),.UNSPECIFIED.,.F.,.F.,.F.,(2,2),(4,4),(0.,1.),(0.,1.),
  .PIECEWISE_BEZIER_KNOTS.);
#903 = CARTESIAN_POINT('',(-1.214147014146,-8.412838226665,0.));
#904 = CARTESIAN_POINT('',(-1.435581594837,-7.935078436096,0.));
#905 = CARTESIAN_POINT('',(-1.624138831001,-7.40532117605,0.));
#906 = CARTESIAN_POINT('',(-1.567877696887,-6.871081391624,0.));
#907 = CARTESIAN_POINT('',(-1.214147014146,-8.412838226665,10.));
#908 = CARTESIAN_POINT('',(-1.435581594837,-7.935078436096,10.));
#909 = CARTESIAN_POINT('',(-1.624138831001,-7.40532117605,10.));
#910 = CARTESIAN_POINT('',(-1.567877696887,-6.871081391624,10.));
#911 = DEFINITIONAL_REPRESENTATION('',(#912),#916);
#912 = LINE('',#913,#914);
#913 = CARTESIAN_POINT('',(0.,0.));
#914 = VECTOR('',#915,1.);
#915 = DIRECTION('',(1.,0.));
#916 = ( GEOMETRIC_REPRESENTATION_CONTEXT(2) 
PARAMETRIC_REPRESENTATION_CONTEXT() REPRESENTATION_CONTEXT('2D SPACE',''
  ) );
#917 = ADVANCED_FACE('',(#918),#902,.T.);
#918 = FACE_BOUND('',#919,.T.);
#919 = EDGE_LOOP('',(#920,#945,#946,#971));
#920 = ORIENTED_EDGE('',*,*,#921,.F.);
#921 = EDGE_CURVE('',#839,#922,#924,.T.);
#922 = VERTEX_POINT('',#923);
#923 = CARTESIAN_POINT('',(-1.567877696887,-6.871081391624,0.));
#924 = SURFACE_CURVE('',#925,(#930,#937),.PCURVE_S1.);
#925 = B_SPLINE_CURVE_WITH_KNOTS('',3,(#926,#927,#928,#929),
  .UNSPECIFIED.,.F.,.F.,(4,4),(0.,1.),.PIECEWISE_BEZIER_KNOTS.);
#926 = CARTESIAN_POINT('',(-1.214147014146,-8.412838226665,0.));
#927 = CARTESIAN_POINT('',(-1.435581594837,-7.935078436096,0.));
#928 = CARTESIAN_POINT('',(-1.624138831001,-7.40532117605,0.));
#929 = CARTESIAN_POINT('',(-1.567877696887,-6.871081391624,0.));
#930 = PCURVE('',#902,#931);
#931 = DEFINITIONAL_REPRESENTATION('',(#932),#936);
#932 = LINE('',#933,#934);
#933 = CARTESIAN_POINT('',(0.,0.));
#934 = VECTOR('',#935,1.);
#935 = DIRECTION('',(0.,1.));
#936 = ( GEOMETRIC_REPRESENTATION_CONTEXT(2) 
PARAMETRIC_REPRESENTATION_CONTEXT() REPRESENTATION_CONTEXT('2D SPACE',''
  ) );
#937 = PCURVE('',#68,#938);
#938 = DEFINITIONAL_REPRESENTATION('',(#939),#944);
#939 = B_SPLINE_CURVE_WITH_KNOTS('',3,(#940,#941,#942,#943),
  .UNSPECIFIED.,.F.,.F.,(4,4),(0.,1.),.PIECEWISE_BEZIER_KNOTS.);
#940 = CARTESIAN_POINT('',(-1.214147014146,-8.412838226665));
#941 = CARTESIAN_POINT('',(-1.435581594837,-7.935078436096));
#942 = CARTESIAN_POINT('',(-1.624138831001,-7.40532117605));
#943 = CARTESIAN_POINT('',(-1.567877696887,-6.871081391624));
#944 = ( GEOMETRIC_REPRESENTATION_CONTEXT(2) 
PARAMETRIC_REPRESENTATION_CONTEXT() REPRESENTATION_CONTEXT('2D SPACE',''
  ) );
#945 = ORIENTED_EDGE('',*,*,#889,.T.);
#946 = ORIENTED_EDGE('',*,*,#947,.T.);
#947 = EDGE_CURVE('',#865,#948,#950,.T.);
#948 = VERTEX_POINT('',#949);
#949 = CARTESIAN_POINT('',(-1.567877696887,-6.871081391624,10.));
#950 = SURFACE_CURVE('',#951,(#956,#963),.PCURVE_S1.);
#951 = B_SPLINE_CURVE_WITH_KNOTS('',3,(#952,#953,#954,#955),
  .UNSPECIFIED.,.F.,.F.,(4,4),(0.,1.),.PIECEWISE_BEZIER_KNOTS.);
#952 = CARTESIAN_POINT('',(-1.214147014146,-8.412838226665,10.));
#953 = CARTESIAN_POINT('',(-1.435581594837,-7.935078436096,10.));
#954 = CARTESIAN_POINT('',(-1.624138831001,-7.40532117605,10.));
#955 = CARTESIAN_POINT('',(-1.567877696887,-6.871081391624,10.));
#956 = PCURVE('',#902,#957);
#957 = DEFINITIONAL_REPRESENTATION('',(#958),#962);
#958 = LINE('',#959,#960);
#959 = CARTESIAN_POINT('',(1.,0.));
#960 = VECTOR('',#961,1.);
#961 = DIRECTION('',(0.,1.));
#962 = ( GEOMETRIC_REPRESENTATION_CONTEXT(2) 
PARAMETRIC_REPRESENTATION_CONTEXT() REPRESENTATION_CONTEXT('2D SPACE',''
  ) );
#963 = PCURVE('',#129,#964);
#964 = DEFINITIONAL_REPRESENTATION('',(#965),#970);
#965 = B_SPLINE_CURVE_WITH_KNOTS('',3,(#966,#967,#968,#969),
  .UNSPECIFIED.,.F.,.F.,(4,4),(0.,1.),.PIECEWISE_BEZIER_KNOTS.);
#966 = CARTESIAN_POINT('',(1.214147014146,-8.412838226665));
#967 = CARTESIAN_POINT('',(1.435581594837,-7.935078436096));
#968 = CARTESIAN_POINT('',(1.624138831001,-7.40532117605));
#969 = CARTESIAN_POINT('',(1.567877696887,-6.871081391624));
#970 = ( GEOMETRIC_REPRESENTATION_CONTEXT(2) 
PARAMETRIC_REPRESENTATION_CONTEXT() REPRESENTATION_CONTEXT('2D SPACE',''
  ) );
#971 = ORIENTED_EDGE('',*,*,#972,.F.);
#972 = EDGE_CURVE('',#922,#948,#973,.T.);
#973 = SURFACE_CURVE('',#974,(#977,#984),.PCURVE_S1.);
#974 = B_SPLINE_CURVE_WITH_KNOTS('',1,(#975,#976),.UNSPECIFIED.,.F.,.F.,
  (2,2),(0.,1.),.PIECEWISE_BEZIER_KNOTS.);
#975 = CARTESIAN_POINT('',(-1.567877696887,-6.871081391624,0.));
#976 = CARTESIAN_POINT('',(-1.567877696887,-6.871081391624,10.));
#977 = PCURVE('',#902,#978);
#978 = DEFINITIONAL_REPRESENTATION('',(#979),#983);
#979 = LINE('',#980,#981);
#980 = CARTESIAN_POINT('',(0.,1.));
#981 = VECTOR('',#982,1.);
#982 = DIRECTION('',(1.,0.));
#983 = ( GEOMETRIC_REPRESENTATION_CONTEXT(2) 
PARAMETRIC_REPRESENTATION_CONTEXT() REPRESENTATION_CONTEXT('2D SPACE',''
  ) );
#984 = PCURVE('',#985,#994);
#985 = B_SPLINE_SURFACE_WITH_KNOTS('',1,3,(
    (#986,#987,#988,#989)
    ,(#990,#991,#992,#993
    )),.UNSPECIFIED.,.F.,.F.,.F.,(2,2),(4,4),(0.,1.),(0.,1.),
  .PIECEWISE_BEZIER_KNOTS.);
#986 = CARTESIAN_POINT('',(-1.567877696887,-6.871081391624,0.));
#987 = CARTESIAN_POINT('',(-1.133620751212,-5.940503337472,0.));
#988 = CARTESIAN_POINT('',(-2.574621800054,-5.472293714412,0.));
#989 = CARTESIAN_POINT('',(-2.770280607415,-6.480397003186,0.));
#990 = CARTESIAN_POINT('',(-1.567877696887,-6.871081391624,10.));
#991 = CARTESIAN_POINT('',(-1.133620751212,-5.940503337472,10.));
#992 = CARTESIAN_POINT('',(-2.574621800054,-5.472293714412,10.));
#993 = CARTESIAN_POINT('',(-2.770280607415,-6.480397003186,10.));
#994 = DEFINITIONAL_REPRESENTATION('',(#995),#999);
#995 = LINE('',#996,#997);
#996 = CARTESIAN_POINT('',(0.,0.));
#997 = VECTOR('',#998,1.);
#998 = DIRECTION('',(1.,0.));
#999 = ( GEOMETRIC_REPRESENTATION_CONTEXT(2) 
PARAMETRIC_REPRESENTATION_CONTEXT() REPRESENTATION_CONTEXT('2D SPACE',''
  ) );
#1000 = ADVANCED_FACE('',(#1001),#985,.T.);
#1001 = FACE_BOUND('',#1002,.T.);
#1002 = EDGE_LOOP('',(#1003,#1028,#1029,#1054));
#1003 = ORIENTED_EDGE('',*,*,#1004,.F.);
#1004 = EDGE_CURVE('',#922,#1005,#1007,.T.);
#1005 = VERTEX_POINT('',#1006);
#1006 = CARTESIAN_POINT('',(-2.770280607415,-6.480397003186,0.));
#1007 = SURFACE_CURVE('',#1008,(#1013,#1020),.PCURVE_S1.);
#1008 = B_SPLINE_CURVE_WITH_KNOTS('',3,(#1009,#1010,#1011,#1012),
  .UNSPECIFIED.,.F.,.F.,(4,4),(0.,1.),.PIECEWISE_BEZIER_KNOTS.);
#1009 = CARTESIAN_POINT('',(-1.567877696887,-6.871081391624,0.));
#1010 = CARTESIAN_POINT('',(-1.133620751212,-5.940503337472,0.));
#1011 = CARTESIAN_POINT('',(-2.574621800054,-5.472293714412,0.));
#1012 = CARTESIAN_POINT('',(-2.770280607415,-6.480397003186,0.));
#1013 = PCURVE('',#985,#1014);
#1014 = DEFINITIONAL_REPRESENTATION('',(#1015),#1019);
#1015 = LINE('',#1016,#1017);
#1016 = CARTESIAN_POINT('',(0.,0.));
#1017 = VECTOR('',#1018,1.);
#1018 = DIRECTION('',(0.,1.));
#1019 = ( GEOMETRIC_REPRESENTATION_CONTEXT(2) 
PARAMETRIC_REPRESENTATION_CONTEXT() REPRESENTATION_CONTEXT('2D SPACE',''
  ) );
#1020 = PCURVE('',#68,#1021);
#1021 = DEFINITIONAL_REPRESENTATION('',(#1022),#1027);
#1022 = B_SPLINE_CURVE_WITH_KNOTS('',3,(#1023,#1024,#1025,#1026),
  .UNSPECIFIED.,.F.,.F.,(4,4),(0.,1.),.PIECEWISE_BEZIER_KNOTS.);
#1023 = CARTESIAN_POINT('',(-1.567877696887,-6.871081391624));
#1024 = CARTESIAN_POINT('',(-1.133620751212,-5.940503337472));
#1025 = CARTESIAN_POINT('',(-2.574621800054,-5.472293714412));
#1026 = CARTESIAN_POINT('',(-2.770280607415,-6.480397003186));
#1027 = ( GEOMETRIC_REPRESENTATION_CONTEXT(2) 
PARAMETRIC_REPRESENTATION_CONTEXT() REPRESENTATION_CONTEXT('2D SPACE',''
  ) );
#1028 = ORIENTED_EDGE('',*,*,#972,.T.);
#1029 = ORIENTED_EDGE('',*,*,#1030,.T.);
#1030 = EDGE_CURVE('',#948,#1031,#1033,.T.);
#1031 = VERTEX_POINT('',#1032);
#1032 = CARTESIAN_POINT('',(-2.770280607415,-6.480397003186,10.));
#1033 = SURFACE_CURVE('',#1034,(#1039,#1046),.PCURVE_S1.);
#1034 = B_SPLINE_CURVE_WITH_KNOTS('',3,(#1035,#1036,#1037,#1038),
  .UNSPECIFIED.,.F.,.F.,(4,4),(0.,1.),.PIECEWISE_BEZIER_KNOTS.);
#1035 = CARTESIAN_POINT('',(-1.567877696887,-6.871081391624,10.));
#1036 = CARTESIAN_POINT('',(-1.133620751212,-5.940503337472,10.));
#1037 = CARTESIAN_POINT('',(-2.574621800054,-5.472293714412,10.));
#1038 = CARTESIAN_POINT('',(-2.770280607415,-6.480397003186,10.));
#1039 = PCURVE('',#985,#1040);
#1040 = DEFINITIONAL_REPRESENTATION('',(#1041),#1045);
#1041 = LINE('',#1042,#1043);
#1042 = CARTESIAN_POINT('',(1.,0.));
#1043 = VECTOR('',#1044,1.);
#1044 = DIRECTION('',(0.,1.));
#1045 = ( GEOMETRIC_REPRESENTATION_CONTEXT(2) 
PARAMETRIC_REPRESENTATION_CONTEXT() REPRESENTATION_CONTEXT('2D SPACE',''
  ) );
#1046 = PCURVE('',#129,#1047);
#1047 = DEFINITIONAL_REPRESENTATION('',(#1048),#1053);
#1048 = B_SPLINE_CURVE_WITH_KNOTS('',3,(#1049,#1050,#1051,#1052),
  .UNSPECIFIED.,.F.,.F.,(4,4),(0.,1.),.PIECEWISE_BEZIER_KNOTS.);
#1049 = CARTESIAN_POINT('',(1.567877696887,-6.871081391624));
#1050 = CARTESIAN_POINT('',(1.133620751212,-5.940503337472));
#1051 = CARTESIAN_POINT('',(2.574621800054,-5.472293714412));
#1052 = CARTESIAN_POINT('',(2.770280607415,-6.480397003186));
#1053 = ( GEOMETRIC_REPRESENTATION_CONTEXT(2) 
PARAMETRIC_REPRESENTATION_CONTEXT() REPRESENTATION_CONTEXT('2D SPACE',''
  ) );
#1054 = ORIENTED_EDGE('',*,*,#1055,.F.);
#1055 = EDGE_CURVE('',#1005,#1031,#1056,.T.);
#1056 = SURFACE_CURVE('',#1057,(#1060,#1067),.PCURVE_S1.);
#1057 = B_SPLINE_CURVE_WITH_KNOTS('',1,(#1058,#1059),.UNSPECIFIED.,.F.,
  .F.,(2,2),(0.,1.),.PIECEWISE_BEZIER_KNOTS.);
#1058 = CARTESIAN_POINT('',(-2.770280607415,-6.480397003186,0.));
#1059 = CARTESIAN_POINT('',(-2.770280607415,-6.480397003186,10.));
#1060 = PCURVE('',#985,#1061);
#1061 = DEFINITIONAL_REPRESENTATION('',(#1062),#1066);
#1062 = LINE('',#1063,#1064);
#1063 = CARTESIAN_POINT('',(0.,1.));
#1064 = VECTOR('',#1065,1.);
#1065 = DIRECTION('',(1.,0.));
#1066 = ( GEOMETRIC_REPRESENTATION_CONTEXT(2) 
PARAMETRIC_REPRESENTATION_CONTEXT() REPRESENTATION_CONTEXT('2D SPACE',''
  ) );
#1067 = PCURVE('',#1068,#1077);
#1068 = B_SPLINE_SURFACE_WITH_KNOTS('',1,3,(
    (#1069,#1070,#1071,#1072)
    ,(#1073,#1074,#1075,#1076
    )),.UNSPECIFIED.,.F.,.F.,.F.,(2,2),(4,4),(0.,1.),(0.,1.),
  .PIECEWISE_BEZIER_KNOTS.);
#1069 = CARTESIAN_POINT('',(-2.770280607415,-6.480397003186,0.));
#1070 = CARTESIAN_POINT('',(-3.038782660267,-6.945675532767,0.));
#1071 = CARTESIAN_POINT('',(-3.502712173486,-7.263426996408,0.));
#1072 = CARTESIAN_POINT('',(-3.962676671443,-7.519786805329,0.));
#1073 = CARTESIAN_POINT('',(-2.770280607415,-6.480397003186,10.));
#1074 = CARTESIAN_POINT('',(-3.038782660267,-6.945675532767,10.));
#1075 = CARTESIAN_POINT('',(-3.502712173486,-7.263426996408,10.));
#1076 = CARTESIAN_POINT('',(-3.962676671443,-7.519786805329,10.));
#1077 = DEFINITIONAL_REPRESENTATION('',(#1078),#1082);
#1078 = LINE('',#1079,#1080);
#1079 = CARTESIAN_POINT('',(0.,0.));
#1080 = VECTOR('',#1081,1.);
#1081 = DIRECTION('',(1.,0.));
#1082 = ( GEOMETRIC_REPRESENTATION_CONTEXT(2) 
PARAMETRIC_REPRESENTATION_CONTEXT() REPRESENTATION_CONTEXT('2D SPACE',''
  ) );
#1083 = ADVANCED_FACE('',(#1084),#1068,.T.);
#1084 = FACE_BOUND('',#1085,.T.);
#1085 = EDGE_LOOP('',(#1086,#1111,#1112,#1137));
#1086 = ORIENTED_EDGE('',*,*,#1087,.F.);
#1087 = EDGE_CURVE('',#1005,#1088,#1090,.T.);
#1088 = VERTEX_POINT('',#1089);
#1089 = CARTESIAN_POINT('',(-3.962676671443,-7.519786805329,0.));
#1090 = SURFACE_CURVE('',#1091,(#1096,#1103),.PCURVE_S1.);
#1091 = B_SPLINE_CURVE_WITH_KNOTS('',3,(#1092,#1093,#1094,#1095),
  .UNSPECIFIED.,.F.,.F.,(4,4),(0.,1.),.PIECEWISE_BEZIER_KNOTS.);
#1092 = CARTESIAN_POINT('',(-2.770280607415,-6.480397003186,0.));
#1093 = CARTESIAN_POINT('',(-3.038782660267,-6.945675532767,0.));
#1094 = CARTESIAN_POINT('',(-3.502712173486,-7.263426996408,0.));
#1095 = CARTESIAN_POINT('',(-3.962676671443,-7.519786805329,0.));
#1096 = PCURVE('',#1068,#1097);
#1097 = DEFINITIONAL_REPRESENTATION('',(#1098),#1102);
#1098 = LINE('',#1099,#1100);
#1099 = CARTESIAN_POINT('',(0.,0.));
#1100 = VECTOR('',#1101,1.);
#1101 = DIRECTION('',(0.,1.));
#1102 = ( GEOMETRIC_REPRESENTATION_CONTEXT(2) 
PARAMETRIC_REPRESENTATION_CONTEXT() REPRESENTATION_CONTEXT('2D SPACE',''
  ) );
#1103 = PCURVE('',#68,#1104);
#1104 = DEFINITIONAL_REPRESENTATION('',(#1105),#1110);
#1105 = B_SPLINE_CURVE_WITH_KNOTS('',3,(#1106,#1107,#1108,#1109),
  .UNSPECIFIED.,.F.,.F.,(4,4),(0.,1.),.PIECEWISE_BEZIER_KNOTS.);
#1106 = CARTESIAN_POINT('',(-2.770280607415,-6.480397003186));
#1107 = CARTESIAN_POINT('',(-3.038782660267,-6.945675532767));
#1108 = CARTESIAN_POINT('',(-3.502712173486,-7.263426996408));
#1109 = CARTESIAN_POINT('',(-3.962676671443,-7.519786805329));
#1110 = ( GEOMETRIC_REPRESENTATION_CONTEXT(2) 
PARAMETRIC_REPRESENTATION_CONTEXT() REPRESENTATION_CONTEXT('2D SPACE',''
  ) );
#1111 = ORIENTED_EDGE('',*,*,#1055,.T.);
#1112 = ORIENTED_EDGE('',*,*,#1113,.T.);
#1113 = EDGE_CURVE('',#1031,#1114,#1116,.T.);
#1114 = VERTEX_POINT('',#1115);
#1115 = CARTESIAN_POINT('',(-3.962676671443,-7.519786805329,10.));
#1116 = SURFACE_CURVE('',#1117,(#1122,#1129),.PCURVE_S1.);
#1117 = B_SPLINE_CURVE_WITH_KNOTS('',3,(#1118,#1119,#1120,#1121),
  .UNSPECIFIED.,.F.,.F.,(4,4),(0.,1.),.PIECEWISE_BEZIER_KNOTS.);
#1118 = CARTESIAN_POINT('',(-2.770280607415,-6.480397003186,10.));
#1119 = CARTESIAN_POINT('',(-3.038782660267,-6.945675532767,10.));
#1120 = CARTESIAN_POINT('',(-3.502712173486,-7.263426996408,10.));
#1121 = CARTESIAN_POINT('',(-3.962676671443,-7.519786805329,10.));
#1122 = PCURVE('',#1068,#1123);
#1123 = DEFINITIONAL_REPRESENTATION('',(#1124),#1128);
#1124 = LINE('',#1125,#1126);
#1125 = CARTESIAN_POINT('',(1.,0.));
#1126 = VECTOR('',#1127,1.);
#1127 = DIRECTION('',(0.,1.));
#1128 = ( GEOMETRIC_REPRESENTATION_CONTEXT(2) 
PARAMETRIC_REPRESENTATION_CONTEXT() REPRESENTATION_CONTEXT('2D SPACE',''
  ) );
#1129 = PCURVE('',#129,#1130);
#1130 = DEFINITIONAL_REPRESENTATION('',(#1131),#1136);
#1131 = B_SPLINE_CURVE_WITH_KNOTS('',3,(#1132,#1133,#1134,#1135),
  .UNSPECIFIED.,.F.,.F.,(4,4),(0.,1.),.PIECEWISE_BEZIER_KNOTS.);
#1132 = CARTESIAN_POINT('',(2.770280607415,-6.480397003186));
#1133 = CARTESIAN_POINT('',(3.038782660267,-6.945675532767));
#1134 = CARTESIAN_POINT('',(3.502712173486,-7.263426996408));
#1135 = CARTESIAN_POINT('',(3.962676671443,-7.519786805329));
#1136 = ( GEOMETRIC_REPRESENTATION_CONTEXT(2) 
PARAMETRIC_REPRESENTATION_CONTEXT() REPRESENTATION_CONTEXT('2D SPACE',''
  ) );
#1137 = ORIENTED_EDGE('',*,*,#1138,.F.);
#1138 = EDGE_CURVE('',#1088,#1114,#1139,.T.);
#1139 = SURFACE_CURVE('',#1140,(#1143,#1150),.PCURVE_S1.);
#1140 = B_SPLINE_CURVE_WITH_KNOTS('',1,(#1141,#1142),.UNSPECIFIED.,.F.,
  .F.,(2,2),(0.,1.),.PIECEWISE_BEZIER_KNOTS.);
#1141 = CARTESIAN_POINT('',(-3.962676671443,-7.519786805329,0.));
#1142 = CARTESIAN_POINT('',(-3.962676671443,-7.519786805329,10.));
#1143 = PCURVE('',#1068,#1144);
#1144 = DEFINITIONAL_REPRESENTATION('',(#1145),#1149);
#1145 = LINE('',#1146,#1147);
#1146 = CARTESIAN_POINT('',(0.,1.));
#1147 = VECTOR('',#1148,1.);
#1148 = DIRECTION('',(1.,0.));
#1149 = ( GEOMETRIC_REPRESENTATION_CONTEXT(2) 
PARAMETRIC_REPRESENTATION_CONTEXT() REPRESENTATION_CONTEXT('2D SPACE',''
  ) );
#1150 = PCURVE('',#1151,#1160);
#1151 = B_SPLINE_SURFACE_WITH_KNOTS('',1,3,(
    (#1152,#1153,#1154,#1155)
    ,(#1156,#1157,#1158,#1159
    )),.UNSPECIFIED.,.F.,.F.,.F.,(2,2),(4,4),(0.,1.),(0.,1.),
  .PIECEWISE_BEZIER_KNOTS.);
#1152 = CARTESIAN_POINT('',(-3.962676671443,-7.519786805329,0.));
#1153 = CARTESIAN_POINT('',(-4.156243088318,-7.417784779963,0.));
#1154 = CARTESIAN_POINT('',(-4.345868515095,-7.308304488768,0.));
#1155 = CARTESIAN_POINT('',(-4.530988068737,-7.191672067118,0.));
#1156 = CARTESIAN_POINT('',(-3.962676671443,-7.519786805329,10.));
#1157 = CARTESIAN_POINT('',(-4.156243088318,-7.417784779963,10.));
#1158 = CARTESIAN_POINT('',(-4.345868515095,-7.308304488768,10.));
#1159 = CARTESIAN_POINT('',(-4.530988068737,-7.191672067118,10.));
#1160 = DEFINITIONAL_REPRESENTATION('',(#1161),#1165);
#1161 = LINE('',#1162,#1163);
#1162 = CARTESIAN_POINT('',(0.,0.));
#1163 = VECTOR('',#1164,1.);
#1164 = DIRECTION('',(1.,0.));
#1165 = ( GEOMETRIC_REPRESENTATION_CONTEXT(2) 
PARAMETRIC_REPRESENTATION_CONTEXT() REPRESENTATION_CONTEXT('2D SPACE',''
  ) );
#1166 = ADVANCED_FACE('',(#1167),#1151,.T.);
#1167 = FACE_BOUND('',#1168,.T.);
#1168 = EDGE_LOOP('',(#1169,#1194,#1195,#1220));
#1169 = ORIENTED_EDGE('',*,*,#1170,.F.);
#1170 = EDGE_CURVE('',#1088,#1171,#1173,.T.);
#1171 = VERTEX_POINT('',#1172);
#1172 = CARTESIAN_POINT('',(-4.530988068737,-7.191672067118,0.));
#1173 = SURFACE_CURVE('',#1174,(#1179,#1186),.PCURVE_S1.);
#1174 = B_SPLINE_CURVE_WITH_KNOTS('',3,(#1175,#1176,#1177,#1178),
  .UNSPECIFIED.,.F.,.F.,(4,4),(0.,1.),.PIECEWISE_BEZIER_KNOTS.);
#1175 = CARTESIAN_POINT('',(-3.962676671443,-7.519786805329,0.));
#1176 = CARTESIAN_POINT('',(-4.156243088318,-7.417784779963,0.));
#1177 = CARTESIAN_POINT('',(-4.345868515095,-7.308304488768,0.));
#1178 = CARTESIAN_POINT('',(-4.530988068737,-7.191672067118,0.));
#1179 = PCURVE('',#1151,#1180);
#1180 = DEFINITIONAL_REPRESENTATION('',(#1181),#1185);
#1181 = LINE('',#1182,#1183);
#1182 = CARTESIAN_POINT('',(0.,0.));
#1183 = VECTOR('',#1184,1.);
#1184 = DIRECTION('',(0.,1.));
#1185 = ( GEOMETRIC_REPRESENTATION_CONTEXT(2) 
PARAMETRIC_REPRESENTATION_CONTEXT() REPRESENTATION_CONTEXT('2D SPACE',''
  ) );
#1186 = PCURVE('',#68,#1187);
#1187 = DEFINITIONAL_REPRESENTATION('',(#1188),#1193);
#1188 = B_SPLINE_CURVE_WITH_KNOTS('',3,(#1189,#1190,#1191,#1192),
  .UNSPECIFIED.,.F.,.F.,(4,4),(0.,1.),.PIECEWISE_BEZIER_KNOTS.);
#1189 = CARTESIAN_POINT('',(-3.962676671443,-7.519786805329));
#1190 = CARTESIAN_POINT('',(-4.156243088318,-7.417784779963));
#1191 = CARTESIAN_POINT('',(-4.345868515095,-7.308304488768));
#1192 = CARTESIAN_POINT('',(-4.530988068737,-7.191672067118));
#1193 = ( GEOMETRIC_REPRESENTATION_CONTEXT(2) 
PARAMETRIC_REPRESENTATION_CONTEXT() REPRESENTATION_CONTEXT('2D SPACE',''
  ) );
#1194 = ORIENTED_EDGE('',*,*,#1138,.T.);
#1195 = ORIENTED_EDGE('',*,*,#1196,.T.);
#1196 = EDGE_CURVE('',#1114,#1197,#1199,.T.);
#1197 = VERTEX_POINT('',#1198);
#1198 = CARTESIAN_POINT('',(-4.530988068737,-7.191672067118,10.));
#1199 = SURFACE_CURVE('',#1200,(#1205,#1212),.PCURVE_S1.);
#1200 = B_SPLINE_CURVE_WITH_KNOTS('',3,(#1201,#1202,#1203,#1204),
  .UNSPECIFIED.,.F.,.F.,(4,4),(0.,1.),.PIECEWISE_BEZIER_KNOTS.);
#1201 = CARTESIAN_POINT('',(-3.962676671443,-7.519786805329,10.));
#1202 = CARTESIAN_POINT('',(-4.156243088318,-7.417784779963,10.));
#1203 = CARTESIAN_POINT('',(-4.345868515095,-7.308304488768,10.));
#1204 = CARTESIAN_POINT('',(-4.530988068737,-7.191672067118,10.));
#1205 = PCURVE('',#1151,#1206);
#1206 = DEFINITIONAL_REPRESENTATION('',(#1207),#1211);
#1207 = LINE('',#1208,#1209);
#1208 = CARTESIAN_POINT('',(1.,0.));
#1209 = VECTOR('',#1210,1.);
#1210 = DIRECTION('',(0.,1.));
#1211 = ( GEOMETRIC_REPRESENTATION_CONTEXT(2) 
PARAMETRIC_REPRESENTATION_CONTEXT() REPRESENTATION_CONTEXT('2D SPACE',''
  ) );
#1212 = PCURVE('',#129,#1213);
#1213 = DEFINITIONAL_REPRESENTATION('',(#1214),#1219);
#1214 = B_SPLINE_CURVE_WITH_KNOTS('',3,(#1215,#1216,#1217,#1218),
  .UNSPECIFIED.,.F.,.F.,(4,4),(0.,1.),.PIECEWISE_BEZIER_KNOTS.);
#1215 = CARTESIAN_POINT('',(3.962676671443,-7.519786805329));
#1216 = CARTESIAN_POINT('',(4.156243088318,-7.417784779963));
#1217 = CARTESIAN_POINT('',(4.345868515095,-7.308304488768));
#1218 = CARTESIAN_POINT('',(4.530988068737,-7.191672067118));
#1219 = ( GEOMETRIC_REPRESENTATION_CONTEXT(2) 
PARAMETRIC_REPRESENTATION_CONTEXT() REPRESENTATION_CONTEXT('2D SPACE',''
  ) );
#1220 = ORIENTED_EDGE('',*,*,#1221,.F.);
#1221 = EDGE_CURVE('',#1171,#1197,#1222,.T.);
#1222 = SURFACE_CURVE('',#1223,(#1226,#1233),.PCURVE_S1.);
#1223 = B_SPLINE_CURVE_WITH_KNOTS('',1,(#1224,#1225),.UNSPECIFIED.,.F.,
  .F.,(2,2),(0.,1.),.PIECEWISE_BEZIER_KNOTS.);
#1224 = CARTESIAN_POINT('',(-4.530988068737,-7.191672067118,0.));
#1225 = CARTESIAN_POINT('',(-4.530988068737,-7.191672067118,10.));
#1226 = PCURVE('',#1151,#1227);
#1227 = DEFINITIONAL_REPRESENTATION('',(#1228),#1232);
#1228 = LINE('',#1229,#1230);
#1229 = CARTESIAN_POINT('',(0.,1.));
#1230 = VECTOR('',#1231,1.);
#1231 = DIRECTION('',(1.,0.));
#1232 = ( GEOMETRIC_REPRESENTATION_CONTEXT(2) 
PARAMETRIC_REPRESENTATION_CONTEXT() REPRESENTATION_CONTEXT('2D SPACE',''
  ) );
#1233 = PCURVE('',#1234,#1243);
#1234 = B_SPLINE_SURFACE_WITH_KNOTS('',1,3,(
    (#1235,#1236,#1237,#1238)
    ,(#1239,#1240,#1241,#1242
    )),.UNSPECIFIED.,.F.,.F.,.F.,(2,2),(4,4),(0.,1.),(0.,1.),
  .PIECEWISE_BEZIER_KNOTS.);
#1235 = CARTESIAN_POINT('',(-4.530988068737,-7.191672067118,0.));
#1236 = CARTESIAN_POINT('',(-4.53895621068,-6.665151222588,0.));
#1237 = CARTESIAN_POINT('',(-4.495740127687,-6.104500746755,0.));
#1238 = CARTESIAN_POINT('',(-4.22704812766,-5.639331883226,0.));
#1239 = CARTESIAN_POINT('',(-4.530988068737,-7.191672067118,10.));
#1240 = CARTESIAN_POINT('',(-4.53895621068,-6.665151222588,10.));
#1241 = CARTESIAN_POINT('',(-4.495740127687,-6.104500746755,10.));
#1242 = CARTESIAN_POINT('',(-4.22704812766,-5.639331883226,10.));
#1243 = DEFINITIONAL_REPRESENTATION('',(#1244),#1248);
#1244 = LINE('',#1245,#1246);
#1245 = CARTESIAN_POINT('',(0.,0.));
#1246 = VECTOR('',#1247,1.);
#1247 = DIRECTION('',(1.,0.));
#1248 = ( GEOMETRIC_REPRESENTATION_CONTEXT(2) 
PARAMETRIC_REPRESENTATION_CONTEXT() REPRESENTATION_CONTEXT('2D SPACE',''
  ) );
#1249 = ADVANCED_FACE('',(#1250),#1234,.T.);
#1250 = FACE_BOUND('',#1251,.T.);
#1251 = EDGE_LOOP('',(#1252,#1277,#1278,#1303));
#1252 = ORIENTED_EDGE('',*,*,#1253,.F.);
#1253 = EDGE_CURVE('',#1171,#1254,#1256,.T.);
#1254 = VERTEX_POINT('',#1255);
#1255 = CARTESIAN_POINT('',(-4.22704812766,-5.639331883226,0.));
#1256 = SURFACE_CURVE('',#1257,(#1262,#1269),.PCURVE_S1.);
#1257 = B_SPLINE_CURVE_WITH_KNOTS('',3,(#1258,#1259,#1260,#1261),
  .UNSPECIFIED.,.F.,.F.,(4,4),(0.,1.),.PIECEWISE_BEZIER_KNOTS.);
#1258 = CARTESIAN_POINT('',(-4.530988068737,-7.191672067118,0.));
#1259 = CARTESIAN_POINT('',(-4.53895621068,-6.665151222588,0.));
#1260 = CARTESIAN_POINT('',(-4.495740127687,-6.104500746755,0.));
#1261 = CARTESIAN_POINT('',(-4.22704812766,-5.639331883226,0.));
#1262 = PCURVE('',#1234,#1263);
#1263 = DEFINITIONAL_REPRESENTATION('',(#1264),#1268);
#1264 = LINE('',#1265,#1266);
#1265 = CARTESIAN_POINT('',(0.,0.));
#1266 = VECTOR('',#1267,1.);
#1267 = DIRECTION('',(0.,1.));
#1268 = ( GEOMETRIC_REPRESENTATION_CONTEXT(2) 
PARAMETRIC_REPRESENTATION_CONTEXT() REPRESENTATION_CONTEXT('2D SPACE',''
  ) );
#1269 = PCURVE('',#68,#1270);
#1270 = DEFINITIONAL_REPRESENTATION('',(#1271),#1276);
#1271 = B_SPLINE_CURVE_WITH_KNOTS('',3,(#1272,#1273,#1274,#1275),
  .UNSPECIFIED.,.F.,.F.,(4,4),(0.,1.),.PIECEWISE_BEZIER_KNOTS.);
#1272 = CARTESIAN_POINT('',(-4.530988068737,-7.191672067118));
#1273 = CARTESIAN_POINT('',(-4.53895621068,-6.665151222588));
#1274 = CARTESIAN_POINT('',(-4.495740127687,-6.104500746755));
#1275 = CARTESIAN_POINT('',(-4.22704812766,-5.639331883226));
#1276 = ( GEOMETRIC_REPRESENTATION_CONTEXT(2) 
PARAMETRIC_REPRESENTATION_CONTEXT() REPRESENTATION_CONTEXT('2D SPACE',''
  ) );
#1277 = ORIENTED_EDGE('',*,*,#1221,.T.);
#1278 = ORIENTED_EDGE('',*,*,#1279,.T.);
#1279 = EDGE_CURVE('',#1197,#1280,#1282,.T.);
#1280 = VERTEX_POINT('',#1281);
#1281 = CARTESIAN_POINT('',(-4.22704812766,-5.639331883226,10.));
#1282 = SURFACE_CURVE('',#1283,(#1288,#1295),.PCURVE_S1.);
#1283 = B_SPLINE_CURVE_WITH_KNOTS('',3,(#1284,#1285,#1286,#1287),
  .UNSPECIFIED.,.F.,.F.,(4,4),(0.,1.),.PIECEWISE_BEZIER_KNOTS.);
#1284 = CARTESIAN_POINT('',(-4.530988068737,-7.191672067118,10.));
#1285 = CARTESIAN_POINT('',(-4.53895621068,-6.665151222588,10.));
#1286 = CARTESIAN_POINT('',(-4.495740127687,-6.104500746755,10.));
#1287 = CARTESIAN_POINT('',(-4.22704812766,-5.639331883226,10.));
#1288 = PCURVE('',#1234,#1289);
#1289 = DEFINITIONAL_REPRESENTATION('',(#1290),#1294);
#1290 = LINE('',#1291,#1292);
#1291 = CARTESIAN_POINT('',(1.,0.));
#1292 = VECTOR('',#1293,1.);
#1293 = DIRECTION('',(0.,1.));
#1294 = ( GEOMETRIC_REPRESENTATION_CONTEXT(2) 
PARAMETRIC_REPRESENTATION_CONTEXT() REPRESENTATION_CONTEXT('2D SPACE',''
  ) );
#1295 = PCURVE('',#129,#1296);
#1296 = DEFINITIONAL_REPRESENTATION('',(#1297),#1302);
#1297 = B_SPLINE_CURVE_WITH_KNOTS('',3,(#1298,#1299,#1300,#1301),
  .UNSPECIFIED.,.F.,.F.,(4,4),(0.,1.),.PIECEWISE_BEZIER_KNOTS.);
#1298 = CARTESIAN_POINT('',(4.530988068737,-7.191672067118));
#1299 = CARTESIAN_POINT('',(4.53895621068,-6.665151222588));
#1300 = CARTESIAN_POINT('',(4.495740127687,-6.104500746755));
#1301 = CARTESIAN_POINT('',(4.22704812766,-5.639331883226));
#1302 = ( GEOMETRIC_REPRESENTATION_CONTEXT(2) 
PARAMETRIC_REPRESENTATION_CONTEXT() REPRESENTATION_CONTEXT('2D SPACE',''
  ) );
#1303 = ORIENTED_EDGE('',*,*,#1304,.F.);
#1304 = EDGE_CURVE('',#1254,#1280,#1305,.T.);
#1305 = SURFACE_CURVE('',#1306,(#1309,#1316),.PCURVE_S1.);
#1306 = B_SPLINE_CURVE_WITH_KNOTS('',1,(#1307,#1308),.UNSPECIFIED.,.F.,
  .F.,(2,2),(0.,1.),.PIECEWISE_BEZIER_KNOTS.);
#1307 = CARTESIAN_POINT('',(-4.22704812766,-5.639331883226,0.));
#1308 = CARTESIAN_POINT('',(-4.22704812766,-5.639331883226,10.));
#1309 = PCURVE('',#1234,#1310);
#1310 = DEFINITIONAL_REPRESENTATION('',(#1311),#1315);
#1311 = LINE('',#1312,#1313);
#1312 = CARTESIAN_POINT('',(0.,1.));
#1313 = VECTOR('',#1314,1.);
#1314 = DIRECTION('',(1.,0.));
#1315 = ( GEOMETRIC_REPRESENTATION_CONTEXT(2) 
PARAMETRIC_REPRESENTATION_CONTEXT() REPRESENTATION_CONTEXT('2D SPACE',''
  ) );
#1316 = PCURVE('',#1317,#1326);
#1317 = B_SPLINE_SURFACE_WITH_KNOTS('',1,3,(
    (#1318,#1319,#1320,#1321)
    ,(#1322,#1323,#1324,#1325
    )),.UNSPECIFIED.,.F.,.F.,.F.,(2,2),(4,4),(0.,1.),(0.,1.),
  .PIECEWISE_BEZIER_KNOTS.);
#1318 = CARTESIAN_POINT('',(-4.22704812766,-5.639331883226,0.));
#1319 = CARTESIAN_POINT('',(-3.451834473624,-4.965834741189,0.));
#1320 = CARTESIAN_POINT('',(-4.577816425911,-3.951996037543,0.));
#1321 = CARTESIAN_POINT('',(-5.166592188174,-4.793362611343,0.));
#1322 = CARTESIAN_POINT('',(-4.22704812766,-5.639331883226,10.));
#1323 = CARTESIAN_POINT('',(-3.451834473624,-4.965834741189,10.));
#1324 = CARTESIAN_POINT('',(-4.577816425911,-3.951996037543,10.));
#1325 = CARTESIAN_POINT('',(-5.166592188174,-4.793362611343,10.));
#1326 = DEFINITIONAL_REPRESENTATION('',(#1327),#1331);
#1327 = LINE('',#1328,#1329);
#1328 = CARTESIAN_POINT('',(0.,0.));
#1329 = VECTOR('',#1330,1.);
#1330 = DIRECTION('',(1.,0.));
#1331 = ( GEOMETRIC_REPRESENTATION_CONTEXT(2) 
PARAMETRIC_REPRESENTATION_CONTEXT() REPRESENTATION_CONTEXT('2D SPACE',''
  ) );
#1332 = ADVANCED_FACE('',(#1333),#1317,.T.);
#1333 = FACE_BOUND('',#1334,.T.);
#1334 = EDGE_LOOP('',(#1335,#1360,#1361,#1386));
#1335 = ORIENTED_EDGE('',*,*,#1336,.F.);
#1336 = EDGE_CURVE('',#1254,#1337,#1339,.T.);
#1337 = VERTEX_POINT('',#1338);
#1338 = CARTESIAN_POINT('',(-5.166592188174,-4.793362611343,0.));
#1339 = SURFACE_CURVE('',#1340,(#1345,#1352),.PCURVE_S1.);
#1340 = B_SPLINE_CURVE_WITH_KNOTS('',3,(#1341,#1342,#1343,#1344),
  .UNSPECIFIED.,.F.,.F.,(4,4),(0.,1.),.PIECEWISE_BEZIER_KNOTS.);
#1341 = CARTESIAN_POINT('',(-4.22704812766,-5.639331883226,0.));
#1342 = CARTESIAN_POINT('',(-3.451834473624,-4.965834741189,0.));
#1343 = CARTESIAN_POINT('',(-4.577816425911,-3.951996037543,0.));
#1344 = CARTESIAN_POINT('',(-5.166592188174,-4.793362611343,0.));
#1345 = PCURVE('',#1317,#1346);
#1346 = DEFINITIONAL_REPRESENTATION('',(#1347),#1351);
#1347 = LINE('',#1348,#1349);
#1348 = CARTESIAN_POINT('',(0.,0.));
#1349 = VECTOR('',#1350,1.);
#1350 = DIRECTION('',(0.,1.));
#1351 = ( GEOMETRIC_REPRESENTATION_CONTEXT(2) 
PARAMETRIC_REPRESENTATION_CONTEXT() REPRESENTATION_CONTEXT('2D SPACE',''
  ) );
#1352 = PCURVE('',#68,#1353);
#1353 = DEFINITIONAL_REPRESENTATION('',(#1354),#1359);
#1354 = B_SPLINE_CURVE_WITH_KNOTS('',3,(#1355,#1356,#1357,#1358),
  .UNSPECIFIED.,.F.,.F.,(4,4),(0.,1.),.PIECEWISE_BEZIER_KNOTS.);
#1355 = CARTESIAN_POINT('',(-4.22704812766,-5.639331883226));
#1356 = CARTESIAN_POINT('',(-3.451834473624,-4.965834741189));
#1357 = CARTESIAN_POINT('',(-4.577816425911,-3.951996037543));
#1358 = CARTESIAN_POINT('',(-5.166592188174,-4.793362611343));
#1359 = ( GEOMETRIC_REPRESENTATION_CONTEXT(2) 
PARAMETRIC_REPRESENTATION_CONTEXT() REPRESENTATION_CONTEXT('2D SPACE',''
  ) );
#1360 = ORIENTED_EDGE('',*,*,#1304,.T.);
#1361 = ORIENTED_EDGE('',*,*,#1362,.T.);
#1362 = EDGE_CURVE('',#1280,#1363,#1365,.T.);
#1363 = VERTEX_POINT('',#1364);
#1364 = CARTESIAN_POINT('',(-5.166592188174,-4.793362611343,10.));
#1365 = SURFACE_CURVE('',#1366,(#1371,#1378),.PCURVE_S1.);
#1366 = B_SPLINE_CURVE_WITH_KNOTS('',3,(#1367,#1368,#1369,#1370),
  .UNSPECIFIED.,.F.,.F.,(4,4),(0.,1.),.PIECEWISE_BEZIER_KNOTS.);
#1367 = CARTESIAN_POINT('',(-4.22704812766,-5.639331883226,10.));
#1368 = CARTESIAN_POINT('',(-3.451834473624,-4.965834741189,10.));
#1369 = CARTESIAN_POINT('',(-4.577816425911,-3.951996037543,10.));
#1370 = CARTESIAN_POINT('',(-5.166592188174,-4.793362611343,10.));
#1371 = PCURVE('',#1317,#1372);
#1372 = DEFINITIONAL_REPRESENTATION('',(#1373),#1377);
#1373 = LINE('',#1374,#1375);
#1374 = CARTESIAN_POINT('',(1.,0.));
#1375 = VECTOR('',#1376,1.);
#1376 = DIRECTION('',(0.,1.));
#1377 = ( GEOMETRIC_REPRESENTATION_CONTEXT(2) 
PARAMETRIC_REPRESENTATION_CONTEXT() REPRESENTATION_CONTEXT('2D SPACE',''
  ) );
#1378 = PCURVE('',#129,#1379);
#1379 = DEFINITIONAL_REPRESENTATION('',(#1380),#1385);
#1380 = B_SPLINE_CURVE_WITH_KNOTS('',3,(#1381,#1382,#1383,#1384),
  .UNSPECIFIED.,.F.,.F.,(4,4),(0.,1.),.PIECEWISE_BEZIER_KNOTS.);
#1381 = CARTESIAN_POINT('',(4.22704812766,-5.639331883226));
#1382 = CARTESIAN_POINT('',(3.451834473624,-4.965834741189));
#1383 = CARTESIAN_POINT('',(4.577816425911,-3.951996037543));
#1384 = CARTESIAN_POINT('',(5.166592188174,-4.793362611343));
#1385 = ( GEOMETRIC_REPRESENTATION_CONTEXT(2) 
PARAMETRIC_REPRESENTATION_CONTEXT() REPRESENTATION_CONTEXT('2D SPACE',''
  ) );
#1386 = ORIENTED_EDGE('',*,*,#1387,.F.);
#1387 = EDGE_CURVE('',#1337,#1363,#1388,.T.);
#1388 = SURFACE_CURVE('',#1389,(#1392,#1399),.PCURVE_S1.);
#1389 = B_SPLINE_CURVE_WITH_KNOTS('',1,(#1390,#1391),.UNSPECIFIED.,.F.,
  .F.,(2,2),(0.,1.),.PIECEWISE_BEZIER_KNOTS.);
#1390 = CARTESIAN_POINT('',(-5.166592188174,-4.793362611343,0.));
#1391 = CARTESIAN_POINT('',(-5.166592188174,-4.793362611343,10.));
#1392 = PCURVE('',#1317,#1393);
#1393 = DEFINITIONAL_REPRESENTATION('',(#1394),#1398);
#1394 = LINE('',#1395,#1396);
#1395 = CARTESIAN_POINT('',(0.,1.));
#1396 = VECTOR('',#1397,1.);
#1397 = DIRECTION('',(1.,0.));
#1398 = ( GEOMETRIC_REPRESENTATION_CONTEXT(2) 
PARAMETRIC_REPRESENTATION_CONTEXT() REPRESENTATION_CONTEXT('2D SPACE',''
  ) );
#1399 = PCURVE('',#1400,#1409);
#1400 = B_SPLINE_SURFACE_WITH_KNOTS('',1,3,(
    (#1401,#1402,#1403,#1404)
    ,(#1405,#1406,#1407,#1408
    )),.UNSPECIFIED.,.F.,.F.,.F.,(2,2),(4,4),(0.,1.),(0.,1.),
  .PIECEWISE_BEZIER_KNOTS.);
#1401 = CARTESIAN_POINT('',(-5.166592188174,-4.793362611343,0.));
#1402 = CARTESIAN_POINT('',(-5.601126846142,-5.109206074945,0.));
#1403 = CARTESIAN_POINT('',(-6.154188709263,-5.210789348382,0.));
#1404 = CARTESIAN_POINT('',(-6.678658115148,-5.257901271512,0.));
#1405 = CARTESIAN_POINT('',(-5.166592188174,-4.793362611343,10.));
#1406 = CARTESIAN_POINT('',(-5.601126846142,-5.109206074945,10.));
#1407 = CARTESIAN_POINT('',(-6.154188709263,-5.210789348382,10.));
#1408 = CARTESIAN_POINT('',(-6.678658115148,-5.257901271512,10.));
#1409 = DEFINITIONAL_REPRESENTATION('',(#1410),#1414);
#1410 = LINE('',#1411,#1412);
#1411 = CARTESIAN_POINT('',(0.,0.));
#1412 = VECTOR('',#1413,1.);
#1413 = DIRECTION('',(1.,0.));
#1414 = ( GEOMETRIC_REPRESENTATION_CONTEXT(2) 
PARAMETRIC_REPRESENTATION_CONTEXT() REPRESENTATION_CONTEXT('2D SPACE',''
  ) );
#1415 = ADVANCED_FACE('',(#1416),#1400,.T.);
#1416 = FACE_BOUND('',#1417,.T.);
#1417 = EDGE_LOOP('',(#1418,#1443,#1444,#1469));
#1418 = ORIENTED_EDGE('',*,*,#1419,.F.);
#1419 = EDGE_CURVE('',#1337,#1420,#1422,.T.);
#1420 = VERTEX_POINT('',#1421);
#1421 = CARTESIAN_POINT('',(-6.678658115148,-5.257901271512,0.));
#1422 = SURFACE_CURVE('',#1423,(#1428,#1435),.PCURVE_S1.);
#1423 = B_SPLINE_CURVE_WITH_KNOTS('',3,(#1424,#1425,#1426,#1427),
  .UNSPECIFIED.,.F.,.F.,(4,4),(0.,1.),.PIECEWISE_BEZIER_KNOTS.);
#1424 = CARTESIAN_POINT('',(-5.166592188174,-4.793362611343,0.));
#1425 = CARTESIAN_POINT('',(-5.601126846142,-5.109206074945,0.));
#1426 = CARTESIAN_POINT('',(-6.154188709263,-5.210789348382,0.));
#1427 = CARTESIAN_POINT('',(-6.678658115148,-5.257901271512,0.));
#1428 = PCURVE('',#1400,#1429);
#1429 = DEFINITIONAL_REPRESENTATION('',(#1430),#1434);
#1430 = LINE('',#1431,#1432);
#1431 = CARTESIAN_POINT('',(0.,0.));
#1432 = VECTOR('',#1433,1.);
#1433 = DIRECTION('',(0.,1.));
#1434 = ( GEOMETRIC_REPRESENTATION_CONTEXT(2) 
PARAMETRIC_REPRESENTATION_CONTEXT() REPRESENTATION_CONTEXT('2D SPACE',''
  ) );
#1435 = PCURVE('',#68,#1436);
#1436 = DEFINITIONAL_REPRESENTATION('',(#1437),#1442);
#1437 = B_SPLINE_CURVE_WITH_KNOTS('',3,(#1438,#1439,#1440,#1441),
  .UNSPECIFIED.,.F.,.F.,(4,4),(0.,1.),.PIECEWISE_BEZIER_KNOTS.);
#1438 = CARTESIAN_POINT('',(-5.166592188174,-4.793362611343));
#1439 = CARTESIAN_POINT('',(-5.601126846142,-5.109206074945));
#1440 = CARTESIAN_POINT('',(-6.154188709263,-5.210789348382));
#1441 = CARTESIAN_POINT('',(-6.678658115148,-5.257901271512));
#1442 = ( GEOMETRIC_REPRESENTATION_CONTEXT(2) 
PARAMETRIC_REPRESENTATION_CONTEXT() REPRESENTATION_CONTEXT('2D SPACE',''
  ) );
#1443 = ORIENTED_EDGE('',*,*,#1387,.T.);
#1444 = ORIENTED_EDGE('',*,*,#1445,.T.);
#1445 = EDGE_CURVE('',#1363,#1446,#1448,.T.);
#1446 = VERTEX_POINT('',#1447);
#1447 = CARTESIAN_POINT('',(-6.678658115148,-5.257901271512,10.));
#1448 = SURFACE_CURVE('',#1449,(#1454,#1461),.PCURVE_S1.);
#1449 = B_SPLINE_CURVE_WITH_KNOTS('',3,(#1450,#1451,#1452,#1453),
  .UNSPECIFIED.,.F.,.F.,(4,4),(0.,1.),.PIECEWISE_BEZIER_KNOTS.);
#1450 = CARTESIAN_POINT('',(-5.166592188174,-4.793362611343,10.));
#1451 = CARTESIAN_POINT('',(-5.601126846142,-5.109206074945,10.));
#1452 = CARTESIAN_POINT('',(-6.154188709263,-5.210789348382,10.));
#1453 = CARTESIAN_POINT('',(-6.678658115148,-5.257901271512,10.));
#1454 = PCURVE('',#1400,#1455);
#1455 = DEFINITIONAL_REPRESENTATION('',(#1456),#1460);
#1456 = LINE('',#1457,#1458);
#1457 = CARTESIAN_POINT('',(1.,0.));
#1458 = VECTOR('',#1459,1.);
#1459 = DIRECTION('',(0.,1.));
#1460 = ( GEOMETRIC_REPRESENTATION_CONTEXT(2) 
PARAMETRIC_REPRESENTATION_CONTEXT() REPRESENTATION_CONTEXT('2D SPACE',''
  ) );
#1461 = PCURVE('',#129,#1462);
#1462 = DEFINITIONAL_REPRESENTATION('',(#1463),#1468);
#1463 = B_SPLINE_CURVE_WITH_KNOTS('',3,(#1464,#1465,#1466,#1467),
  .UNSPECIFIED.,.F.,.F.,(4,4),(0.,1.),.PIECEWISE_BEZIER_KNOTS.);
#1464 = CARTESIAN_POINT('',(5.166592188174,-4.793362611343));
#1465 = CARTESIAN_POINT('',(5.601126846142,-5.109206074945));
#1466 = CARTESIAN_POINT('',(6.154188709263,-5.210789348382));
#1467 = CARTESIAN_POINT('',(6.678658115148,-5.257901271512));
#1468 = ( GEOMETRIC_REPRESENTATION_CONTEXT(2) 
PARAMETRIC_REPRESENTATION_CONTEXT() REPRESENTATION_CONTEXT('2D SPACE',''
  ) );
#1469 = ORIENTED_EDGE('',*,*,#1470,.F.);
#1470 = EDGE_CURVE('',#1420,#1446,#1471,.T.);
#1471 = SURFACE_CURVE('',#1472,(#1475,#1482),.PCURVE_S1.);
#1472 = B_SPLINE_CURVE_WITH_KNOTS('',1,(#1473,#1474),.UNSPECIFIED.,.F.,
  .F.,(2,2),(0.,1.),.PIECEWISE_BEZIER_KNOTS.);
#1473 = CARTESIAN_POINT('',(-6.678658115148,-5.257901271512,0.));
#1474 = CARTESIAN_POINT('',(-6.678658115148,-5.257901271512,10.));
#1475 = PCURVE('',#1400,#1476);
#1476 = DEFINITIONAL_REPRESENTATION('',(#1477),#1481);
#1477 = LINE('',#1478,#1479);
#1478 = CARTESIAN_POINT('',(0.,1.));
#1479 = VECTOR('',#1480,1.);
#1480 = DIRECTION('',(1.,0.));
#1481 = ( GEOMETRIC_REPRESENTATION_CONTEXT(2) 
PARAMETRIC_REPRESENTATION_CONTEXT() REPRESENTATION_CONTEXT('2D SPACE',''
  ) );
#1482 = PCURVE('',#1483,#1492);
#1483 = B_SPLINE_SURFACE_WITH_KNOTS('',1,3,(
    (#1484,#1485,#1486,#1487)
    ,(#1488,#1489,#1490,#1491
    )),.UNSPECIFIED.,.F.,.F.,.F.,(2,2),(4,4),(0.,1.),(0.,1.),
  .PIECEWISE_BEZIER_KNOTS.);
#1484 = CARTESIAN_POINT('',(-6.678658115148,-5.257901271512,0.));
#1485 = CARTESIAN_POINT('',(-6.814001874652,-5.085987229956,0.));
#1486 = CARTESIAN_POINT('',(-6.942703675814,-4.908844397705,0.));
#1487 = CARTESIAN_POINT('',(-7.064380123509,-4.727000472876,0.));
#1488 = CARTESIAN_POINT('',(-6.678658115148,-5.257901271512,10.));
#1489 = CARTESIAN_POINT('',(-6.814001874652,-5.085987229956,10.));
#1490 = CARTESIAN_POINT('',(-6.942703675814,-4.908844397705,10.));
#1491 = CARTESIAN_POINT('',(-7.064380123509,-4.727000472876,10.));
#1492 = DEFINITIONAL_REPRESENTATION('',(#1493),#1497);
#1493 = LINE('',#1494,#1495);
#1494 = CARTESIAN_POINT('',(0.,0.));
#1495 = VECTOR('',#1496,1.);
#1496 = DIRECTION('',(1.,0.));
#1497 = ( GEOMETRIC_REPRESENTATION_CONTEXT(2) 
PARAMETRIC_REPRESENTATION_CONTEXT() REPRESENTATION_CONTEXT('2D SPACE',''
  ) );
#1498 = ADVANCED_FACE('',(#1499),#1483,.T.);
#1499 = FACE_BOUND('',#1500,.T.);
#1500 = EDGE_LOOP('',(#1501,#1526,#1527,#1552));
#1501 = ORIENTED_EDGE('',*,*,#1502,.F.);
#1502 = EDGE_CURVE('',#1420,#1503,#1505,.T.);
#1503 = VERTEX_POINT('',#1504);
#1504 = CARTESIAN_POINT('',(-7.064380123509,-4.727000472876,0.));
#1505 = SURFACE_CURVE('',#1506,(#1511,#1518),.PCURVE_S1.);
#1506 = B_SPLINE_CURVE_WITH_KNOTS('',3,(#1507,#1508,#1509,#1510),
  .UNSPECIFIED.,.F.,.F.,(4,4),(0.,1.),.PIECEWISE_BEZIER_KNOTS.);
#1507 = CARTESIAN_POINT('',(-6.678658115148,-5.257901271512,0.));
#1508 = CARTESIAN_POINT('',(-6.814001874652,-5.085987229956,0.));
#1509 = CARTESIAN_POINT('',(-6.942703675814,-4.908844397705,0.));
#1510 = CARTESIAN_POINT('',(-7.064380123509,-4.727000472876,0.));
#1511 = PCURVE('',#1483,#1512);
#1512 = DEFINITIONAL_REPRESENTATION('',(#1513),#1517);
#1513 = LINE('',#1514,#1515);
#1514 = CARTESIAN_POINT('',(0.,0.));
#1515 = VECTOR('',#1516,1.);
#1516 = DIRECTION('',(0.,1.));
#1517 = ( GEOMETRIC_REPRESENTATION_CONTEXT(2) 
PARAMETRIC_REPRESENTATION_CONTEXT() REPRESENTATION_CONTEXT('2D SPACE',''
  ) );
#1518 = PCURVE('',#68,#1519);
#1519 = DEFINITIONAL_REPRESENTATION('',(#1520),#1525);
#1520 = B_SPLINE_CURVE_WITH_KNOTS('',3,(#1521,#1522,#1523,#1524),
  .UNSPECIFIED.,.F.,.F.,(4,4),(0.,1.),.PIECEWISE_BEZIER_KNOTS.);
#1521 = CARTESIAN_POINT('',(-6.678658115148,-5.257901271512));
#1522 = CARTESIAN_POINT('',(-6.814001874652,-5.085987229956));
#1523 = CARTESIAN_POINT('',(-6.942703675814,-4.908844397705));
#1524 = CARTESIAN_POINT('',(-7.064380123509,-4.727000472876));
#1525 = ( GEOMETRIC_REPRESENTATION_CONTEXT(2) 
PARAMETRIC_REPRESENTATION_CONTEXT() REPRESENTATION_CONTEXT('2D SPACE',''
  ) );
#1526 = ORIENTED_EDGE('',*,*,#1470,.T.);
#1527 = ORIENTED_EDGE('',*,*,#1528,.T.);
#1528 = EDGE_CURVE('',#1446,#1529,#1531,.T.);
#1529 = VERTEX_POINT('',#1530);
#1530 = CARTESIAN_POINT('',(-7.064380123509,-4.727000472876,10.));
#1531 = SURFACE_CURVE('',#1532,(#1537,#1544),.PCURVE_S1.);
#1532 = B_SPLINE_CURVE_WITH_KNOTS('',3,(#1533,#1534,#1535,#1536),
  .UNSPECIFIED.,.F.,.F.,(4,4),(0.,1.),.PIECEWISE_BEZIER_KNOTS.);
#1533 = CARTESIAN_POINT('',(-6.678658115148,-5.257901271512,10.));
#1534 = CARTESIAN_POINT('',(-6.814001874652,-5.085987229956,10.));
#1535 = CARTESIAN_POINT('',(-6.942703675814,-4.908844397705,10.));
#1536 = CARTESIAN_POINT('',(-7.064380123509,-4.727000472876,10.));
#1537 = PCURVE('',#1483,#1538);
#1538 = DEFINITIONAL_REPRESENTATION('',(#1539),#1543);
#1539 = LINE('',#1540,#1541);
#1540 = CARTESIAN_POINT('',(1.,0.));
#1541 = VECTOR('',#1542,1.);
#1542 = DIRECTION('',(0.,1.));
#1543 = ( GEOMETRIC_REPRESENTATION_CONTEXT(2) 
PARAMETRIC_REPRESENTATION_CONTEXT() REPRESENTATION_CONTEXT('2D SPACE',''
  ) );
#1544 = PCURVE('',#129,#1545);
#1545 = DEFINITIONAL_REPRESENTATION('',(#1546),#1551);
#1546 = B_SPLINE_CURVE_WITH_KNOTS('',3,(#1547,#1548,#1549,#1550),
  .UNSPECIFIED.,.F.,.F.,(4,4),(0.,1.),.PIECEWISE_BEZIER_KNOTS.);
#1547 = CARTESIAN_POINT('',(6.678658115148,-5.257901271512));
#1548 = CARTESIAN_POINT('',(6.814001874652,-5.085987229956));
#1549 = CARTESIAN_POINT('',(6.942703675814,-4.908844397705));
#1550 = CARTESIAN_POINT('',(7.064380123509,-4.727000472876));
#1551 = ( GEOMETRIC_REPRESENTATION_CONTEXT(2) 
PARAMETRIC_REPRESENTATION_CONTEXT() REPRESENTATION_CONTEXT('2D SPACE',''
  ) );
#1552 = ORIENTED_EDGE('',*,*,#1553,.F.);
#1553 = EDGE_CURVE('',#1503,#1529,#1554,.T.);
#1554 = SURFACE_CURVE('',#1555,(#1558,#1565),.PCURVE_S1.);
#1555 = B_SPLINE_CURVE_WITH_KNOTS('',1,(#1556,#1557),.UNSPECIFIED.,.F.,
  .F.,(2,2),(0.,1.),.PIECEWISE_BEZIER_KNOTS.);
#1556 = CARTESIAN_POINT('',(-7.064380123509,-4.727000472876,0.));
#1557 = CARTESIAN_POINT('',(-7.064380123509,-4.727000472876,10.));
#1558 = PCURVE('',#1483,#1559);
#1559 = DEFINITIONAL_REPRESENTATION('',(#1560),#1564);
#1560 = LINE('',#1561,#1562);
#1561 = CARTESIAN_POINT('',(0.,1.));
#1562 = VECTOR('',#1563,1.);
#1563 = DIRECTION('',(1.,0.));
#1564 = ( GEOMETRIC_REPRESENTATION_CONTEXT(2) 
PARAMETRIC_REPRESENTATION_CONTEXT() REPRESENTATION_CONTEXT('2D SPACE',''
  ) );
#1565 = PCURVE('',#1566,#1575);
#1566 = B_SPLINE_SURFACE_WITH_KNOTS('',1,3,(
    (#1567,#1568,#1569,#1570)
    ,(#1571,#1572,#1573,#1574
    )),.UNSPECIFIED.,.F.,.F.,.F.,(2,2),(4,4),(0.,1.),(0.,1.),
  .PIECEWISE_BEZIER_KNOTS.);
#1567 = CARTESIAN_POINT('',(-7.064380123509,-4.727000472876,0.));
#1568 = CARTESIAN_POINT('',(-6.857504062573,-4.242758811696,0.));
#1569 = CARTESIAN_POINT('',(-6.589987113778,-3.748156680697,0.));
#1570 = CARTESIAN_POINT('',(-6.155323535634,-3.432490660496,0.));
#1571 = CARTESIAN_POINT('',(-7.064380123509,-4.727000472876,10.));
#1572 = CARTESIAN_POINT('',(-6.857504062573,-4.242758811696,10.));
#1573 = CARTESIAN_POINT('',(-6.589987113778,-3.748156680697,10.));
#1574 = CARTESIAN_POINT('',(-6.155323535634,-3.432490660496,10.));
#1575 = DEFINITIONAL_REPRESENTATION('',(#1576),#1580);
#1576 = LINE('',#1577,#1578);
#1577 = CARTESIAN_POINT('',(0.,0.));
#1578 = VECTOR('',#1579,1.);
#1579 = DIRECTION('',(1.,0.));
#1580 = ( GEOMETRIC_REPRESENTATION_CONTEXT(2) 
PARAMETRIC_REPRESENTATION_CONTEXT() REPRESENTATION_CONTEXT('2D SPACE',''
  ) );
#1581 = ADVANCED_FACE('',(#1582),#1566,.T.);
#1582 = FACE_BOUND('',#1583,.T.);
#1583 = EDGE_LOOP('',(#1584,#1609,#1610,#1635));
#1584 = ORIENTED_EDGE('',*,*,#1585,.F.);
#1585 = EDGE_CURVE('',#1503,#1586,#1588,.T.);
#1586 = VERTEX_POINT('',#1587);
#1587 = CARTESIAN_POINT('',(-6.155323535634,-3.432490660496,0.));
#1588 = SURFACE_CURVE('',#1589,(#1594,#1601),.PCURVE_S1.);
#1589 = B_SPLINE_CURVE_WITH_KNOTS('',3,(#1590,#1591,#1592,#1593),
  .UNSPECIFIED.,.F.,.F.,(4,4),(0.,1.),.PIECEWISE_BEZIER_KNOTS.);
#1590 = CARTESIAN_POINT('',(-7.064380123509,-4.727000472876,0.));
#1591 = CARTESIAN_POINT('',(-6.857504062573,-4.242758811696,0.));
#1592 = CARTESIAN_POINT('',(-6.589987113778,-3.748156680697,0.));
#1593 = CARTESIAN_POINT('',(-6.155323535634,-3.432490660496,0.));
#1594 = PCURVE('',#1566,#1595);
#1595 = DEFINITIONAL_REPRESENTATION('',(#1596),#1600);
#1596 = LINE('',#1597,#1598);
#1597 = CARTESIAN_POINT('',(0.,0.));
#1598 = VECTOR('',#1599,1.);
#1599 = DIRECTION('',(0.,1.));
#1600 = ( GEOMETRIC_REPRESENTATION_CONTEXT(2) 
PARAMETRIC_REPRESENTATION_CONTEXT() REPRESENTATION_CONTEXT('2D SPACE',''
  ) );
#1601 = PCURVE('',#68,#1602);
#1602 = DEFINITIONAL_REPRESENTATION('',(#1603),#1608);
#1603 = B_SPLINE_CURVE_WITH_KNOTS('',3,(#1604,#1605,#1606,#1607),
  .UNSPECIFIED.,.F.,.F.,(4,4),(0.,1.),.PIECEWISE_BEZIER_KNOTS.);
#1604 = CARTESIAN_POINT('',(-7.064380123509,-4.727000472876));
#1605 = CARTESIAN_POINT('',(-6.857504062573,-4.242758811696));
#1606 = CARTESIAN_POINT('',(-6.589987113778,-3.748156680697));
#1607 = CARTESIAN_POINT('',(-6.155323535634,-3.432490660496));
#1608 = ( GEOMETRIC_REPRESENTATION_CONTEXT(2) 
PARAMETRIC_REPRESENTATION_CONTEXT() REPRESENTATION_CONTEXT('2D SPACE',''
  ) );
#1609 = ORIENTED_EDGE('',*,*,#1553,.T.);
#1610 = ORIENTED_EDGE('',*,*,#1611,.T.);
#1611 = EDGE_CURVE('',#1529,#1612,#1614,.T.);
#1612 = VERTEX_POINT('',#1613);
#1613 = CARTESIAN_POINT('',(-6.155323535634,-3.432490660496,10.));
#1614 = SURFACE_CURVE('',#1615,(#1620,#1627),.PCURVE_S1.);
#1615 = B_SPLINE_CURVE_WITH_KNOTS('',3,(#1616,#1617,#1618,#1619),
  .UNSPECIFIED.,.F.,.F.,(4,4),(0.,1.),.PIECEWISE_BEZIER_KNOTS.);
#1616 = CARTESIAN_POINT('',(-7.064380123509,-4.727000472876,10.));
#1617 = CARTESIAN_POINT('',(-6.857504062573,-4.242758811696,10.));
#1618 = CARTESIAN_POINT('',(-6.589987113778,-3.748156680697,10.));
#1619 = CARTESIAN_POINT('',(-6.155323535634,-3.432490660496,10.));
#1620 = PCURVE('',#1566,#1621);
#1621 = DEFINITIONAL_REPRESENTATION('',(#1622),#1626);
#1622 = LINE('',#1623,#1624);
#1623 = CARTESIAN_POINT('',(1.,0.));
#1624 = VECTOR('',#1625,1.);
#1625 = DIRECTION('',(0.,1.));
#1626 = ( GEOMETRIC_REPRESENTATION_CONTEXT(2) 
PARAMETRIC_REPRESENTATION_CONTEXT() REPRESENTATION_CONTEXT('2D SPACE',''
  ) );
#1627 = PCURVE('',#129,#1628);
#1628 = DEFINITIONAL_REPRESENTATION('',(#1629),#1634);
#1629 = B_SPLINE_CURVE_WITH_KNOTS('',3,(#1630,#1631,#1632,#1633),
  .UNSPECIFIED.,.F.,.F.,(4,4),(0.,1.),.PIECEWISE_BEZIER_KNOTS.);
#1630 = CARTESIAN_POINT('',(7.064380123509,-4.727000472876));
#1631 = CARTESIAN_POINT('',(6.857504062573,-4.242758811696));
#1632 = CARTESIAN_POINT('',(6.589987113778,-3.748156680697));
#1633 = CARTESIAN_POINT('',(6.155323535634,-3.432490660496));
#1634 = ( GEOMETRIC_REPRESENTATION_CONTEXT(2) 
PARAMETRIC_REPRESENTATION_CONTEXT() REPRESENTATION_CONTEXT('2D SPACE',''
  ) );
#1635 = ORIENTED_EDGE('',*,*,#1636,.F.);
#1636 = EDGE_CURVE('',#1586,#1612,#1637,.T.);
#1637 = SURFACE_CURVE('',#1638,(#1641,#1648),.PCURVE_S1.);
#1638 = B_SPLINE_CURVE_WITH_KNOTS('',1,(#1639,#1640),.UNSPECIFIED.,.F.,
  .F.,(2,2),(0.,1.),.PIECEWISE_BEZIER_KNOTS.);
#1639 = CARTESIAN_POINT('',(-6.155323535634,-3.432490660496,0.));
#1640 = CARTESIAN_POINT('',(-6.155323535634,-3.432490660496,10.));
#1641 = PCURVE('',#1566,#1642);
#1642 = DEFINITIONAL_REPRESENTATION('',(#1643),#1647);
#1643 = LINE('',#1644,#1645);
#1644 = CARTESIAN_POINT('',(0.,1.));
#1645 = VECTOR('',#1646,1.);
#1646 = DIRECTION('',(1.,0.));
#1647 = ( GEOMETRIC_REPRESENTATION_CONTEXT(2) 
PARAMETRIC_REPRESENTATION_CONTEXT() REPRESENTATION_CONTEXT('2D SPACE',''
  ) );
#1648 = PCURVE('',#1649,#1658);
#1649 = B_SPLINE_SURFACE_WITH_KNOTS('',1,3,(
    (#1650,#1651,#1652,#1653)
    ,(#1654,#1655,#1656,#1657
    )),.UNSPECIFIED.,.F.,.F.,.F.,(2,2),(4,4),(0.,1.),(0.,1.),
  .PIECEWISE_BEZIER_KNOTS.);
#1650 = CARTESIAN_POINT('',(-6.155323535634,-3.432490660496,0.));
#1651 = CARTESIAN_POINT('',(-5.173194656613,-3.132528204962,0.));
#1652 = CARTESIAN_POINT('',(-5.789465003572,-1.748362343027,0.));
#1653 = CARTESIAN_POINT('',(-6.669553042581,-2.277512277667,0.));
#1654 = CARTESIAN_POINT('',(-6.155323535634,-3.432490660496,10.));
#1655 = CARTESIAN_POINT('',(-5.173194656613,-3.132528204962,10.));
#1656 = CARTESIAN_POINT('',(-5.789465003572,-1.748362343027,10.));
#1657 = CARTESIAN_POINT('',(-6.669553042581,-2.277512277667,10.));
#1658 = DEFINITIONAL_REPRESENTATION('',(#1659),#1663);
#1659 = LINE('',#1660,#1661);
#1660 = CARTESIAN_POINT('',(0.,0.));
#1661 = VECTOR('',#1662,1.);
#1662 = DIRECTION('',(1.,0.));
#1663 = ( GEOMETRIC_REPRESENTATION_CONTEXT(2) 
PARAMETRIC_REPRESENTATION_CONTEXT() REPRESENTATION_CONTEXT('2D SPACE',''
  ) );
#1664 = ADVANCED_FACE('',(#1665),#1649,.T.);
#1665 = FACE_BOUND('',#1666,.T.);
#1666 = EDGE_LOOP('',(#1667,#1692,#1693,#1718));
#1667 = ORIENTED_EDGE('',*,*,#1668,.F.);
#1668 = EDGE_CURVE('',#1586,#1669,#1671,.T.);
#1669 = VERTEX_POINT('',#1670);
#1670 = CARTESIAN_POINT('',(-6.669553042581,-2.277512277667,0.));
#1671 = SURFACE_CURVE('',#1672,(#1677,#1684),.PCURVE_S1.);
#1672 = B_SPLINE_CURVE_WITH_KNOTS('',3,(#1673,#1674,#1675,#1676),
  .UNSPECIFIED.,.F.,.F.,(4,4),(0.,1.),.PIECEWISE_BEZIER_KNOTS.);
#1673 = CARTESIAN_POINT('',(-6.155323535634,-3.432490660496,0.));
#1674 = CARTESIAN_POINT('',(-5.173194656613,-3.132528204962,0.));
#1675 = CARTESIAN_POINT('',(-5.789465003572,-1.748362343027,0.));
#1676 = CARTESIAN_POINT('',(-6.669553042581,-2.277512277667,0.));
#1677 = PCURVE('',#1649,#1678);
#1678 = DEFINITIONAL_REPRESENTATION('',(#1679),#1683);
#1679 = LINE('',#1680,#1681);
#1680 = CARTESIAN_POINT('',(0.,0.));
#1681 = VECTOR('',#1682,1.);
#1682 = DIRECTION('',(0.,1.));
#1683 = ( GEOMETRIC_REPRESENTATION_CONTEXT(2) 
PARAMETRIC_REPRESENTATION_CONTEXT() REPRESENTATION_CONTEXT('2D SPACE',''
  ) );
#1684 = PCURVE('',#68,#1685);
#1685 = DEFINITIONAL_REPRESENTATION('',(#1686),#1691);
#1686 = B_SPLINE_CURVE_WITH_KNOTS('',3,(#1687,#1688,#1689,#1690),
  .UNSPECIFIED.,.F.,.F.,(4,4),(0.,1.),.PIECEWISE_BEZIER_KNOTS.);
#1687 = CARTESIAN_POINT('',(-6.155323535634,-3.432490660496));
#1688 = CARTESIAN_POINT('',(-5.173194656613,-3.132528204962));
#1689 = CARTESIAN_POINT('',(-5.789465003572,-1.748362343027));
#1690 = CARTESIAN_POINT('',(-6.669553042581,-2.277512277667));
#1691 = ( GEOMETRIC_REPRESENTATION_CONTEXT(2) 
PARAMETRIC_REPRESENTATION_CONTEXT() REPRESENTATION_CONTEXT('2D SPACE',''
  ) );
#1692 = ORIENTED_EDGE('',*,*,#1636,.T.);
#1693 = ORIENTED_EDGE('',*,*,#1694,.T.);
#1694 = EDGE_CURVE('',#1612,#1695,#1697,.T.);
#1695 = VERTEX_POINT('',#1696);
#1696 = CARTESIAN_POINT('',(-6.669553042581,-2.277512277667,10.));
#1697 = SURFACE_CURVE('',#1698,(#1703,#1710),.PCURVE_S1.);
#1698 = B_SPLINE_CURVE_WITH_KNOTS('',3,(#1699,#1700,#1701,#1702),
  .UNSPECIFIED.,.F.,.F.,(4,4),(0.,1.),.PIECEWISE_BEZIER_KNOTS.);
#1699 = CARTESIAN_POINT('',(-6.155323535634,-3.432490660496,10.));
#1700 = CARTESIAN_POINT('',(-5.173194656613,-3.132528204962,10.));
#1701 = CARTESIAN_POINT('',(-5.789465003572,-1.748362343027,10.));
#1702 = CARTESIAN_POINT('',(-6.669553042581,-2.277512277667,10.));
#1703 = PCURVE('',#1649,#1704);
#1704 = DEFINITIONAL_REPRESENTATION('',(#1705),#1709);
#1705 = LINE('',#1706,#1707);
#1706 = CARTESIAN_POINT('',(1.,0.));
#1707 = VECTOR('',#1708,1.);
#1708 = DIRECTION('',(0.,1.));
#1709 = ( GEOMETRIC_REPRESENTATION_CONTEXT(2) 
PARAMETRIC_REPRESENTATION_CONTEXT() REPRESENTATION_CONTEXT('2D SPACE',''
  ) );
#1710 = PCURVE('',#129,#1711);
#1711 = DEFINITIONAL_REPRESENTATION('',(#1712),#1717);
#1712 = B_SPLINE_CURVE_WITH_KNOTS('',3,(#1713,#1714,#1715,#1716),
  .UNSPECIFIED.,.F.,.F.,(4,4),(0.,1.),.PIECEWISE_BEZIER_KNOTS.);
#1713 = CARTESIAN_POINT('',(6.155323535634,-3.432490660496));
#1714 = CARTESIAN_POINT('',(5.173194656613,-3.132528204962));
#1715 = CARTESIAN_POINT('',(5.789465003572,-1.748362343027));
#1716 = CARTESIAN_POINT('',(6.669553042581,-2.277512277667));
#1717 = ( GEOMETRIC_REPRESENTATION_CONTEXT(2) 
PARAMETRIC_REPRESENTATION_CONTEXT() REPRESENTATION_CONTEXT('2D SPACE',''
  ) );
#1718 = ORIENTED_EDGE('',*,*,#1719,.F.);
#1719 = EDGE_CURVE('',#1669,#1695,#1720,.T.);
#1720 = SURFACE_CURVE('',#1721,(#1724,#1731),.PCURVE_S1.);
#1721 = B_SPLINE_CURVE_WITH_KNOTS('',1,(#1722,#1723),.UNSPECIFIED.,.F.,
  .F.,(2,2),(0.,1.),.PIECEWISE_BEZIER_KNOTS.);
#1722 = CARTESIAN_POINT('',(-6.669553042581,-2.277512277667,0.));
#1723 = CARTESIAN_POINT('',(-6.669553042581,-2.277512277667,10.));
#1724 = PCURVE('',#1649,#1725);
#1725 = DEFINITIONAL_REPRESENTATION('',(#1726),#1730);
#1726 = LINE('',#1727,#1728);
#1727 = CARTESIAN_POINT('',(0.,1.));
#1728 = VECTOR('',#1729,1.);
#1729 = DIRECTION('',(1.,0.));
#1730 = ( GEOMETRIC_REPRESENTATION_CONTEXT(2) 
PARAMETRIC_REPRESENTATION_CONTEXT() REPRESENTATION_CONTEXT('2D SPACE',''
  ) );
#1731 = PCURVE('',#1732,#1741);
#1732 = B_SPLINE_SURFACE_WITH_KNOTS('',1,3,(
    (#1733,#1734,#1735,#1736)
    ,(#1737,#1738,#1739,#1740
    )),.UNSPECIFIED.,.F.,.F.,.F.,(2,2),(4,4),(0.,1.),(0.,1.),
  .PIECEWISE_BEZIER_KNOTS.);
#1733 = CARTESIAN_POINT('',(-6.669553042581,-2.277512277667,0.));
#1734 = CARTESIAN_POINT('',(-7.194985315678,-2.389308471084,0.));
#1735 = CARTESIAN_POINT('',(-7.741550108159,-2.257158883487,0.));
#1736 = CARTESIAN_POINT('',(-8.23983889704,-2.086876841316,0.));
#1737 = CARTESIAN_POINT('',(-6.669553042581,-2.277512277667,10.));
#1738 = CARTESIAN_POINT('',(-7.194985315678,-2.389308471084,10.));
#1739 = CARTESIAN_POINT('',(-7.741550108159,-2.257158883487,10.));
#1740 = CARTESIAN_POINT('',(-8.23983889704,-2.086876841316,10.));
#1741 = DEFINITIONAL_REPRESENTATION('',(#1742),#1746);
#1742 = LINE('',#1743,#1744);
#1743 = CARTESIAN_POINT('',(0.,0.));
#1744 = VECTOR('',#1745,1.);
#1745 = DIRECTION('',(1.,0.));
#1746 = ( GEOMETRIC_REPRESENTATION_CONTEXT(2) 
PARAMETRIC_REPRESENTATION_CONTEXT() REPRESENTATION_CONTEXT('2D SPACE',''
  ) );
#1747 = ADVANCED_FACE('',(#1748),#1732,.T.);
#1748 = FACE_BOUND('',#1749,.T.);
#1749 = EDGE_LOOP('',(#1750,#1775,#1776,#1801));
#1750 = ORIENTED_EDGE('',*,*,#1751,.F.);
#1751 = EDGE_CURVE('',#1669,#1752,#1754,.T.);
#1752 = VERTEX_POINT('',#1753);
#1753 = CARTESIAN_POINT('',(-8.23983889704,-2.086876841316,0.));
#1754 = SURFACE_CURVE('',#1755,(#1760,#1767),.PCURVE_S1.);
#1755 = B_SPLINE_CURVE_WITH_KNOTS('',3,(#1756,#1757,#1758,#1759),
  .UNSPECIFIED.,.F.,.F.,(4,4),(0.,1.),.PIECEWISE_BEZIER_KNOTS.);
#1756 = CARTESIAN_POINT('',(-6.669553042581,-2.277512277667,0.));
#1757 = CARTESIAN_POINT('',(-7.194985315678,-2.389308471084,0.));
#1758 = CARTESIAN_POINT('',(-7.741550108159,-2.257158883487,0.));
#1759 = CARTESIAN_POINT('',(-8.23983889704,-2.086876841316,0.));
#1760 = PCURVE('',#1732,#1761);
#1761 = DEFINITIONAL_REPRESENTATION('',(#1762),#1766);
#1762 = LINE('',#1763,#1764);
#1763 = CARTESIAN_POINT('',(0.,0.));
#1764 = VECTOR('',#1765,1.);
#1765 = DIRECTION('',(0.,1.));
#1766 = ( GEOMETRIC_REPRESENTATION_CONTEXT(2) 
PARAMETRIC_REPRESENTATION_CONTEXT() REPRESENTATION_CONTEXT('2D SPACE',''
  ) );
#1767 = PCURVE('',#68,#1768);
#1768 = DEFINITIONAL_REPRESENTATION('',(#1769),#1774);
#1769 = B_SPLINE_CURVE_WITH_KNOTS('',3,(#1770,#1771,#1772,#1773),
  .UNSPECIFIED.,.F.,.F.,(4,4),(0.,1.),.PIECEWISE_BEZIER_KNOTS.);
#1770 = CARTESIAN_POINT('',(-6.669553042581,-2.277512277667));
#1771 = CARTESIAN_POINT('',(-7.194985315678,-2.389308471084));
#1772 = CARTESIAN_POINT('',(-7.741550108159,-2.257158883487));
#1773 = CARTESIAN_POINT('',(-8.23983889704,-2.086876841316));
#1774 = ( GEOMETRIC_REPRESENTATION_CONTEXT(2) 
PARAMETRIC_REPRESENTATION_CONTEXT() REPRESENTATION_CONTEXT('2D SPACE',''
  ) );
#1775 = ORIENTED_EDGE('',*,*,#1719,.T.);
#1776 = ORIENTED_EDGE('',*,*,#1777,.T.);
#1777 = EDGE_CURVE('',#1695,#1778,#1780,.T.);
#1778 = VERTEX_POINT('',#1779);
#1779 = CARTESIAN_POINT('',(-8.23983889704,-2.086876841316,10.));
#1780 = SURFACE_CURVE('',#1781,(#1786,#1793),.PCURVE_S1.);
#1781 = B_SPLINE_CURVE_WITH_KNOTS('',3,(#1782,#1783,#1784,#1785),
  .UNSPECIFIED.,.F.,.F.,(4,4),(0.,1.),.PIECEWISE_BEZIER_KNOTS.);
#1782 = CARTESIAN_POINT('',(-6.669553042581,-2.277512277667,10.));
#1783 = CARTESIAN_POINT('',(-7.194985315678,-2.389308471084,10.));
#1784 = CARTESIAN_POINT('',(-7.741550108159,-2.257158883487,10.));
#1785 = CARTESIAN_POINT('',(-8.23983889704,-2.086876841316,10.));
#1786 = PCURVE('',#1732,#1787);
#1787 = DEFINITIONAL_REPRESENTATION('',(#1788),#1792);
#1788 = LINE('',#1789,#1790);
#1789 = CARTESIAN_POINT('',(1.,0.));
#1790 = VECTOR('',#1791,1.);
#1791 = DIRECTION('',(0.,1.));
#1792 = ( GEOMETRIC_REPRESENTATION_CONTEXT(2) 
PARAMETRIC_REPRESENTATION_CONTEXT() REPRESENTATION_CONTEXT('2D SPACE',''
  ) );
#1793 = PCURVE('',#129,#1794);
#1794 = DEFINITIONAL_REPRESENTATION('',(#1795),#1800);
#1795 = B_SPLINE_CURVE_WITH_KNOTS('',3,(#1796,#1797,#1798,#1799),
  .UNSPECIFIED.,.F.,.F.,(4,4),(0.,1.),.PIECEWISE_BEZIER_KNOTS.);
#1796 = CARTESIAN_POINT('',(6.669553042581,-2.277512277667));
#1797 = CARTESIAN_POINT('',(7.194985315678,-2.389308471084));
#1798 = CARTESIAN_POINT('',(7.741550108159,-2.257158883487));
#1799 = CARTESIAN_POINT('',(8.23983889704,-2.086876841316));
#1800 = ( GEOMETRIC_REPRESENTATION_CONTEXT(2) 
PARAMETRIC_REPRESENTATION_CONTEXT() REPRESENTATION_CONTEXT('2D SPACE',''
  ) );
#1801 = ORIENTED_EDGE('',*,*,#1802,.F.);
#1802 = EDGE_CURVE('',#1752,#1778,#1803,.T.);
#1803 = SURFACE_CURVE('',#1804,(#1807,#1814),.PCURVE_S1.);
#1804 = B_SPLINE_CURVE_WITH_KNOTS('',1,(#1805,#1806),.UNSPECIFIED.,.F.,
  .F.,(2,2),(0.,1.),.PIECEWISE_BEZIER_KNOTS.);
#1805 = CARTESIAN_POINT('',(-8.23983889704,-2.086876841316,0.));
#1806 = CARTESIAN_POINT('',(-8.23983889704,-2.086876841316,10.));
#1807 = PCURVE('',#1732,#1808);
#1808 = DEFINITIONAL_REPRESENTATION('',(#1809),#1813);
#1809 = LINE('',#1810,#1811);
#1810 = CARTESIAN_POINT('',(0.,1.));
#1811 = VECTOR('',#1812,1.);
#1812 = DIRECTION('',(1.,0.));
#1813 = ( GEOMETRIC_REPRESENTATION_CONTEXT(2) 
PARAMETRIC_REPRESENTATION_CONTEXT() REPRESENTATION_CONTEXT('2D SPACE',''
  ) );
#1814 = PCURVE('',#1815,#1824);
#1815 = B_SPLINE_SURFACE_WITH_KNOTS('',1,3,(
    (#1816,#1817,#1818,#1819)
    ,(#1820,#1821,#1822,#1823
    )),.UNSPECIFIED.,.F.,.F.,.F.,(2,2),(4,4),(0.,1.),(0.,1.),
  .PIECEWISE_BEZIER_KNOTS.);
#1816 = CARTESIAN_POINT('',(-8.23983889704,-2.086876841316,0.));
#1817 = CARTESIAN_POINT('',(-8.293557833595,-1.874776283147,0.));
#1818 = CARTESIAN_POINT('',(-8.339082298502,-1.660600514827,0.));
#1819 = CARTESIAN_POINT('',(-8.376276677048,-1.444987553423,0.));
#1820 = CARTESIAN_POINT('',(-8.23983889704,-2.086876841316,10.));
#1821 = CARTESIAN_POINT('',(-8.293557833595,-1.874776283147,10.));
#1822 = CARTESIAN_POINT('',(-8.339082298502,-1.660600514827,10.));
#1823 = CARTESIAN_POINT('',(-8.376276677048,-1.444987553423,10.));
#1824 = DEFINITIONAL_REPRESENTATION('',(#1825),#1829);
#1825 = LINE('',#1826,#1827);
#1826 = CARTESIAN_POINT('',(0.,0.));
#1827 = VECTOR('',#1828,1.);
#1828 = DIRECTION('',(1.,0.));
#1829 = ( GEOMETRIC_REPRESENTATION_CONTEXT(2) 
PARAMETRIC_REPRESENTATION_CONTEXT() REPRESENTATION_CONTEXT('2D SPACE',''
  ) );
#1830 = ADVANCED_FACE('',(#1831),#1815,.T.);
#1831 = FACE_BOUND('',#1832,.T.);
#1832 = EDGE_LOOP('',(#1833,#1858,#1859,#1884));
#1833 = ORIENTED_EDGE('',*,*,#1834,.F.);
#1834 = EDGE_CURVE('',#1752,#1835,#1837,.T.);
#1835 = VERTEX_POINT('',#1836);
#1836 = CARTESIAN_POINT('',(-8.376276677048,-1.444987553423,0.));
#1837 = SURFACE_CURVE('',#1838,(#1843,#1850),.PCURVE_S1.);
#1838 = B_SPLINE_CURVE_WITH_KNOTS('',3,(#1839,#1840,#1841,#1842),
  .UNSPECIFIED.,.F.,.F.,(4,4),(0.,1.),.PIECEWISE_BEZIER_KNOTS.);
#1839 = CARTESIAN_POINT('',(-8.23983889704,-2.086876841316,0.));
#1840 = CARTESIAN_POINT('',(-8.293557833595,-1.874776283147,0.));
#1841 = CARTESIAN_POINT('',(-8.339082298502,-1.660600514827,0.));
#1842 = CARTESIAN_POINT('',(-8.376276677048,-1.444987553423,0.));
#1843 = PCURVE('',#1815,#1844);
#1844 = DEFINITIONAL_REPRESENTATION('',(#1845),#1849);
#1845 = LINE('',#1846,#1847);
#1846 = CARTESIAN_POINT('',(0.,0.));
#1847 = VECTOR('',#1848,1.);
#1848 = DIRECTION('',(0.,1.));
#1849 = ( GEOMETRIC_REPRESENTATION_CONTEXT(2) 
PARAMETRIC_REPRESENTATION_CONTEXT() REPRESENTATION_CONTEXT('2D SPACE',''
  ) );
#1850 = PCURVE('',#68,#1851);
#1851 = DEFINITIONAL_REPRESENTATION('',(#1852),#1857);
#1852 = B_SPLINE_CURVE_WITH_KNOTS('',3,(#1853,#1854,#1855,#1856),
  .UNSPECIFIED.,.F.,.F.,(4,4),(0.,1.),.PIECEWISE_BEZIER_KNOTS.);
#1853 = CARTESIAN_POINT('',(-8.23983889704,-2.086876841316));
#1854 = CARTESIAN_POINT('',(-8.293557833595,-1.874776283147));
#1855 = CARTESIAN_POINT('',(-8.339082298502,-1.660600514827));
#1856 = CARTESIAN_POINT('',(-8.376276677048,-1.444987553423));
#1857 = ( GEOMETRIC_REPRESENTATION_CONTEXT(2) 
PARAMETRIC_REPRESENTATION_CONTEXT() REPRESENTATION_CONTEXT('2D SPACE',''
  ) );
#1858 = ORIENTED_EDGE('',*,*,#1802,.T.);
#1859 = ORIENTED_EDGE('',*,*,#1860,.T.);
#1860 = EDGE_CURVE('',#1778,#1861,#1863,.T.);
#1861 = VERTEX_POINT('',#1862);
#1862 = CARTESIAN_POINT('',(-8.376276677048,-1.444987553423,10.));
#1863 = SURFACE_CURVE('',#1864,(#1869,#1876),.PCURVE_S1.);
#1864 = B_SPLINE_CURVE_WITH_KNOTS('',3,(#1865,#1866,#1867,#1868),
  .UNSPECIFIED.,.F.,.F.,(4,4),(0.,1.),.PIECEWISE_BEZIER_KNOTS.);
#1865 = CARTESIAN_POINT('',(-8.23983889704,-2.086876841316,10.));
#1866 = CARTESIAN_POINT('',(-8.293557833595,-1.874776283147,10.));
#1867 = CARTESIAN_POINT('',(-8.339082298502,-1.660600514827,10.));
#1868 = CARTESIAN_POINT('',(-8.376276677048,-1.444987553423,10.));
#1869 = PCURVE('',#1815,#1870);
#1870 = DEFINITIONAL_REPRESENTATION('',(#1871),#1875);
#1871 = LINE('',#1872,#1873);
#1872 = CARTESIAN_POINT('',(1.,0.));
#1873 = VECTOR('',#1874,1.);
#1874 = DIRECTION('',(0.,1.));
#1875 = ( GEOMETRIC_REPRESENTATION_CONTEXT(2) 
PARAMETRIC_REPRESENTATION_CONTEXT() REPRESENTATION_CONTEXT('2D SPACE',''
  ) );
#1876 = PCURVE('',#129,#1877);
#1877 = DEFINITIONAL_REPRESENTATION('',(#1878),#1883);
#1878 = B_SPLINE_CURVE_WITH_KNOTS('',3,(#1879,#1880,#1881,#1882),
  .UNSPECIFIED.,.F.,.F.,(4,4),(0.,1.),.PIECEWISE_BEZIER_KNOTS.);
#1879 = CARTESIAN_POINT('',(8.23983889704,-2.086876841316));
#1880 = CARTESIAN_POINT('',(8.293557833595,-1.874776283147));
#1881 = CARTESIAN_POINT('',(8.339082298502,-1.660600514827));
#1882 = CARTESIAN_POINT('',(8.376276677048,-1.444987553423));
#1883 = ( GEOMETRIC_REPRESENTATION_CONTEXT(2) 
PARAMETRIC_REPRESENTATION_CONTEXT() REPRESENTATION_CONTEXT('2D SPACE',''
  ) );
#1884 = ORIENTED_EDGE('',*,*,#1885,.F.);
#1885 = EDGE_CURVE('',#1835,#1861,#1886,.T.);
#1886 = SURFACE_CURVE('',#1887,(#1890,#1897),.PCURVE_S1.);
#1887 = B_SPLINE_CURVE_WITH_KNOTS('',1,(#1888,#1889),.UNSPECIFIED.,.F.,
  .F.,(2,2),(0.,1.),.PIECEWISE_BEZIER_KNOTS.);
#1888 = CARTESIAN_POINT('',(-8.376276677048,-1.444987553423,0.));
#1889 = CARTESIAN_POINT('',(-8.376276677048,-1.444987553423,10.));
#1890 = PCURVE('',#1815,#1891);
#1891 = DEFINITIONAL_REPRESENTATION('',(#1892),#1896);
#1892 = LINE('',#1893,#1894);
#1893 = CARTESIAN_POINT('',(0.,1.));
#1894 = VECTOR('',#1895,1.);
#1895 = DIRECTION('',(1.,0.));
#1896 = ( GEOMETRIC_REPRESENTATION_CONTEXT(2) 
PARAMETRIC_REPRESENTATION_CONTEXT() REPRESENTATION_CONTEXT('2D SPACE',''
  ) );
#1897 = PCURVE('',#1898,#1907);
#1898 = B_SPLINE_SURFACE_WITH_KNOTS('',1,3,(
    (#1899,#1900,#1901,#1902)
    ,(#1903,#1904,#1905,#1906
    )),.UNSPECIFIED.,.F.,.F.,.F.,(2,2),(4,4),(0.,1.),(0.,1.),
  .PIECEWISE_BEZIER_KNOTS.);
#1899 = CARTESIAN_POINT('',(-8.376276677048,-1.444987553423,0.));
#1900 = CARTESIAN_POINT('',(-7.990327163579,-1.086754858009,0.));
#1901 = CARTESIAN_POINT('',(-7.544765459744,-0.743722273613,0.));
#1902 = CARTESIAN_POINT('',(-7.019287584938,-0.632140619367,0.));
#1903 = CARTESIAN_POINT('',(-8.376276677048,-1.444987553423,10.));
#1904 = CARTESIAN_POINT('',(-7.990327163579,-1.086754858009,10.));
#1905 = CARTESIAN_POINT('',(-7.544765459744,-0.743722273613,10.));
#1906 = CARTESIAN_POINT('',(-7.019287584938,-0.632140619367,10.));
#1907 = DEFINITIONAL_REPRESENTATION('',(#1908),#1912);
#1908 = LINE('',#1909,#1910);
#1909 = CARTESIAN_POINT('',(0.,0.));
#1910 = VECTOR('',#1911,1.);
#1911 = DIRECTION('',(1.,0.));
#1912 = ( GEOMETRIC_REPRESENTATION_CONTEXT(2) 
PARAMETRIC_REPRESENTATION_CONTEXT() REPRESENTATION_CONTEXT('2D SPACE',''
  ) );
#1913 = ADVANCED_FACE('',(#1914),#1898,.T.);
#1914 = FACE_BOUND('',#1915,.T.);
#1915 = EDGE_LOOP('',(#1916,#1941,#1942,#1967));
#1916 = ORIENTED_EDGE('',*,*,#1917,.F.);
#1917 = EDGE_CURVE('',#1835,#1918,#1920,.T.);
#1918 = VERTEX_POINT('',#1919);
#1919 = CARTESIAN_POINT('',(-7.019287584938,-0.632140619367,0.));
#1920 = SURFACE_CURVE('',#1921,(#1926,#1933),.PCURVE_S1.);
#1921 = B_SPLINE_CURVE_WITH_KNOTS('',3,(#1922,#1923,#1924,#1925),
  .UNSPECIFIED.,.F.,.F.,(4,4),(0.,1.),.PIECEWISE_BEZIER_KNOTS.);
#1922 = CARTESIAN_POINT('',(-8.376276677048,-1.444987553423,0.));
#1923 = CARTESIAN_POINT('',(-7.990327163579,-1.086754858009,0.));
#1924 = CARTESIAN_POINT('',(-7.544765459744,-0.743722273613,0.));
#1925 = CARTESIAN_POINT('',(-7.019287584938,-0.632140619367,0.));
#1926 = PCURVE('',#1898,#1927);
#1927 = DEFINITIONAL_REPRESENTATION('',(#1928),#1932);
#1928 = LINE('',#1929,#1930);
#1929 = CARTESIAN_POINT('',(0.,0.));
#1930 = VECTOR('',#1931,1.);
#1931 = DIRECTION('',(0.,1.));
#1932 = ( GEOMETRIC_REPRESENTATION_CONTEXT(2) 
PARAMETRIC_REPRESENTATION_CONTEXT() REPRESENTATION_CONTEXT('2D SPACE',''
  ) );
#1933 = PCURVE('',#68,#1934);
#1934 = DEFINITIONAL_REPRESENTATION('',(#1935),#1940);
#1935 = B_SPLINE_CURVE_WITH_KNOTS('',3,(#1936,#1937,#1938,#1939),
  .UNSPECIFIED.,.F.,.F.,(4,4),(0.,1.),.PIECEWISE_BEZIER_KNOTS.);
#1936 = CARTESIAN_POINT('',(-8.376276677048,-1.444987553423));
#1937 = CARTESIAN_POINT('',(-7.990327163579,-1.086754858009));
#1938 = CARTESIAN_POINT('',(-7.544765459744,-0.743722273613));
#1939 = CARTESIAN_POINT('',(-7.019287584938,-0.632140619367));
#1940 = ( GEOMETRIC_REPRESENTATION_CONTEXT(2) 
PARAMETRIC_REPRESENTATION_CONTEXT() REPRESENTATION_CONTEXT('2D SPACE',''
  ) );
#1941 = ORIENTED_EDGE('',*,*,#1885,.T.);
#1942 = ORIENTED_EDGE('',*,*,#1943,.T.);
#1943 = EDGE_CURVE('',#1861,#1944,#1946,.T.);
#1944 = VERTEX_POINT('',#1945);
#1945 = CARTESIAN_POINT('',(-7.019287584938,-0.632140619367,10.));
#1946 = SURFACE_CURVE('',#1947,(#1952,#1959),.PCURVE_S1.);
#1947 = B_SPLINE_CURVE_WITH_KNOTS('',3,(#1948,#1949,#1950,#1951),
  .UNSPECIFIED.,.F.,.F.,(4,4),(0.,1.),.PIECEWISE_BEZIER_KNOTS.);
#1948 = CARTESIAN_POINT('',(-8.376276677048,-1.444987553423,10.));
#1949 = CARTESIAN_POINT('',(-7.990327163579,-1.086754858009,10.));
#1950 = CARTESIAN_POINT('',(-7.544765459744,-0.743722273613,10.));
#1951 = CARTESIAN_POINT('',(-7.019287584938,-0.632140619367,10.));
#1952 = PCURVE('',#1898,#1953);
#1953 = DEFINITIONAL_REPRESENTATION('',(#1954),#1958);
#1954 = LINE('',#1955,#1956);
#1955 = CARTESIAN_POINT('',(1.,0.));
#1956 = VECTOR('',#1957,1.);
#1957 = DIRECTION('',(0.,1.));
#1958 = ( GEOMETRIC_REPRESENTATION_CONTEXT(2) 
PARAMETRIC_REPRESENTATION_CONTEXT() REPRESENTATION_CONTEXT('2D SPACE',''
  ) );
#1959 = PCURVE('',#129,#1960);
#1960 = DEFINITIONAL_REPRESENTATION('',(#1961),#1966);
#1961 = B_SPLINE_CURVE_WITH_KNOTS('',3,(#1962,#1963,#1964,#1965),
  .UNSPECIFIED.,.F.,.F.,(4,4),(0.,1.),.PIECEWISE_BEZIER_KNOTS.);
#1962 = CARTESIAN_POINT('',(8.376276677048,-1.444987553423));
#1963 = CARTESIAN_POINT('',(7.990327163579,-1.086754858009));
#1964 = CARTESIAN_POINT('',(7.544765459744,-0.743722273613));
#1965 = CARTESIAN_POINT('',(7.019287584938,-0.632140619367));
#1966 = ( GEOMETRIC_REPRESENTATION_CONTEXT(2) 
PARAMETRIC_REPRESENTATION_CONTEXT() REPRESENTATION_CONTEXT('2D SPACE',''
  ) );
#1967 = ORIENTED_EDGE('',*,*,#1968,.F.);
#1968 = EDGE_CURVE('',#1918,#1944,#1969,.T.);
#1969 = SURFACE_CURVE('',#1970,(#1973,#1980),.PCURVE_S1.);
#1970 = B_SPLINE_CURVE_WITH_KNOTS('',1,(#1971,#1972),.UNSPECIFIED.,.F.,
  .F.,(2,2),(0.,1.),.PIECEWISE_BEZIER_KNOTS.);
#1971 = CARTESIAN_POINT('',(-7.019287584938,-0.632140619367,0.));
#1972 = CARTESIAN_POINT('',(-7.019287584938,-0.632140619367,10.));
#1973 = PCURVE('',#1898,#1974);
#1974 = DEFINITIONAL_REPRESENTATION('',(#1975),#1979);
#1975 = LINE('',#1976,#1977);
#1976 = CARTESIAN_POINT('',(0.,1.));
#1977 = VECTOR('',#1978,1.);
#1978 = DIRECTION('',(1.,0.));
#1979 = ( GEOMETRIC_REPRESENTATION_CONTEXT(2) 
PARAMETRIC_REPRESENTATION_CONTEXT() REPRESENTATION_CONTEXT('2D SPACE',''
  ) );
#1980 = PCURVE('',#1981,#1990);
#1981 = B_SPLINE_SURFACE_WITH_KNOTS('',1,3,(
    (#1982,#1983,#1984,#1985)
    ,(#1986,#1987,#1988,#1989
    )),.UNSPECIFIED.,.F.,.F.,.F.,(2,2),(4,4),(0.,1.),(0.,1.),
  .PIECEWISE_BEZIER_KNOTS.);
#1982 = CARTESIAN_POINT('',(-7.019287584938,-0.632140619367,0.));
#1983 = CARTESIAN_POINT('',(-6.000062486477,-0.757579083972,0.));
#1984 = CARTESIAN_POINT('',(-6.000062486477,0.757579083972,0.));
#1985 = CARTESIAN_POINT('',(-7.019287584938,0.632140619367,0.));
#1986 = CARTESIAN_POINT('',(-7.019287584938,-0.632140619367,10.));
#1987 = CARTESIAN_POINT('',(-6.000062486477,-0.757579083972,10.));
#1988 = CARTESIAN_POINT('',(-6.000062486477,0.757579083972,10.));
#1989 = CARTESIAN_POINT('',(-7.019287584938,0.632140619367,10.));
#1990 = DEFINITIONAL_REPRESENTATION('',(#1991),#1995);
#1991 = LINE('',#1992,#1993);
#1992 = CARTESIAN_POINT('',(0.,0.));
#1993 = VECTOR('',#1994,1.);
#1994 = DIRECTION('',(1.,0.));
#1995 = ( GEOMETRIC_REPRESENTATION_CONTEXT(2) 
PARAMETRIC_REPRESENTATION_CONTEXT() REPRESENTATION_CONTEXT('2D SPACE',''
  ) );
#1996 = ADVANCED_FACE('',(#1997),#1981,.T.);
#1997 = FACE_BOUND('',#1998,.T.);
#1998 = EDGE_LOOP('',(#1999,#2024,#2025,#2050));
#1999 = ORIENTED_EDGE('',*,*,#2000,.F.);
#2000 = EDGE_CURVE('',#1918,#2001,#2003,.T.);
#2001 = VERTEX_POINT('',#2002);
#2002 = CARTESIAN_POINT('',(-7.019287584938,0.632140619367,0.));
#2003 = SURFACE_CURVE('',#2004,(#2009,#2016),.PCURVE_S1.);
#2004 = B_SPLINE_CURVE_WITH_KNOTS('',3,(#2005,#2006,#2007,#2008),
  .UNSPECIFIED.,.F.,.F.,(4,4),(0.,1.),.PIECEWISE_BEZIER_KNOTS.);
#2005 = CARTESIAN_POINT('',(-7.019287584938,-0.632140619367,0.));
#2006 = CARTESIAN_POINT('',(-6.000062486477,-0.757579083972,0.));
#2007 = CARTESIAN_POINT('',(-6.000062486477,0.757579083972,0.));
#2008 = CARTESIAN_POINT('',(-7.019287584938,0.632140619367,0.));
#2009 = PCURVE('',#1981,#2010);
#2010 = DEFINITIONAL_REPRESENTATION('',(#2011),#2015);
#2011 = LINE('',#2012,#2013);
#2012 = CARTESIAN_POINT('',(0.,0.));
#2013 = VECTOR('',#2014,1.);
#2014 = DIRECTION('',(0.,1.));
#2015 = ( GEOMETRIC_REPRESENTATION_CONTEXT(2) 
PARAMETRIC_REPRESENTATION_CONTEXT() REPRESENTATION_CONTEXT('2D SPACE',''
  ) );
#2016 = PCURVE('',#68,#2017);
#2017 = DEFINITIONAL_REPRESENTATION('',(#2018),#2023);
#2018 = B_SPLINE_CURVE_WITH_KNOTS('',3,(#2019,#2020,#2021,#2022),
  .UNSPECIFIED.,.F.,.F.,(4,4),(0.,1.),.PIECEWISE_BEZIER_KNOTS.);
#2019 = CARTESIAN_POINT('',(-7.019287584938,-0.632140619367));
#2020 = CARTESIAN_POINT('',(-6.000062486477,-0.757579083972));
#2021 = CARTESIAN_POINT('',(-6.000062486477,0.757579083972));
#2022 = CARTESIAN_POINT('',(-7.019287584938,0.632140619367));
#2023 = ( GEOMETRIC_REPRESENTATION_CONTEXT(2) 
PARAMETRIC_REPRESENTATION_CONTEXT() REPRESENTATION_CONTEXT('2D SPACE',''
  ) );
#2024 = ORIENTED_EDGE('',*,*,#1968,.T.);
#2025 = ORIENTED_EDGE('',*,*,#2026,.T.);
#2026 = EDGE_CURVE('',#1944,#2027,#2029,.T.);
#2027 = VERTEX_POINT('',#2028);
#2028 = CARTESIAN_POINT('',(-7.019287584938,0.632140619367,10.));
#2029 = SURFACE_CURVE('',#2030,(#2035,#2042),.PCURVE_S1.);
#2030 = B_SPLINE_CURVE_WITH_KNOTS('',3,(#2031,#2032,#2033,#2034),
  .UNSPECIFIED.,.F.,.F.,(4,4),(0.,1.),.PIECEWISE_BEZIER_KNOTS.);
#2031 = CARTESIAN_POINT('',(-7.019287584938,-0.632140619367,10.));
#2032 = CARTESIAN_POINT('',(-6.000062486477,-0.757579083972,10.));
#2033 = CARTESIAN_POINT('',(-6.000062486477,0.757579083972,10.));
#2034 = CARTESIAN_POINT('',(-7.019287584938,0.632140619367,10.));
#2035 = PCURVE('',#1981,#2036);
#2036 = DEFINITIONAL_REPRESENTATION('',(#2037),#2041);
#2037 = LINE('',#2038,#2039);
#2038 = CARTESIAN_POINT('',(1.,0.));
#2039 = VECTOR('',#2040,1.);
#2040 = DIRECTION('',(0.,1.));
#2041 = ( GEOMETRIC_REPRESENTATION_CONTEXT(2) 
PARAMETRIC_REPRESENTATION_CONTEXT() REPRESENTATION_CONTEXT('2D SPACE',''
  ) );
#2042 = PCURVE('',#129,#2043);
#2043 = DEFINITIONAL_REPRESENTATION('',(#2044),#2049);
#2044 = B_SPLINE_CURVE_WITH_KNOTS('',3,(#2045,#2046,#2047,#2048),
  .UNSPECIFIED.,.F.,.F.,(4,4),(0.,1.),.PIECEWISE_BEZIER_KNOTS.);
#2045 = CARTESIAN_POINT('',(7.019287584938,-0.632140619367));
#2046 = CARTESIAN_POINT('',(6.000062486477,-0.757579083972));
#2047 = CARTESIAN_POINT('',(6.000062486477,0.757579083972));
#2048 = CARTESIAN_POINT('',(7.019287584938,0.632140619367));
#2049 = ( GEOMETRIC_REPRESENTATION_CONTEXT(2) 
PARAMETRIC_REPRESENTATION_CONTEXT() REPRESENTATION_CONTEXT('2D SPACE',''
  ) );
#2050 = ORIENTED_EDGE('',*,*,#2051,.F.);
#2051 = EDGE_CURVE('',#2001,#2027,#2052,.T.);
#2052 = SURFACE_CURVE('',#2053,(#2056,#2063),.PCURVE_S1.);
#2053 = B_SPLINE_CURVE_WITH_KNOTS('',1,(#2054,#2055),.UNSPECIFIED.,.F.,
  .F.,(2,2),(0.,1.),.PIECEWISE_BEZIER_KNOTS.);
#2054 = CARTESIAN_POINT('',(-7.019287584938,0.632140619367,0.));
#2055 = CARTESIAN_POINT('',(-7.019287584938,0.632140619367,10.));
#2056 = PCURVE('',#1981,#2057);
#2057 = DEFINITIONAL_REPRESENTATION('',(#2058),#2062);
#2058 = LINE('',#2059,#2060);
#2059 = CARTESIAN_POINT('',(0.,1.));
#2060 = VECTOR('',#2061,1.);
#2061 = DIRECTION('',(1.,0.));
#2062 = ( GEOMETRIC_REPRESENTATION_CONTEXT(2) 
PARAMETRIC_REPRESENTATION_CONTEXT() REPRESENTATION_CONTEXT('2D SPACE',''
  ) );
#2063 = PCURVE('',#2064,#2073);
#2064 = B_SPLINE_SURFACE_WITH_KNOTS('',1,3,(
    (#2065,#2066,#2067,#2068)
    ,(#2069,#2070,#2071,#2072
    )),.UNSPECIFIED.,.F.,.F.,.F.,(2,2),(4,4),(0.,1.),(0.,1.),
  .PIECEWISE_BEZIER_KNOTS.);
#2065 = CARTESIAN_POINT('',(-7.019287584938,0.632140619367,0.));
#2066 = CARTESIAN_POINT('',(-7.544765459744,0.743722273613,0.));
#2067 = CARTESIAN_POINT('',(-7.990327163579,1.086754858009,0.));
#2068 = CARTESIAN_POINT('',(-8.376276677048,1.444987553423,0.));
#2069 = CARTESIAN_POINT('',(-7.019287584938,0.632140619367,10.));
#2070 = CARTESIAN_POINT('',(-7.544765459744,0.743722273613,10.));
#2071 = CARTESIAN_POINT('',(-7.990327163579,1.086754858009,10.));
#2072 = CARTESIAN_POINT('',(-8.376276677048,1.444987553423,10.));
#2073 = DEFINITIONAL_REPRESENTATION('',(#2074),#2078);
#2074 = LINE('',#2075,#2076);
#2075 = CARTESIAN_POINT('',(0.,0.));
#2076 = VECTOR('',#2077,1.);
#2077 = DIRECTION('',(1.,0.));
#2078 = ( GEOMETRIC_REPRESENTATION_CONTEXT(2) 
PARAMETRIC_REPRESENTATION_CONTEXT() REPRESENTATION_CONTEXT('2D SPACE',''
  ) );
#2079 = ADVANCED_FACE('',(#2080),#2064,.T.);
#2080 = FACE_BOUND('',#2081,.T.);
#2081 = EDGE_LOOP('',(#2082,#2107,#2108,#2133));
#2082 = ORIENTED_EDGE('',*,*,#2083,.F.);
#2083 = EDGE_CURVE('',#2001,#2084,#2086,.T.);
#2084 = VERTEX_POINT('',#2085);
#2085 = CARTESIAN_POINT('',(-8.376276677048,1.444987553423,0.));
#2086 = SURFACE_CURVE('',#2087,(#2092,#2099),.PCURVE_S1.);
#2087 = B_SPLINE_CURVE_WITH_KNOTS('',3,(#2088,#2089,#2090,#2091),
  .UNSPECIFIED.,.F.,.F.,(4,4),(0.,1.),.PIECEWISE_BEZIER_KNOTS.);
#2088 = CARTESIAN_POINT('',(-7.019287584938,0.632140619367,0.));
#2089 = CARTESIAN_POINT('',(-7.544765459744,0.743722273613,0.));
#2090 = CARTESIAN_POINT('',(-7.990327163579,1.086754858009,0.));
#2091 = CARTESIAN_POINT('',(-8.376276677048,1.444987553423,0.));
#2092 = PCURVE('',#2064,#2093);
#2093 = DEFINITIONAL_REPRESENTATION('',(#2094),#2098);
#2094 = LINE('',#2095,#2096);
#2095 = CARTESIAN_POINT('',(0.,0.));
#2096 = VECTOR('',#2097,1.);
#2097 = DIRECTION('',(0.,1.));
#2098 = ( GEOMETRIC_REPRESENTATION_CONTEXT(2) 
PARAMETRIC_REPRESENTATION_CONTEXT() REPRESENTATION_CONTEXT('2D SPACE',''
  ) );
#2099 = PCURVE('',#68,#2100);
#2100 = DEFINITIONAL_REPRESENTATION('',(#2101),#2106);
#2101 = B_SPLINE_CURVE_WITH_KNOTS('',3,(#2102,#2103,#2104,#2105),
  .UNSPECIFIED.,.F.,.F.,(4,4),(0.,1.),.PIECEWISE_BEZIER_KNOTS.);
#2102 = CARTESIAN_POINT('',(-7.019287584938,0.632140619367));
#2103 = CARTESIAN_POINT('',(-7.544765459744,0.743722273613));
#2104 = CARTESIAN_POINT('',(-7.990327163579,1.086754858009));
#2105 = CARTESIAN_POINT('',(-8.376276677048,1.444987553423));
#2106 = ( GEOMETRIC_REPRESENTATION_CONTEXT(2) 
PARAMETRIC_REPRESENTATION_CONTEXT() REPRESENTATION_CONTEXT('2D SPACE',''
  ) );
#2107 = ORIENTED_EDGE('',*,*,#2051,.T.);
#2108 = ORIENTED_EDGE('',*,*,#2109,.T.);
#2109 = EDGE_CURVE('',#2027,#2110,#2112,.T.);
#2110 = VERTEX_POINT('',#2111);
#2111 = CARTESIAN_POINT('',(-8.376276677048,1.444987553423,10.));
#2112 = SURFACE_CURVE('',#2113,(#2118,#2125),.PCURVE_S1.);
#2113 = B_SPLINE_CURVE_WITH_KNOTS('',3,(#2114,#2115,#2116,#2117),
  .UNSPECIFIED.,.F.,.F.,(4,4),(0.,1.),.PIECEWISE_BEZIER_KNOTS.);
#2114 = CARTESIAN_POINT('',(-7.019287584938,0.632140619367,10.));
#2115 = CARTESIAN_POINT('',(-7.544765459744,0.743722273613,10.));
#2116 = CARTESIAN_POINT('',(-7.990327163579,1.086754858009,10.));
#2117 = CARTESIAN_POINT('',(-8.376276677048,1.444987553423,10.));
#2118 = PCURVE('',#2064,#2119);
#2119 = DEFINITIONAL_REPRESENTATION('',(#2120),#2124);
#2120 = LINE('',#2121,#2122);
#2121 = CARTESIAN_POINT('',(1.,0.));
#2122 = VECTOR('',#2123,1.);
#2123 = DIRECTION('',(0.,1.));
#2124 = ( GEOMETRIC_REPRESENTATION_CONTEXT(2) 
PARAMETRIC_REPRESENTATION_CONTEXT() REPRESENTATION_CONTEXT('2D SPACE',''
  ) );
#2125 = PCURVE('',#129,#2126);
#2126 = DEFINITIONAL_REPRESENTATION('',(#2127),#2132);
#2127 = B_SPLINE_CURVE_WITH_KNOTS('',3,(#2128,#2129,#2130,#2131),
  .UNSPECIFIED.,.F.,.F.,(4,4),(0.,1.),.PIECEWISE_BEZIER_KNOTS.);
#2128 = CARTESIAN_POINT('',(7.019287584938,0.632140619367));
#2129 = CARTESIAN_POINT('',(7.544765459744,0.743722273613));
#2130 = CARTESIAN_POINT('',(7.990327163579,1.086754858009));
#2131 = CARTESIAN_POINT('',(8.376276677048,1.444987553423));
#2132 = ( GEOMETRIC_REPRESENTATION_CONTEXT(2) 
PARAMETRIC_REPRESENTATION_CONTEXT() REPRESENTATION_CONTEXT('2D SPACE',''
  ) );
#2133 = ORIENTED_EDGE('',*,*,#2134,.F.);
#2134 = EDGE_CURVE('',#2084,#2110,#2135,.T.);
#2135 = SURFACE_CURVE('',#2136,(#2139,#2146),.PCURVE_S1.);
#2136 = B_SPLINE_CURVE_WITH_KNOTS('',1,(#2137,#2138),.UNSPECIFIED.,.F.,
  .F.,(2,2),(0.,1.),.PIECEWISE_BEZIER_KNOTS.);
#2137 = CARTESIAN_POINT('',(-8.376276677048,1.444987553423,0.));
#2138 = CARTESIAN_POINT('',(-8.376276677048,1.444987553423,10.));
#2139 = PCURVE('',#2064,#2140);
#2140 = DEFINITIONAL_REPRESENTATION('',(#2141),#2145);
#2141 = LINE('',#2142,#2143);
#2142 = CARTESIAN_POINT('',(0.,1.));
#2143 = VECTOR('',#2144,1.);
#2144 = DIRECTION('',(1.,0.));
#2145 = ( GEOMETRIC_REPRESENTATION_CONTEXT(2) 
PARAMETRIC_REPRESENTATION_CONTEXT() REPRESENTATION_CONTEXT('2D SPACE',''
  ) );
#2146 = PCURVE('',#2147,#2156);
#2147 = B_SPLINE_SURFACE_WITH_KNOTS('',1,3,(
    (#2148,#2149,#2150,#2151)
    ,(#2152,#2153,#2154,#2155
    )),.UNSPECIFIED.,.F.,.F.,.F.,(2,2),(4,4),(0.,1.),(0.,1.),
  .PIECEWISE_BEZIER_KNOTS.);
#2148 = CARTESIAN_POINT('',(-8.376276677048,1.444987553423,0.));
#2149 = CARTESIAN_POINT('',(-8.339082298502,1.660600514827,0.));
#2150 = CARTESIAN_POINT('',(-8.293557833595,1.874776283147,0.));
#2151 = CARTESIAN_POINT('',(-8.23983889704,2.086876841316,0.));
#2152 = CARTESIAN_POINT('',(-8.376276677048,1.444987553423,10.));
#2153 = CARTESIAN_POINT('',(-8.339082298502,1.660600514827,10.));
#2154 = CARTESIAN_POINT('',(-8.293557833595,1.874776283147,10.));
#2155 = CARTESIAN_POINT('',(-8.23983889704,2.086876841316,10.));
#2156 = DEFINITIONAL_REPRESENTATION('',(#2157),#2161);
#2157 = LINE('',#2158,#2159);
#2158 = CARTESIAN_POINT('',(0.,0.));
#2159 = VECTOR('',#2160,1.);
#2160 = DIRECTION('',(1.,0.));
#2161 = ( GEOMETRIC_REPRESENTATION_CONTEXT(2) 
PARAMETRIC_REPRESENTATION_CONTEXT() REPRESENTATION_CONTEXT('2D SPACE',''
  ) );
#2162 = ADVANCED_FACE('',(#2163),#2147,.T.);
#2163 = FACE_BOUND('',#2164,.T.);
#2164 = EDGE_LOOP('',(#2165,#2190,#2191,#2216));
#2165 = ORIENTED_EDGE('',*,*,#2166,.F.);
#2166 = EDGE_CURVE('',#2084,#2167,#2169,.T.);
#2167 = VERTEX_POINT('',#2168);
#2168 = CARTESIAN_POINT('',(-8.23983889704,2.086876841316,0.));
#2169 = SURFACE_CURVE('',#2170,(#2175,#2182),.PCURVE_S1.);
#2170 = B_SPLINE_CURVE_WITH_KNOTS('',3,(#2171,#2172,#2173,#2174),
  .UNSPECIFIED.,.F.,.F.,(4,4),(0.,1.),.PIECEWISE_BEZIER_KNOTS.);
#2171 = CARTESIAN_POINT('',(-8.376276677048,1.444987553423,0.));
#2172 = CARTESIAN_POINT('',(-8.339082298502,1.660600514827,0.));
#2173 = CARTESIAN_POINT('',(-8.293557833595,1.874776283147,0.));
#2174 = CARTESIAN_POINT('',(-8.23983889704,2.086876841316,0.));
#2175 = PCURVE('',#2147,#2176);
#2176 = DEFINITIONAL_REPRESENTATION('',(#2177),#2181);
#2177 = LINE('',#2178,#2179);
#2178 = CARTESIAN_POINT('',(0.,0.));
#2179 = VECTOR('',#2180,1.);
#2180 = DIRECTION('',(0.,1.));
#2181 = ( GEOMETRIC_REPRESENTATION_CONTEXT(2) 
PARAMETRIC_REPRESENTATION_CONTEXT() REPRESENTATION_CONTEXT('2D SPACE',''
  ) );
#2182 = PCURVE('',#68,#2183);
#2183 = DEFINITIONAL_REPRESENTATION('',(#2184),#2189);
#2184 = B_SPLINE_CURVE_WITH_KNOTS('',3,(#2185,#2186,#2187,#2188),
  .UNSPECIFIED.,.F.,.F.,(4,4),(0.,1.),.PIECEWISE_BEZIER_KNOTS.);
#2185 = CARTESIAN_POINT('',(-8.376276677048,1.444987553423));
#2186 = CARTESIAN_POINT('',(-8.339082298502,1.660600514827));
#2187 = CARTESIAN_POINT('',(-8.293557833595,1.874776283147));
#2188 = CARTESIAN_POINT('',(-8.23983889704,2.086876841316));
#2189 = ( GEOMETRIC_REPRESENTATION_CONTEXT(2) 
PARAMETRIC_REPRESENTATION_CONTEXT() REPRESENTATION_CONTEXT('2D SPACE',''
  ) );
#2190 = ORIENTED_EDGE('',*,*,#2134,.T.);
#2191 = ORIENTED_EDGE('',*,*,#2192,.T.);
#2192 = EDGE_CURVE('',#2110,#2193,#2195,.T.);
#2193 = VERTEX_POINT('',#2194);
#2194 = CARTESIAN_POINT('',(-8.23983889704,2.086876841316,10.));
#2195 = SURFACE_CURVE('',#2196,(#2201,#2208),.PCURVE_S1.);
#2196 = B_SPLINE_CURVE_WITH_KNOTS('',3,(#2197,#2198,#2199,#2200),
  .UNSPECIFIED.,.F.,.F.,(4,4),(0.,1.),.PIECEWISE_BEZIER_KNOTS.);
#2197 = CARTESIAN_POINT('',(-8.376276677048,1.444987553423,10.));
#2198 = CARTESIAN_POINT('',(-8.339082298502,1.660600514827,10.));
#2199 = CARTESIAN_POINT('',(-8.293557833595,1.874776283147,10.));
#2200 = CARTESIAN_POINT('',(-8.23983889704,2.086876841316,10.));
#2201 = PCURVE('',#2147,#2202);
#2202 = DEFINITIONAL_REPRESENTATION('',(#2203),#2207);
#2203 = LINE('',#2204,#2205);
#2204 = CARTESIAN_POINT('',(1.,0.));
#2205 = VECTOR('',#2206,1.);
#2206 = DIRECTION('',(0.,1.));
#2207 = ( GEOMETRIC_REPRESENTATION_CONTEXT(2) 
PARAMETRIC_REPRESENTATION_CONTEXT() REPRESENTATION_CONTEXT('2D SPACE',''
  ) );
#2208 = PCURVE('',#129,#2209);
#2209 = DEFINITIONAL_REPRESENTATION('',(#2210),#2215);
#2210 = B_SPLINE_CURVE_WITH_KNOTS('',3,(#2211,#2212,#2213,#2214),
  .UNSPECIFIED.,.F.,.F.,(4,4),(0.,1.),.PIECEWISE_BEZIER_KNOTS.);
#2211 = CARTESIAN_POINT('',(8.376276677048,1.444987553423));
#2212 = CARTESIAN_POINT('',(8.339082298502,1.660600514827));
#2213 = CARTESIAN_POINT('',(8.293557833595,1.874776283147));
#2214 = CARTESIAN_POINT('',(8.23983889704,2.086876841316));
#2215 = ( GEOMETRIC_REPRESENTATION_CONTEXT(2) 
PARAMETRIC_REPRESENTATION_CONTEXT() REPRESENTATION_CONTEXT('2D SPACE',''
  ) );
#2216 = ORIENTED_EDGE('',*,*,#2217,.F.);
#2217 = EDGE_CURVE('',#2167,#2193,#2218,.T.);
#2218 = SURFACE_CURVE('',#2219,(#2222,#2229),.PCURVE_S1.);
#2219 = B_SPLINE_CURVE_WITH_KNOTS('',1,(#2220,#2221),.UNSPECIFIED.,.F.,
  .F.,(2,2),(0.,1.),.PIECEWISE_BEZIER_KNOTS.);
#2220 = CARTESIAN_POINT('',(-8.23983889704,2.086876841316,0.));
#2221 = CARTESIAN_POINT('',(-8.23983889704,2.086876841316,10.));
#2222 = PCURVE('',#2147,#2223);
#2223 = DEFINITIONAL_REPRESENTATION('',(#2224),#2228);
#2224 = LINE('',#2225,#2226);
#2225 = CARTESIAN_POINT('',(0.,1.));
#2226 = VECTOR('',#2227,1.);
#2227 = DIRECTION('',(1.,0.));
#2228 = ( GEOMETRIC_REPRESENTATION_CONTEXT(2) 
PARAMETRIC_REPRESENTATION_CONTEXT() REPRESENTATION_CONTEXT('2D SPACE',''
  ) );
#2229 = PCURVE('',#2230,#2239);
#2230 = B_SPLINE_SURFACE_WITH_KNOTS('',1,3,(
    (#2231,#2232,#2233,#2234)
    ,(#2235,#2236,#2237,#2238
    )),.UNSPECIFIED.,.F.,.F.,.F.,(2,2),(4,4),(0.,1.),(0.,1.),
  .PIECEWISE_BEZIER_KNOTS.);
#2231 = CARTESIAN_POINT('',(-8.23983889704,2.086876841316,0.));
#2232 = CARTESIAN_POINT('',(-7.741550108159,2.257158883487,0.));
#2233 = CARTESIAN_POINT('',(-7.194985315678,2.389308471084,0.));
#2234 = CARTESIAN_POINT('',(-6.669553042581,2.277512277667,0.));
#2235 = CARTESIAN_POINT('',(-8.23983889704,2.086876841316,10.));
#2236 = CARTESIAN_POINT('',(-7.741550108159,2.257158883487,10.));
#2237 = CARTESIAN_POINT('',(-7.194985315678,2.389308471084,10.));
#2238 = CARTESIAN_POINT('',(-6.669553042581,2.277512277667,10.));
#2239 = DEFINITIONAL_REPRESENTATION('',(#2240),#2244);
#2240 = LINE('',#2241,#2242);
#2241 = CARTESIAN_POINT('',(0.,0.));
#2242 = VECTOR('',#2243,1.);
#2243 = DIRECTION('',(1.,0.));
#2244 = ( GEOMETRIC_REPRESENTATION_CONTEXT(2) 
PARAMETRIC_REPRESENTATION_CONTEXT() REPRESENTATION_CONTEXT('2D SPACE',''
  ) );
#2245 = ADVANCED_FACE('',(#2246),#2230,.T.);
#2246 = FACE_BOUND('',#2247,.T.);
#2247 = EDGE_LOOP('',(#2248,#2273,#2274,#2299));
#2248 = ORIENTED_EDGE('',*,*,#2249,.F.);
#2249 = EDGE_CURVE('',#2167,#2250,#2252,.T.);
#2250 = VERTEX_POINT('',#2251);
#2251 = CARTESIAN_POINT('',(-6.669553042581,2.277512277667,0.));
#2252 = SURFACE_CURVE('',#2253,(#2258,#2265),.PCURVE_S1.);
#2253 = B_SPLINE_CURVE_WITH_KNOTS('',3,(#2254,#2255,#2256,#2257),
  .UNSPECIFIED.,.F.,.F.,(4,4),(0.,1.),.PIECEWISE_BEZIER_KNOTS.);
#2254 = CARTESIAN_POINT('',(-8.23983889704,2.086876841316,0.));
#2255 = CARTESIAN_POINT('',(-7.741550108159,2.257158883487,0.));
#2256 = CARTESIAN_POINT('',(-7.194985315678,2.389308471084,0.));
#2257 = CARTESIAN_POINT('',(-6.669553042581,2.277512277667,0.));
#2258 = PCURVE('',#2230,#2259);
#2259 = DEFINITIONAL_REPRESENTATION('',(#2260),#2264);
#2260 = LINE('',#2261,#2262);
#2261 = CARTESIAN_POINT('',(0.,0.));
#2262 = VECTOR('',#2263,1.);
#2263 = DIRECTION('',(0.,1.));
#2264 = ( GEOMETRIC_REPRESENTATION_CONTEXT(2) 
PARAMETRIC_REPRESENTATION_CONTEXT() REPRESENTATION_CONTEXT('2D SPACE',''
  ) );
#2265 = PCURVE('',#68,#2266);
#2266 = DEFINITIONAL_REPRESENTATION('',(#2267),#2272);
#2267 = B_SPLINE_CURVE_WITH_KNOTS('',3,(#2268,#2269,#2270,#2271),
  .UNSPECIFIED.,.F.,.F.,(4,4),(0.,1.),.PIECEWISE_BEZIER_KNOTS.);
#2268 = CARTESIAN_POINT('',(-8.23983889704,2.086876841316));
#2269 = CARTESIAN_POINT('',(-7.741550108159,2.257158883487));
#2270 = CARTESIAN_POINT('',(-7.194985315678,2.389308471084));
#2271 = CARTESIAN_POINT('',(-6.669553042581,2.277512277667));
#2272 = ( GEOMETRIC_REPRESENTATION_CONTEXT(2) 
PARAMETRIC_REPRESENTATION_CONTEXT() REPRESENTATION_CONTEXT('2D SPACE',''
  ) );
#2273 = ORIENTED_EDGE('',*,*,#2217,.T.);
#2274 = ORIENTED_EDGE('',*,*,#2275,.T.);
#2275 = EDGE_CURVE('',#2193,#2276,#2278,.T.);
#2276 = VERTEX_POINT('',#2277);
#2277 = CARTESIAN_POINT('',(-6.669553042581,2.277512277667,10.));
#2278 = SURFACE_CURVE('',#2279,(#2284,#2291),.PCURVE_S1.);
#2279 = B_SPLINE_CURVE_WITH_KNOTS('',3,(#2280,#2281,#2282,#2283),
  .UNSPECIFIED.,.F.,.F.,(4,4),(0.,1.),.PIECEWISE_BEZIER_KNOTS.);
#2280 = CARTESIAN_POINT('',(-8.23983889704,2.086876841316,10.));
#2281 = CARTESIAN_POINT('',(-7.741550108159,2.257158883487,10.));
#2282 = CARTESIAN_POINT('',(-7.194985315678,2.389308471084,10.));
#2283 = CARTESIAN_POINT('',(-6.669553042581,2.277512277667,10.));
#2284 = PCURVE('',#2230,#2285);
#2285 = DEFINITIONAL_REPRESENTATION('',(#2286),#2290);
#2286 = LINE('',#2287,#2288);
#2287 = CARTESIAN_POINT('',(1.,0.));
#2288 = VECTOR('',#2289,1.);
#2289 = DIRECTION('',(0.,1.));
#2290 = ( GEOMETRIC_REPRESENTATION_CONTEXT(2) 
PARAMETRIC_REPRESENTATION_CONTEXT() REPRESENTATION_CONTEXT('2D SPACE',''
  ) );
#2291 = PCURVE('',#129,#2292);
#2292 = DEFINITIONAL_REPRESENTATION('',(#2293),#2298);
#2293 = B_SPLINE_CURVE_WITH_KNOTS('',3,(#2294,#2295,#2296,#2297),
  .UNSPECIFIED.,.F.,.F.,(4,4),(0.,1.),.PIECEWISE_BEZIER_KNOTS.);
#2294 = CARTESIAN_POINT('',(8.23983889704,2.086876841316));
#2295 = CARTESIAN_POINT('',(7.741550108159,2.257158883487));
#2296 = CARTESIAN_POINT('',(7.194985315678,2.389308471084));
#2297 = CARTESIAN_POINT('',(6.669553042581,2.277512277667));
#2298 = ( GEOMETRIC_REPRESENTATION_CONTEXT(2) 
PARAMETRIC_REPRESENTATION_CONTEXT() REPRESENTATION_CONTEXT('2D SPACE',''
  ) );
#2299 = ORIENTED_EDGE('',*,*,#2300,.F.);
#2300 = EDGE_CURVE('',#2250,#2276,#2301,.T.);
#2301 = SURFACE_CURVE('',#2302,(#2305,#2312),.PCURVE_S1.);
#2302 = B_SPLINE_CURVE_WITH_KNOTS('',1,(#2303,#2304),.UNSPECIFIED.,.F.,
  .F.,(2,2),(0.,1.),.PIECEWISE_BEZIER_KNOTS.);
#2303 = CARTESIAN_POINT('',(-6.669553042581,2.277512277667,0.));
#2304 = CARTESIAN_POINT('',(-6.669553042581,2.277512277667,10.));
#2305 = PCURVE('',#2230,#2306);
#2306 = DEFINITIONAL_REPRESENTATION('',(#2307),#2311);
#2307 = LINE('',#2308,#2309);
#2308 = CARTESIAN_POINT('',(0.,1.));
#2309 = VECTOR('',#2310,1.);
#2310 = DIRECTION('',(1.,0.));
#2311 = ( GEOMETRIC_REPRESENTATION_CONTEXT(2) 
PARAMETRIC_REPRESENTATION_CONTEXT() REPRESENTATION_CONTEXT('2D SPACE',''
  ) );
#2312 = PCURVE('',#2313,#2322);
#2313 = B_SPLINE_SURFACE_WITH_KNOTS('',1,3,(
    (#2314,#2315,#2316,#2317)
    ,(#2318,#2319,#2320,#2321
    )),.UNSPECIFIED.,.F.,.F.,.F.,(2,2),(4,4),(0.,1.),(0.,1.),
  .PIECEWISE_BEZIER_KNOTS.);
#2314 = CARTESIAN_POINT('',(-6.669553042581,2.277512277667,0.));
#2315 = CARTESIAN_POINT('',(-5.789465003572,1.748362343027,0.));
#2316 = CARTESIAN_POINT('',(-5.173194656613,3.132528204962,0.));
#2317 = CARTESIAN_POINT('',(-6.155323535634,3.432490660496,0.));
#2318 = CARTESIAN_POINT('',(-6.669553042581,2.277512277667,10.));
#2319 = CARTESIAN_POINT('',(-5.789465003572,1.748362343027,10.));
#2320 = CARTESIAN_POINT('',(-5.173194656613,3.132528204962,10.));
#2321 = CARTESIAN_POINT('',(-6.155323535634,3.432490660496,10.));
#2322 = DEFINITIONAL_REPRESENTATION('',(#2323),#2327);
#2323 = LINE('',#2324,#2325);
#2324 = CARTESIAN_POINT('',(0.,0.));
#2325 = VECTOR('',#2326,1.);
#2326 = DIRECTION('',(1.,0.));
#2327 = ( GEOMETRIC_REPRESENTATION_CONTEXT(2) 
PARAMETRIC_REPRESENTATION_CONTEXT() REPRESENTATION_CONTEXT('2D SPACE',''
  ) );
#2328 = ADVANCED_FACE('',(#2329),#2313,.T.);
#2329 = FACE_BOUND('',#2330,.T.);
#2330 = EDGE_LOOP('',(#2331,#2356,#2357,#2382));
#2331 = ORIENTED_EDGE('',*,*,#2332,.F.);
#2332 = EDGE_CURVE('',#2250,#2333,#2335,.T.);
#2333 = VERTEX_POINT('',#2334);
#2334 = CARTESIAN_POINT('',(-6.155323535634,3.432490660496,0.));
#2335 = SURFACE_CURVE('',#2336,(#2341,#2348),.PCURVE_S1.);
#2336 = B_SPLINE_CURVE_WITH_KNOTS('',3,(#2337,#2338,#2339,#2340),
  .UNSPECIFIED.,.F.,.F.,(4,4),(0.,1.),.PIECEWISE_BEZIER_KNOTS.);
#2337 = CARTESIAN_POINT('',(-6.669553042581,2.277512277667,0.));
#2338 = CARTESIAN_POINT('',(-5.789465003572,1.748362343027,0.));
#2339 = CARTESIAN_POINT('',(-5.173194656613,3.132528204962,0.));
#2340 = CARTESIAN_POINT('',(-6.155323535634,3.432490660496,0.));
#2341 = PCURVE('',#2313,#2342);
#2342 = DEFINITIONAL_REPRESENTATION('',(#2343),#2347);
#2343 = LINE('',#2344,#2345);
#2344 = CARTESIAN_POINT('',(0.,0.));
#2345 = VECTOR('',#2346,1.);
#2346 = DIRECTION('',(0.,1.));
#2347 = ( GEOMETRIC_REPRESENTATION_CONTEXT(2) 
PARAMETRIC_REPRESENTATION_CONTEXT() REPRESENTATION_CONTEXT('2D SPACE',''
  ) );
#2348 = PCURVE('',#68,#2349);
#2349 = DEFINITIONAL_REPRESENTATION('',(#2350),#2355);
#2350 = B_SPLINE_CURVE_WITH_KNOTS('',3,(#2351,#2352,#2353,#2354),
  .UNSPECIFIED.,.F.,.F.,(4,4),(0.,1.),.PIECEWISE_BEZIER_KNOTS.);
#2351 = CARTESIAN_POINT('',(-6.669553042581,2.277512277667));
#2352 = CARTESIAN_POINT('',(-5.789465003572,1.748362343027));
#2353 = CARTESIAN_POINT('',(-5.173194656613,3.132528204962));
#2354 = CARTESIAN_POINT('',(-6.155323535634,3.432490660496));
#2355 = ( GEOMETRIC_REPRESENTATION_CONTEXT(2) 
PARAMETRIC_REPRESENTATION_CONTEXT() REPRESENTATION_CONTEXT('2D SPACE',''
  ) );
#2356 = ORIENTED_EDGE('',*,*,#2300,.T.);
#2357 = ORIENTED_EDGE('',*,*,#2358,.T.);
#2358 = EDGE_CURVE('',#2276,#2359,#2361,.T.);
#2359 = VERTEX_POINT('',#2360);
#2360 = CARTESIAN_POINT('',(-6.155323535634,3.432490660496,10.));
#2361 = SURFACE_CURVE('',#2362,(#2367,#2374),.PCURVE_S1.);
#2362 = B_SPLINE_CURVE_WITH_KNOTS('',3,(#2363,#2364,#2365,#2366),
  .UNSPECIFIED.,.F.,.F.,(4,4),(0.,1.),.PIECEWISE_BEZIER_KNOTS.);
#2363 = CARTESIAN_POINT('',(-6.669553042581,2.277512277667,10.));
#2364 = CARTESIAN_POINT('',(-5.789465003572,1.748362343027,10.));
#2365 = CARTESIAN_POINT('',(-5.173194656613,3.132528204962,10.));
#2366 = CARTESIAN_POINT('',(-6.155323535634,3.432490660496,10.));
#2367 = PCURVE('',#2313,#2368);
#2368 = DEFINITIONAL_REPRESENTATION('',(#2369),#2373);
#2369 = LINE('',#2370,#2371);
#2370 = CARTESIAN_POINT('',(1.,0.));
#2371 = VECTOR('',#2372,1.);
#2372 = DIRECTION('',(0.,1.));
#2373 = ( GEOMETRIC_REPRESENTATION_CONTEXT(2) 
PARAMETRIC_REPRESENTATION_CONTEXT() REPRESENTATION_CONTEXT('2D SPACE',''
  ) );
#2374 = PCURVE('',#129,#2375);
#2375 = DEFINITIONAL_REPRESENTATION('',(#2376),#2381);
#2376 = B_SPLINE_CURVE_WITH_KNOTS('',3,(#2377,#2378,#2379,#2380),
  .UNSPECIFIED.,.F.,.F.,(4,4),(0.,1.),.PIECEWISE_BEZIER_KNOTS.);
#2377 = CARTESIAN_POINT('',(6.669553042581,2.277512277667));
#2378 = CARTESIAN_POINT('',(5.789465003572,1.748362343027));
#2379 = CARTESIAN_POINT('',(5.173194656613,3.132528204962));
#2380 = CARTESIAN_POINT('',(6.155323535634,3.432490660496));
#2381 = ( GEOMETRIC_REPRESENTATION_CONTEXT(2) 
PARAMETRIC_REPRESENTATION_CONTEXT() REPRESENTATION_CONTEXT('2D SPACE',''
  ) );
#2382 = ORIENTED_EDGE('',*,*,#2383,.F.);
#2383 = EDGE_CURVE('',#2333,#2359,#2384,.T.);
#2384 = SURFACE_CURVE('',#2385,(#2388,#2395),.PCURVE_S1.);
#2385 = B_SPLINE_CURVE_WITH_KNOTS('',1,(#2386,#2387),.UNSPECIFIED.,.F.,
  .F.,(2,2),(0.,1.),.PIECEWISE_BEZIER_KNOTS.);
#2386 = CARTESIAN_POINT('',(-6.155323535634,3.432490660496,0.));
#2387 = CARTESIAN_POINT('',(-6.155323535634,3.432490660496,10.));
#2388 = PCURVE('',#2313,#2389);
#2389 = DEFINITIONAL_REPRESENTATION('',(#2390),#2394);
#2390 = LINE('',#2391,#2392);
#2391 = CARTESIAN_POINT('',(0.,1.));
#2392 = VECTOR('',#2393,1.);
#2393 = DIRECTION('',(1.,0.));
#2394 = ( GEOMETRIC_REPRESENTATION_CONTEXT(2) 
PARAMETRIC_REPRESENTATION_CONTEXT() REPRESENTATION_CONTEXT('2D SPACE',''
  ) );
#2395 = PCURVE('',#2396,#2405);
#2396 = B_SPLINE_SURFACE_WITH_KNOTS('',1,3,(
    (#2397,#2398,#2399,#2400)
    ,(#2401,#2402,#2403,#2404
    )),.UNSPECIFIED.,.F.,.F.,.F.,(2,2),(4,4),(0.,1.),(0.,1.),
  .PIECEWISE_BEZIER_KNOTS.);
#2397 = CARTESIAN_POINT('',(-6.155323535634,3.432490660496,0.));
#2398 = CARTESIAN_POINT('',(-6.589987113778,3.748156680697,0.));
#2399 = CARTESIAN_POINT('',(-6.857504062573,4.242758811696,0.));
#2400 = CARTESIAN_POINT('',(-7.064380123509,4.727000472876,0.));
#2401 = CARTESIAN_POINT('',(-6.155323535634,3.432490660496,10.));
#2402 = CARTESIAN_POINT('',(-6.589987113778,3.748156680697,10.));
#2403 = CARTESIAN_POINT('',(-6.857504062573,4.242758811696,10.));
#2404 = CARTESIAN_POINT('',(-7.064380123509,4.727000472876,10.));
#2405 = DEFINITIONAL_REPRESENTATION('',(#2406),#2410);
#2406 = LINE('',#2407,#2408);
#2407 = CARTESIAN_POINT('',(0.,0.));
#2408 = VECTOR('',#2409,1.);
#2409 = DIRECTION('',(1.,0.));
#2410 = ( GEOMETRIC_REPRESENTATION_CONTEXT(2) 
PARAMETRIC_REPRESENTATION_CONTEXT() REPRESENTATION_CONTEXT('2D SPACE',''
  ) );
#2411 = ADVANCED_FACE('',(#2412),#2396,.T.);
#2412 = FACE_BOUND('',#2413,.T.);
#2413 = EDGE_LOOP('',(#2414,#2439,#2440,#2465));
#2414 = ORIENTED_EDGE('',*,*,#2415,.F.);
#2415 = EDGE_CURVE('',#2333,#2416,#2418,.T.);
#2416 = VERTEX_POINT('',#2417);
#2417 = CARTESIAN_POINT('',(-7.064380123509,4.727000472876,0.));
#2418 = SURFACE_CURVE('',#2419,(#2424,#2431),.PCURVE_S1.);
#2419 = B_SPLINE_CURVE_WITH_KNOTS('',3,(#2420,#2421,#2422,#2423),
  .UNSPECIFIED.,.F.,.F.,(4,4),(0.,1.),.PIECEWISE_BEZIER_KNOTS.);
#2420 = CARTESIAN_POINT('',(-6.155323535634,3.432490660496,0.));
#2421 = CARTESIAN_POINT('',(-6.589987113778,3.748156680697,0.));
#2422 = CARTESIAN_POINT('',(-6.857504062573,4.242758811696,0.));
#2423 = CARTESIAN_POINT('',(-7.064380123509,4.727000472876,0.));
#2424 = PCURVE('',#2396,#2425);
#2425 = DEFINITIONAL_REPRESENTATION('',(#2426),#2430);
#2426 = LINE('',#2427,#2428);
#2427 = CARTESIAN_POINT('',(0.,0.));
#2428 = VECTOR('',#2429,1.);
#2429 = DIRECTION('',(0.,1.));
#2430 = ( GEOMETRIC_REPRESENTATION_CONTEXT(2) 
PARAMETRIC_REPRESENTATION_CONTEXT() REPRESENTATION_CONTEXT('2D SPACE',''
  ) );
#2431 = PCURVE('',#68,#2432);
#2432 = DEFINITIONAL_REPRESENTATION('',(#2433),#2438);
#2433 = B_SPLINE_CURVE_WITH_KNOTS('',3,(#2434,#2435,#2436,#2437),
  .UNSPECIFIED.,.F.,.F.,(4,4),(0.,1.),.PIECEWISE_BEZIER_KNOTS.);
#2434 = CARTESIAN_POINT('',(-6.155323535634,3.432490660496));
#2435 = CARTESIAN_POINT('',(-6.589987113778,3.748156680697));
#2436 = CARTESIAN_POINT('',(-6.857504062573,4.242758811696));
#2437 = CARTESIAN_POINT('',(-7.064380123509,4.727000472876));
#2438 = ( GEOMETRIC_REPRESENTATION_CONTEXT(2) 
PARAMETRIC_REPRESENTATION_CONTEXT() REPRESENTATION_CONTEXT('2D SPACE',''
  ) );
#2439 = ORIENTED_EDGE('',*,*,#2383,.T.);
#2440 = ORIENTED_EDGE('',*,*,#2441,.T.);
#2441 = EDGE_CURVE('',#2359,#2442,#2444,.T.);
#2442 = VERTEX_POINT('',#2443);
#2443 = CARTESIAN_POINT('',(-7.064380123509,4.727000472876,10.));
#2444 = SURFACE_CURVE('',#2445,(#2450,#2457),.PCURVE_S1.);
#2445 = B_SPLINE_CURVE_WITH_KNOTS('',3,(#2446,#2447,#2448,#2449),
  .UNSPECIFIED.,.F.,.F.,(4,4),(0.,1.),.PIECEWISE_BEZIER_KNOTS.);
#2446 = CARTESIAN_POINT('',(-6.155323535634,3.432490660496,10.));
#2447 = CARTESIAN_POINT('',(-6.589987113778,3.748156680697,10.));
#2448 = CARTESIAN_POINT('',(-6.857504062573,4.242758811696,10.));
#2449 = CARTESIAN_POINT('',(-7.064380123509,4.727000472876,10.));
#2450 = PCURVE('',#2396,#2451);
#2451 = DEFINITIONAL_REPRESENTATION('',(#2452),#2456);
#2452 = LINE('',#2453,#2454);
#2453 = CARTESIAN_POINT('',(1.,0.));
#2454 = VECTOR('',#2455,1.);
#2455 = DIRECTION('',(0.,1.));
#2456 = ( GEOMETRIC_REPRESENTATION_CONTEXT(2) 
PARAMETRIC_REPRESENTATION_CONTEXT() REPRESENTATION_CONTEXT('2D SPACE',''
  ) );
#2457 = PCURVE('',#129,#2458);
#2458 = DEFINITIONAL_REPRESENTATION('',(#2459),#2464);
#2459 = B_SPLINE_CURVE_WITH_KNOTS('',3,(#2460,#2461,#2462,#2463),
  .UNSPECIFIED.,.F.,.F.,(4,4),(0.,1.),.PIECEWISE_BEZIER_KNOTS.);
#2460 = CARTESIAN_POINT('',(6.155323535634,3.432490660496));
#2461 = CARTESIAN_POINT('',(6.589987113778,3.748156680697));
#2462 = CARTESIAN_POINT('',(6.857504062573,4.242758811696));
#2463 = CARTESIAN_POINT('',(7.064380123509,4.727000472876));
#2464 = ( GEOMETRIC_REPRESENTATION_CONTEXT(2) 
PARAMETRIC_REPRESENTATION_CONTEXT() REPRESENTATION_CONTEXT('2D SPACE',''
  ) );
#2465 = ORIENTED_EDGE('',*,*,#2466,.F.);
#2466 = EDGE_CURVE('',#2416,#2442,#2467,.T.);
#2467 = SURFACE_CURVE('',#2468,(#2471,#2478),.PCURVE_S1.);
#2468 = B_SPLINE_CURVE_WITH_KNOTS('',1,(#2469,#2470),.UNSPECIFIED.,.F.,
  .F.,(2,2),(0.,1.),.PIECEWISE_BEZIER_KNOTS.);
#2469 = CARTESIAN_POINT('',(-7.064380123509,4.727000472876,0.));
#2470 = CARTESIAN_POINT('',(-7.064380123509,4.727000472876,10.));
#2471 = PCURVE('',#2396,#2472);
#2472 = DEFINITIONAL_REPRESENTATION('',(#2473),#2477);
#2473 = LINE('',#2474,#2475);
#2474 = CARTESIAN_POINT('',(0.,1.));
#2475 = VECTOR('',#2476,1.);
#2476 = DIRECTION('',(1.,0.));
#2477 = ( GEOMETRIC_REPRESENTATION_CONTEXT(2) 
PARAMETRIC_REPRESENTATION_CONTEXT() REPRESENTATION_CONTEXT('2D SPACE',''
  ) );
#2478 = PCURVE('',#2479,#2488);
#2479 = B_SPLINE_SURFACE_WITH_KNOTS('',1,3,(
    (#2480,#2481,#2482,#2483)
    ,(#2484,#2485,#2486,#2487
    )),.UNSPECIFIED.,.F.,.F.,.F.,(2,2),(4,4),(0.,1.),(0.,1.),
  .PIECEWISE_BEZIER_KNOTS.);
#2480 = CARTESIAN_POINT('',(-7.064380123509,4.727000472876,0.));
#2481 = CARTESIAN_POINT('',(-6.942703675814,4.908844397705,0.));
#2482 = CARTESIAN_POINT('',(-6.814001874652,5.085987229956,0.));
#2483 = CARTESIAN_POINT('',(-6.678658115148,5.257901271512,0.));
#2484 = CARTESIAN_POINT('',(-7.064380123509,4.727000472876,10.));
#2485 = CARTESIAN_POINT('',(-6.942703675814,4.908844397705,10.));
#2486 = CARTESIAN_POINT('',(-6.814001874652,5.085987229956,10.));
#2487 = CARTESIAN_POINT('',(-6.678658115148,5.257901271512,10.));
#2488 = DEFINITIONAL_REPRESENTATION('',(#2489),#2493);
#2489 = LINE('',#2490,#2491);
#2490 = CARTESIAN_POINT('',(0.,0.));
#2491 = VECTOR('',#2492,1.);
#2492 = DIRECTION('',(1.,0.));
#2493 = ( GEOMETRIC_REPRESENTATION_CONTEXT(2) 
PARAMETRIC_REPRESENTATION_CONTEXT() REPRESENTATION_CONTEXT('2D SPACE',''
  ) );
#2494 = ADVANCED_FACE('',(#2495),#2479,.T.);
#2495 = FACE_BOUND('',#2496,.T.);
#2496 = EDGE_LOOP('',(#2497,#2522,#2523,#2548));
#2497 = ORIENTED_EDGE('',*,*,#2498,.F.);
#2498 = EDGE_CURVE('',#2416,#2499,#2501,.T.);
#2499 = VERTEX_POINT('',#2500);
#2500 = CARTESIAN_POINT('',(-6.678658115148,5.257901271512,0.));
#2501 = SURFACE_CURVE('',#2502,(#2507,#2514),.PCURVE_S1.);
#2502 = B_SPLINE_CURVE_WITH_KNOTS('',3,(#2503,#2504,#2505,#2506),
  .UNSPECIFIED.,.F.,.F.,(4,4),(0.,1.),.PIECEWISE_BEZIER_KNOTS.);
#2503 = CARTESIAN_POINT('',(-7.064380123509,4.727000472876,0.));
#2504 = CARTESIAN_POINT('',(-6.942703675814,4.908844397705,0.));
#2505 = CARTESIAN_POINT('',(-6.814001874652,5.085987229956,0.));
#2506 = CARTESIAN_POINT('',(-6.678658115148,5.257901271512,0.));
#2507 = PCURVE('',#2479,#2508);
#2508 = DEFINITIONAL_REPRESENTATION('',(#2509),#2513);
#2509 = LINE('',#2510,#2511);
#2510 = CARTESIAN_POINT('',(0.,0.));
#2511 = VECTOR('',#2512,1.);
#2512 = DIRECTION('',(0.,1.));
#2513 = ( GEOMETRIC_REPRESENTATION_CONTEXT(2) 
PARAMETRIC_REPRESENTATION_CONTEXT() REPRESENTATION_CONTEXT('2D SPACE',''
  ) );
#2514 = PCURVE('',#68,#2515);
#2515 = DEFINITIONAL_REPRESENTATION('',(#2516),#2521);
#2516 = B_SPLINE_CURVE_WITH_KNOTS('',3,(#2517,#2518,#2519,#2520),
  .UNSPECIFIED.,.F.,.F.,(4,4),(0.,1.),.PIECEWISE_BEZIER_KNOTS.);
#2517 = CARTESIAN_POINT('',(-7.064380123509,4.727000472876));
#2518 = CARTESIAN_POINT('',(-6.942703675814,4.908844397705));
#2519 = CARTESIAN_POINT('',(-6.814001874652,5.085987229956));
#2520 = CARTESIAN_POINT('',(-6.678658115148,5.257901271512));
#2521 = ( GEOMETRIC_REPRESENTATION_CONTEXT(2) 
PARAMETRIC_REPRESENTATION_CONTEXT() REPRESENTATION_CONTEXT('2D SPACE',''
  ) );
#2522 = ORIENTED_EDGE('',*,*,#2466,.T.);
#2523 = ORIENTED_EDGE('',*,*,#2524,.T.);
#2524 = EDGE_CURVE('',#2442,#2525,#2527,.T.);
#2525 = VERTEX_POINT('',#2526);
#2526 = CARTESIAN_POINT('',(-6.678658115148,5.257901271512,10.));
#2527 = SURFACE_CURVE('',#2528,(#2533,#2540),.PCURVE_S1.);
#2528 = B_SPLINE_CURVE_WITH_KNOTS('',3,(#2529,#2530,#2531,#2532),
  .UNSPECIFIED.,.F.,.F.,(4,4),(0.,1.),.PIECEWISE_BEZIER_KNOTS.);
#2529 = CARTESIAN_POINT('',(-7.064380123509,4.727000472876,10.));
#2530 = CARTESIAN_POINT('',(-6.942703675814,4.908844397705,10.));
#2531 = CARTESIAN_POINT('',(-6.814001874652,5.085987229956,10.));
#2532 = CARTESIAN_POINT('',(-6.678658115148,5.257901271512,10.));
#2533 = PCURVE('',#2479,#2534);
#2534 = DEFINITIONAL_REPRESENTATION('',(#2535),#2539);
#2535 = LINE('',#2536,#2537);
#2536 = CARTESIAN_POINT('',(1.,0.));
#2537 = VECTOR('',#2538,1.);
#2538 = DIRECTION('',(0.,1.));
#2539 = ( GEOMETRIC_REPRESENTATION_CONTEXT(2) 
PARAMETRIC_REPRESENTATION_CONTEXT() REPRESENTATION_CONTEXT('2D SPACE',''
  ) );
#2540 = PCURVE('',#129,#2541);
#2541 = DEFINITIONAL_REPRESENTATION('',(#2542),#2547);
#2542 = B_SPLINE_CURVE_WITH_KNOTS('',3,(#2543,#2544,#2545,#2546),
  .UNSPECIFIED.,.F.,.F.,(4,4),(0.,1.),.PIECEWISE_BEZIER_KNOTS.);
#2543 = CARTESIAN_POINT('',(7.064380123509,4.727000472876));
#2544 = CARTESIAN_POINT('',(6.942703675814,4.908844397705));
#2545 = CARTESIAN_POINT('',(6.814001874652,5.085987229956));
#2546 = CARTESIAN_POINT('',(6.678658115148,5.257901271512));
#2547 = ( GEOMETRIC_REPRESENTATION_CONTEXT(2) 
PARAMETRIC_REPRESENTATION_CONTEXT() REPRESENTATION_CONTEXT('2D SPACE',''
  ) );
#2548 = ORIENTED_EDGE('',*,*,#2549,.F.);
#2549 = EDGE_CURVE('',#2499,#2525,#2550,.T.);
#2550 = SURFACE_CURVE('',#2551,(#2554,#2561),.PCURVE_S1.);
#2551 = B_SPLINE_CURVE_WITH_KNOTS('',1,(#2552,#2553),.UNSPECIFIED.,.F.,
  .F.,(2,2),(0.,1.),.PIECEWISE_BEZIER_KNOTS.);
#2552 = CARTESIAN_POINT('',(-6.678658115148,5.257901271512,0.));
#2553 = CARTESIAN_POINT('',(-6.678658115148,5.257901271512,10.));
#2554 = PCURVE('',#2479,#2555);
#2555 = DEFINITIONAL_REPRESENTATION('',(#2556),#2560);
#2556 = LINE('',#2557,#2558);
#2557 = CARTESIAN_POINT('',(0.,1.));
#2558 = VECTOR('',#2559,1.);
#2559 = DIRECTION('',(1.,0.));
#2560 = ( GEOMETRIC_REPRESENTATION_CONTEXT(2) 
PARAMETRIC_REPRESENTATION_CONTEXT() REPRESENTATION_CONTEXT('2D SPACE',''
  ) );
#2561 = PCURVE('',#2562,#2571);
#2562 = B_SPLINE_SURFACE_WITH_KNOTS('',1,3,(
    (#2563,#2564,#2565,#2566)
    ,(#2567,#2568,#2569,#2570
    )),.UNSPECIFIED.,.F.,.F.,.F.,(2,2),(4,4),(0.,1.),(0.,1.),
  .PIECEWISE_BEZIER_KNOTS.);
#2563 = CARTESIAN_POINT('',(-6.678658115148,5.257901271512,0.));
#2564 = CARTESIAN_POINT('',(-6.154188709263,5.210789348382,0.));
#2565 = CARTESIAN_POINT('',(-5.601126846142,5.109206074945,0.));
#2566 = CARTESIAN_POINT('',(-5.166592188174,4.793362611343,0.));
#2567 = CARTESIAN_POINT('',(-6.678658115148,5.257901271512,10.));
#2568 = CARTESIAN_POINT('',(-6.154188709263,5.210789348382,10.));
#2569 = CARTESIAN_POINT('',(-5.601126846142,5.109206074945,10.));
#2570 = CARTESIAN_POINT('',(-5.166592188174,4.793362611343,10.));
#2571 = DEFINITIONAL_REPRESENTATION('',(#2572),#2576);
#2572 = LINE('',#2573,#2574);
#2573 = CARTESIAN_POINT('',(0.,0.));
#2574 = VECTOR('',#2575,1.);
#2575 = DIRECTION('',(1.,0.));
#2576 = ( GEOMETRIC_REPRESENTATION_CONTEXT(2) 
PARAMETRIC_REPRESENTATION_CONTEXT() REPRESENTATION_CONTEXT('2D SPACE',''
  ) );
#2577 = ADVANCED_FACE('',(#2578),#2562,.T.);
#2578 = FACE_BOUND('',#2579,.T.);
#2579 = EDGE_LOOP('',(#2580,#2605,#2606,#2631));
#2580 = ORIENTED_EDGE('',*,*,#2581,.F.);
#2581 = EDGE_CURVE('',#2499,#2582,#2584,.T.);
#2582 = VERTEX_POINT('',#2583);
#2583 = CARTESIAN_POINT('',(-5.166592188174,4.793362611343,0.));
#2584 = SURFACE_CURVE('',#2585,(#2590,#2597),.PCURVE_S1.);
#2585 = B_SPLINE_CURVE_WITH_KNOTS('',3,(#2586,#2587,#2588,#2589),
  .UNSPECIFIED.,.F.,.F.,(4,4),(0.,1.),.PIECEWISE_BEZIER_KNOTS.);
#2586 = CARTESIAN_POINT('',(-6.678658115148,5.257901271512,0.));
#2587 = CARTESIAN_POINT('',(-6.154188709263,5.210789348382,0.));
#2588 = CARTESIAN_POINT('',(-5.601126846142,5.109206074945,0.));
#2589 = CARTESIAN_POINT('',(-5.166592188174,4.793362611343,0.));
#2590 = PCURVE('',#2562,#2591);
#2591 = DEFINITIONAL_REPRESENTATION('',(#2592),#2596);
#2592 = LINE('',#2593,#2594);
#2593 = CARTESIAN_POINT('',(0.,0.));
#2594 = VECTOR('',#2595,1.);
#2595 = DIRECTION('',(0.,1.));
#2596 = ( GEOMETRIC_REPRESENTATION_CONTEXT(2) 
PARAMETRIC_REPRESENTATION_CONTEXT() REPRESENTATION_CONTEXT('2D SPACE',''
  ) );
#2597 = PCURVE('',#68,#2598);
#2598 = DEFINITIONAL_REPRESENTATION('',(#2599),#2604);
#2599 = B_SPLINE_CURVE_WITH_KNOTS('',3,(#2600,#2601,#2602,#2603),
  .UNSPECIFIED.,.F.,.F.,(4,4),(0.,1.),.PIECEWISE_BEZIER_KNOTS.);
#2600 = CARTESIAN_POINT('',(-6.678658115148,5.257901271512));
#2601 = CARTESIAN_POINT('',(-6.154188709263,5.210789348382));
#2602 = CARTESIAN_POINT('',(-5.601126846142,5.109206074945));
#2603 = CARTESIAN_POINT('',(-5.166592188174,4.793362611343));
#2604 = ( GEOMETRIC_REPRESENTATION_CONTEXT(2) 
PARAMETRIC_REPRESENTATION_CONTEXT() REPRESENTATION_CONTEXT('2D SPACE',''
  ) );
#2605 = ORIENTED_EDGE('',*,*,#2549,.T.);
#2606 = ORIENTED_EDGE('',*,*,#2607,.T.);
#2607 = EDGE_CURVE('',#2525,#2608,#2610,.T.);
#2608 = VERTEX_POINT('',#2609);
#2609 = CARTESIAN_POINT('',(-5.166592188174,4.793362611343,10.));
#2610 = SURFACE_CURVE('',#2611,(#2616,#2623),.PCURVE_S1.);
#2611 = B_SPLINE_CURVE_WITH_KNOTS('',3,(#2612,#2613,#2614,#2615),
  .UNSPECIFIED.,.F.,.F.,(4,4),(0.,1.),.PIECEWISE_BEZIER_KNOTS.);
#2612 = CARTESIAN_POINT('',(-6.678658115148,5.257901271512,10.));
#2613 = CARTESIAN_POINT('',(-6.154188709263,5.210789348382,10.));
#2614 = CARTESIAN_POINT('',(-5.601126846142,5.109206074945,10.));
#2615 = CARTESIAN_POINT('',(-5.166592188174,4.793362611343,10.));
#2616 = PCURVE('',#2562,#2617);
#2617 = DEFINITIONAL_REPRESENTATION('',(#2618),#2622);
#2618 = LINE('',#2619,#2620);
#2619 = CARTESIAN_POINT('',(1.,0.));
#2620 = VECTOR('',#2621,1.);
#2621 = DIRECTION('',(0.,1.));
#2622 = ( GEOMETRIC_REPRESENTATION_CONTEXT(2) 
PARAMETRIC_REPRESENTATION_CONTEXT() REPRESENTATION_CONTEXT('2D SPACE',''
  ) );
#2623 = PCURVE('',#129,#2624);
#2624 = DEFINITIONAL_REPRESENTATION('',(#2625),#2630);
#2625 = B_SPLINE_CURVE_WITH_KNOTS('',3,(#2626,#2627,#2628,#2629),
  .UNSPECIFIED.,.F.,.F.,(4,4),(0.,1.),.PIECEWISE_BEZIER_KNOTS.);
#2626 = CARTESIAN_POINT('',(6.678658115148,5.257901271512));
#2627 = CARTESIAN_POINT('',(6.154188709263,5.210789348382));
#2628 = CARTESIAN_POINT('',(5.601126846142,5.109206074945));
#2629 = CARTESIAN_POINT('',(5.166592188174,4.793362611343));
#2630 = ( GEOMETRIC_REPRESENTATION_CONTEXT(2) 
PARAMETRIC_REPRESENTATION_CONTEXT() REPRESENTATION_CONTEXT('2D SPACE',''
  ) );
#2631 = ORIENTED_EDGE('',*,*,#2632,.F.);
#2632 = EDGE_CURVE('',#2582,#2608,#2633,.T.);
#2633 = SURFACE_CURVE('',#2634,(#2637,#2644),.PCURVE_S1.);
#2634 = B_SPLINE_CURVE_WITH_KNOTS('',1,(#2635,#2636),.UNSPECIFIED.,.F.,
  .F.,(2,2),(0.,1.),.PIECEWISE_BEZIER_KNOTS.);
#2635 = CARTESIAN_POINT('',(-5.166592188174,4.793362611343,0.));
#2636 = CARTESIAN_POINT('',(-5.166592188174,4.793362611343,10.));
#2637 = PCURVE('',#2562,#2638);
#2638 = DEFINITIONAL_REPRESENTATION('',(#2639),#2643);
#2639 = LINE('',#2640,#2641);
#2640 = CARTESIAN_POINT('',(0.,1.));
#2641 = VECTOR('',#2642,1.);
#2642 = DIRECTION('',(1.,0.));
#2643 = ( GEOMETRIC_REPRESENTATION_CONTEXT(2) 
PARAMETRIC_REPRESENTATION_CONTEXT() REPRESENTATION_CONTEXT('2D SPACE',''
  ) );
#2644 = PCURVE('',#2645,#2654);
#2645 = B_SPLINE_SURFACE_WITH_KNOTS('',1,3,(
    (#2646,#2647,#2648,#2649)
    ,(#2650,#2651,#2652,#2653
    )),.UNSPECIFIED.,.F.,.F.,.F.,(2,2),(4,4),(0.,1.),(0.,1.),
  .PIECEWISE_BEZIER_KNOTS.);
#2646 = CARTESIAN_POINT('',(-5.166592188174,4.793362611343,0.));
#2647 = CARTESIAN_POINT('',(-4.577816425911,3.951996037543,0.));
#2648 = CARTESIAN_POINT('',(-3.451834473624,4.965834741189,0.));
#2649 = CARTESIAN_POINT('',(-4.22704812766,5.639331883226,0.));
#2650 = CARTESIAN_POINT('',(-5.166592188174,4.793362611343,10.));
#2651 = CARTESIAN_POINT('',(-4.577816425911,3.951996037543,10.));
#2652 = CARTESIAN_POINT('',(-3.451834473624,4.965834741189,10.));
#2653 = CARTESIAN_POINT('',(-4.22704812766,5.639331883226,10.));
#2654 = DEFINITIONAL_REPRESENTATION('',(#2655),#2659);
#2655 = LINE('',#2656,#2657);
#2656 = CARTESIAN_POINT('',(0.,0.));
#2657 = VECTOR('',#2658,1.);
#2658 = DIRECTION('',(1.,0.));
#2659 = ( GEOMETRIC_REPRESENTATION_CONTEXT(2) 
PARAMETRIC_REPRESENTATION_CONTEXT() REPRESENTATION_CONTEXT('2D SPACE',''
  ) );
#2660 = ADVANCED_FACE('',(#2661),#2645,.T.);
#2661 = FACE_BOUND('',#2662,.T.);
#2662 = EDGE_LOOP('',(#2663,#2688,#2689,#2714));
#2663 = ORIENTED_EDGE('',*,*,#2664,.F.);
#2664 = EDGE_CURVE('',#2582,#2665,#2667,.T.);
#2665 = VERTEX_POINT('',#2666);
#2666 = CARTESIAN_POINT('',(-4.22704812766,5.639331883226,0.));
#2667 = SURFACE_CURVE('',#2668,(#2673,#2680),.PCURVE_S1.);
#2668 = B_SPLINE_CURVE_WITH_KNOTS('',3,(#2669,#2670,#2671,#2672),
  .UNSPECIFIED.,.F.,.F.,(4,4),(0.,1.),.PIECEWISE_BEZIER_KNOTS.);
#2669 = CARTESIAN_POINT('',(-5.166592188174,4.793362611343,0.));
#2670 = CARTESIAN_POINT('',(-4.577816425911,3.951996037543,0.));
#2671 = CARTESIAN_POINT('',(-3.451834473624,4.965834741189,0.));
#2672 = CARTESIAN_POINT('',(-4.22704812766,5.639331883226,0.));
#2673 = PCURVE('',#2645,#2674);
#2674 = DEFINITIONAL_REPRESENTATION('',(#2675),#2679);
#2675 = LINE('',#2676,#2677);
#2676 = CARTESIAN_POINT('',(0.,0.));
#2677 = VECTOR('',#2678,1.);
#2678 = DIRECTION('',(0.,1.));
#2679 = ( GEOMETRIC_REPRESENTATION_CONTEXT(2) 
PARAMETRIC_REPRESENTATION_CONTEXT() REPRESENTATION_CONTEXT('2D SPACE',''
  ) );
#2680 = PCURVE('',#68,#2681);
#2681 = DEFINITIONAL_REPRESENTATION('',(#2682),#2687);
#2682 = B_SPLINE_CURVE_WITH_KNOTS('',3,(#2683,#2684,#2685,#2686),
  .UNSPECIFIED.,.F.,.F.,(4,4),(0.,1.),.PIECEWISE_BEZIER_KNOTS.);
#2683 = CARTESIAN_POINT('',(-5.166592188174,4.793362611343));
#2684 = CARTESIAN_POINT('',(-4.577816425911,3.951996037543));
#2685 = CARTESIAN_POINT('',(-3.451834473624,4.965834741189));
#2686 = CARTESIAN_POINT('',(-4.22704812766,5.639331883226));
#2687 = ( GEOMETRIC_REPRESENTATION_CONTEXT(2) 
PARAMETRIC_REPRESENTATION_CONTEXT() REPRESENTATION_CONTEXT('2D SPACE',''
  ) );
#2688 = ORIENTED_EDGE('',*,*,#2632,.T.);
#2689 = ORIENTED_EDGE('',*,*,#2690,.T.);
#2690 = EDGE_CURVE('',#2608,#2691,#2693,.T.);
#2691 = VERTEX_POINT('',#2692);
#2692 = CARTESIAN_POINT('',(-4.22704812766,5.639331883226,10.));
#2693 = SURFACE_CURVE('',#2694,(#2699,#2706),.PCURVE_S1.);
#2694 = B_SPLINE_CURVE_WITH_KNOTS('',3,(#2695,#2696,#2697,#2698),
  .UNSPECIFIED.,.F.,.F.,(4,4),(0.,1.),.PIECEWISE_BEZIER_KNOTS.);
#2695 = CARTESIAN_POINT('',(-5.166592188174,4.793362611343,10.));
#2696 = CARTESIAN_POINT('',(-4.577816425911,3.951996037543,10.));
#2697 = CARTESIAN_POINT('',(-3.451834473624,4.965834741189,10.));
#2698 = CARTESIAN_POINT('',(-4.22704812766,5.639331883226,10.));
#2699 = PCURVE('',#2645,#2700);
#2700 = DEFINITIONAL_REPRESENTATION('',(#2701),#2705);
#2701 = LINE('',#2702,#2703);
#2702 = CARTESIAN_POINT('',(1.,0.));
#2703 = VECTOR('',#2704,1.);
#2704 = DIRECTION('',(0.,1.));
#2705 = ( GEOMETRIC_REPRESENTATION_CONTEXT(2) 
PARAMETRIC_REPRESENTATION_CONTEXT() REPRESENTATION_CONTEXT('2D SPACE',''
  ) );
#2706 = PCURVE('',#129,#2707);
#2707 = DEFINITIONAL_REPRESENTATION('',(#2708),#2713);
#2708 = B_SPLINE_CURVE_WITH_KNOTS('',3,(#2709,#2710,#2711,#2712),
  .UNSPECIFIED.,.F.,.F.,(4,4),(0.,1.),.PIECEWISE_BEZIER_KNOTS.);
#2709 = CARTESIAN_POINT('',(5.166592188174,4.793362611343));
#2710 = CARTESIAN_POINT('',(4.577816425911,3.951996037543));
#2711 = CARTESIAN_POINT('',(3.451834473624,4.965834741189));
#2712 = CARTESIAN_POINT('',(4.22704812766,5.639331883226));
#2713 = ( GEOMETRIC_REPRESENTATION_CONTEXT(2) 
PARAMETRIC_REPRESENTATION_CONTEXT() REPRESENTATION_CONTEXT('2D SPACE',''
  ) );
#2714 = ORIENTED_EDGE('',*,*,#2715,.F.);
#2715 = EDGE_CURVE('',#2665,#2691,#2716,.T.);
#2716 = SURFACE_CURVE('',#2717,(#2720,#2727),.PCURVE_S1.);
#2717 = B_SPLINE_CURVE_WITH_KNOTS('',1,(#2718,#2719),.UNSPECIFIED.,.F.,
  .F.,(2,2),(0.,1.),.PIECEWISE_BEZIER_KNOTS.);
#2718 = CARTESIAN_POINT('',(-4.22704812766,5.639331883226,0.));
#2719 = CARTESIAN_POINT('',(-4.22704812766,5.639331883226,10.));
#2720 = PCURVE('',#2645,#2721);
#2721 = DEFINITIONAL_REPRESENTATION('',(#2722),#2726);
#2722 = LINE('',#2723,#2724);
#2723 = CARTESIAN_POINT('',(0.,1.));
#2724 = VECTOR('',#2725,1.);
#2725 = DIRECTION('',(1.,0.));
#2726 = ( GEOMETRIC_REPRESENTATION_CONTEXT(2) 
PARAMETRIC_REPRESENTATION_CONTEXT() REPRESENTATION_CONTEXT('2D SPACE',''
  ) );
#2727 = PCURVE('',#2728,#2737);
#2728 = B_SPLINE_SURFACE_WITH_KNOTS('',1,3,(
    (#2729,#2730,#2731,#2732)
    ,(#2733,#2734,#2735,#2736
    )),.UNSPECIFIED.,.F.,.F.,.F.,(2,2),(4,4),(0.,1.),(0.,1.),
  .PIECEWISE_BEZIER_KNOTS.);
#2729 = CARTESIAN_POINT('',(-4.22704812766,5.639331883226,0.));
#2730 = CARTESIAN_POINT('',(-4.495740127687,6.104500746755,0.));
#2731 = CARTESIAN_POINT('',(-4.53895621068,6.665151222588,0.));
#2732 = CARTESIAN_POINT('',(-4.530988068737,7.191672067118,0.));
#2733 = CARTESIAN_POINT('',(-4.22704812766,5.639331883226,10.));
#2734 = CARTESIAN_POINT('',(-4.495740127687,6.104500746755,10.));
#2735 = CARTESIAN_POINT('',(-4.53895621068,6.665151222588,10.));
#2736 = CARTESIAN_POINT('',(-4.530988068737,7.191672067118,10.));
#2737 = DEFINITIONAL_REPRESENTATION('',(#2738),#2742);
#2738 = LINE('',#2739,#2740);
#2739 = CARTESIAN_POINT('',(0.,0.));
#2740 = VECTOR('',#2741,1.);
#2741 = DIRECTION('',(1.,0.));
#2742 = ( GEOMETRIC_REPRESENTATION_CONTEXT(2) 
PARAMETRIC_REPRESENTATION_CONTEXT() REPRESENTATION_CONTEXT('2D SPACE',''
  ) );
#2743 = ADVANCED_FACE('',(#2744),#2728,.T.);
#2744 = FACE_BOUND('',#2745,.T.);
#2745 = EDGE_LOOP('',(#2746,#2771,#2772,#2797));
#2746 = ORIENTED_EDGE('',*,*,#2747,.F.);
#2747 = EDGE_CURVE('',#2665,#2748,#2750,.T.);
#2748 = VERTEX_POINT('',#2749);
#2749 = CARTESIAN_POINT('',(-4.530988068737,7.191672067118,0.));
#2750 = SURFACE_CURVE('',#2751,(#2756,#2763),.PCURVE_S1.);
#2751 = B_SPLINE_CURVE_WITH_KNOTS('',3,(#2752,#2753,#2754,#2755),
  .UNSPECIFIED.,.F.,.F.,(4,4),(0.,1.),.PIECEWISE_BEZIER_KNOTS.);
#2752 = CARTESIAN_POINT('',(-4.22704812766,5.639331883226,0.));
#2753 = CARTESIAN_POINT('',(-4.495740127687,6.104500746755,0.));
#2754 = CARTESIAN_POINT('',(-4.53895621068,6.665151222588,0.));
#2755 = CARTESIAN_POINT('',(-4.530988068737,7.191672067118,0.));
#2756 = PCURVE('',#2728,#2757);
#2757 = DEFINITIONAL_REPRESENTATION('',(#2758),#2762);
#2758 = LINE('',#2759,#2760);
#2759 = CARTESIAN_POINT('',(0.,0.));
#2760 = VECTOR('',#2761,1.);
#2761 = DIRECTION('',(0.,1.));
#2762 = ( GEOMETRIC_REPRESENTATION_CONTEXT(2) 
PARAMETRIC_REPRESENTATION_CONTEXT() REPRESENTATION_CONTEXT('2D SPACE',''
  ) );
#2763 = PCURVE('',#68,#2764);
#2764 = DEFINITIONAL_REPRESENTATION('',(#2765),#2770);
#2765 = B_SPLINE_CURVE_WITH_KNOTS('',3,(#2766,#2767,#2768,#2769),
  .UNSPECIFIED.,.F.,.F.,(4,4),(0.,1.),.PIECEWISE_BEZIER_KNOTS.);
#2766 = CARTESIAN_POINT('',(-4.22704812766,5.639331883226));
#2767 = CARTESIAN_POINT('',(-4.495740127687,6.104500746755));
#2768 = CARTESIAN_POINT('',(-4.53895621068,6.665151222588));
#2769 = CARTESIAN_POINT('',(-4.530988068737,7.191672067118));
#2770 = ( GEOMETRIC_REPRESENTATION_CONTEXT(2) 
PARAMETRIC_REPRESENTATION_CONTEXT() REPRESENTATION_CONTEXT('2D SPACE',''
  ) );
#2771 = ORIENTED_EDGE('',*,*,#2715,.T.);
#2772 = ORIENTED_EDGE('',*,*,#2773,.T.);
#2773 = EDGE_CURVE('',#2691,#2774,#2776,.T.);
#2774 = VERTEX_POINT('',#2775);
#2775 = CARTESIAN_POINT('',(-4.530988068737,7.191672067118,10.));
#2776 = SURFACE_CURVE('',#2777,(#2782,#2789),.PCURVE_S1.);
#2777 = B_SPLINE_CURVE_WITH_KNOTS('',3,(#2778,#2779,#2780,#2781),
  .UNSPECIFIED.,.F.,.F.,(4,4),(0.,1.),.PIECEWISE_BEZIER_KNOTS.);
#2778 = CARTESIAN_POINT('',(-4.22704812766,5.639331883226,10.));
#2779 = CARTESIAN_POINT('',(-4.495740127687,6.104500746755,10.));
#2780 = CARTESIAN_POINT('',(-4.53895621068,6.665151222588,10.));
#2781 = CARTESIAN_POINT('',(-4.530988068737,7.191672067118,10.));
#2782 = PCURVE('',#2728,#2783);
#2783 = DEFINITIONAL_REPRESENTATION('',(#2784),#2788);
#2784 = LINE('',#2785,#2786);
#2785 = CARTESIAN_POINT('',(1.,0.));
#2786 = VECTOR('',#2787,1.);
#2787 = DIRECTION('',(0.,1.));
#2788 = ( GEOMETRIC_REPRESENTATION_CONTEXT(2) 
PARAMETRIC_REPRESENTATION_CONTEXT() REPRESENTATION_CONTEXT('2D SPACE',''
  ) );
#2789 = PCURVE('',#129,#2790);
#2790 = DEFINITIONAL_REPRESENTATION('',(#2791),#2796);
#2791 = B_SPLINE_CURVE_WITH_KNOTS('',3,(#2792,#2793,#2794,#2795),
  .UNSPECIFIED.,.F.,.F.,(4,4),(0.,1.),.PIECEWISE_BEZIER_KNOTS.);
#2792 = CARTESIAN_POINT('',(4.22704812766,5.639331883226));
#2793 = CARTESIAN_POINT('',(4.495740127687,6.104500746755));
#2794 = CARTESIAN_POINT('',(4.53895621068,6.665151222588));
#2795 = CARTESIAN_POINT('',(4.530988068737,7.191672067118));
#2796 = ( GEOMETRIC_REPRESENTATION_CONTEXT(2) 
PARAMETRIC_REPRESENTATION_CONTEXT() REPRESENTATION_CONTEXT('2D SPACE',''
  ) );
#2797 = ORIENTED_EDGE('',*,*,#2798,.F.);
#2798 = EDGE_CURVE('',#2748,#2774,#2799,.T.);
#2799 = SURFACE_CURVE('',#2800,(#2803,#2810),.PCURVE_S1.);
#2800 = B_SPLINE_CURVE_WITH_KNOTS('',1,(#2801,#2802),.UNSPECIFIED.,.F.,
  .F.,(2,2),(0.,1.),.PIECEWISE_BEZIER_KNOTS.);
#2801 = CARTESIAN_POINT('',(-4.530988068737,7.191672067118,0.));
#2802 = CARTESIAN_POINT('',(-4.530988068737,7.191672067118,10.));
#2803 = PCURVE('',#2728,#2804);
#2804 = DEFINITIONAL_REPRESENTATION('',(#2805),#2809);
#2805 = LINE('',#2806,#2807);
#2806 = CARTESIAN_POINT('',(0.,1.));
#2807 = VECTOR('',#2808,1.);
#2808 = DIRECTION('',(1.,0.));
#2809 = ( GEOMETRIC_REPRESENTATION_CONTEXT(2) 
PARAMETRIC_REPRESENTATION_CONTEXT() REPRESENTATION_CONTEXT('2D SPACE',''
  ) );
#2810 = PCURVE('',#2811,#2820);
#2811 = B_SPLINE_SURFACE_WITH_KNOTS('',1,3,(
    (#2812,#2813,#2814,#2815)
    ,(#2816,#2817,#2818,#2819
    )),.UNSPECIFIED.,.F.,.F.,.F.,(2,2),(4,4),(0.,1.),(0.,1.),
  .PIECEWISE_BEZIER_KNOTS.);
#2812 = CARTESIAN_POINT('',(-4.530988068737,7.191672067118,0.));
#2813 = CARTESIAN_POINT('',(-4.345868515095,7.308304488768,0.));
#2814 = CARTESIAN_POINT('',(-4.156243088318,7.417784779963,0.));
#2815 = CARTESIAN_POINT('',(-3.962676671443,7.519786805329,0.));
#2816 = CARTESIAN_POINT('',(-4.530988068737,7.191672067118,10.));
#2817 = CARTESIAN_POINT('',(-4.345868515095,7.308304488768,10.));
#2818 = CARTESIAN_POINT('',(-4.156243088318,7.417784779963,10.));
#2819 = CARTESIAN_POINT('',(-3.962676671443,7.519786805329,10.));
#2820 = DEFINITIONAL_REPRESENTATION('',(#2821),#2825);
#2821 = LINE('',#2822,#2823);
#2822 = CARTESIAN_POINT('',(0.,0.));
#2823 = VECTOR('',#2824,1.);
#2824 = DIRECTION('',(1.,0.));
#2825 = ( GEOMETRIC_REPRESENTATION_CONTEXT(2) 
PARAMETRIC_REPRESENTATION_CONTEXT() REPRESENTATION_CONTEXT('2D SPACE',''
  ) );
#2826 = ADVANCED_FACE('',(#2827),#2811,.T.);
#2827 = FACE_BOUND('',#2828,.T.);
#2828 = EDGE_LOOP('',(#2829,#2854,#2855,#2880));
#2829 = ORIENTED_EDGE('',*,*,#2830,.F.);
#2830 = EDGE_CURVE('',#2748,#2831,#2833,.T.);
#2831 = VERTEX_POINT('',#2832);
#2832 = CARTESIAN_POINT('',(-3.962676671443,7.519786805329,0.));
#2833 = SURFACE_CURVE('',#2834,(#2839,#2846),.PCURVE_S1.);
#2834 = B_SPLINE_CURVE_WITH_KNOTS('',3,(#2835,#2836,#2837,#2838),
  .UNSPECIFIED.,.F.,.F.,(4,4),(0.,1.),.PIECEWISE_BEZIER_KNOTS.);
#2835 = CARTESIAN_POINT('',(-4.530988068737,7.191672067118,0.));
#2836 = CARTESIAN_POINT('',(-4.345868515095,7.308304488768,0.));
#2837 = CARTESIAN_POINT('',(-4.156243088318,7.417784779963,0.));
#2838 = CARTESIAN_POINT('',(-3.962676671443,7.519786805329,0.));
#2839 = PCURVE('',#2811,#2840);
#2840 = DEFINITIONAL_REPRESENTATION('',(#2841),#2845);
#2841 = LINE('',#2842,#2843);
#2842 = CARTESIAN_POINT('',(0.,0.));
#2843 = VECTOR('',#2844,1.);
#2844 = DIRECTION('',(0.,1.));
#2845 = ( GEOMETRIC_REPRESENTATION_CONTEXT(2) 
PARAMETRIC_REPRESENTATION_CONTEXT() REPRESENTATION_CONTEXT('2D SPACE',''
  ) );
#2846 = PCURVE('',#68,#2847);
#2847 = DEFINITIONAL_REPRESENTATION('',(#2848),#2853);
#2848 = B_SPLINE_CURVE_WITH_KNOTS('',3,(#2849,#2850,#2851,#2852),
  .UNSPECIFIED.,.F.,.F.,(4,4),(0.,1.),.PIECEWISE_BEZIER_KNOTS.);
#2849 = CARTESIAN_POINT('',(-4.530988068737,7.191672067118));
#2850 = CARTESIAN_POINT('',(-4.345868515095,7.308304488768));
#2851 = CARTESIAN_POINT('',(-4.156243088318,7.417784779963));
#2852 = CARTESIAN_POINT('',(-3.962676671443,7.519786805329));
#2853 = ( GEOMETRIC_REPRESENTATION_CONTEXT(2) 
PARAMETRIC_REPRESENTATION_CONTEXT() REPRESENTATION_CONTEXT('2D SPACE',''
  ) );
#2854 = ORIENTED_EDGE('',*,*,#2798,.T.);
#2855 = ORIENTED_EDGE('',*,*,#2856,.T.);
#2856 = EDGE_CURVE('',#2774,#2857,#2859,.T.);
#2857 = VERTEX_POINT('',#2858);
#2858 = CARTESIAN_POINT('',(-3.962676671443,7.519786805329,10.));
#2859 = SURFACE_CURVE('',#2860,(#2865,#2872),.PCURVE_S1.);
#2860 = B_SPLINE_CURVE_WITH_KNOTS('',3,(#2861,#2862,#2863,#2864),
  .UNSPECIFIED.,.F.,.F.,(4,4),(0.,1.),.PIECEWISE_BEZIER_KNOTS.);
#2861 = CARTESIAN_POINT('',(-4.530988068737,7.191672067118,10.));
#2862 = CARTESIAN_POINT('',(-4.345868515095,7.308304488768,10.));
#2863 = CARTESIAN_POINT('',(-4.156243088318,7.417784779963,10.));
#2864 = CARTESIAN_POINT('',(-3.962676671443,7.519786805329,10.));
#2865 = PCURVE('',#2811,#2866);
#2866 = DEFINITIONAL_REPRESENTATION('',(#2867),#2871);
#2867 = LINE('',#2868,#2869);
#2868 = CARTESIAN_POINT('',(1.,0.));
#2869 = VECTOR('',#2870,1.);
#2870 = DIRECTION('',(0.,1.));
#2871 = ( GEOMETRIC_REPRESENTATION_CONTEXT(2) 
PARAMETRIC_REPRESENTATION_CONTEXT() REPRESENTATION_CONTEXT('2D SPACE',''
  ) );
#2872 = PCURVE('',#129,#2873);
#2873 = DEFINITIONAL_REPRESENTATION('',(#2874),#2879);
#2874 = B_SPLINE_CURVE_WITH_KNOTS('',3,(#2875,#2876,#2877,#2878),
  .UNSPECIFIED.,.F.,.F.,(4,4),(0.,1.),.PIECEWISE_BEZIER_KNOTS.);
#2875 = CARTESIAN_POINT('',(4.530988068737,7.191672067118));
#2876 = CARTESIAN_POINT('',(4.345868515095,7.308304488768));
#2877 = CARTESIAN_POINT('',(4.156243088318,7.417784779963));
#2878 = CARTESIAN_POINT('',(3.962676671443,7.519786805329));
#2879 = ( GEOMETRIC_REPRESENTATION_CONTEXT(2) 
PARAMETRIC_REPRESENTATION_CONTEXT() REPRESENTATION_CONTEXT('2D SPACE',''
  ) );
#2880 = ORIENTED_EDGE('',*,*,#2881,.F.);
#2881 = EDGE_CURVE('',#2831,#2857,#2882,.T.);
#2882 = SURFACE_CURVE('',#2883,(#2886,#2893),.PCURVE_S1.);
#2883 = B_SPLINE_CURVE_WITH_KNOTS('',1,(#2884,#2885),.UNSPECIFIED.,.F.,
  .F.,(2,2),(0.,1.),.PIECEWISE_BEZIER_KNOTS.);
#2884 = CARTESIAN_POINT('',(-3.962676671443,7.519786805329,0.));
#2885 = CARTESIAN_POINT('',(-3.962676671443,7.519786805329,10.));
#2886 = PCURVE('',#2811,#2887);
#2887 = DEFINITIONAL_REPRESENTATION('',(#2888),#2892);
#2888 = LINE('',#2889,#2890);
#2889 = CARTESIAN_POINT('',(0.,1.));
#2890 = VECTOR('',#2891,1.);
#2891 = DIRECTION('',(1.,0.));
#2892 = ( GEOMETRIC_REPRESENTATION_CONTEXT(2) 
PARAMETRIC_REPRESENTATION_CONTEXT() REPRESENTATION_CONTEXT('2D SPACE',''
  ) );
#2893 = PCURVE('',#2894,#2903);
#2894 = B_SPLINE_SURFACE_WITH_KNOTS('',1,3,(
    (#2895,#2896,#2897,#2898)
    ,(#2899,#2900,#2901,#2902
    )),.UNSPECIFIED.,.F.,.F.,.F.,(2,2),(4,4),(0.,1.),(0.,1.),
  .PIECEWISE_BEZIER_KNOTS.);
#2895 = CARTESIAN_POINT('',(-3.962676671443,7.519786805329,0.));
#2896 = CARTESIAN_POINT('',(-3.502712173486,7.263426996408,0.));
#2897 = CARTESIAN_POINT('',(-3.038782660267,6.945675532767,0.));
#2898 = CARTESIAN_POINT('',(-2.770280607415,6.480397003186,0.));
#2899 = CARTESIAN_POINT('',(-3.962676671443,7.519786805329,10.));
#2900 = CARTESIAN_POINT('',(-3.502712173486,7.263426996408,10.));
#2901 = CARTESIAN_POINT('',(-3.038782660267,6.945675532767,10.));
#2902 = CARTESIAN_POINT('',(-2.770280607415,6.480397003186,10.));
#2903 = DEFINITIONAL_REPRESENTATION('',(#2904),#2908);
#2904 = LINE('',#2905,#2906);
#2905 = CARTESIAN_POINT('',(0.,0.));
#2906 = VECTOR('',#2907,1.);
#2907 = DIRECTION('',(1.,0.));
#2908 = ( GEOMETRIC_REPRESENTATION_CONTEXT(2) 
PARAMETRIC_REPRESENTATION_CONTEXT() REPRESENTATION_CONTEXT('2D SPACE',''
  ) );
#2909 = ADVANCED_FACE('',(#2910),#2894,.T.);
#2910 = FACE_BOUND('',#2911,.T.);
#2911 = EDGE_LOOP('',(#2912,#2937,#2938,#2963));
#2912 = ORIENTED_EDGE('',*,*,#2913,.F.);
#2913 = EDGE_CURVE('',#2831,#2914,#2916,.T.);
#2914 = VERTEX_POINT('',#2915);
#2915 = CARTESIAN_POINT('',(-2.770280607415,6.480397003186,0.));
#2916 = SURFACE_CURVE('',#2917,(#2922,#2929),.PCURVE_S1.);
#2917 = B_SPLINE_CURVE_WITH_KNOTS('',3,(#2918,#2919,#2920,#2921),
  .UNSPECIFIED.,.F.,.F.,(4,4),(0.,1.),.PIECEWISE_BEZIER_KNOTS.);
#2918 = CARTESIAN_POINT('',(-3.962676671443,7.519786805329,0.));
#2919 = CARTESIAN_POINT('',(-3.502712173486,7.263426996408,0.));
#2920 = CARTESIAN_POINT('',(-3.038782660267,6.945675532767,0.));
#2921 = CARTESIAN_POINT('',(-2.770280607415,6.480397003186,0.));
#2922 = PCURVE('',#2894,#2923);
#2923 = DEFINITIONAL_REPRESENTATION('',(#2924),#2928);
#2924 = LINE('',#2925,#2926);
#2925 = CARTESIAN_POINT('',(0.,0.));
#2926 = VECTOR('',#2927,1.);
#2927 = DIRECTION('',(0.,1.));
#2928 = ( GEOMETRIC_REPRESENTATION_CONTEXT(2) 
PARAMETRIC_REPRESENTATION_CONTEXT() REPRESENTATION_CONTEXT('2D SPACE',''
  ) );
#2929 = PCURVE('',#68,#2930);
#2930 = DEFINITIONAL_REPRESENTATION('',(#2931),#2936);
#2931 = B_SPLINE_CURVE_WITH_KNOTS('',3,(#2932,#2933,#2934,#2935),
  .UNSPECIFIED.,.F.,.F.,(4,4),(0.,1.),.PIECEWISE_BEZIER_KNOTS.);
#2932 = CARTESIAN_POINT('',(-3.962676671443,7.519786805329));
#2933 = CARTESIAN_POINT('',(-3.502712173486,7.263426996408));
#2934 = CARTESIAN_POINT('',(-3.038782660267,6.945675532767));
#2935 = CARTESIAN_POINT('',(-2.770280607415,6.480397003186));
#2936 = ( GEOMETRIC_REPRESENTATION_CONTEXT(2) 
PARAMETRIC_REPRESENTATION_CONTEXT() REPRESENTATION_CONTEXT('2D SPACE',''
  ) );
#2937 = ORIENTED_EDGE('',*,*,#2881,.T.);
#2938 = ORIENTED_EDGE('',*,*,#2939,.T.);
#2939 = EDGE_CURVE('',#2857,#2940,#2942,.T.);
#2940 = VERTEX_POINT('',#2941);
#2941 = CARTESIAN_POINT('',(-2.770280607415,6.480397003186,10.));
#2942 = SURFACE_CURVE('',#2943,(#2948,#2955),.PCURVE_S1.);
#2943 = B_SPLINE_CURVE_WITH_KNOTS('',3,(#2944,#2945,#2946,#2947),
  .UNSPECIFIED.,.F.,.F.,(4,4),(0.,1.),.PIECEWISE_BEZIER_KNOTS.);
#2944 = CARTESIAN_POINT('',(-3.962676671443,7.519786805329,10.));
#2945 = CARTESIAN_POINT('',(-3.502712173486,7.263426996408,10.));
#2946 = CARTESIAN_POINT('',(-3.038782660267,6.945675532767,10.));
#2947 = CARTESIAN_POINT('',(-2.770280607415,6.480397003186,10.));
#2948 = PCURVE('',#2894,#2949);
#2949 = DEFINITIONAL_REPRESENTATION('',(#2950),#2954);
#2950 = LINE('',#2951,#2952);
#2951 = CARTESIAN_POINT('',(1.,0.));
#2952 = VECTOR('',#2953,1.);
#2953 = DIRECTION('',(0.,1.));
#2954 = ( GEOMETRIC_REPRESENTATION_CONTEXT(2) 
PARAMETRIC_REPRESENTATION_CONTEXT() REPRESENTATION_CONTEXT('2D SPACE',''
  ) );
#2955 = PCURVE('',#129,#2956);
#2956 = DEFINITIONAL_REPRESENTATION('',(#2957),#2962);
#2957 = B_SPLINE_CURVE_WITH_KNOTS('',3,(#2958,#2959,#2960,#2961),
  .UNSPECIFIED.,.F.,.F.,(4,4),(0.,1.),.PIECEWISE_BEZIER_KNOTS.);
#2958 = CARTESIAN_POINT('',(3.962676671443,7.519786805329));
#2959 = CARTESIAN_POINT('',(3.502712173486,7.263426996408));
#2960 = CARTESIAN_POINT('',(3.038782660267,6.945675532767));
#2961 = CARTESIAN_POINT('',(2.770280607415,6.480397003186));
#2962 = ( GEOMETRIC_REPRESENTATION_CONTEXT(2) 
PARAMETRIC_REPRESENTATION_CONTEXT() REPRESENTATION_CONTEXT('2D SPACE',''
  ) );
#2963 = ORIENTED_EDGE('',*,*,#2964,.F.);
#2964 = EDGE_CURVE('',#2914,#2940,#2965,.T.);
#2965 = SURFACE_CURVE('',#2966,(#2969,#2976),.PCURVE_S1.);
#2966 = B_SPLINE_CURVE_WITH_KNOTS('',1,(#2967,#2968),.UNSPECIFIED.,.F.,
  .F.,(2,2),(0.,1.),.PIECEWISE_BEZIER_KNOTS.);
#2967 = CARTESIAN_POINT('',(-2.770280607415,6.480397003186,0.));
#2968 = CARTESIAN_POINT('',(-2.770280607415,6.480397003186,10.));
#2969 = PCURVE('',#2894,#2970);
#2970 = DEFINITIONAL_REPRESENTATION('',(#2971),#2975);
#2971 = LINE('',#2972,#2973);
#2972 = CARTESIAN_POINT('',(0.,1.));
#2973 = VECTOR('',#2974,1.);
#2974 = DIRECTION('',(1.,0.));
#2975 = ( GEOMETRIC_REPRESENTATION_CONTEXT(2) 
PARAMETRIC_REPRESENTATION_CONTEXT() REPRESENTATION_CONTEXT('2D SPACE',''
  ) );
#2976 = PCURVE('',#2977,#2986);
#2977 = B_SPLINE_SURFACE_WITH_KNOTS('',1,3,(
    (#2978,#2979,#2980,#2981)
    ,(#2982,#2983,#2984,#2985
    )),.UNSPECIFIED.,.F.,.F.,.F.,(2,2),(4,4),(0.,1.),(0.,1.),
  .PIECEWISE_BEZIER_KNOTS.);
#2978 = CARTESIAN_POINT('',(-2.770280607415,6.480397003186,0.));
#2979 = CARTESIAN_POINT('',(-2.574621800054,5.472293714412,0.));
#2980 = CARTESIAN_POINT('',(-1.133620751212,5.940503337472,0.));
#2981 = CARTESIAN_POINT('',(-1.567877696887,6.871081391624,0.));
#2982 = CARTESIAN_POINT('',(-2.770280607415,6.480397003186,10.));
#2983 = CARTESIAN_POINT('',(-2.574621800054,5.472293714412,10.));
#2984 = CARTESIAN_POINT('',(-1.133620751212,5.940503337472,10.));
#2985 = CARTESIAN_POINT('',(-1.567877696887,6.871081391624,10.));
#2986 = DEFINITIONAL_REPRESENTATION('',(#2987),#2991);
#2987 = LINE('',#2988,#2989);
#2988 = CARTESIAN_POINT('',(0.,0.));
#2989 = VECTOR('',#2990,1.);
#2990 = DIRECTION('',(1.,0.));
#2991 = ( GEOMETRIC_REPRESENTATION_CONTEXT(2) 
PARAMETRIC_REPRESENTATION_CONTEXT() REPRESENTATION_CONTEXT('2D SPACE',''
  ) );
#2992 = ADVANCED_FACE('',(#2993),#2977,.T.);
#2993 = FACE_BOUND('',#2994,.T.);
#2994 = EDGE_LOOP('',(#2995,#3020,#3021,#3046));
#2995 = ORIENTED_EDGE('',*,*,#2996,.F.);
#2996 = EDGE_CURVE('',#2914,#2997,#2999,.T.);
#2997 = VERTEX_POINT('',#2998);
#2998 = CARTESIAN_POINT('',(-1.567877696887,6.871081391624,0.));
#2999 = SURFACE_CURVE('',#3000,(#3005,#3012),.PCURVE_S1.);
#3000 = B_SPLINE_CURVE_WITH_KNOTS('',3,(#3001,#3002,#3003,#3004),
  .UNSPECIFIED.,.F.,.F.,(4,4),(0.,1.),.PIECEWISE_BEZIER_KNOTS.);
#3001 = CARTESIAN_POINT('',(-2.770280607415,6.480397003186,0.));
#3002 = CARTESIAN_POINT('',(-2.574621800054,5.472293714412,0.));
#3003 = CARTESIAN_POINT('',(-1.133620751212,5.940503337472,0.));
#3004 = CARTESIAN_POINT('',(-1.567877696887,6.871081391624,0.));
#3005 = PCURVE('',#2977,#3006);
#3006 = DEFINITIONAL_REPRESENTATION('',(#3007),#3011);
#3007 = LINE('',#3008,#3009);
#3008 = CARTESIAN_POINT('',(0.,0.));
#3009 = VECTOR('',#3010,1.);
#3010 = DIRECTION('',(0.,1.));
#3011 = ( GEOMETRIC_REPRESENTATION_CONTEXT(2) 
PARAMETRIC_REPRESENTATION_CONTEXT() REPRESENTATION_CONTEXT('2D SPACE',''
  ) );
#3012 = PCURVE('',#68,#3013);
#3013 = DEFINITIONAL_REPRESENTATION('',(#3014),#3019);
#3014 = B_SPLINE_CURVE_WITH_KNOTS('',3,(#3015,#3016,#3017,#3018),
  .UNSPECIFIED.,.F.,.F.,(4,4),(0.,1.),.PIECEWISE_BEZIER_KNOTS.);
#3015 = CARTESIAN_POINT('',(-2.770280607415,6.480397003186));
#3016 = CARTESIAN_POINT('',(-2.574621800054,5.472293714412));
#3017 = CARTESIAN_POINT('',(-1.133620751212,5.940503337472));
#3018 = CARTESIAN_POINT('',(-1.567877696887,6.871081391624));
#3019 = ( GEOMETRIC_REPRESENTATION_CONTEXT(2) 
PARAMETRIC_REPRESENTATION_CONTEXT() REPRESENTATION_CONTEXT('2D SPACE',''
  ) );
#3020 = ORIENTED_EDGE('',*,*,#2964,.T.);
#3021 = ORIENTED_EDGE('',*,*,#3022,.T.);
#3022 = EDGE_CURVE('',#2940,#3023,#3025,.T.);
#3023 = VERTEX_POINT('',#3024);
#3024 = CARTESIAN_POINT('',(-1.567877696887,6.871081391624,10.));
#3025 = SURFACE_CURVE('',#3026,(#3031,#3038),.PCURVE_S1.);
#3026 = B_SPLINE_CURVE_WITH_KNOTS('',3,(#3027,#3028,#3029,#3030),
  .UNSPECIFIED.,.F.,.F.,(4,4),(0.,1.),.PIECEWISE_BEZIER_KNOTS.);
#3027 = CARTESIAN_POINT('',(-2.770280607415,6.480397003186,10.));
#3028 = CARTESIAN_POINT('',(-2.574621800054,5.472293714412,10.));
#3029 = CARTESIAN_POINT('',(-1.133620751212,5.940503337472,10.));
#3030 = CARTESIAN_POINT('',(-1.567877696887,6.871081391624,10.));
#3031 = PCURVE('',#2977,#3032);
#3032 = DEFINITIONAL_REPRESENTATION('',(#3033),#3037);
#3033 = LINE('',#3034,#3035);
#3034 = CARTESIAN_POINT('',(1.,0.));
#3035 = VECTOR('',#3036,1.);
#3036 = DIRECTION('',(0.,1.));
#3037 = ( GEOMETRIC_REPRESENTATION_CONTEXT(2) 
PARAMETRIC_REPRESENTATION_CONTEXT() REPRESENTATION_CONTEXT('2D SPACE',''
  ) );
#3038 = PCURVE('',#129,#3039);
#3039 = DEFINITIONAL_REPRESENTATION('',(#3040),#3045);
#3040 = B_SPLINE_CURVE_WITH_KNOTS('',3,(#3041,#3042,#3043,#3044),
  .UNSPECIFIED.,.F.,.F.,(4,4),(0.,1.),.PIECEWISE_BEZIER_KNOTS.);
#3041 = CARTESIAN_POINT('',(2.770280607415,6.480397003186));
#3042 = CARTESIAN_POINT('',(2.574621800054,5.472293714412));
#3043 = CARTESIAN_POINT('',(1.133620751212,5.940503337472));
#3044 = CARTESIAN_POINT('',(1.567877696887,6.871081391624));
#3045 = ( GEOMETRIC_REPRESENTATION_CONTEXT(2) 
PARAMETRIC_REPRESENTATION_CONTEXT() REPRESENTATION_CONTEXT('2D SPACE',''
  ) );
#3046 = ORIENTED_EDGE('',*,*,#3047,.F.);
#3047 = EDGE_CURVE('',#2997,#3023,#3048,.T.);
#3048 = SURFACE_CURVE('',#3049,(#3052,#3059),.PCURVE_S1.);
#3049 = B_SPLINE_CURVE_WITH_KNOTS('',1,(#3050,#3051),.UNSPECIFIED.,.F.,
  .F.,(2,2),(0.,1.),.PIECEWISE_BEZIER_KNOTS.);
#3050 = CARTESIAN_POINT('',(-1.567877696887,6.871081391624,0.));
#3051 = CARTESIAN_POINT('',(-1.567877696887,6.871081391624,10.));
#3052 = PCURVE('',#2977,#3053);
#3053 = DEFINITIONAL_REPRESENTATION('',(#3054),#3058);
#3054 = LINE('',#3055,#3056);
#3055 = CARTESIAN_POINT('',(0.,1.));
#3056 = VECTOR('',#3057,1.);
#3057 = DIRECTION('',(1.,0.));
#3058 = ( GEOMETRIC_REPRESENTATION_CONTEXT(2) 
PARAMETRIC_REPRESENTATION_CONTEXT() REPRESENTATION_CONTEXT('2D SPACE',''
  ) );
#3059 = PCURVE('',#3060,#3069);
#3060 = B_SPLINE_SURFACE_WITH_KNOTS('',1,3,(
    (#3061,#3062,#3063,#3064)
    ,(#3065,#3066,#3067,#3068
    )),.UNSPECIFIED.,.F.,.F.,.F.,(2,2),(4,4),(0.,1.),(0.,1.),
  .PIECEWISE_BEZIER_KNOTS.);
#3061 = CARTESIAN_POINT('',(-1.567877696887,6.871081391624,0.));
#3062 = CARTESIAN_POINT('',(-1.624138831001,7.40532117605,0.));
#3063 = CARTESIAN_POINT('',(-1.435581594837,7.935078436096,0.));
#3064 = CARTESIAN_POINT('',(-1.214147014146,8.412838226665,0.));
#3065 = CARTESIAN_POINT('',(-1.567877696887,6.871081391624,10.));
#3066 = CARTESIAN_POINT('',(-1.624138831001,7.40532117605,10.));
#3067 = CARTESIAN_POINT('',(-1.435581594837,7.935078436096,10.));
#3068 = CARTESIAN_POINT('',(-1.214147014146,8.412838226665,10.));
#3069 = DEFINITIONAL_REPRESENTATION('',(#3070),#3074);
#3070 = LINE('',#3071,#3072);
#3071 = CARTESIAN_POINT('',(0.,0.));
#3072 = VECTOR('',#3073,1.);
#3073 = DIRECTION('',(1.,0.));
#3074 = ( GEOMETRIC_REPRESENTATION_CONTEXT(2) 
PARAMETRIC_REPRESENTATION_CONTEXT() REPRESENTATION_CONTEXT('2D SPACE',''
  ) );
#3075 = ADVANCED_FACE('',(#3076),#3060,.T.);
#3076 = FACE_BOUND('',#3077,.T.);
#3077 = EDGE_LOOP('',(#3078,#3103,#3104,#3129));
#3078 = ORIENTED_EDGE('',*,*,#3079,.F.);
#3079 = EDGE_CURVE('',#2997,#3080,#3082,.T.);
#3080 = VERTEX_POINT('',#3081);
#3081 = CARTESIAN_POINT('',(-1.214147014146,8.412838226665,0.));
#3082 = SURFACE_CURVE('',#3083,(#3088,#3095),.PCURVE_S1.);
#3083 = B_SPLINE_CURVE_WITH_KNOTS('',3,(#3084,#3085,#3086,#3087),
  .UNSPECIFIED.,.F.,.F.,(4,4),(0.,1.),.PIECEWISE_BEZIER_KNOTS.);
#3084 = CARTESIAN_POINT('',(-1.567877696887,6.871081391624,0.));
#3085 = CARTESIAN_POINT('',(-1.624138831001,7.40532117605,0.));
#3086 = CARTESIAN_POINT('',(-1.435581594837,7.935078436096,0.));
#3087 = CARTESIAN_POINT('',(-1.214147014146,8.412838226665,0.));
#3088 = PCURVE('',#3060,#3089);
#3089 = DEFINITIONAL_REPRESENTATION('',(#3090),#3094);
#3090 = LINE('',#3091,#3092);
#3091 = CARTESIAN_POINT('',(0.,0.));
#3092 = VECTOR('',#3093,1.);
#3093 = DIRECTION('',(0.,1.));
#3094 = ( GEOMETRIC_REPRESENTATION_CONTEXT(2) 
PARAMETRIC_REPRESENTATION_CONTEXT() REPRESENTATION_CONTEXT('2D SPACE',''
  ) );
#3095 = PCURVE('',#68,#3096);
#3096 = DEFINITIONAL_REPRESENTATION('',(#3097),#3102);
#3097 = B_SPLINE_CURVE_WITH_KNOTS('',3,(#3098,#3099,#3100,#3101),
  .UNSPECIFIED.,.F.,.F.,(4,4),(0.,1.),.PIECEWISE_BEZIER_KNOTS.);
#3098 = CARTESIAN_POINT('',(-1.567877696887,6.871081391624));
#3099 = CARTESIAN_POINT('',(-1.624138831001,7.40532117605));
#3100 = CARTESIAN_POINT('',(-1.435581594837,7.935078436096));
#3101 = CARTESIAN_POINT('',(-1.214147014146,8.412838226665));
#3102 = ( GEOMETRIC_REPRESENTATION_CONTEXT(2) 
PARAMETRIC_REPRESENTATION_CONTEXT() REPRESENTATION_CONTEXT('2D SPACE',''
  ) );
#3103 = ORIENTED_EDGE('',*,*,#3047,.T.);
#3104 = ORIENTED_EDGE('',*,*,#3105,.T.);
#3105 = EDGE_CURVE('',#3023,#3106,#3108,.T.);
#3106 = VERTEX_POINT('',#3107);
#3107 = CARTESIAN_POINT('',(-1.214147014146,8.412838226665,10.));
#3108 = SURFACE_CURVE('',#3109,(#3114,#3121),.PCURVE_S1.);
#3109 = B_SPLINE_CURVE_WITH_KNOTS('',3,(#3110,#3111,#3112,#3113),
  .UNSPECIFIED.,.F.,.F.,(4,4),(0.,1.),.PIECEWISE_BEZIER_KNOTS.);
#3110 = CARTESIAN_POINT('',(-1.567877696887,6.871081391624,10.));
#3111 = CARTESIAN_POINT('',(-1.624138831001,7.40532117605,10.));
#3112 = CARTESIAN_POINT('',(-1.435581594837,7.935078436096,10.));
#3113 = CARTESIAN_POINT('',(-1.214147014146,8.412838226665,10.));
#3114 = PCURVE('',#3060,#3115);
#3115 = DEFINITIONAL_REPRESENTATION('',(#3116),#3120);
#3116 = LINE('',#3117,#3118);
#3117 = CARTESIAN_POINT('',(1.,0.));
#3118 = VECTOR('',#3119,1.);
#3119 = DIRECTION('',(0.,1.));
#3120 = ( GEOMETRIC_REPRESENTATION_CONTEXT(2) 
PARAMETRIC_REPRESENTATION_CONTEXT() REPRESENTATION_CONTEXT('2D SPACE',''
  ) );
#3121 = PCURVE('',#129,#3122);
#3122 = DEFINITIONAL_REPRESENTATION('',(#3123),#3128);
#3123 = B_SPLINE_CURVE_WITH_KNOTS('',3,(#3124,#3125,#3126,#3127),
  .UNSPECIFIED.,.F.,.F.,(4,4),(0.,1.),.PIECEWISE_BEZIER_KNOTS.);
#3124 = CARTESIAN_POINT('',(1.567877696887,6.871081391624));
#3125 = CARTESIAN_POINT('',(1.624138831001,7.40532117605));
#3126 = CARTESIAN_POINT('',(1.435581594837,7.935078436096));
#3127 = CARTESIAN_POINT('',(1.214147014146,8.412838226665));
#3128 = ( GEOMETRIC_REPRESENTATION_CONTEXT(2) 
PARAMETRIC_REPRESENTATION_CONTEXT() REPRESENTATION_CONTEXT('2D SPACE',''
  ) );
#3129 = ORIENTED_EDGE('',*,*,#3130,.F.);
#3130 = EDGE_CURVE('',#3080,#3106,#3131,.T.);
#3131 = SURFACE_CURVE('',#3132,(#3135,#3142),.PCURVE_S1.);
#3132 = B_SPLINE_CURVE_WITH_KNOTS('',1,(#3133,#3134),.UNSPECIFIED.,.F.,
  .F.,(2,2),(0.,1.),.PIECEWISE_BEZIER_KNOTS.);
#3133 = CARTESIAN_POINT('',(-1.214147014146,8.412838226665,0.));
#3134 = CARTESIAN_POINT('',(-1.214147014146,8.412838226665,10.));
#3135 = PCURVE('',#3060,#3136);
#3136 = DEFINITIONAL_REPRESENTATION('',(#3137),#3141);
#3137 = LINE('',#3138,#3139);
#3138 = CARTESIAN_POINT('',(0.,1.));
#3139 = VECTOR('',#3140,1.);
#3140 = DIRECTION('',(1.,0.));
#3141 = ( GEOMETRIC_REPRESENTATION_CONTEXT(2) 
PARAMETRIC_REPRESENTATION_CONTEXT() REPRESENTATION_CONTEXT('2D SPACE',''
  ) );
#3142 = PCURVE('',#3143,#3152);
#3143 = B_SPLINE_SURFACE_WITH_KNOTS('',1,3,(
    (#3144,#3145,#3146,#3147)
    ,(#3148,#3149,#3150,#3151
    )),.UNSPECIFIED.,.F.,.F.,.F.,(2,2),(4,4),(0.,1.),(0.,1.),
  .PIECEWISE_BEZIER_KNOTS.);
#3144 = CARTESIAN_POINT('',(-1.214147014146,8.412838226665,0.));
#3145 = CARTESIAN_POINT('',(-0.997593207139,8.444092339862,0.));
#3146 = CARTESIAN_POINT('',(-0.77983211373,8.466979953055,0.));
#3147 = CARTESIAN_POINT('',(-0.561512431458,8.481432885387,0.));
#3148 = CARTESIAN_POINT('',(-1.214147014146,8.412838226665,10.));
#3149 = CARTESIAN_POINT('',(-0.997593207139,8.444092339862,10.));
#3150 = CARTESIAN_POINT('',(-0.77983211373,8.466979953055,10.));
#3151 = CARTESIAN_POINT('',(-0.561512431458,8.481432885387,10.));
#3152 = DEFINITIONAL_REPRESENTATION('',(#3153),#3157);
#3153 = LINE('',#3154,#3155);
#3154 = CARTESIAN_POINT('',(0.,0.));
#3155 = VECTOR('',#3156,1.);
#3156 = DIRECTION('',(1.,0.));
#3157 = ( GEOMETRIC_REPRESENTATION_CONTEXT(2) 
PARAMETRIC_REPRESENTATION_CONTEXT() REPRESENTATION_CONTEXT('2D SPACE',''
  ) );
#3158 = ADVANCED_FACE('',(#3159),#3143,.T.);
#3159 = FACE_BOUND('',#3160,.T.);
#3160 = EDGE_LOOP('',(#3161,#3186,#3187,#3212));
#3161 = ORIENTED_EDGE('',*,*,#3162,.F.);
#3162 = EDGE_CURVE('',#3080,#3163,#3165,.T.);
#3163 = VERTEX_POINT('',#3164);
#3164 = CARTESIAN_POINT('',(-0.561512431458,8.481432885387,0.));
#3165 = SURFACE_CURVE('',#3166,(#3171,#3178),.PCURVE_S1.);
#3166 = B_SPLINE_CURVE_WITH_KNOTS('',3,(#3167,#3168,#3169,#3170),
  .UNSPECIFIED.,.F.,.F.,(4,4),(0.,1.),.PIECEWISE_BEZIER_KNOTS.);
#3167 = CARTESIAN_POINT('',(-1.214147014146,8.412838226665,0.));
#3168 = CARTESIAN_POINT('',(-0.997593207139,8.444092339862,0.));
#3169 = CARTESIAN_POINT('',(-0.77983211373,8.466979953055,0.));
#3170 = CARTESIAN_POINT('',(-0.561512431458,8.481432885387,0.));
#3171 = PCURVE('',#3143,#3172);
#3172 = DEFINITIONAL_REPRESENTATION('',(#3173),#3177);
#3173 = LINE('',#3174,#3175);
#3174 = CARTESIAN_POINT('',(0.,0.));
#3175 = VECTOR('',#3176,1.);
#3176 = DIRECTION('',(0.,1.));
#3177 = ( GEOMETRIC_REPRESENTATION_CONTEXT(2) 
PARAMETRIC_REPRESENTATION_CONTEXT() REPRESENTATION_CONTEXT('2D SPACE',''
  ) );
#3178 = PCURVE('',#68,#3179);
#3179 = DEFINITIONAL_REPRESENTATION('',(#3180),#3185);
#3180 = B_SPLINE_CURVE_WITH_KNOTS('',3,(#3181,#3182,#3183,#3184),
  .UNSPECIFIED.,.F.,.F.,(4,4),(0.,1.),.PIECEWISE_BEZIER_KNOTS.);
#3181 = CARTESIAN_POINT('',(-1.214147014146,8.412838226665));
#3182 = CARTESIAN_POINT('',(-0.997593207139,8.444092339862));
#3183 = CARTESIAN_POINT('',(-0.77983211373,8.466979953055));
#3184 = CARTESIAN_POINT('',(-0.561512431458,8.481432885387));
#3185 = ( GEOMETRIC_REPRESENTATION_CONTEXT(2) 
PARAMETRIC_REPRESENTATION_CONTEXT() REPRESENTATION_CONTEXT('2D SPACE',''
  ) );
#3186 = ORIENTED_EDGE('',*,*,#3130,.T.);
#3187 = ORIENTED_EDGE('',*,*,#3188,.T.);
#3188 = EDGE_CURVE('',#3106,#3189,#3191,.T.);
#3189 = VERTEX_POINT('',#3190);
#3190 = CARTESIAN_POINT('',(-0.561512431458,8.481432885387,10.));
#3191 = SURFACE_CURVE('',#3192,(#3197,#3204),.PCURVE_S1.);
#3192 = B_SPLINE_CURVE_WITH_KNOTS('',3,(#3193,#3194,#3195,#3196),
  .UNSPECIFIED.,.F.,.F.,(4,4),(0.,1.),.PIECEWISE_BEZIER_KNOTS.);
#3193 = CARTESIAN_POINT('',(-1.214147014146,8.412838226665,10.));
#3194 = CARTESIAN_POINT('',(-0.997593207139,8.444092339862,10.));
#3195 = CARTESIAN_POINT('',(-0.77983211373,8.466979953055,10.));
#3196 = CARTESIAN_POINT('',(-0.561512431458,8.481432885387,10.));
#3197 = PCURVE('',#3143,#3198);
#3198 = DEFINITIONAL_REPRESENTATION('',(#3199),#3203);
#3199 = LINE('',#3200,#3201);
#3200 = CARTESIAN_POINT('',(1.,0.));
#3201 = VECTOR('',#3202,1.);
#3202 = DIRECTION('',(0.,1.));
#3203 = ( GEOMETRIC_REPRESENTATION_CONTEXT(2) 
PARAMETRIC_REPRESENTATION_CONTEXT() REPRESENTATION_CONTEXT('2D SPACE',''
  ) );
#3204 = PCURVE('',#129,#3205);
#3205 = DEFINITIONAL_REPRESENTATION('',(#3206),#3211);
#3206 = B_SPLINE_CURVE_WITH_KNOTS('',3,(#3207,#3208,#3209,#3210),
  .UNSPECIFIED.,.F.,.F.,(4,4),(0.,1.),.PIECEWISE_BEZIER_KNOTS.);
#3207 = CARTESIAN_POINT('',(1.214147014146,8.412838226665));
#3208 = CARTESIAN_POINT('',(0.997593207139,8.444092339862));
#3209 = CARTESIAN_POINT('',(0.77983211373,8.466979953055));
#3210 = CARTESIAN_POINT('',(0.561512431458,8.481432885387));
#3211 = ( GEOMETRIC_REPRESENTATION_CONTEXT(2) 
PARAMETRIC_REPRESENTATION_CONTEXT() REPRESENTATION_CONTEXT('2D SPACE',''
  ) );
#3212 = ORIENTED_EDGE('',*,*,#3213,.F.);
#3213 = EDGE_CURVE('',#3163,#3189,#3214,.T.);
#3214 = SURFACE_CURVE('',#3215,(#3218,#3225),.PCURVE_S1.);
#3215 = B_SPLINE_CURVE_WITH_KNOTS('',1,(#3216,#3217),.UNSPECIFIED.,.F.,
  .F.,(2,2),(0.,1.),.PIECEWISE_BEZIER_KNOTS.);
#3216 = CARTESIAN_POINT('',(-0.561512431458,8.481432885387,0.));
#3217 = CARTESIAN_POINT('',(-0.561512431458,8.481432885387,10.));
#3218 = PCURVE('',#3143,#3219);
#3219 = DEFINITIONAL_REPRESENTATION('',(#3220),#3224);
#3220 = LINE('',#3221,#3222);
#3221 = CARTESIAN_POINT('',(0.,1.));
#3222 = VECTOR('',#3223,1.);
#3223 = DIRECTION('',(1.,0.));
#3224 = ( GEOMETRIC_REPRESENTATION_CONTEXT(2) 
PARAMETRIC_REPRESENTATION_CONTEXT() REPRESENTATION_CONTEXT('2D SPACE',''
  ) );
#3225 = PCURVE('',#3226,#3235);
#3226 = B_SPLINE_SURFACE_WITH_KNOTS('',1,3,(
    (#3227,#3228,#3229,#3230)
    ,(#3231,#3232,#3233,#3234
    )),.UNSPECIFIED.,.F.,.F.,.F.,(2,2),(4,4),(0.,1.),(0.,1.),
  .PIECEWISE_BEZIER_KNOTS.);
#3227 = CARTESIAN_POINT('',(-0.561512431458,8.481432885387,0.));
#3228 = CARTESIAN_POINT('',(-0.245584881773,8.060152130591,0.));
#3229 = CARTESIAN_POINT('',(4.899465404118E-02,7.581174591493,0.));
#3230 = CARTESIAN_POINT('',(0.105037657575,7.046911880619,0.));
#3231 = CARTESIAN_POINT('',(-0.561512431458,8.481432885387,10.));
#3232 = CARTESIAN_POINT('',(-0.245584881773,8.060152130591,10.));
#3233 = CARTESIAN_POINT('',(4.899465404118E-02,7.581174591493,10.));
#3234 = CARTESIAN_POINT('',(0.105037657575,7.046911880619,10.));
#3235 = DEFINITIONAL_REPRESENTATION('',(#3236),#3240);
#3236 = LINE('',#3237,#3238);
#3237 = CARTESIAN_POINT('',(0.,0.));
#3238 = VECTOR('',#3239,1.);
#3239 = DIRECTION('',(1.,0.));
#3240 = ( GEOMETRIC_REPRESENTATION_CONTEXT(2) 
PARAMETRIC_REPRESENTATION_CONTEXT() REPRESENTATION_CONTEXT('2D SPACE',''
  ) );
#3241 = ADVANCED_FACE('',(#3242),#3226,.T.);
#3242 = FACE_BOUND('',#3243,.T.);
#3243 = EDGE_LOOP('',(#3244,#3269,#3270,#3295));
#3244 = ORIENTED_EDGE('',*,*,#3245,.F.);
#3245 = EDGE_CURVE('',#3163,#3246,#3248,.T.);
#3246 = VERTEX_POINT('',#3247);
#3247 = CARTESIAN_POINT('',(0.105037657575,7.046911880619,0.));
#3248 = SURFACE_CURVE('',#3249,(#3254,#3261),.PCURVE_S1.);
#3249 = B_SPLINE_CURVE_WITH_KNOTS('',3,(#3250,#3251,#3252,#3253),
  .UNSPECIFIED.,.F.,.F.,(4,4),(0.,1.),.PIECEWISE_BEZIER_KNOTS.);
#3250 = CARTESIAN_POINT('',(-0.561512431458,8.481432885387,0.));
#3251 = CARTESIAN_POINT('',(-0.245584881773,8.060152130591,0.));
#3252 = CARTESIAN_POINT('',(4.899465404118E-02,7.581174591493,0.));
#3253 = CARTESIAN_POINT('',(0.105037657575,7.046911880619,0.));
#3254 = PCURVE('',#3226,#3255);
#3255 = DEFINITIONAL_REPRESENTATION('',(#3256),#3260);
#3256 = LINE('',#3257,#3258);
#3257 = CARTESIAN_POINT('',(0.,0.));
#3258 = VECTOR('',#3259,1.);
#3259 = DIRECTION('',(0.,1.));
#3260 = ( GEOMETRIC_REPRESENTATION_CONTEXT(2) 
PARAMETRIC_REPRESENTATION_CONTEXT() REPRESENTATION_CONTEXT('2D SPACE',''
  ) );
#3261 = PCURVE('',#68,#3262);
#3262 = DEFINITIONAL_REPRESENTATION('',(#3263),#3268);
#3263 = B_SPLINE_CURVE_WITH_KNOTS('',3,(#3264,#3265,#3266,#3267),
  .UNSPECIFIED.,.F.,.F.,(4,4),(0.,1.),.PIECEWISE_BEZIER_KNOTS.);
#3264 = CARTESIAN_POINT('',(-0.561512431458,8.481432885387));
#3265 = CARTESIAN_POINT('',(-0.245584881773,8.060152130591));
#3266 = CARTESIAN_POINT('',(4.899465404118E-02,7.581174591493));
#3267 = CARTESIAN_POINT('',(0.105037657575,7.046911880619));
#3268 = ( GEOMETRIC_REPRESENTATION_CONTEXT(2) 
PARAMETRIC_REPRESENTATION_CONTEXT() REPRESENTATION_CONTEXT('2D SPACE',''
  ) );
#3269 = ORIENTED_EDGE('',*,*,#3213,.T.);
#3270 = ORIENTED_EDGE('',*,*,#3271,.T.);
#3271 = EDGE_CURVE('',#3189,#3272,#3274,.T.);
#3272 = VERTEX_POINT('',#3273);
#3273 = CARTESIAN_POINT('',(0.105037657575,7.046911880619,10.));
#3274 = SURFACE_CURVE('',#3275,(#3280,#3287),.PCURVE_S1.);
#3275 = B_SPLINE_CURVE_WITH_KNOTS('',3,(#3276,#3277,#3278,#3279),
  .UNSPECIFIED.,.F.,.F.,(4,4),(0.,1.),.PIECEWISE_BEZIER_KNOTS.);
#3276 = CARTESIAN_POINT('',(-0.561512431458,8.481432885387,10.));
#3277 = CARTESIAN_POINT('',(-0.245584881773,8.060152130591,10.));
#3278 = CARTESIAN_POINT('',(4.899465404118E-02,7.581174591493,10.));
#3279 = CARTESIAN_POINT('',(0.105037657575,7.046911880619,10.));
#3280 = PCURVE('',#3226,#3281);
#3281 = DEFINITIONAL_REPRESENTATION('',(#3282),#3286);
#3282 = LINE('',#3283,#3284);
#3283 = CARTESIAN_POINT('',(1.,0.));
#3284 = VECTOR('',#3285,1.);
#3285 = DIRECTION('',(0.,1.));
#3286 = ( GEOMETRIC_REPRESENTATION_CONTEXT(2) 
PARAMETRIC_REPRESENTATION_CONTEXT() REPRESENTATION_CONTEXT('2D SPACE',''
  ) );
#3287 = PCURVE('',#129,#3288);
#3288 = DEFINITIONAL_REPRESENTATION('',(#3289),#3294);
#3289 = B_SPLINE_CURVE_WITH_KNOTS('',3,(#3290,#3291,#3292,#3293),
  .UNSPECIFIED.,.F.,.F.,(4,4),(0.,1.),.PIECEWISE_BEZIER_KNOTS.);
#3290 = CARTESIAN_POINT('',(0.561512431458,8.481432885387));
#3291 = CARTESIAN_POINT('',(0.245584881773,8.060152130591));
#3292 = CARTESIAN_POINT('',(-4.899465404118E-02,7.581174591493));
#3293 = CARTESIAN_POINT('',(-0.105037657575,7.046911880619));
#3294 = ( GEOMETRIC_REPRESENTATION_CONTEXT(2) 
PARAMETRIC_REPRESENTATION_CONTEXT() REPRESENTATION_CONTEXT('2D SPACE',''
  ) );
#3295 = ORIENTED_EDGE('',*,*,#3296,.F.);
#3296 = EDGE_CURVE('',#3246,#3272,#3297,.T.);
#3297 = SURFACE_CURVE('',#3298,(#3301,#3308),.PCURVE_S1.);
#3298 = B_SPLINE_CURVE_WITH_KNOTS('',1,(#3299,#3300),.UNSPECIFIED.,.F.,
  .F.,(2,2),(0.,1.),.PIECEWISE_BEZIER_KNOTS.);
#3299 = CARTESIAN_POINT('',(0.105037657575,7.046911880619,0.));
#3300 = CARTESIAN_POINT('',(0.105037657575,7.046911880619,10.));
#3301 = PCURVE('',#3226,#3302);
#3302 = DEFINITIONAL_REPRESENTATION('',(#3303),#3307);
#3303 = LINE('',#3304,#3305);
#3304 = CARTESIAN_POINT('',(0.,1.));
#3305 = VECTOR('',#3306,1.);
#3306 = DIRECTION('',(1.,0.));
#3307 = ( GEOMETRIC_REPRESENTATION_CONTEXT(2) 
PARAMETRIC_REPRESENTATION_CONTEXT() REPRESENTATION_CONTEXT('2D SPACE',''
  ) );
#3308 = PCURVE('',#3309,#3318);
#3309 = B_SPLINE_SURFACE_WITH_KNOTS('',1,3,(
    (#3310,#3311,#3312,#3313)
    ,(#3314,#3315,#3316,#3317
    )),.UNSPECIFIED.,.F.,.F.,.F.,(2,2),(4,4),(0.,1.),(0.,1.),
  .PIECEWISE_BEZIER_KNOTS.);
#3310 = CARTESIAN_POINT('',(0.105037657575,7.046911880619,0.));
#3311 = CARTESIAN_POINT('',(-0.126251675262,6.04638209383,0.));
#3312 = CARTESIAN_POINT('',(1.380606297705,5.888004938928,0.));
#3313 = CARTESIAN_POINT('',(1.3623930314,6.914758505596,0.));
#3314 = CARTESIAN_POINT('',(0.105037657575,7.046911880619,10.));
#3315 = CARTESIAN_POINT('',(-0.126251675262,6.04638209383,10.));
#3316 = CARTESIAN_POINT('',(1.380606297705,5.888004938928,10.));
#3317 = CARTESIAN_POINT('',(1.3623930314,6.914758505596,10.));
#3318 = DEFINITIONAL_REPRESENTATION('',(#3319),#3323);
#3319 = LINE('',#3320,#3321);
#3320 = CARTESIAN_POINT('',(0.,0.));
#3321 = VECTOR('',#3322,1.);
#3322 = DIRECTION('',(1.,0.));
#3323 = ( GEOMETRIC_REPRESENTATION_CONTEXT(2) 
PARAMETRIC_REPRESENTATION_CONTEXT() REPRESENTATION_CONTEXT('2D SPACE',''
  ) );
#3324 = ADVANCED_FACE('',(#3325),#3309,.T.);
#3325 = FACE_BOUND('',#3326,.T.);
#3326 = EDGE_LOOP('',(#3327,#3352,#3353,#3378));
#3327 = ORIENTED_EDGE('',*,*,#3328,.F.);
#3328 = EDGE_CURVE('',#3246,#3329,#3331,.T.);
#3329 = VERTEX_POINT('',#3330);
#3330 = CARTESIAN_POINT('',(1.3623930314,6.914758505596,0.));
#3331 = SURFACE_CURVE('',#3332,(#3337,#3344),.PCURVE_S1.);
#3332 = B_SPLINE_CURVE_WITH_KNOTS('',3,(#3333,#3334,#3335,#3336),
  .UNSPECIFIED.,.F.,.F.,(4,4),(0.,1.),.PIECEWISE_BEZIER_KNOTS.);
#3333 = CARTESIAN_POINT('',(0.105037657575,7.046911880619,0.));
#3334 = CARTESIAN_POINT('',(-0.126251675262,6.04638209383,0.));
#3335 = CARTESIAN_POINT('',(1.380606297705,5.888004938928,0.));
#3336 = CARTESIAN_POINT('',(1.3623930314,6.914758505596,0.));
#3337 = PCURVE('',#3309,#3338);
#3338 = DEFINITIONAL_REPRESENTATION('',(#3339),#3343);
#3339 = LINE('',#3340,#3341);
#3340 = CARTESIAN_POINT('',(0.,0.));
#3341 = VECTOR('',#3342,1.);
#3342 = DIRECTION('',(0.,1.));
#3343 = ( GEOMETRIC_REPRESENTATION_CONTEXT(2) 
PARAMETRIC_REPRESENTATION_CONTEXT() REPRESENTATION_CONTEXT('2D SPACE',''
  ) );
#3344 = PCURVE('',#68,#3345);
#3345 = DEFINITIONAL_REPRESENTATION('',(#3346),#3351);
#3346 = B_SPLINE_CURVE_WITH_KNOTS('',3,(#3347,#3348,#3349,#3350),
  .UNSPECIFIED.,.F.,.F.,(4,4),(0.,1.),.PIECEWISE_BEZIER_KNOTS.);
#3347 = CARTESIAN_POINT('',(0.105037657575,7.046911880619));
#3348 = CARTESIAN_POINT('',(-0.126251675262,6.04638209383));
#3349 = CARTESIAN_POINT('',(1.380606297705,5.888004938928));
#3350 = CARTESIAN_POINT('',(1.3623930314,6.914758505596));
#3351 = ( GEOMETRIC_REPRESENTATION_CONTEXT(2) 
PARAMETRIC_REPRESENTATION_CONTEXT() REPRESENTATION_CONTEXT('2D SPACE',''
  ) );
#3352 = ORIENTED_EDGE('',*,*,#3296,.T.);
#3353 = ORIENTED_EDGE('',*,*,#3354,.T.);
#3354 = EDGE_CURVE('',#3272,#3355,#3357,.T.);
#3355 = VERTEX_POINT('',#3356);
#3356 = CARTESIAN_POINT('',(1.3623930314,6.914758505596,10.));
#3357 = SURFACE_CURVE('',#3358,(#3363,#3370),.PCURVE_S1.);
#3358 = B_SPLINE_CURVE_WITH_KNOTS('',3,(#3359,#3360,#3361,#3362),
  .UNSPECIFIED.,.F.,.F.,(4,4),(0.,1.),.PIECEWISE_BEZIER_KNOTS.);
#3359 = CARTESIAN_POINT('',(0.105037657575,7.046911880619,10.));
#3360 = CARTESIAN_POINT('',(-0.126251675262,6.04638209383,10.));
#3361 = CARTESIAN_POINT('',(1.380606297705,5.888004938928,10.));
#3362 = CARTESIAN_POINT('',(1.3623930314,6.914758505596,10.));
#3363 = PCURVE('',#3309,#3364);
#3364 = DEFINITIONAL_REPRESENTATION('',(#3365),#3369);
#3365 = LINE('',#3366,#3367);
#3366 = CARTESIAN_POINT('',(1.,0.));
#3367 = VECTOR('',#3368,1.);
#3368 = DIRECTION('',(0.,1.));
#3369 = ( GEOMETRIC_REPRESENTATION_CONTEXT(2) 
PARAMETRIC_REPRESENTATION_CONTEXT() REPRESENTATION_CONTEXT('2D SPACE',''
  ) );
#3370 = PCURVE('',#129,#3371);
#3371 = DEFINITIONAL_REPRESENTATION('',(#3372),#3377);
#3372 = B_SPLINE_CURVE_WITH_KNOTS('',3,(#3373,#3374,#3375,#3376),
  .UNSPECIFIED.,.F.,.F.,(4,4),(0.,1.),.PIECEWISE_BEZIER_KNOTS.);
#3373 = CARTESIAN_POINT('',(-0.105037657575,7.046911880619));
#3374 = CARTESIAN_POINT('',(0.126251675262,6.04638209383));
#3375 = CARTESIAN_POINT('',(-1.380606297705,5.888004938928));
#3376 = CARTESIAN_POINT('',(-1.3623930314,6.914758505596));
#3377 = ( GEOMETRIC_REPRESENTATION_CONTEXT(2) 
PARAMETRIC_REPRESENTATION_CONTEXT() REPRESENTATION_CONTEXT('2D SPACE',''
  ) );
#3378 = ORIENTED_EDGE('',*,*,#3379,.F.);
#3379 = EDGE_CURVE('',#3329,#3355,#3380,.T.);
#3380 = SURFACE_CURVE('',#3381,(#3384,#3391),.PCURVE_S1.);
#3381 = B_SPLINE_CURVE_WITH_KNOTS('',1,(#3382,#3383),.UNSPECIFIED.,.F.,
  .F.,(2,2),(0.,1.),.PIECEWISE_BEZIER_KNOTS.);
#3382 = CARTESIAN_POINT('',(1.3623930314,6.914758505596,0.));
#3383 = CARTESIAN_POINT('',(1.3623930314,6.914758505596,10.));
#3384 = PCURVE('',#3309,#3385);
#3385 = DEFINITIONAL_REPRESENTATION('',(#3386),#3390);
#3386 = LINE('',#3387,#3388);
#3387 = CARTESIAN_POINT('',(0.,1.));
#3388 = VECTOR('',#3389,1.);
#3389 = DIRECTION('',(1.,0.));
#3390 = ( GEOMETRIC_REPRESENTATION_CONTEXT(2) 
PARAMETRIC_REPRESENTATION_CONTEXT() REPRESENTATION_CONTEXT('2D SPACE',''
  ) );
#3391 = PCURVE('',#3392,#3401);
#3392 = B_SPLINE_SURFACE_WITH_KNOTS('',1,3,(
    (#3393,#3394,#3395,#3396)
    ,(#3397,#3398,#3399,#3400
    )),.UNSPECIFIED.,.F.,.F.,.F.,(2,2),(4,4),(0.,1.),(0.,1.),
  .PIECEWISE_BEZIER_KNOTS.);
#3393 = CARTESIAN_POINT('',(1.3623930314,6.914758505596,0.));
#3394 = CARTESIAN_POINT('',(1.528290824403,7.425694298776,0.));
#3395 = CARTESIAN_POINT('',(1.916018120602,7.832958500079,0.));
#3396 = CARTESIAN_POINT('',(2.312631089371,8.179348228586,0.));
#3397 = CARTESIAN_POINT('',(1.3623930314,6.914758505596,10.));
#3398 = CARTESIAN_POINT('',(1.528290824403,7.425694298776,10.));
#3399 = CARTESIAN_POINT('',(1.916018120602,7.832958500079,10.));
#3400 = CARTESIAN_POINT('',(2.312631089371,8.179348228586,10.));
#3401 = DEFINITIONAL_REPRESENTATION('',(#3402),#3406);
#3402 = LINE('',#3403,#3404);
#3403 = CARTESIAN_POINT('',(0.,0.));
#3404 = VECTOR('',#3405,1.);
#3405 = DIRECTION('',(1.,0.));
#3406 = ( GEOMETRIC_REPRESENTATION_CONTEXT(2) 
PARAMETRIC_REPRESENTATION_CONTEXT() REPRESENTATION_CONTEXT('2D SPACE',''
  ) );
#3407 = ADVANCED_FACE('',(#3408),#3392,.T.);
#3408 = FACE_BOUND('',#3409,.T.);
#3409 = EDGE_LOOP('',(#3410,#3435,#3436,#3461));
#3410 = ORIENTED_EDGE('',*,*,#3411,.F.);
#3411 = EDGE_CURVE('',#3329,#3412,#3414,.T.);
#3412 = VERTEX_POINT('',#3413);
#3413 = CARTESIAN_POINT('',(2.312631089371,8.179348228586,0.));
#3414 = SURFACE_CURVE('',#3415,(#3420,#3427),.PCURVE_S1.);
#3415 = B_SPLINE_CURVE_WITH_KNOTS('',3,(#3416,#3417,#3418,#3419),
  .UNSPECIFIED.,.F.,.F.,(4,4),(0.,1.),.PIECEWISE_BEZIER_KNOTS.);
#3416 = CARTESIAN_POINT('',(1.3623930314,6.914758505596,0.));
#3417 = CARTESIAN_POINT('',(1.528290824403,7.425694298776,0.));
#3418 = CARTESIAN_POINT('',(1.916018120602,7.832958500079,0.));
#3419 = CARTESIAN_POINT('',(2.312631089371,8.179348228586,0.));
#3420 = PCURVE('',#3392,#3421);
#3421 = DEFINITIONAL_REPRESENTATION('',(#3422),#3426);
#3422 = LINE('',#3423,#3424);
#3423 = CARTESIAN_POINT('',(0.,0.));
#3424 = VECTOR('',#3425,1.);
#3425 = DIRECTION('',(0.,1.));
#3426 = ( GEOMETRIC_REPRESENTATION_CONTEXT(2) 
PARAMETRIC_REPRESENTATION_CONTEXT() REPRESENTATION_CONTEXT('2D SPACE',''
  ) );
#3427 = PCURVE('',#68,#3428);
#3428 = DEFINITIONAL_REPRESENTATION('',(#3429),#3434);
#3429 = B_SPLINE_CURVE_WITH_KNOTS('',3,(#3430,#3431,#3432,#3433),
  .UNSPECIFIED.,.F.,.F.,(4,4),(0.,1.),.PIECEWISE_BEZIER_KNOTS.);
#3430 = CARTESIAN_POINT('',(1.3623930314,6.914758505596));
#3431 = CARTESIAN_POINT('',(1.528290824403,7.425694298776));
#3432 = CARTESIAN_POINT('',(1.916018120602,7.832958500079));
#3433 = CARTESIAN_POINT('',(2.312631089371,8.179348228586));
#3434 = ( GEOMETRIC_REPRESENTATION_CONTEXT(2) 
PARAMETRIC_REPRESENTATION_CONTEXT() REPRESENTATION_CONTEXT('2D SPACE',''
  ) );
#3435 = ORIENTED_EDGE('',*,*,#3379,.T.);
#3436 = ORIENTED_EDGE('',*,*,#3437,.T.);
#3437 = EDGE_CURVE('',#3355,#3438,#3440,.T.);
#3438 = VERTEX_POINT('',#3439);
#3439 = CARTESIAN_POINT('',(2.312631089371,8.179348228586,10.));
#3440 = SURFACE_CURVE('',#3441,(#3446,#3453),.PCURVE_S1.);
#3441 = B_SPLINE_CURVE_WITH_KNOTS('',3,(#3442,#3443,#3444,#3445),
  .UNSPECIFIED.,.F.,.F.,(4,4),(0.,1.),.PIECEWISE_BEZIER_KNOTS.);
#3442 = CARTESIAN_POINT('',(1.3623930314,6.914758505596,10.));
#3443 = CARTESIAN_POINT('',(1.528290824403,7.425694298776,10.));
#3444 = CARTESIAN_POINT('',(1.916018120602,7.832958500079,10.));
#3445 = CARTESIAN_POINT('',(2.312631089371,8.179348228586,10.));
#3446 = PCURVE('',#3392,#3447);
#3447 = DEFINITIONAL_REPRESENTATION('',(#3448),#3452);
#3448 = LINE('',#3449,#3450);
#3449 = CARTESIAN_POINT('',(1.,0.));
#3450 = VECTOR('',#3451,1.);
#3451 = DIRECTION('',(0.,1.));
#3452 = ( GEOMETRIC_REPRESENTATION_CONTEXT(2) 
PARAMETRIC_REPRESENTATION_CONTEXT() REPRESENTATION_CONTEXT('2D SPACE',''
  ) );
#3453 = PCURVE('',#129,#3454);
#3454 = DEFINITIONAL_REPRESENTATION('',(#3455),#3460);
#3455 = B_SPLINE_CURVE_WITH_KNOTS('',3,(#3456,#3457,#3458,#3459),
  .UNSPECIFIED.,.F.,.F.,(4,4),(0.,1.),.PIECEWISE_BEZIER_KNOTS.);
#3456 = CARTESIAN_POINT('',(-1.3623930314,6.914758505596));
#3457 = CARTESIAN_POINT('',(-1.528290824403,7.425694298776));
#3458 = CARTESIAN_POINT('',(-1.916018120602,7.832958500079));
#3459 = CARTESIAN_POINT('',(-2.312631089371,8.179348228586));
#3460 = ( GEOMETRIC_REPRESENTATION_CONTEXT(2) 
PARAMETRIC_REPRESENTATION_CONTEXT() REPRESENTATION_CONTEXT('2D SPACE',''
  ) );
#3461 = ORIENTED_EDGE('',*,*,#3462,.F.);
#3462 = EDGE_CURVE('',#3412,#3438,#3463,.T.);
#3463 = SURFACE_CURVE('',#3464,(#3467,#3474),.PCURVE_S1.);
#3464 = B_SPLINE_CURVE_WITH_KNOTS('',1,(#3465,#3466),.UNSPECIFIED.,.F.,
  .F.,(2,2),(0.,1.),.PIECEWISE_BEZIER_KNOTS.);
#3465 = CARTESIAN_POINT('',(2.312631089371,8.179348228586,0.));
#3466 = CARTESIAN_POINT('',(2.312631089371,8.179348228586,10.));
#3467 = PCURVE('',#3392,#3468);
#3468 = DEFINITIONAL_REPRESENTATION('',(#3469),#3473);
#3469 = LINE('',#3470,#3471);
#3470 = CARTESIAN_POINT('',(0.,1.));
#3471 = VECTOR('',#3472,1.);
#3472 = DIRECTION('',(1.,0.));
#3473 = ( GEOMETRIC_REPRESENTATION_CONTEXT(2) 
PARAMETRIC_REPRESENTATION_CONTEXT() REPRESENTATION_CONTEXT('2D SPACE',''
  ) );
#3474 = PCURVE('',#3475,#3484);
#3475 = B_SPLINE_SURFACE_WITH_KNOTS('',1,3,(
    (#3476,#3477,#3478,#3479)
    ,(#3480,#3481,#3482,#3483
    )),.UNSPECIFIED.,.F.,.F.,.F.,(2,2),(4,4),(0.,1.),(0.,1.),
  .PIECEWISE_BEZIER_KNOTS.);
#3476 = CARTESIAN_POINT('',(2.312631089371,8.179348228586,0.));
#3477 = CARTESIAN_POINT('',(2.52317502918,8.119819913222,0.));
#3478 = CARTESIAN_POINT('',(2.731418917874,8.052157372166,0.));
#3479 = CARTESIAN_POINT('',(2.936742409107,7.976562168162,0.));
#3480 = CARTESIAN_POINT('',(2.312631089371,8.179348228586,10.));
#3481 = CARTESIAN_POINT('',(2.52317502918,8.119819913222,10.));
#3482 = CARTESIAN_POINT('',(2.731418917874,8.052157372166,10.));
#3483 = CARTESIAN_POINT('',(2.936742409107,7.976562168162,10.));
#3484 = DEFINITIONAL_REPRESENTATION('',(#3485),#3489);
#3485 = LINE('',#3486,#3487);
#3486 = CARTESIAN_POINT('',(0.,0.));
#3487 = VECTOR('',#3488,1.);
#3488 = DIRECTION('',(1.,0.));
#3489 = ( GEOMETRIC_REPRESENTATION_CONTEXT(2) 
PARAMETRIC_REPRESENTATION_CONTEXT() REPRESENTATION_CONTEXT('2D SPACE',''
  ) );
#3490 = ADVANCED_FACE('',(#3491),#3475,.T.);
#3491 = FACE_BOUND('',#3492,.T.);
#3492 = EDGE_LOOP('',(#3493,#3518,#3519,#3544));
#3493 = ORIENTED_EDGE('',*,*,#3494,.F.);
#3494 = EDGE_CURVE('',#3412,#3495,#3497,.T.);
#3495 = VERTEX_POINT('',#3496);
#3496 = CARTESIAN_POINT('',(2.936742409107,7.976562168162,0.));
#3497 = SURFACE_CURVE('',#3498,(#3503,#3510),.PCURVE_S1.);
#3498 = B_SPLINE_CURVE_WITH_KNOTS('',3,(#3499,#3500,#3501,#3502),
  .UNSPECIFIED.,.F.,.F.,(4,4),(0.,1.),.PIECEWISE_BEZIER_KNOTS.);
#3499 = CARTESIAN_POINT('',(2.312631089371,8.179348228586,0.));
#3500 = CARTESIAN_POINT('',(2.52317502918,8.119819913222,0.));
#3501 = CARTESIAN_POINT('',(2.731418917874,8.052157372166,0.));
#3502 = CARTESIAN_POINT('',(2.936742409107,7.976562168162,0.));
#3503 = PCURVE('',#3475,#3504);
#3504 = DEFINITIONAL_REPRESENTATION('',(#3505),#3509);
#3505 = LINE('',#3506,#3507);
#3506 = CARTESIAN_POINT('',(0.,0.));
#3507 = VECTOR('',#3508,1.);
#3508 = DIRECTION('',(0.,1.));
#3509 = ( GEOMETRIC_REPRESENTATION_CONTEXT(2) 
PARAMETRIC_REPRESENTATION_CONTEXT() REPRESENTATION_CONTEXT('2D SPACE',''
  ) );
#3510 = PCURVE('',#68,#3511);
#3511 = DEFINITIONAL_REPRESENTATION('',(#3512),#3517);
#3512 = B_SPLINE_CURVE_WITH_KNOTS('',3,(#3513,#3514,#3515,#3516),
  .UNSPECIFIED.,.F.,.F.,(4,4),(0.,1.),.PIECEWISE_BEZIER_KNOTS.);
#3513 = CARTESIAN_POINT('',(2.312631089371,8.179348228586));
#3514 = CARTESIAN_POINT('',(2.52317502918,8.119819913222));
#3515 = CARTESIAN_POINT('',(2.731418917874,8.052157372166));
#3516 = CARTESIAN_POINT('',(2.936742409107,7.976562168162));
#3517 = ( GEOMETRIC_REPRESENTATION_CONTEXT(2) 
PARAMETRIC_REPRESENTATION_CONTEXT() REPRESENTATION_CONTEXT('2D SPACE',''
  ) );
#3518 = ORIENTED_EDGE('',*,*,#3462,.T.);
#3519 = ORIENTED_EDGE('',*,*,#3520,.T.);
#3520 = EDGE_CURVE('',#3438,#3521,#3523,.T.);
#3521 = VERTEX_POINT('',#3522);
#3522 = CARTESIAN_POINT('',(2.936742409107,7.976562168162,10.));
#3523 = SURFACE_CURVE('',#3524,(#3529,#3536),.PCURVE_S1.);
#3524 = B_SPLINE_CURVE_WITH_KNOTS('',3,(#3525,#3526,#3527,#3528),
  .UNSPECIFIED.,.F.,.F.,(4,4),(0.,1.),.PIECEWISE_BEZIER_KNOTS.);
#3525 = CARTESIAN_POINT('',(2.312631089371,8.179348228586,10.));
#3526 = CARTESIAN_POINT('',(2.52317502918,8.119819913222,10.));
#3527 = CARTESIAN_POINT('',(2.731418917874,8.052157372166,10.));
#3528 = CARTESIAN_POINT('',(2.936742409107,7.976562168162,10.));
#3529 = PCURVE('',#3475,#3530);
#3530 = DEFINITIONAL_REPRESENTATION('',(#3531),#3535);
#3531 = LINE('',#3532,#3533);
#3532 = CARTESIAN_POINT('',(1.,0.));
#3533 = VECTOR('',#3534,1.);
#3534 = DIRECTION('',(0.,1.));
#3535 = ( GEOMETRIC_REPRESENTATION_CONTEXT(2) 
PARAMETRIC_REPRESENTATION_CONTEXT() REPRESENTATION_CONTEXT('2D SPACE',''
  ) );
#3536 = PCURVE('',#129,#3537);
#3537 = DEFINITIONAL_REPRESENTATION('',(#3538),#3543);
#3538 = B_SPLINE_CURVE_WITH_KNOTS('',3,(#3539,#3540,#3541,#3542),
  .UNSPECIFIED.,.F.,.F.,(4,4),(0.,1.),.PIECEWISE_BEZIER_KNOTS.);
#3539 = CARTESIAN_POINT('',(-2.312631089371,8.179348228586));
#3540 = CARTESIAN_POINT('',(-2.52317502918,8.119819913222));
#3541 = CARTESIAN_POINT('',(-2.731418917874,8.052157372166));
#3542 = CARTESIAN_POINT('',(-2.936742409107,7.976562168162));
#3543 = ( GEOMETRIC_REPRESENTATION_CONTEXT(2) 
PARAMETRIC_REPRESENTATION_CONTEXT() REPRESENTATION_CONTEXT('2D SPACE',''
  ) );
#3544 = ORIENTED_EDGE('',*,*,#3545,.F.);
#3545 = EDGE_CURVE('',#3495,#3521,#3546,.T.);
#3546 = SURFACE_CURVE('',#3547,(#3550,#3557),.PCURVE_S1.);
#3547 = B_SPLINE_CURVE_WITH_KNOTS('',1,(#3548,#3549),.UNSPECIFIED.,.F.,
  .F.,(2,2),(0.,1.),.PIECEWISE_BEZIER_KNOTS.);
#3548 = CARTESIAN_POINT('',(2.936742409107,7.976562168162,0.));
#3549 = CARTESIAN_POINT('',(2.936742409107,7.976562168162,10.));
#3550 = PCURVE('',#3475,#3551);
#3551 = DEFINITIONAL_REPRESENTATION('',(#3552),#3556);
#3552 = LINE('',#3553,#3554);
#3553 = CARTESIAN_POINT('',(0.,1.));
#3554 = VECTOR('',#3555,1.);
#3555 = DIRECTION('',(1.,0.));
#3556 = ( GEOMETRIC_REPRESENTATION_CONTEXT(2) 
PARAMETRIC_REPRESENTATION_CONTEXT() REPRESENTATION_CONTEXT('2D SPACE',''
  ) );
#3557 = PCURVE('',#3558,#3567);
#3558 = B_SPLINE_SURFACE_WITH_KNOTS('',1,3,(
    (#3559,#3560,#3561,#3562)
    ,(#3563,#3564,#3565,#3566
    )),.UNSPECIFIED.,.F.,.F.,.F.,(2,2),(4,4),(0.,1.),(0.,1.),
  .PIECEWISE_BEZIER_KNOTS.);
#3559 = CARTESIAN_POINT('',(2.936742409107,7.976562168162,0.));
#3560 = CARTESIAN_POINT('',(3.054006267068,7.463203737212,0.));
#3561 = CARTESIAN_POINT('',(3.128300347563,6.90581969054,0.));
#3562 = CARTESIAN_POINT('',(2.962193957333,6.394951674709,0.));
#3563 = CARTESIAN_POINT('',(2.936742409107,7.976562168162,10.));
#3564 = CARTESIAN_POINT('',(3.054006267068,7.463203737212,10.));
#3565 = CARTESIAN_POINT('',(3.128300347563,6.90581969054,10.));
#3566 = CARTESIAN_POINT('',(2.962193957333,6.394951674709,10.));
#3567 = DEFINITIONAL_REPRESENTATION('',(#3568),#3572);
#3568 = LINE('',#3569,#3570);
#3569 = CARTESIAN_POINT('',(0.,0.));
#3570 = VECTOR('',#3571,1.);
#3571 = DIRECTION('',(1.,0.));
#3572 = ( GEOMETRIC_REPRESENTATION_CONTEXT(2) 
PARAMETRIC_REPRESENTATION_CONTEXT() REPRESENTATION_CONTEXT('2D SPACE',''
  ) );
#3573 = ADVANCED_FACE('',(#3574),#3558,.T.);
#3574 = FACE_BOUND('',#3575,.T.);
#3575 = EDGE_LOOP('',(#3576,#3601,#3602,#3627));
#3576 = ORIENTED_EDGE('',*,*,#3577,.F.);
#3577 = EDGE_CURVE('',#3495,#3578,#3580,.T.);
#3578 = VERTEX_POINT('',#3579);
#3579 = CARTESIAN_POINT('',(2.962193957333,6.394951674709,0.));
#3580 = SURFACE_CURVE('',#3581,(#3586,#3593),.PCURVE_S1.);
#3581 = B_SPLINE_CURVE_WITH_KNOTS('',3,(#3582,#3583,#3584,#3585),
  .UNSPECIFIED.,.F.,.F.,(4,4),(0.,1.),.PIECEWISE_BEZIER_KNOTS.);
#3582 = CARTESIAN_POINT('',(2.936742409107,7.976562168162,0.));
#3583 = CARTESIAN_POINT('',(3.054006267068,7.463203737212,0.));
#3584 = CARTESIAN_POINT('',(3.128300347563,6.90581969054,0.));
#3585 = CARTESIAN_POINT('',(2.962193957333,6.394951674709,0.));
#3586 = PCURVE('',#3558,#3587);
#3587 = DEFINITIONAL_REPRESENTATION('',(#3588),#3592);
#3588 = LINE('',#3589,#3590);
#3589 = CARTESIAN_POINT('',(0.,0.));
#3590 = VECTOR('',#3591,1.);
#3591 = DIRECTION('',(0.,1.));
#3592 = ( GEOMETRIC_REPRESENTATION_CONTEXT(2) 
PARAMETRIC_REPRESENTATION_CONTEXT() REPRESENTATION_CONTEXT('2D SPACE',''
  ) );
#3593 = PCURVE('',#68,#3594);
#3594 = DEFINITIONAL_REPRESENTATION('',(#3595),#3600);
#3595 = B_SPLINE_CURVE_WITH_KNOTS('',3,(#3596,#3597,#3598,#3599),
  .UNSPECIFIED.,.F.,.F.,(4,4),(0.,1.),.PIECEWISE_BEZIER_KNOTS.);
#3596 = CARTESIAN_POINT('',(2.936742409107,7.976562168162));
#3597 = CARTESIAN_POINT('',(3.054006267068,7.463203737212));
#3598 = CARTESIAN_POINT('',(3.128300347563,6.90581969054));
#3599 = CARTESIAN_POINT('',(2.962193957333,6.394951674709));
#3600 = ( GEOMETRIC_REPRESENTATION_CONTEXT(2) 
PARAMETRIC_REPRESENTATION_CONTEXT() REPRESENTATION_CONTEXT('2D SPACE',''
  ) );
#3601 = ORIENTED_EDGE('',*,*,#3545,.T.);
#3602 = ORIENTED_EDGE('',*,*,#3603,.T.);
#3603 = EDGE_CURVE('',#3521,#3604,#3606,.T.);
#3604 = VERTEX_POINT('',#3605);
#3605 = CARTESIAN_POINT('',(2.962193957333,6.394951674709,10.));
#3606 = SURFACE_CURVE('',#3607,(#3612,#3619),.PCURVE_S1.);
#3607 = B_SPLINE_CURVE_WITH_KNOTS('',3,(#3608,#3609,#3610,#3611),
  .UNSPECIFIED.,.F.,.F.,(4,4),(0.,1.),.PIECEWISE_BEZIER_KNOTS.);
#3608 = CARTESIAN_POINT('',(2.936742409107,7.976562168162,10.));
#3609 = CARTESIAN_POINT('',(3.054006267068,7.463203737212,10.));
#3610 = CARTESIAN_POINT('',(3.128300347563,6.90581969054,10.));
#3611 = CARTESIAN_POINT('',(2.962193957333,6.394951674709,10.));
#3612 = PCURVE('',#3558,#3613);
#3613 = DEFINITIONAL_REPRESENTATION('',(#3614),#3618);
#3614 = LINE('',#3615,#3616);
#3615 = CARTESIAN_POINT('',(1.,0.));
#3616 = VECTOR('',#3617,1.);
#3617 = DIRECTION('',(0.,1.));
#3618 = ( GEOMETRIC_REPRESENTATION_CONTEXT(2) 
PARAMETRIC_REPRESENTATION_CONTEXT() REPRESENTATION_CONTEXT('2D SPACE',''
  ) );
#3619 = PCURVE('',#129,#3620);
#3620 = DEFINITIONAL_REPRESENTATION('',(#3621),#3626);
#3621 = B_SPLINE_CURVE_WITH_KNOTS('',3,(#3622,#3623,#3624,#3625),
  .UNSPECIFIED.,.F.,.F.,(4,4),(0.,1.),.PIECEWISE_BEZIER_KNOTS.);
#3622 = CARTESIAN_POINT('',(-2.936742409107,7.976562168162));
#3623 = CARTESIAN_POINT('',(-3.054006267068,7.463203737212));
#3624 = CARTESIAN_POINT('',(-3.128300347563,6.90581969054));
#3625 = CARTESIAN_POINT('',(-2.962193957333,6.394951674709));
#3626 = ( GEOMETRIC_REPRESENTATION_CONTEXT(2) 
PARAMETRIC_REPRESENTATION_CONTEXT() REPRESENTATION_CONTEXT('2D SPACE',''
  ) );
#3627 = ORIENTED_EDGE('',*,*,#3628,.F.);
#3628 = EDGE_CURVE('',#3578,#3604,#3629,.T.);
#3629 = SURFACE_CURVE('',#3630,(#3633,#3640),.PCURVE_S1.);
#3630 = B_SPLINE_CURVE_WITH_KNOTS('',1,(#3631,#3632),.UNSPECIFIED.,.F.,
  .F.,(2,2),(0.,1.),.PIECEWISE_BEZIER_KNOTS.);
#3631 = CARTESIAN_POINT('',(2.962193957333,6.394951674709,0.));
#3632 = CARTESIAN_POINT('',(2.962193957333,6.394951674709,10.));
#3633 = PCURVE('',#3558,#3634);
#3634 = DEFINITIONAL_REPRESENTATION('',(#3635),#3639);
#3635 = LINE('',#3636,#3637);
#3636 = CARTESIAN_POINT('',(0.,1.));
#3637 = VECTOR('',#3638,1.);
#3638 = DIRECTION('',(1.,0.));
#3639 = ( GEOMETRIC_REPRESENTATION_CONTEXT(2) 
PARAMETRIC_REPRESENTATION_CONTEXT() REPRESENTATION_CONTEXT('2D SPACE',''
  ) );
#3640 = PCURVE('',#3641,#3650);
#3641 = B_SPLINE_SURFACE_WITH_KNOTS('',1,3,(
    (#3642,#3643,#3644,#3645)
    ,(#3646,#3647,#3648,#3649
    )),.UNSPECIFIED.,.F.,.F.,.F.,(2,2),(4,4),(0.,1.),(0.,1.),
  .PIECEWISE_BEZIER_KNOTS.);
#3642 = CARTESIAN_POINT('',(2.962193957333,6.394951674709,0.));
#3643 = CARTESIAN_POINT('',(2.343948511143,5.574996079569,0.));
#3644 = CARTESIAN_POINT('',(3.656113975334,4.817416995597,0.));
#3645 = CARTESIAN_POINT('',(4.057093627605,5.762811055341,0.));
#3646 = CARTESIAN_POINT('',(2.962193957333,6.394951674709,10.));
#3647 = CARTESIAN_POINT('',(2.343948511143,5.574996079569,10.));
#3648 = CARTESIAN_POINT('',(3.656113975334,4.817416995597,10.));
#3649 = CARTESIAN_POINT('',(4.057093627605,5.762811055341,10.));
#3650 = DEFINITIONAL_REPRESENTATION('',(#3651),#3655);
#3651 = LINE('',#3652,#3653);
#3652 = CARTESIAN_POINT('',(0.,0.));
#3653 = VECTOR('',#3654,1.);
#3654 = DIRECTION('',(1.,0.));
#3655 = ( GEOMETRIC_REPRESENTATION_CONTEXT(2) 
PARAMETRIC_REPRESENTATION_CONTEXT() REPRESENTATION_CONTEXT('2D SPACE',''
  ) );
#3656 = ADVANCED_FACE('',(#3657),#3641,.T.);
#3657 = FACE_BOUND('',#3658,.T.);
#3658 = EDGE_LOOP('',(#3659,#3684,#3685,#3710));
#3659 = ORIENTED_EDGE('',*,*,#3660,.F.);
#3660 = EDGE_CURVE('',#3578,#3661,#3663,.T.);
#3661 = VERTEX_POINT('',#3662);
#3662 = CARTESIAN_POINT('',(4.057093627605,5.762811055341,0.));
#3663 = SURFACE_CURVE('',#3664,(#3669,#3676),.PCURVE_S1.);
#3664 = B_SPLINE_CURVE_WITH_KNOTS('',3,(#3665,#3666,#3667,#3668),
  .UNSPECIFIED.,.F.,.F.,(4,4),(0.,1.),.PIECEWISE_BEZIER_KNOTS.);
#3665 = CARTESIAN_POINT('',(2.962193957333,6.394951674709,0.));
#3666 = CARTESIAN_POINT('',(2.343948511143,5.574996079569,0.));
#3667 = CARTESIAN_POINT('',(3.656113975334,4.817416995597,0.));
#3668 = CARTESIAN_POINT('',(4.057093627605,5.762811055341,0.));
#3669 = PCURVE('',#3641,#3670);
#3670 = DEFINITIONAL_REPRESENTATION('',(#3671),#3675);
#3671 = LINE('',#3672,#3673);
#3672 = CARTESIAN_POINT('',(0.,0.));
#3673 = VECTOR('',#3674,1.);
#3674 = DIRECTION('',(0.,1.));
#3675 = ( GEOMETRIC_REPRESENTATION_CONTEXT(2) 
PARAMETRIC_REPRESENTATION_CONTEXT() REPRESENTATION_CONTEXT('2D SPACE',''
  ) );
#3676 = PCURVE('',#68,#3677);
#3677 = DEFINITIONAL_REPRESENTATION('',(#3678),#3683);
#3678 = B_SPLINE_CURVE_WITH_KNOTS('',3,(#3679,#3680,#3681,#3682),
  .UNSPECIFIED.,.F.,.F.,(4,4),(0.,1.),.PIECEWISE_BEZIER_KNOTS.);
#3679 = CARTESIAN_POINT('',(2.962193957333,6.394951674709));
#3680 = CARTESIAN_POINT('',(2.343948511143,5.574996079569));
#3681 = CARTESIAN_POINT('',(3.656113975334,4.817416995597));
#3682 = CARTESIAN_POINT('',(4.057093627605,5.762811055341));
#3683 = ( GEOMETRIC_REPRESENTATION_CONTEXT(2) 
PARAMETRIC_REPRESENTATION_CONTEXT() REPRESENTATION_CONTEXT('2D SPACE',''
  ) );
#3684 = ORIENTED_EDGE('',*,*,#3628,.T.);
#3685 = ORIENTED_EDGE('',*,*,#3686,.T.);
#3686 = EDGE_CURVE('',#3604,#3687,#3689,.T.);
#3687 = VERTEX_POINT('',#3688);
#3688 = CARTESIAN_POINT('',(4.057093627605,5.762811055341,10.));
#3689 = SURFACE_CURVE('',#3690,(#3695,#3702),.PCURVE_S1.);
#3690 = B_SPLINE_CURVE_WITH_KNOTS('',3,(#3691,#3692,#3693,#3694),
  .UNSPECIFIED.,.F.,.F.,(4,4),(0.,1.),.PIECEWISE_BEZIER_KNOTS.);
#3691 = CARTESIAN_POINT('',(2.962193957333,6.394951674709,10.));
#3692 = CARTESIAN_POINT('',(2.343948511143,5.574996079569,10.));
#3693 = CARTESIAN_POINT('',(3.656113975334,4.817416995597,10.));
#3694 = CARTESIAN_POINT('',(4.057093627605,5.762811055341,10.));
#3695 = PCURVE('',#3641,#3696);
#3696 = DEFINITIONAL_REPRESENTATION('',(#3697),#3701);
#3697 = LINE('',#3698,#3699);
#3698 = CARTESIAN_POINT('',(1.,0.));
#3699 = VECTOR('',#3700,1.);
#3700 = DIRECTION('',(0.,1.));
#3701 = ( GEOMETRIC_REPRESENTATION_CONTEXT(2) 
PARAMETRIC_REPRESENTATION_CONTEXT() REPRESENTATION_CONTEXT('2D SPACE',''
  ) );
#3702 = PCURVE('',#129,#3703);
#3703 = DEFINITIONAL_REPRESENTATION('',(#3704),#3709);
#3704 = B_SPLINE_CURVE_WITH_KNOTS('',3,(#3705,#3706,#3707,#3708),
  .UNSPECIFIED.,.F.,.F.,(4,4),(0.,1.),.PIECEWISE_BEZIER_KNOTS.);
#3705 = CARTESIAN_POINT('',(-2.962193957333,6.394951674709));
#3706 = CARTESIAN_POINT('',(-2.343948511143,5.574996079569));
#3707 = CARTESIAN_POINT('',(-3.656113975334,4.817416995597));
#3708 = CARTESIAN_POINT('',(-4.057093627605,5.762811055341));
#3709 = ( GEOMETRIC_REPRESENTATION_CONTEXT(2) 
PARAMETRIC_REPRESENTATION_CONTEXT() REPRESENTATION_CONTEXT('2D SPACE',''
  ) );
#3710 = ORIENTED_EDGE('',*,*,#3711,.F.);
#3711 = EDGE_CURVE('',#3661,#3687,#3712,.T.);
#3712 = SURFACE_CURVE('',#3713,(#3716,#3723),.PCURVE_S1.);
#3713 = B_SPLINE_CURVE_WITH_KNOTS('',1,(#3714,#3715),.UNSPECIFIED.,.F.,
  .F.,(2,2),(0.,1.),.PIECEWISE_BEZIER_KNOTS.);
#3714 = CARTESIAN_POINT('',(4.057093627605,5.762811055341,0.));
#3715 = CARTESIAN_POINT('',(4.057093627605,5.762811055341,10.));
#3716 = PCURVE('',#3641,#3717);
#3717 = DEFINITIONAL_REPRESENTATION('',(#3718),#3722);
#3718 = LINE('',#3719,#3720);
#3719 = CARTESIAN_POINT('',(0.,1.));
#3720 = VECTOR('',#3721,1.);
#3721 = DIRECTION('',(1.,0.));
#3722 = ( GEOMETRIC_REPRESENTATION_CONTEXT(2) 
PARAMETRIC_REPRESENTATION_CONTEXT() REPRESENTATION_CONTEXT('2D SPACE',''
  ) );
#3723 = PCURVE('',#3724,#3733);
#3724 = B_SPLINE_SURFACE_WITH_KNOTS('',1,3,(
    (#3725,#3726,#3727,#3728)
    ,(#3729,#3730,#3731,#3732
    )),.UNSPECIFIED.,.F.,.F.,.F.,(2,2),(4,4),(0.,1.),(0.,1.),
  .PIECEWISE_BEZIER_KNOTS.);
#3725 = CARTESIAN_POINT('',(4.057093627605,5.762811055341,0.));
#3726 = CARTESIAN_POINT('',(4.416465112181,6.162097416928,0.));
#3727 = CARTESIAN_POINT('',(4.936320896511,6.376448879204,0.));
#3728 = CARTESIAN_POINT('',(5.439534267941,6.531574614739,0.));
#3729 = CARTESIAN_POINT('',(4.057093627605,5.762811055341,10.));
#3730 = CARTESIAN_POINT('',(4.416465112181,6.162097416928,10.));
#3731 = CARTESIAN_POINT('',(4.936320896511,6.376448879204,10.));
#3732 = CARTESIAN_POINT('',(5.439534267941,6.531574614739,10.));
#3733 = DEFINITIONAL_REPRESENTATION('',(#3734),#3738);
#3734 = LINE('',#3735,#3736);
#3735 = CARTESIAN_POINT('',(0.,0.));
#3736 = VECTOR('',#3737,1.);
#3737 = DIRECTION('',(1.,0.));
#3738 = ( GEOMETRIC_REPRESENTATION_CONTEXT(2) 
PARAMETRIC_REPRESENTATION_CONTEXT() REPRESENTATION_CONTEXT('2D SPACE',''
  ) );
#3739 = ADVANCED_FACE('',(#3740),#3724,.T.);
#3740 = FACE_BOUND('',#3741,.T.);
#3741 = EDGE_LOOP('',(#3742,#3767,#3768,#3793));
#3742 = ORIENTED_EDGE('',*,*,#3743,.F.);
#3743 = EDGE_CURVE('',#3661,#3744,#3746,.T.);
#3744 = VERTEX_POINT('',#3745);
#3745 = CARTESIAN_POINT('',(5.439534267941,6.531574614739,0.));
#3746 = SURFACE_CURVE('',#3747,(#3752,#3759),.PCURVE_S1.);
#3747 = B_SPLINE_CURVE_WITH_KNOTS('',3,(#3748,#3749,#3750,#3751),
  .UNSPECIFIED.,.F.,.F.,(4,4),(0.,1.),.PIECEWISE_BEZIER_KNOTS.);
#3748 = CARTESIAN_POINT('',(4.057093627605,5.762811055341,0.));
#3749 = CARTESIAN_POINT('',(4.416465112181,6.162097416928,0.));
#3750 = CARTESIAN_POINT('',(4.936320896511,6.376448879204,0.));
#3751 = CARTESIAN_POINT('',(5.439534267941,6.531574614739,0.));
#3752 = PCURVE('',#3724,#3753);
#3753 = DEFINITIONAL_REPRESENTATION('',(#3754),#3758);
#3754 = LINE('',#3755,#3756);
#3755 = CARTESIAN_POINT('',(0.,0.));
#3756 = VECTOR('',#3757,1.);
#3757 = DIRECTION('',(0.,1.));
#3758 = ( GEOMETRIC_REPRESENTATION_CONTEXT(2) 
PARAMETRIC_REPRESENTATION_CONTEXT() REPRESENTATION_CONTEXT('2D SPACE',''
  ) );
#3759 = PCURVE('',#68,#3760);
#3760 = DEFINITIONAL_REPRESENTATION('',(#3761),#3766);
#3761 = B_SPLINE_CURVE_WITH_KNOTS('',3,(#3762,#3763,#3764,#3765),
  .UNSPECIFIED.,.F.,.F.,(4,4),(0.,1.),.PIECEWISE_BEZIER_KNOTS.);
#3762 = CARTESIAN_POINT('',(4.057093627605,5.762811055341));
#3763 = CARTESIAN_POINT('',(4.416465112181,6.162097416928));
#3764 = CARTESIAN_POINT('',(4.936320896511,6.376448879204));
#3765 = CARTESIAN_POINT('',(5.439534267941,6.531574614739));
#3766 = ( GEOMETRIC_REPRESENTATION_CONTEXT(2) 
PARAMETRIC_REPRESENTATION_CONTEXT() REPRESENTATION_CONTEXT('2D SPACE',''
  ) );
#3767 = ORIENTED_EDGE('',*,*,#3711,.T.);
#3768 = ORIENTED_EDGE('',*,*,#3769,.T.);
#3769 = EDGE_CURVE('',#3687,#3770,#3772,.T.);
#3770 = VERTEX_POINT('',#3771);
#3771 = CARTESIAN_POINT('',(5.439534267941,6.531574614739,10.));
#3772 = SURFACE_CURVE('',#3773,(#3778,#3785),.PCURVE_S1.);
#3773 = B_SPLINE_CURVE_WITH_KNOTS('',3,(#3774,#3775,#3776,#3777),
  .UNSPECIFIED.,.F.,.F.,(4,4),(0.,1.),.PIECEWISE_BEZIER_KNOTS.);
#3774 = CARTESIAN_POINT('',(4.057093627605,5.762811055341,10.));
#3775 = CARTESIAN_POINT('',(4.416465112181,6.162097416928,10.));
#3776 = CARTESIAN_POINT('',(4.936320896511,6.376448879204,10.));
#3777 = CARTESIAN_POINT('',(5.439534267941,6.531574614739,10.));
#3778 = PCURVE('',#3724,#3779);
#3779 = DEFINITIONAL_REPRESENTATION('',(#3780),#3784);
#3780 = LINE('',#3781,#3782);
#3781 = CARTESIAN_POINT('',(1.,0.));
#3782 = VECTOR('',#3783,1.);
#3783 = DIRECTION('',(0.,1.));
#3784 = ( GEOMETRIC_REPRESENTATION_CONTEXT(2) 
PARAMETRIC_REPRESENTATION_CONTEXT() REPRESENTATION_CONTEXT('2D SPACE',''
  ) );
#3785 = PCURVE('',#129,#3786);
#3786 = DEFINITIONAL_REPRESENTATION('',(#3787),#3792);
#3787 = B_SPLINE_CURVE_WITH_KNOTS('',3,(#3788,#3789,#3790,#3791),
  .UNSPECIFIED.,.F.,.F.,(4,4),(0.,1.),.PIECEWISE_BEZIER_KNOTS.);
#3788 = CARTESIAN_POINT('',(-4.057093627605,5.762811055341));
#3789 = CARTESIAN_POINT('',(-4.416465112181,6.162097416928));
#3790 = CARTESIAN_POINT('',(-4.936320896511,6.376448879204));
#3791 = CARTESIAN_POINT('',(-5.439534267941,6.531574614739));
#3792 = ( GEOMETRIC_REPRESENTATION_CONTEXT(2) 
PARAMETRIC_REPRESENTATION_CONTEXT() REPRESENTATION_CONTEXT('2D SPACE',''
  ) );
#3793 = ORIENTED_EDGE('',*,*,#3794,.F.);
#3794 = EDGE_CURVE('',#3744,#3770,#3795,.T.);
#3795 = SURFACE_CURVE('',#3796,(#3799,#3806),.PCURVE_S1.);
#3796 = B_SPLINE_CURVE_WITH_KNOTS('',1,(#3797,#3798),.UNSPECIFIED.,.F.,
  .F.,(2,2),(0.,1.),.PIECEWISE_BEZIER_KNOTS.);
#3797 = CARTESIAN_POINT('',(5.439534267941,6.531574614739,0.));
#3798 = CARTESIAN_POINT('',(5.439534267941,6.531574614739,10.));
#3799 = PCURVE('',#3724,#3800);
#3800 = DEFINITIONAL_REPRESENTATION('',(#3801),#3805);
#3801 = LINE('',#3802,#3803);
#3802 = CARTESIAN_POINT('',(0.,1.));
#3803 = VECTOR('',#3804,1.);
#3804 = DIRECTION('',(1.,0.));
#3805 = ( GEOMETRIC_REPRESENTATION_CONTEXT(2) 
PARAMETRIC_REPRESENTATION_CONTEXT() REPRESENTATION_CONTEXT('2D SPACE',''
  ) );
#3806 = PCURVE('',#3807,#3816);
#3807 = B_SPLINE_SURFACE_WITH_KNOTS('',1,3,(
    (#3808,#3809,#3810,#3811)
    ,(#3812,#3813,#3814,#3815
    )),.UNSPECIFIED.,.F.,.F.,.F.,(2,2),(4,4),(0.,1.),(0.,1.),
  .PIECEWISE_BEZIER_KNOTS.);
#3808 = CARTESIAN_POINT('',(5.439534267941,6.531574614739,0.));
#3809 = CARTESIAN_POINT('',(5.607663380629,6.391556857339,0.));
#3810 = CARTESIAN_POINT('',(5.770382804415,6.245043630076,0.));
#3811 = CARTESIAN_POINT('',(5.92720780767,6.09247138727,0.));
#3812 = CARTESIAN_POINT('',(5.439534267941,6.531574614739,10.));
#3813 = CARTESIAN_POINT('',(5.607663380629,6.391556857339,10.));
#3814 = CARTESIAN_POINT('',(5.770382804415,6.245043630076,10.));
#3815 = CARTESIAN_POINT('',(5.92720780767,6.09247138727,10.));
#3816 = DEFINITIONAL_REPRESENTATION('',(#3817),#3821);
#3817 = LINE('',#3818,#3819);
#3818 = CARTESIAN_POINT('',(0.,0.));
#3819 = VECTOR('',#3820,1.);
#3820 = DIRECTION('',(1.,0.));
#3821 = ( GEOMETRIC_REPRESENTATION_CONTEXT(2) 
PARAMETRIC_REPRESENTATION_CONTEXT() REPRESENTATION_CONTEXT('2D SPACE',''
  ) );
#3822 = ADVANCED_FACE('',(#3823),#3807,.T.);
#3823 = FACE_BOUND('',#3824,.T.);
#3824 = EDGE_LOOP('',(#3825,#3850,#3851,#3876));
#3825 = ORIENTED_EDGE('',*,*,#3826,.F.);
#3826 = EDGE_CURVE('',#3744,#3827,#3829,.T.);
#3827 = VERTEX_POINT('',#3828);
#3828 = CARTESIAN_POINT('',(5.92720780767,6.09247138727,0.));
#3829 = SURFACE_CURVE('',#3830,(#3835,#3842),.PCURVE_S1.);
#3830 = B_SPLINE_CURVE_WITH_KNOTS('',3,(#3831,#3832,#3833,#3834),
  .UNSPECIFIED.,.F.,.F.,(4,4),(0.,1.),.PIECEWISE_BEZIER_KNOTS.);
#3831 = CARTESIAN_POINT('',(5.439534267941,6.531574614739,0.));
#3832 = CARTESIAN_POINT('',(5.607663380629,6.391556857339,0.));
#3833 = CARTESIAN_POINT('',(5.770382804415,6.245043630076,0.));
#3834 = CARTESIAN_POINT('',(5.92720780767,6.09247138727,0.));
#3835 = PCURVE('',#3807,#3836);
#3836 = DEFINITIONAL_REPRESENTATION('',(#3837),#3841);
#3837 = LINE('',#3838,#3839);
#3838 = CARTESIAN_POINT('',(0.,0.));
#3839 = VECTOR('',#3840,1.);
#3840 = DIRECTION('',(0.,1.));
#3841 = ( GEOMETRIC_REPRESENTATION_CONTEXT(2) 
PARAMETRIC_REPRESENTATION_CONTEXT() REPRESENTATION_CONTEXT('2D SPACE',''
  ) );
#3842 = PCURVE('',#68,#3843);
#3843 = DEFINITIONAL_REPRESENTATION('',(#3844),#3849);
#3844 = B_SPLINE_CURVE_WITH_KNOTS('',3,(#3845,#3846,#3847,#3848),
  .UNSPECIFIED.,.F.,.F.,(4,4),(0.,1.),.PIECEWISE_BEZIER_KNOTS.);
#3845 = CARTESIAN_POINT('',(5.439534267941,6.531574614739));
#3846 = CARTESIAN_POINT('',(5.607663380629,6.391556857339));
#3847 = CARTESIAN_POINT('',(5.770382804415,6.245043630076));
#3848 = CARTESIAN_POINT('',(5.92720780767,6.09247138727));
#3849 = ( GEOMETRIC_REPRESENTATION_CONTEXT(2) 
PARAMETRIC_REPRESENTATION_CONTEXT() REPRESENTATION_CONTEXT('2D SPACE',''
  ) );
#3850 = ORIENTED_EDGE('',*,*,#3794,.T.);
#3851 = ORIENTED_EDGE('',*,*,#3852,.T.);
#3852 = EDGE_CURVE('',#3770,#3853,#3855,.T.);
#3853 = VERTEX_POINT('',#3854);
#3854 = CARTESIAN_POINT('',(5.92720780767,6.09247138727,10.));
#3855 = SURFACE_CURVE('',#3856,(#3861,#3868),.PCURVE_S1.);
#3856 = B_SPLINE_CURVE_WITH_KNOTS('',3,(#3857,#3858,#3859,#3860),
  .UNSPECIFIED.,.F.,.F.,(4,4),(0.,1.),.PIECEWISE_BEZIER_KNOTS.);
#3857 = CARTESIAN_POINT('',(5.439534267941,6.531574614739,10.));
#3858 = CARTESIAN_POINT('',(5.607663380629,6.391556857339,10.));
#3859 = CARTESIAN_POINT('',(5.770382804415,6.245043630076,10.));
#3860 = CARTESIAN_POINT('',(5.92720780767,6.09247138727,10.));
#3861 = PCURVE('',#3807,#3862);
#3862 = DEFINITIONAL_REPRESENTATION('',(#3863),#3867);
#3863 = LINE('',#3864,#3865);
#3864 = CARTESIAN_POINT('',(1.,0.));
#3865 = VECTOR('',#3866,1.);
#3866 = DIRECTION('',(0.,1.));
#3867 = ( GEOMETRIC_REPRESENTATION_CONTEXT(2) 
PARAMETRIC_REPRESENTATION_CONTEXT() REPRESENTATION_CONTEXT('2D SPACE',''
  ) );
#3868 = PCURVE('',#129,#3869);
#3869 = DEFINITIONAL_REPRESENTATION('',(#3870),#3875);
#3870 = B_SPLINE_CURVE_WITH_KNOTS('',3,(#3871,#3872,#3873,#3874),
  .UNSPECIFIED.,.F.,.F.,(4,4),(0.,1.),.PIECEWISE_BEZIER_KNOTS.);
#3871 = CARTESIAN_POINT('',(-5.439534267941,6.531574614739));
#3872 = CARTESIAN_POINT('',(-5.607663380629,6.391556857339));
#3873 = CARTESIAN_POINT('',(-5.770382804415,6.245043630076));
#3874 = CARTESIAN_POINT('',(-5.92720780767,6.09247138727));
#3875 = ( GEOMETRIC_REPRESENTATION_CONTEXT(2) 
PARAMETRIC_REPRESENTATION_CONTEXT() REPRESENTATION_CONTEXT('2D SPACE',''
  ) );
#3876 = ORIENTED_EDGE('',*,*,#3877,.F.);
#3877 = EDGE_CURVE('',#3827,#3853,#3878,.T.);
#3878 = SURFACE_CURVE('',#3879,(#3882,#3889),.PCURVE_S1.);
#3879 = B_SPLINE_CURVE_WITH_KNOTS('',1,(#3880,#3881),.UNSPECIFIED.,.F.,
  .F.,(2,2),(0.,1.),.PIECEWISE_BEZIER_KNOTS.);
#3880 = CARTESIAN_POINT('',(5.92720780767,6.09247138727,0.));
#3881 = CARTESIAN_POINT('',(5.92720780767,6.09247138727,10.));
#3882 = PCURVE('',#3807,#3883);
#3883 = DEFINITIONAL_REPRESENTATION('',(#3884),#3888);
#3884 = LINE('',#3885,#3886);
#3885 = CARTESIAN_POINT('',(0.,1.));
#3886 = VECTOR('',#3887,1.);
#3887 = DIRECTION('',(1.,0.));
#3888 = ( GEOMETRIC_REPRESENTATION_CONTEXT(2) 
PARAMETRIC_REPRESENTATION_CONTEXT() REPRESENTATION_CONTEXT('2D SPACE',''
  ) );
#3889 = PCURVE('',#3890,#3899);
#3890 = B_SPLINE_SURFACE_WITH_KNOTS('',1,3,(
    (#3891,#3892,#3893,#3894)
    ,(#3895,#3896,#3897,#3898
    )),.UNSPECIFIED.,.F.,.F.,.F.,(2,2),(4,4),(0.,1.),(0.,1.),
  .PIECEWISE_BEZIER_KNOTS.);
#3891 = CARTESIAN_POINT('',(5.92720780767,6.09247138727,0.));
#3892 = CARTESIAN_POINT('',(5.825531987556,5.575799616592,0.));
#3893 = CARTESIAN_POINT('',(5.666694491275,5.036385827691,0.));
#3894 = CARTESIAN_POINT('',(5.307160011181,4.637246227929,0.));
#3895 = CARTESIAN_POINT('',(5.92720780767,6.09247138727,10.));
#3896 = CARTESIAN_POINT('',(5.825531987556,5.575799616592,10.));
#3897 = CARTESIAN_POINT('',(5.666694491275,5.036385827691,10.));
#3898 = CARTESIAN_POINT('',(5.307160011181,4.637246227929,10.));
#3899 = DEFINITIONAL_REPRESENTATION('',(#3900),#3904);
#3900 = LINE('',#3901,#3902);
#3901 = CARTESIAN_POINT('',(0.,0.));
#3902 = VECTOR('',#3903,1.);
#3903 = DIRECTION('',(1.,0.));
#3904 = ( GEOMETRIC_REPRESENTATION_CONTEXT(2) 
PARAMETRIC_REPRESENTATION_CONTEXT() REPRESENTATION_CONTEXT('2D SPACE',''
  ) );
#3905 = ADVANCED_FACE('',(#3906),#3890,.T.);
#3906 = FACE_BOUND('',#3907,.T.);
#3907 = EDGE_LOOP('',(#3908,#3933,#3934,#3959));
#3908 = ORIENTED_EDGE('',*,*,#3909,.F.);
#3909 = EDGE_CURVE('',#3827,#3910,#3912,.T.);
#3910 = VERTEX_POINT('',#3911);
#3911 = CARTESIAN_POINT('',(5.307160011181,4.637246227929,0.));
#3912 = SURFACE_CURVE('',#3913,(#3918,#3925),.PCURVE_S1.);
#3913 = B_SPLINE_CURVE_WITH_KNOTS('',3,(#3914,#3915,#3916,#3917),
  .UNSPECIFIED.,.F.,.F.,(4,4),(0.,1.),.PIECEWISE_BEZIER_KNOTS.);
#3914 = CARTESIAN_POINT('',(5.92720780767,6.09247138727,0.));
#3915 = CARTESIAN_POINT('',(5.825531987556,5.575799616592,0.));
#3916 = CARTESIAN_POINT('',(5.666694491275,5.036385827691,0.));
#3917 = CARTESIAN_POINT('',(5.307160011181,4.637246227929,0.));
#3918 = PCURVE('',#3890,#3919);
#3919 = DEFINITIONAL_REPRESENTATION('',(#3920),#3924);
#3920 = LINE('',#3921,#3922);
#3921 = CARTESIAN_POINT('',(0.,0.));
#3922 = VECTOR('',#3923,1.);
#3923 = DIRECTION('',(0.,1.));
#3924 = ( GEOMETRIC_REPRESENTATION_CONTEXT(2) 
PARAMETRIC_REPRESENTATION_CONTEXT() REPRESENTATION_CONTEXT('2D SPACE',''
  ) );
#3925 = PCURVE('',#68,#3926);
#3926 = DEFINITIONAL_REPRESENTATION('',(#3927),#3932);
#3927 = B_SPLINE_CURVE_WITH_KNOTS('',3,(#3928,#3929,#3930,#3931),
  .UNSPECIFIED.,.F.,.F.,(4,4),(0.,1.),.PIECEWISE_BEZIER_KNOTS.);
#3928 = CARTESIAN_POINT('',(5.92720780767,6.09247138727));
#3929 = CARTESIAN_POINT('',(5.825531987556,5.575799616592));
#3930 = CARTESIAN_POINT('',(5.666694491276,5.036385827691));
#3931 = CARTESIAN_POINT('',(5.307160011181,4.637246227929));
#3932 = ( GEOMETRIC_REPRESENTATION_CONTEXT(2) 
PARAMETRIC_REPRESENTATION_CONTEXT() REPRESENTATION_CONTEXT('2D SPACE',''
  ) );
#3933 = ORIENTED_EDGE('',*,*,#3877,.T.);
#3934 = ORIENTED_EDGE('',*,*,#3935,.T.);
#3935 = EDGE_CURVE('',#3853,#3936,#3938,.T.);
#3936 = VERTEX_POINT('',#3937);
#3937 = CARTESIAN_POINT('',(5.307160011181,4.637246227929,10.));
#3938 = SURFACE_CURVE('',#3939,(#3944,#3951),.PCURVE_S1.);
#3939 = B_SPLINE_CURVE_WITH_KNOTS('',3,(#3940,#3941,#3942,#3943),
  .UNSPECIFIED.,.F.,.F.,(4,4),(0.,1.),.PIECEWISE_BEZIER_KNOTS.);
#3940 = CARTESIAN_POINT('',(5.92720780767,6.09247138727,10.));
#3941 = CARTESIAN_POINT('',(5.825531987556,5.575799616592,10.));
#3942 = CARTESIAN_POINT('',(5.666694491275,5.036385827691,10.));
#3943 = CARTESIAN_POINT('',(5.307160011181,4.637246227929,10.));
#3944 = PCURVE('',#3890,#3945);
#3945 = DEFINITIONAL_REPRESENTATION('',(#3946),#3950);
#3946 = LINE('',#3947,#3948);
#3947 = CARTESIAN_POINT('',(1.,0.));
#3948 = VECTOR('',#3949,1.);
#3949 = DIRECTION('',(0.,1.));
#3950 = ( GEOMETRIC_REPRESENTATION_CONTEXT(2) 
PARAMETRIC_REPRESENTATION_CONTEXT() REPRESENTATION_CONTEXT('2D SPACE',''
  ) );
#3951 = PCURVE('',#129,#3952);
#3952 = DEFINITIONAL_REPRESENTATION('',(#3953),#3958);
#3953 = B_SPLINE_CURVE_WITH_KNOTS('',3,(#3954,#3955,#3956,#3957),
  .UNSPECIFIED.,.F.,.F.,(4,4),(0.,1.),.PIECEWISE_BEZIER_KNOTS.);
#3954 = CARTESIAN_POINT('',(-5.92720780767,6.09247138727));
#3955 = CARTESIAN_POINT('',(-5.825531987556,5.575799616592));
#3956 = CARTESIAN_POINT('',(-5.666694491275,5.036385827691));
#3957 = CARTESIAN_POINT('',(-5.307160011181,4.637246227929));
#3958 = ( GEOMETRIC_REPRESENTATION_CONTEXT(2) 
PARAMETRIC_REPRESENTATION_CONTEXT() REPRESENTATION_CONTEXT('2D SPACE',''
  ) );
#3959 = ORIENTED_EDGE('',*,*,#3960,.F.);
#3960 = EDGE_CURVE('',#3910,#3936,#3961,.T.);
#3961 = SURFACE_CURVE('',#3962,(#3965,#3972),.PCURVE_S1.);
#3962 = B_SPLINE_CURVE_WITH_KNOTS('',1,(#3963,#3964),.UNSPECIFIED.,.F.,
  .F.,(2,2),(0.,1.),.PIECEWISE_BEZIER_KNOTS.);
#3963 = CARTESIAN_POINT('',(5.307160011181,4.637246227929,0.));
#3964 = CARTESIAN_POINT('',(5.307160011181,4.637246227929,10.));
#3965 = PCURVE('',#3890,#3966);
#3966 = DEFINITIONAL_REPRESENTATION('',(#3967),#3971);
#3967 = LINE('',#3968,#3969);
#3968 = CARTESIAN_POINT('',(0.,1.));
#3969 = VECTOR('',#3970,1.);
#3970 = DIRECTION('',(1.,0.));
#3971 = ( GEOMETRIC_REPRESENTATION_CONTEXT(2) 
PARAMETRIC_REPRESENTATION_CONTEXT() REPRESENTATION_CONTEXT('2D SPACE',''
  ) );
#3972 = PCURVE('',#3973,#3982);
#3973 = B_SPLINE_SURFACE_WITH_KNOTS('',1,3,(
    (#3974,#3975,#3976,#3977)
    ,(#3978,#3979,#3980,#3981
    )),.UNSPECIFIED.,.F.,.F.,.F.,(2,2),(4,4),(0.,1.),(0.,1.),
  .PIECEWISE_BEZIER_KNOTS.);
#3974 = CARTESIAN_POINT('',(5.307160011181,4.637246227929,0.));
#3975 = CARTESIAN_POINT('',(4.408858705867,4.139642595901,0.));
#3976 = CARTESIAN_POINT('',(5.299446331875,2.913853888868,0.));
#3977 = CARTESIAN_POINT('',(6.050285878059,3.614421220123,0.));
#3978 = CARTESIAN_POINT('',(5.307160011181,4.637246227929,10.));
#3979 = CARTESIAN_POINT('',(4.408858705867,4.139642595901,10.));
#3980 = CARTESIAN_POINT('',(5.299446331875,2.913853888868,10.));
#3981 = CARTESIAN_POINT('',(6.050285878059,3.614421220123,10.));
#3982 = DEFINITIONAL_REPRESENTATION('',(#3983),#3987);
#3983 = LINE('',#3984,#3985);
#3984 = CARTESIAN_POINT('',(0.,0.));
#3985 = VECTOR('',#3986,1.);
#3986 = DIRECTION('',(1.,0.));
#3987 = ( GEOMETRIC_REPRESENTATION_CONTEXT(2) 
PARAMETRIC_REPRESENTATION_CONTEXT() REPRESENTATION_CONTEXT('2D SPACE',''
  ) );
#3988 = ADVANCED_FACE('',(#3989),#3973,.T.);
#3989 = FACE_BOUND('',#3990,.T.);
#3990 = EDGE_LOOP('',(#3991,#4016,#4017,#4042));
#3991 = ORIENTED_EDGE('',*,*,#3992,.F.);
#3992 = EDGE_CURVE('',#3910,#3993,#3995,.T.);
#3993 = VERTEX_POINT('',#3994);
#3994 = CARTESIAN_POINT('',(6.050285878059,3.614421220123,0.));
#3995 = SURFACE_CURVE('',#3996,(#4001,#4008),.PCURVE_S1.);
#3996 = B_SPLINE_CURVE_WITH_KNOTS('',3,(#3997,#3998,#3999,#4000),
  .UNSPECIFIED.,.F.,.F.,(4,4),(0.,1.),.PIECEWISE_BEZIER_KNOTS.);
#3997 = CARTESIAN_POINT('',(5.307160011181,4.637246227929,0.));
#3998 = CARTESIAN_POINT('',(4.408858705867,4.139642595901,0.));
#3999 = CARTESIAN_POINT('',(5.299446331875,2.913853888868,0.));
#4000 = CARTESIAN_POINT('',(6.050285878059,3.614421220123,0.));
#4001 = PCURVE('',#3973,#4002);
#4002 = DEFINITIONAL_REPRESENTATION('',(#4003),#4007);
#4003 = LINE('',#4004,#4005);
#4004 = CARTESIAN_POINT('',(0.,0.));
#4005 = VECTOR('',#4006,1.);
#4006 = DIRECTION('',(0.,1.));
#4007 = ( GEOMETRIC_REPRESENTATION_CONTEXT(2) 
PARAMETRIC_REPRESENTATION_CONTEXT() REPRESENTATION_CONTEXT('2D SPACE',''
  ) );
#4008 = PCURVE('',#68,#4009);
#4009 = DEFINITIONAL_REPRESENTATION('',(#4010),#4015);
#4010 = B_SPLINE_CURVE_WITH_KNOTS('',3,(#4011,#4012,#4013,#4014),
  .UNSPECIFIED.,.F.,.F.,(4,4),(0.,1.),.PIECEWISE_BEZIER_KNOTS.);
#4011 = CARTESIAN_POINT('',(5.307160011181,4.637246227929));
#4012 = CARTESIAN_POINT('',(4.408858705867,4.139642595901));
#4013 = CARTESIAN_POINT('',(5.299446331875,2.913853888868));
#4014 = CARTESIAN_POINT('',(6.050285878059,3.614421220123));
#4015 = ( GEOMETRIC_REPRESENTATION_CONTEXT(2) 
PARAMETRIC_REPRESENTATION_CONTEXT() REPRESENTATION_CONTEXT('2D SPACE',''
  ) );
#4016 = ORIENTED_EDGE('',*,*,#3960,.T.);
#4017 = ORIENTED_EDGE('',*,*,#4018,.T.);
#4018 = EDGE_CURVE('',#3936,#4019,#4021,.T.);
#4019 = VERTEX_POINT('',#4020);
#4020 = CARTESIAN_POINT('',(6.050285878059,3.614421220123,10.));
#4021 = SURFACE_CURVE('',#4022,(#4027,#4034),.PCURVE_S1.);
#4022 = B_SPLINE_CURVE_WITH_KNOTS('',3,(#4023,#4024,#4025,#4026),
  .UNSPECIFIED.,.F.,.F.,(4,4),(0.,1.),.PIECEWISE_BEZIER_KNOTS.);
#4023 = CARTESIAN_POINT('',(5.307160011181,4.637246227929,10.));
#4024 = CARTESIAN_POINT('',(4.408858705867,4.139642595901,10.));
#4025 = CARTESIAN_POINT('',(5.299446331875,2.913853888868,10.));
#4026 = CARTESIAN_POINT('',(6.050285878059,3.614421220123,10.));
#4027 = PCURVE('',#3973,#4028);
#4028 = DEFINITIONAL_REPRESENTATION('',(#4029),#4033);
#4029 = LINE('',#4030,#4031);
#4030 = CARTESIAN_POINT('',(1.,0.));
#4031 = VECTOR('',#4032,1.);
#4032 = DIRECTION('',(0.,1.));
#4033 = ( GEOMETRIC_REPRESENTATION_CONTEXT(2) 
PARAMETRIC_REPRESENTATION_CONTEXT() REPRESENTATION_CONTEXT('2D SPACE',''
  ) );
#4034 = PCURVE('',#129,#4035);
#4035 = DEFINITIONAL_REPRESENTATION('',(#4036),#4041);
#4036 = B_SPLINE_CURVE_WITH_KNOTS('',3,(#4037,#4038,#4039,#4040),
  .UNSPECIFIED.,.F.,.F.,(4,4),(0.,1.),.PIECEWISE_BEZIER_KNOTS.);
#4037 = CARTESIAN_POINT('',(-5.307160011181,4.637246227929));
#4038 = CARTESIAN_POINT('',(-4.408858705867,4.139642595901));
#4039 = CARTESIAN_POINT('',(-5.299446331875,2.913853888868));
#4040 = CARTESIAN_POINT('',(-6.050285878059,3.614421220123));
#4041 = ( GEOMETRIC_REPRESENTATION_CONTEXT(2) 
PARAMETRIC_REPRESENTATION_CONTEXT() REPRESENTATION_CONTEXT('2D SPACE',''
  ) );
#4042 = ORIENTED_EDGE('',*,*,#4043,.F.);
#4043 = EDGE_CURVE('',#3993,#4019,#4044,.T.);
#4044 = SURFACE_CURVE('',#4045,(#4048,#4055),.PCURVE_S1.);
#4045 = B_SPLINE_CURVE_WITH_KNOTS('',1,(#4046,#4047),.UNSPECIFIED.,.F.,
  .F.,(2,2),(0.,1.),.PIECEWISE_BEZIER_KNOTS.);
#4046 = CARTESIAN_POINT('',(6.050285878059,3.614421220123,0.));
#4047 = CARTESIAN_POINT('',(6.050285878059,3.614421220123,10.));
#4048 = PCURVE('',#3973,#4049);
#4049 = DEFINITIONAL_REPRESENTATION('',(#4050),#4054);
#4050 = LINE('',#4051,#4052);
#4051 = CARTESIAN_POINT('',(0.,1.));
#4052 = VECTOR('',#4053,1.);
#4053 = DIRECTION('',(1.,0.));
#4054 = ( GEOMETRIC_REPRESENTATION_CONTEXT(2) 
PARAMETRIC_REPRESENTATION_CONTEXT() REPRESENTATION_CONTEXT('2D SPACE',''
  ) );
#4055 = PCURVE('',#4056,#4065);
#4056 = B_SPLINE_SURFACE_WITH_KNOTS('',1,3,(
    (#4057,#4058,#4059,#4060)
    ,(#4061,#4062,#4063,#4064
    )),.UNSPECIFIED.,.F.,.F.,.F.,(2,2),(4,4),(0.,1.),(0.,1.),
  .PIECEWISE_BEZIER_KNOTS.);
#4057 = CARTESIAN_POINT('',(6.050285878059,3.614421220123,0.));
#4058 = CARTESIAN_POINT('',(6.540992459737,3.833017910796,0.));
#4059 = CARTESIAN_POINT('',(7.103088944346,3.817393318895,0.));
#4060 = CARTESIAN_POINT('',(7.625892554966,3.75443241251,0.));
#4061 = CARTESIAN_POINT('',(6.050285878059,3.614421220123,10.));
#4062 = CARTESIAN_POINT('',(6.540992459737,3.833017910796,10.));
#4063 = CARTESIAN_POINT('',(7.103088944346,3.817393318895,10.));
#4064 = CARTESIAN_POINT('',(7.625892554966,3.75443241251,10.));
#4065 = DEFINITIONAL_REPRESENTATION('',(#4066),#4070);
#4066 = LINE('',#4067,#4068);
#4067 = CARTESIAN_POINT('',(0.,0.));
#4068 = VECTOR('',#4069,1.);
#4069 = DIRECTION('',(1.,0.));
#4070 = ( GEOMETRIC_REPRESENTATION_CONTEXT(2) 
PARAMETRIC_REPRESENTATION_CONTEXT() REPRESENTATION_CONTEXT('2D SPACE',''
  ) );
#4071 = ADVANCED_FACE('',(#4072),#4056,.T.);
#4072 = FACE_BOUND('',#4073,.T.);
#4073 = EDGE_LOOP('',(#4074,#4099,#4100,#4125));
#4074 = ORIENTED_EDGE('',*,*,#4075,.F.);
#4075 = EDGE_CURVE('',#3993,#4076,#4078,.T.);
#4076 = VERTEX_POINT('',#4077);
#4077 = CARTESIAN_POINT('',(7.625892554966,3.75443241251,0.));
#4078 = SURFACE_CURVE('',#4079,(#4084,#4091),.PCURVE_S1.);
#4079 = B_SPLINE_CURVE_WITH_KNOTS('',3,(#4080,#4081,#4082,#4083),
  .UNSPECIFIED.,.F.,.F.,(4,4),(0.,1.),.PIECEWISE_BEZIER_KNOTS.);
#4080 = CARTESIAN_POINT('',(6.050285878059,3.614421220123,0.));
#4081 = CARTESIAN_POINT('',(6.540992459737,3.833017910796,0.));
#4082 = CARTESIAN_POINT('',(7.103088944346,3.817393318895,0.));
#4083 = CARTESIAN_POINT('',(7.625892554966,3.75443241251,0.));
#4084 = PCURVE('',#4056,#4085);
#4085 = DEFINITIONAL_REPRESENTATION('',(#4086),#4090);
#4086 = LINE('',#4087,#4088);
#4087 = CARTESIAN_POINT('',(0.,0.));
#4088 = VECTOR('',#4089,1.);
#4089 = DIRECTION('',(0.,1.));
#4090 = ( GEOMETRIC_REPRESENTATION_CONTEXT(2) 
PARAMETRIC_REPRESENTATION_CONTEXT() REPRESENTATION_CONTEXT('2D SPACE',''
  ) );
#4091 = PCURVE('',#68,#4092);
#4092 = DEFINITIONAL_REPRESENTATION('',(#4093),#4098);
#4093 = B_SPLINE_CURVE_WITH_KNOTS('',3,(#4094,#4095,#4096,#4097),
  .UNSPECIFIED.,.F.,.F.,(4,4),(0.,1.),.PIECEWISE_BEZIER_KNOTS.);
#4094 = CARTESIAN_POINT('',(6.050285878059,3.614421220123));
#4095 = CARTESIAN_POINT('',(6.540992459737,3.833017910796));
#4096 = CARTESIAN_POINT('',(7.103088944346,3.817393318895));
#4097 = CARTESIAN_POINT('',(7.625892554966,3.75443241251));
#4098 = ( GEOMETRIC_REPRESENTATION_CONTEXT(2) 
PARAMETRIC_REPRESENTATION_CONTEXT() REPRESENTATION_CONTEXT('2D SPACE',''
  ) );
#4099 = ORIENTED_EDGE('',*,*,#4043,.T.);
#4100 = ORIENTED_EDGE('',*,*,#4101,.T.);
#4101 = EDGE_CURVE('',#4019,#4102,#4104,.T.);
#4102 = VERTEX_POINT('',#4103);
#4103 = CARTESIAN_POINT('',(7.625892554966,3.75443241251,10.));
#4104 = SURFACE_CURVE('',#4105,(#4110,#4117),.PCURVE_S1.);
#4105 = B_SPLINE_CURVE_WITH_KNOTS('',3,(#4106,#4107,#4108,#4109),
  .UNSPECIFIED.,.F.,.F.,(4,4),(0.,1.),.PIECEWISE_BEZIER_KNOTS.);
#4106 = CARTESIAN_POINT('',(6.050285878059,3.614421220123,10.));
#4107 = CARTESIAN_POINT('',(6.540992459737,3.833017910796,10.));
#4108 = CARTESIAN_POINT('',(7.103088944346,3.817393318895,10.));
#4109 = CARTESIAN_POINT('',(7.625892554966,3.75443241251,10.));
#4110 = PCURVE('',#4056,#4111);
#4111 = DEFINITIONAL_REPRESENTATION('',(#4112),#4116);
#4112 = LINE('',#4113,#4114);
#4113 = CARTESIAN_POINT('',(1.,0.));
#4114 = VECTOR('',#4115,1.);
#4115 = DIRECTION('',(0.,1.));
#4116 = ( GEOMETRIC_REPRESENTATION_CONTEXT(2) 
PARAMETRIC_REPRESENTATION_CONTEXT() REPRESENTATION_CONTEXT('2D SPACE',''
  ) );
#4117 = PCURVE('',#129,#4118);
#4118 = DEFINITIONAL_REPRESENTATION('',(#4119),#4124);
#4119 = B_SPLINE_CURVE_WITH_KNOTS('',3,(#4120,#4121,#4122,#4123),
  .UNSPECIFIED.,.F.,.F.,(4,4),(0.,1.),.PIECEWISE_BEZIER_KNOTS.);
#4120 = CARTESIAN_POINT('',(-6.050285878059,3.614421220123));
#4121 = CARTESIAN_POINT('',(-6.540992459737,3.833017910796));
#4122 = CARTESIAN_POINT('',(-7.103088944346,3.817393318895));
#4123 = CARTESIAN_POINT('',(-7.625892554966,3.75443241251));
#4124 = ( GEOMETRIC_REPRESENTATION_CONTEXT(2) 
PARAMETRIC_REPRESENTATION_CONTEXT() REPRESENTATION_CONTEXT('2D SPACE',''
  ) );
#4125 = ORIENTED_EDGE('',*,*,#4126,.F.);
#4126 = EDGE_CURVE('',#4076,#4102,#4127,.T.);
#4127 = SURFACE_CURVE('',#4128,(#4131,#4138),.PCURVE_S1.);
#4128 = B_SPLINE_CURVE_WITH_KNOTS('',1,(#4129,#4130),.UNSPECIFIED.,.F.,
  .F.,(2,2),(0.,1.),.PIECEWISE_BEZIER_KNOTS.);
#4129 = CARTESIAN_POINT('',(7.625892554966,3.75443241251,0.));
#4130 = CARTESIAN_POINT('',(7.625892554966,3.75443241251,10.));
#4131 = PCURVE('',#4056,#4132);
#4132 = DEFINITIONAL_REPRESENTATION('',(#4133),#4137);
#4133 = LINE('',#4134,#4135);
#4134 = CARTESIAN_POINT('',(0.,1.));
#4135 = VECTOR('',#4136,1.);
#4136 = DIRECTION('',(1.,0.));
#4137 = ( GEOMETRIC_REPRESENTATION_CONTEXT(2) 
PARAMETRIC_REPRESENTATION_CONTEXT() REPRESENTATION_CONTEXT('2D SPACE',''
  ) );
#4138 = PCURVE('',#4139,#4148);
#4139 = B_SPLINE_SURFACE_WITH_KNOTS('',1,3,(
    (#4140,#4141,#4142,#4143)
    ,(#4144,#4145,#4146,#4147
    )),.UNSPECIFIED.,.F.,.F.,.F.,(2,2),(4,4),(0.,1.),(0.,1.),
  .PIECEWISE_BEZIER_KNOTS.);
#4140 = CARTESIAN_POINT('',(7.625892554966,3.75443241251,0.));
#4141 = CARTESIAN_POINT('',(7.722535789544,3.55813555535,0.));
#4142 = CARTESIAN_POINT('',(7.811595081791,3.358105109905,0.));
#4143 = CARTESIAN_POINT('',(7.892805129294,3.154936955154,0.));
#4144 = CARTESIAN_POINT('',(7.625892554966,3.75443241251,10.));
#4145 = CARTESIAN_POINT('',(7.722535789544,3.55813555535,10.));
#4146 = CARTESIAN_POINT('',(7.811595081791,3.358105109905,10.));
#4147 = CARTESIAN_POINT('',(7.892805129294,3.154936955154,10.));
#4148 = DEFINITIONAL_REPRESENTATION('',(#4149),#4153);
#4149 = LINE('',#4150,#4151);
#4150 = CARTESIAN_POINT('',(0.,0.));
#4151 = VECTOR('',#4152,1.);
#4152 = DIRECTION('',(1.,0.));
#4153 = ( GEOMETRIC_REPRESENTATION_CONTEXT(2) 
PARAMETRIC_REPRESENTATION_CONTEXT() REPRESENTATION_CONTEXT('2D SPACE',''
  ) );
#4154 = ADVANCED_FACE('',(#4155),#4139,.T.);
#4155 = FACE_BOUND('',#4156,.T.);
#4156 = EDGE_LOOP('',(#4157,#4182,#4183,#4208));
#4157 = ORIENTED_EDGE('',*,*,#4158,.F.);
#4158 = EDGE_CURVE('',#4076,#4159,#4161,.T.);
#4159 = VERTEX_POINT('',#4160);
#4160 = CARTESIAN_POINT('',(7.892805129294,3.154936955154,0.));
#4161 = SURFACE_CURVE('',#4162,(#4167,#4174),.PCURVE_S1.);
#4162 = B_SPLINE_CURVE_WITH_KNOTS('',3,(#4163,#4164,#4165,#4166),
  .UNSPECIFIED.,.F.,.F.,(4,4),(0.,1.),.PIECEWISE_BEZIER_KNOTS.);
#4163 = CARTESIAN_POINT('',(7.625892554966,3.75443241251,0.));
#4164 = CARTESIAN_POINT('',(7.722535789544,3.55813555535,0.));
#4165 = CARTESIAN_POINT('',(7.811595081791,3.358105109905,0.));
#4166 = CARTESIAN_POINT('',(7.892805129294,3.154936955154,0.));
#4167 = PCURVE('',#4139,#4168);
#4168 = DEFINITIONAL_REPRESENTATION('',(#4169),#4173);
#4169 = LINE('',#4170,#4171);
#4170 = CARTESIAN_POINT('',(0.,0.));
#4171 = VECTOR('',#4172,1.);
#4172 = DIRECTION('',(0.,1.));
#4173 = ( GEOMETRIC_REPRESENTATION_CONTEXT(2) 
PARAMETRIC_REPRESENTATION_CONTEXT() REPRESENTATION_CONTEXT('2D SPACE',''
  ) );
#4174 = PCURVE('',#68,#4175);
#4175 = DEFINITIONAL_REPRESENTATION('',(#4176),#4181);
#4176 = B_SPLINE_CURVE_WITH_KNOTS('',3,(#4177,#4178,#4179,#4180),
  .UNSPECIFIED.,.F.,.F.,(4,4),(0.,1.),.PIECEWISE_BEZIER_KNOTS.);
#4177 = CARTESIAN_POINT('',(7.625892554966,3.75443241251));
#4178 = CARTESIAN_POINT('',(7.722535789544,3.55813555535));
#4179 = CARTESIAN_POINT('',(7.811595081791,3.358105109905));
#4180 = CARTESIAN_POINT('',(7.892805129294,3.154936955154));
#4181 = ( GEOMETRIC_REPRESENTATION_CONTEXT(2) 
PARAMETRIC_REPRESENTATION_CONTEXT() REPRESENTATION_CONTEXT('2D SPACE',''
  ) );
#4182 = ORIENTED_EDGE('',*,*,#4126,.T.);
#4183 = ORIENTED_EDGE('',*,*,#4184,.T.);
#4184 = EDGE_CURVE('',#4102,#4185,#4187,.T.);
#4185 = VERTEX_POINT('',#4186);
#4186 = CARTESIAN_POINT('',(7.892805129294,3.154936955154,10.));
#4187 = SURFACE_CURVE('',#4188,(#4193,#4200),.PCURVE_S1.);
#4188 = B_SPLINE_CURVE_WITH_KNOTS('',3,(#4189,#4190,#4191,#4192),
  .UNSPECIFIED.,.F.,.F.,(4,4),(0.,1.),.PIECEWISE_BEZIER_KNOTS.);
#4189 = CARTESIAN_POINT('',(7.625892554966,3.75443241251,10.));
#4190 = CARTESIAN_POINT('',(7.722535789544,3.55813555535,10.));
#4191 = CARTESIAN_POINT('',(7.811595081791,3.358105109905,10.));
#4192 = CARTESIAN_POINT('',(7.892805129294,3.154936955154,10.));
#4193 = PCURVE('',#4139,#4194);
#4194 = DEFINITIONAL_REPRESENTATION('',(#4195),#4199);
#4195 = LINE('',#4196,#4197);
#4196 = CARTESIAN_POINT('',(1.,0.));
#4197 = VECTOR('',#4198,1.);
#4198 = DIRECTION('',(0.,1.));
#4199 = ( GEOMETRIC_REPRESENTATION_CONTEXT(2) 
PARAMETRIC_REPRESENTATION_CONTEXT() REPRESENTATION_CONTEXT('2D SPACE',''
  ) );
#4200 = PCURVE('',#129,#4201);
#4201 = DEFINITIONAL_REPRESENTATION('',(#4202),#4207);
#4202 = B_SPLINE_CURVE_WITH_KNOTS('',3,(#4203,#4204,#4205,#4206),
  .UNSPECIFIED.,.F.,.F.,(4,4),(0.,1.),.PIECEWISE_BEZIER_KNOTS.);
#4203 = CARTESIAN_POINT('',(-7.625892554966,3.75443241251));
#4204 = CARTESIAN_POINT('',(-7.722535789544,3.55813555535));
#4205 = CARTESIAN_POINT('',(-7.811595081791,3.358105109905));
#4206 = CARTESIAN_POINT('',(-7.892805129294,3.154936955154));
#4207 = ( GEOMETRIC_REPRESENTATION_CONTEXT(2) 
PARAMETRIC_REPRESENTATION_CONTEXT() REPRESENTATION_CONTEXT('2D SPACE',''
  ) );
#4208 = ORIENTED_EDGE('',*,*,#4209,.F.);
#4209 = EDGE_CURVE('',#4159,#4185,#4210,.T.);
#4210 = SURFACE_CURVE('',#4211,(#4214,#4221),.PCURVE_S1.);
#4211 = B_SPLINE_CURVE_WITH_KNOTS('',1,(#4212,#4213),.UNSPECIFIED.,.F.,
  .F.,(2,2),(0.,1.),.PIECEWISE_BEZIER_KNOTS.);
#4212 = CARTESIAN_POINT('',(7.892805129294,3.154936955154,0.));
#4213 = CARTESIAN_POINT('',(7.892805129294,3.154936955154,10.));
#4214 = PCURVE('',#4139,#4215);
#4215 = DEFINITIONAL_REPRESENTATION('',(#4216),#4220);
#4216 = LINE('',#4217,#4218);
#4217 = CARTESIAN_POINT('',(0.,1.));
#4218 = VECTOR('',#4219,1.);
#4219 = DIRECTION('',(1.,0.));
#4220 = ( GEOMETRIC_REPRESENTATION_CONTEXT(2) 
PARAMETRIC_REPRESENTATION_CONTEXT() REPRESENTATION_CONTEXT('2D SPACE',''
  ) );
#4221 = PCURVE('',#4222,#4231);
#4222 = B_SPLINE_SURFACE_WITH_KNOTS('',1,3,(
    (#4223,#4224,#4225,#4226)
    ,(#4227,#4228,#4229,#4230
    )),.UNSPECIFIED.,.F.,.F.,.F.,(2,2),(4,4),(0.,1.),(0.,1.),
  .PIECEWISE_BEZIER_KNOTS.);
#4223 = CARTESIAN_POINT('',(7.892805129294,3.154936955154,0.));
#4224 = CARTESIAN_POINT('',(7.5897703041,2.724289087714,0.));
#4225 = CARTESIAN_POINT('',(7.225265677143,2.296115101105,0.));
#4226 = CARTESIAN_POINT('',(6.734469885061,2.077718780281,0.));
#4227 = CARTESIAN_POINT('',(7.892805129294,3.154936955154,10.));
#4228 = CARTESIAN_POINT('',(7.5897703041,2.724289087714,10.));
#4229 = CARTESIAN_POINT('',(7.225265677143,2.296115101105,10.));
#4230 = CARTESIAN_POINT('',(6.734469885061,2.077718780281,10.));
#4231 = DEFINITIONAL_REPRESENTATION('',(#4232),#4236);
#4232 = LINE('',#4233,#4234);
#4233 = CARTESIAN_POINT('',(0.,0.));
#4234 = VECTOR('',#4235,1.);
#4235 = DIRECTION('',(1.,0.));
#4236 = ( GEOMETRIC_REPRESENTATION_CONTEXT(2) 
PARAMETRIC_REPRESENTATION_CONTEXT() REPRESENTATION_CONTEXT('2D SPACE',''
  ) );
#4237 = ADVANCED_FACE('',(#4238),#4222,.T.);
#4238 = FACE_BOUND('',#4239,.T.);
#4239 = EDGE_LOOP('',(#4240,#4265,#4266,#4291));
#4240 = ORIENTED_EDGE('',*,*,#4241,.F.);
#4241 = EDGE_CURVE('',#4159,#4242,#4244,.T.);
#4242 = VERTEX_POINT('',#4243);
#4243 = CARTESIAN_POINT('',(6.734469885061,2.077718780281,0.));
#4244 = SURFACE_CURVE('',#4245,(#4250,#4257),.PCURVE_S1.);
#4245 = B_SPLINE_CURVE_WITH_KNOTS('',3,(#4246,#4247,#4248,#4249),
  .UNSPECIFIED.,.F.,.F.,(4,4),(0.,1.),.PIECEWISE_BEZIER_KNOTS.);
#4246 = CARTESIAN_POINT('',(7.892805129294,3.154936955154,0.));
#4247 = CARTESIAN_POINT('',(7.5897703041,2.724289087714,0.));
#4248 = CARTESIAN_POINT('',(7.225265677143,2.296115101105,0.));
#4249 = CARTESIAN_POINT('',(6.734469885061,2.077718780281,0.));
#4250 = PCURVE('',#4222,#4251);
#4251 = DEFINITIONAL_REPRESENTATION('',(#4252),#4256);
#4252 = LINE('',#4253,#4254);
#4253 = CARTESIAN_POINT('',(0.,0.));
#4254 = VECTOR('',#4255,1.);
#4255 = DIRECTION('',(0.,1.));
#4256 = ( GEOMETRIC_REPRESENTATION_CONTEXT(2) 
PARAMETRIC_REPRESENTATION_CONTEXT() REPRESENTATION_CONTEXT('2D SPACE',''
  ) );
#4257 = PCURVE('',#68,#4258);
#4258 = DEFINITIONAL_REPRESENTATION('',(#4259),#4264);
#4259 = B_SPLINE_CURVE_WITH_KNOTS('',3,(#4260,#4261,#4262,#4263),
  .UNSPECIFIED.,.F.,.F.,(4,4),(0.,1.),.PIECEWISE_BEZIER_KNOTS.);
#4260 = CARTESIAN_POINT('',(7.892805129294,3.154936955154));
#4261 = CARTESIAN_POINT('',(7.5897703041,2.724289087714));
#4262 = CARTESIAN_POINT('',(7.225265677143,2.296115101105));
#4263 = CARTESIAN_POINT('',(6.734469885061,2.077718780281));
#4264 = ( GEOMETRIC_REPRESENTATION_CONTEXT(2) 
PARAMETRIC_REPRESENTATION_CONTEXT() REPRESENTATION_CONTEXT('2D SPACE',''
  ) );
#4265 = ORIENTED_EDGE('',*,*,#4209,.T.);
#4266 = ORIENTED_EDGE('',*,*,#4267,.T.);
#4267 = EDGE_CURVE('',#4185,#4268,#4270,.T.);
#4268 = VERTEX_POINT('',#4269);
#4269 = CARTESIAN_POINT('',(6.734469885061,2.077718780281,10.));
#4270 = SURFACE_CURVE('',#4271,(#4276,#4283),.PCURVE_S1.);
#4271 = B_SPLINE_CURVE_WITH_KNOTS('',3,(#4272,#4273,#4274,#4275),
  .UNSPECIFIED.,.F.,.F.,(4,4),(0.,1.),.PIECEWISE_BEZIER_KNOTS.);
#4272 = CARTESIAN_POINT('',(7.892805129294,3.154936955154,10.));
#4273 = CARTESIAN_POINT('',(7.5897703041,2.724289087714,10.));
#4274 = CARTESIAN_POINT('',(7.225265677143,2.296115101105,10.));
#4275 = CARTESIAN_POINT('',(6.734469885061,2.077718780281,10.));
#4276 = PCURVE('',#4222,#4277);
#4277 = DEFINITIONAL_REPRESENTATION('',(#4278),#4282);
#4278 = LINE('',#4279,#4280);
#4279 = CARTESIAN_POINT('',(1.,0.));
#4280 = VECTOR('',#4281,1.);
#4281 = DIRECTION('',(0.,1.));
#4282 = ( GEOMETRIC_REPRESENTATION_CONTEXT(2) 
PARAMETRIC_REPRESENTATION_CONTEXT() REPRESENTATION_CONTEXT('2D SPACE',''
  ) );
#4283 = PCURVE('',#129,#4284);
#4284 = DEFINITIONAL_REPRESENTATION('',(#4285),#4290);
#4285 = B_SPLINE_CURVE_WITH_KNOTS('',3,(#4286,#4287,#4288,#4289),
  .UNSPECIFIED.,.F.,.F.,(4,4),(0.,1.),.PIECEWISE_BEZIER_KNOTS.);
#4286 = CARTESIAN_POINT('',(-7.892805129294,3.154936955154));
#4287 = CARTESIAN_POINT('',(-7.5897703041,2.724289087714));
#4288 = CARTESIAN_POINT('',(-7.225265677143,2.296115101105));
#4289 = CARTESIAN_POINT('',(-6.734469885061,2.077718780281));
#4290 = ( GEOMETRIC_REPRESENTATION_CONTEXT(2) 
PARAMETRIC_REPRESENTATION_CONTEXT() REPRESENTATION_CONTEXT('2D SPACE',''
  ) );
#4291 = ORIENTED_EDGE('',*,*,#4292,.F.);
#4292 = EDGE_CURVE('',#4242,#4268,#4293,.T.);
#4293 = SURFACE_CURVE('',#4294,(#4297,#4304),.PCURVE_S1.);
#4294 = B_SPLINE_CURVE_WITH_KNOTS('',1,(#4295,#4296),.UNSPECIFIED.,.F.,
  .F.,(2,2),(0.,1.),.PIECEWISE_BEZIER_KNOTS.);
#4295 = CARTESIAN_POINT('',(6.734469885061,2.077718780281,0.));
#4296 = CARTESIAN_POINT('',(6.734469885061,2.077718780281,10.));
#4297 = PCURVE('',#4222,#4298);
#4298 = DEFINITIONAL_REPRESENTATION('',(#4299),#4303);
#4299 = LINE('',#4300,#4301);
#4300 = CARTESIAN_POINT('',(0.,1.));
#4301 = VECTOR('',#4302,1.);
#4302 = DIRECTION('',(1.,0.));
#4303 = ( GEOMETRIC_REPRESENTATION_CONTEXT(2) 
PARAMETRIC_REPRESENTATION_CONTEXT() REPRESENTATION_CONTEXT('2D SPACE',''
  ) );
#4304 = PCURVE('',#4305,#4314);
#4305 = B_SPLINE_SURFACE_WITH_KNOTS('',1,3,(
    (#4306,#4307,#4308,#4309)
    ,(#4310,#4311,#4312,#4313
    )),.UNSPECIFIED.,.F.,.F.,.F.,(2,2),(4,4),(0.,1.),(0.,1.),
  .PIECEWISE_BEZIER_KNOTS.);
#4306 = CARTESIAN_POINT('',(6.734469885061,2.077718780281,0.));
#4307 = CARTESIAN_POINT('',(5.711437177123,1.988507299929,0.));
#4308 = CARTESIAN_POINT('',(6.026456273677,0.506458973222,0.));
#4309 = CARTESIAN_POINT('',(6.997328735075,0.84106511996,0.));
#4310 = CARTESIAN_POINT('',(6.734469885061,2.077718780281,10.));
#4311 = CARTESIAN_POINT('',(5.711437177123,1.988507299929,10.));
#4312 = CARTESIAN_POINT('',(6.026456273677,0.506458973222,10.));
#4313 = CARTESIAN_POINT('',(6.997328735075,0.84106511996,10.));
#4314 = DEFINITIONAL_REPRESENTATION('',(#4315),#4319);
#4315 = LINE('',#4316,#4317);
#4316 = CARTESIAN_POINT('',(0.,0.));
#4317 = VECTOR('',#4318,1.);
#4318 = DIRECTION('',(1.,0.));
#4319 = ( GEOMETRIC_REPRESENTATION_CONTEXT(2) 
PARAMETRIC_REPRESENTATION_CONTEXT() REPRESENTATION_CONTEXT('2D SPACE',''
  ) );
#4320 = ADVANCED_FACE('',(#4321),#4305,.T.);
#4321 = FACE_BOUND('',#4322,.T.);
#4322 = EDGE_LOOP('',(#4323,#4348,#4349,#4374));
#4323 = ORIENTED_EDGE('',*,*,#4324,.F.);
#4324 = EDGE_CURVE('',#4242,#4325,#4327,.T.);
#4325 = VERTEX_POINT('',#4326);
#4326 = CARTESIAN_POINT('',(6.997328735075,0.84106511996,0.));
#4327 = SURFACE_CURVE('',#4328,(#4333,#4340),.PCURVE_S1.);
#4328 = B_SPLINE_CURVE_WITH_KNOTS('',3,(#4329,#4330,#4331,#4332),
  .UNSPECIFIED.,.F.,.F.,(4,4),(0.,1.),.PIECEWISE_BEZIER_KNOTS.);
#4329 = CARTESIAN_POINT('',(6.734469885061,2.077718780281,0.));
#4330 = CARTESIAN_POINT('',(5.711437177123,1.988507299929,0.));
#4331 = CARTESIAN_POINT('',(6.026456273677,0.506458973222,0.));
#4332 = CARTESIAN_POINT('',(6.997328735075,0.84106511996,0.));
#4333 = PCURVE('',#4305,#4334);
#4334 = DEFINITIONAL_REPRESENTATION('',(#4335),#4339);
#4335 = LINE('',#4336,#4337);
#4336 = CARTESIAN_POINT('',(0.,0.));
#4337 = VECTOR('',#4338,1.);
#4338 = DIRECTION('',(0.,1.));
#4339 = ( GEOMETRIC_REPRESENTATION_CONTEXT(2) 
PARAMETRIC_REPRESENTATION_CONTEXT() REPRESENTATION_CONTEXT('2D SPACE',''
  ) );
#4340 = PCURVE('',#68,#4341);
#4341 = DEFINITIONAL_REPRESENTATION('',(#4342),#4347);
#4342 = B_SPLINE_CURVE_WITH_KNOTS('',3,(#4343,#4344,#4345,#4346),
  .UNSPECIFIED.,.F.,.F.,(4,4),(0.,1.),.PIECEWISE_BEZIER_KNOTS.);
#4343 = CARTESIAN_POINT('',(6.734469885061,2.077718780281));
#4344 = CARTESIAN_POINT('',(5.711437177123,1.988507299929));
#4345 = CARTESIAN_POINT('',(6.026456273677,0.506458973222));
#4346 = CARTESIAN_POINT('',(6.997328735075,0.84106511996));
#4347 = ( GEOMETRIC_REPRESENTATION_CONTEXT(2) 
PARAMETRIC_REPRESENTATION_CONTEXT() REPRESENTATION_CONTEXT('2D SPACE',''
  ) );
#4348 = ORIENTED_EDGE('',*,*,#4292,.T.);
#4349 = ORIENTED_EDGE('',*,*,#4350,.T.);
#4350 = EDGE_CURVE('',#4268,#4351,#4353,.T.);
#4351 = VERTEX_POINT('',#4352);
#4352 = CARTESIAN_POINT('',(6.997328735075,0.84106511996,10.));
#4353 = SURFACE_CURVE('',#4354,(#4359,#4366),.PCURVE_S1.);
#4354 = B_SPLINE_CURVE_WITH_KNOTS('',3,(#4355,#4356,#4357,#4358),
  .UNSPECIFIED.,.F.,.F.,(4,4),(0.,1.),.PIECEWISE_BEZIER_KNOTS.);
#4355 = CARTESIAN_POINT('',(6.734469885061,2.077718780281,10.));
#4356 = CARTESIAN_POINT('',(5.711437177123,1.988507299929,10.));
#4357 = CARTESIAN_POINT('',(6.026456273677,0.506458973222,10.));
#4358 = CARTESIAN_POINT('',(6.997328735075,0.84106511996,10.));
#4359 = PCURVE('',#4305,#4360);
#4360 = DEFINITIONAL_REPRESENTATION('',(#4361),#4365);
#4361 = LINE('',#4362,#4363);
#4362 = CARTESIAN_POINT('',(1.,0.));
#4363 = VECTOR('',#4364,1.);
#4364 = DIRECTION('',(0.,1.));
#4365 = ( GEOMETRIC_REPRESENTATION_CONTEXT(2) 
PARAMETRIC_REPRESENTATION_CONTEXT() REPRESENTATION_CONTEXT('2D SPACE',''
  ) );
#4366 = PCURVE('',#129,#4367);
#4367 = DEFINITIONAL_REPRESENTATION('',(#4368),#4373);
#4368 = B_SPLINE_CURVE_WITH_KNOTS('',3,(#4369,#4370,#4371,#4372),
  .UNSPECIFIED.,.F.,.F.,(4,4),(0.,1.),.PIECEWISE_BEZIER_KNOTS.);
#4369 = CARTESIAN_POINT('',(-6.734469885061,2.077718780281));
#4370 = CARTESIAN_POINT('',(-5.711437177123,1.988507299929));
#4371 = CARTESIAN_POINT('',(-6.026456273677,0.506458973222));
#4372 = CARTESIAN_POINT('',(-6.997328735075,0.84106511996));
#4373 = ( GEOMETRIC_REPRESENTATION_CONTEXT(2) 
PARAMETRIC_REPRESENTATION_CONTEXT() REPRESENTATION_CONTEXT('2D SPACE',''
  ) );
#4374 = ORIENTED_EDGE('',*,*,#4375,.F.);
#4375 = EDGE_CURVE('',#4325,#4351,#4376,.T.);
#4376 = SURFACE_CURVE('',#4377,(#4380,#4387),.PCURVE_S1.);
#4377 = B_SPLINE_CURVE_WITH_KNOTS('',1,(#4378,#4379),.UNSPECIFIED.,.F.,
  .F.,(2,2),(0.,1.),.PIECEWISE_BEZIER_KNOTS.);
#4378 = CARTESIAN_POINT('',(6.997328735075,0.84106511996,0.));
#4379 = CARTESIAN_POINT('',(6.997328735075,0.84106511996,10.));
#4380 = PCURVE('',#4305,#4381);
#4381 = DEFINITIONAL_REPRESENTATION('',(#4382),#4386);
#4382 = LINE('',#4383,#4384);
#4383 = CARTESIAN_POINT('',(0.,1.));
#4384 = VECTOR('',#4385,1.);
#4385 = DIRECTION('',(1.,0.));
#4386 = ( GEOMETRIC_REPRESENTATION_CONTEXT(2) 
PARAMETRIC_REPRESENTATION_CONTEXT() REPRESENTATION_CONTEXT('2D SPACE',''
  ) );
#4387 = PCURVE('',#4388,#4397);
#4388 = B_SPLINE_SURFACE_WITH_KNOTS('',1,3,(
    (#4389,#4390,#4391,#4392)
    ,(#4393,#4394,#4395,#4396
    )),.UNSPECIFIED.,.F.,.F.,.F.,(2,2),(4,4),(0.,1.),(0.,1.),
  .PIECEWISE_BEZIER_KNOTS.);
#4389 = CARTESIAN_POINT('',(6.997328735075,0.84106511996,0.));
#4390 = CARTESIAN_POINT('',(7.534522787954,0.841174786012,0.));
#4391 = CARTESIAN_POINT('',(8.041668384166,0.59827577382,0.));
#4392 = CARTESIAN_POINT('',(8.49366474018,0.328114738211,0.));
#4393 = CARTESIAN_POINT('',(6.997328735075,0.84106511996,10.));
#4394 = CARTESIAN_POINT('',(7.534522787954,0.841174786012,10.));
#4395 = CARTESIAN_POINT('',(8.041668384166,0.59827577382,10.));
#4396 = CARTESIAN_POINT('',(8.49366474018,0.328114738211,10.));
#4397 = DEFINITIONAL_REPRESENTATION('',(#4398),#4402);
#4398 = LINE('',#4399,#4400);
#4399 = CARTESIAN_POINT('',(0.,0.));
#4400 = VECTOR('',#4401,1.);
#4401 = DIRECTION('',(1.,0.));
#4402 = ( GEOMETRIC_REPRESENTATION_CONTEXT(2) 
PARAMETRIC_REPRESENTATION_CONTEXT() REPRESENTATION_CONTEXT('2D SPACE',''
  ) );
#4403 = ADVANCED_FACE('',(#4404),#4388,.T.);
#4404 = FACE_BOUND('',#4405,.T.);
#4405 = EDGE_LOOP('',(#4406,#4431,#4432,#4457));
#4406 = ORIENTED_EDGE('',*,*,#4407,.F.);
#4407 = EDGE_CURVE('',#4325,#4408,#4410,.T.);
#4408 = VERTEX_POINT('',#4409);
#4409 = CARTESIAN_POINT('',(8.49366474018,0.328114738211,0.));
#4410 = SURFACE_CURVE('',#4411,(#4416,#4423),.PCURVE_S1.);
#4411 = B_SPLINE_CURVE_WITH_KNOTS('',3,(#4412,#4413,#4414,#4415),
  .UNSPECIFIED.,.F.,.F.,(4,4),(0.,1.),.PIECEWISE_BEZIER_KNOTS.);
#4412 = CARTESIAN_POINT('',(6.997328735075,0.84106511996,0.));
#4413 = CARTESIAN_POINT('',(7.534522787954,0.841174786012,0.));
#4414 = CARTESIAN_POINT('',(8.041668384166,0.59827577382,0.));
#4415 = CARTESIAN_POINT('',(8.49366474018,0.328114738211,0.));
#4416 = PCURVE('',#4388,#4417);
#4417 = DEFINITIONAL_REPRESENTATION('',(#4418),#4422);
#4418 = LINE('',#4419,#4420);
#4419 = CARTESIAN_POINT('',(0.,0.));
#4420 = VECTOR('',#4421,1.);
#4421 = DIRECTION('',(0.,1.));
#4422 = ( GEOMETRIC_REPRESENTATION_CONTEXT(2) 
PARAMETRIC_REPRESENTATION_CONTEXT() REPRESENTATION_CONTEXT('2D SPACE',''
  ) );
#4423 = PCURVE('',#68,#4424);
#4424 = DEFINITIONAL_REPRESENTATION('',(#4425),#4430);
#4425 = B_SPLINE_CURVE_WITH_KNOTS('',3,(#4426,#4427,#4428,#4429),
  .UNSPECIFIED.,.F.,.F.,(4,4),(0.,1.),.PIECEWISE_BEZIER_KNOTS.);
#4426 = CARTESIAN_POINT('',(6.997328735075,0.84106511996));
#4427 = CARTESIAN_POINT('',(7.534522787954,0.841174786012));
#4428 = CARTESIAN_POINT('',(8.041668384166,0.59827577382));
#4429 = CARTESIAN_POINT('',(8.49366474018,0.328114738211));
#4430 = ( GEOMETRIC_REPRESENTATION_CONTEXT(2) 
PARAMETRIC_REPRESENTATION_CONTEXT() REPRESENTATION_CONTEXT('2D SPACE',''
  ) );
#4431 = ORIENTED_EDGE('',*,*,#4375,.T.);
#4432 = ORIENTED_EDGE('',*,*,#4433,.T.);
#4433 = EDGE_CURVE('',#4351,#4434,#4436,.T.);
#4434 = VERTEX_POINT('',#4435);
#4435 = CARTESIAN_POINT('',(8.49366474018,0.328114738211,10.));
#4436 = SURFACE_CURVE('',#4437,(#4442,#4449),.PCURVE_S1.);
#4437 = B_SPLINE_CURVE_WITH_KNOTS('',3,(#4438,#4439,#4440,#4441),
  .UNSPECIFIED.,.F.,.F.,(4,4),(0.,1.),.PIECEWISE_BEZIER_KNOTS.);
#4438 = CARTESIAN_POINT('',(6.997328735075,0.84106511996,10.));
#4439 = CARTESIAN_POINT('',(7.534522787954,0.841174786012,10.));
#4440 = CARTESIAN_POINT('',(8.041668384166,0.59827577382,10.));
#4441 = CARTESIAN_POINT('',(8.49366474018,0.328114738211,10.));
#4442 = PCURVE('',#4388,#4443);
#4443 = DEFINITIONAL_REPRESENTATION('',(#4444),#4448);
#4444 = LINE('',#4445,#4446);
#4445 = CARTESIAN_POINT('',(1.,0.));
#4446 = VECTOR('',#4447,1.);
#4447 = DIRECTION('',(0.,1.));
#4448 = ( GEOMETRIC_REPRESENTATION_CONTEXT(2) 
PARAMETRIC_REPRESENTATION_CONTEXT() REPRESENTATION_CONTEXT('2D SPACE',''
  ) );
#4449 = PCURVE('',#129,#4450);
#4450 = DEFINITIONAL_REPRESENTATION('',(#4451),#4456);
#4451 = B_SPLINE_CURVE_WITH_KNOTS('',3,(#4452,#4453,#4454,#4455),
  .UNSPECIFIED.,.F.,.F.,(4,4),(0.,1.),.PIECEWISE_BEZIER_KNOTS.);
#4452 = CARTESIAN_POINT('',(-6.997328735075,0.84106511996));
#4453 = CARTESIAN_POINT('',(-7.534522787954,0.841174786012));
#4454 = CARTESIAN_POINT('',(-8.041668384166,0.59827577382));
#4455 = CARTESIAN_POINT('',(-8.49366474018,0.328114738211));
#4456 = ( GEOMETRIC_REPRESENTATION_CONTEXT(2) 
PARAMETRIC_REPRESENTATION_CONTEXT() REPRESENTATION_CONTEXT('2D SPACE',''
  ) );
#4457 = ORIENTED_EDGE('',*,*,#4458,.F.);
#4458 = EDGE_CURVE('',#4408,#4434,#4459,.T.);
#4459 = SURFACE_CURVE('',#4460,(#4463,#4470),.PCURVE_S1.);
#4460 = B_SPLINE_CURVE_WITH_KNOTS('',1,(#4461,#4462),.UNSPECIFIED.,.F.,
  .F.,(2,2),(0.,1.),.PIECEWISE_BEZIER_KNOTS.);
#4461 = CARTESIAN_POINT('',(8.49366474018,0.328114738211,0.));
#4462 = CARTESIAN_POINT('',(8.49366474018,0.328114738211,10.));
#4463 = PCURVE('',#4388,#4464);
#4464 = DEFINITIONAL_REPRESENTATION('',(#4465),#4469);
#4465 = LINE('',#4466,#4467);
#4466 = CARTESIAN_POINT('',(0.,1.));
#4467 = VECTOR('',#4468,1.);
#4468 = DIRECTION('',(1.,0.));
#4469 = ( GEOMETRIC_REPRESENTATION_CONTEXT(2) 
PARAMETRIC_REPRESENTATION_CONTEXT() REPRESENTATION_CONTEXT('2D SPACE',''
  ) );
#4470 = PCURVE('',#4471,#4480);
#4471 = B_SPLINE_SURFACE_WITH_KNOTS('',1,3,(
    (#4472,#4473,#4474,#4475)
    ,(#4476,#4477,#4478,#4479
    )),.UNSPECIFIED.,.F.,.F.,.F.,(2,2),(4,4),(0.,1.),(0.,1.),
  .PIECEWISE_BEZIER_KNOTS.);
#4472 = CARTESIAN_POINT('',(8.49366474018,0.328114738211,0.));
#4473 = CARTESIAN_POINT('',(8.502111603412,0.109480291195,0.));
#4474 = CARTESIAN_POINT('',(8.502111603412,-0.109480291195,0.));
#4475 = CARTESIAN_POINT('',(8.49366474018,-0.328114738211,0.));
#4476 = CARTESIAN_POINT('',(8.49366474018,0.328114738211,10.));
#4477 = CARTESIAN_POINT('',(8.502111603412,0.109480291195,10.));
#4478 = CARTESIAN_POINT('',(8.502111603412,-0.109480291195,10.));
#4479 = CARTESIAN_POINT('',(8.49366474018,-0.328114738211,10.));
#4480 = DEFINITIONAL_REPRESENTATION('',(#4481),#4485);
#4481 = LINE('',#4482,#4483);
#4482 = CARTESIAN_POINT('',(0.,0.));
#4483 = VECTOR('',#4484,1.);
#4484 = DIRECTION('',(1.,0.));
#4485 = ( GEOMETRIC_REPRESENTATION_CONTEXT(2) 
PARAMETRIC_REPRESENTATION_CONTEXT() REPRESENTATION_CONTEXT('2D SPACE',''
  ) );
#4486 = ADVANCED_FACE('',(#4487),#4471,.T.);
#4487 = FACE_BOUND('',#4488,.T.);
#4488 = EDGE_LOOP('',(#4489,#4514,#4515,#4540));
#4489 = ORIENTED_EDGE('',*,*,#4490,.F.);
#4490 = EDGE_CURVE('',#4408,#4491,#4493,.T.);
#4491 = VERTEX_POINT('',#4492);
#4492 = CARTESIAN_POINT('',(8.49366474018,-0.328114738211,0.));
#4493 = SURFACE_CURVE('',#4494,(#4499,#4506),.PCURVE_S1.);
#4494 = B_SPLINE_CURVE_WITH_KNOTS('',3,(#4495,#4496,#4497,#4498),
  .UNSPECIFIED.,.F.,.F.,(4,4),(0.,1.),.PIECEWISE_BEZIER_KNOTS.);
#4495 = CARTESIAN_POINT('',(8.49366474018,0.328114738211,0.));
#4496 = CARTESIAN_POINT('',(8.502111603412,0.109480291195,0.));
#4497 = CARTESIAN_POINT('',(8.502111603412,-0.109480291195,0.));
#4498 = CARTESIAN_POINT('',(8.49366474018,-0.328114738211,0.));
#4499 = PCURVE('',#4471,#4500);
#4500 = DEFINITIONAL_REPRESENTATION('',(#4501),#4505);
#4501 = LINE('',#4502,#4503);
#4502 = CARTESIAN_POINT('',(0.,0.));
#4503 = VECTOR('',#4504,1.);
#4504 = DIRECTION('',(0.,1.));
#4505 = ( GEOMETRIC_REPRESENTATION_CONTEXT(2) 
PARAMETRIC_REPRESENTATION_CONTEXT() REPRESENTATION_CONTEXT('2D SPACE',''
  ) );
#4506 = PCURVE('',#68,#4507);
#4507 = DEFINITIONAL_REPRESENTATION('',(#4508),#4513);
#4508 = B_SPLINE_CURVE_WITH_KNOTS('',3,(#4509,#4510,#4511,#4512),
  .UNSPECIFIED.,.F.,.F.,(4,4),(0.,1.),.PIECEWISE_BEZIER_KNOTS.);
#4509 = CARTESIAN_POINT('',(8.49366474018,0.328114738211));
#4510 = CARTESIAN_POINT('',(8.502111603412,0.109480291195));
#4511 = CARTESIAN_POINT('',(8.502111603412,-0.109480291195));
#4512 = CARTESIAN_POINT('',(8.49366474018,-0.328114738211));
#4513 = ( GEOMETRIC_REPRESENTATION_CONTEXT(2) 
PARAMETRIC_REPRESENTATION_CONTEXT() REPRESENTATION_CONTEXT('2D SPACE',''
  ) );
#4514 = ORIENTED_EDGE('',*,*,#4458,.T.);
#4515 = ORIENTED_EDGE('',*,*,#4516,.T.);
#4516 = EDGE_CURVE('',#4434,#4517,#4519,.T.);
#4517 = VERTEX_POINT('',#4518);
#4518 = CARTESIAN_POINT('',(8.49366474018,-0.328114738211,10.));
#4519 = SURFACE_CURVE('',#4520,(#4525,#4532),.PCURVE_S1.);
#4520 = B_SPLINE_CURVE_WITH_KNOTS('',3,(#4521,#4522,#4523,#4524),
  .UNSPECIFIED.,.F.,.F.,(4,4),(0.,1.),.PIECEWISE_BEZIER_KNOTS.);
#4521 = CARTESIAN_POINT('',(8.49366474018,0.328114738211,10.));
#4522 = CARTESIAN_POINT('',(8.502111603412,0.109480291195,10.));
#4523 = CARTESIAN_POINT('',(8.502111603412,-0.109480291195,10.));
#4524 = CARTESIAN_POINT('',(8.49366474018,-0.328114738211,10.));
#4525 = PCURVE('',#4471,#4526);
#4526 = DEFINITIONAL_REPRESENTATION('',(#4527),#4531);
#4527 = LINE('',#4528,#4529);
#4528 = CARTESIAN_POINT('',(1.,0.));
#4529 = VECTOR('',#4530,1.);
#4530 = DIRECTION('',(0.,1.));
#4531 = ( GEOMETRIC_REPRESENTATION_CONTEXT(2) 
PARAMETRIC_REPRESENTATION_CONTEXT() REPRESENTATION_CONTEXT('2D SPACE',''
  ) );
#4532 = PCURVE('',#129,#4533);
#4533 = DEFINITIONAL_REPRESENTATION('',(#4534),#4539);
#4534 = B_SPLINE_CURVE_WITH_KNOTS('',3,(#4535,#4536,#4537,#4538),
  .UNSPECIFIED.,.F.,.F.,(4,4),(0.,1.),.PIECEWISE_BEZIER_KNOTS.);
#4535 = CARTESIAN_POINT('',(-8.49366474018,0.328114738211));
#4536 = CARTESIAN_POINT('',(-8.502111603412,0.109480291195));
#4537 = CARTESIAN_POINT('',(-8.502111603412,-0.109480291195));
#4538 = CARTESIAN_POINT('',(-8.49366474018,-0.328114738211));
#4539 = ( GEOMETRIC_REPRESENTATION_CONTEXT(2) 
PARAMETRIC_REPRESENTATION_CONTEXT() REPRESENTATION_CONTEXT('2D SPACE',''
  ) );
#4540 = ORIENTED_EDGE('',*,*,#4541,.F.);
#4541 = EDGE_CURVE('',#4491,#4517,#4542,.T.);
#4542 = SURFACE_CURVE('',#4543,(#4546,#4553),.PCURVE_S1.);
#4543 = B_SPLINE_CURVE_WITH_KNOTS('',1,(#4544,#4545),.UNSPECIFIED.,.F.,
  .F.,(2,2),(0.,1.),.PIECEWISE_BEZIER_KNOTS.);
#4544 = CARTESIAN_POINT('',(8.49366474018,-0.328114738211,0.));
#4545 = CARTESIAN_POINT('',(8.49366474018,-0.328114738211,10.));
#4546 = PCURVE('',#4471,#4547);
#4547 = DEFINITIONAL_REPRESENTATION('',(#4548),#4552);
#4548 = LINE('',#4549,#4550);
#4549 = CARTESIAN_POINT('',(0.,1.));
#4550 = VECTOR('',#4551,1.);
#4551 = DIRECTION('',(1.,0.));
#4552 = ( GEOMETRIC_REPRESENTATION_CONTEXT(2) 
PARAMETRIC_REPRESENTATION_CONTEXT() REPRESENTATION_CONTEXT('2D SPACE',''
  ) );
#4553 = PCURVE('',#4554,#4563);
#4554 = B_SPLINE_SURFACE_WITH_KNOTS('',1,3,(
    (#4555,#4556,#4557,#4558)
    ,(#4559,#4560,#4561,#4562
    )),.UNSPECIFIED.,.F.,.F.,.F.,(2,2),(4,4),(0.,1.),(0.,1.),
  .PIECEWISE_BEZIER_KNOTS.);
#4555 = CARTESIAN_POINT('',(8.49366474018,-0.328114738211,0.));
#4556 = CARTESIAN_POINT('',(8.041668384166,-0.59827577382,0.));
#4557 = CARTESIAN_POINT('',(7.534522787954,-0.841174786012,0.));
#4558 = CARTESIAN_POINT('',(6.997328735075,-0.84106511996,0.));
#4559 = CARTESIAN_POINT('',(8.49366474018,-0.328114738211,10.));
#4560 = CARTESIAN_POINT('',(8.041668384166,-0.59827577382,10.));
#4561 = CARTESIAN_POINT('',(7.534522787954,-0.841174786012,10.));
#4562 = CARTESIAN_POINT('',(6.997328735075,-0.84106511996,10.));
#4563 = DEFINITIONAL_REPRESENTATION('',(#4564),#4568);
#4564 = LINE('',#4565,#4566);
#4565 = CARTESIAN_POINT('',(0.,0.));
#4566 = VECTOR('',#4567,1.);
#4567 = DIRECTION('',(1.,0.));
#4568 = ( GEOMETRIC_REPRESENTATION_CONTEXT(2) 
PARAMETRIC_REPRESENTATION_CONTEXT() REPRESENTATION_CONTEXT('2D SPACE',''
  ) );
#4569 = ADVANCED_FACE('',(#4570),#4554,.T.);
#4570 = FACE_BOUND('',#4571,.T.);
#4571 = EDGE_LOOP('',(#4572,#4597,#4598,#4623));
#4572 = ORIENTED_EDGE('',*,*,#4573,.F.);
#4573 = EDGE_CURVE('',#4491,#4574,#4576,.T.);
#4574 = VERTEX_POINT('',#4575);
#4575 = CARTESIAN_POINT('',(6.997328735075,-0.84106511996,0.));
#4576 = SURFACE_CURVE('',#4577,(#4582,#4589),.PCURVE_S1.);
#4577 = B_SPLINE_CURVE_WITH_KNOTS('',3,(#4578,#4579,#4580,#4581),
  .UNSPECIFIED.,.F.,.F.,(4,4),(0.,1.),.PIECEWISE_BEZIER_KNOTS.);
#4578 = CARTESIAN_POINT('',(8.49366474018,-0.328114738211,0.));
#4579 = CARTESIAN_POINT('',(8.041668384166,-0.59827577382,0.));
#4580 = CARTESIAN_POINT('',(7.534522787954,-0.841174786012,0.));
#4581 = CARTESIAN_POINT('',(6.997328735075,-0.84106511996,0.));
#4582 = PCURVE('',#4554,#4583);
#4583 = DEFINITIONAL_REPRESENTATION('',(#4584),#4588);
#4584 = LINE('',#4585,#4586);
#4585 = CARTESIAN_POINT('',(0.,0.));
#4586 = VECTOR('',#4587,1.);
#4587 = DIRECTION('',(0.,1.));
#4588 = ( GEOMETRIC_REPRESENTATION_CONTEXT(2) 
PARAMETRIC_REPRESENTATION_CONTEXT() REPRESENTATION_CONTEXT('2D SPACE',''
  ) );
#4589 = PCURVE('',#68,#4590);
#4590 = DEFINITIONAL_REPRESENTATION('',(#4591),#4596);
#4591 = B_SPLINE_CURVE_WITH_KNOTS('',3,(#4592,#4593,#4594,#4595),
  .UNSPECIFIED.,.F.,.F.,(4,4),(0.,1.),.PIECEWISE_BEZIER_KNOTS.);
#4592 = CARTESIAN_POINT('',(8.49366474018,-0.328114738211));
#4593 = CARTESIAN_POINT('',(8.041668384166,-0.59827577382));
#4594 = CARTESIAN_POINT('',(7.534522787954,-0.841174786012));
#4595 = CARTESIAN_POINT('',(6.997328735075,-0.84106511996));
#4596 = ( GEOMETRIC_REPRESENTATION_CONTEXT(2) 
PARAMETRIC_REPRESENTATION_CONTEXT() REPRESENTATION_CONTEXT('2D SPACE',''
  ) );
#4597 = ORIENTED_EDGE('',*,*,#4541,.T.);
#4598 = ORIENTED_EDGE('',*,*,#4599,.T.);
#4599 = EDGE_CURVE('',#4517,#4600,#4602,.T.);
#4600 = VERTEX_POINT('',#4601);
#4601 = CARTESIAN_POINT('',(6.997328735075,-0.84106511996,10.));
#4602 = SURFACE_CURVE('',#4603,(#4608,#4615),.PCURVE_S1.);
#4603 = B_SPLINE_CURVE_WITH_KNOTS('',3,(#4604,#4605,#4606,#4607),
  .UNSPECIFIED.,.F.,.F.,(4,4),(0.,1.),.PIECEWISE_BEZIER_KNOTS.);
#4604 = CARTESIAN_POINT('',(8.49366474018,-0.328114738211,10.));
#4605 = CARTESIAN_POINT('',(8.041668384166,-0.59827577382,10.));
#4606 = CARTESIAN_POINT('',(7.534522787954,-0.841174786012,10.));
#4607 = CARTESIAN_POINT('',(6.997328735075,-0.84106511996,10.));
#4608 = PCURVE('',#4554,#4609);
#4609 = DEFINITIONAL_REPRESENTATION('',(#4610),#4614);
#4610 = LINE('',#4611,#4612);
#4611 = CARTESIAN_POINT('',(1.,0.));
#4612 = VECTOR('',#4613,1.);
#4613 = DIRECTION('',(0.,1.));
#4614 = ( GEOMETRIC_REPRESENTATION_CONTEXT(2) 
PARAMETRIC_REPRESENTATION_CONTEXT() REPRESENTATION_CONTEXT('2D SPACE',''
  ) );
#4615 = PCURVE('',#129,#4616);
#4616 = DEFINITIONAL_REPRESENTATION('',(#4617),#4622);
#4617 = B_SPLINE_CURVE_WITH_KNOTS('',3,(#4618,#4619,#4620,#4621),
  .UNSPECIFIED.,.F.,.F.,(4,4),(0.,1.),.PIECEWISE_BEZIER_KNOTS.);
#4618 = CARTESIAN_POINT('',(-8.49366474018,-0.328114738211));
#4619 = CARTESIAN_POINT('',(-8.041668384166,-0.59827577382));
#4620 = CARTESIAN_POINT('',(-7.534522787954,-0.841174786012));
#4621 = CARTESIAN_POINT('',(-6.997328735075,-0.84106511996));
#4622 = ( GEOMETRIC_REPRESENTATION_CONTEXT(2) 
PARAMETRIC_REPRESENTATION_CONTEXT() REPRESENTATION_CONTEXT('2D SPACE',''
  ) );
#4623 = ORIENTED_EDGE('',*,*,#4624,.F.);
#4624 = EDGE_CURVE('',#4574,#4600,#4625,.T.);
#4625 = SURFACE_CURVE('',#4626,(#4629,#4636),.PCURVE_S1.);
#4626 = B_SPLINE_CURVE_WITH_KNOTS('',1,(#4627,#4628),.UNSPECIFIED.,.F.,
  .F.,(2,2),(0.,1.),.PIECEWISE_BEZIER_KNOTS.);
#4627 = CARTESIAN_POINT('',(6.997328735075,-0.84106511996,0.));
#4628 = CARTESIAN_POINT('',(6.997328735075,-0.84106511996,10.));
#4629 = PCURVE('',#4554,#4630);
#4630 = DEFINITIONAL_REPRESENTATION('',(#4631),#4635);
#4631 = LINE('',#4632,#4633);
#4632 = CARTESIAN_POINT('',(0.,1.));
#4633 = VECTOR('',#4634,1.);
#4634 = DIRECTION('',(1.,0.));
#4635 = ( GEOMETRIC_REPRESENTATION_CONTEXT(2) 
PARAMETRIC_REPRESENTATION_CONTEXT() REPRESENTATION_CONTEXT('2D SPACE',''
  ) );
#4636 = PCURVE('',#4637,#4646);
#4637 = B_SPLINE_SURFACE_WITH_KNOTS('',1,3,(
    (#4638,#4639,#4640,#4641)
    ,(#4642,#4643,#4644,#4645
    )),.UNSPECIFIED.,.F.,.F.,.F.,(2,2),(4,4),(0.,1.),(0.,1.),
  .PIECEWISE_BEZIER_KNOTS.);
#4638 = CARTESIAN_POINT('',(6.997328735075,-0.84106511996,0.));
#4639 = CARTESIAN_POINT('',(6.026456273677,-0.506458973222,0.));
#4640 = CARTESIAN_POINT('',(5.711437177123,-1.988507299929,0.));
#4641 = CARTESIAN_POINT('',(6.734469885061,-2.077718780281,0.));
#4642 = CARTESIAN_POINT('',(6.997328735075,-0.84106511996,10.));
#4643 = CARTESIAN_POINT('',(6.026456273677,-0.506458973222,10.));
#4644 = CARTESIAN_POINT('',(5.711437177123,-1.988507299929,10.));
#4645 = CARTESIAN_POINT('',(6.734469885061,-2.077718780281,10.));
#4646 = DEFINITIONAL_REPRESENTATION('',(#4647),#4651);
#4647 = LINE('',#4648,#4649);
#4648 = CARTESIAN_POINT('',(0.,0.));
#4649 = VECTOR('',#4650,1.);
#4650 = DIRECTION('',(1.,0.));
#4651 = ( GEOMETRIC_REPRESENTATION_CONTEXT(2) 
PARAMETRIC_REPRESENTATION_CONTEXT() REPRESENTATION_CONTEXT('2D SPACE',''
  ) );
#4652 = ADVANCED_FACE('',(#4653),#4637,.T.);
#4653 = FACE_BOUND('',#4654,.T.);
#4654 = EDGE_LOOP('',(#4655,#4680,#4681,#4706));
#4655 = ORIENTED_EDGE('',*,*,#4656,.F.);
#4656 = EDGE_CURVE('',#4574,#4657,#4659,.T.);
#4657 = VERTEX_POINT('',#4658);
#4658 = CARTESIAN_POINT('',(6.734469885061,-2.077718780281,0.));
#4659 = SURFACE_CURVE('',#4660,(#4665,#4672),.PCURVE_S1.);
#4660 = B_SPLINE_CURVE_WITH_KNOTS('',3,(#4661,#4662,#4663,#4664),
  .UNSPECIFIED.,.F.,.F.,(4,4),(0.,1.),.PIECEWISE_BEZIER_KNOTS.);
#4661 = CARTESIAN_POINT('',(6.997328735075,-0.84106511996,0.));
#4662 = CARTESIAN_POINT('',(6.026456273677,-0.506458973222,0.));
#4663 = CARTESIAN_POINT('',(5.711437177123,-1.988507299929,0.));
#4664 = CARTESIAN_POINT('',(6.734469885061,-2.077718780281,0.));
#4665 = PCURVE('',#4637,#4666);
#4666 = DEFINITIONAL_REPRESENTATION('',(#4667),#4671);
#4667 = LINE('',#4668,#4669);
#4668 = CARTESIAN_POINT('',(0.,0.));
#4669 = VECTOR('',#4670,1.);
#4670 = DIRECTION('',(0.,1.));
#4671 = ( GEOMETRIC_REPRESENTATION_CONTEXT(2) 
PARAMETRIC_REPRESENTATION_CONTEXT() REPRESENTATION_CONTEXT('2D SPACE',''
  ) );
#4672 = PCURVE('',#68,#4673);
#4673 = DEFINITIONAL_REPRESENTATION('',(#4674),#4679);
#4674 = B_SPLINE_CURVE_WITH_KNOTS('',3,(#4675,#4676,#4677,#4678),
  .UNSPECIFIED.,.F.,.F.,(4,4),(0.,1.),.PIECEWISE_BEZIER_KNOTS.);
#4675 = CARTESIAN_POINT('',(6.997328735075,-0.84106511996));
#4676 = CARTESIAN_POINT('',(6.026456273677,-0.506458973222));
#4677 = CARTESIAN_POINT('',(5.711437177123,-1.988507299929));
#4678 = CARTESIAN_POINT('',(6.734469885061,-2.077718780281));
#4679 = ( GEOMETRIC_REPRESENTATION_CONTEXT(2) 
PARAMETRIC_REPRESENTATION_CONTEXT() REPRESENTATION_CONTEXT('2D SPACE',''
  ) );
#4680 = ORIENTED_EDGE('',*,*,#4624,.T.);
#4681 = ORIENTED_EDGE('',*,*,#4682,.T.);
#4682 = EDGE_CURVE('',#4600,#4683,#4685,.T.);
#4683 = VERTEX_POINT('',#4684);
#4684 = CARTESIAN_POINT('',(6.734469885061,-2.077718780281,10.));
#4685 = SURFACE_CURVE('',#4686,(#4691,#4698),.PCURVE_S1.);
#4686 = B_SPLINE_CURVE_WITH_KNOTS('',3,(#4687,#4688,#4689,#4690),
  .UNSPECIFIED.,.F.,.F.,(4,4),(0.,1.),.PIECEWISE_BEZIER_KNOTS.);
#4687 = CARTESIAN_POINT('',(6.997328735075,-0.84106511996,10.));
#4688 = CARTESIAN_POINT('',(6.026456273677,-0.506458973222,10.));
#4689 = CARTESIAN_POINT('',(5.711437177123,-1.988507299929,10.));
#4690 = CARTESIAN_POINT('',(6.734469885061,-2.077718780281,10.));
#4691 = PCURVE('',#4637,#4692);
#4692 = DEFINITIONAL_REPRESENTATION('',(#4693),#4697);
#4693 = LINE('',#4694,#4695);
#4694 = CARTESIAN_POINT('',(1.,0.));
#4695 = VECTOR('',#4696,1.);
#4696 = DIRECTION('',(0.,1.));
#4697 = ( GEOMETRIC_REPRESENTATION_CONTEXT(2) 
PARAMETRIC_REPRESENTATION_CONTEXT() REPRESENTATION_CONTEXT('2D SPACE',''
  ) );
#4698 = PCURVE('',#129,#4699);
#4699 = DEFINITIONAL_REPRESENTATION('',(#4700),#4705);
#4700 = B_SPLINE_CURVE_WITH_KNOTS('',3,(#4701,#4702,#4703,#4704),
  .UNSPECIFIED.,.F.,.F.,(4,4),(0.,1.),.PIECEWISE_BEZIER_KNOTS.);
#4701 = CARTESIAN_POINT('',(-6.997328735075,-0.84106511996));
#4702 = CARTESIAN_POINT('',(-6.026456273677,-0.506458973222));
#4703 = CARTESIAN_POINT('',(-5.711437177123,-1.988507299929));
#4704 = CARTESIAN_POINT('',(-6.734469885061,-2.077718780281));
#4705 = ( GEOMETRIC_REPRESENTATION_CONTEXT(2) 
PARAMETRIC_REPRESENTATION_CONTEXT() REPRESENTATION_CONTEXT('2D SPACE',''
  ) );
#4706 = ORIENTED_EDGE('',*,*,#4707,.F.);
#4707 = EDGE_CURVE('',#4657,#4683,#4708,.T.);
#4708 = SURFACE_CURVE('',#4709,(#4712,#4719),.PCURVE_S1.);
#4709 = B_SPLINE_CURVE_WITH_KNOTS('',1,(#4710,#4711),.UNSPECIFIED.,.F.,
  .F.,(2,2),(0.,1.),.PIECEWISE_BEZIER_KNOTS.);
#4710 = CARTESIAN_POINT('',(6.734469885061,-2.077718780281,0.));
#4711 = CARTESIAN_POINT('',(6.734469885061,-2.077718780281,10.));
#4712 = PCURVE('',#4637,#4713);
#4713 = DEFINITIONAL_REPRESENTATION('',(#4714),#4718);
#4714 = LINE('',#4715,#4716);
#4715 = CARTESIAN_POINT('',(0.,1.));
#4716 = VECTOR('',#4717,1.);
#4717 = DIRECTION('',(1.,0.));
#4718 = ( GEOMETRIC_REPRESENTATION_CONTEXT(2) 
PARAMETRIC_REPRESENTATION_CONTEXT() REPRESENTATION_CONTEXT('2D SPACE',''
  ) );
#4719 = PCURVE('',#4720,#4729);
#4720 = B_SPLINE_SURFACE_WITH_KNOTS('',1,3,(
    (#4721,#4722,#4723,#4724)
    ,(#4725,#4726,#4727,#4728
    )),.UNSPECIFIED.,.F.,.F.,.F.,(2,2),(4,4),(0.,1.),(0.,1.),
  .PIECEWISE_BEZIER_KNOTS.);
#4721 = CARTESIAN_POINT('',(6.734469885061,-2.077718780281,0.));
#4722 = CARTESIAN_POINT('',(7.225265677143,-2.296115101105,0.));
#4723 = CARTESIAN_POINT('',(7.5897703041,-2.724289087714,0.));
#4724 = CARTESIAN_POINT('',(7.892805129294,-3.154936955154,0.));
#4725 = CARTESIAN_POINT('',(6.734469885061,-2.077718780281,10.));
#4726 = CARTESIAN_POINT('',(7.225265677143,-2.296115101105,10.));
#4727 = CARTESIAN_POINT('',(7.5897703041,-2.724289087714,10.));
#4728 = CARTESIAN_POINT('',(7.892805129294,-3.154936955154,10.));
#4729 = DEFINITIONAL_REPRESENTATION('',(#4730),#4734);
#4730 = LINE('',#4731,#4732);
#4731 = CARTESIAN_POINT('',(0.,0.));
#4732 = VECTOR('',#4733,1.);
#4733 = DIRECTION('',(1.,0.));
#4734 = ( GEOMETRIC_REPRESENTATION_CONTEXT(2) 
PARAMETRIC_REPRESENTATION_CONTEXT() REPRESENTATION_CONTEXT('2D SPACE',''
  ) );
#4735 = ADVANCED_FACE('',(#4736),#4720,.T.);
#4736 = FACE_BOUND('',#4737,.T.);
#4737 = EDGE_LOOP('',(#4738,#4763,#4764,#4789));
#4738 = ORIENTED_EDGE('',*,*,#4739,.F.);
#4739 = EDGE_CURVE('',#4657,#4740,#4742,.T.);
#4740 = VERTEX_POINT('',#4741);
#4741 = CARTESIAN_POINT('',(7.892805129294,-3.154936955154,0.));
#4742 = SURFACE_CURVE('',#4743,(#4748,#4755),.PCURVE_S1.);
#4743 = B_SPLINE_CURVE_WITH_KNOTS('',3,(#4744,#4745,#4746,#4747),
  .UNSPECIFIED.,.F.,.F.,(4,4),(0.,1.),.PIECEWISE_BEZIER_KNOTS.);
#4744 = CARTESIAN_POINT('',(6.734469885061,-2.077718780281,0.));
#4745 = CARTESIAN_POINT('',(7.225265677143,-2.296115101105,0.));
#4746 = CARTESIAN_POINT('',(7.5897703041,-2.724289087714,0.));
#4747 = CARTESIAN_POINT('',(7.892805129294,-3.154936955154,0.));
#4748 = PCURVE('',#4720,#4749);
#4749 = DEFINITIONAL_REPRESENTATION('',(#4750),#4754);
#4750 = LINE('',#4751,#4752);
#4751 = CARTESIAN_POINT('',(0.,0.));
#4752 = VECTOR('',#4753,1.);
#4753 = DIRECTION('',(0.,1.));
#4754 = ( GEOMETRIC_REPRESENTATION_CONTEXT(2) 
PARAMETRIC_REPRESENTATION_CONTEXT() REPRESENTATION_CONTEXT('2D SPACE',''
  ) );
#4755 = PCURVE('',#68,#4756);
#4756 = DEFINITIONAL_REPRESENTATION('',(#4757),#4762);
#4757 = B_SPLINE_CURVE_WITH_KNOTS('',3,(#4758,#4759,#4760,#4761),
  .UNSPECIFIED.,.F.,.F.,(4,4),(0.,1.),.PIECEWISE_BEZIER_KNOTS.);
#4758 = CARTESIAN_POINT('',(6.734469885061,-2.077718780281));
#4759 = CARTESIAN_POINT('',(7.225265677143,-2.296115101105));
#4760 = CARTESIAN_POINT('',(7.5897703041,-2.724289087714));
#4761 = CARTESIAN_POINT('',(7.892805129294,-3.154936955154));
#4762 = ( GEOMETRIC_REPRESENTATION_CONTEXT(2) 
PARAMETRIC_REPRESENTATION_CONTEXT() REPRESENTATION_CONTEXT('2D SPACE',''
  ) );
#4763 = ORIENTED_EDGE('',*,*,#4707,.T.);
#4764 = ORIENTED_EDGE('',*,*,#4765,.T.);
#4765 = EDGE_CURVE('',#4683,#4766,#4768,.T.);
#4766 = VERTEX_POINT('',#4767);
#4767 = CARTESIAN_POINT('',(7.892805129294,-3.154936955154,10.));
#4768 = SURFACE_CURVE('',#4769,(#4774,#4781),.PCURVE_S1.);
#4769 = B_SPLINE_CURVE_WITH_KNOTS('',3,(#4770,#4771,#4772,#4773),
  .UNSPECIFIED.,.F.,.F.,(4,4),(0.,1.),.PIECEWISE_BEZIER_KNOTS.);
#4770 = CARTESIAN_POINT('',(6.734469885061,-2.077718780281,10.));
#4771 = CARTESIAN_POINT('',(7.225265677143,-2.296115101105,10.));
#4772 = CARTESIAN_POINT('',(7.5897703041,-2.724289087714,10.));
#4773 = CARTESIAN_POINT('',(7.892805129294,-3.154936955154,10.));
#4774 = PCURVE('',#4720,#4775);
#4775 = DEFINITIONAL_REPRESENTATION('',(#4776),#4780);
#4776 = LINE('',#4777,#4778);
#4777 = CARTESIAN_POINT('',(1.,0.));
#4778 = VECTOR('',#4779,1.);
#4779 = DIRECTION('',(0.,1.));
#4780 = ( GEOMETRIC_REPRESENTATION_CONTEXT(2) 
PARAMETRIC_REPRESENTATION_CONTEXT() REPRESENTATION_CONTEXT('2D SPACE',''
  ) );
#4781 = PCURVE('',#129,#4782);
#4782 = DEFINITIONAL_REPRESENTATION('',(#4783),#4788);
#4783 = B_SPLINE_CURVE_WITH_KNOTS('',3,(#4784,#4785,#4786,#4787),
  .UNSPECIFIED.,.F.,.F.,(4,4),(0.,1.),.PIECEWISE_BEZIER_KNOTS.);
#4784 = CARTESIAN_POINT('',(-6.734469885061,-2.077718780281));
#4785 = CARTESIAN_POINT('',(-7.225265677143,-2.296115101105));
#4786 = CARTESIAN_POINT('',(-7.5897703041,-2.724289087714));
#4787 = CARTESIAN_POINT('',(-7.892805129294,-3.154936955154));
#4788 = ( GEOMETRIC_REPRESENTATION_CONTEXT(2) 
PARAMETRIC_REPRESENTATION_CONTEXT() REPRESENTATION_CONTEXT('2D SPACE',''
  ) );
#4789 = ORIENTED_EDGE('',*,*,#4790,.F.);
#4790 = EDGE_CURVE('',#4740,#4766,#4791,.T.);
#4791 = SURFACE_CURVE('',#4792,(#4795,#4802),.PCURVE_S1.);
#4792 = B_SPLINE_CURVE_WITH_KNOTS('',1,(#4793,#4794),.UNSPECIFIED.,.F.,
  .F.,(2,2),(0.,1.),.PIECEWISE_BEZIER_KNOTS.);
#4793 = CARTESIAN_POINT('',(7.892805129294,-3.154936955154,0.));
#4794 = CARTESIAN_POINT('',(7.892805129294,-3.154936955154,10.));
#4795 = PCURVE('',#4720,#4796);
#4796 = DEFINITIONAL_REPRESENTATION('',(#4797),#4801);
#4797 = LINE('',#4798,#4799);
#4798 = CARTESIAN_POINT('',(0.,1.));
#4799 = VECTOR('',#4800,1.);
#4800 = DIRECTION('',(1.,0.));
#4801 = ( GEOMETRIC_REPRESENTATION_CONTEXT(2) 
PARAMETRIC_REPRESENTATION_CONTEXT() REPRESENTATION_CONTEXT('2D SPACE',''
  ) );
#4802 = PCURVE('',#4803,#4812);
#4803 = B_SPLINE_SURFACE_WITH_KNOTS('',1,3,(
    (#4804,#4805,#4806,#4807)
    ,(#4808,#4809,#4810,#4811
    )),.UNSPECIFIED.,.F.,.F.,.F.,(2,2),(4,4),(0.,1.),(0.,1.),
  .PIECEWISE_BEZIER_KNOTS.);
#4804 = CARTESIAN_POINT('',(7.892805129294,-3.154936955154,0.));
#4805 = CARTESIAN_POINT('',(7.811595081791,-3.358105109905,0.));
#4806 = CARTESIAN_POINT('',(7.722535789544,-3.55813555535,0.));
#4807 = CARTESIAN_POINT('',(7.625892554966,-3.75443241251,0.));
#4808 = CARTESIAN_POINT('',(7.892805129294,-3.154936955154,10.));
#4809 = CARTESIAN_POINT('',(7.811595081791,-3.358105109905,10.));
#4810 = CARTESIAN_POINT('',(7.722535789544,-3.55813555535,10.));
#4811 = CARTESIAN_POINT('',(7.625892554966,-3.75443241251,10.));
#4812 = DEFINITIONAL_REPRESENTATION('',(#4813),#4817);
#4813 = LINE('',#4814,#4815);
#4814 = CARTESIAN_POINT('',(0.,0.));
#4815 = VECTOR('',#4816,1.);
#4816 = DIRECTION('',(1.,0.));
#4817 = ( GEOMETRIC_REPRESENTATION_CONTEXT(2) 
PARAMETRIC_REPRESENTATION_CONTEXT() REPRESENTATION_CONTEXT('2D SPACE',''
  ) );
#4818 = ADVANCED_FACE('',(#4819),#4803,.T.);
#4819 = FACE_BOUND('',#4820,.T.);
#4820 = EDGE_LOOP('',(#4821,#4846,#4847,#4872));
#4821 = ORIENTED_EDGE('',*,*,#4822,.F.);
#4822 = EDGE_CURVE('',#4740,#4823,#4825,.T.);
#4823 = VERTEX_POINT('',#4824);
#4824 = CARTESIAN_POINT('',(7.625892554966,-3.75443241251,0.));
#4825 = SURFACE_CURVE('',#4826,(#4831,#4838),.PCURVE_S1.);
#4826 = B_SPLINE_CURVE_WITH_KNOTS('',3,(#4827,#4828,#4829,#4830),
  .UNSPECIFIED.,.F.,.F.,(4,4),(0.,1.),.PIECEWISE_BEZIER_KNOTS.);
#4827 = CARTESIAN_POINT('',(7.892805129294,-3.154936955154,0.));
#4828 = CARTESIAN_POINT('',(7.811595081791,-3.358105109905,0.));
#4829 = CARTESIAN_POINT('',(7.722535789544,-3.55813555535,0.));
#4830 = CARTESIAN_POINT('',(7.625892554966,-3.75443241251,0.));
#4831 = PCURVE('',#4803,#4832);
#4832 = DEFINITIONAL_REPRESENTATION('',(#4833),#4837);
#4833 = LINE('',#4834,#4835);
#4834 = CARTESIAN_POINT('',(0.,0.));
#4835 = VECTOR('',#4836,1.);
#4836 = DIRECTION('',(0.,1.));
#4837 = ( GEOMETRIC_REPRESENTATION_CONTEXT(2) 
PARAMETRIC_REPRESENTATION_CONTEXT() REPRESENTATION_CONTEXT('2D SPACE',''
  ) );
#4838 = PCURVE('',#68,#4839);
#4839 = DEFINITIONAL_REPRESENTATION('',(#4840),#4845);
#4840 = B_SPLINE_CURVE_WITH_KNOTS('',3,(#4841,#4842,#4843,#4844),
  .UNSPECIFIED.,.F.,.F.,(4,4),(0.,1.),.PIECEWISE_BEZIER_KNOTS.);
#4841 = CARTESIAN_POINT('',(7.892805129294,-3.154936955154));
#4842 = CARTESIAN_POINT('',(7.811595081791,-3.358105109905));
#4843 = CARTESIAN_POINT('',(7.722535789544,-3.55813555535));
#4844 = CARTESIAN_POINT('',(7.625892554966,-3.75443241251));
#4845 = ( GEOMETRIC_REPRESENTATION_CONTEXT(2) 
PARAMETRIC_REPRESENTATION_CONTEXT() REPRESENTATION_CONTEXT('2D SPACE',''
  ) );
#4846 = ORIENTED_EDGE('',*,*,#4790,.T.);
#4847 = ORIENTED_EDGE('',*,*,#4848,.T.);
#4848 = EDGE_CURVE('',#4766,#4849,#4851,.T.);
#4849 = VERTEX_POINT('',#4850);
#4850 = CARTESIAN_POINT('',(7.625892554966,-3.75443241251,10.));
#4851 = SURFACE_CURVE('',#4852,(#4857,#4864),.PCURVE_S1.);
#4852 = B_SPLINE_CURVE_WITH_KNOTS('',3,(#4853,#4854,#4855,#4856),
  .UNSPECIFIED.,.F.,.F.,(4,4),(0.,1.),.PIECEWISE_BEZIER_KNOTS.);
#4853 = CARTESIAN_POINT('',(7.892805129294,-3.154936955154,10.));
#4854 = CARTESIAN_POINT('',(7.811595081791,-3.358105109905,10.));
#4855 = CARTESIAN_POINT('',(7.722535789544,-3.55813555535,10.));
#4856 = CARTESIAN_POINT('',(7.625892554966,-3.75443241251,10.));
#4857 = PCURVE('',#4803,#4858);
#4858 = DEFINITIONAL_REPRESENTATION('',(#4859),#4863);
#4859 = LINE('',#4860,#4861);
#4860 = CARTESIAN_POINT('',(1.,0.));
#4861 = VECTOR('',#4862,1.);
#4862 = DIRECTION('',(0.,1.));
#4863 = ( GEOMETRIC_REPRESENTATION_CONTEXT(2) 
PARAMETRIC_REPRESENTATION_CONTEXT() REPRESENTATION_CONTEXT('2D SPACE',''
  ) );
#4864 = PCURVE('',#129,#4865);
#4865 = DEFINITIONAL_REPRESENTATION('',(#4866),#4871);
#4866 = B_SPLINE_CURVE_WITH_KNOTS('',3,(#4867,#4868,#4869,#4870),
  .UNSPECIFIED.,.F.,.F.,(4,4),(0.,1.),.PIECEWISE_BEZIER_KNOTS.);
#4867 = CARTESIAN_POINT('',(-7.892805129294,-3.154936955154));
#4868 = CARTESIAN_POINT('',(-7.811595081791,-3.358105109905));
#4869 = CARTESIAN_POINT('',(-7.722535789544,-3.55813555535));
#4870 = CARTESIAN_POINT('',(-7.625892554966,-3.75443241251));
#4871 = ( GEOMETRIC_REPRESENTATION_CONTEXT(2) 
PARAMETRIC_REPRESENTATION_CONTEXT() REPRESENTATION_CONTEXT('2D SPACE',''
  ) );
#4872 = ORIENTED_EDGE('',*,*,#4873,.F.);
#4873 = EDGE_CURVE('',#4823,#4849,#4874,.T.);
#4874 = SURFACE_CURVE('',#4875,(#4878,#4885),.PCURVE_S1.);
#4875 = B_SPLINE_CURVE_WITH_KNOTS('',1,(#4876,#4877),.UNSPECIFIED.,.F.,
  .F.,(2,2),(0.,1.),.PIECEWISE_BEZIER_KNOTS.);
#4876 = CARTESIAN_POINT('',(7.625892554966,-3.75443241251,0.));
#4877 = CARTESIAN_POINT('',(7.625892554966,-3.75443241251,10.));
#4878 = PCURVE('',#4803,#4879);
#4879 = DEFINITIONAL_REPRESENTATION('',(#4880),#4884);
#4880 = LINE('',#4881,#4882);
#4881 = CARTESIAN_POINT('',(0.,1.));
#4882 = VECTOR('',#4883,1.);
#4883 = DIRECTION('',(1.,0.));
#4884 = ( GEOMETRIC_REPRESENTATION_CONTEXT(2) 
PARAMETRIC_REPRESENTATION_CONTEXT() REPRESENTATION_CONTEXT('2D SPACE',''
  ) );
#4885 = PCURVE('',#4886,#4895);
#4886 = B_SPLINE_SURFACE_WITH_KNOTS('',1,3,(
    (#4887,#4888,#4889,#4890)
    ,(#4891,#4892,#4893,#4894
    )),.UNSPECIFIED.,.F.,.F.,.F.,(2,2),(4,4),(0.,1.),(0.,1.),
  .PIECEWISE_BEZIER_KNOTS.);
#4887 = CARTESIAN_POINT('',(7.625892554966,-3.75443241251,0.));
#4888 = CARTESIAN_POINT('',(7.103088944346,-3.817393318895,0.));
#4889 = CARTESIAN_POINT('',(6.540992459737,-3.833017910796,0.));
#4890 = CARTESIAN_POINT('',(6.050285878059,-3.614421220123,0.));
#4891 = CARTESIAN_POINT('',(7.625892554966,-3.75443241251,10.));
#4892 = CARTESIAN_POINT('',(7.103088944346,-3.817393318895,10.));
#4893 = CARTESIAN_POINT('',(6.540992459737,-3.833017910796,10.));
#4894 = CARTESIAN_POINT('',(6.050285878059,-3.614421220123,10.));
#4895 = DEFINITIONAL_REPRESENTATION('',(#4896),#4900);
#4896 = LINE('',#4897,#4898);
#4897 = CARTESIAN_POINT('',(0.,0.));
#4898 = VECTOR('',#4899,1.);
#4899 = DIRECTION('',(1.,0.));
#4900 = ( GEOMETRIC_REPRESENTATION_CONTEXT(2) 
PARAMETRIC_REPRESENTATION_CONTEXT() REPRESENTATION_CONTEXT('2D SPACE',''
  ) );
#4901 = ADVANCED_FACE('',(#4902),#4886,.T.);
#4902 = FACE_BOUND('',#4903,.T.);
#4903 = EDGE_LOOP('',(#4904,#4929,#4930,#4955));
#4904 = ORIENTED_EDGE('',*,*,#4905,.F.);
#4905 = EDGE_CURVE('',#4823,#4906,#4908,.T.);
#4906 = VERTEX_POINT('',#4907);
#4907 = CARTESIAN_POINT('',(6.050285878059,-3.614421220123,0.));
#4908 = SURFACE_CURVE('',#4909,(#4914,#4921),.PCURVE_S1.);
#4909 = B_SPLINE_CURVE_WITH_KNOTS('',3,(#4910,#4911,#4912,#4913),
  .UNSPECIFIED.,.F.,.F.,(4,4),(0.,1.),.PIECEWISE_BEZIER_KNOTS.);
#4910 = CARTESIAN_POINT('',(7.625892554966,-3.75443241251,0.));
#4911 = CARTESIAN_POINT('',(7.103088944346,-3.817393318895,0.));
#4912 = CARTESIAN_POINT('',(6.540992459737,-3.833017910796,0.));
#4913 = CARTESIAN_POINT('',(6.050285878059,-3.614421220123,0.));
#4914 = PCURVE('',#4886,#4915);
#4915 = DEFINITIONAL_REPRESENTATION('',(#4916),#4920);
#4916 = LINE('',#4917,#4918);
#4917 = CARTESIAN_POINT('',(0.,0.));
#4918 = VECTOR('',#4919,1.);
#4919 = DIRECTION('',(0.,1.));
#4920 = ( GEOMETRIC_REPRESENTATION_CONTEXT(2) 
PARAMETRIC_REPRESENTATION_CONTEXT() REPRESENTATION_CONTEXT('2D SPACE',''
  ) );
#4921 = PCURVE('',#68,#4922);
#4922 = DEFINITIONAL_REPRESENTATION('',(#4923),#4928);
#4923 = B_SPLINE_CURVE_WITH_KNOTS('',3,(#4924,#4925,#4926,#4927),
  .UNSPECIFIED.,.F.,.F.,(4,4),(0.,1.),.PIECEWISE_BEZIER_KNOTS.);
#4924 = CARTESIAN_POINT('',(7.625892554966,-3.75443241251));
#4925 = CARTESIAN_POINT('',(7.103088944346,-3.817393318895));
#4926 = CARTESIAN_POINT('',(6.540992459737,-3.833017910796));
#4927 = CARTESIAN_POINT('',(6.050285878059,-3.614421220123));
#4928 = ( GEOMETRIC_REPRESENTATION_CONTEXT(2) 
PARAMETRIC_REPRESENTATION_CONTEXT() REPRESENTATION_CONTEXT('2D SPACE',''
  ) );
#4929 = ORIENTED_EDGE('',*,*,#4873,.T.);
#4930 = ORIENTED_EDGE('',*,*,#4931,.T.);
#4931 = EDGE_CURVE('',#4849,#4932,#4934,.T.);
#4932 = VERTEX_POINT('',#4933);
#4933 = CARTESIAN_POINT('',(6.050285878059,-3.614421220123,10.));
#4934 = SURFACE_CURVE('',#4935,(#4940,#4947),.PCURVE_S1.);
#4935 = B_SPLINE_CURVE_WITH_KNOTS('',3,(#4936,#4937,#4938,#4939),
  .UNSPECIFIED.,.F.,.F.,(4,4),(0.,1.),.PIECEWISE_BEZIER_KNOTS.);
#4936 = CARTESIAN_POINT('',(7.625892554966,-3.75443241251,10.));
#4937 = CARTESIAN_POINT('',(7.103088944346,-3.817393318895,10.));
#4938 = CARTESIAN_POINT('',(6.540992459737,-3.833017910796,10.));
#4939 = CARTESIAN_POINT('',(6.050285878059,-3.614421220123,10.));
#4940 = PCURVE('',#4886,#4941);
#4941 = DEFINITIONAL_REPRESENTATION('',(#4942),#4946);
#4942 = LINE('',#4943,#4944);
#4943 = CARTESIAN_POINT('',(1.,0.));
#4944 = VECTOR('',#4945,1.);
#4945 = DIRECTION('',(0.,1.));
#4946 = ( GEOMETRIC_REPRESENTATION_CONTEXT(2) 
PARAMETRIC_REPRESENTATION_CONTEXT() REPRESENTATION_CONTEXT('2D SPACE',''
  ) );
#4947 = PCURVE('',#129,#4948);
#4948 = DEFINITIONAL_REPRESENTATION('',(#4949),#4954);
#4949 = B_SPLINE_CURVE_WITH_KNOTS('',3,(#4950,#4951,#4952,#4953),
  .UNSPECIFIED.,.F.,.F.,(4,4),(0.,1.),.PIECEWISE_BEZIER_KNOTS.);
#4950 = CARTESIAN_POINT('',(-7.625892554966,-3.75443241251));
#4951 = CARTESIAN_POINT('',(-7.103088944346,-3.817393318895));
#4952 = CARTESIAN_POINT('',(-6.540992459737,-3.833017910796));
#4953 = CARTESIAN_POINT('',(-6.050285878059,-3.614421220123));
#4954 = ( GEOMETRIC_REPRESENTATION_CONTEXT(2) 
PARAMETRIC_REPRESENTATION_CONTEXT() REPRESENTATION_CONTEXT('2D SPACE',''
  ) );
#4955 = ORIENTED_EDGE('',*,*,#4956,.F.);
#4956 = EDGE_CURVE('',#4906,#4932,#4957,.T.);
#4957 = SURFACE_CURVE('',#4958,(#4961,#4968),.PCURVE_S1.);
#4958 = B_SPLINE_CURVE_WITH_KNOTS('',1,(#4959,#4960),.UNSPECIFIED.,.F.,
  .F.,(2,2),(0.,1.),.PIECEWISE_BEZIER_KNOTS.);
#4959 = CARTESIAN_POINT('',(6.050285878059,-3.614421220123,0.));
#4960 = CARTESIAN_POINT('',(6.050285878059,-3.614421220123,10.));
#4961 = PCURVE('',#4886,#4962);
#4962 = DEFINITIONAL_REPRESENTATION('',(#4963),#4967);
#4963 = LINE('',#4964,#4965);
#4964 = CARTESIAN_POINT('',(0.,1.));
#4965 = VECTOR('',#4966,1.);
#4966 = DIRECTION('',(1.,0.));
#4967 = ( GEOMETRIC_REPRESENTATION_CONTEXT(2) 
PARAMETRIC_REPRESENTATION_CONTEXT() REPRESENTATION_CONTEXT('2D SPACE',''
  ) );
#4968 = PCURVE('',#96,#4969);
#4969 = DEFINITIONAL_REPRESENTATION('',(#4970),#4974);
#4970 = LINE('',#4971,#4972);
#4971 = CARTESIAN_POINT('',(0.,0.));
#4972 = VECTOR('',#4973,1.);
#4973 = DIRECTION('',(1.,0.));
#4974 = ( GEOMETRIC_REPRESENTATION_CONTEXT(2) 
PARAMETRIC_REPRESENTATION_CONTEXT() REPRESENTATION_CONTEXT('2D SPACE',''
  ) );
#4975 = ADVANCED_FACE('',(#4976),#96,.T.);
#4976 = FACE_BOUND('',#4977,.T.);
#4977 = EDGE_LOOP('',(#4978,#5001,#5002,#5025));
#4978 = ORIENTED_EDGE('',*,*,#4979,.F.);
#4979 = EDGE_CURVE('',#4906,#41,#4980,.T.);
#4980 = SURFACE_CURVE('',#4981,(#4986,#4993),.PCURVE_S1.);
#4981 = B_SPLINE_CURVE_WITH_KNOTS('',3,(#4982,#4983,#4984,#4985),
  .UNSPECIFIED.,.F.,.F.,(4,4),(0.,1.),.PIECEWISE_BEZIER_KNOTS.);
#4982 = CARTESIAN_POINT('',(6.050285878059,-3.614421220123,0.));
#4983 = CARTESIAN_POINT('',(5.299446331875,-2.913853888868,0.));
#4984 = CARTESIAN_POINT('',(4.408858705867,-4.139642595901,0.));
#4985 = CARTESIAN_POINT('',(5.307160011181,-4.637246227929,0.));
#4986 = PCURVE('',#96,#4987);
#4987 = DEFINITIONAL_REPRESENTATION('',(#4988),#4992);
#4988 = LINE('',#4989,#4990);
#4989 = CARTESIAN_POINT('',(0.,0.));
#4990 = VECTOR('',#4991,1.);
#4991 = DIRECTION('',(0.,1.));
#4992 = ( GEOMETRIC_REPRESENTATION_CONTEXT(2) 
PARAMETRIC_REPRESENTATION_CONTEXT() REPRESENTATION_CONTEXT('2D SPACE',''
  ) );
#4993 = PCURVE('',#68,#4994);
#4994 = DEFINITIONAL_REPRESENTATION('',(#4995),#5000);
#4995 = B_SPLINE_CURVE_WITH_KNOTS('',3,(#4996,#4997,#4998,#4999),
  .UNSPECIFIED.,.F.,.F.,(4,4),(0.,1.),.PIECEWISE_BEZIER_KNOTS.);
#4996 = CARTESIAN_POINT('',(6.050285878059,-3.614421220123));
#4997 = CARTESIAN_POINT('',(5.299446331875,-2.913853888868));
#4998 = CARTESIAN_POINT('',(4.408858705867,-4.139642595901));
#4999 = CARTESIAN_POINT('',(5.307160011181,-4.637246227929));
#5000 = ( GEOMETRIC_REPRESENTATION_CONTEXT(2) 
PARAMETRIC_REPRESENTATION_CONTEXT() REPRESENTATION_CONTEXT('2D SPACE',''
  ) );
#5001 = ORIENTED_EDGE('',*,*,#4956,.T.);
#5002 = ORIENTED_EDGE('',*,*,#5003,.T.);
#5003 = EDGE_CURVE('',#4932,#82,#5004,.T.);
#5004 = SURFACE_CURVE('',#5005,(#5010,#5017),.PCURVE_S1.);
#5005 = B_SPLINE_CURVE_WITH_KNOTS('',3,(#5006,#5007,#5008,#5009),
  .UNSPECIFIED.,.F.,.F.,(4,4),(0.,1.),.PIECEWISE_BEZIER_KNOTS.);
#5006 = CARTESIAN_POINT('',(6.050285878059,-3.614421220123,10.));
#5007 = CARTESIAN_POINT('',(5.299446331875,-2.913853888868,10.));
#5008 = CARTESIAN_POINT('',(4.408858705867,-4.139642595901,10.));
#5009 = CARTESIAN_POINT('',(5.307160011181,-4.637246227929,10.));
#5010 = PCURVE('',#96,#5011);
#5011 = DEFINITIONAL_REPRESENTATION('',(#5012),#5016);
#5012 = LINE('',#5013,#5014);
#5013 = CARTESIAN_POINT('',(1.,0.));
#5014 = VECTOR('',#5015,1.);
#5015 = DIRECTION('',(0.,1.));
#5016 = ( GEOMETRIC_REPRESENTATION_CONTEXT(2) 
PARAMETRIC_REPRESENTATION_CONTEXT() REPRESENTATION_CONTEXT('2D SPACE',''
  ) );
#5017 = PCURVE('',#129,#5018);
#5018 = DEFINITIONAL_REPRESENTATION('',(#5019),#5024);
#5019 = B_SPLINE_CURVE_WITH_KNOTS('',3,(#5020,#5021,#5022,#5023),
  .UNSPECIFIED.,.F.,.F.,(4,4),(0.,1.),.PIECEWISE_BEZIER_KNOTS.);
#5020 = CARTESIAN_POINT('',(-6.050285878059,-3.614421220123));
#5021 = CARTESIAN_POINT('',(-5.299446331875,-2.913853888868));
#5022 = CARTESIAN_POINT('',(-4.408858705867,-4.139642595901));
#5023 = CARTESIAN_POINT('',(-5.307160011181,-4.637246227929));
#5024 = ( GEOMETRIC_REPRESENTATION_CONTEXT(2) 
PARAMETRIC_REPRESENTATION_CONTEXT() REPRESENTATION_CONTEXT('2D SPACE',''
  ) );
#5025 = ORIENTED_EDGE('',*,*,#81,.F.);
#5026 = ADVANCED_FACE('',(#5027),#68,.F.);
#5027 = FACE_BOUND('',#5028,.F.);
#5028 = EDGE_LOOP('',(#5029,#5030,#5031,#5032,#5033,#5034,#5035,#5036,
    #5037,#5038,#5039,#5040,#5041,#5042,#5043,#5044,#5045,#5046,#5047,
    #5048,#5049,#5050,#5051,#5052,#5053,#5054,#5055,#5056,#5057,#5058,
    #5059,#5060,#5061,#5062,#5063,#5064,#5065,#5066,#5067,#5068,#5069,
    #5070,#5071,#5072,#5073,#5074,#5075,#5076,#5077,#5078,#5079,#5080,
    #5081,#5082,#5083,#5084,#5085,#5086,#5087,#5088));
#5029 = ORIENTED_EDGE('',*,*,#4656,.F.);
#5030 = ORIENTED_EDGE('',*,*,#4573,.F.);
#5031 = ORIENTED_EDGE('',*,*,#4490,.F.);
#5032 = ORIENTED_EDGE('',*,*,#4407,.F.);
#5033 = ORIENTED_EDGE('',*,*,#4324,.F.);
#5034 = ORIENTED_EDGE('',*,*,#4241,.F.);
#5035 = ORIENTED_EDGE('',*,*,#4158,.F.);
#5036 = ORIENTED_EDGE('',*,*,#4075,.F.);
#5037 = ORIENTED_EDGE('',*,*,#3992,.F.);
#5038 = ORIENTED_EDGE('',*,*,#3909,.F.);
#5039 = ORIENTED_EDGE('',*,*,#3826,.F.);
#5040 = ORIENTED_EDGE('',*,*,#3743,.F.);
#5041 = ORIENTED_EDGE('',*,*,#3660,.F.);
#5042 = ORIENTED_EDGE('',*,*,#3577,.F.);
#5043 = ORIENTED_EDGE('',*,*,#3494,.F.);
#5044 = ORIENTED_EDGE('',*,*,#3411,.F.);
#5045 = ORIENTED_EDGE('',*,*,#3328,.F.);
#5046 = ORIENTED_EDGE('',*,*,#3245,.F.);
#5047 = ORIENTED_EDGE('',*,*,#3162,.F.);
#5048 = ORIENTED_EDGE('',*,*,#3079,.F.);
#5049 = ORIENTED_EDGE('',*,*,#2996,.F.);
#5050 = ORIENTED_EDGE('',*,*,#2913,.F.);
#5051 = ORIENTED_EDGE('',*,*,#2830,.F.);
#5052 = ORIENTED_EDGE('',*,*,#2747,.F.);
#5053 = ORIENTED_EDGE('',*,*,#2664,.F.);
#5054 = ORIENTED_EDGE('',*,*,#2581,.F.);
#5055 = ORIENTED_EDGE('',*,*,#2498,.F.);
#5056 = ORIENTED_EDGE('',*,*,#2415,.F.);
#5057 = ORIENTED_EDGE('',*,*,#2332,.F.);
#5058 = ORIENTED_EDGE('',*,*,#2249,.F.);
#5059 = ORIENTED_EDGE('',*,*,#2166,.F.);
#5060 = ORIENTED_EDGE('',*,*,#2083,.F.);
#5061 = ORIENTED_EDGE('',*,*,#2000,.F.);
#5062 = ORIENTED_EDGE('',*,*,#1917,.F.);
#5063 = ORIENTED_EDGE('',*,*,#1834,.F.);
#5064 = ORIENTED_EDGE('',*,*,#1751,.F.);
#5065 = ORIENTED_EDGE('',*,*,#1668,.F.);
#5066 = ORIENTED_EDGE('',*,*,#1585,.F.);
#5067 = ORIENTED_EDGE('',*,*,#1502,.F.);
#5068 = ORIENTED_EDGE('',*,*,#1419,.F.);
#5069 = ORIENTED_EDGE('',*,*,#1336,.F.);
#5070 = ORIENTED_EDGE('',*,*,#1253,.F.);
#5071 = ORIENTED_EDGE('',*,*,#1170,.F.);
#5072 = ORIENTED_EDGE('',*,*,#1087,.F.);
#5073 = ORIENTED_EDGE('',*,*,#1004,.F.);
#5074 = ORIENTED_EDGE('',*,*,#921,.F.);
#5075 = ORIENTED_EDGE('',*,*,#838,.F.);
#5076 = ORIENTED_EDGE('',*,*,#755,.F.);
#5077 = ORIENTED_EDGE('',*,*,#672,.F.);
#5078 = ORIENTED_EDGE('',*,*,#589,.F.);
#5079 = ORIENTED_EDGE('',*,*,#506,.F.);
#5080 = ORIENTED_EDGE('',*,*,#423,.F.);
#5081 = ORIENTED_EDGE('',*,*,#340,.F.);
#5082 = ORIENTED_EDGE('',*,*,#257,.F.);
#5083 = ORIENTED_EDGE('',*,*,#174,.F.);
#5084 = ORIENTED_EDGE('',*,*,#40,.F.);
#5085 = ORIENTED_EDGE('',*,*,#4979,.F.);
#5086 = ORIENTED_EDGE('',*,*,#4905,.F.);
#5087 = ORIENTED_EDGE('',*,*,#4822,.F.);
#5088 = ORIENTED_EDGE('',*,*,#4739,.F.);
#5089 = ADVANCED_FACE('',(#5090),#129,.F.);
#5090 = FACE_BOUND('',#5091,.F.);
#5091 = EDGE_LOOP('',(#5092,#5093,#5094,#5095,#5096,#5097,#5098,#5099,
    #5100,#5101,#5102,#5103,#5104,#5105,#5106,#5107,#5108,#5109,#5110,
    #5111,#5112,#5113,#5114,#5115,#5116,#5117,#5118,#5119,#5120,#5121,
    #5122,#5123,#5124,#5125,#5126,#5127,#5128,#5129,#5130,#5131,#5132,
    #5133,#5134,#5135,#5136,#5137,#5138,#5139,#5140,#5141,#5142,#5143,
    #5144,#5145,#5146,#5147,#5148,#5149,#5150,#5151));
#5092 = ORIENTED_EDGE('',*,*,#2109,.T.);
#5093 = ORIENTED_EDGE('',*,*,#2192,.T.);
#5094 = ORIENTED_EDGE('',*,*,#2275,.T.);
#5095 = ORIENTED_EDGE('',*,*,#2358,.T.);
#5096 = ORIENTED_EDGE('',*,*,#2441,.T.);
#5097 = ORIENTED_EDGE('',*,*,#2524,.T.);
#5098 = ORIENTED_EDGE('',*,*,#2607,.T.);
#5099 = ORIENTED_EDGE('',*,*,#2690,.T.);
#5100 = ORIENTED_EDGE('',*,*,#2773,.T.);
#5101 = ORIENTED_EDGE('',*,*,#2856,.T.);
#5102 = ORIENTED_EDGE('',*,*,#2939,.T.);
#5103 = ORIENTED_EDGE('',*,*,#3022,.T.);
#5104 = ORIENTED_EDGE('',*,*,#3105,.T.);
#5105 = ORIENTED_EDGE('',*,*,#3188,.T.);
#5106 = ORIENTED_EDGE('',*,*,#3271,.T.);
#5107 = ORIENTED_EDGE('',*,*,#3354,.T.);
#5108 = ORIENTED_EDGE('',*,*,#3437,.T.);
#5109 = ORIENTED_EDGE('',*,*,#3520,.T.);
#5110 = ORIENTED_EDGE('',*,*,#3603,.T.);
#5111 = ORIENTED_EDGE('',*,*,#3686,.T.);
#5112 = ORIENTED_EDGE('',*,*,#3769,.T.);
#5113 = ORIENTED_EDGE('',*,*,#3852,.T.);
#5114 = ORIENTED_EDGE('',*,*,#3935,.T.);
#5115 = ORIENTED_EDGE('',*,*,#4018,.T.);
#5116 = ORIENTED_EDGE('',*,*,#4101,.T.);
#5117 = ORIENTED_EDGE('',*,*,#4184,.T.);
#5118 = ORIENTED_EDGE('',*,*,#4267,.T.);
#5119 = ORIENTED_EDGE('',*,*,#4350,.T.);
#5120 = ORIENTED_EDGE('',*,*,#4433,.T.);
#5121 = ORIENTED_EDGE('',*,*,#4516,.T.);
#5122 = ORIENTED_EDGE('',*,*,#4599,.T.);
#5123 = ORIENTED_EDGE('',*,*,#4682,.T.);
#5124 = ORIENTED_EDGE('',*,*,#4765,.T.);
#5125 = ORIENTED_EDGE('',*,*,#4848,.T.);
#5126 = ORIENTED_EDGE('',*,*,#4931,.T.);
#5127 = ORIENTED_EDGE('',*,*,#5003,.T.);
#5128 = ORIENTED_EDGE('',*,*,#112,.T.);
#5129 = ORIENTED_EDGE('',*,*,#200,.T.);
#5130 = ORIENTED_EDGE('',*,*,#283,.T.);
#5131 = ORIENTED_EDGE('',*,*,#366,.T.);
#5132 = ORIENTED_EDGE('',*,*,#449,.T.);
#5133 = ORIENTED_EDGE('',*,*,#532,.T.);
#5134 = ORIENTED_EDGE('',*,*,#615,.T.);
#5135 = ORIENTED_EDGE('',*,*,#698,.T.);
#5136 = ORIENTED_EDGE('',*,*,#781,.T.);
#5137 = ORIENTED_EDGE('',*,*,#864,.T.);
#5138 = ORIENTED_EDGE('',*,*,#947,.T.);
#5139 = ORIENTED_EDGE('',*,*,#1030,.T.);
#5140 = ORIENTED_EDGE('',*,*,#1113,.T.);
#5141 = ORIENTED_EDGE('',*,*,#1196,.T.);
#5142 = ORIENTED_EDGE('',*,*,#1279,.T.);
#5143 = ORIENTED_EDGE('',*,*,#1362,.T.);
#5144 = ORIENTED_EDGE('',*,*,#1445,.T.);
#5145 = ORIENTED_EDGE('',*,*,#1528,.T.);
#5146 = ORIENTED_EDGE('',*,*,#1611,.T.);
#5147 = ORIENTED_EDGE('',*,*,#1694,.T.);
#5148 = ORIENTED_EDGE('',*,*,#1777,.T.);
#5149 = ORIENTED_EDGE('',*,*,#1860,.T.);
#5150 = ORIENTED_EDGE('',*,*,#1943,.T.);
#5151 = ORIENTED_EDGE('',*,*,#2026,.T.);
#5152 = ( GEOMETRIC_REPRESENTATION_CONTEXT(3) 
GLOBAL_UNCERTAINTY_ASSIGNED_CONTEXT((#5156)) 
GLOBAL_UNIT_ASSIGNED_CONTEXT((#5153,#5154,#5155)) REPRESENTATION_CONTEXT
('Context #1','3D Context with UNIT and UNCERTAINTY') );
#5153 = ( LENGTH_UNIT() NAMED_UNIT(*) SI_UNIT(.MILLI.,.METRE.) );
#5154 = ( NAMED_UNIT(*) PLANE_ANGLE_UNIT() SI_UNIT($,.RADIAN.) );
#5155 = ( NAMED_UNIT(*) SI_UNIT($,.STERADIAN.) SOLID_ANGLE_UNIT() );
#5156 = UNCERTAINTY_MEASURE_WITH_UNIT(LENGTH_MEASURE(1.E-07),#5153,
  'distance_accuracy_value','confusion accuracy');
#5157 = SHAPE_DEFINITION_REPRESENTATION(#5158,#33);
#5158 = PRODUCT_DEFINITION_SHAPE('','',#5159);
#5159 = PRODUCT_DEFINITION('design','',#5160,#5163);
#5160 = PRODUCT_DEFINITION_FORMATION('','',#5161);
#5161 = PRODUCT('Open CASCADE STEP translator 7.5 20.1',
  'Open CASCADE STEP translator 7.5 20.1','',(#5162));
#5162 = PRODUCT_CONTEXT('',#2,'mechanical');
#5163 = PRODUCT_DEFINITION_CONTEXT('part definition',#2,'design');
#5164 = CONTEXT_DEPENDENT_SHAPE_REPRESENTATION(#5165,#5167);
#5165 = ( REPRESENTATION_RELATIONSHIP('','',#33,#10) 
REPRESENTATION_RELATIONSHIP_WITH_TRANSFORMATION(#5166) 
SHAPE_REPRESENTATION_RELATIONSHIP() );
#5166 = ITEM_DEFINED_TRANSFORMATION('','',#11,#15);
#5167 = PRODUCT_DEFINITION_SHAPE('Placement','Placement of an item',
  #5168);
#5168 = NEXT_ASSEMBLY_USAGE_OCCURRENCE('39','','',#5,#5159,$);
#5169 = PRODUCT_RELATED_PRODUCT_CATEGORY('part',$,(#5161));
#5170 = ADVANCED_BREP_SHAPE_REPRESENTATION('',(#11,#5171),#5638);
#5171 = MANIFOLD_SOLID_BREP('',#5172);
#5172 = CLOSED_SHELL('',(#5173,#5261,#5314,#5432,#5530,#5577,#5604,#5631
    ));
#5173 = ADVANCED_FACE('',(#5174),#5188,.T.);
#5174 = FACE_BOUND('',#5175,.F.);
#5175 = EDGE_LOOP('',(#5176,#5206,#5233,#5234));
#5176 = ORIENTED_EDGE('',*,*,#5177,.T.);
#5177 = EDGE_CURVE('',#5178,#5180,#5182,.T.);
#5178 = VERTEX_POINT('',#5179);
#5179 = CARTESIAN_POINT('',(2.5,0.,0.));
#5180 = VERTEX_POINT('',#5181);
#5181 = CARTESIAN_POINT('',(2.5,0.,9.75));
#5182 = SEAM_CURVE('',#5183,(#5187,#5199),.PCURVE_S1.);
#5183 = LINE('',#5184,#5185);
#5184 = CARTESIAN_POINT('',(2.5,0.,0.));
#5185 = VECTOR('',#5186,1.);
#5186 = DIRECTION('',(0.,0.,1.));
#5187 = PCURVE('',#5188,#5193);
#5188 = CYLINDRICAL_SURFACE('',#5189,2.5);
#5189 = AXIS2_PLACEMENT_3D('',#5190,#5191,#5192);
#5190 = CARTESIAN_POINT('',(0.,0.,0.));
#5191 = DIRECTION('',(-0.,-0.,-1.));
#5192 = DIRECTION('',(1.,0.,0.));
#5193 = DEFINITIONAL_REPRESENTATION('',(#5194),#5198);
#5194 = LINE('',#5195,#5196);
#5195 = CARTESIAN_POINT('',(-0.,0.));
#5196 = VECTOR('',#5197,1.);
#5197 = DIRECTION('',(-0.,-1.));
#5198 = ( GEOMETRIC_REPRESENTATION_CONTEXT(2) 
PARAMETRIC_REPRESENTATION_CONTEXT() REPRESENTATION_CONTEXT('2D SPACE',''
  ) );
#5199 = PCURVE('',#5188,#5200);
#5200 = DEFINITIONAL_REPRESENTATION('',(#5201),#5205);
#5201 = LINE('',#5202,#5203);
#5202 = CARTESIAN_POINT('',(-6.28318530718,0.));
#5203 = VECTOR('',#5204,1.);
#5204 = DIRECTION('',(-0.,-1.));
#5205 = ( GEOMETRIC_REPRESENTATION_CONTEXT(2) 
PARAMETRIC_REPRESENTATION_CONTEXT() REPRESENTATION_CONTEXT('2D SPACE',''
  ) );
#5206 = ORIENTED_EDGE('',*,*,#5207,.T.);
#5207 = EDGE_CURVE('',#5180,#5180,#5208,.T.);
#5208 = SURFACE_CURVE('',#5209,(#5214,#5221),.PCURVE_S1.);
#5209 = CIRCLE('',#5210,2.5);
#5210 = AXIS2_PLACEMENT_3D('',#5211,#5212,#5213);
#5211 = CARTESIAN_POINT('',(0.,0.,9.75));
#5212 = DIRECTION('',(0.,0.,1.));
#5213 = DIRECTION('',(1.,0.,-0.));
#5214 = PCURVE('',#5188,#5215);
#5215 = DEFINITIONAL_REPRESENTATION('',(#5216),#5220);
#5216 = LINE('',#5217,#5218);
#5217 = CARTESIAN_POINT('',(-0.,-9.75));
#5218 = VECTOR('',#5219,1.);
#5219 = DIRECTION('',(-1.,0.));
#5220 = ( GEOMETRIC_REPRESENTATION_CONTEXT(2) 
PARAMETRIC_REPRESENTATION_CONTEXT() REPRESENTATION_CONTEXT('2D SPACE',''
  ) );
#5221 = PCURVE('',#5222,#5227);
#5222 = CONICAL_SURFACE('',#5223,2.5,0.785398163397);
#5223 = AXIS2_PLACEMENT_3D('',#5224,#5225,#5226);
#5224 = CARTESIAN_POINT('',(0.,0.,9.75));
#5225 = DIRECTION('',(-0.,-0.,-1.));
#5226 = DIRECTION('',(1.,0.,0.));
#5227 = DEFINITIONAL_REPRESENTATION('',(#5228),#5232);
#5228 = LINE('',#5229,#5230);
#5229 = CARTESIAN_POINT('',(-0.,-0.));
#5230 = VECTOR('',#5231,1.);
#5231 = DIRECTION('',(-1.,-0.));
#5232 = ( GEOMETRIC_REPRESENTATION_CONTEXT(2) 
PARAMETRIC_REPRESENTATION_CONTEXT() REPRESENTATION_CONTEXT('2D SPACE',''
  ) );
#5233 = ORIENTED_EDGE('',*,*,#5177,.F.);
#5234 = ORIENTED_EDGE('',*,*,#5235,.F.);
#5235 = EDGE_CURVE('',#5178,#5178,#5236,.T.);
#5236 = SURFACE_CURVE('',#5237,(#5242,#5249),.PCURVE_S1.);
#5237 = CIRCLE('',#5238,2.5);
#5238 = AXIS2_PLACEMENT_3D('',#5239,#5240,#5241);
#5239 = CARTESIAN_POINT('',(0.,0.,0.));
#5240 = DIRECTION('',(0.,0.,1.));
#5241 = DIRECTION('',(1.,0.,0.));
#5242 = PCURVE('',#5188,#5243);
#5243 = DEFINITIONAL_REPRESENTATION('',(#5244),#5248);
#5244 = LINE('',#5245,#5246);
#5245 = CARTESIAN_POINT('',(-0.,0.));
#5246 = VECTOR('',#5247,1.);
#5247 = DIRECTION('',(-1.,0.));
#5248 = ( GEOMETRIC_REPRESENTATION_CONTEXT(2) 
PARAMETRIC_REPRESENTATION_CONTEXT() REPRESENTATION_CONTEXT('2D SPACE',''
  ) );
#5249 = PCURVE('',#5250,#5255);
#5250 = PLANE('',#5251);
#5251 = AXIS2_PLACEMENT_3D('',#5252,#5253,#5254);
#5252 = CARTESIAN_POINT('',(-1.367440132539E-16,1.714341265789E-16,0.));
#5253 = DIRECTION('',(0.,0.,1.));
#5254 = DIRECTION('',(1.,0.,-0.));
#5255 = DEFINITIONAL_REPRESENTATION('',(#5256),#5260);
#5256 = CIRCLE('',#5257,2.5);
#5257 = AXIS2_PLACEMENT_2D('',#5258,#5259);
#5258 = CARTESIAN_POINT('',(1.367440132539E-16,-1.714341265789E-16));
#5259 = DIRECTION('',(1.,0.));
#5260 = ( GEOMETRIC_REPRESENTATION_CONTEXT(2) 
PARAMETRIC_REPRESENTATION_CONTEXT() REPRESENTATION_CONTEXT('2D SPACE',''
  ) );
#5261 = ADVANCED_FACE('',(#5262),#5222,.T.);
#5262 = FACE_BOUND('',#5263,.T.);
#5263 = EDGE_LOOP('',(#5264,#5285,#5286,#5287));
#5264 = ORIENTED_EDGE('',*,*,#5265,.F.);
#5265 = EDGE_CURVE('',#5180,#5266,#5268,.T.);
#5266 = VERTEX_POINT('',#5267);
#5267 = CARTESIAN_POINT('',(2.25,0.,10.));
#5268 = SEAM_CURVE('',#5269,(#5273,#5279),.PCURVE_S1.);
#5269 = LINE('',#5270,#5271);
#5270 = CARTESIAN_POINT('',(2.5,0.,9.75));
#5271 = VECTOR('',#5272,1.);
#5272 = DIRECTION('',(-0.707106781187,0.,0.707106781187));
#5273 = PCURVE('',#5222,#5274);
#5274 = DEFINITIONAL_REPRESENTATION('',(#5275),#5278);
#5275 = B_SPLINE_CURVE_WITH_KNOTS('',1,(#5276,#5277),.UNSPECIFIED.,.F.,
  .F.,(2,2),(0.,0.353553390593),.PIECEWISE_BEZIER_KNOTS.);
#5276 = CARTESIAN_POINT('',(0.,0.));
#5277 = CARTESIAN_POINT('',(0.,-0.25));
#5278 = ( GEOMETRIC_REPRESENTATION_CONTEXT(2) 
PARAMETRIC_REPRESENTATION_CONTEXT() REPRESENTATION_CONTEXT('2D SPACE',''
  ) );
#5279 = PCURVE('',#5222,#5280);
#5280 = DEFINITIONAL_REPRESENTATION('',(#5281),#5284);
#5281 = B_SPLINE_CURVE_WITH_KNOTS('',1,(#5282,#5283),.UNSPECIFIED.,.F.,
  .F.,(2,2),(0.,0.353553390593),.PIECEWISE_BEZIER_KNOTS.);
#5282 = CARTESIAN_POINT('',(-6.28318530718,0.));
#5283 = CARTESIAN_POINT('',(-6.28318530718,-0.25));
#5284 = ( GEOMETRIC_REPRESENTATION_CONTEXT(2) 
PARAMETRIC_REPRESENTATION_CONTEXT() REPRESENTATION_CONTEXT('2D SPACE',''
  ) );
#5285 = ORIENTED_EDGE('',*,*,#5207,.T.);
#5286 = ORIENTED_EDGE('',*,*,#5265,.T.);
#5287 = ORIENTED_EDGE('',*,*,#5288,.F.);
#5288 = EDGE_CURVE('',#5266,#5266,#5289,.T.);
#5289 = SURFACE_CURVE('',#5290,(#5295,#5302),.PCURVE_S1.);
#5290 = CIRCLE('',#5291,2.25);
#5291 = AXIS2_PLACEMENT_3D('',#5292,#5293,#5294);
#5292 = CARTESIAN_POINT('',(0.,0.,10.));
#5293 = DIRECTION('',(0.,0.,1.));
#5294 = DIRECTION('',(1.,0.,-0.));
#5295 = PCURVE('',#5222,#5296);
#5296 = DEFINITIONAL_REPRESENTATION('',(#5297),#5301);
#5297 = LINE('',#5298,#5299);
#5298 = CARTESIAN_POINT('',(-0.,-0.25));
#5299 = VECTOR('',#5300,1.);
#5300 = DIRECTION('',(-1.,-0.));
#5301 = ( GEOMETRIC_REPRESENTATION_CONTEXT(2) 
PARAMETRIC_REPRESENTATION_CONTEXT() REPRESENTATION_CONTEXT('2D SPACE',''
  ) );
#5302 = PCURVE('',#5303,#5308);
#5303 = PLANE('',#5304);
#5304 = AXIS2_PLACEMENT_3D('',#5305,#5306,#5307);
#5305 = CARTESIAN_POINT('',(-1.367440132539E-16,1.714341265789E-16,10.)
  );
#5306 = DIRECTION('',(0.,0.,1.));
#5307 = DIRECTION('',(1.,0.,-0.));
#5308 = DEFINITIONAL_REPRESENTATION('',(#5309),#5313);
#5309 = CIRCLE('',#5310,2.25);
#5310 = AXIS2_PLACEMENT_2D('',#5311,#5312);
#5311 = CARTESIAN_POINT('',(1.367440132539E-16,-1.714341265789E-16));
#5312 = DIRECTION('',(1.,0.));
#5313 = ( GEOMETRIC_REPRESENTATION_CONTEXT(2) 
PARAMETRIC_REPRESENTATION_CONTEXT() REPRESENTATION_CONTEXT('2D SPACE',''
  ) );
#5314 = ADVANCED_FACE('',(#5315,#5318),#5250,.F.);
#5315 = FACE_BOUND('',#5316,.F.);
#5316 = EDGE_LOOP('',(#5317));
#5317 = ORIENTED_EDGE('',*,*,#5235,.T.);
#5318 = FACE_BOUND('',#5319,.F.);
#5319 = EDGE_LOOP('',(#5320,#5350,#5378,#5406));
#5320 = ORIENTED_EDGE('',*,*,#5321,.F.);
#5321 = EDGE_CURVE('',#5322,#5324,#5326,.T.);
#5322 = VERTEX_POINT('',#5323);
#5323 = CARTESIAN_POINT('',(-0.625,1.875,0.));
#5324 = VERTEX_POINT('',#5325);
#5325 = CARTESIAN_POINT('',(-0.625,1.25,0.));
#5326 = SURFACE_CURVE('',#5327,(#5331,#5338),.PCURVE_S1.);
#5327 = LINE('',#5328,#5329);
#5328 = CARTESIAN_POINT('',(-0.625,1.875,0.));
#5329 = VECTOR('',#5330,1.);
#5330 = DIRECTION('',(0.,-1.,0.));
#5331 = PCURVE('',#5250,#5332);
#5332 = DEFINITIONAL_REPRESENTATION('',(#5333),#5337);
#5333 = LINE('',#5334,#5335);
#5334 = CARTESIAN_POINT('',(-0.625,1.875));
#5335 = VECTOR('',#5336,1.);
#5336 = DIRECTION('',(0.,-1.));
#5337 = ( GEOMETRIC_REPRESENTATION_CONTEXT(2) 
PARAMETRIC_REPRESENTATION_CONTEXT() REPRESENTATION_CONTEXT('2D SPACE',''
  ) );
#5338 = PCURVE('',#5339,#5344);
#5339 = PLANE('',#5340);
#5340 = AXIS2_PLACEMENT_3D('',#5341,#5342,#5343);
#5341 = CARTESIAN_POINT('',(-0.625,1.875,10.));
#5342 = DIRECTION('',(1.,0.,0.));
#5343 = DIRECTION('',(0.,0.,-1.));
#5344 = DEFINITIONAL_REPRESENTATION('',(#5345),#5349);
#5345 = LINE('',#5346,#5347);
#5346 = CARTESIAN_POINT('',(10.,0.));
#5347 = VECTOR('',#5348,1.);
#5348 = DIRECTION('',(0.,-1.));
#5349 = ( GEOMETRIC_REPRESENTATION_CONTEXT(2) 
PARAMETRIC_REPRESENTATION_CONTEXT() REPRESENTATION_CONTEXT('2D SPACE',''
  ) );
#5350 = ORIENTED_EDGE('',*,*,#5351,.T.);
#5351 = EDGE_CURVE('',#5322,#5352,#5354,.T.);
#5352 = VERTEX_POINT('',#5353);
#5353 = CARTESIAN_POINT('',(0.625,1.875,0.));
#5354 = SURFACE_CURVE('',#5355,(#5359,#5366),.PCURVE_S1.);
#5355 = LINE('',#5356,#5357);
#5356 = CARTESIAN_POINT('',(-0.625,1.875,0.));
#5357 = VECTOR('',#5358,1.);
#5358 = DIRECTION('',(1.,0.,0.));
#5359 = PCURVE('',#5250,#5360);
#5360 = DEFINITIONAL_REPRESENTATION('',(#5361),#5365);
#5361 = LINE('',#5362,#5363);
#5362 = CARTESIAN_POINT('',(-0.625,1.875));
#5363 = VECTOR('',#5364,1.);
#5364 = DIRECTION('',(1.,0.));
#5365 = ( GEOMETRIC_REPRESENTATION_CONTEXT(2) 
PARAMETRIC_REPRESENTATION_CONTEXT() REPRESENTATION_CONTEXT('2D SPACE',''
  ) );
#5366 = PCURVE('',#5367,#5372);
#5367 = PLANE('',#5368);
#5368 = AXIS2_PLACEMENT_3D('',#5369,#5370,#5371);
#5369 = CARTESIAN_POINT('',(0.,1.875,5.));
#5370 = DIRECTION('',(-0.,-1.,-0.));
#5371 = DIRECTION('',(0.,0.,-1.));
#5372 = DEFINITIONAL_REPRESENTATION('',(#5373),#5377);
#5373 = LINE('',#5374,#5375);
#5374 = CARTESIAN_POINT('',(5.,-0.625));
#5375 = VECTOR('',#5376,1.);
#5376 = DIRECTION('',(0.,1.));
#5377 = ( GEOMETRIC_REPRESENTATION_CONTEXT(2) 
PARAMETRIC_REPRESENTATION_CONTEXT() REPRESENTATION_CONTEXT('2D SPACE',''
  ) );
#5378 = ORIENTED_EDGE('',*,*,#5379,.T.);
#5379 = EDGE_CURVE('',#5352,#5380,#5382,.T.);
#5380 = VERTEX_POINT('',#5381);
#5381 = CARTESIAN_POINT('',(0.625,1.25,0.));
#5382 = SURFACE_CURVE('',#5383,(#5387,#5394),.PCURVE_S1.);
#5383 = LINE('',#5384,#5385);
#5384 = CARTESIAN_POINT('',(0.625,1.875,0.));
#5385 = VECTOR('',#5386,1.);
#5386 = DIRECTION('',(0.,-1.,0.));
#5387 = PCURVE('',#5250,#5388);
#5388 = DEFINITIONAL_REPRESENTATION('',(#5389),#5393);
#5389 = LINE('',#5390,#5391);
#5390 = CARTESIAN_POINT('',(0.625,1.875));
#5391 = VECTOR('',#5392,1.);
#5392 = DIRECTION('',(0.,-1.));
#5393 = ( GEOMETRIC_REPRESENTATION_CONTEXT(2) 
PARAMETRIC_REPRESENTATION_CONTEXT() REPRESENTATION_CONTEXT('2D SPACE',''
  ) );
#5394 = PCURVE('',#5395,#5400);
#5395 = PLANE('',#5396);
#5396 = AXIS2_PLACEMENT_3D('',#5397,#5398,#5399);
#5397 = CARTESIAN_POINT('',(0.625,1.875,0.));
#5398 = DIRECTION('',(-1.,0.,0.));
#5399 = DIRECTION('',(0.,0.,1.));
#5400 = DEFINITIONAL_REPRESENTATION('',(#5401),#5405);
#5401 = LINE('',#5402,#5403);
#5402 = CARTESIAN_POINT('',(0.,0.));
#5403 = VECTOR('',#5404,1.);
#5404 = DIRECTION('',(0.,-1.));
#5405 = ( GEOMETRIC_REPRESENTATION_CONTEXT(2) 
PARAMETRIC_REPRESENTATION_CONTEXT() REPRESENTATION_CONTEXT('2D SPACE',''
  ) );
#5406 = ORIENTED_EDGE('',*,*,#5407,.F.);
#5407 = EDGE_CURVE('',#5324,#5380,#5408,.T.);
#5408 = SURFACE_CURVE('',#5409,(#5413,#5420),.PCURVE_S1.);
#5409 = LINE('',#5410,#5411);
#5410 = CARTESIAN_POINT('',(-0.625,1.25,0.));
#5411 = VECTOR('',#5412,1.);
#5412 = DIRECTION('',(1.,0.,0.));
#5413 = PCURVE('',#5250,#5414);
#5414 = DEFINITIONAL_REPRESENTATION('',(#5415),#5419);
#5415 = LINE('',#5416,#5417);
#5416 = CARTESIAN_POINT('',(-0.625,1.25));
#5417 = VECTOR('',#5418,1.);
#5418 = DIRECTION('',(1.,0.));
#5419 = ( GEOMETRIC_REPRESENTATION_CONTEXT(2) 
PARAMETRIC_REPRESENTATION_CONTEXT() REPRESENTATION_CONTEXT('2D SPACE',''
  ) );
#5420 = PCURVE('',#5421,#5426);
#5421 = PLANE('',#5422);
#5422 = AXIS2_PLACEMENT_3D('',#5423,#5424,#5425);
#5423 = CARTESIAN_POINT('',(0.,1.25,5.));
#5424 = DIRECTION('',(-0.,-1.,-0.));
#5425 = DIRECTION('',(0.,0.,-1.));
#5426 = DEFINITIONAL_REPRESENTATION('',(#5427),#5431);
#5427 = LINE('',#5428,#5429);
#5428 = CARTESIAN_POINT('',(5.,-0.625));
#5429 = VECTOR('',#5430,1.);
#5430 = DIRECTION('',(0.,1.));
#5431 = ( GEOMETRIC_REPRESENTATION_CONTEXT(2) 
PARAMETRIC_REPRESENTATION_CONTEXT() REPRESENTATION_CONTEXT('2D SPACE',''
  ) );
#5432 = ADVANCED_FACE('',(#5433,#5436),#5303,.T.);
#5433 = FACE_BOUND('',#5434,.T.);
#5434 = EDGE_LOOP('',(#5435));
#5435 = ORIENTED_EDGE('',*,*,#5288,.T.);
#5436 = FACE_BOUND('',#5437,.T.);
#5437 = EDGE_LOOP('',(#5438,#5463,#5486,#5509));
#5438 = ORIENTED_EDGE('',*,*,#5439,.F.);
#5439 = EDGE_CURVE('',#5440,#5442,#5444,.T.);
#5440 = VERTEX_POINT('',#5441);
#5441 = CARTESIAN_POINT('',(0.625,1.875,10.));
#5442 = VERTEX_POINT('',#5443);
#5443 = CARTESIAN_POINT('',(-0.625,1.875,10.));
#5444 = SURFACE_CURVE('',#5445,(#5449,#5456),.PCURVE_S1.);
#5445 = LINE('',#5446,#5447);
#5446 = CARTESIAN_POINT('',(0.625,1.875,10.));
#5447 = VECTOR('',#5448,1.);
#5448 = DIRECTION('',(-1.,0.,0.));
#5449 = PCURVE('',#5303,#5450);
#5450 = DEFINITIONAL_REPRESENTATION('',(#5451),#5455);
#5451 = LINE('',#5452,#5453);
#5452 = CARTESIAN_POINT('',(0.625,1.875));
#5453 = VECTOR('',#5454,1.);
#5454 = DIRECTION('',(-1.,0.));
#5455 = ( GEOMETRIC_REPRESENTATION_CONTEXT(2) 
PARAMETRIC_REPRESENTATION_CONTEXT() REPRESENTATION_CONTEXT('2D SPACE',''
  ) );
#5456 = PCURVE('',#5367,#5457);
#5457 = DEFINITIONAL_REPRESENTATION('',(#5458),#5462);
#5458 = LINE('',#5459,#5460);
#5459 = CARTESIAN_POINT('',(-5.,0.625));
#5460 = VECTOR('',#5461,1.);
#5461 = DIRECTION('',(0.,-1.));
#5462 = ( GEOMETRIC_REPRESENTATION_CONTEXT(2) 
PARAMETRIC_REPRESENTATION_CONTEXT() REPRESENTATION_CONTEXT('2D SPACE',''
  ) );
#5463 = ORIENTED_EDGE('',*,*,#5464,.T.);
#5464 = EDGE_CURVE('',#5440,#5465,#5467,.T.);
#5465 = VERTEX_POINT('',#5466);
#5466 = CARTESIAN_POINT('',(0.625,1.25,10.));
#5467 = SURFACE_CURVE('',#5468,(#5472,#5479),.PCURVE_S1.);
#5468 = LINE('',#5469,#5470);
#5469 = CARTESIAN_POINT('',(0.625,1.875,10.));
#5470 = VECTOR('',#5471,1.);
#5471 = DIRECTION('',(0.,-1.,0.));
#5472 = PCURVE('',#5303,#5473);
#5473 = DEFINITIONAL_REPRESENTATION('',(#5474),#5478);
#5474 = LINE('',#5475,#5476);
#5475 = CARTESIAN_POINT('',(0.625,1.875));
#5476 = VECTOR('',#5477,1.);
#5477 = DIRECTION('',(0.,-1.));
#5478 = ( GEOMETRIC_REPRESENTATION_CONTEXT(2) 
PARAMETRIC_REPRESENTATION_CONTEXT() REPRESENTATION_CONTEXT('2D SPACE',''
  ) );
#5479 = PCURVE('',#5395,#5480);
#5480 = DEFINITIONAL_REPRESENTATION('',(#5481),#5485);
#5481 = LINE('',#5482,#5483);
#5482 = CARTESIAN_POINT('',(10.,0.));
#5483 = VECTOR('',#5484,1.);
#5484 = DIRECTION('',(0.,-1.));
#5485 = ( GEOMETRIC_REPRESENTATION_CONTEXT(2) 
PARAMETRIC_REPRESENTATION_CONTEXT() REPRESENTATION_CONTEXT('2D SPACE',''
  ) );
#5486 = ORIENTED_EDGE('',*,*,#5487,.T.);
#5487 = EDGE_CURVE('',#5465,#5488,#5490,.T.);
#5488 = VERTEX_POINT('',#5489);
#5489 = CARTESIAN_POINT('',(-0.625,1.25,10.));
#5490 = SURFACE_CURVE('',#5491,(#5495,#5502),.PCURVE_S1.);
#5491 = LINE('',#5492,#5493);
#5492 = CARTESIAN_POINT('',(0.625,1.25,10.));
#5493 = VECTOR('',#5494,1.);
#5494 = DIRECTION('',(-1.,0.,0.));
#5495 = PCURVE('',#5303,#5496);
#5496 = DEFINITIONAL_REPRESENTATION('',(#5497),#5501);
#5497 = LINE('',#5498,#5499);
#5498 = CARTESIAN_POINT('',(0.625,1.25));
#5499 = VECTOR('',#5500,1.);
#5500 = DIRECTION('',(-1.,0.));
#5501 = ( GEOMETRIC_REPRESENTATION_CONTEXT(2) 
PARAMETRIC_REPRESENTATION_CONTEXT() REPRESENTATION_CONTEXT('2D SPACE',''
  ) );
#5502 = PCURVE('',#5421,#5503);
#5503 = DEFINITIONAL_REPRESENTATION('',(#5504),#5508);
#5504 = LINE('',#5505,#5506);
#5505 = CARTESIAN_POINT('',(-5.,0.625));
#5506 = VECTOR('',#5507,1.);
#5507 = DIRECTION('',(0.,-1.));
#5508 = ( GEOMETRIC_REPRESENTATION_CONTEXT(2) 
PARAMETRIC_REPRESENTATION_CONTEXT() REPRESENTATION_CONTEXT('2D SPACE',''
  ) );
#5509 = ORIENTED_EDGE('',*,*,#5510,.F.);
#5510 = EDGE_CURVE('',#5442,#5488,#5511,.T.);
#5511 = SURFACE_CURVE('',#5512,(#5516,#5523),.PCURVE_S1.);
#5512 = LINE('',#5513,#5514);
#5513 = CARTESIAN_POINT('',(-0.625,1.875,10.));
#5514 = VECTOR('',#5515,1.);
#5515 = DIRECTION('',(0.,-1.,0.));
#5516 = PCURVE('',#5303,#5517);
#5517 = DEFINITIONAL_REPRESENTATION('',(#5518),#5522);
#5518 = LINE('',#5519,#5520);
#5519 = CARTESIAN_POINT('',(-0.625,1.875));
#5520 = VECTOR('',#5521,1.);
#5521 = DIRECTION('',(0.,-1.));
#5522 = ( GEOMETRIC_REPRESENTATION_CONTEXT(2) 
PARAMETRIC_REPRESENTATION_CONTEXT() REPRESENTATION_CONTEXT('2D SPACE',''
  ) );
#5523 = PCURVE('',#5339,#5524);
#5524 = DEFINITIONAL_REPRESENTATION('',(#5525),#5529);
#5525 = LINE('',#5526,#5527);
#5526 = CARTESIAN_POINT('',(0.,0.));
#5527 = VECTOR('',#5528,1.);
#5528 = DIRECTION('',(0.,-1.));
#5529 = ( GEOMETRIC_REPRESENTATION_CONTEXT(2) 
PARAMETRIC_REPRESENTATION_CONTEXT() REPRESENTATION_CONTEXT('2D SPACE',''
  ) );
#5530 = ADVANCED_FACE('',(#5531),#5339,.T.);
#5531 = FACE_BOUND('',#5532,.T.);
#5532 = EDGE_LOOP('',(#5533,#5534,#5555,#5556));
#5533 = ORIENTED_EDGE('',*,*,#5510,.T.);
#5534 = ORIENTED_EDGE('',*,*,#5535,.T.);
#5535 = EDGE_CURVE('',#5488,#5324,#5536,.T.);
#5536 = SURFACE_CURVE('',#5537,(#5541,#5548),.PCURVE_S1.);
#5537 = LINE('',#5538,#5539);
#5538 = CARTESIAN_POINT('',(-0.625,1.25,10.));
#5539 = VECTOR('',#5540,1.);
#5540 = DIRECTION('',(0.,0.,-1.));
#5541 = PCURVE('',#5339,#5542);
#5542 = DEFINITIONAL_REPRESENTATION('',(#5543),#5547);
#5543 = LINE('',#5544,#5545);
#5544 = CARTESIAN_POINT('',(0.,-0.625));
#5545 = VECTOR('',#5546,1.);
#5546 = DIRECTION('',(1.,0.));
#5547 = ( GEOMETRIC_REPRESENTATION_CONTEXT(2) 
PARAMETRIC_REPRESENTATION_CONTEXT() REPRESENTATION_CONTEXT('2D SPACE',''
  ) );
#5548 = PCURVE('',#5421,#5549);
#5549 = DEFINITIONAL_REPRESENTATION('',(#5550),#5554);
#5550 = LINE('',#5551,#5552);
#5551 = CARTESIAN_POINT('',(-5.,-0.625));
#5552 = VECTOR('',#5553,1.);
#5553 = DIRECTION('',(1.,0.));
#5554 = ( GEOMETRIC_REPRESENTATION_CONTEXT(2) 
PARAMETRIC_REPRESENTATION_CONTEXT() REPRESENTATION_CONTEXT('2D SPACE',''
  ) );
#5555 = ORIENTED_EDGE('',*,*,#5321,.F.);
#5556 = ORIENTED_EDGE('',*,*,#5557,.F.);
#5557 = EDGE_CURVE('',#5442,#5322,#5558,.T.);
#5558 = SURFACE_CURVE('',#5559,(#5563,#5570),.PCURVE_S1.);
#5559 = LINE('',#5560,#5561);
#5560 = CARTESIAN_POINT('',(-0.625,1.875,10.));
#5561 = VECTOR('',#5562,1.);
#5562 = DIRECTION('',(0.,0.,-1.));
#5563 = PCURVE('',#5339,#5564);
#5564 = DEFINITIONAL_REPRESENTATION('',(#5565),#5569);
#5565 = LINE('',#5566,#5567);
#5566 = CARTESIAN_POINT('',(0.,0.));
#5567 = VECTOR('',#5568,1.);
#5568 = DIRECTION('',(1.,0.));
#5569 = ( GEOMETRIC_REPRESENTATION_CONTEXT(2) 
PARAMETRIC_REPRESENTATION_CONTEXT() REPRESENTATION_CONTEXT('2D SPACE',''
  ) );
#5570 = PCURVE('',#5367,#5571);
#5571 = DEFINITIONAL_REPRESENTATION('',(#5572),#5576);
#5572 = LINE('',#5573,#5574);
#5573 = CARTESIAN_POINT('',(-5.,-0.625));
#5574 = VECTOR('',#5575,1.);
#5575 = DIRECTION('',(1.,0.));
#5576 = ( GEOMETRIC_REPRESENTATION_CONTEXT(2) 
PARAMETRIC_REPRESENTATION_CONTEXT() REPRESENTATION_CONTEXT('2D SPACE',''
  ) );
#5577 = ADVANCED_FACE('',(#5578),#5421,.F.);
#5578 = FACE_BOUND('',#5579,.F.);
#5579 = EDGE_LOOP('',(#5580,#5581,#5602,#5603));
#5580 = ORIENTED_EDGE('',*,*,#5407,.T.);
#5581 = ORIENTED_EDGE('',*,*,#5582,.T.);
#5582 = EDGE_CURVE('',#5380,#5465,#5583,.T.);
#5583 = SURFACE_CURVE('',#5584,(#5588,#5595),.PCURVE_S1.);
#5584 = LINE('',#5585,#5586);
#5585 = CARTESIAN_POINT('',(0.625,1.25,0.));
#5586 = VECTOR('',#5587,1.);
#5587 = DIRECTION('',(0.,0.,1.));
#5588 = PCURVE('',#5421,#5589);
#5589 = DEFINITIONAL_REPRESENTATION('',(#5590),#5594);
#5590 = LINE('',#5591,#5592);
#5591 = CARTESIAN_POINT('',(5.,0.625));
#5592 = VECTOR('',#5593,1.);
#5593 = DIRECTION('',(-1.,0.));
#5594 = ( GEOMETRIC_REPRESENTATION_CONTEXT(2) 
PARAMETRIC_REPRESENTATION_CONTEXT() REPRESENTATION_CONTEXT('2D SPACE',''
  ) );
#5595 = PCURVE('',#5395,#5596);
#5596 = DEFINITIONAL_REPRESENTATION('',(#5597),#5601);
#5597 = LINE('',#5598,#5599);
#5598 = CARTESIAN_POINT('',(0.,-0.625));
#5599 = VECTOR('',#5600,1.);
#5600 = DIRECTION('',(1.,0.));
#5601 = ( GEOMETRIC_REPRESENTATION_CONTEXT(2) 
PARAMETRIC_REPRESENTATION_CONTEXT() REPRESENTATION_CONTEXT('2D SPACE',''
  ) );
#5602 = ORIENTED_EDGE('',*,*,#5487,.T.);
#5603 = ORIENTED_EDGE('',*,*,#5535,.T.);
#5604 = ADVANCED_FACE('',(#5605),#5395,.T.);
#5605 = FACE_BOUND('',#5606,.T.);
#5606 = EDGE_LOOP('',(#5607,#5608,#5609,#5610));
#5607 = ORIENTED_EDGE('',*,*,#5379,.T.);
#5608 = ORIENTED_EDGE('',*,*,#5582,.T.);
#5609 = ORIENTED_EDGE('',*,*,#5464,.F.);
#5610 = ORIENTED_EDGE('',*,*,#5611,.F.);
#5611 = EDGE_CURVE('',#5352,#5440,#5612,.T.);
#5612 = SURFACE_CURVE('',#5613,(#5617,#5624),.PCURVE_S1.);
#5613 = LINE('',#5614,#5615);
#5614 = CARTESIAN_POINT('',(0.625,1.875,0.));
#5615 = VECTOR('',#5616,1.);
#5616 = DIRECTION('',(0.,0.,1.));
#5617 = PCURVE('',#5395,#5618);
#5618 = DEFINITIONAL_REPRESENTATION('',(#5619),#5623);
#5619 = LINE('',#5620,#5621);
#5620 = CARTESIAN_POINT('',(0.,0.));
#5621 = VECTOR('',#5622,1.);
#5622 = DIRECTION('',(1.,0.));
#5623 = ( GEOMETRIC_REPRESENTATION_CONTEXT(2) 
PARAMETRIC_REPRESENTATION_CONTEXT() REPRESENTATION_CONTEXT('2D SPACE',''
  ) );
#5624 = PCURVE('',#5367,#5625);
#5625 = DEFINITIONAL_REPRESENTATION('',(#5626),#5630);
#5626 = LINE('',#5627,#5628);
#5627 = CARTESIAN_POINT('',(5.,0.625));
#5628 = VECTOR('',#5629,1.);
#5629 = DIRECTION('',(-1.,0.));
#5630 = ( GEOMETRIC_REPRESENTATION_CONTEXT(2) 
PARAMETRIC_REPRESENTATION_CONTEXT() REPRESENTATION_CONTEXT('2D SPACE',''
  ) );
#5631 = ADVANCED_FACE('',(#5632),#5367,.T.);
#5632 = FACE_BOUND('',#5633,.T.);
#5633 = EDGE_LOOP('',(#5634,#5635,#5636,#5637));
#5634 = ORIENTED_EDGE('',*,*,#5351,.T.);
#5635 = ORIENTED_EDGE('',*,*,#5611,.T.);
#5636 = ORIENTED_EDGE('',*,*,#5439,.T.);
#5637 = ORIENTED_EDGE('',*,*,#5557,.T.);
#5638 = ( GEOMETRIC_REPRESENTATION_CONTEXT(3) 
GLOBAL_UNCERTAINTY_ASSIGNED_CONTEXT((#5642)) 
GLOBAL_UNIT_ASSIGNED_CONTEXT((#5639,#5640,#5641)) REPRESENTATION_CONTEXT
('Context #1','3D Context with UNIT and UNCERTAINTY') );
#5639 = ( LENGTH_UNIT() NAMED_UNIT(*) SI_UNIT(.MILLI.,.METRE.) );
#5640 = ( NAMED_UNIT(*) PLANE_ANGLE_UNIT() SI_UNIT($,.RADIAN.) );
#5641 = ( NAMED_UNIT(*) SI_UNIT($,.STERADIAN.) SOLID_ANGLE_UNIT() );
#5642 = UNCERTAINTY_MEASURE_WITH_UNIT(LENGTH_MEASURE(1.E-07),#5639,
  'distance_accuracy_value','confusion accuracy');
#5643 = SHAPE_DEFINITION_REPRESENTATION(#5644,#5170);
#5644 = PRODUCT_DEFINITION_SHAPE('','',#5645);
#5645 = PRODUCT_DEFINITION('design','',#5646,#5649);
#5646 = PRODUCT_DEFINITION_FORMATION('','',#5647);
#5647 = PRODUCT('Open CASCADE STEP translator 7.5 20.2',
  'Open CASCADE STEP translator 7.5 20.2','',(#5648));
#5648 = PRODUCT_CONTEXT('',#2,'mechanical');
#5649 = PRODUCT_DEFINITION_CONTEXT('part definition',#2,'design');
#5650 = CONTEXT_DEPENDENT_SHAPE_REPRESENTATION(#5651,#5653);
#5651 = ( REPRESENTATION_RELATIONSHIP('','',#5170,#10) 
REPRESENTATION_RELATIONSHIP_WITH_TRANSFORMATION(#5652) 
SHAPE_REPRESENTATION_RELATIONSHIP() );
#5652 = ITEM_DEFINED_TRANSFORMATION('','',#11,#19);
#5653 = PRODUCT_DEFINITION_SHAPE('Placement','Placement of an item',
  #5654);
#5654 = NEXT_ASSEMBLY_USAGE_OCCURRENCE('40','','',#5,#5645,$);
#5655 = PRODUCT_RELATED_PRODUCT_CATEGORY('part',$,(#5647));
#5656 = ADVANCED_BREP_SHAPE_REPRESENTATION('',(#11,#5657),#6124);
#5657 = MANIFOLD_SOLID_BREP('',#5658);
#5658 = CLOSED_SHELL('',(#5659,#5747,#5800,#5918,#6016,#6063,#6090,#6117
    ));
#5659 = ADVANCED_FACE('',(#5660),#5674,.T.);
#5660 = FACE_BOUND('',#5661,.F.);
#5661 = EDGE_LOOP('',(#5662,#5692,#5719,#5720));
#5662 = ORIENTED_EDGE('',*,*,#5663,.T.);
#5663 = EDGE_CURVE('',#5664,#5666,#5668,.T.);
#5664 = VERTEX_POINT('',#5665);
#5665 = CARTESIAN_POINT('',(25.,0.,0.));
#5666 = VERTEX_POINT('',#5667);
#5667 = CARTESIAN_POINT('',(25.,0.,997.5));
#5668 = SEAM_CURVE('',#5669,(#5673,#5685),.PCURVE_S1.);
#5669 = LINE('',#5670,#5671);
#5670 = CARTESIAN_POINT('',(25.,0.,0.));
#5671 = VECTOR('',#5672,1.);
#5672 = DIRECTION('',(0.,0.,1.));
#5673 = PCURVE('',#5674,#5679);
#5674 = CYLINDRICAL_SURFACE('',#5675,25.);
#5675 = AXIS2_PLACEMENT_3D('',#5676,#5677,#5678);
#5676 = CARTESIAN_POINT('',(0.,0.,0.));
#5677 = DIRECTION('',(-0.,-0.,-1.));
#5678 = DIRECTION('',(1.,0.,0.));
#5679 = DEFINITIONAL_REPRESENTATION('',(#5680),#5684);
#5680 = LINE('',#5681,#5682);
#5681 = CARTESIAN_POINT('',(-0.,0.));
#5682 = VECTOR('',#5683,1.);
#5683 = DIRECTION('',(-0.,-1.));
#5684 = ( GEOMETRIC_REPRESENTATION_CONTEXT(2) 
PARAMETRIC_REPRESENTATION_CONTEXT() REPRESENTATION_CONTEXT('2D SPACE',''
  ) );
#5685 = PCURVE('',#5674,#5686);
#5686 = DEFINITIONAL_REPRESENTATION('',(#5687),#5691);
#5687 = LINE('',#5688,#5689);
#5688 = CARTESIAN_POINT('',(-6.28318530718,0.));
#5689 = VECTOR('',#5690,1.);
#5690 = DIRECTION('',(-0.,-1.));
#5691 = ( GEOMETRIC_REPRESENTATION_CONTEXT(2) 
PARAMETRIC_REPRESENTATION_CONTEXT() REPRESENTATION_CONTEXT('2D SPACE',''
  ) );
#5692 = ORIENTED_EDGE('',*,*,#5693,.T.);
#5693 = EDGE_CURVE('',#5666,#5666,#5694,.T.);
#5694 = SURFACE_CURVE('',#5695,(#5700,#5707),.PCURVE_S1.);
#5695 = CIRCLE('',#5696,25.);
#5696 = AXIS2_PLACEMENT_3D('',#5697,#5698,#5699);
#5697 = CARTESIAN_POINT('',(0.,0.,997.5));
#5698 = DIRECTION('',(0.,0.,1.));
#5699 = DIRECTION('',(1.,0.,-0.));
#5700 = PCURVE('',#5674,#5701);
#5701 = DEFINITIONAL_REPRESENTATION('',(#5702),#5706);
#5702 = LINE('',#5703,#5704);
#5703 = CARTESIAN_POINT('',(-0.,-997.5));
#5704 = VECTOR('',#5705,1.);
#5705 = DIRECTION('',(-1.,0.));
#5706 = ( GEOMETRIC_REPRESENTATION_CONTEXT(2) 
PARAMETRIC_REPRESENTATION_CONTEXT() REPRESENTATION_CONTEXT('2D SPACE',''
  ) );
#5707 = PCURVE('',#5708,#5713);
#5708 = CONICAL_SURFACE('',#5709,25.,0.785398163397);
#5709 = AXIS2_PLACEMENT_3D('',#5710,#5711,#5712);
#5710 = CARTESIAN_POINT('',(0.,0.,997.5));
#5711 = DIRECTION('',(-0.,-0.,-1.));
#5712 = DIRECTION('',(1.,0.,0.));
#5713 = DEFINITIONAL_REPRESENTATION('',(#5714),#5718);
#5714 = LINE('',#5715,#5716);
#5715 = CARTESIAN_POINT('',(-0.,-0.));
#5716 = VECTOR('',#5717,1.);
#5717 = DIRECTION('',(-1.,-0.));
#5718 = ( GEOMETRIC_REPRESENTATION_CONTEXT(2) 
PARAMETRIC_REPRESENTATION_CONTEXT() REPRESENTATION_CONTEXT('2D SPACE',''
  ) );
#5719 = ORIENTED_EDGE('',*,*,#5663,.F.);
#5720 = ORIENTED_EDGE('',*,*,#5721,.F.);
#5721 = EDGE_CURVE('',#5664,#5664,#5722,.T.);
#5722 = SURFACE_CURVE('',#5723,(#5728,#5735),.PCURVE_S1.);
#5723 = CIRCLE('',#5724,25.);
#5724 = AXIS2_PLACEMENT_3D('',#5725,#5726,#5727);
#5725 = CARTESIAN_POINT('',(0.,0.,0.));
#5726 = DIRECTION('',(0.,0.,1.));
#5727 = DIRECTION('',(1.,0.,0.));
#5728 = PCURVE('',#5674,#5729);
#5729 = DEFINITIONAL_REPRESENTATION('',(#5730),#5734);
#5730 = LINE('',#5731,#5732);
#5731 = CARTESIAN_POINT('',(-0.,0.));
#5732 = VECTOR('',#5733,1.);
#5733 = DIRECTION('',(-1.,0.));
#5734 = ( GEOMETRIC_REPRESENTATION_CONTEXT(2) 
PARAMETRIC_REPRESENTATION_CONTEXT() REPRESENTATION_CONTEXT('2D SPACE',''
  ) );
#5735 = PCURVE('',#5736,#5741);
#5736 = PLANE('',#5737);
#5737 = AXIS2_PLACEMENT_3D('',#5738,#5739,#5740);
#5738 = CARTESIAN_POINT('',(-8.751616848252E-16,1.604946055186E-15,0.));
#5739 = DIRECTION('',(0.,0.,1.));
#5740 = DIRECTION('',(1.,0.,-0.));
#5741 = DEFINITIONAL_REPRESENTATION('',(#5742),#5746);
#5742 = CIRCLE('',#5743,25.);
#5743 = AXIS2_PLACEMENT_2D('',#5744,#5745);
#5744 = CARTESIAN_POINT('',(8.751616848252E-16,-1.604946055186E-15));
#5745 = DIRECTION('',(1.,0.));
#5746 = ( GEOMETRIC_REPRESENTATION_CONTEXT(2) 
PARAMETRIC_REPRESENTATION_CONTEXT() REPRESENTATION_CONTEXT('2D SPACE',''
  ) );
#5747 = ADVANCED_FACE('',(#5748),#5708,.T.);
#5748 = FACE_BOUND('',#5749,.T.);
#5749 = EDGE_LOOP('',(#5750,#5771,#5772,#5773));
#5750 = ORIENTED_EDGE('',*,*,#5751,.F.);
#5751 = EDGE_CURVE('',#5666,#5752,#5754,.T.);
#5752 = VERTEX_POINT('',#5753);
#5753 = CARTESIAN_POINT('',(22.5,0.,1.E+03));
#5754 = SEAM_CURVE('',#5755,(#5759,#5765),.PCURVE_S1.);
#5755 = LINE('',#5756,#5757);
#5756 = CARTESIAN_POINT('',(25.,0.,997.5));
#5757 = VECTOR('',#5758,1.);
#5758 = DIRECTION('',(-0.707106781187,0.,0.707106781187));
#5759 = PCURVE('',#5708,#5760);
#5760 = DEFINITIONAL_REPRESENTATION('',(#5761),#5764);
#5761 = B_SPLINE_CURVE_WITH_KNOTS('',1,(#5762,#5763),.UNSPECIFIED.,.F.,
  .F.,(2,2),(0.,3.535533905933),.PIECEWISE_BEZIER_KNOTS.);
#5762 = CARTESIAN_POINT('',(0.,0.));
#5763 = CARTESIAN_POINT('',(0.,-2.5));
#5764 = ( GEOMETRIC_REPRESENTATION_CONTEXT(2) 
PARAMETRIC_REPRESENTATION_CONTEXT() REPRESENTATION_CONTEXT('2D SPACE',''
  ) );
#5765 = PCURVE('',#5708,#5766);
#5766 = DEFINITIONAL_REPRESENTATION('',(#5767),#5770);
#5767 = B_SPLINE_CURVE_WITH_KNOTS('',1,(#5768,#5769),.UNSPECIFIED.,.F.,
  .F.,(2,2),(0.,3.535533905933),.PIECEWISE_BEZIER_KNOTS.);
#5768 = CARTESIAN_POINT('',(-6.28318530718,0.));
#5769 = CARTESIAN_POINT('',(-6.28318530718,-2.5));
#5770 = ( GEOMETRIC_REPRESENTATION_CONTEXT(2) 
PARAMETRIC_REPRESENTATION_CONTEXT() REPRESENTATION_CONTEXT('2D SPACE',''
  ) );
#5771 = ORIENTED_EDGE('',*,*,#5693,.T.);
#5772 = ORIENTED_EDGE('',*,*,#5751,.T.);
#5773 = ORIENTED_EDGE('',*,*,#5774,.F.);
#5774 = EDGE_CURVE('',#5752,#5752,#5775,.T.);
#5775 = SURFACE_CURVE('',#5776,(#5781,#5788),.PCURVE_S1.);
#5776 = CIRCLE('',#5777,22.5);
#5777 = AXIS2_PLACEMENT_3D('',#5778,#5779,#5780);
#5778 = CARTESIAN_POINT('',(0.,0.,1.E+03));
#5779 = DIRECTION('',(0.,0.,1.));
#5780 = DIRECTION('',(1.,0.,-0.));
#5781 = PCURVE('',#5708,#5782);
#5782 = DEFINITIONAL_REPRESENTATION('',(#5783),#5787);
#5783 = LINE('',#5784,#5785);
#5784 = CARTESIAN_POINT('',(-0.,-2.5));
#5785 = VECTOR('',#5786,1.);
#5786 = DIRECTION('',(-1.,-0.));
#5787 = ( GEOMETRIC_REPRESENTATION_CONTEXT(2) 
PARAMETRIC_REPRESENTATION_CONTEXT() REPRESENTATION_CONTEXT('2D SPACE',''
  ) );
#5788 = PCURVE('',#5789,#5794);
#5789 = PLANE('',#5790);
#5790 = AXIS2_PLACEMENT_3D('',#5791,#5792,#5793);
#5791 = CARTESIAN_POINT('',(-8.751616848252E-16,1.604946055186E-15,
    1.E+03));
#5792 = DIRECTION('',(0.,0.,1.));
#5793 = DIRECTION('',(1.,0.,-0.));
#5794 = DEFINITIONAL_REPRESENTATION('',(#5795),#5799);
#5795 = CIRCLE('',#5796,22.5);
#5796 = AXIS2_PLACEMENT_2D('',#5797,#5798);
#5797 = CARTESIAN_POINT('',(8.751616848252E-16,-1.604946055186E-15));
#5798 = DIRECTION('',(1.,0.));
#5799 = ( GEOMETRIC_REPRESENTATION_CONTEXT(2) 
PARAMETRIC_REPRESENTATION_CONTEXT() REPRESENTATION_CONTEXT('2D SPACE',''
  ) );
#5800 = ADVANCED_FACE('',(#5801,#5804),#5736,.F.);
#5801 = FACE_BOUND('',#5802,.F.);
#5802 = EDGE_LOOP('',(#5803));
#5803 = ORIENTED_EDGE('',*,*,#5721,.T.);
#5804 = FACE_BOUND('',#5805,.F.);
#5805 = EDGE_LOOP('',(#5806,#5836,#5864,#5892));
#5806 = ORIENTED_EDGE('',*,*,#5807,.F.);
#5807 = EDGE_CURVE('',#5808,#5810,#5812,.T.);
#5808 = VERTEX_POINT('',#5809);
#5809 = CARTESIAN_POINT('',(-6.25,18.75,0.));
#5810 = VERTEX_POINT('',#5811);
#5811 = CARTESIAN_POINT('',(-6.25,12.5,0.));
#5812 = SURFACE_CURVE('',#5813,(#5817,#5824),.PCURVE_S1.);
#5813 = LINE('',#5814,#5815);
#5814 = CARTESIAN_POINT('',(-6.25,18.75,0.));
#5815 = VECTOR('',#5816,1.);
#5816 = DIRECTION('',(0.,-1.,0.));
#5817 = PCURVE('',#5736,#5818);
#5818 = DEFINITIONAL_REPRESENTATION('',(#5819),#5823);
#5819 = LINE('',#5820,#5821);
#5820 = CARTESIAN_POINT('',(-6.25,18.75));
#5821 = VECTOR('',#5822,1.);
#5822 = DIRECTION('',(0.,-1.));
#5823 = ( GEOMETRIC_REPRESENTATION_CONTEXT(2) 
PARAMETRIC_REPRESENTATION_CONTEXT() REPRESENTATION_CONTEXT('2D SPACE',''
  ) );
#5824 = PCURVE('',#5825,#5830);
#5825 = PLANE('',#5826);
#5826 = AXIS2_PLACEMENT_3D('',#5827,#5828,#5829);
#5827 = CARTESIAN_POINT('',(-6.25,18.75,1.E+03));
#5828 = DIRECTION('',(1.,0.,0.));
#5829 = DIRECTION('',(0.,0.,-1.));
#5830 = DEFINITIONAL_REPRESENTATION('',(#5831),#5835);
#5831 = LINE('',#5832,#5833);
#5832 = CARTESIAN_POINT('',(1.E+03,0.));
#5833 = VECTOR('',#5834,1.);
#5834 = DIRECTION('',(0.,-1.));
#5835 = ( GEOMETRIC_REPRESENTATION_CONTEXT(2) 
PARAMETRIC_REPRESENTATION_CONTEXT() REPRESENTATION_CONTEXT('2D SPACE',''
  ) );
#5836 = ORIENTED_EDGE('',*,*,#5837,.T.);
#5837 = EDGE_CURVE('',#5808,#5838,#5840,.T.);
#5838 = VERTEX_POINT('',#5839);
#5839 = CARTESIAN_POINT('',(6.25,18.75,0.));
#5840 = SURFACE_CURVE('',#5841,(#5845,#5852),.PCURVE_S1.);
#5841 = LINE('',#5842,#5843);
#5842 = CARTESIAN_POINT('',(-6.25,18.75,0.));
#5843 = VECTOR('',#5844,1.);
#5844 = DIRECTION('',(1.,0.,0.));
#5845 = PCURVE('',#5736,#5846);
#5846 = DEFINITIONAL_REPRESENTATION('',(#5847),#5851);
#5847 = LINE('',#5848,#5849);
#5848 = CARTESIAN_POINT('',(-6.25,18.75));
#5849 = VECTOR('',#5850,1.);
#5850 = DIRECTION('',(1.,0.));
#5851 = ( GEOMETRIC_REPRESENTATION_CONTEXT(2) 
PARAMETRIC_REPRESENTATION_CONTEXT() REPRESENTATION_CONTEXT('2D SPACE',''
  ) );
#5852 = PCURVE('',#5853,#5858);
#5853 = PLANE('',#5854);
#5854 = AXIS2_PLACEMENT_3D('',#5855,#5856,#5857);
#5855 = CARTESIAN_POINT('',(0.,18.75,500.));
#5856 = DIRECTION('',(-0.,-1.,-0.));
#5857 = DIRECTION('',(0.,0.,-1.));
#5858 = DEFINITIONAL_REPRESENTATION('',(#5859),#5863);
#5859 = LINE('',#5860,#5861);
#5860 = CARTESIAN_POINT('',(500.,-6.25));
#5861 = VECTOR('',#5862,1.);
#5862 = DIRECTION('',(0.,1.));
#5863 = ( GEOMETRIC_REPRESENTATION_CONTEXT(2) 
PARAMETRIC_REPRESENTATION_CONTEXT() REPRESENTATION_CONTEXT('2D SPACE',''
  ) );
#5864 = ORIENTED_EDGE('',*,*,#5865,.T.);
#5865 = EDGE_CURVE('',#5838,#5866,#5868,.T.);
#5866 = VERTEX_POINT('',#5867);
#5867 = CARTESIAN_POINT('',(6.25,12.5,0.));
#5868 = SURFACE_CURVE('',#5869,(#5873,#5880),.PCURVE_S1.);
#5869 = LINE('',#5870,#5871);
#5870 = CARTESIAN_POINT('',(6.25,18.75,0.));
#5871 = VECTOR('',#5872,1.);
#5872 = DIRECTION('',(0.,-1.,0.));
#5873 = PCURVE('',#5736,#5874);
#5874 = DEFINITIONAL_REPRESENTATION('',(#5875),#5879);
#5875 = LINE('',#5876,#5877);
#5876 = CARTESIAN_POINT('',(6.25,18.75));
#5877 = VECTOR('',#5878,1.);
#5878 = DIRECTION('',(0.,-1.));
#5879 = ( GEOMETRIC_REPRESENTATION_CONTEXT(2) 
PARAMETRIC_REPRESENTATION_CONTEXT() REPRESENTATION_CONTEXT('2D SPACE',''
  ) );
#5880 = PCURVE('',#5881,#5886);
#5881 = PLANE('',#5882);
#5882 = AXIS2_PLACEMENT_3D('',#5883,#5884,#5885);
#5883 = CARTESIAN_POINT('',(6.25,18.75,0.));
#5884 = DIRECTION('',(-1.,0.,0.));
#5885 = DIRECTION('',(0.,0.,1.));
#5886 = DEFINITIONAL_REPRESENTATION('',(#5887),#5891);
#5887 = LINE('',#5888,#5889);
#5888 = CARTESIAN_POINT('',(0.,0.));
#5889 = VECTOR('',#5890,1.);
#5890 = DIRECTION('',(0.,-1.));
#5891 = ( GEOMETRIC_REPRESENTATION_CONTEXT(2) 
PARAMETRIC_REPRESENTATION_CONTEXT() REPRESENTATION_CONTEXT('2D SPACE',''
  ) );
#5892 = ORIENTED_EDGE('',*,*,#5893,.F.);
#5893 = EDGE_CURVE('',#5810,#5866,#5894,.T.);
#5894 = SURFACE_CURVE('',#5895,(#5899,#5906),.PCURVE_S1.);
#5895 = LINE('',#5896,#5897);
#5896 = CARTESIAN_POINT('',(-6.25,12.5,0.));
#5897 = VECTOR('',#5898,1.);
#5898 = DIRECTION('',(1.,0.,0.));
#5899 = PCURVE('',#5736,#5900);
#5900 = DEFINITIONAL_REPRESENTATION('',(#5901),#5905);
#5901 = LINE('',#5902,#5903);
#5902 = CARTESIAN_POINT('',(-6.25,12.5));
#5903 = VECTOR('',#5904,1.);
#5904 = DIRECTION('',(1.,0.));
#5905 = ( GEOMETRIC_REPRESENTATION_CONTEXT(2) 
PARAMETRIC_REPRESENTATION_CONTEXT() REPRESENTATION_CONTEXT('2D SPACE',''
  ) );
#5906 = PCURVE('',#5907,#5912);
#5907 = PLANE('',#5908);
#5908 = AXIS2_PLACEMENT_3D('',#5909,#5910,#5911);
#5909 = CARTESIAN_POINT('',(0.,12.5,500.));
#5910 = DIRECTION('',(-0.,-1.,-0.));
#5911 = DIRECTION('',(0.,0.,-1.));
#5912 = DEFINITIONAL_REPRESENTATION('',(#5913),#5917);
#5913 = LINE('',#5914,#5915);
#5914 = CARTESIAN_POINT('',(500.,-6.25));
#5915 = VECTOR('',#5916,1.);
#5916 = DIRECTION('',(0.,1.));
#5917 = ( GEOMETRIC_REPRESENTATION_CONTEXT(2) 
PARAMETRIC_REPRESENTATION_CONTEXT() REPRESENTATION_CONTEXT('2D SPACE',''
  ) );
#5918 = ADVANCED_FACE('',(#5919,#5922),#5789,.T.);
#5919 = FACE_BOUND('',#5920,.T.);
#5920 = EDGE_LOOP('',(#5921));
#5921 = ORIENTED_EDGE('',*,*,#5774,.T.);
#5922 = FACE_BOUND('',#5923,.T.);
#5923 = EDGE_LOOP('',(#5924,#5949,#5972,#5995));
#5924 = ORIENTED_EDGE('',*,*,#5925,.F.);
#5925 = EDGE_CURVE('',#5926,#5928,#5930,.T.);
#5926 = VERTEX_POINT('',#5927);
#5927 = CARTESIAN_POINT('',(6.25,18.75,1.E+03));
#5928 = VERTEX_POINT('',#5929);
#5929 = CARTESIAN_POINT('',(-6.25,18.75,1.E+03));
#5930 = SURFACE_CURVE('',#5931,(#5935,#5942),.PCURVE_S1.);
#5931 = LINE('',#5932,#5933);
#5932 = CARTESIAN_POINT('',(6.25,18.75,1.E+03));
#5933 = VECTOR('',#5934,1.);
#5934 = DIRECTION('',(-1.,0.,0.));
#5935 = PCURVE('',#5789,#5936);
#5936 = DEFINITIONAL_REPRESENTATION('',(#5937),#5941);
#5937 = LINE('',#5938,#5939);
#5938 = CARTESIAN_POINT('',(6.25,18.75));
#5939 = VECTOR('',#5940,1.);
#5940 = DIRECTION('',(-1.,0.));
#5941 = ( GEOMETRIC_REPRESENTATION_CONTEXT(2) 
PARAMETRIC_REPRESENTATION_CONTEXT() REPRESENTATION_CONTEXT('2D SPACE',''
  ) );
#5942 = PCURVE('',#5853,#5943);
#5943 = DEFINITIONAL_REPRESENTATION('',(#5944),#5948);
#5944 = LINE('',#5945,#5946);
#5945 = CARTESIAN_POINT('',(-500.,6.25));
#5946 = VECTOR('',#5947,1.);
#5947 = DIRECTION('',(0.,-1.));
#5948 = ( GEOMETRIC_REPRESENTATION_CONTEXT(2) 
PARAMETRIC_REPRESENTATION_CONTEXT() REPRESENTATION_CONTEXT('2D SPACE',''
  ) );
#5949 = ORIENTED_EDGE('',*,*,#5950,.T.);
#5950 = EDGE_CURVE('',#5926,#5951,#5953,.T.);
#5951 = VERTEX_POINT('',#5952);
#5952 = CARTESIAN_POINT('',(6.25,12.5,1.E+03));
#5953 = SURFACE_CURVE('',#5954,(#5958,#5965),.PCURVE_S1.);
#5954 = LINE('',#5955,#5956);
#5955 = CARTESIAN_POINT('',(6.25,18.75,1.E+03));
#5956 = VECTOR('',#5957,1.);
#5957 = DIRECTION('',(0.,-1.,0.));
#5958 = PCURVE('',#5789,#5959);
#5959 = DEFINITIONAL_REPRESENTATION('',(#5960),#5964);
#5960 = LINE('',#5961,#5962);
#5961 = CARTESIAN_POINT('',(6.25,18.75));
#5962 = VECTOR('',#5963,1.);
#5963 = DIRECTION('',(0.,-1.));
#5964 = ( GEOMETRIC_REPRESENTATION_CONTEXT(2) 
PARAMETRIC_REPRESENTATION_CONTEXT() REPRESENTATION_CONTEXT('2D SPACE',''
  ) );
#5965 = PCURVE('',#5881,#5966);
#5966 = DEFINITIONAL_REPRESENTATION('',(#5967),#5971);
#5967 = LINE('',#5968,#5969);
#5968 = CARTESIAN_POINT('',(1.E+03,0.));
#5969 = VECTOR('',#5970,1.);
#5970 = DIRECTION('',(0.,-1.));
#5971 = ( GEOMETRIC_REPRESENTATION_CONTEXT(2) 
PARAMETRIC_REPRESENTATION_CONTEXT() REPRESENTATION_CONTEXT('2D SPACE',''
  ) );
#5972 = ORIENTED_EDGE('',*,*,#5973,.T.);
#5973 = EDGE_CURVE('',#5951,#5974,#5976,.T.);
#5974 = VERTEX_POINT('',#5975);
#5975 = CARTESIAN_POINT('',(-6.25,12.5,1.E+03));
#5976 = SURFACE_CURVE('',#5977,(#5981,#5988),.PCURVE_S1.);
#5977 = LINE('',#5978,#5979);
#5978 = CARTESIAN_POINT('',(6.25,12.5,1.E+03));
#5979 = VECTOR('',#5980,1.);
#5980 = DIRECTION('',(-1.,0.,0.));
#5981 = PCURVE('',#5789,#5982);
#5982 = DEFINITIONAL_REPRESENTATION('',(#5983),#5987);
#5983 = LINE('',#5984,#5985);
#5984 = CARTESIAN_POINT('',(6.25,12.5));
#5985 = VECTOR('',#5986,1.);
#5986 = DIRECTION('',(-1.,0.));
#5987 = ( GEOMETRIC_REPRESENTATION_CONTEXT(2) 
PARAMETRIC_REPRESENTATION_CONTEXT() REPRESENTATION_CONTEXT('2D SPACE',''
  ) );
#5988 = PCURVE('',#5907,#5989);
#5989 = DEFINITIONAL_REPRESENTATION('',(#5990),#5994);
#5990 = LINE('',#5991,#5992);
#5991 = CARTESIAN_POINT('',(-500.,6.25));
#5992 = VECTOR('',#5993,1.);
#5993 = DIRECTION('',(0.,-1.));
#5994 = ( GEOMETRIC_REPRESENTATION_CONTEXT(2) 
PARAMETRIC_REPRESENTATION_CONTEXT() REPRESENTATION_CONTEXT('2D SPACE',''
  ) );
#5995 = ORIENTED_EDGE('',*,*,#5996,.F.);
#5996 = EDGE_CURVE('',#5928,#5974,#5997,.T.);
#5997 = SURFACE_CURVE('',#5998,(#6002,#6009),.PCURVE_S1.);
#5998 = LINE('',#5999,#6000);
#5999 = CARTESIAN_POINT('',(-6.25,18.75,1.E+03));
#6000 = VECTOR('',#6001,1.);
#6001 = DIRECTION('',(0.,-1.,0.));
#6002 = PCURVE('',#5789,#6003);
#6003 = DEFINITIONAL_REPRESENTATION('',(#6004),#6008);
#6004 = LINE('',#6005,#6006);
#6005 = CARTESIAN_POINT('',(-6.25,18.75));
#6006 = VECTOR('',#6007,1.);
#6007 = DIRECTION('',(0.,-1.));
#6008 = ( GEOMETRIC_REPRESENTATION_CONTEXT(2) 
PARAMETRIC_REPRESENTATION_CONTEXT() REPRESENTATION_CONTEXT('2D SPACE',''
  ) );
#6009 = PCURVE('',#5825,#6010);
#6010 = DEFINITIONAL_REPRESENTATION('',(#6011),#6015);
#6011 = LINE('',#6012,#6013);
#6012 = CARTESIAN_POINT('',(0.,0.));
#6013 = VECTOR('',#6014,1.);
#6014 = DIRECTION('',(0.,-1.));
#6015 = ( GEOMETRIC_REPRESENTATION_CONTEXT(2) 
PARAMETRIC_REPRESENTATION_CONTEXT() REPRESENTATION_CONTEXT('2D SPACE',''
  ) );
#6016 = ADVANCED_FACE('',(#6017),#5825,.T.);
#6017 = FACE_BOUND('',#6018,.T.);
#6018 = EDGE_LOOP('',(#6019,#6020,#6041,#6042));
#6019 = ORIENTED_EDGE('',*,*,#5996,.T.);
#6020 = ORIENTED_EDGE('',*,*,#6021,.T.);
#6021 = EDGE_CURVE('',#5974,#5810,#6022,.T.);
#6022 = SURFACE_CURVE('',#6023,(#6027,#6034),.PCURVE_S1.);
#6023 = LINE('',#6024,#6025);
#6024 = CARTESIAN_POINT('',(-6.25,12.5,1.E+03));
#6025 = VECTOR('',#6026,1.);
#6026 = DIRECTION('',(0.,0.,-1.));
#6027 = PCURVE('',#5825,#6028);
#6028 = DEFINITIONAL_REPRESENTATION('',(#6029),#6033);
#6029 = LINE('',#6030,#6031);
#6030 = CARTESIAN_POINT('',(0.,-6.25));
#6031 = VECTOR('',#6032,1.);
#6032 = DIRECTION('',(1.,0.));
#6033 = ( GEOMETRIC_REPRESENTATION_CONTEXT(2) 
PARAMETRIC_REPRESENTATION_CONTEXT() REPRESENTATION_CONTEXT('2D SPACE',''
  ) );
#6034 = PCURVE('',#5907,#6035);
#6035 = DEFINITIONAL_REPRESENTATION('',(#6036),#6040);
#6036 = LINE('',#6037,#6038);
#6037 = CARTESIAN_POINT('',(-500.,-6.25));
#6038 = VECTOR('',#6039,1.);
#6039 = DIRECTION('',(1.,0.));
#6040 = ( GEOMETRIC_REPRESENTATION_CONTEXT(2) 
PARAMETRIC_REPRESENTATION_CONTEXT() REPRESENTATION_CONTEXT('2D SPACE',''
  ) );
#6041 = ORIENTED_EDGE('',*,*,#5807,.F.);
#6042 = ORIENTED_EDGE('',*,*,#6043,.F.);
#6043 = EDGE_CURVE('',#5928,#5808,#6044,.T.);
#6044 = SURFACE_CURVE('',#6045,(#6049,#6056),.PCURVE_S1.);
#6045 = LINE('',#6046,#6047);
#6046 = CARTESIAN_POINT('',(-6.25,18.75,1.E+03));
#6047 = VECTOR('',#6048,1.);
#6048 = DIRECTION('',(0.,0.,-1.));
#6049 = PCURVE('',#5825,#6050);
#6050 = DEFINITIONAL_REPRESENTATION('',(#6051),#6055);
#6051 = LINE('',#6052,#6053);
#6052 = CARTESIAN_POINT('',(0.,0.));
#6053 = VECTOR('',#6054,1.);
#6054 = DIRECTION('',(1.,0.));
#6055 = ( GEOMETRIC_REPRESENTATION_CONTEXT(2) 
PARAMETRIC_REPRESENTATION_CONTEXT() REPRESENTATION_CONTEXT('2D SPACE',''
  ) );
#6056 = PCURVE('',#5853,#6057);
#6057 = DEFINITIONAL_REPRESENTATION('',(#6058),#6062);
#6058 = LINE('',#6059,#6060);
#6059 = CARTESIAN_POINT('',(-500.,-6.25));
#6060 = VECTOR('',#6061,1.);
#6061 = DIRECTION('',(1.,0.));
#6062 = ( GEOMETRIC_REPRESENTATION_CONTEXT(2) 
PARAMETRIC_REPRESENTATION_CONTEXT() REPRESENTATION_CONTEXT('2D SPACE',''
  ) );
#6063 = ADVANCED_FACE('',(#6064),#5907,.F.);
#6064 = FACE_BOUND('',#6065,.F.);
#6065 = EDGE_LOOP('',(#6066,#6067,#6088,#6089));
#6066 = ORIENTED_EDGE('',*,*,#5893,.T.);
#6067 = ORIENTED_EDGE('',*,*,#6068,.T.);
#6068 = EDGE_CURVE('',#5866,#5951,#6069,.T.);
#6069 = SURFACE_CURVE('',#6070,(#6074,#6081),.PCURVE_S1.);
#6070 = LINE('',#6071,#6072);
#6071 = CARTESIAN_POINT('',(6.25,12.5,0.));
#6072 = VECTOR('',#6073,1.);
#6073 = DIRECTION('',(0.,0.,1.));
#6074 = PCURVE('',#5907,#6075);
#6075 = DEFINITIONAL_REPRESENTATION('',(#6076),#6080);
#6076 = LINE('',#6077,#6078);
#6077 = CARTESIAN_POINT('',(500.,6.25));
#6078 = VECTOR('',#6079,1.);
#6079 = DIRECTION('',(-1.,0.));
#6080 = ( GEOMETRIC_REPRESENTATION_CONTEXT(2) 
PARAMETRIC_REPRESENTATION_CONTEXT() REPRESENTATION_CONTEXT('2D SPACE',''
  ) );
#6081 = PCURVE('',#5881,#6082);
#6082 = DEFINITIONAL_REPRESENTATION('',(#6083),#6087);
#6083 = LINE('',#6084,#6085);
#6084 = CARTESIAN_POINT('',(0.,-6.25));
#6085 = VECTOR('',#6086,1.);
#6086 = DIRECTION('',(1.,0.));
#6087 = ( GEOMETRIC_REPRESENTATION_CONTEXT(2) 
PARAMETRIC_REPRESENTATION_CONTEXT() REPRESENTATION_CONTEXT('2D SPACE',''
  ) );
#6088 = ORIENTED_EDGE('',*,*,#5973,.T.);
#6089 = ORIENTED_EDGE('',*,*,#6021,.T.);
#6090 = ADVANCED_FACE('',(#6091),#5881,.T.);
#6091 = FACE_BOUND('',#6092,.T.);
#6092 = EDGE_LOOP('',(#6093,#6094,#6095,#6096));
#6093 = ORIENTED_EDGE('',*,*,#5865,.T.);
#6094 = ORIENTED_EDGE('',*,*,#6068,.T.);
#6095 = ORIENTED_EDGE('',*,*,#5950,.F.);
#6096 = ORIENTED_EDGE('',*,*,#6097,.F.);
#6097 = EDGE_CURVE('',#5838,#5926,#6098,.T.);
#6098 = SURFACE_CURVE('',#6099,(#6103,#6110),.PCURVE_S1.);
#6099 = LINE('',#6100,#6101);
#6100 = CARTESIAN_POINT('',(6.25,18.75,0.));
#6101 = VECTOR('',#6102,1.);
#6102 = DIRECTION('',(0.,0.,1.));
#6103 = PCURVE('',#5881,#6104);
#6104 = DEFINITIONAL_REPRESENTATION('',(#6105),#6109);
#6105 = LINE('',#6106,#6107);
#6106 = CARTESIAN_POINT('',(0.,0.));
#6107 = VECTOR('',#6108,1.);
#6108 = DIRECTION('',(1.,0.));
#6109 = ( GEOMETRIC_REPRESENTATION_CONTEXT(2) 
PARAMETRIC_REPRESENTATION_CONTEXT() REPRESENTATION_CONTEXT('2D SPACE',''
  ) );
#6110 = PCURVE('',#5853,#6111);
#6111 = DEFINITIONAL_REPRESENTATION('',(#6112),#6116);
#6112 = LINE('',#6113,#6114);
#6113 = CARTESIAN_POINT('',(500.,6.25));
#6114 = VECTOR('',#6115,1.);
#6115 = DIRECTION('',(-1.,0.));
#6116 = ( GEOMETRIC_REPRESENTATION_CONTEXT(2) 
PARAMETRIC_REPRESENTATION_CONTEXT() REPRESENTATION_CONTEXT('2D SPACE',''
  ) );
#6117 = ADVANCED_FACE('',(#6118),#5853,.T.);
#6118 = FACE_BOUND('',#6119,.T.);
#6119 = EDGE_LOOP('',(#6120,#6121,#6122,#6123));
#6120 = ORIENTED_EDGE('',*,*,#5837,.T.);
#6121 = ORIENTED_EDGE('',*,*,#6097,.T.);
#6122 = ORIENTED_EDGE('',*,*,#5925,.T.);
#6123 = ORIENTED_EDGE('',*,*,#6043,.T.);
#6124 = ( GEOMETRIC_REPRESENTATION_CONTEXT(3) 
GLOBAL_UNCERTAINTY_ASSIGNED_CONTEXT((#6128)) 
GLOBAL_UNIT_ASSIGNED_CONTEXT((#6125,#6126,#6127)) REPRESENTATION_CONTEXT
('Context #1','3D Context with UNIT and UNCERTAINTY') );
#6125 = ( LENGTH_UNIT() NAMED_UNIT(*) SI_UNIT(.MILLI.,.METRE.) );
#6126 = ( NAMED_UNIT(*) PLANE_ANGLE_UNIT() SI_UNIT($,.RADIAN.) );
#6127 = ( NAMED_UNIT(*) SI_UNIT($,.STERADIAN.) SOLID_ANGLE_UNIT() );
#6128 = UNCERTAINTY_MEASURE_WITH_UNIT(LENGTH_MEASURE(1.E-07),#6125,
  'distance_accuracy_value','confusion accuracy');
#6129 = SHAPE_DEFINITION_REPRESENTATION(#6130,#5656);
#6130 = PRODUCT_DEFINITION_SHAPE('','',#6131);
#6131 = PRODUCT_DEFINITION('design','',#6132,#6135);
#6132 = PRODUCT_DEFINITION_FORMATION('','',#6133);
#6133 = PRODUCT('Open CASCADE STEP translator 7.5 20.3',
  'Open CASCADE STEP translator 7.5 20.3','',(#6134));
#6134 = PRODUCT_CONTEXT('',#2,'mechanical');
#6135 = PRODUCT_DEFINITION_CONTEXT('part definition',#2,'design');
#6136 = CONTEXT_DEPENDENT_SHAPE_REPRESENTATION(#6137,#6139);
#6137 = ( REPRESENTATION_RELATIONSHIP('','',#5656,#10) 
REPRESENTATION_RELATIONSHIP_WITH_TRANSFORMATION(#6138) 
SHAPE_REPRESENTATION_RELATIONSHIP() );
#6138 = ITEM_DEFINED_TRANSFORMATION('','',#11,#23);
#6139 = PRODUCT_DEFINITION_SHAPE('Placement','Placement of an item',
  #6140);
#6140 = NEXT_ASSEMBLY_USAGE_OCCURRENCE('41','','',#5,#6131,$);
#6141 = PRODUCT_RELATED_PRODUCT_CATEGORY('part',$,(#6133));
ENDSEC;
END-ISO-10303-21;
