solid 
 facet normal  9.996892e-01  2.493069e-02  0.000000e+00
   outer loop
     vertex  7.490677e+00  3.738441e-01  0.000000e+00
     vertex  7.500000e+00  0.000000e+00  9.925000e+01
     vertex  7.500000e+00  0.000000e+00  0.000000e+00
   endloop
 endfacet
 facet normal  9.996892e-01  2.493069e-02 -0.000000e+00
   outer loop
     vertex  7.490677e+00  3.738441e-01  0.000000e+00
     vertex  7.490677e+00  3.738441e-01  9.925000e+01
     vertex  7.500000e+00  0.000000e+00  9.925000e+01
   endloop
 endfacet
 facet normal  9.972038e-01  7.473009e-02 -0.000000e+00
   outer loop
     vertex  7.462731e+00  7.467588e-01  0.000000e+00
     vertex  7.462731e+00  7.467588e-01  9.925000e+01
     vertex  7.490677e+00  3.738441e-01  9.925000e+01
   endloop
 endfacet
 facet normal  9.972038e-01  7.473009e-02  0.000000e+00
   outer loop
     vertex  7.462731e+00  7.467588e-01  0.000000e+00
     vertex  7.490677e+00  3.738441e-01  9.925000e+01
     vertex  7.490677e+00  3.738441e-01  0.000000e+00
   endloop
 endfacet
 facet normal  9.922392e-01  1.243437e-01 -0.000000e+00
   outer loop
     vertex  7.416231e+00  1.117817e+00  0.000000e+00
     vertex  7.416231e+00  1.117817e+00  9.925000e+01
     vertex  7.462731e+00  7.467588e-01  9.925000e+01
   endloop
 endfacet
 facet normal  9.922392e-01  1.243437e-01  0.000000e+00
   outer loop
     vertex  7.416231e+00  1.117817e+00  0.000000e+00
     vertex  7.462731e+00  7.467588e-01  9.925000e+01
     vertex  7.462731e+00  7.467588e-01  0.000000e+00
   endloop
 endfacet
 facet normal  9.848078e-01  1.736482e-01 -0.000000e+00
   outer loop
     vertex  7.351294e+00  1.486096e+00  0.000000e+00
     vertex  7.351294e+00  1.486096e+00  9.925000e+01
     vertex  7.416231e+00  1.117817e+00  9.925000e+01
   endloop
 endfacet
 facet normal  9.749279e-01  2.225209e-01 -0.000000e+00
   outer loop
     vertex  7.351294e+00  1.486096e+00  0.000000e+00
     vertex  7.268080e+00  1.850680e+00  9.925000e+01
     vertex  7.351294e+00  1.486096e+00  9.925000e+01
   endloop
 endfacet
 facet normal  9.848078e-01  1.736482e-01  0.000000e+00
   outer loop
     vertex  7.351294e+00  1.486096e+00  0.000000e+00
     vertex  7.416231e+00  1.117817e+00  9.925000e+01
     vertex  7.416231e+00  1.117817e+00  0.000000e+00
   endloop
 endfacet
 facet normal  9.749279e-01  2.225209e-01 -0.000000e+00
   outer loop
     vertex  7.268080e+00  1.850680e+00  0.000000e+00
     vertex  7.268080e+00  1.850680e+00  9.925000e+01
     vertex  7.351294e+00  1.486096e+00  0.000000e+00
   endloop
 endfacet
 facet normal  9.626242e-01  2.708405e-01 -0.000000e+00
   outer loop
     vertex  7.166796e+00  2.210664e+00  0.000000e+00
     vertex  7.166796e+00  2.210664e+00  9.925000e+01
     vertex  7.268080e+00  1.850680e+00  9.925000e+01
   endloop
 endfacet
 facet normal  9.626242e-01  2.708405e-01  0.000000e+00
   outer loop
     vertex  7.166796e+00  2.210664e+00  0.000000e+00
     vertex  7.268080e+00  1.850680e+00  9.925000e+01
     vertex  7.268080e+00  1.850680e+00  0.000000e+00
   endloop
 endfacet
 facet normal  9.479273e-01  3.184867e-01 -0.000000e+00
   outer loop
     vertex  7.047695e+00  2.565151e+00  0.000000e+00
     vertex  7.047695e+00  2.565151e+00  9.925000e+01
     vertex  7.166796e+00  2.210664e+00  9.925000e+01
   endloop
 endfacet
 facet normal  9.308737e-01  3.653410e-01 -0.000000e+00
   outer loop
     vertex  7.047695e+00  2.565151e+00  0.000000e+00
     vertex  6.911072e+00  2.913261e+00  9.925000e+01
     vertex  7.047695e+00  2.565151e+00  9.925000e+01
   endloop
 endfacet
 facet normal  9.479273e-01  3.184867e-01  0.000000e+00
   outer loop
     vertex  7.047695e+00  2.565151e+00  0.000000e+00
     vertex  7.166796e+00  2.210664e+00  9.925000e+01
     vertex  7.166796e+00  2.210664e+00  0.000000e+00
   endloop
 endfacet
 facet normal  9.308737e-01  3.653410e-01 -0.000000e+00
   outer loop
     vertex  6.911072e+00  2.913261e+00  0.000000e+00
     vertex  6.911072e+00  2.913261e+00  9.925000e+01
     vertex  7.047695e+00  2.565151e+00  0.000000e+00
   endloop
 endfacet
 facet normal  9.115059e-01  4.112871e-01 -0.000000e+00
   outer loop
     vertex  6.757267e+00  3.254128e+00  0.000000e+00
     vertex  6.757267e+00  3.254128e+00  9.925000e+01
     vertex  6.911072e+00  2.913261e+00  9.925000e+01
   endloop
 endfacet
 facet normal  8.898718e-01  4.562107e-01 -0.000000e+00
   outer loop
     vertex  6.757267e+00  3.254128e+00  0.000000e+00
     vertex  6.586662e+00  3.586905e+00  9.925000e+01
     vertex  6.757267e+00  3.254128e+00  9.925000e+01
   endloop
 endfacet
 facet normal  9.115059e-01  4.112871e-01  0.000000e+00
   outer loop
     vertex  6.757267e+00  3.254128e+00  0.000000e+00
     vertex  6.911072e+00  2.913261e+00  9.925000e+01
     vertex  6.911072e+00  2.913261e+00  0.000000e+00
   endloop
 endfacet
 facet normal  8.898718e-01  4.562107e-01 -0.000000e+00
   outer loop
     vertex  6.586662e+00  3.586905e+00  0.000000e+00
     vertex  6.586662e+00  3.586905e+00  9.925000e+01
     vertex  6.757267e+00  3.254128e+00  0.000000e+00
   endloop
 endfacet
 facet normal  8.660254e-01  5.000000e-01  0.000000e+00
   outer loop
     vertex  6.399682e+00  3.910764e+00  0.000000e+00
     vertex  6.586662e+00  3.586905e+00  9.925000e+01
     vertex  6.586662e+00  3.586905e+00  0.000000e+00
   endloop
 endfacet
 facet normal  8.660254e-01  5.000000e-01 -0.000000e+00
   outer loop
     vertex  6.399682e+00  3.910764e+00  0.000000e+00
     vertex  6.399682e+00  3.910764e+00  9.925000e+01
     vertex  6.586662e+00  3.586905e+00  9.925000e+01
   endloop
 endfacet
 facet normal  8.400259e-01  5.425463e-01  0.000000e+00
   outer loop
     vertex  6.196791e+00  4.224900e+00  0.000000e+00
     vertex  6.399682e+00  3.910764e+00  9.925000e+01
     vertex  6.399682e+00  3.910764e+00  0.000000e+00
   endloop
 endfacet
 facet normal  8.400259e-01  5.425463e-01 -0.000000e+00
   outer loop
     vertex  6.196791e+00  4.224900e+00  0.000000e+00
     vertex  6.196791e+00  4.224900e+00  9.925000e+01
     vertex  6.399682e+00  3.910764e+00  9.925000e+01
   endloop
 endfacet
 facet normal  8.119380e-01  5.837437e-01  0.000000e+00
   outer loop
     vertex  5.978494e+00  4.528533e+00  0.000000e+00
     vertex  6.196791e+00  4.224900e+00  9.925000e+01
     vertex  6.196791e+00  4.224900e+00  0.000000e+00
   endloop
 endfacet
 facet normal  8.119380e-01  5.837437e-01 -0.000000e+00
   outer loop
     vertex  5.978494e+00  4.528533e+00  0.000000e+00
     vertex  5.978494e+00  4.528533e+00  9.925000e+01
     vertex  6.196791e+00  4.224900e+00  9.925000e+01
   endloop
 endfacet
 facet normal  7.818315e-01  6.234898e-01 -0.000000e+00
   outer loop
     vertex  5.978494e+00  4.528533e+00  0.000000e+00
     vertex  5.745333e+00  4.820907e+00  9.925000e+01
     vertex  5.978494e+00  4.528533e+00  9.925000e+01
   endloop
 endfacet
 facet normal  7.818315e-01  6.234898e-01 -0.000000e+00
   outer loop
     vertex  5.745333e+00  4.820907e+00  0.000000e+00
     vertex  5.745333e+00  4.820907e+00  9.925000e+01
     vertex  5.978494e+00  4.528533e+00  0.000000e+00
   endloop
 endfacet
 facet normal  7.497812e-01  6.616858e-01 -0.000000e+00
   outer loop
     vertex  5.497889e+00  5.101296e+00  0.000000e+00
     vertex  5.497889e+00  5.101296e+00  9.925000e+01
     vertex  5.745333e+00  4.820907e+00  9.925000e+01
   endloop
 endfacet
 facet normal  7.497812e-01  6.616858e-01  0.000000e+00
   outer loop
     vertex  5.497889e+00  5.101296e+00  0.000000e+00
     vertex  5.745333e+00  4.820907e+00  9.925000e+01
     vertex  5.745333e+00  4.820907e+00  0.000000e+00
   endloop
 endfacet
 facet normal  7.158668e-01  6.982368e-01 -0.000000e+00
   outer loop
     vertex  5.236776e+00  5.369001e+00  0.000000e+00
     vertex  5.236776e+00  5.369001e+00  9.925000e+01
     vertex  5.497889e+00  5.101296e+00  9.925000e+01
   endloop
 endfacet
 facet normal  7.158668e-01  6.982368e-01  0.000000e+00
   outer loop
     vertex  5.236776e+00  5.369001e+00  0.000000e+00
     vertex  5.497889e+00  5.101296e+00  9.925000e+01
     vertex  5.497889e+00  5.101296e+00  0.000000e+00
   endloop
 endfacet
 facet normal  6.801727e-01  7.330519e-01 -0.000000e+00
   outer loop
     vertex  4.962644e+00  5.623359e+00  0.000000e+00
     vertex  4.962644e+00  5.623359e+00  9.925000e+01
     vertex  5.236776e+00  5.369001e+00  9.925000e+01
   endloop
 endfacet
 facet normal  6.801727e-01  7.330519e-01  0.000000e+00
   outer loop
     vertex  4.962644e+00  5.623359e+00  0.000000e+00
     vertex  5.236776e+00  5.369001e+00  9.925000e+01
     vertex  5.236776e+00  5.369001e+00  0.000000e+00
   endloop
 endfacet
 facet normal  6.427876e-01  7.660444e-01 -0.000000e+00
   outer loop
     vertex  4.676174e+00  5.863736e+00  0.000000e+00
     vertex  4.676174e+00  5.863736e+00  9.925000e+01
     vertex  4.962644e+00  5.623359e+00  9.925000e+01
   endloop
 endfacet
 facet normal  6.427876e-01  7.660444e-01  0.000000e+00
   outer loop
     vertex  4.676174e+00  5.863736e+00  0.000000e+00
     vertex  4.962644e+00  5.623359e+00  9.925000e+01
     vertex  4.962644e+00  5.623359e+00  0.000000e+00
   endloop
 endfacet
 facet normal  6.038044e-01  7.971325e-01 -0.000000e+00
   outer loop
     vertex  4.378078e+00  6.089535e+00  0.000000e+00
     vertex  4.378078e+00  6.089535e+00  9.925000e+01
     vertex  4.676174e+00  5.863736e+00  9.925000e+01
   endloop
 endfacet
 facet normal  6.038044e-01  7.971325e-01  0.000000e+00
   outer loop
     vertex  4.378078e+00  6.089535e+00  0.000000e+00
     vertex  4.676174e+00  5.863736e+00  9.925000e+01
     vertex  4.676174e+00  5.863736e+00  0.000000e+00
   endloop
 endfacet
 facet normal  5.633201e-01  8.262388e-01 -0.000000e+00
   outer loop
     vertex  4.069097e+00  6.300194e+00  0.000000e+00
     vertex  4.069097e+00  6.300194e+00  9.925000e+01
     vertex  4.378078e+00  6.089535e+00  9.925000e+01
   endloop
 endfacet
 facet normal  5.214352e-01  8.532909e-01 -0.000000e+00
   outer loop
     vertex  4.069097e+00  6.300194e+00  0.000000e+00
     vertex  3.750000e+00  6.495191e+00  9.925000e+01
     vertex  4.069097e+00  6.300194e+00  9.925000e+01
   endloop
 endfacet
 facet normal  5.633201e-01  8.262388e-01  0.000000e+00
   outer loop
     vertex  4.069097e+00  6.300194e+00  0.000000e+00
     vertex  4.378078e+00  6.089535e+00  9.925000e+01
     vertex  4.378078e+00  6.089535e+00  0.000000e+00
   endloop
 endfacet
 facet normal  5.214352e-01  8.532909e-01 -0.000000e+00
   outer loop
     vertex  3.750000e+00  6.495191e+00  0.000000e+00
     vertex  3.750000e+00  6.495191e+00  9.925000e+01
     vertex  4.069097e+00  6.300194e+00  0.000000e+00
   endloop
 endfacet
 facet normal  4.782540e-01  8.782216e-01 -0.000000e+00
   outer loop
     vertex  3.421580e+00  6.674039e+00  0.000000e+00
     vertex  3.421580e+00  6.674039e+00  9.925000e+01
     vertex  3.750000e+00  6.495191e+00  9.925000e+01
   endloop
 endfacet
 facet normal  4.782540e-01  8.782216e-01  0.000000e+00
   outer loop
     vertex  3.421580e+00  6.674039e+00  0.000000e+00
     vertex  3.750000e+00  6.495191e+00  9.925000e+01
     vertex  3.750000e+00  6.495191e+00  0.000000e+00
   endloop
 endfacet
 facet normal  4.338837e-01  9.009689e-01 -0.000000e+00
   outer loop
     vertex  3.084653e+00  6.836294e+00  0.000000e+00
     vertex  3.084653e+00  6.836294e+00  9.925000e+01
     vertex  3.421580e+00  6.674039e+00  9.925000e+01
   endloop
 endfacet
 facet normal  4.338837e-01  9.009689e-01  0.000000e+00
   outer loop
     vertex  3.084653e+00  6.836294e+00  0.000000e+00
     vertex  3.421580e+00  6.674039e+00  9.925000e+01
     vertex  3.421580e+00  6.674039e+00  0.000000e+00
   endloop
 endfacet
 facet normal  3.884348e-01  9.214762e-01 -0.000000e+00
   outer loop
     vertex  2.740058e+00  6.981553e+00  0.000000e+00
     vertex  2.740058e+00  6.981553e+00  9.925000e+01
     vertex  3.084653e+00  6.836294e+00  9.925000e+01
   endloop
 endfacet
 facet normal  3.884348e-01  9.214762e-01  0.000000e+00
   outer loop
     vertex  2.740058e+00  6.981553e+00  0.000000e+00
     vertex  3.084653e+00  6.836294e+00  9.925000e+01
     vertex  3.084653e+00  6.836294e+00  0.000000e+00
   endloop
 endfacet
 facet normal  3.420201e-01  9.396926e-01 -0.000000e+00
   outer loop
     vertex  2.388650e+00  7.109455e+00  0.000000e+00
     vertex  2.388650e+00  7.109455e+00  9.925000e+01
     vertex  2.740058e+00  6.981553e+00  9.925000e+01
   endloop
 endfacet
 facet normal  2.947552e-01  9.555728e-01 -0.000000e+00
   outer loop
     vertex  2.388650e+00  7.109455e+00  0.000000e+00
     vertex  2.031304e+00  7.219682e+00  9.925000e+01
     vertex  2.388650e+00  7.109455e+00  9.925000e+01
   endloop
 endfacet
 facet normal  3.420201e-01  9.396926e-01  0.000000e+00
   outer loop
     vertex  2.388650e+00  7.109455e+00  0.000000e+00
     vertex  2.740058e+00  6.981553e+00  9.925000e+01
     vertex  2.740058e+00  6.981553e+00  0.000000e+00
   endloop
 endfacet
 facet normal  2.947552e-01  9.555728e-01 -0.000000e+00
   outer loop
     vertex  2.031304e+00  7.219682e+00  0.000000e+00
     vertex  2.031304e+00  7.219682e+00  9.925000e+01
     vertex  2.388650e+00  7.109455e+00  0.000000e+00
   endloop
 endfacet
 facet normal  2.467574e-01  9.690773e-01 -0.000000e+00
   outer loop
     vertex  1.668907e+00  7.311959e+00  0.000000e+00
     vertex  1.668907e+00  7.311959e+00  9.925000e+01
     vertex  2.031304e+00  7.219682e+00  9.925000e+01
   endloop
 endfacet
 facet normal  1.981461e-01  9.801725e-01 -0.000000e+00
   outer loop
     vertex  1.668907e+00  7.311959e+00  0.000000e+00
     vertex  1.302361e+00  7.386058e+00  9.925000e+01
     vertex  1.668907e+00  7.311959e+00  9.925000e+01
   endloop
 endfacet
 facet normal  2.467574e-01  9.690773e-01  0.000000e+00
   outer loop
     vertex  1.668907e+00  7.311959e+00  0.000000e+00
     vertex  2.031304e+00  7.219682e+00  9.925000e+01
     vertex  2.031304e+00  7.219682e+00  0.000000e+00
   endloop
 endfacet
 facet normal  1.490423e-01  9.888308e-01 -0.000000e+00
   outer loop
     vertex  1.302361e+00  7.386058e+00  0.000000e+00
     vertex  9.325778e-01  7.441794e+00  9.925000e+01
     vertex  1.302361e+00  7.386058e+00  9.925000e+01
   endloop
 endfacet
 facet normal  1.981461e-01  9.801725e-01 -0.000000e+00
   outer loop
     vertex  1.302361e+00  7.386058e+00  0.000000e+00
     vertex  1.302361e+00  7.386058e+00  9.925000e+01
     vertex  1.668907e+00  7.311959e+00  0.000000e+00
   endloop
 endfacet
 facet normal  1.490423e-01  9.888308e-01 -0.000000e+00
   outer loop
     vertex  9.325778e-01  7.441794e+00  0.000000e+00
     vertex  9.325778e-01  7.441794e+00  9.925000e+01
     vertex  1.302361e+00  7.386058e+00  0.000000e+00
   endloop
 endfacet
 facet normal  9.956785e-02  9.950308e-01 -0.000000e+00
   outer loop
     vertex  5.604757e-01  7.479028e+00  0.000000e+00
     vertex  5.604757e-01  7.479028e+00  9.925000e+01
     vertex  9.325778e-01  7.441794e+00  9.925000e+01
   endloop
 endfacet
 facet normal  4.984589e-02  9.987569e-01 -0.000000e+00
   outer loop
     vertex  5.604757e-01  7.479028e+00  0.000000e+00
     vertex  1.869802e-01  7.497669e+00  9.925000e+01
     vertex  5.604757e-01  7.479028e+00  9.925000e+01
   endloop
 endfacet
 facet normal  9.956785e-02  9.950308e-01  0.000000e+00
   outer loop
     vertex  5.604757e-01  7.479028e+00  0.000000e+00
     vertex  9.325778e-01  7.441794e+00  9.925000e+01
     vertex  9.325778e-01  7.441794e+00  0.000000e+00
   endloop
 endfacet
 facet normal  4.984589e-02  9.987569e-01 -0.000000e+00
   outer loop
     vertex  1.869802e-01  7.497669e+00  0.000000e+00
     vertex  1.869802e-01  7.497669e+00  9.925000e+01
     vertex  5.604757e-01  7.479028e+00  0.000000e+00
   endloop
 endfacet
 facet normal  0.000000e+00  1.000000e+00  0.000000e+00
   outer loop
     vertex -1.869802e-01  7.497669e+00  0.000000e+00
     vertex -1.869802e-01  7.497669e+00  9.925000e+01
     vertex  1.869802e-01  7.497669e+00  9.925000e+01
   endloop
 endfacet
 facet normal -4.984589e-02  9.987569e-01  0.000000e+00
   outer loop
     vertex -1.869802e-01  7.497669e+00  0.000000e+00
     vertex -5.604757e-01  7.479028e+00  9.925000e+01
     vertex -1.869802e-01  7.497669e+00  9.925000e+01
   endloop
 endfacet
 facet normal  0.000000e+00  1.000000e+00  0.000000e+00
   outer loop
     vertex -1.869802e-01  7.497669e+00  0.000000e+00
     vertex  1.869802e-01  7.497669e+00  9.925000e+01
     vertex  1.869802e-01  7.497669e+00  0.000000e+00
   endloop
 endfacet
 facet normal -4.984589e-02  9.987569e-01  0.000000e+00
   outer loop
     vertex -5.604757e-01  7.479028e+00  0.000000e+00
     vertex -5.604757e-01  7.479028e+00  9.925000e+01
     vertex -1.869802e-01  7.497669e+00  0.000000e+00
   endloop
 endfacet
 facet normal -9.956785e-02  9.950308e-01  0.000000e+00
   outer loop
     vertex -9.325778e-01  7.441794e+00  0.000000e+00
     vertex -9.325778e-01  7.441794e+00  9.925000e+01
     vertex -5.604757e-01  7.479028e+00  9.925000e+01
   endloop
 endfacet
 facet normal -9.956785e-02  9.950308e-01  0.000000e+00
   outer loop
     vertex -9.325778e-01  7.441794e+00  0.000000e+00
     vertex -5.604757e-01  7.479028e+00  9.925000e+01
     vertex -5.604757e-01  7.479028e+00  0.000000e+00
   endloop
 endfacet
 facet normal -1.490423e-01  9.888308e-01  0.000000e+00
   outer loop
     vertex -1.302361e+00  7.386058e+00  0.000000e+00
     vertex -1.302361e+00  7.386058e+00  9.925000e+01
     vertex -9.325778e-01  7.441794e+00  9.925000e+01
   endloop
 endfacet
 facet normal -1.981461e-01  9.801725e-01  0.000000e+00
   outer loop
     vertex -1.302361e+00  7.386058e+00  0.000000e+00
     vertex -1.668907e+00  7.311959e+00  9.925000e+01
     vertex -1.302361e+00  7.386058e+00  9.925000e+01
   endloop
 endfacet
 facet normal -1.490423e-01  9.888308e-01  0.000000e+00
   outer loop
     vertex -1.302361e+00  7.386058e+00  0.000000e+00
     vertex -9.325778e-01  7.441794e+00  9.925000e+01
     vertex -9.325778e-01  7.441794e+00  0.000000e+00
   endloop
 endfacet
 facet normal -2.467574e-01  9.690773e-01  0.000000e+00
   outer loop
     vertex -1.668907e+00  7.311959e+00  0.000000e+00
     vertex -2.031304e+00  7.219682e+00  9.925000e+01
     vertex -1.668907e+00  7.311959e+00  9.925000e+01
   endloop
 endfacet
 facet normal -1.981461e-01  9.801725e-01  0.000000e+00
   outer loop
     vertex -1.668907e+00  7.311959e+00  0.000000e+00
     vertex -1.668907e+00  7.311959e+00  9.925000e+01
     vertex -1.302361e+00  7.386058e+00  0.000000e+00
   endloop
 endfacet
 facet normal -2.467574e-01  9.690773e-01  0.000000e+00
   outer loop
     vertex -2.031304e+00  7.219682e+00  0.000000e+00
     vertex -2.031304e+00  7.219682e+00  9.925000e+01
     vertex -1.668907e+00  7.311959e+00  0.000000e+00
   endloop
 endfacet
 facet normal -2.947552e-01  9.555728e-01  0.000000e+00
   outer loop
     vertex -2.388650e+00  7.109455e+00  0.000000e+00
     vertex -2.031304e+00  7.219682e+00  9.925000e+01
     vertex -2.031304e+00  7.219682e+00  0.000000e+00
   endloop
 endfacet
 facet normal -2.947552e-01  9.555728e-01  0.000000e+00
   outer loop
     vertex -2.388650e+00  7.109455e+00  0.000000e+00
     vertex -2.388650e+00  7.109455e+00  9.925000e+01
     vertex -2.031304e+00  7.219682e+00  9.925000e+01
   endloop
 endfacet
 facet normal -3.420201e-01  9.396926e-01  0.000000e+00
   outer loop
     vertex -2.388650e+00  7.109455e+00  0.000000e+00
     vertex -2.740058e+00  6.981553e+00  9.925000e+01
     vertex -2.388650e+00  7.109455e+00  9.925000e+01
   endloop
 endfacet
 facet normal -3.420201e-01  9.396926e-01  0.000000e+00
   outer loop
     vertex -2.740058e+00  6.981553e+00  0.000000e+00
     vertex -2.740058e+00  6.981553e+00  9.925000e+01
     vertex -2.388650e+00  7.109455e+00  0.000000e+00
   endloop
 endfacet
 facet normal -3.884348e-01  9.214762e-01  0.000000e+00
   outer loop
     vertex -3.084653e+00  6.836294e+00  0.000000e+00
     vertex -2.740058e+00  6.981553e+00  9.925000e+01
     vertex -2.740058e+00  6.981553e+00  0.000000e+00
   endloop
 endfacet
 facet normal -3.884348e-01  9.214762e-01  0.000000e+00
   outer loop
     vertex -3.084653e+00  6.836294e+00  0.000000e+00
     vertex -3.084653e+00  6.836294e+00  9.925000e+01
     vertex -2.740058e+00  6.981553e+00  9.925000e+01
   endloop
 endfacet
 facet normal -4.338837e-01  9.009689e-01  0.000000e+00
   outer loop
     vertex -3.084653e+00  6.836294e+00  0.000000e+00
     vertex -3.421580e+00  6.674039e+00  9.925000e+01
     vertex -3.084653e+00  6.836294e+00  9.925000e+01
   endloop
 endfacet
 facet normal -4.338837e-01  9.009689e-01  0.000000e+00
   outer loop
     vertex -3.421580e+00  6.674039e+00  0.000000e+00
     vertex -3.421580e+00  6.674039e+00  9.925000e+01
     vertex -3.084653e+00  6.836294e+00  0.000000e+00
   endloop
 endfacet
 facet normal -4.782540e-01  8.782216e-01  0.000000e+00
   outer loop
     vertex -3.421580e+00  6.674039e+00  0.000000e+00
     vertex -3.750000e+00  6.495191e+00  9.925000e+01
     vertex -3.421580e+00  6.674039e+00  9.925000e+01
   endloop
 endfacet
 facet normal -4.782540e-01  8.782216e-01  0.000000e+00
   outer loop
     vertex -3.750000e+00  6.495191e+00  0.000000e+00
     vertex -3.750000e+00  6.495191e+00  9.925000e+01
     vertex -3.421580e+00  6.674039e+00  0.000000e+00
   endloop
 endfacet
 facet normal -5.214352e-01  8.532909e-01  0.000000e+00
   outer loop
     vertex -4.069097e+00  6.300194e+00  0.000000e+00
     vertex -3.750000e+00  6.495191e+00  9.925000e+01
     vertex -3.750000e+00  6.495191e+00  0.000000e+00
   endloop
 endfacet
 facet normal -5.214352e-01  8.532909e-01  0.000000e+00
   outer loop
     vertex -4.069097e+00  6.300194e+00  0.000000e+00
     vertex -4.069097e+00  6.300194e+00  9.925000e+01
     vertex -3.750000e+00  6.495191e+00  9.925000e+01
   endloop
 endfacet
 facet normal -5.633201e-01  8.262388e-01  0.000000e+00
   outer loop
     vertex -4.378078e+00  6.089535e+00  0.000000e+00
     vertex -4.069097e+00  6.300194e+00  9.925000e+01
     vertex -4.069097e+00  6.300194e+00  0.000000e+00
   endloop
 endfacet
 facet normal -5.633201e-01  8.262388e-01  0.000000e+00
   outer loop
     vertex -4.378078e+00  6.089535e+00  0.000000e+00
     vertex -4.378078e+00  6.089535e+00  9.925000e+01
     vertex -4.069097e+00  6.300194e+00  9.925000e+01
   endloop
 endfacet
 facet normal -6.038044e-01  7.971325e-01  0.000000e+00
   outer loop
     vertex -4.378078e+00  6.089535e+00  0.000000e+00
     vertex -4.676174e+00  5.863736e+00  9.925000e+01
     vertex -4.378078e+00  6.089535e+00  9.925000e+01
   endloop
 endfacet
 facet normal -6.038044e-01  7.971325e-01  0.000000e+00
   outer loop
     vertex -4.676174e+00  5.863736e+00  0.000000e+00
     vertex -4.676174e+00  5.863736e+00  9.925000e+01
     vertex -4.378078e+00  6.089535e+00  0.000000e+00
   endloop
 endfacet
 facet normal -6.427876e-01  7.660444e-01  0.000000e+00
   outer loop
     vertex -4.962644e+00  5.623359e+00  0.000000e+00
     vertex -4.676174e+00  5.863736e+00  9.925000e+01
     vertex -4.676174e+00  5.863736e+00  0.000000e+00
   endloop
 endfacet
 facet normal -6.427876e-01  7.660444e-01  0.000000e+00
   outer loop
     vertex -4.962644e+00  5.623359e+00  0.000000e+00
     vertex -4.962644e+00  5.623359e+00  9.925000e+01
     vertex -4.676174e+00  5.863736e+00  9.925000e+01
   endloop
 endfacet
 facet normal -6.801727e-01  7.330519e-01  0.000000e+00
   outer loop
     vertex -5.236776e+00  5.369001e+00  0.000000e+00
     vertex -4.962644e+00  5.623359e+00  9.925000e+01
     vertex -4.962644e+00  5.623359e+00  0.000000e+00
   endloop
 endfacet
 facet normal -6.801727e-01  7.330519e-01  0.000000e+00
   outer loop
     vertex -5.236776e+00  5.369001e+00  0.000000e+00
     vertex -5.236776e+00  5.369001e+00  9.925000e+01
     vertex -4.962644e+00  5.623359e+00  9.925000e+01
   endloop
 endfacet
 facet normal -7.158668e-01  6.982368e-01  0.000000e+00
   outer loop
     vertex -5.497889e+00  5.101296e+00  0.000000e+00
     vertex -5.497889e+00  5.101296e+00  9.925000e+01
     vertex -5.236776e+00  5.369001e+00  9.925000e+01
   endloop
 endfacet
 facet normal -7.158668e-01  6.982368e-01  0.000000e+00
   outer loop
     vertex -5.497889e+00  5.101296e+00  0.000000e+00
     vertex -5.236776e+00  5.369001e+00  9.925000e+01
     vertex -5.236776e+00  5.369001e+00  0.000000e+00
   endloop
 endfacet
 facet normal -7.497812e-01  6.616858e-01  0.000000e+00
   outer loop
     vertex -5.745333e+00  4.820907e+00  0.000000e+00
     vertex -5.745333e+00  4.820907e+00  9.925000e+01
     vertex -5.497889e+00  5.101296e+00  9.925000e+01
   endloop
 endfacet
 facet normal -7.818315e-01  6.234898e-01  0.000000e+00
   outer loop
     vertex -5.745333e+00  4.820907e+00  0.000000e+00
     vertex -5.978494e+00  4.528533e+00  9.925000e+01
     vertex -5.745333e+00  4.820907e+00  9.925000e+01
   endloop
 endfacet
 facet normal -7.497812e-01  6.616858e-01  0.000000e+00
   outer loop
     vertex -5.745333e+00  4.820907e+00  0.000000e+00
     vertex -5.497889e+00  5.101296e+00  9.925000e+01
     vertex -5.497889e+00  5.101296e+00  0.000000e+00
   endloop
 endfacet
 facet normal -8.119380e-01  5.837437e-01  0.000000e+00
   outer loop
     vertex -5.978494e+00  4.528533e+00  0.000000e+00
     vertex -6.196791e+00  4.224900e+00  9.925000e+01
     vertex -5.978494e+00  4.528533e+00  9.925000e+01
   endloop
 endfacet
 facet normal -7.818315e-01  6.234898e-01  0.000000e+00
   outer loop
     vertex -5.978494e+00  4.528533e+00  0.000000e+00
     vertex -5.978494e+00  4.528533e+00  9.925000e+01
     vertex -5.745333e+00  4.820907e+00  0.000000e+00
   endloop
 endfacet
 facet normal -8.119380e-01  5.837437e-01  0.000000e+00
   outer loop
     vertex -6.196791e+00  4.224900e+00  0.000000e+00
     vertex -6.196791e+00  4.224900e+00  9.925000e+01
     vertex -5.978494e+00  4.528533e+00  0.000000e+00
   endloop
 endfacet
 facet normal -8.400259e-01  5.425463e-01  0.000000e+00
   outer loop
     vertex -6.399682e+00  3.910764e+00  0.000000e+00
     vertex -6.399682e+00  3.910764e+00  9.925000e+01
     vertex -6.196791e+00  4.224900e+00  9.925000e+01
   endloop
 endfacet
 facet normal -8.660254e-01  5.000000e-01  0.000000e+00
   outer loop
     vertex -6.399682e+00  3.910764e+00  0.000000e+00
     vertex -6.586662e+00  3.586905e+00  9.925000e+01
     vertex -6.399682e+00  3.910764e+00  9.925000e+01
   endloop
 endfacet
 facet normal -8.400259e-01  5.425463e-01  0.000000e+00
   outer loop
     vertex -6.399682e+00  3.910764e+00  0.000000e+00
     vertex -6.196791e+00  4.224900e+00  9.925000e+01
     vertex -6.196791e+00  4.224900e+00  0.000000e+00
   endloop
 endfacet
 facet normal -8.660254e-01  5.000000e-01  0.000000e+00
   outer loop
     vertex -6.586662e+00  3.586905e+00  0.000000e+00
     vertex -6.586662e+00  3.586905e+00  9.925000e+01
     vertex -6.399682e+00  3.910764e+00  0.000000e+00
   endloop
 endfacet
 facet normal -8.898718e-01  4.562107e-01  0.000000e+00
   outer loop
     vertex -6.757267e+00  3.254128e+00  0.000000e+00
     vertex -6.757267e+00  3.254128e+00  9.925000e+01
     vertex -6.586662e+00  3.586905e+00  9.925000e+01
   endloop
 endfacet
 facet normal -8.898718e-01  4.562107e-01  0.000000e+00
   outer loop
     vertex -6.757267e+00  3.254128e+00  0.000000e+00
     vertex -6.586662e+00  3.586905e+00  9.925000e+01
     vertex -6.586662e+00  3.586905e+00  0.000000e+00
   endloop
 endfacet
 facet normal -9.115059e-01  4.112871e-01  0.000000e+00
   outer loop
     vertex -6.911072e+00  2.913261e+00  0.000000e+00
     vertex -6.911072e+00  2.913261e+00  9.925000e+01
     vertex -6.757267e+00  3.254128e+00  9.925000e+01
   endloop
 endfacet
 facet normal -9.308737e-01  3.653410e-01  0.000000e+00
   outer loop
     vertex -6.911072e+00  2.913261e+00  0.000000e+00
     vertex -7.047695e+00  2.565151e+00  9.925000e+01
     vertex -6.911072e+00  2.913261e+00  9.925000e+01
   endloop
 endfacet
 facet normal -9.115059e-01  4.112871e-01  0.000000e+00
   outer loop
     vertex -6.911072e+00  2.913261e+00  0.000000e+00
     vertex -6.757267e+00  3.254128e+00  9.925000e+01
     vertex -6.757267e+00  3.254128e+00  0.000000e+00
   endloop
 endfacet
 facet normal -9.308737e-01  3.653410e-01  0.000000e+00
   outer loop
     vertex -7.047695e+00  2.565151e+00  0.000000e+00
     vertex -7.047695e+00  2.565151e+00  9.925000e+01
     vertex -6.911072e+00  2.913261e+00  0.000000e+00
   endloop
 endfacet
 facet normal -9.479273e-01  3.184867e-01  0.000000e+00
   outer loop
     vertex -7.166796e+00  2.210664e+00  0.000000e+00
     vertex -7.166796e+00  2.210664e+00  9.925000e+01
     vertex -7.047695e+00  2.565151e+00  9.925000e+01
   endloop
 endfacet
 facet normal -9.626242e-01  2.708405e-01  0.000000e+00
   outer loop
     vertex -7.166796e+00  2.210664e+00  0.000000e+00
     vertex -7.268080e+00  1.850680e+00  9.925000e+01
     vertex -7.166796e+00  2.210664e+00  9.925000e+01
   endloop
 endfacet
 facet normal -9.479273e-01  3.184867e-01  0.000000e+00
   outer loop
     vertex -7.166796e+00  2.210664e+00  0.000000e+00
     vertex -7.047695e+00  2.565151e+00  9.925000e+01
     vertex -7.047695e+00  2.565151e+00  0.000000e+00
   endloop
 endfacet
 facet normal -9.749279e-01  2.225209e-01  0.000000e+00
   outer loop
     vertex -7.268080e+00  1.850680e+00  0.000000e+00
     vertex -7.351294e+00  1.486096e+00  9.925000e+01
     vertex -7.268080e+00  1.850680e+00  9.925000e+01
   endloop
 endfacet
 facet normal -9.626242e-01  2.708405e-01  0.000000e+00
   outer loop
     vertex -7.268080e+00  1.850680e+00  0.000000e+00
     vertex -7.268080e+00  1.850680e+00  9.925000e+01
     vertex -7.166796e+00  2.210664e+00  0.000000e+00
   endloop
 endfacet
 facet normal -9.749279e-01  2.225209e-01  0.000000e+00
   outer loop
     vertex -7.351294e+00  1.486096e+00  0.000000e+00
     vertex -7.351294e+00  1.486096e+00  9.925000e+01
     vertex -7.268080e+00  1.850680e+00  0.000000e+00
   endloop
 endfacet
 facet normal -9.848078e-01  1.736482e-01  0.000000e+00
   outer loop
     vertex -7.416231e+00  1.117817e+00  0.000000e+00
     vertex -7.416231e+00  1.117817e+00  9.925000e+01
     vertex -7.351294e+00  1.486096e+00  9.925000e+01
   endloop
 endfacet
 facet normal -9.922392e-01  1.243437e-01  0.000000e+00
   outer loop
     vertex -7.416231e+00  1.117817e+00  0.000000e+00
     vertex -7.462731e+00  7.467588e-01  9.925000e+01
     vertex -7.416231e+00  1.117817e+00  9.925000e+01
   endloop
 endfacet
 facet normal -9.848078e-01  1.736482e-01  0.000000e+00
   outer loop
     vertex -7.416231e+00  1.117817e+00  0.000000e+00
     vertex -7.351294e+00  1.486096e+00  9.925000e+01
     vertex -7.351294e+00  1.486096e+00  0.000000e+00
   endloop
 endfacet
 facet normal -9.972038e-01  7.473009e-02  0.000000e+00
   outer loop
     vertex -7.462731e+00  7.467588e-01  0.000000e+00
     vertex -7.490677e+00  3.738441e-01  9.925000e+01
     vertex -7.462731e+00  7.467588e-01  9.925000e+01
   endloop
 endfacet
 facet normal -9.922392e-01  1.243437e-01  0.000000e+00
   outer loop
     vertex -7.462731e+00  7.467588e-01  0.000000e+00
     vertex -7.462731e+00  7.467588e-01  9.925000e+01
     vertex -7.416231e+00  1.117817e+00  0.000000e+00
   endloop
 endfacet
 facet normal -9.972038e-01  7.473009e-02  0.000000e+00
   outer loop
     vertex -7.490677e+00  3.738441e-01  0.000000e+00
     vertex -7.490677e+00  3.738441e-01  9.925000e+01
     vertex -7.462731e+00  7.467588e-01  0.000000e+00
   endloop
 endfacet
 facet normal -9.996892e-01  2.493069e-02  0.000000e+00
   outer loop
     vertex -7.500000e+00 -2.572687e-14  0.000000e+00
     vertex -7.490677e+00  3.738441e-01  9.925000e+01
     vertex -7.490677e+00  3.738441e-01  0.000000e+00
   endloop
 endfacet
 facet normal -9.996892e-01  2.493069e-02  0.000000e+00
   outer loop
     vertex -7.500000e+00 -2.572687e-14  0.000000e+00
     vertex -7.500000e+00 -2.572687e-14  9.925000e+01
     vertex -7.490677e+00  3.738441e-01  9.925000e+01
   endloop
 endfacet
 facet normal -9.996892e-01 -2.493069e-02  0.000000e+00
   outer loop
     vertex -7.500000e+00 -2.572687e-14  0.000000e+00
     vertex -7.490677e+00 -3.738441e-01  9.925000e+01
     vertex -7.500000e+00 -2.572687e-14  9.925000e+01
   endloop
 endfacet
 facet normal -9.996892e-01 -2.493069e-02  0.000000e+00
   outer loop
     vertex -7.490677e+00 -3.738441e-01  0.000000e+00
     vertex -7.490677e+00 -3.738441e-01  9.925000e+01
     vertex -7.500000e+00 -2.572687e-14  0.000000e+00
   endloop
 endfacet
 facet normal -9.972038e-01 -7.473009e-02  0.000000e+00
   outer loop
     vertex -7.490677e+00 -3.738441e-01  0.000000e+00
     vertex -7.462731e+00 -7.467588e-01  9.925000e+01
     vertex -7.490677e+00 -3.738441e-01  9.925000e+01
   endloop
 endfacet
 facet normal -9.972038e-01 -7.473009e-02  0.000000e+00
   outer loop
     vertex -7.462731e+00 -7.467588e-01  0.000000e+00
     vertex -7.462731e+00 -7.467588e-01  9.925000e+01
     vertex -7.490677e+00 -3.738441e-01  0.000000e+00
   endloop
 endfacet
 facet normal -9.922392e-01 -1.243437e-01  0.000000e+00
   outer loop
     vertex -7.416231e+00 -1.117817e+00  0.000000e+00
     vertex -7.462731e+00 -7.467588e-01  9.925000e+01
     vertex -7.462731e+00 -7.467588e-01  0.000000e+00
   endloop
 endfacet
 facet normal -9.922392e-01 -1.243437e-01  0.000000e+00
   outer loop
     vertex -7.416231e+00 -1.117817e+00  0.000000e+00
     vertex -7.416231e+00 -1.117817e+00  9.925000e+01
     vertex -7.462731e+00 -7.467588e-01  9.925000e+01
   endloop
 endfacet
 facet normal -9.848078e-01 -1.736482e-01  0.000000e+00
   outer loop
     vertex -7.351294e+00 -1.486096e+00  0.000000e+00
     vertex -7.416231e+00 -1.117817e+00  9.925000e+01
     vertex -7.416231e+00 -1.117817e+00  0.000000e+00
   endloop
 endfacet
 facet normal -9.848078e-01 -1.736482e-01  0.000000e+00
   outer loop
     vertex -7.351294e+00 -1.486096e+00  0.000000e+00
     vertex -7.351294e+00 -1.486096e+00  9.925000e+01
     vertex -7.416231e+00 -1.117817e+00  9.925000e+01
   endloop
 endfacet
 facet normal -9.749279e-01 -2.225209e-01  0.000000e+00
   outer loop
     vertex -7.268080e+00 -1.850680e+00  0.000000e+00
     vertex -7.351294e+00 -1.486096e+00  9.925000e+01
     vertex -7.351294e+00 -1.486096e+00  0.000000e+00
   endloop
 endfacet
 facet normal -9.749279e-01 -2.225209e-01  0.000000e+00
   outer loop
     vertex -7.268080e+00 -1.850680e+00  0.000000e+00
     vertex -7.268080e+00 -1.850680e+00  9.925000e+01
     vertex -7.351294e+00 -1.486096e+00  9.925000e+01
   endloop
 endfacet
 facet normal -9.626242e-01 -2.708405e-01  0.000000e+00
   outer loop
     vertex -7.268080e+00 -1.850680e+00  0.000000e+00
     vertex -7.166796e+00 -2.210664e+00  9.925000e+01
     vertex -7.268080e+00 -1.850680e+00  9.925000e+01
   endloop
 endfacet
 facet normal -9.626242e-01 -2.708405e-01  0.000000e+00
   outer loop
     vertex -7.166796e+00 -2.210664e+00  0.000000e+00
     vertex -7.166796e+00 -2.210664e+00  9.925000e+01
     vertex -7.268080e+00 -1.850680e+00  0.000000e+00
   endloop
 endfacet
 facet normal -9.479273e-01 -3.184867e-01  0.000000e+00
   outer loop
     vertex -7.047695e+00 -2.565151e+00  0.000000e+00
     vertex -7.166796e+00 -2.210664e+00  9.925000e+01
     vertex -7.166796e+00 -2.210664e+00  0.000000e+00
   endloop
 endfacet
 facet normal -9.479273e-01 -3.184867e-01  0.000000e+00
   outer loop
     vertex -7.047695e+00 -2.565151e+00  0.000000e+00
     vertex -7.047695e+00 -2.565151e+00  9.925000e+01
     vertex -7.166796e+00 -2.210664e+00  9.925000e+01
   endloop
 endfacet
 facet normal -9.308737e-01 -3.653410e-01  0.000000e+00
   outer loop
     vertex -6.911072e+00 -2.913261e+00  0.000000e+00
     vertex -7.047695e+00 -2.565151e+00  9.925000e+01
     vertex -7.047695e+00 -2.565151e+00  0.000000e+00
   endloop
 endfacet
 facet normal -9.308737e-01 -3.653410e-01  0.000000e+00
   outer loop
     vertex -6.911072e+00 -2.913261e+00  0.000000e+00
     vertex -6.911072e+00 -2.913261e+00  9.925000e+01
     vertex -7.047695e+00 -2.565151e+00  9.925000e+01
   endloop
 endfacet
 facet normal -9.115059e-01 -4.112871e-01  0.000000e+00
   outer loop
     vertex -6.757267e+00 -3.254128e+00  0.000000e+00
     vertex -6.911072e+00 -2.913261e+00  9.925000e+01
     vertex -6.911072e+00 -2.913261e+00  0.000000e+00
   endloop
 endfacet
 facet normal -9.115059e-01 -4.112871e-01  0.000000e+00
   outer loop
     vertex -6.757267e+00 -3.254128e+00  0.000000e+00
     vertex -6.757267e+00 -3.254128e+00  9.925000e+01
     vertex -6.911072e+00 -2.913261e+00  9.925000e+01
   endloop
 endfacet
 facet normal -8.898718e-01 -4.562107e-01  0.000000e+00
   outer loop
     vertex -6.586662e+00 -3.586905e+00  0.000000e+00
     vertex -6.757267e+00 -3.254128e+00  9.925000e+01
     vertex -6.757267e+00 -3.254128e+00  0.000000e+00
   endloop
 endfacet
 facet normal -8.898718e-01 -4.562107e-01  0.000000e+00
   outer loop
     vertex -6.586662e+00 -3.586905e+00  0.000000e+00
     vertex -6.586662e+00 -3.586905e+00  9.925000e+01
     vertex -6.757267e+00 -3.254128e+00  9.925000e+01
   endloop
 endfacet
 facet normal -8.660254e-01 -5.000000e-01  0.000000e+00
   outer loop
     vertex -6.399682e+00 -3.910764e+00  0.000000e+00
     vertex -6.586662e+00 -3.586905e+00  9.925000e+01
     vertex -6.586662e+00 -3.586905e+00  0.000000e+00
   endloop
 endfacet
 facet normal -8.660254e-01 -5.000000e-01  0.000000e+00
   outer loop
     vertex -6.399682e+00 -3.910764e+00  0.000000e+00
     vertex -6.399682e+00 -3.910764e+00  9.925000e+01
     vertex -6.586662e+00 -3.586905e+00  9.925000e+01
   endloop
 endfacet
 facet normal -8.400259e-01 -5.425463e-01  0.000000e+00
   outer loop
     vertex -6.196791e+00 -4.224900e+00  0.000000e+00
     vertex -6.399682e+00 -3.910764e+00  9.925000e+01
     vertex -6.399682e+00 -3.910764e+00  0.000000e+00
   endloop
 endfacet
 facet normal -8.400259e-01 -5.425463e-01  0.000000e+00
   outer loop
     vertex -6.196791e+00 -4.224900e+00  0.000000e+00
     vertex -6.196791e+00 -4.224900e+00  9.925000e+01
     vertex -6.399682e+00 -3.910764e+00  9.925000e+01
   endloop
 endfacet
 facet normal -8.119380e-01 -5.837437e-01  0.000000e+00
   outer loop
     vertex -5.978494e+00 -4.528533e+00  0.000000e+00
     vertex -6.196791e+00 -4.224900e+00  9.925000e+01
     vertex -6.196791e+00 -4.224900e+00  0.000000e+00
   endloop
 endfacet
 facet normal -8.119380e-01 -5.837437e-01  0.000000e+00
   outer loop
     vertex -5.978494e+00 -4.528533e+00  0.000000e+00
     vertex -5.978494e+00 -4.528533e+00  9.925000e+01
     vertex -6.196791e+00 -4.224900e+00  9.925000e+01
   endloop
 endfacet
 facet normal -7.818315e-01 -6.234898e-01  0.000000e+00
   outer loop
     vertex -5.745333e+00 -4.820907e+00  0.000000e+00
     vertex -5.978494e+00 -4.528533e+00  9.925000e+01
     vertex -5.978494e+00 -4.528533e+00  0.000000e+00
   endloop
 endfacet
 facet normal -7.818315e-01 -6.234898e-01  0.000000e+00
   outer loop
     vertex -5.745333e+00 -4.820907e+00  0.000000e+00
     vertex -5.745333e+00 -4.820907e+00  9.925000e+01
     vertex -5.978494e+00 -4.528533e+00  9.925000e+01
   endloop
 endfacet
 facet normal -7.497812e-01 -6.616858e-01  0.000000e+00
   outer loop
     vertex -5.497889e+00 -5.101296e+00  0.000000e+00
     vertex -5.745333e+00 -4.820907e+00  9.925000e+01
     vertex -5.745333e+00 -4.820907e+00  0.000000e+00
   endloop
 endfacet
 facet normal -7.497812e-01 -6.616858e-01  0.000000e+00
   outer loop
     vertex -5.497889e+00 -5.101296e+00  0.000000e+00
     vertex -5.497889e+00 -5.101296e+00  9.925000e+01
     vertex -5.745333e+00 -4.820907e+00  9.925000e+01
   endloop
 endfacet
 facet normal -7.158668e-01 -6.982368e-01  0.000000e+00
   outer loop
     vertex -5.236776e+00 -5.369001e+00  0.000000e+00
     vertex -5.497889e+00 -5.101296e+00  9.925000e+01
     vertex -5.497889e+00 -5.101296e+00  0.000000e+00
   endloop
 endfacet
 facet normal -7.158668e-01 -6.982368e-01  0.000000e+00
   outer loop
     vertex -5.236776e+00 -5.369001e+00  0.000000e+00
     vertex -5.236776e+00 -5.369001e+00  9.925000e+01
     vertex -5.497889e+00 -5.101296e+00  9.925000e+01
   endloop
 endfacet
 facet normal -6.801727e-01 -7.330519e-01  0.000000e+00
   outer loop
     vertex -4.962644e+00 -5.623359e+00  0.000000e+00
     vertex -5.236776e+00 -5.369001e+00  9.925000e+01
     vertex -5.236776e+00 -5.369001e+00  0.000000e+00
   endloop
 endfacet
 facet normal -6.801727e-01 -7.330519e-01  0.000000e+00
   outer loop
     vertex -4.962644e+00 -5.623359e+00  0.000000e+00
     vertex -4.962644e+00 -5.623359e+00  9.925000e+01
     vertex -5.236776e+00 -5.369001e+00  9.925000e+01
   endloop
 endfacet
 facet normal -6.427876e-01 -7.660444e-01  0.000000e+00
   outer loop
     vertex -4.962644e+00 -5.623359e+00  0.000000e+00
     vertex -4.676174e+00 -5.863736e+00  9.925000e+01
     vertex -4.962644e+00 -5.623359e+00  9.925000e+01
   endloop
 endfacet
 facet normal -6.427876e-01 -7.660444e-01  0.000000e+00
   outer loop
     vertex -4.676174e+00 -5.863736e+00  0.000000e+00
     vertex -4.676174e+00 -5.863736e+00  9.925000e+01
     vertex -4.962644e+00 -5.623359e+00  0.000000e+00
   endloop
 endfacet
 facet normal -6.038044e-01 -7.971325e-01  0.000000e+00
   outer loop
     vertex -4.378078e+00 -6.089535e+00  0.000000e+00
     vertex -4.676174e+00 -5.863736e+00  9.925000e+01
     vertex -4.676174e+00 -5.863736e+00  0.000000e+00
   endloop
 endfacet
 facet normal -6.038044e-01 -7.971325e-01  0.000000e+00
   outer loop
     vertex -4.378078e+00 -6.089535e+00  0.000000e+00
     vertex -4.378078e+00 -6.089535e+00  9.925000e+01
     vertex -4.676174e+00 -5.863736e+00  9.925000e+01
   endloop
 endfacet
 facet normal -5.633201e-01 -8.262388e-01  0.000000e+00
   outer loop
     vertex -4.069097e+00 -6.300194e+00  0.000000e+00
     vertex -4.069097e+00 -6.300194e+00  9.925000e+01
     vertex -4.378078e+00 -6.089535e+00  9.925000e+01
   endloop
 endfacet
 facet normal -5.633201e-01 -8.262388e-01  0.000000e+00
   outer loop
     vertex -4.069097e+00 -6.300194e+00  0.000000e+00
     vertex -4.378078e+00 -6.089535e+00  9.925000e+01
     vertex -4.378078e+00 -6.089535e+00  0.000000e+00
   endloop
 endfacet
 facet normal -5.214352e-01 -8.532909e-01  0.000000e+00
   outer loop
     vertex -4.069097e+00 -6.300194e+00  0.000000e+00
     vertex -3.750000e+00 -6.495191e+00  9.925000e+01
     vertex -4.069097e+00 -6.300194e+00  9.925000e+01
   endloop
 endfacet
 facet normal -5.214352e-01 -8.532909e-01  0.000000e+00
   outer loop
     vertex -3.750000e+00 -6.495191e+00  0.000000e+00
     vertex -3.750000e+00 -6.495191e+00  9.925000e+01
     vertex -4.069097e+00 -6.300194e+00  0.000000e+00
   endloop
 endfacet
 facet normal -4.782540e-01 -8.782216e-01  0.000000e+00
   outer loop
     vertex -3.421580e+00 -6.674039e+00  0.000000e+00
     vertex -3.421580e+00 -6.674039e+00  9.925000e+01
     vertex -3.750000e+00 -6.495191e+00  9.925000e+01
   endloop
 endfacet
 facet normal -4.782540e-01 -8.782216e-01  0.000000e+00
   outer loop
     vertex -3.421580e+00 -6.674039e+00  0.000000e+00
     vertex -3.750000e+00 -6.495191e+00  9.925000e+01
     vertex -3.750000e+00 -6.495191e+00  0.000000e+00
   endloop
 endfacet
 facet normal -4.338837e-01 -9.009689e-01  0.000000e+00
   outer loop
     vertex -3.084653e+00 -6.836294e+00  0.000000e+00
     vertex -3.084653e+00 -6.836294e+00  9.925000e+01
     vertex -3.421580e+00 -6.674039e+00  9.925000e+01
   endloop
 endfacet
 facet normal -4.338837e-01 -9.009689e-01  0.000000e+00
   outer loop
     vertex -3.084653e+00 -6.836294e+00  0.000000e+00
     vertex -3.421580e+00 -6.674039e+00  9.925000e+01
     vertex -3.421580e+00 -6.674039e+00  0.000000e+00
   endloop
 endfacet
 facet normal -3.884348e-01 -9.214762e-01  0.000000e+00
   outer loop
     vertex -2.740058e+00 -6.981553e+00  0.000000e+00
     vertex -2.740058e+00 -6.981553e+00  9.925000e+01
     vertex -3.084653e+00 -6.836294e+00  9.925000e+01
   endloop
 endfacet
 facet normal -3.884348e-01 -9.214762e-01  0.000000e+00
   outer loop
     vertex -2.740058e+00 -6.981553e+00  0.000000e+00
     vertex -3.084653e+00 -6.836294e+00  9.925000e+01
     vertex -3.084653e+00 -6.836294e+00  0.000000e+00
   endloop
 endfacet
 facet normal -3.420201e-01 -9.396926e-01  0.000000e+00
   outer loop
     vertex -2.388650e+00 -7.109455e+00  0.000000e+00
     vertex -2.740058e+00 -6.981553e+00  9.925000e+01
     vertex -2.740058e+00 -6.981553e+00  0.000000e+00
   endloop
 endfacet
 facet normal -3.420201e-01 -9.396926e-01  0.000000e+00
   outer loop
     vertex -2.388650e+00 -7.109455e+00  0.000000e+00
     vertex -2.388650e+00 -7.109455e+00  9.925000e+01
     vertex -2.740058e+00 -6.981553e+00  9.925000e+01
   endloop
 endfacet
 facet normal -2.947552e-01 -9.555728e-01  0.000000e+00
   outer loop
     vertex -2.031304e+00 -7.219682e+00  0.000000e+00
     vertex -2.388650e+00 -7.109455e+00  9.925000e+01
     vertex -2.388650e+00 -7.109455e+00  0.000000e+00
   endloop
 endfacet
 facet normal -2.947552e-01 -9.555728e-01  0.000000e+00
   outer loop
     vertex -2.031304e+00 -7.219682e+00  0.000000e+00
     vertex -2.031304e+00 -7.219682e+00  9.925000e+01
     vertex -2.388650e+00 -7.109455e+00  9.925000e+01
   endloop
 endfacet
 facet normal -2.467574e-01 -9.690773e-01  0.000000e+00
   outer loop
     vertex -2.031304e+00 -7.219682e+00  0.000000e+00
     vertex -1.668907e+00 -7.311959e+00  9.925000e+01
     vertex -2.031304e+00 -7.219682e+00  9.925000e+01
   endloop
 endfacet
 facet normal -2.467574e-01 -9.690773e-01  0.000000e+00
   outer loop
     vertex -1.668907e+00 -7.311959e+00  0.000000e+00
     vertex -1.668907e+00 -7.311959e+00  9.925000e+01
     vertex -2.031304e+00 -7.219682e+00  0.000000e+00
   endloop
 endfacet
 facet normal -1.981461e-01 -9.801725e-01  0.000000e+00
   outer loop
     vertex -1.302361e+00 -7.386058e+00  0.000000e+00
     vertex -1.668907e+00 -7.311959e+00  9.925000e+01
     vertex -1.668907e+00 -7.311959e+00  0.000000e+00
   endloop
 endfacet
 facet normal -1.981461e-01 -9.801725e-01  0.000000e+00
   outer loop
     vertex -1.302361e+00 -7.386058e+00  0.000000e+00
     vertex -1.302361e+00 -7.386058e+00  9.925000e+01
     vertex -1.668907e+00 -7.311959e+00  9.925000e+01
   endloop
 endfacet
 facet normal -1.490423e-01 -9.888308e-01  0.000000e+00
   outer loop
     vertex -9.325778e-01 -7.441794e+00  0.000000e+00
     vertex -1.302361e+00 -7.386058e+00  9.925000e+01
     vertex -1.302361e+00 -7.386058e+00  0.000000e+00
   endloop
 endfacet
 facet normal -1.490423e-01 -9.888308e-01  0.000000e+00
   outer loop
     vertex -9.325778e-01 -7.441794e+00  0.000000e+00
     vertex -9.325778e-01 -7.441794e+00  9.925000e+01
     vertex -1.302361e+00 -7.386058e+00  9.925000e+01
   endloop
 endfacet
 facet normal -9.956785e-02 -9.950308e-01  0.000000e+00
   outer loop
     vertex -5.604757e-01 -7.479028e+00  0.000000e+00
     vertex -9.325778e-01 -7.441794e+00  9.925000e+01
     vertex -9.325778e-01 -7.441794e+00  0.000000e+00
   endloop
 endfacet
 facet normal -9.956785e-02 -9.950308e-01  0.000000e+00
   outer loop
     vertex -5.604757e-01 -7.479028e+00  0.000000e+00
     vertex -5.604757e-01 -7.479028e+00  9.925000e+01
     vertex -9.325778e-01 -7.441794e+00  9.925000e+01
   endloop
 endfacet
 facet normal -4.984589e-02 -9.987569e-01  0.000000e+00
   outer loop
     vertex -1.869802e-01 -7.497669e+00  0.000000e+00
     vertex -5.604757e-01 -7.479028e+00  9.925000e+01
     vertex -5.604757e-01 -7.479028e+00  0.000000e+00
   endloop
 endfacet
 facet normal -4.984589e-02 -9.987569e-01  0.000000e+00
   outer loop
     vertex -1.869802e-01 -7.497669e+00  0.000000e+00
     vertex -1.869802e-01 -7.497669e+00  9.925000e+01
     vertex -5.604757e-01 -7.479028e+00  9.925000e+01
   endloop
 endfacet
 facet normal  9.500241e-15 -1.000000e+00  0.000000e+00
   outer loop
     vertex  1.869802e-01 -7.497669e+00  0.000000e+00
     vertex -1.869802e-01 -7.497669e+00  9.925000e+01
     vertex -1.869802e-01 -7.497669e+00  0.000000e+00
   endloop
 endfacet
 facet normal  9.500241e-15 -1.000000e+00  0.000000e+00
   outer loop
     vertex  1.869802e-01 -7.497669e+00  0.000000e+00
     vertex  1.869802e-01 -7.497669e+00  9.925000e+01
     vertex -1.869802e-01 -7.497669e+00  9.925000e+01
   endloop
 endfacet
 facet normal  4.984589e-02 -9.987569e-01  0.000000e+00
   outer loop
     vertex  5.604757e-01 -7.479028e+00  0.000000e+00
     vertex  1.869802e-01 -7.497669e+00  9.925000e+01
     vertex  1.869802e-01 -7.497669e+00  0.000000e+00
   endloop
 endfacet
 facet normal  4.984589e-02 -9.987569e-01  0.000000e+00
   outer loop
     vertex  5.604757e-01 -7.479028e+00  0.000000e+00
     vertex  5.604757e-01 -7.479028e+00  9.925000e+01
     vertex  1.869802e-01 -7.497669e+00  9.925000e+01
   endloop
 endfacet
 facet normal  9.956785e-02 -9.950308e-01  0.000000e+00
   outer loop
     vertex  5.604757e-01 -7.479028e+00  0.000000e+00
     vertex  9.325778e-01 -7.441794e+00  9.925000e+01
     vertex  5.604757e-01 -7.479028e+00  9.925000e+01
   endloop
 endfacet
 facet normal  9.956785e-02 -9.950308e-01  0.000000e+00
   outer loop
     vertex  9.325778e-01 -7.441794e+00  0.000000e+00
     vertex  9.325778e-01 -7.441794e+00  9.925000e+01
     vertex  5.604757e-01 -7.479028e+00  0.000000e+00
   endloop
 endfacet
 facet normal  1.490423e-01 -9.888308e-01  0.000000e+00
   outer loop
     vertex  9.325778e-01 -7.441794e+00  0.000000e+00
     vertex  1.302361e+00 -7.386058e+00  9.925000e+01
     vertex  9.325778e-01 -7.441794e+00  9.925000e+01
   endloop
 endfacet
 facet normal  1.490423e-01 -9.888308e-01  0.000000e+00
   outer loop
     vertex  1.302361e+00 -7.386058e+00  0.000000e+00
     vertex  1.302361e+00 -7.386058e+00  9.925000e+01
     vertex  9.325778e-01 -7.441794e+00  0.000000e+00
   endloop
 endfacet
 facet normal  2.467574e-01 -9.690773e-01  0.000000e+00
   outer loop
     vertex  1.668907e+00 -7.311959e+00  0.000000e+00
     vertex  2.031304e+00 -7.219682e+00  9.925000e+01
     vertex  1.668907e+00 -7.311959e+00  9.925000e+01
   endloop
 endfacet
 facet normal  1.981461e-01 -9.801725e-01  0.000000e+00
   outer loop
     vertex  1.668907e+00 -7.311959e+00  0.000000e+00
     vertex  1.302361e+00 -7.386058e+00  9.925000e+01
     vertex  1.302361e+00 -7.386058e+00  0.000000e+00
   endloop
 endfacet
 facet normal  1.981461e-01 -9.801725e-01  0.000000e+00
   outer loop
     vertex  1.668907e+00 -7.311959e+00  0.000000e+00
     vertex  1.668907e+00 -7.311959e+00  9.925000e+01
     vertex  1.302361e+00 -7.386058e+00  9.925000e+01
   endloop
 endfacet
 facet normal  2.467574e-01 -9.690773e-01  0.000000e+00
   outer loop
     vertex  2.031304e+00 -7.219682e+00  0.000000e+00
     vertex  2.031304e+00 -7.219682e+00  9.925000e+01
     vertex  1.668907e+00 -7.311959e+00  0.000000e+00
   endloop
 endfacet
 facet normal  2.947552e-01 -9.555728e-01  0.000000e+00
   outer loop
     vertex  2.388650e+00 -7.109455e+00  0.000000e+00
     vertex  2.388650e+00 -7.109455e+00  9.925000e+01
     vertex  2.031304e+00 -7.219682e+00  9.925000e+01
   endloop
 endfacet
 facet normal  2.947552e-01 -9.555728e-01  0.000000e+00
   outer loop
     vertex  2.388650e+00 -7.109455e+00  0.000000e+00
     vertex  2.031304e+00 -7.219682e+00  9.925000e+01
     vertex  2.031304e+00 -7.219682e+00  0.000000e+00
   endloop
 endfacet
 facet normal  3.420201e-01 -9.396926e-01  0.000000e+00
   outer loop
     vertex  2.740058e+00 -6.981553e+00  0.000000e+00
     vertex  2.740058e+00 -6.981553e+00  9.925000e+01
     vertex  2.388650e+00 -7.109455e+00  9.925000e+01
   endloop
 endfacet
 facet normal  3.420201e-01 -9.396926e-01  0.000000e+00
   outer loop
     vertex  2.740058e+00 -6.981553e+00  0.000000e+00
     vertex  2.388650e+00 -7.109455e+00  9.925000e+01
     vertex  2.388650e+00 -7.109455e+00  0.000000e+00
   endloop
 endfacet
 facet normal  3.884348e-01 -9.214762e-01  0.000000e+00
   outer loop
     vertex  3.084653e+00 -6.836294e+00  0.000000e+00
     vertex  3.084653e+00 -6.836294e+00  9.925000e+01
     vertex  2.740058e+00 -6.981553e+00  9.925000e+01
   endloop
 endfacet
 facet normal  3.884348e-01 -9.214762e-01  0.000000e+00
   outer loop
     vertex  3.084653e+00 -6.836294e+00  0.000000e+00
     vertex  2.740058e+00 -6.981553e+00  9.925000e+01
     vertex  2.740058e+00 -6.981553e+00  0.000000e+00
   endloop
 endfacet
 facet normal  4.338837e-01 -9.009689e-01  0.000000e+00
   outer loop
     vertex  3.421580e+00 -6.674039e+00  0.000000e+00
     vertex  3.421580e+00 -6.674039e+00  9.925000e+01
     vertex  3.084653e+00 -6.836294e+00  9.925000e+01
   endloop
 endfacet
 facet normal  4.782540e-01 -8.782216e-01  0.000000e+00
   outer loop
     vertex  3.421580e+00 -6.674039e+00  0.000000e+00
     vertex  3.750000e+00 -6.495191e+00  9.925000e+01
     vertex  3.421580e+00 -6.674039e+00  9.925000e+01
   endloop
 endfacet
 facet normal  4.338837e-01 -9.009689e-01  0.000000e+00
   outer loop
     vertex  3.421580e+00 -6.674039e+00  0.000000e+00
     vertex  3.084653e+00 -6.836294e+00  9.925000e+01
     vertex  3.084653e+00 -6.836294e+00  0.000000e+00
   endloop
 endfacet
 facet normal  4.782540e-01 -8.782216e-01  0.000000e+00
   outer loop
     vertex  3.750000e+00 -6.495191e+00  0.000000e+00
     vertex  3.750000e+00 -6.495191e+00  9.925000e+01
     vertex  3.421580e+00 -6.674039e+00  0.000000e+00
   endloop
 endfacet
 facet normal  5.214352e-01 -8.532909e-01  0.000000e+00
   outer loop
     vertex  4.069097e+00 -6.300194e+00  0.000000e+00
     vertex  4.069097e+00 -6.300194e+00  9.925000e+01
     vertex  3.750000e+00 -6.495191e+00  9.925000e+01
   endloop
 endfacet
 facet normal  5.633201e-01 -8.262388e-01  0.000000e+00
   outer loop
     vertex  4.069097e+00 -6.300194e+00  0.000000e+00
     vertex  4.378078e+00 -6.089535e+00  9.925000e+01
     vertex  4.069097e+00 -6.300194e+00  9.925000e+01
   endloop
 endfacet
 facet normal  5.214352e-01 -8.532909e-01  0.000000e+00
   outer loop
     vertex  4.069097e+00 -6.300194e+00  0.000000e+00
     vertex  3.750000e+00 -6.495191e+00  9.925000e+01
     vertex  3.750000e+00 -6.495191e+00  0.000000e+00
   endloop
 endfacet
 facet normal  5.633201e-01 -8.262388e-01  0.000000e+00
   outer loop
     vertex  4.378078e+00 -6.089535e+00  0.000000e+00
     vertex  4.378078e+00 -6.089535e+00  9.925000e+01
     vertex  4.069097e+00 -6.300194e+00  0.000000e+00
   endloop
 endfacet
 facet normal  6.038044e-01 -7.971325e-01  0.000000e+00
   outer loop
     vertex  4.676174e+00 -5.863736e+00  0.000000e+00
     vertex  4.676174e+00 -5.863736e+00  9.925000e+01
     vertex  4.378078e+00 -6.089535e+00  9.925000e+01
   endloop
 endfacet
 facet normal  6.038044e-01 -7.971325e-01  0.000000e+00
   outer loop
     vertex  4.676174e+00 -5.863736e+00  0.000000e+00
     vertex  4.378078e+00 -6.089535e+00  9.925000e+01
     vertex  4.378078e+00 -6.089535e+00  0.000000e+00
   endloop
 endfacet
 facet normal  6.427876e-01 -7.660444e-01  0.000000e+00
   outer loop
     vertex  4.962644e+00 -5.623359e+00  0.000000e+00
     vertex  4.962644e+00 -5.623359e+00  9.925000e+01
     vertex  4.676174e+00 -5.863736e+00  9.925000e+01
   endloop
 endfacet
 facet normal  6.801727e-01 -7.330519e-01  0.000000e+00
   outer loop
     vertex  4.962644e+00 -5.623359e+00  0.000000e+00
     vertex  5.236776e+00 -5.369001e+00  9.925000e+01
     vertex  4.962644e+00 -5.623359e+00  9.925000e+01
   endloop
 endfacet
 facet normal  6.427876e-01 -7.660444e-01  0.000000e+00
   outer loop
     vertex  4.962644e+00 -5.623359e+00  0.000000e+00
     vertex  4.676174e+00 -5.863736e+00  9.925000e+01
     vertex  4.676174e+00 -5.863736e+00  0.000000e+00
   endloop
 endfacet
 facet normal  6.801727e-01 -7.330519e-01  0.000000e+00
   outer loop
     vertex  5.236776e+00 -5.369001e+00  0.000000e+00
     vertex  5.236776e+00 -5.369001e+00  9.925000e+01
     vertex  4.962644e+00 -5.623359e+00  0.000000e+00
   endloop
 endfacet
 facet normal  7.158668e-01 -6.982368e-01  0.000000e+00
   outer loop
     vertex  5.497889e+00 -5.101296e+00  0.000000e+00
     vertex  5.497889e+00 -5.101296e+00  9.925000e+01
     vertex  5.236776e+00 -5.369001e+00  9.925000e+01
   endloop
 endfacet
 facet normal  7.158668e-01 -6.982368e-01  0.000000e+00
   outer loop
     vertex  5.497889e+00 -5.101296e+00  0.000000e+00
     vertex  5.236776e+00 -5.369001e+00  9.925000e+01
     vertex  5.236776e+00 -5.369001e+00  0.000000e+00
   endloop
 endfacet
 facet normal  7.497812e-01 -6.616858e-01  0.000000e+00
   outer loop
     vertex  5.745333e+00 -4.820907e+00  0.000000e+00
     vertex  5.497889e+00 -5.101296e+00  9.925000e+01
     vertex  5.497889e+00 -5.101296e+00  0.000000e+00
   endloop
 endfacet
 facet normal  7.497812e-01 -6.616858e-01  0.000000e+00
   outer loop
     vertex  5.745333e+00 -4.820907e+00  0.000000e+00
     vertex  5.745333e+00 -4.820907e+00  9.925000e+01
     vertex  5.497889e+00 -5.101296e+00  9.925000e+01
   endloop
 endfacet
 facet normal  7.818315e-01 -6.234898e-01  0.000000e+00
   outer loop
     vertex  5.745333e+00 -4.820907e+00  0.000000e+00
     vertex  5.978494e+00 -4.528533e+00  9.925000e+01
     vertex  5.745333e+00 -4.820907e+00  9.925000e+01
   endloop
 endfacet
 facet normal  7.818315e-01 -6.234898e-01  0.000000e+00
   outer loop
     vertex  5.978494e+00 -4.528533e+00  0.000000e+00
     vertex  5.978494e+00 -4.528533e+00  9.925000e+01
     vertex  5.745333e+00 -4.820907e+00  0.000000e+00
   endloop
 endfacet
 facet normal  8.119380e-01 -5.837437e-01  0.000000e+00
   outer loop
     vertex  6.196791e+00 -4.224900e+00  0.000000e+00
     vertex  6.196791e+00 -4.224900e+00  9.925000e+01
     vertex  5.978494e+00 -4.528533e+00  9.925000e+01
   endloop
 endfacet
 facet normal  8.119380e-01 -5.837437e-01  0.000000e+00
   outer loop
     vertex  6.196791e+00 -4.224900e+00  0.000000e+00
     vertex  5.978494e+00 -4.528533e+00  9.925000e+01
     vertex  5.978494e+00 -4.528533e+00  0.000000e+00
   endloop
 endfacet
 facet normal  8.400259e-01 -5.425463e-01  0.000000e+00
   outer loop
     vertex  6.399682e+00 -3.910764e+00  0.000000e+00
     vertex  6.196791e+00 -4.224900e+00  9.925000e+01
     vertex  6.196791e+00 -4.224900e+00  0.000000e+00
   endloop
 endfacet
 facet normal  8.400259e-01 -5.425463e-01  0.000000e+00
   outer loop
     vertex  6.399682e+00 -3.910764e+00  0.000000e+00
     vertex  6.399682e+00 -3.910764e+00  9.925000e+01
     vertex  6.196791e+00 -4.224900e+00  9.925000e+01
   endloop
 endfacet
 facet normal  8.660254e-01 -5.000000e-01  0.000000e+00
   outer loop
     vertex  6.586662e+00 -3.586905e+00  0.000000e+00
     vertex  6.399682e+00 -3.910764e+00  9.925000e+01
     vertex  6.399682e+00 -3.910764e+00  0.000000e+00
   endloop
 endfacet
 facet normal  8.660254e-01 -5.000000e-01  0.000000e+00
   outer loop
     vertex  6.586662e+00 -3.586905e+00  0.000000e+00
     vertex  6.586662e+00 -3.586905e+00  9.925000e+01
     vertex  6.399682e+00 -3.910764e+00  9.925000e+01
   endloop
 endfacet
 facet normal  8.898718e-01 -4.562107e-01  0.000000e+00
   outer loop
     vertex  6.757267e+00 -3.254128e+00  0.000000e+00
     vertex  6.757267e+00 -3.254128e+00  9.925000e+01
     vertex  6.586662e+00 -3.586905e+00  9.925000e+01
   endloop
 endfacet
 facet normal  8.898718e-01 -4.562107e-01  0.000000e+00
   outer loop
     vertex  6.757267e+00 -3.254128e+00  0.000000e+00
     vertex  6.586662e+00 -3.586905e+00  9.925000e+01
     vertex  6.586662e+00 -3.586905e+00  0.000000e+00
   endloop
 endfacet
 facet normal  9.115059e-01 -4.112871e-01  0.000000e+00
   outer loop
     vertex  6.911072e+00 -2.913261e+00  0.000000e+00
     vertex  6.911072e+00 -2.913261e+00  9.925000e+01
     vertex  6.757267e+00 -3.254128e+00  9.925000e+01
   endloop
 endfacet
 facet normal  9.115059e-01 -4.112871e-01  0.000000e+00
   outer loop
     vertex  6.911072e+00 -2.913261e+00  0.000000e+00
     vertex  6.757267e+00 -3.254128e+00  9.925000e+01
     vertex  6.757267e+00 -3.254128e+00  0.000000e+00
   endloop
 endfacet
 facet normal  9.308737e-01 -3.653410e-01  0.000000e+00
   outer loop
     vertex  7.047695e+00 -2.565151e+00  0.000000e+00
     vertex  7.047695e+00 -2.565151e+00  9.925000e+01
     vertex  6.911072e+00 -2.913261e+00  9.925000e+01
   endloop
 endfacet
 facet normal  9.308737e-01 -3.653410e-01  0.000000e+00
   outer loop
     vertex  7.047695e+00 -2.565151e+00  0.000000e+00
     vertex  6.911072e+00 -2.913261e+00  9.925000e+01
     vertex  6.911072e+00 -2.913261e+00  0.000000e+00
   endloop
 endfacet
 facet normal  9.479273e-01 -3.184867e-01  0.000000e+00
   outer loop
     vertex  7.166796e+00 -2.210664e+00  0.000000e+00
     vertex  7.166796e+00 -2.210664e+00  9.925000e+01
     vertex  7.047695e+00 -2.565151e+00  9.925000e+01
   endloop
 endfacet
 facet normal  9.626242e-01 -2.708405e-01  0.000000e+00
   outer loop
     vertex  7.166796e+00 -2.210664e+00  0.000000e+00
     vertex  7.268080e+00 -1.850680e+00  9.925000e+01
     vertex  7.166796e+00 -2.210664e+00  9.925000e+01
   endloop
 endfacet
 facet normal  9.479273e-01 -3.184867e-01  0.000000e+00
   outer loop
     vertex  7.166796e+00 -2.210664e+00  0.000000e+00
     vertex  7.047695e+00 -2.565151e+00  9.925000e+01
     vertex  7.047695e+00 -2.565151e+00  0.000000e+00
   endloop
 endfacet
 facet normal  9.749279e-01 -2.225209e-01  0.000000e+00
   outer loop
     vertex  7.268080e+00 -1.850680e+00  0.000000e+00
     vertex  7.351294e+00 -1.486096e+00  9.925000e+01
     vertex  7.268080e+00 -1.850680e+00  9.925000e+01
   endloop
 endfacet
 facet normal  9.626242e-01 -2.708405e-01  0.000000e+00
   outer loop
     vertex  7.268080e+00 -1.850680e+00  0.000000e+00
     vertex  7.268080e+00 -1.850680e+00  9.925000e+01
     vertex  7.166796e+00 -2.210664e+00  0.000000e+00
   endloop
 endfacet
 facet normal  9.749279e-01 -2.225209e-01  0.000000e+00
   outer loop
     vertex  7.351294e+00 -1.486096e+00  0.000000e+00
     vertex  7.351294e+00 -1.486096e+00  9.925000e+01
     vertex  7.268080e+00 -1.850680e+00  0.000000e+00
   endloop
 endfacet
 facet normal  9.848078e-01 -1.736482e-01  0.000000e+00
   outer loop
     vertex  7.416231e+00 -1.117817e+00  0.000000e+00
     vertex  7.416231e+00 -1.117817e+00  9.925000e+01
     vertex  7.351294e+00 -1.486096e+00  9.925000e+01
   endloop
 endfacet
 facet normal  9.922392e-01 -1.243437e-01  0.000000e+00
   outer loop
     vertex  7.416231e+00 -1.117817e+00  0.000000e+00
     vertex  7.462731e+00 -7.467588e-01  9.925000e+01
     vertex  7.416231e+00 -1.117817e+00  9.925000e+01
   endloop
 endfacet
 facet normal  9.848078e-01 -1.736482e-01  0.000000e+00
   outer loop
     vertex  7.416231e+00 -1.117817e+00  0.000000e+00
     vertex  7.351294e+00 -1.486096e+00  9.925000e+01
     vertex  7.351294e+00 -1.486096e+00  0.000000e+00
   endloop
 endfacet
 facet normal  9.922392e-01 -1.243437e-01  0.000000e+00
   outer loop
     vertex  7.462731e+00 -7.467588e-01  0.000000e+00
     vertex  7.462731e+00 -7.467588e-01  9.925000e+01
     vertex  7.416231e+00 -1.117817e+00  0.000000e+00
   endloop
 endfacet
 facet normal  9.972038e-01 -7.473009e-02  0.000000e+00
   outer loop
     vertex  7.490677e+00 -3.738441e-01  0.000000e+00
     vertex  7.490677e+00 -3.738441e-01  9.925000e+01
     vertex  7.462731e+00 -7.467588e-01  9.925000e+01
   endloop
 endfacet
 facet normal  9.972038e-01 -7.473009e-02  0.000000e+00
   outer loop
     vertex  7.490677e+00 -3.738441e-01  0.000000e+00
     vertex  7.462731e+00 -7.467588e-01  9.925000e+01
     vertex  7.462731e+00 -7.467588e-01  0.000000e+00
   endloop
 endfacet
 facet normal  9.996892e-01 -2.493069e-02  0.000000e+00
   outer loop
     vertex  7.500000e+00  0.000000e+00  0.000000e+00
     vertex  7.500000e+00  0.000000e+00  9.925000e+01
     vertex  7.490677e+00 -3.738441e-01  9.925000e+01
   endloop
 endfacet
 facet normal  9.996892e-01 -2.493069e-02  0.000000e+00
   outer loop
     vertex  7.500000e+00  0.000000e+00  0.000000e+00
     vertex  7.490677e+00 -3.738441e-01  9.925000e+01
     vertex  7.490677e+00 -3.738441e-01  0.000000e+00
   endloop
 endfacet
 facet normal  7.069969e-01  1.763140e-02  7.069969e-01
   outer loop
     vertex  7.125000e+00  0.000000e+00  9.962500e+01
     vertex  7.500000e+00  0.000000e+00  9.925000e+01
     vertex  7.490677e+00  3.738441e-01  9.925000e+01
   endloop
 endfacet
 facet normal  7.069969e-01  1.763140e-02  7.069969e-01
   outer loop
     vertex  6.741609e+00  3.364597e-01  1.000000e+02
     vertex  6.750000e+00  0.000000e+00  1.000000e+02
     vertex  7.125000e+00  0.000000e+00  9.962500e+01
   endloop
 endfacet
 facet normal  7.069969e-01 -1.763140e-02  7.069969e-01
   outer loop
     vertex  7.125000e+00  0.000000e+00  9.962500e+01
     vertex  7.490677e+00 -3.738441e-01  9.925000e+01
     vertex  7.500000e+00  0.000000e+00  9.925000e+01
   endloop
 endfacet
 facet normal  7.069969e-01 -1.763140e-02  7.069969e-01
   outer loop
     vertex  6.750000e+00  0.000000e+00  1.000000e+02
     vertex  6.741609e+00 -3.364597e-01  1.000000e+02
     vertex  7.125000e+00  0.000000e+00  9.962500e+01
   endloop
 endfacet
 facet normal  7.052392e-01  5.285037e-02  7.069969e-01
   outer loop
     vertex  7.089594e+00  7.094209e-01  9.962500e+01
     vertex  7.490677e+00  3.738441e-01  9.925000e+01
     vertex  7.462731e+00  7.467588e-01  9.925000e+01
   endloop
 endfacet
 facet normal  7.017281e-01  8.793794e-02  7.069969e-01
   outer loop
     vertex  7.089594e+00  7.094209e-01  9.962500e+01
     vertex  7.462731e+00  7.467588e-01  9.925000e+01
     vertex  7.416231e+00  1.117817e+00  9.925000e+01
   endloop
 endfacet
 facet normal  7.052392e-01  5.285037e-02  7.069969e-01
   outer loop
     vertex  7.089594e+00  7.094209e-01  9.962500e+01
     vertex  6.716458e+00  6.720830e-01  1.000000e+02
     vertex  6.741609e+00  3.364597e-01  1.000000e+02
   endloop
 endfacet
 facet normal  7.017281e-01  8.793794e-02  7.069969e-01
   outer loop
     vertex  7.089594e+00  7.094209e-01  9.962500e+01
     vertex  6.674608e+00  1.006035e+00  1.000000e+02
     vertex  6.716458e+00  6.720830e-01  1.000000e+02
   endloop
 endfacet
 facet normal  6.979376e-01  3.483262e-02  7.153110e-01
   outer loop
     vertex  7.089594e+00  7.094209e-01  9.962500e+01
     vertex  7.125000e+00  0.000000e+00  9.962500e+01
     vertex  7.490677e+00  3.738441e-01  9.925000e+01
   endloop
 endfacet
 facet normal  7.146165e-01  3.566502e-02  6.986067e-01
   outer loop
     vertex  7.089594e+00  7.094209e-01  9.962500e+01
     vertex  6.741609e+00  3.364597e-01  1.000000e+02
     vertex  7.125000e+00  0.000000e+00  9.962500e+01
   endloop
 endfacet
 facet normal  6.964725e-01  1.228069e-01  7.069969e-01
   outer loop
     vertex  6.983729e+00  1.411791e+00  9.962500e+01
     vertex  7.416231e+00  1.117817e+00  9.925000e+01
     vertex  7.351294e+00  1.486096e+00  9.925000e+01
   endloop
 endfacet
 facet normal  6.894853e-01  1.573705e-01  7.069969e-01
   outer loop
     vertex  6.983729e+00  1.411791e+00  9.962500e+01
     vertex  7.351294e+00  1.486096e+00  9.925000e+01
     vertex  7.268080e+00  1.850680e+00  9.925000e+01
   endloop
 endfacet
 facet normal  6.964725e-01  1.228069e-01  7.069969e-01
   outer loop
     vertex  6.983729e+00  1.411791e+00  9.962500e+01
     vertex  6.616164e+00  1.337486e+00  1.000000e+02
     vertex  6.674608e+00  1.006035e+00  1.000000e+02
   endloop
 endfacet
 facet normal  6.894853e-01  1.573705e-01  7.069969e-01
   outer loop
     vertex  6.983729e+00  1.411791e+00  9.962500e+01
     vertex  6.541272e+00  1.665612e+00  1.000000e+02
     vertex  6.616164e+00  1.337486e+00  1.000000e+02
   endloop
 endfacet
 facet normal  6.910012e-01  1.041517e-01  7.153110e-01
   outer loop
     vertex  6.983729e+00  1.411791e+00  9.962500e+01
     vertex  7.089594e+00  7.094209e-01  9.962500e+01
     vertex  7.416231e+00  1.117817e+00  9.925000e+01
   endloop
 endfacet
 facet normal  7.075143e-01  1.066406e-01  6.986067e-01
   outer loop
     vertex  6.983729e+00  1.411791e+00  9.962500e+01
     vertex  6.674608e+00  1.006035e+00  1.000000e+02
     vertex  7.089594e+00  7.094209e-01  9.962500e+01
   endloop
 endfacet
 facet normal  6.807839e-01  1.915429e-01  7.069969e-01
   outer loop
     vertex  6.808456e+00  2.100131e+00  9.962500e+01
     vertex  7.268080e+00  1.850680e+00  9.925000e+01
     vertex  7.166796e+00  2.210664e+00  9.925000e+01
   endloop
 endfacet
 facet normal  6.703900e-01  2.252391e-01  7.069969e-01
   outer loop
     vertex  6.808456e+00  2.100131e+00  9.962500e+01
     vertex  7.166796e+00  2.210664e+00  9.925000e+01
     vertex  7.047695e+00  2.565151e+00  9.925000e+01
   endloop
 endfacet
 facet normal  6.933805e-01  1.765564e-01  6.986067e-01
   outer loop
     vertex  6.808456e+00  2.100131e+00  9.962500e+01
     vertex  6.541272e+00  1.665612e+00  1.000000e+02
     vertex  6.983729e+00  1.411791e+00  9.962500e+01
   endloop
 endfacet
 facet normal  6.807839e-01  1.915429e-01  7.069969e-01
   outer loop
     vertex  6.808456e+00  2.100131e+00  9.962500e+01
     vertex  6.450116e+00  1.989597e+00  1.000000e+02
     vertex  6.541272e+00  1.665612e+00  1.000000e+02
   endloop
 endfacet
 facet normal  6.703900e-01  2.252391e-01  7.069969e-01
   outer loop
     vertex  6.808456e+00  2.100131e+00  9.962500e+01
     vertex  6.342925e+00  2.308636e+00  1.000000e+02
     vertex  6.450116e+00  1.989597e+00  1.000000e+02
   endloop
 endfacet
 facet normal  6.771973e-01  1.724356e-01  7.153110e-01
   outer loop
     vertex  6.808456e+00  2.100131e+00  9.962500e+01
     vertex  6.983729e+00  1.411791e+00  9.962500e+01
     vertex  7.268080e+00  1.850680e+00  9.925000e+01
   endloop
 endfacet
 facet normal  6.583294e-01  2.583753e-01  7.069969e-01
   outer loop
     vertex  6.565518e+00  2.767598e+00  9.962500e+01
     vertex  7.047695e+00  2.565151e+00  9.925000e+01
     vertex  6.911072e+00  2.913261e+00  9.925000e+01
   endloop
 endfacet
 facet normal  6.446321e-01  2.908691e-01  7.069969e-01
   outer loop
     vertex  6.565518e+00  2.767598e+00  9.962500e+01
     vertex  6.911072e+00  2.913261e+00  9.925000e+01
     vertex  6.757267e+00  3.254128e+00  9.925000e+01
   endloop
 endfacet
 facet normal  6.566631e-01  2.390058e-01  7.153110e-01
   outer loop
     vertex  6.565518e+00  2.767598e+00  9.962500e+01
     vertex  6.808456e+00  2.100131e+00  9.962500e+01
     vertex  7.047695e+00  2.565151e+00  9.925000e+01
   endloop
 endfacet
 facet normal  6.583294e-01  2.583753e-01  7.069969e-01
   outer loop
     vertex  6.565518e+00  2.767598e+00  9.962500e+01
     vertex  6.219964e+00  2.621935e+00  1.000000e+02
     vertex  6.342925e+00  2.308636e+00  1.000000e+02
   endloop
 endfacet
 facet normal  6.446321e-01  2.908691e-01  7.069969e-01
   outer loop
     vertex  6.565518e+00  2.767598e+00  9.962500e+01
     vertex  6.081540e+00  2.928715e+00  1.000000e+02
     vertex  6.219964e+00  2.621935e+00  1.000000e+02
   endloop
 endfacet
 facet normal  6.723556e-01  2.447174e-01  6.986067e-01
   outer loop
     vertex  6.565518e+00  2.767598e+00  9.962500e+01
     vertex  6.342925e+00  2.308636e+00  1.000000e+02
     vertex  6.808456e+00  2.100131e+00  9.962500e+01
   endloop
 endfacet
 facet normal  6.293322e-01  3.226398e-01  7.069969e-01
   outer loop
     vertex  6.257329e+00  3.407560e+00  9.962500e+01
     vertex  6.757267e+00  3.254128e+00  9.925000e+01
     vertex  6.586662e+00  3.586905e+00  9.925000e+01
   endloop
 endfacet
 facet normal  6.124676e-01  3.536083e-01  7.069969e-01
   outer loop
     vertex  6.257329e+00  3.407560e+00  9.962500e+01
     vertex  6.586662e+00  3.586905e+00  9.925000e+01
     vertex  6.399682e+00  3.910764e+00  9.925000e+01
   endloop
 endfacet
 facet normal  6.293322e-01  3.226398e-01  7.069969e-01
   outer loop
     vertex  6.257329e+00  3.407560e+00  9.962500e+01
     vertex  5.927996e+00  3.228214e+00  1.000000e+02
     vertex  6.081540e+00  2.928715e+00  1.000000e+02
   endloop
 endfacet
 facet normal  6.124676e-01  3.536083e-01  7.069969e-01
   outer loop
     vertex  6.257329e+00  3.407560e+00  9.962500e+01
     vertex  5.759713e+00  3.519688e+00  1.000000e+02
     vertex  5.927996e+00  3.228214e+00  1.000000e+02
   endloop
 endfacet
 facet normal  6.296027e-01  3.032007e-01  7.153110e-01
   outer loop
     vertex  6.257329e+00  3.407560e+00  9.962500e+01
     vertex  6.565518e+00  2.767598e+00  9.962500e+01
     vertex  6.757267e+00  3.254128e+00  9.925000e+01
   endloop
 endfacet
 facet normal  6.446485e-01  3.104464e-01  6.986067e-01
   outer loop
     vertex  6.257329e+00  3.407560e+00  9.962500e+01
     vertex  6.081540e+00  2.928715e+00  1.000000e+02
     vertex  6.565518e+00  2.767598e+00  9.962500e+01
   endloop
 endfacet
 facet normal  5.962850e-01  3.643822e-01  7.153110e-01
   outer loop
     vertex  5.886951e+00  4.013655e+00  9.962500e+01
     vertex  6.257329e+00  3.407560e+00  9.962500e+01
     vertex  6.399682e+00  3.910764e+00  9.925000e+01
   endloop
 endfacet
 facet normal  5.940803e-01  3.836978e-01  7.069969e-01
   outer loop
     vertex  5.886951e+00  4.013655e+00  9.962500e+01
     vertex  6.399682e+00  3.910764e+00  9.925000e+01
     vertex  6.196791e+00  4.224900e+00  9.925000e+01
   endloop
 endfacet
 facet normal  5.742161e-01  4.128333e-01  7.069969e-01
   outer loop
     vertex  5.886951e+00  4.013655e+00  9.962500e+01
     vertex  6.196791e+00  4.224900e+00  9.925000e+01
     vertex  5.978494e+00  4.528533e+00  9.925000e+01
   endloop
 endfacet
 facet normal  6.105346e-01  3.730900e-01  6.986067e-01
   outer loop
     vertex  5.886951e+00  4.013655e+00  9.962500e+01
     vertex  5.759713e+00  3.519688e+00  1.000000e+02
     vertex  6.257329e+00  3.407560e+00  9.962500e+01
   endloop
 endfacet
 facet normal  5.940803e-01  3.836978e-01  7.069969e-01
   outer loop
     vertex  5.886951e+00  4.013655e+00  9.962500e+01
     vertex  5.577112e+00  3.802410e+00  1.000000e+02
     vertex  5.759713e+00  3.519688e+00  1.000000e+02
   endloop
 endfacet
 facet normal  5.742161e-01  4.128333e-01  7.069969e-01
   outer loop
     vertex  5.886951e+00  4.013655e+00  9.962500e+01
     vertex  5.380644e+00  4.075680e+00  1.000000e+02
     vertex  5.577112e+00  3.802410e+00  1.000000e+02
   endloop
 endfacet
 facet normal  5.529243e-01  4.409424e-01  7.069969e-01
   outer loop
     vertex  5.458067e+00  4.579862e+00  9.962500e+01
     vertex  5.978494e+00  4.528533e+00  9.925000e+01
     vertex  5.745333e+00  4.820907e+00  9.925000e+01
   endloop
 endfacet
 facet normal  5.302578e-01  4.679553e-01  7.069969e-01
   outer loop
     vertex  5.458067e+00  4.579862e+00  9.962500e+01
     vertex  5.745333e+00  4.820907e+00  9.925000e+01
     vertex  5.497889e+00  5.101296e+00  9.925000e+01
   endloop
 endfacet
 facet normal  5.529243e-01  4.409424e-01  7.069969e-01
   outer loop
     vertex  5.458067e+00  4.579862e+00  9.962500e+01
     vertex  5.170800e+00  4.338816e+00  1.000000e+02
     vertex  5.380644e+00  4.075680e+00  1.000000e+02
   endloop
 endfacet
 facet normal  5.302578e-01  4.679553e-01  7.069969e-01
   outer loop
     vertex  5.458067e+00  4.579862e+00  9.962500e+01
     vertex  4.948100e+00  4.591166e+00  1.000000e+02
     vertex  5.170800e+00  4.338816e+00  1.000000e+02
   endloop
 endfacet
 facet normal  5.570412e-01  4.219423e-01  7.153110e-01
   outer loop
     vertex  5.458067e+00  4.579862e+00  9.962500e+01
     vertex  5.886951e+00  4.013655e+00  9.962500e+01
     vertex  5.978494e+00  4.528533e+00  9.925000e+01
   endloop
 endfacet
 facet normal  5.703530e-01  4.320256e-01  6.986067e-01
   outer loop
     vertex  5.458067e+00  4.579862e+00  9.962500e+01
     vertex  5.380644e+00  4.075680e+00  1.000000e+02
     vertex  5.886951e+00  4.013655e+00  9.962500e+01
   endloop
 endfacet
 facet normal  5.062730e-01  4.938047e-01  7.069969e-01
   outer loop
     vertex  4.974937e+00  5.100551e+00  9.962500e+01
     vertex  5.497889e+00  5.101296e+00  9.925000e+01
     vertex  5.236776e+00  5.369001e+00  9.925000e+01
   endloop
 endfacet
 facet normal  4.810295e-01  5.184265e-01  7.069969e-01
   outer loop
     vertex  4.974937e+00  5.100551e+00  9.962500e+01
     vertex  5.236776e+00  5.369001e+00  9.925000e+01
     vertex  4.962644e+00  5.623359e+00  9.925000e+01
   endloop
 endfacet
 facet normal  5.062730e-01  4.938047e-01  7.069969e-01
   outer loop
     vertex  4.974937e+00  5.100551e+00  9.962500e+01
     vertex  4.713099e+00  4.832101e+00  1.000000e+02
     vertex  4.948100e+00  4.591166e+00  1.000000e+02
   endloop
 endfacet
 facet normal  4.810295e-01  5.184265e-01  7.069969e-01
   outer loop
     vertex  4.974937e+00  5.100551e+00  9.962500e+01
     vertex  4.466379e+00  5.061023e+00  1.000000e+02
     vertex  4.713099e+00  4.832101e+00  1.000000e+02
   endloop
 endfacet
 facet normal  5.122612e-01  4.753090e-01  7.153110e-01
   outer loop
     vertex  4.974937e+00  5.100551e+00  9.962500e+01
     vertex  5.458067e+00  4.579862e+00  9.962500e+01
     vertex  5.497889e+00  5.101296e+00  9.925000e+01
   endloop
 endfacet
 facet normal  5.245029e-01  4.866676e-01  6.986067e-01
   outer loop
     vertex  4.974937e+00  5.100551e+00  9.962500e+01
     vertex  4.948100e+00  4.591166e+00  1.000000e+02
     vertex  5.458067e+00  4.579862e+00  9.962500e+01
   endloop
 endfacet
 facet normal  4.623902e-01  5.239518e-01  7.153110e-01
   outer loop
     vertex  4.442365e+00  5.570549e+00  9.962500e+01
     vertex  4.974937e+00  5.100551e+00  9.962500e+01
     vertex  4.962644e+00  5.623359e+00  9.925000e+01
   endloop
 endfacet
 facet normal  4.545901e-01  5.417594e-01  7.069969e-01
   outer loop
     vertex  4.442365e+00  5.570549e+00  9.962500e+01
     vertex  4.962644e+00  5.623359e+00  9.925000e+01
     vertex  4.676174e+00  5.863736e+00  9.925000e+01
   endloop
 endfacet
 facet normal  4.270206e-01  5.637454e-01  7.069969e-01
   outer loop
     vertex  4.442365e+00  5.570549e+00  9.962500e+01
     vertex  4.676174e+00  5.863736e+00  9.925000e+01
     vertex  4.378078e+00  6.089535e+00  9.925000e+01
   endloop
 endfacet
 facet normal  4.734401e-01  5.364729e-01  6.986067e-01
   outer loop
     vertex  4.442365e+00  5.570549e+00  9.962500e+01
     vertex  4.466379e+00  5.061023e+00  1.000000e+02
     vertex  4.974937e+00  5.100551e+00  9.962500e+01
   endloop
 endfacet
 facet normal  4.545901e-01  5.417594e-01  7.069969e-01
   outer loop
     vertex  4.442365e+00  5.570549e+00  9.962500e+01
     vertex  4.208556e+00  5.277363e+00  1.000000e+02
     vertex  4.466379e+00  5.061023e+00  1.000000e+02
   endloop
 endfacet
 facet normal  4.270206e-01  5.637454e-01  7.069969e-01
   outer loop
     vertex  4.442365e+00  5.570549e+00  9.962500e+01
     vertex  3.940270e+00  5.480582e+00  1.000000e+02
     vertex  4.208556e+00  5.277363e+00  1.000000e+02
   endloop
 endfacet
 facet normal  3.983893e-01  5.843298e-01  7.069969e-01
   outer loop
     vertex  3.865642e+00  5.985185e+00  9.962500e+01
     vertex  4.378078e+00  6.089535e+00  9.925000e+01
     vertex  4.069097e+00  6.300194e+00  9.925000e+01
   endloop
 endfacet
 facet normal  3.687677e-01  6.034615e-01  7.069969e-01
   outer loop
     vertex  3.865642e+00  5.985185e+00  9.962500e+01
     vertex  4.069097e+00  6.300194e+00  9.925000e+01
     vertex  3.750000e+00  6.495191e+00  9.925000e+01
   endloop
 endfacet
 facet normal  3.983893e-01  5.843298e-01  7.069969e-01
   outer loop
     vertex  3.865642e+00  5.985185e+00  9.962500e+01
     vertex  3.662187e+00  5.670175e+00  1.000000e+02
     vertex  3.940270e+00  5.480582e+00  1.000000e+02
   endloop
 endfacet
 facet normal  3.687677e-01  6.034615e-01  7.069969e-01
   outer loop
     vertex  3.865642e+00  5.985185e+00  9.962500e+01
     vertex  3.375000e+00  5.845671e+00  1.000000e+02
     vertex  3.662187e+00  5.670175e+00  1.000000e+02
   endloop
 endfacet
 facet normal  4.079237e-01  5.673874e-01  7.153110e-01
   outer loop
     vertex  3.865642e+00  5.985185e+00  9.962500e+01
     vertex  4.442365e+00  5.570549e+00  9.962500e+01
     vertex  4.378078e+00  6.089535e+00  9.925000e+01
   endloop
 endfacet
 facet normal  4.176720e-01  5.809464e-01  6.986067e-01
   outer loop
     vertex  3.865642e+00  5.985185e+00  9.962500e+01
     vertex  3.940270e+00  5.480582e+00  1.000000e+02
     vertex  4.442365e+00  5.570549e+00  9.962500e+01
   endloop
 endfacet
 facet normal  3.577529e-01  6.196463e-01  6.986067e-01
   outer loop
     vertex  3.250501e+00  6.340337e+00  9.962500e+01
     vertex  3.375000e+00  5.845671e+00  1.000000e+02
     vertex  3.865642e+00  5.985185e+00  9.962500e+01
   endloop
 endfacet
 facet normal  3.382292e-01  6.210929e-01  7.069969e-01
   outer loop
     vertex  3.250501e+00  6.340337e+00  9.962500e+01
     vertex  3.750000e+00  6.495191e+00  9.925000e+01
     vertex  3.421580e+00  6.674039e+00  9.925000e+01
   endloop
 endfacet
 facet normal  3.068498e-01  6.371802e-01  7.069969e-01
   outer loop
     vertex  3.250501e+00  6.340337e+00  9.962500e+01
     vertex  3.421580e+00  6.674039e+00  9.925000e+01
     vertex  3.084653e+00  6.836294e+00  9.925000e+01
   endloop
 endfacet
 facet normal  3.382292e-01  6.210929e-01  7.069969e-01
   outer loop
     vertex  3.250501e+00  6.340337e+00  9.962500e+01
     vertex  3.079422e+00  6.006635e+00  1.000000e+02
     vertex  3.375000e+00  5.845671e+00  1.000000e+02
   endloop
 endfacet
 facet normal  3.068498e-01  6.371802e-01  7.069969e-01
   outer loop
     vertex  3.250501e+00  6.340337e+00  9.962500e+01
     vertex  2.776188e+00  6.152665e+00  1.000000e+02
     vertex  3.079422e+00  6.006635e+00  1.000000e+02
   endloop
 endfacet
 facet normal  3.494031e-01  6.051840e-01  7.153110e-01
   outer loop
     vertex  3.250501e+00  6.340337e+00  9.962500e+01
     vertex  3.865642e+00  5.985185e+00  9.962500e+01
     vertex  3.750000e+00  6.495191e+00  9.925000e+01
   endloop
 endfacet
 facet normal  2.747076e-01  6.516833e-01  7.069969e-01
   outer loop
     vertex  2.603055e+00  6.632475e+00  9.962500e+01
     vertex  3.084653e+00  6.836294e+00  9.925000e+01
     vertex  2.740058e+00  6.981553e+00  9.925000e+01
   endloop
 endfacet
 facet normal  2.418824e-01  6.645663e-01  7.069969e-01
   outer loop
     vertex  2.603055e+00  6.632475e+00  9.962500e+01
     vertex  2.740058e+00  6.981553e+00  9.925000e+01
     vertex  2.388650e+00  7.109455e+00  9.925000e+01
   endloop
 endfacet
 facet normal  2.874100e-01  6.369660e-01  7.153110e-01
   outer loop
     vertex  2.603055e+00  6.632475e+00  9.962500e+01
     vertex  3.250501e+00  6.340337e+00  9.962500e+01
     vertex  3.084653e+00  6.836294e+00  9.925000e+01
   endloop
 endfacet
 facet normal  2.942783e-01  6.521878e-01  6.986067e-01
   outer loop
     vertex  2.603055e+00  6.632475e+00  9.962500e+01
     vertex  2.776188e+00  6.152665e+00  1.000000e+02
     vertex  3.250501e+00  6.340337e+00  9.962500e+01
   endloop
 endfacet
 facet normal  2.747076e-01  6.516833e-01  7.069969e-01
   outer loop
     vertex  2.603055e+00  6.632475e+00  9.962500e+01
     vertex  2.466052e+00  6.283398e+00  1.000000e+02
     vertex  2.776188e+00  6.152665e+00  1.000000e+02
   endloop
 endfacet
 facet normal  2.418824e-01  6.645663e-01  7.069969e-01
   outer loop
     vertex  2.603055e+00  6.632475e+00  9.962500e+01
     vertex  2.149785e+00  6.398510e+00  1.000000e+02
     vertex  2.466052e+00  6.283398e+00  1.000000e+02
   endloop
 endfacet
 facet normal  2.084558e-01  6.757970e-01  7.069969e-01
   outer loop
     vertex  1.929738e+00  6.858698e+00  9.962500e+01
     vertex  2.388650e+00  7.109455e+00  9.925000e+01
     vertex  2.031304e+00  7.219682e+00  9.925000e+01
   endloop
 endfacet
 facet normal  1.745109e-01  6.853476e-01  7.069969e-01
   outer loop
     vertex  1.929738e+00  6.858698e+00  9.962500e+01
     vertex  2.031304e+00  7.219682e+00  9.925000e+01
     vertex  1.668907e+00  7.311959e+00  9.925000e+01
   endloop
 endfacet
 facet normal  2.084558e-01  6.757970e-01  7.069969e-01
   outer loop
     vertex  1.929738e+00  6.858698e+00  9.962500e+01
     vertex  1.828173e+00  6.497714e+00  1.000000e+02
     vertex  2.149785e+00  6.398510e+00  1.000000e+02
   endloop
 endfacet
 facet normal  1.745109e-01  6.853476e-01  7.069969e-01
   outer loop
     vertex  1.929738e+00  6.858698e+00  9.962500e+01
     vertex  1.502016e+00  6.580763e+00  1.000000e+02
     vertex  1.828173e+00  6.497714e+00  1.000000e+02
   endloop
 endfacet
 facet normal  2.225605e-01  6.624176e-01  7.153110e-01
   outer loop
     vertex  1.929738e+00  6.858698e+00  9.962500e+01
     vertex  2.603055e+00  6.632475e+00  9.962500e+01
     vertex  2.388650e+00  7.109455e+00  9.925000e+01
   endloop
 endfacet
 facet normal  2.278791e-01  6.782476e-01  6.986067e-01
   outer loop
     vertex  1.929738e+00  6.858698e+00  9.962500e+01
     vertex  2.149785e+00  6.398510e+00  1.000000e+02
     vertex  2.603055e+00  6.632475e+00  9.962500e+01
   endloop
 endfacet
 facet normal  1.592150e-01  6.975667e-01  6.986067e-01
   outer loop
     vertex  1.237243e+00  7.016755e+00  9.962500e+01
     vertex  1.502016e+00  6.580763e+00  1.000000e+02
     vertex  1.929738e+00  6.858698e+00  9.962500e+01
   endloop
 endfacet
 facet normal  1.401323e-01  6.931943e-01  7.069969e-01
   outer loop
     vertex  1.237243e+00  7.016755e+00  9.962500e+01
     vertex  1.668907e+00  7.311959e+00  9.925000e+01
     vertex  1.302361e+00  7.386058e+00  9.925000e+01
   endloop
 endfacet
 facet normal  1.054052e-01  6.993177e-01  7.069969e-01
   outer loop
     vertex  1.237243e+00  7.016755e+00  9.962500e+01
     vertex  1.302361e+00  7.386058e+00  9.925000e+01
     vertex  9.325778e-01  7.441794e+00  9.925000e+01
   endloop
 endfacet
 facet normal  1.401323e-01  6.931943e-01  7.069969e-01
   outer loop
     vertex  1.237243e+00  7.016755e+00  9.962500e+01
     vertex  1.172125e+00  6.647452e+00  1.000000e+02
     vertex  1.502016e+00  6.580763e+00  1.000000e+02
   endloop
 endfacet
 facet normal  1.054052e-01  6.993177e-01  7.069969e-01
   outer loop
     vertex  1.237243e+00  7.016755e+00  9.962500e+01
     vertex  8.393200e-01  6.697615e+00  1.000000e+02
     vertex  1.172125e+00  6.647452e+00  1.000000e+02
   endloop
 endfacet
 facet normal  1.554990e-01  6.812857e-01  7.153110e-01
   outer loop
     vertex  1.237243e+00  7.016755e+00  9.962500e+01
     vertex  1.929738e+00  6.858698e+00  9.962500e+01
     vertex  1.668907e+00  7.311959e+00  9.925000e+01
   endloop
 endfacet
 facet normal  7.041604e-02  7.037024e-01  7.069969e-01
   outer loop
     vertex  5.324519e-01  7.105077e+00  9.962500e+01
     vertex  9.325778e-01  7.441794e+00  9.925000e+01
     vertex  5.604757e-01  7.479028e+00  9.925000e+01
   endloop
 endfacet
 facet normal  3.525184e-02  7.063376e-01  7.069969e-01
   outer loop
     vertex  5.324519e-01  7.105077e+00  9.962500e+01
     vertex  5.604757e-01  7.479028e+00  9.925000e+01
     vertex  1.869802e-01  7.497669e+00  9.925000e+01
   endloop
 endfacet
 facet normal  8.689216e-02  6.933830e-01  7.153110e-01
   outer loop
     vertex  5.324519e-01  7.105077e+00  9.962500e+01
     vertex  1.237243e+00  7.016755e+00  9.962500e+01
     vertex  9.325778e-01  7.441794e+00  9.925000e+01
   endloop
 endfacet
 facet normal  8.896865e-02  7.099530e-01  6.986067e-01
   outer loop
     vertex  5.324519e-01  7.105077e+00  9.962500e+01
     vertex  8.393200e-01  6.697615e+00  1.000000e+02
     vertex  1.237243e+00  7.016755e+00  9.962500e+01
   endloop
 endfacet
 facet normal  7.041604e-02  7.037024e-01  7.069969e-01
   outer loop
     vertex  5.324519e-01  7.105077e+00  9.962500e+01
     vertex  5.044281e-01  6.731126e+00  1.000000e+02
     vertex  8.393200e-01  6.697615e+00  1.000000e+02
   endloop
 endfacet
 facet normal  3.525184e-02  7.063376e-01  7.069969e-01
   outer loop
     vertex  5.324519e-01  7.105077e+00  9.962500e+01
     vertex  1.682822e-01  6.747902e+00  1.000000e+02
     vertex  5.044281e-01  6.731126e+00  1.000000e+02
   endloop
 endfacet
 facet normal  0.000000e+00  7.072167e-01  7.069969e-01
   outer loop
     vertex -1.776312e-01  7.122785e+00  9.962500e+01
     vertex  1.869802e-01  7.497669e+00  9.925000e+01
     vertex -1.869802e-01  7.497669e+00  9.925000e+01
   endloop
 endfacet
 facet normal -3.525184e-02  7.063376e-01  7.069969e-01
   outer loop
     vertex -1.776312e-01  7.122785e+00  9.962500e+01
     vertex -1.869802e-01  7.497669e+00  9.925000e+01
     vertex -5.604757e-01  7.479028e+00  9.925000e+01
   endloop
 endfacet
 facet normal  0.000000e+00  7.072167e-01  7.069969e-01
   outer loop
     vertex -1.776312e-01  7.122785e+00  9.962500e+01
     vertex -1.682822e-01  6.747902e+00  1.000000e+02
     vertex  1.682822e-01  6.747902e+00  1.000000e+02
   endloop
 endfacet
 facet normal -3.525184e-02  7.063376e-01  7.069969e-01
   outer loop
     vertex -1.776312e-01  7.122785e+00  9.962500e+01
     vertex -5.044281e-01  6.731126e+00  1.000000e+02
     vertex -1.682822e-01  6.747902e+00  1.000000e+02
   endloop
 endfacet
 facet normal  1.742172e-02  6.985890e-01  7.153110e-01
   outer loop
     vertex -1.776312e-01  7.122785e+00  9.962500e+01
     vertex  5.324519e-01  7.105077e+00  9.962500e+01
     vertex  1.869802e-01  7.497669e+00  9.925000e+01
   endloop
 endfacet
 facet normal  1.783806e-02  7.152835e-01  6.986067e-01
   outer loop
     vertex -1.776312e-01  7.122785e+00  9.962500e+01
     vertex  1.682822e-01  6.747902e+00  1.000000e+02
     vertex  5.324519e-01  7.105077e+00  9.962500e+01
   endloop
 endfacet
 facet normal -5.222186e-02  6.968522e-01  7.153110e-01
   outer loop
     vertex -8.859489e-01  7.069704e+00  9.962500e+01
     vertex -1.776312e-01  7.122785e+00  9.962500e+01
     vertex -5.604757e-01  7.479028e+00  9.925000e+01
   endloop
 endfacet
 facet normal -5.346982e-02  7.135052e-01  6.986067e-01
   outer loop
     vertex -8.859489e-01  7.069704e+00  9.962500e+01
     vertex -5.044281e-01  6.731126e+00  1.000000e+02
     vertex -1.776312e-01  7.122785e+00  9.962500e+01
   endloop
 endfacet
 facet normal -7.041604e-02  7.037024e-01  7.069969e-01
   outer loop
     vertex -8.859489e-01  7.069704e+00  9.962500e+01
     vertex -5.604757e-01  7.479028e+00  9.925000e+01
     vertex -9.325778e-01  7.441794e+00  9.925000e+01
   endloop
 endfacet
 facet normal -1.054052e-01  6.993177e-01  7.069969e-01
   outer loop
     vertex -8.859489e-01  7.069704e+00  9.962500e+01
     vertex -9.325778e-01  7.441794e+00  9.925000e+01
     vertex -1.302361e+00  7.386058e+00  9.925000e+01
   endloop
 endfacet
 facet normal -7.041604e-02  7.037024e-01  7.069969e-01
   outer loop
     vertex -8.859489e-01  7.069704e+00  9.962500e+01
     vertex -8.393200e-01  6.697615e+00  1.000000e+02
     vertex -5.044281e-01  6.731126e+00  1.000000e+02
   endloop
 endfacet
 facet normal -1.054052e-01  6.993177e-01  7.069969e-01
   outer loop
     vertex -8.859489e-01  7.069704e+00  9.962500e+01
     vertex -1.172125e+00  6.647452e+00  1.000000e+02
     vertex -8.393200e-01  6.697615e+00  1.000000e+02
   endloop
 endfacet
 facet normal -1.401323e-01  6.931943e-01  7.069969e-01
   outer loop
     vertex -1.585462e+00  6.946361e+00  9.962500e+01
     vertex -1.302361e+00  7.386058e+00  9.925000e+01
     vertex -1.668907e+00  7.311959e+00  9.925000e+01
   endloop
 endfacet
 facet normal -1.745109e-01  6.853476e-01  7.069969e-01
   outer loop
     vertex -1.585462e+00  6.946361e+00  9.962500e+01
     vertex -1.668907e+00  7.311959e+00  9.925000e+01
     vertex -2.031304e+00  7.219682e+00  9.925000e+01
   endloop
 endfacet
 facet normal -1.213464e-01  6.881898e-01  7.153110e-01
   outer loop
     vertex -1.585462e+00  6.946361e+00  9.962500e+01
     vertex -8.859489e-01  7.069704e+00  9.962500e+01
     vertex -1.302361e+00  7.386058e+00  9.925000e+01
   endloop
 endfacet
 facet normal -1.401323e-01  6.931943e-01  7.069969e-01
   outer loop
     vertex -1.585462e+00  6.946361e+00  9.962500e+01
     vertex -1.502016e+00  6.580763e+00  1.000000e+02
     vertex -1.172125e+00  6.647452e+00  1.000000e+02
   endloop
 endfacet
 facet normal -1.745109e-01  6.853476e-01  7.069969e-01
   outer loop
     vertex -1.585462e+00  6.946361e+00  9.962500e+01
     vertex -1.828173e+00  6.497714e+00  1.000000e+02
     vertex -1.502016e+00  6.580763e+00  1.000000e+02
   endloop
 endfacet
 facet normal -1.242463e-01  7.046357e-01  6.986067e-01
   outer loop
     vertex -1.585462e+00  6.946361e+00  9.962500e+01
     vertex -1.172125e+00  6.647452e+00  1.000000e+02
     vertex -8.859489e-01  7.069704e+00  9.962500e+01
   endloop
 endfacet
 facet normal -1.937879e-01  6.887633e-01  6.986067e-01
   outer loop
     vertex -2.269217e+00  6.753982e+00  9.962500e+01
     vertex -1.828173e+00  6.497714e+00  1.000000e+02
     vertex -1.585462e+00  6.946361e+00  9.962500e+01
   endloop
 endfacet
 facet normal -2.084558e-01  6.757970e-01  7.069969e-01
   outer loop
     vertex -2.269217e+00  6.753982e+00  9.962500e+01
     vertex -2.031304e+00  7.219682e+00  9.925000e+01
     vertex -2.388650e+00  7.109455e+00  9.925000e+01
   endloop
 endfacet
 facet normal -2.418824e-01  6.645663e-01  7.069969e-01
   outer loop
     vertex -2.269217e+00  6.753982e+00  9.962500e+01
     vertex -2.388650e+00  7.109455e+00  9.925000e+01
     vertex -2.740058e+00  6.981553e+00  9.925000e+01
   endloop
 endfacet
 facet normal -2.084558e-01  6.757970e-01  7.069969e-01
   outer loop
     vertex -2.269217e+00  6.753982e+00  9.962500e+01
     vertex -2.149785e+00  6.398510e+00  1.000000e+02
     vertex -1.828173e+00  6.497714e+00  1.000000e+02
   endloop
 endfacet
 facet normal -2.418824e-01  6.645663e-01  7.069969e-01
   outer loop
     vertex -2.269217e+00  6.753982e+00  9.962500e+01
     vertex -2.466052e+00  6.283398e+00  1.000000e+02
     vertex -2.149785e+00  6.398510e+00  1.000000e+02
   endloop
 endfacet
 facet normal -1.892650e-01  6.726878e-01  7.153110e-01
   outer loop
     vertex -2.269217e+00  6.753982e+00  9.962500e+01
     vertex -1.585462e+00  6.946361e+00  9.962500e+01
     vertex -2.031304e+00  7.219682e+00  9.925000e+01
   endloop
 endfacet
 facet normal -2.553026e-01  6.505004e-01  7.153110e-01
   outer loop
     vertex -2.930421e+00  6.494479e+00  9.962500e+01
     vertex -2.269217e+00  6.753982e+00  9.962500e+01
     vertex -2.740058e+00  6.981553e+00  9.925000e+01
   endloop
 endfacet
 facet normal -2.614037e-01  6.660456e-01  6.986067e-01
   outer loop
     vertex -2.930421e+00  6.494479e+00  9.962500e+01
     vertex -2.466052e+00  6.283398e+00  1.000000e+02
     vertex -2.269217e+00  6.753982e+00  9.962500e+01
   endloop
 endfacet
 facet normal -2.747076e-01  6.516833e-01  7.069969e-01
   outer loop
     vertex -2.930421e+00  6.494479e+00  9.962500e+01
     vertex -2.740058e+00  6.981553e+00  9.925000e+01
     vertex -3.084653e+00  6.836294e+00  9.925000e+01
   endloop
 endfacet
 facet normal -3.068498e-01  6.371802e-01  7.069969e-01
   outer loop
     vertex -2.930421e+00  6.494479e+00  9.962500e+01
     vertex -3.084653e+00  6.836294e+00  9.925000e+01
     vertex -3.421580e+00  6.674039e+00  9.925000e+01
   endloop
 endfacet
 facet normal -2.747076e-01  6.516833e-01  7.069969e-01
   outer loop
     vertex -2.930421e+00  6.494479e+00  9.962500e+01
     vertex -2.776188e+00  6.152665e+00  1.000000e+02
     vertex -2.466052e+00  6.283398e+00  1.000000e+02
   endloop
 endfacet
 facet normal -3.068498e-01  6.371802e-01  7.069969e-01
   outer loop
     vertex -2.930421e+00  6.494479e+00  9.962500e+01
     vertex -3.079422e+00  6.006635e+00  1.000000e+02
     vertex -2.776188e+00  6.152665e+00  1.000000e+02
   endloop
 endfacet
 facet normal -3.382292e-01  6.210929e-01  7.069969e-01
   outer loop
     vertex -3.562500e+00  6.170431e+00  9.962500e+01
     vertex -3.421580e+00  6.674039e+00  9.925000e+01
     vertex -3.750000e+00  6.495191e+00  9.925000e+01
   endloop
 endfacet
 facet normal -3.687677e-01  6.034615e-01  7.069969e-01
   outer loop
     vertex -3.562500e+00  6.170431e+00  9.962500e+01
     vertex -3.750000e+00  6.495191e+00  9.925000e+01
     vertex -4.069097e+00  6.300194e+00  9.925000e+01
   endloop
 endfacet
 facet normal -3.188029e-01  6.218480e-01  7.153110e-01
   outer loop
     vertex -3.562500e+00  6.170431e+00  9.962500e+01
     vertex -2.930421e+00  6.494479e+00  9.962500e+01
     vertex -3.421580e+00  6.674039e+00  9.925000e+01
   endloop
 endfacet
 facet normal -3.382292e-01  6.210929e-01  7.069969e-01
   outer loop
     vertex -3.562500e+00  6.170431e+00  9.962500e+01
     vertex -3.375000e+00  5.845671e+00  1.000000e+02
     vertex -3.079422e+00  6.006635e+00  1.000000e+02
   endloop
 endfacet
 facet normal -3.687677e-01  6.034615e-01  7.069969e-01
   outer loop
     vertex -3.562500e+00  6.170431e+00  9.962500e+01
     vertex -3.662187e+00  5.670175e+00  1.000000e+02
     vertex -3.375000e+00  5.845671e+00  1.000000e+02
   endloop
 endfacet
 facet normal -3.264214e-01  6.367085e-01  6.986067e-01
   outer loop
     vertex -3.562500e+00  6.170431e+00  9.962500e+01
     vertex -3.079422e+00  6.006635e+00  1.000000e+02
     vertex -2.930421e+00  6.494479e+00  9.962500e+01
   endloop
 endfacet
 facet normal -3.881950e-01  6.010435e-01  6.986067e-01
   outer loop
     vertex -4.159174e+00  5.785058e+00  9.962500e+01
     vertex -3.662187e+00  5.670175e+00  1.000000e+02
     vertex -3.562500e+00  6.170431e+00  9.962500e+01
   endloop
 endfacet
 facet normal -3.983893e-01  5.843298e-01  7.069969e-01
   outer loop
     vertex -4.159174e+00  5.785058e+00  9.962500e+01
     vertex -4.069097e+00  6.300194e+00  9.925000e+01
     vertex -4.378078e+00  6.089535e+00  9.925000e+01
   endloop
 endfacet
 facet normal -4.270206e-01  5.637454e-01  7.069969e-01
   outer loop
     vertex -4.159174e+00  5.785058e+00  9.962500e+01
     vertex -4.378078e+00  6.089535e+00  9.925000e+01
     vertex -4.676174e+00  5.863736e+00  9.925000e+01
   endloop
 endfacet
 facet normal -3.983893e-01  5.843298e-01  7.069969e-01
   outer loop
     vertex -4.159174e+00  5.785058e+00  9.962500e+01
     vertex -3.940270e+00  5.480582e+00  1.000000e+02
     vertex -3.662187e+00  5.670175e+00  1.000000e+02
   endloop
 endfacet
 facet normal -4.270206e-01  5.637454e-01  7.069969e-01
   outer loop
     vertex -4.159174e+00  5.785058e+00  9.962500e+01
     vertex -4.208556e+00  5.277363e+00  1.000000e+02
     vertex -3.940270e+00  5.480582e+00  1.000000e+02
   endloop
 endfacet
 facet normal -3.791347e-01  5.870154e-01  7.153110e-01
   outer loop
     vertex -4.159174e+00  5.785058e+00  9.962500e+01
     vertex -3.562500e+00  6.170431e+00  9.962500e+01
     vertex -4.069097e+00  6.300194e+00  9.925000e+01
   endloop
 endfacet
 facet normal -4.356986e-01  5.463487e-01  7.153110e-01
   outer loop
     vertex -4.714512e+00  5.342191e+00  9.962500e+01
     vertex -4.159174e+00  5.785058e+00  9.962500e+01
     vertex -4.676174e+00  5.863736e+00  9.925000e+01
   endloop
 endfacet
 facet normal -4.461106e-01  5.594050e-01  6.986067e-01
   outer loop
     vertex -4.714512e+00  5.342191e+00  9.962500e+01
     vertex -4.208556e+00  5.277363e+00  1.000000e+02
     vertex -4.159174e+00  5.785058e+00  9.962500e+01
   endloop
 endfacet
 facet normal -4.545901e-01  5.417594e-01  7.069969e-01
   outer loop
     vertex -4.714512e+00  5.342191e+00  9.962500e+01
     vertex -4.676174e+00  5.863736e+00  9.925000e+01
     vertex -4.962644e+00  5.623359e+00  9.925000e+01
   endloop
 endfacet
 facet normal -4.810295e-01  5.184265e-01  7.069969e-01
   outer loop
     vertex -4.714512e+00  5.342191e+00  9.962500e+01
     vertex -4.962644e+00  5.623359e+00  9.925000e+01
     vertex -5.236776e+00  5.369001e+00  9.925000e+01
   endloop
 endfacet
 facet normal -4.545901e-01  5.417594e-01  7.069969e-01
   outer loop
     vertex -4.714512e+00  5.342191e+00  9.962500e+01
     vertex -4.466379e+00  5.061023e+00  1.000000e+02
     vertex -4.208556e+00  5.277363e+00  1.000000e+02
   endloop
 endfacet
 facet normal -4.810295e-01  5.184265e-01  7.069969e-01
   outer loop
     vertex -4.714512e+00  5.342191e+00  9.962500e+01
     vertex -4.713099e+00  4.832101e+00  1.000000e+02
     vertex -4.466379e+00  5.061023e+00  1.000000e+02
   endloop
 endfacet
 facet normal -5.062730e-01  4.938047e-01  7.069969e-01
   outer loop
     vertex -5.222995e+00  4.846231e+00  9.962500e+01
     vertex -5.236776e+00  5.369001e+00  9.925000e+01
     vertex -5.497889e+00  5.101296e+00  9.925000e+01
   endloop
 endfacet
 facet normal -5.302578e-01  4.679553e-01  7.069969e-01
   outer loop
     vertex -5.222995e+00  4.846231e+00  9.962500e+01
     vertex -5.497889e+00  5.101296e+00  9.925000e+01
     vertex -5.745333e+00  4.820907e+00  9.925000e+01
   endloop
 endfacet
 facet normal -4.879323e-01  5.002522e-01  7.153110e-01
   outer loop
     vertex -5.222995e+00  4.846231e+00  9.962500e+01
     vertex -4.714512e+00  5.342191e+00  9.962500e+01
     vertex -5.236776e+00  5.369001e+00  9.925000e+01
   endloop
 endfacet
 facet normal -5.062730e-01  4.938047e-01  7.069969e-01
   outer loop
     vertex -5.222995e+00  4.846231e+00  9.962500e+01
     vertex -4.948100e+00  4.591166e+00  1.000000e+02
     vertex -4.713099e+00  4.832101e+00  1.000000e+02
   endloop
 endfacet
 facet normal -5.302578e-01  4.679553e-01  7.069969e-01
   outer loop
     vertex -5.222995e+00  4.846231e+00  9.962500e+01
     vertex -5.170800e+00  4.338816e+00  1.000000e+02
     vertex -4.948100e+00  4.591166e+00  1.000000e+02
   endloop
 endfacet
 facet normal -4.995926e-01  5.122069e-01  6.986067e-01
   outer loop
     vertex -5.222995e+00  4.846231e+00  9.962500e+01
     vertex -4.713099e+00  4.832101e+00  1.000000e+02
     vertex -4.714512e+00  5.342191e+00  9.962500e+01
   endloop
 endfacet
 facet normal -5.481093e-01  4.599183e-01  6.986067e-01
   outer loop
     vertex -5.679569e+00  4.302106e+00  9.962500e+01
     vertex -5.170800e+00  4.338816e+00  1.000000e+02
     vertex -5.222995e+00  4.846231e+00  9.962500e+01
   endloop
 endfacet
 facet normal -5.529243e-01  4.409424e-01  7.069969e-01
   outer loop
     vertex -5.679569e+00  4.302106e+00  9.962500e+01
     vertex -5.745333e+00  4.820907e+00  9.925000e+01
     vertex -5.978494e+00  4.528533e+00  9.925000e+01
   endloop
 endfacet
 facet normal -5.742161e-01  4.128333e-01  7.069969e-01
   outer loop
     vertex -5.679569e+00  4.302106e+00  9.962500e+01
     vertex -5.978494e+00  4.528533e+00  9.925000e+01
     vertex -6.196791e+00  4.224900e+00  9.925000e+01
   endloop
 endfacet
 facet normal -5.529243e-01  4.409424e-01  7.069969e-01
   outer loop
     vertex -5.679569e+00  4.302106e+00  9.962500e+01
     vertex -5.380644e+00  4.075680e+00  1.000000e+02
     vertex -5.170800e+00  4.338816e+00  1.000000e+02
   endloop
 endfacet
 facet normal -5.742161e-01  4.128333e-01  7.069969e-01
   outer loop
     vertex -5.679569e+00  4.302106e+00  9.962500e+01
     vertex -5.577112e+00  3.802410e+00  1.000000e+02
     vertex -5.380644e+00  4.075680e+00  1.000000e+02
   endloop
 endfacet
 facet normal -5.353166e-01  4.491840e-01  7.153110e-01
   outer loop
     vertex -5.679569e+00  4.302106e+00  9.962500e+01
     vertex -5.222995e+00  4.846231e+00  9.962500e+01
     vertex -5.745333e+00  4.820907e+00  9.925000e+01
   endloop
 endfacet
 facet normal -5.911787e-01  4.030588e-01  6.986067e-01
   outer loop
     vertex -6.079698e+00  3.715226e+00  9.962500e+01
     vertex -5.577112e+00  3.802410e+00  1.000000e+02
     vertex -5.679569e+00  4.302106e+00  9.962500e+01
   endloop
 endfacet
 facet normal -5.773808e-01  3.936516e-01  7.153110e-01
   outer loop
     vertex -6.079698e+00  3.715226e+00  9.962500e+01
     vertex -5.679569e+00  4.302106e+00  9.962500e+01
     vertex -6.196791e+00  4.224900e+00  9.925000e+01
   endloop
 endfacet
 facet normal -5.940803e-01  3.836978e-01  7.069969e-01
   outer loop
     vertex -6.079698e+00  3.715226e+00  9.962500e+01
     vertex -6.196791e+00  4.224900e+00  9.925000e+01
     vertex -6.399682e+00  3.910764e+00  9.925000e+01
   endloop
 endfacet
 facet normal -6.124676e-01  3.536083e-01  7.069969e-01
   outer loop
     vertex -6.079698e+00  3.715226e+00  9.962500e+01
     vertex -6.399682e+00  3.910764e+00  9.925000e+01
     vertex -6.586662e+00  3.586905e+00  9.925000e+01
   endloop
 endfacet
 facet normal -5.940803e-01  3.836978e-01  7.069969e-01
   outer loop
     vertex -6.079698e+00  3.715226e+00  9.962500e+01
     vertex -5.759713e+00  3.519688e+00  1.000000e+02
     vertex -5.577112e+00  3.802410e+00  1.000000e+02
   endloop
 endfacet
 facet normal -6.124676e-01  3.536083e-01  7.069969e-01
   outer loop
     vertex -6.079698e+00  3.715226e+00  9.962500e+01
     vertex -5.927996e+00  3.228214e+00  1.000000e+02
     vertex -5.759713e+00  3.519688e+00  1.000000e+02
   endloop
 endfacet
 facet normal -6.293322e-01  3.226398e-01  7.069969e-01
   outer loop
     vertex -6.419403e+00  3.091422e+00  9.962500e+01
     vertex -6.586662e+00  3.586905e+00  9.925000e+01
     vertex -6.757267e+00  3.254128e+00  9.925000e+01
   endloop
 endfacet
 facet normal -6.446321e-01  2.908691e-01  7.069969e-01
   outer loop
     vertex -6.419403e+00  3.091422e+00  9.962500e+01
     vertex -6.757267e+00  3.254128e+00  9.925000e+01
     vertex -6.911072e+00  2.913261e+00  9.925000e+01
   endloop
 endfacet
 facet normal -6.137067e-01  3.342069e-01  7.153110e-01
   outer loop
     vertex -6.419403e+00  3.091422e+00  9.962500e+01
     vertex -6.079698e+00  3.715226e+00  9.962500e+01
     vertex -6.586662e+00  3.586905e+00  9.925000e+01
   endloop
 endfacet
 facet normal -6.293322e-01  3.226398e-01  7.069969e-01
   outer loop
     vertex -6.419403e+00  3.091422e+00  9.962500e+01
     vertex -6.081540e+00  2.928715e+00  1.000000e+02
     vertex -5.927996e+00  3.228214e+00  1.000000e+02
   endloop
 endfacet
 facet normal -6.446321e-01  2.908691e-01  7.069969e-01
   outer loop
     vertex -6.419403e+00  3.091422e+00  9.962500e+01
     vertex -6.219964e+00  2.621935e+00  1.000000e+02
     vertex -6.081540e+00  2.928715e+00  1.000000e+02
   endloop
 endfacet
 facet normal -6.283727e-01  3.421935e-01  6.986067e-01
   outer loop
     vertex -6.419403e+00  3.091422e+00  9.962500e+01
     vertex -5.927996e+00  3.228214e+00  1.000000e+02
     vertex -6.079698e+00  3.715226e+00  9.962500e+01
   endloop
 endfacet
 facet normal -6.593216e-01  2.779274e-01  6.986067e-01
   outer loop
     vertex -6.695310e+00  2.436894e+00  9.962500e+01
     vertex -6.219964e+00  2.621935e+00  1.000000e+02
     vertex -6.419403e+00  3.091422e+00  9.962500e+01
   endloop
 endfacet
 facet normal -6.583294e-01  2.583753e-01  7.069969e-01
   outer loop
     vertex -6.695310e+00  2.436894e+00  9.962500e+01
     vertex -6.911072e+00  2.913261e+00  9.925000e+01
     vertex -7.047695e+00  2.565151e+00  9.925000e+01
   endloop
 endfacet
 facet normal -6.703900e-01  2.252391e-01  7.069969e-01
   outer loop
     vertex -6.695310e+00  2.436894e+00  9.962500e+01
     vertex -7.047695e+00  2.565151e+00  9.925000e+01
     vertex -7.166796e+00  2.210664e+00  9.925000e+01
   endloop
 endfacet
 facet normal -6.583294e-01  2.583753e-01  7.069969e-01
   outer loop
     vertex -6.695310e+00  2.436894e+00  9.962500e+01
     vertex -6.342925e+00  2.308636e+00  1.000000e+02
     vertex -6.219964e+00  2.621935e+00  1.000000e+02
   endloop
 endfacet
 facet normal -6.703900e-01  2.252391e-01  7.069969e-01
   outer loop
     vertex -6.695310e+00  2.436894e+00  9.962500e+01
     vertex -6.450116e+00  1.989597e+00  1.000000e+02
     vertex -6.342925e+00  2.308636e+00  1.000000e+02
   endloop
 endfacet
 facet normal -6.439333e-01  2.714407e-01  7.153110e-01
   outer loop
     vertex -6.695310e+00  2.436894e+00  9.962500e+01
     vertex -6.419403e+00  3.091422e+00  9.962500e+01
     vertex -6.911072e+00  2.913261e+00  9.925000e+01
   endloop
 endfacet
 facet normal -6.677602e-01  2.059768e-01  7.153110e-01
   outer loop
     vertex -6.904676e+00  1.758146e+00  9.962500e+01
     vertex -6.695310e+00  2.436894e+00  9.962500e+01
     vertex -7.166796e+00  2.210664e+00  9.925000e+01
   endloop
 endfacet
 facet normal -6.837180e-01  2.108991e-01  6.986067e-01
   outer loop
     vertex -6.904676e+00  1.758146e+00  9.962500e+01
     vertex -6.450116e+00  1.989597e+00  1.000000e+02
     vertex -6.695310e+00  2.436894e+00  9.962500e+01
   endloop
 endfacet
 facet normal -6.807839e-01  1.915429e-01  7.069969e-01
   outer loop
     vertex -6.904676e+00  1.758146e+00  9.962500e+01
     vertex -7.166796e+00  2.210664e+00  9.925000e+01
     vertex -7.268080e+00  1.850680e+00  9.925000e+01
   endloop
 endfacet
 facet normal -6.894853e-01  1.573705e-01  7.069969e-01
   outer loop
     vertex -6.904676e+00  1.758146e+00  9.962500e+01
     vertex -7.268080e+00  1.850680e+00  9.925000e+01
     vertex -7.351294e+00  1.486096e+00  9.925000e+01
   endloop
 endfacet
 facet normal -6.807839e-01  1.915429e-01  7.069969e-01
   outer loop
     vertex -6.904676e+00  1.758146e+00  9.962500e+01
     vertex -6.541272e+00  1.665612e+00  1.000000e+02
     vertex -6.450116e+00  1.989597e+00  1.000000e+02
   endloop
 endfacet
 facet normal -6.894853e-01  1.573705e-01  7.069969e-01
   outer loop
     vertex -6.904676e+00  1.758146e+00  9.962500e+01
     vertex -6.616164e+00  1.337486e+00  1.000000e+02
     vertex -6.541272e+00  1.665612e+00  1.000000e+02
   endloop
 endfacet
 facet normal -6.849507e-01  1.384658e-01  7.153110e-01
   outer loop
     vertex -7.045420e+00  1.061926e+00  9.962500e+01
     vertex -6.904676e+00  1.758146e+00  9.962500e+01
     vertex -7.351294e+00  1.486096e+00  9.925000e+01
   endloop
 endfacet
 facet normal -6.964725e-01  1.228069e-01  7.069969e-01
   outer loop
     vertex -7.045420e+00  1.061926e+00  9.962500e+01
     vertex -7.351294e+00  1.486096e+00  9.925000e+01
     vertex -7.416231e+00  1.117817e+00  9.925000e+01
   endloop
 endfacet
 facet normal -7.017281e-01  8.793794e-02  7.069969e-01
   outer loop
     vertex -7.045420e+00  1.061926e+00  9.962500e+01
     vertex -7.416231e+00  1.117817e+00  9.925000e+01
     vertex -7.462731e+00  7.467588e-01  9.925000e+01
   endloop
 endfacet
 facet normal -7.013192e-01  1.417747e-01  6.986067e-01
   outer loop
     vertex -7.045420e+00  1.061926e+00  9.962500e+01
     vertex -6.616164e+00  1.337486e+00  1.000000e+02
     vertex -6.904676e+00  1.758146e+00  9.962500e+01
   endloop
 endfacet
 facet normal -6.964725e-01  1.228069e-01  7.069969e-01
   outer loop
     vertex -7.045420e+00  1.061926e+00  9.962500e+01
     vertex -6.674608e+00  1.006035e+00  1.000000e+02
     vertex -6.616164e+00  1.337486e+00  1.000000e+02
   endloop
 endfacet
 facet normal -7.017281e-01  8.793794e-02  7.069969e-01
   outer loop
     vertex -7.045420e+00  1.061926e+00  9.962500e+01
     vertex -6.716458e+00  6.720830e-01  1.000000e+02
     vertex -6.674608e+00  1.006035e+00  1.000000e+02
   endloop
 endfacet
 facet normal -7.119504e-01  7.124138e-02  6.986067e-01
   outer loop
     vertex -7.116143e+00  3.551519e-01  9.962500e+01
     vertex -6.716458e+00  6.720830e-01  1.000000e+02
     vertex -7.045420e+00  1.061926e+00  9.962500e+01
   endloop
 endfacet
 facet normal -7.052392e-01  5.285037e-02  7.069969e-01
   outer loop
     vertex -7.116143e+00  3.551519e-01  9.962500e+01
     vertex -7.462731e+00  7.467588e-01  9.925000e+01
     vertex -7.490677e+00  3.738441e-01  9.925000e+01
   endloop
 endfacet
 facet normal -7.069969e-01  1.763140e-02  7.069969e-01
   outer loop
     vertex -7.116143e+00  3.551519e-01  9.962500e+01
     vertex -7.490677e+00  3.738441e-01  9.925000e+01
     vertex -7.500000e+00 -2.572687e-14  9.925000e+01
   endloop
 endfacet
 facet normal -6.953337e-01  6.957863e-02  7.153110e-01
   outer loop
     vertex -7.116143e+00  3.551519e-01  9.962500e+01
     vertex -7.045420e+00  1.061926e+00  9.962500e+01
     vertex -7.462731e+00  7.467588e-01  9.925000e+01
   endloop
 endfacet
 facet normal -7.052392e-01  5.285037e-02  7.069969e-01
   outer loop
     vertex -7.116143e+00  3.551519e-01  9.962500e+01
     vertex -6.741609e+00  3.364597e-01  1.000000e+02
     vertex -6.716458e+00  6.720830e-01  1.000000e+02
   endloop
 endfacet
 facet normal -7.069969e-01  1.763140e-02  7.069969e-01
   outer loop
     vertex -7.116143e+00  3.551519e-01  9.962500e+01
     vertex -6.750000e+00 -2.315418e-14  1.000000e+02
     vertex -6.741609e+00  3.364597e-01  1.000000e+02
   endloop
 endfacet
 facet normal -7.069969e-01 -1.763140e-02  7.069969e-01
   outer loop
     vertex -7.116143e+00 -3.551519e-01  9.962500e+01
     vertex -7.500000e+00 -2.572687e-14  9.925000e+01
     vertex -7.490677e+00 -3.738441e-01  9.925000e+01
   endloop
 endfacet
 facet normal -7.052392e-01 -5.285037e-02  7.069969e-01
   outer loop
     vertex -7.116143e+00 -3.551519e-01  9.962500e+01
     vertex -7.490677e+00 -3.738441e-01  9.925000e+01
     vertex -7.462731e+00 -7.467588e-01  9.925000e+01
   endloop
 endfacet
 facet normal -6.988062e-01  8.738016e-16  7.153110e-01
   outer loop
     vertex -7.116143e+00 -3.551519e-01  9.962500e+01
     vertex -7.116143e+00  3.551519e-01  9.962500e+01
     vertex -7.500000e+00 -2.572687e-14  9.925000e+01
   endloop
 endfacet
 facet normal -7.069969e-01 -1.763140e-02  7.069969e-01
   outer loop
     vertex -7.116143e+00 -3.551519e-01  9.962500e+01
     vertex -6.741609e+00 -3.364597e-01  1.000000e+02
     vertex -6.750000e+00 -2.315418e-14  1.000000e+02
   endloop
 endfacet
 facet normal -7.052392e-01 -5.285037e-02  7.069969e-01
   outer loop
     vertex -7.116143e+00 -3.551519e-01  9.962500e+01
     vertex -6.716458e+00 -6.720830e-01  1.000000e+02
     vertex -6.741609e+00 -3.364597e-01  1.000000e+02
   endloop
 endfacet
 facet normal -7.155059e-01  8.946831e-16  6.986067e-01
   outer loop
     vertex -7.116143e+00 -3.551519e-01  9.962500e+01
     vertex -6.750000e+00 -2.315418e-14  1.000000e+02
     vertex -7.116143e+00  3.551519e-01  9.962500e+01
   endloop
 endfacet
 facet normal -7.119504e-01 -7.124138e-02  6.986067e-01
   outer loop
     vertex -7.045420e+00 -1.061926e+00  9.962500e+01
     vertex -6.716458e+00 -6.720830e-01  1.000000e+02
     vertex -7.116143e+00 -3.551519e-01  9.962500e+01
   endloop
 endfacet
 facet normal -7.017281e-01 -8.793794e-02  7.069969e-01
   outer loop
     vertex -7.045420e+00 -1.061926e+00  9.962500e+01
     vertex -7.462731e+00 -7.467588e-01  9.925000e+01
     vertex -7.416231e+00 -1.117817e+00  9.925000e+01
   endloop
 endfacet
 facet normal -6.964725e-01 -1.228069e-01  7.069969e-01
   outer loop
     vertex -7.045420e+00 -1.061926e+00  9.962500e+01
     vertex -7.416231e+00 -1.117817e+00  9.925000e+01
     vertex -7.351294e+00 -1.486096e+00  9.925000e+01
   endloop
 endfacet
 facet normal -6.953337e-01 -6.957863e-02  7.153110e-01
   outer loop
     vertex -7.045420e+00 -1.061926e+00  9.962500e+01
     vertex -7.116143e+00 -3.551519e-01  9.962500e+01
     vertex -7.462731e+00 -7.467588e-01  9.925000e+01
   endloop
 endfacet
 facet normal -7.017281e-01 -8.793794e-02  7.069969e-01
   outer loop
     vertex -7.045420e+00 -1.061926e+00  9.962500e+01
     vertex -6.674608e+00 -1.006035e+00  1.000000e+02
     vertex -6.716458e+00 -6.720830e-01  1.000000e+02
   endloop
 endfacet
 facet normal -6.964725e-01 -1.228069e-01  7.069969e-01
   outer loop
     vertex -7.045420e+00 -1.061926e+00  9.962500e+01
     vertex -6.616164e+00 -1.337486e+00  1.000000e+02
     vertex -6.674608e+00 -1.006035e+00  1.000000e+02
   endloop
 endfacet
 facet normal -7.013192e-01 -1.417747e-01  6.986067e-01
   outer loop
     vertex -6.904676e+00 -1.758146e+00  9.962500e+01
     vertex -6.616164e+00 -1.337486e+00  1.000000e+02
     vertex -7.045420e+00 -1.061926e+00  9.962500e+01
   endloop
 endfacet
 facet normal -6.849507e-01 -1.384658e-01  7.153110e-01
   outer loop
     vertex -6.904676e+00 -1.758146e+00  9.962500e+01
     vertex -7.045420e+00 -1.061926e+00  9.962500e+01
     vertex -7.351294e+00 -1.486096e+00  9.925000e+01
   endloop
 endfacet
 facet normal -6.894853e-01 -1.573705e-01  7.069969e-01
   outer loop
     vertex -6.904676e+00 -1.758146e+00  9.962500e+01
     vertex -7.351294e+00 -1.486096e+00  9.925000e+01
     vertex -7.268080e+00 -1.850680e+00  9.925000e+01
   endloop
 endfacet
 facet normal -6.807839e-01 -1.915429e-01  7.069969e-01
   outer loop
     vertex -6.904676e+00 -1.758146e+00  9.962500e+01
     vertex -7.268080e+00 -1.850680e+00  9.925000e+01
     vertex -7.166796e+00 -2.210664e+00  9.925000e+01
   endloop
 endfacet
 facet normal -6.894853e-01 -1.573705e-01  7.069969e-01
   outer loop
     vertex -6.904676e+00 -1.758146e+00  9.962500e+01
     vertex -6.541272e+00 -1.665612e+00  1.000000e+02
     vertex -6.616164e+00 -1.337486e+00  1.000000e+02
   endloop
 endfacet
 facet normal -6.807839e-01 -1.915429e-01  7.069969e-01
   outer loop
     vertex -6.904676e+00 -1.758146e+00  9.962500e+01
     vertex -6.450116e+00 -1.989597e+00  1.000000e+02
     vertex -6.541272e+00 -1.665612e+00  1.000000e+02
   endloop
 endfacet
 facet normal -6.677602e-01 -2.059768e-01  7.153110e-01
   outer loop
     vertex -6.695310e+00 -2.436894e+00  9.962500e+01
     vertex -6.904676e+00 -1.758146e+00  9.962500e+01
     vertex -7.166796e+00 -2.210664e+00  9.925000e+01
   endloop
 endfacet
 facet normal -6.703900e-01 -2.252391e-01  7.069969e-01
   outer loop
     vertex -6.695310e+00 -2.436894e+00  9.962500e+01
     vertex -7.166796e+00 -2.210664e+00  9.925000e+01
     vertex -7.047695e+00 -2.565151e+00  9.925000e+01
   endloop
 endfacet
 facet normal -6.583294e-01 -2.583753e-01  7.069969e-01
   outer loop
     vertex -6.695310e+00 -2.436894e+00  9.962500e+01
     vertex -7.047695e+00 -2.565151e+00  9.925000e+01
     vertex -6.911072e+00 -2.913261e+00  9.925000e+01
   endloop
 endfacet
 facet normal -6.837180e-01 -2.108991e-01  6.986067e-01
   outer loop
     vertex -6.695310e+00 -2.436894e+00  9.962500e+01
     vertex -6.450116e+00 -1.989597e+00  1.000000e+02
     vertex -6.904676e+00 -1.758146e+00  9.962500e+01
   endloop
 endfacet
 facet normal -6.703900e-01 -2.252391e-01  7.069969e-01
   outer loop
     vertex -6.695310e+00 -2.436894e+00  9.962500e+01
     vertex -6.342925e+00 -2.308636e+00  1.000000e+02
     vertex -6.450116e+00 -1.989597e+00  1.000000e+02
   endloop
 endfacet
 facet normal -6.583294e-01 -2.583753e-01  7.069969e-01
   outer loop
     vertex -6.695310e+00 -2.436894e+00  9.962500e+01
     vertex -6.219964e+00 -2.621935e+00  1.000000e+02
     vertex -6.342925e+00 -2.308636e+00  1.000000e+02
   endloop
 endfacet
 facet normal -6.446321e-01 -2.908691e-01  7.069969e-01
   outer loop
     vertex -6.419403e+00 -3.091422e+00  9.962500e+01
     vertex -6.081540e+00 -2.928715e+00  1.000000e+02
     vertex -6.219964e+00 -2.621935e+00  1.000000e+02
   endloop
 endfacet
 facet normal -6.293322e-01 -3.226398e-01  7.069969e-01
   outer loop
     vertex -6.419403e+00 -3.091422e+00  9.962500e+01
     vertex -5.927996e+00 -3.228214e+00  1.000000e+02
     vertex -6.081540e+00 -2.928715e+00  1.000000e+02
   endloop
 endfacet
 facet normal -6.439333e-01 -2.714407e-01  7.153110e-01
   outer loop
     vertex -6.419403e+00 -3.091422e+00  9.962500e+01
     vertex -6.695310e+00 -2.436894e+00  9.962500e+01
     vertex -6.911072e+00 -2.913261e+00  9.925000e+01
   endloop
 endfacet
 facet normal -6.593216e-01 -2.779274e-01  6.986067e-01
   outer loop
     vertex -6.419403e+00 -3.091422e+00  9.962500e+01
     vertex -6.219964e+00 -2.621935e+00  1.000000e+02
     vertex -6.695310e+00 -2.436894e+00  9.962500e+01
   endloop
 endfacet
 facet normal -6.446321e-01 -2.908691e-01  7.069969e-01
   outer loop
     vertex -6.419403e+00 -3.091422e+00  9.962500e+01
     vertex -6.911072e+00 -2.913261e+00  9.925000e+01
     vertex -6.757267e+00 -3.254128e+00  9.925000e+01
   endloop
 endfacet
 facet normal -6.293322e-01 -3.226398e-01  7.069969e-01
   outer loop
     vertex -6.419403e+00 -3.091422e+00  9.962500e+01
     vertex -6.757267e+00 -3.254128e+00  9.925000e+01
     vertex -6.586662e+00 -3.586905e+00  9.925000e+01
   endloop
 endfacet
 facet normal -6.137067e-01 -3.342069e-01  7.153110e-01
   outer loop
     vertex -6.079698e+00 -3.715226e+00  9.962500e+01
     vertex -6.419403e+00 -3.091422e+00  9.962500e+01
     vertex -6.586662e+00 -3.586905e+00  9.925000e+01
   endloop
 endfacet
 facet normal -6.124676e-01 -3.536083e-01  7.069969e-01
   outer loop
     vertex -6.079698e+00 -3.715226e+00  9.962500e+01
     vertex -5.759713e+00 -3.519688e+00  1.000000e+02
     vertex -5.927996e+00 -3.228214e+00  1.000000e+02
   endloop
 endfacet
 facet normal -5.940803e-01 -3.836978e-01  7.069969e-01
   outer loop
     vertex -6.079698e+00 -3.715226e+00  9.962500e+01
     vertex -5.577112e+00 -3.802410e+00  1.000000e+02
     vertex -5.759713e+00 -3.519688e+00  1.000000e+02
   endloop
 endfacet
 facet normal -6.283727e-01 -3.421935e-01  6.986067e-01
   outer loop
     vertex -6.079698e+00 -3.715226e+00  9.962500e+01
     vertex -5.927996e+00 -3.228214e+00  1.000000e+02
     vertex -6.419403e+00 -3.091422e+00  9.962500e+01
   endloop
 endfacet
 facet normal -6.124676e-01 -3.536083e-01  7.069969e-01
   outer loop
     vertex -6.079698e+00 -3.715226e+00  9.962500e+01
     vertex -6.586662e+00 -3.586905e+00  9.925000e+01
     vertex -6.399682e+00 -3.910764e+00  9.925000e+01
   endloop
 endfacet
 facet normal -5.940803e-01 -3.836978e-01  7.069969e-01
   outer loop
     vertex -6.079698e+00 -3.715226e+00  9.962500e+01
     vertex -6.399682e+00 -3.910764e+00  9.925000e+01
     vertex -6.196791e+00 -4.224900e+00  9.925000e+01
   endloop
 endfacet
 facet normal -5.742161e-01 -4.128333e-01  7.069969e-01
   outer loop
     vertex -5.679569e+00 -4.302106e+00  9.962500e+01
     vertex -5.380644e+00 -4.075680e+00  1.000000e+02
     vertex -5.577112e+00 -3.802410e+00  1.000000e+02
   endloop
 endfacet
 facet normal -5.529243e-01 -4.409424e-01  7.069969e-01
   outer loop
     vertex -5.679569e+00 -4.302106e+00  9.962500e+01
     vertex -5.170800e+00 -4.338816e+00  1.000000e+02
     vertex -5.380644e+00 -4.075680e+00  1.000000e+02
   endloop
 endfacet
 facet normal -5.911787e-01 -4.030588e-01  6.986067e-01
   outer loop
     vertex -5.679569e+00 -4.302106e+00  9.962500e+01
     vertex -5.577112e+00 -3.802410e+00  1.000000e+02
     vertex -6.079698e+00 -3.715226e+00  9.962500e+01
   endloop
 endfacet
 facet normal -5.773808e-01 -3.936516e-01  7.153110e-01
   outer loop
     vertex -5.679569e+00 -4.302106e+00  9.962500e+01
     vertex -6.079698e+00 -3.715226e+00  9.962500e+01
     vertex -6.196791e+00 -4.224900e+00  9.925000e+01
   endloop
 endfacet
 facet normal -5.742161e-01 -4.128333e-01  7.069969e-01
   outer loop
     vertex -5.679569e+00 -4.302106e+00  9.962500e+01
     vertex -6.196791e+00 -4.224900e+00  9.925000e+01
     vertex -5.978494e+00 -4.528533e+00  9.925000e+01
   endloop
 endfacet
 facet normal -5.529243e-01 -4.409424e-01  7.069969e-01
   outer loop
     vertex -5.679569e+00 -4.302106e+00  9.962500e+01
     vertex -5.978494e+00 -4.528533e+00  9.925000e+01
     vertex -5.745333e+00 -4.820907e+00  9.925000e+01
   endloop
 endfacet
 facet normal -5.302578e-01 -4.679553e-01  7.069969e-01
   outer loop
     vertex -5.222995e+00 -4.846231e+00  9.962500e+01
     vertex -4.948100e+00 -4.591166e+00  1.000000e+02
     vertex -5.170800e+00 -4.338816e+00  1.000000e+02
   endloop
 endfacet
 facet normal -5.062730e-01 -4.938047e-01  7.069969e-01
   outer loop
     vertex -5.222995e+00 -4.846231e+00  9.962500e+01
     vertex -4.713099e+00 -4.832101e+00  1.000000e+02
     vertex -4.948100e+00 -4.591166e+00  1.000000e+02
   endloop
 endfacet
 facet normal -5.353166e-01 -4.491840e-01  7.153110e-01
   outer loop
     vertex -5.222995e+00 -4.846231e+00  9.962500e+01
     vertex -5.679569e+00 -4.302106e+00  9.962500e+01
     vertex -5.745333e+00 -4.820907e+00  9.925000e+01
   endloop
 endfacet
 facet normal -5.302578e-01 -4.679553e-01  7.069969e-01
   outer loop
     vertex -5.222995e+00 -4.846231e+00  9.962500e+01
     vertex -5.745333e+00 -4.820907e+00  9.925000e+01
     vertex -5.497889e+00 -5.101296e+00  9.925000e+01
   endloop
 endfacet
 facet normal -5.062730e-01 -4.938047e-01  7.069969e-01
   outer loop
     vertex -5.222995e+00 -4.846231e+00  9.962500e+01
     vertex -5.497889e+00 -5.101296e+00  9.925000e+01
     vertex -5.236776e+00 -5.369001e+00  9.925000e+01
   endloop
 endfacet
 facet normal -5.481093e-01 -4.599183e-01  6.986067e-01
   outer loop
     vertex -5.222995e+00 -4.846231e+00  9.962500e+01
     vertex -5.170800e+00 -4.338816e+00  1.000000e+02
     vertex -5.679569e+00 -4.302106e+00  9.962500e+01
   endloop
 endfacet
 facet normal -4.810295e-01 -5.184265e-01  7.069969e-01
   outer loop
     vertex -4.714512e+00 -5.342191e+00  9.962500e+01
     vertex -4.466379e+00 -5.061023e+00  1.000000e+02
     vertex -4.713099e+00 -4.832101e+00  1.000000e+02
   endloop
 endfacet
 facet normal -4.545901e-01 -5.417594e-01  7.069969e-01
   outer loop
     vertex -4.714512e+00 -5.342191e+00  9.962500e+01
     vertex -4.208556e+00 -5.277363e+00  1.000000e+02
     vertex -4.466379e+00 -5.061023e+00  1.000000e+02
   endloop
 endfacet
 facet normal -4.995926e-01 -5.122069e-01  6.986067e-01
   outer loop
     vertex -4.714512e+00 -5.342191e+00  9.962500e+01
     vertex -4.713099e+00 -4.832101e+00  1.000000e+02
     vertex -5.222995e+00 -4.846231e+00  9.962500e+01
   endloop
 endfacet
 facet normal -4.810295e-01 -5.184265e-01  7.069969e-01
   outer loop
     vertex -4.714512e+00 -5.342191e+00  9.962500e+01
     vertex -5.236776e+00 -5.369001e+00  9.925000e+01
     vertex -4.962644e+00 -5.623359e+00  9.925000e+01
   endloop
 endfacet
 facet normal -4.545901e-01 -5.417594e-01  7.069969e-01
   outer loop
     vertex -4.714512e+00 -5.342191e+00  9.962500e+01
     vertex -4.962644e+00 -5.623359e+00  9.925000e+01
     vertex -4.676174e+00 -5.863736e+00  9.925000e+01
   endloop
 endfacet
 facet normal -4.879323e-01 -5.002522e-01  7.153110e-01
   outer loop
     vertex -4.714512e+00 -5.342191e+00  9.962500e+01
     vertex -5.222995e+00 -4.846231e+00  9.962500e+01
     vertex -5.236776e+00 -5.369001e+00  9.925000e+01
   endloop
 endfacet
 facet normal -4.270206e-01 -5.637454e-01  7.069969e-01
   outer loop
     vertex -4.159174e+00 -5.785058e+00  9.962500e+01
     vertex -3.940270e+00 -5.480582e+00  1.000000e+02
     vertex -4.208556e+00 -5.277363e+00  1.000000e+02
   endloop
 endfacet
 facet normal -3.983893e-01 -5.843298e-01  7.069969e-01
   outer loop
     vertex -4.159174e+00 -5.785058e+00  9.962500e+01
     vertex -3.662187e+00 -5.670175e+00  1.000000e+02
     vertex -3.940270e+00 -5.480582e+00  1.000000e+02
   endloop
 endfacet
 facet normal -4.270206e-01 -5.637454e-01  7.069969e-01
   outer loop
     vertex -4.159174e+00 -5.785058e+00  9.962500e+01
     vertex -4.676174e+00 -5.863736e+00  9.925000e+01
     vertex -4.378078e+00 -6.089535e+00  9.925000e+01
   endloop
 endfacet
 facet normal -3.983893e-01 -5.843298e-01  7.069969e-01
   outer loop
     vertex -4.159174e+00 -5.785058e+00  9.962500e+01
     vertex -4.378078e+00 -6.089535e+00  9.925000e+01
     vertex -4.069097e+00 -6.300194e+00  9.925000e+01
   endloop
 endfacet
 facet normal -4.461106e-01 -5.594050e-01  6.986067e-01
   outer loop
     vertex -4.159174e+00 -5.785058e+00  9.962500e+01
     vertex -4.208556e+00 -5.277363e+00  1.000000e+02
     vertex -4.714512e+00 -5.342191e+00  9.962500e+01
   endloop
 endfacet
 facet normal -4.356986e-01 -5.463487e-01  7.153110e-01
   outer loop
     vertex -4.159174e+00 -5.785058e+00  9.962500e+01
     vertex -4.714512e+00 -5.342191e+00  9.962500e+01
     vertex -4.676174e+00 -5.863736e+00  9.925000e+01
   endloop
 endfacet
 facet normal -3.687677e-01 -6.034615e-01  7.069969e-01
   outer loop
     vertex -3.562500e+00 -6.170431e+00  9.962500e+01
     vertex -3.375000e+00 -5.845671e+00  1.000000e+02
     vertex -3.662187e+00 -5.670175e+00  1.000000e+02
   endloop
 endfacet
 facet normal -3.382292e-01 -6.210929e-01  7.069969e-01
   outer loop
     vertex -3.562500e+00 -6.170431e+00  9.962500e+01
     vertex -3.079422e+00 -6.006635e+00  1.000000e+02
     vertex -3.375000e+00 -5.845671e+00  1.000000e+02
   endloop
 endfacet
 facet normal -3.791347e-01 -5.870154e-01  7.153110e-01
   outer loop
     vertex -3.562500e+00 -6.170431e+00  9.962500e+01
     vertex -4.159174e+00 -5.785058e+00  9.962500e+01
     vertex -4.069097e+00 -6.300194e+00  9.925000e+01
   endloop
 endfacet
 facet normal -3.881950e-01 -6.010435e-01  6.986067e-01
   outer loop
     vertex -3.562500e+00 -6.170431e+00  9.962500e+01
     vertex -3.662187e+00 -5.670175e+00  1.000000e+02
     vertex -4.159174e+00 -5.785058e+00  9.962500e+01
   endloop
 endfacet
 facet normal -3.687677e-01 -6.034615e-01  7.069969e-01
   outer loop
     vertex -3.562500e+00 -6.170431e+00  9.962500e+01
     vertex -4.069097e+00 -6.300194e+00  9.925000e+01
     vertex -3.750000e+00 -6.495191e+00  9.925000e+01
   endloop
 endfacet
 facet normal -3.382292e-01 -6.210929e-01  7.069969e-01
   outer loop
     vertex -3.562500e+00 -6.170431e+00  9.962500e+01
     vertex -3.750000e+00 -6.495191e+00  9.925000e+01
     vertex -3.421580e+00 -6.674039e+00  9.925000e+01
   endloop
 endfacet
 facet normal -3.188029e-01 -6.218480e-01  7.153110e-01
   outer loop
     vertex -2.930421e+00 -6.494479e+00  9.962500e+01
     vertex -3.562500e+00 -6.170431e+00  9.962500e+01
     vertex -3.421580e+00 -6.674039e+00  9.925000e+01
   endloop
 endfacet
 facet normal -3.068498e-01 -6.371802e-01  7.069969e-01
   outer loop
     vertex -2.930421e+00 -6.494479e+00  9.962500e+01
     vertex -2.776188e+00 -6.152665e+00  1.000000e+02
     vertex -3.079422e+00 -6.006635e+00  1.000000e+02
   endloop
 endfacet
 facet normal -2.747076e-01 -6.516833e-01  7.069969e-01
   outer loop
     vertex -2.930421e+00 -6.494479e+00  9.962500e+01
     vertex -2.466052e+00 -6.283398e+00  1.000000e+02
     vertex -2.776188e+00 -6.152665e+00  1.000000e+02
   endloop
 endfacet
 facet normal -3.264214e-01 -6.367085e-01  6.986067e-01
   outer loop
     vertex -2.930421e+00 -6.494479e+00  9.962500e+01
     vertex -3.079422e+00 -6.006635e+00  1.000000e+02
     vertex -3.562500e+00 -6.170431e+00  9.962500e+01
   endloop
 endfacet
 facet normal -3.068498e-01 -6.371802e-01  7.069969e-01
   outer loop
     vertex -2.930421e+00 -6.494479e+00  9.962500e+01
     vertex -3.421580e+00 -6.674039e+00  9.925000e+01
     vertex -3.084653e+00 -6.836294e+00  9.925000e+01
   endloop
 endfacet
 facet normal -2.747076e-01 -6.516833e-01  7.069969e-01
   outer loop
     vertex -2.930421e+00 -6.494479e+00  9.962500e+01
     vertex -3.084653e+00 -6.836294e+00  9.925000e+01
     vertex -2.740058e+00 -6.981553e+00  9.925000e+01
   endloop
 endfacet
 facet normal -2.418824e-01 -6.645663e-01  7.069969e-01
   outer loop
     vertex -2.269217e+00 -6.753982e+00  9.962500e+01
     vertex -2.149785e+00 -6.398510e+00  1.000000e+02
     vertex -2.466052e+00 -6.283398e+00  1.000000e+02
   endloop
 endfacet
 facet normal -2.084558e-01 -6.757970e-01  7.069969e-01
   outer loop
     vertex -2.269217e+00 -6.753982e+00  9.962500e+01
     vertex -1.828173e+00 -6.497714e+00  1.000000e+02
     vertex -2.149785e+00 -6.398510e+00  1.000000e+02
   endloop
 endfacet
 facet normal -2.614037e-01 -6.660456e-01  6.986067e-01
   outer loop
     vertex -2.269217e+00 -6.753982e+00  9.962500e+01
     vertex -2.466052e+00 -6.283398e+00  1.000000e+02
     vertex -2.930421e+00 -6.494479e+00  9.962500e+01
   endloop
 endfacet
 facet normal -2.553026e-01 -6.505004e-01  7.153110e-01
   outer loop
     vertex -2.269217e+00 -6.753982e+00  9.962500e+01
     vertex -2.930421e+00 -6.494479e+00  9.962500e+01
     vertex -2.740058e+00 -6.981553e+00  9.925000e+01
   endloop
 endfacet
 facet normal -2.418824e-01 -6.645663e-01  7.069969e-01
   outer loop
     vertex -2.269217e+00 -6.753982e+00  9.962500e+01
     vertex -2.740058e+00 -6.981553e+00  9.925000e+01
     vertex -2.388650e+00 -7.109455e+00  9.925000e+01
   endloop
 endfacet
 facet normal -2.084558e-01 -6.757970e-01  7.069969e-01
   outer loop
     vertex -2.269217e+00 -6.753982e+00  9.962500e+01
     vertex -2.388650e+00 -7.109455e+00  9.925000e+01
     vertex -2.031304e+00 -7.219682e+00  9.925000e+01
   endloop
 endfacet
 facet normal -1.745109e-01 -6.853476e-01  7.069969e-01
   outer loop
     vertex -1.585462e+00 -6.946361e+00  9.962500e+01
     vertex -1.502016e+00 -6.580763e+00  1.000000e+02
     vertex -1.828173e+00 -6.497714e+00  1.000000e+02
   endloop
 endfacet
 facet normal -1.401323e-01 -6.931943e-01  7.069969e-01
   outer loop
     vertex -1.585462e+00 -6.946361e+00  9.962500e+01
     vertex -1.172125e+00 -6.647452e+00  1.000000e+02
     vertex -1.502016e+00 -6.580763e+00  1.000000e+02
   endloop
 endfacet
 facet normal -1.892650e-01 -6.726878e-01  7.153110e-01
   outer loop
     vertex -1.585462e+00 -6.946361e+00  9.962500e+01
     vertex -2.269217e+00 -6.753982e+00  9.962500e+01
     vertex -2.031304e+00 -7.219682e+00  9.925000e+01
   endloop
 endfacet
 facet normal -1.937879e-01 -6.887633e-01  6.986067e-01
   outer loop
     vertex -1.585462e+00 -6.946361e+00  9.962500e+01
     vertex -1.828173e+00 -6.497714e+00  1.000000e+02
     vertex -2.269217e+00 -6.753982e+00  9.962500e+01
   endloop
 endfacet
 facet normal -1.745109e-01 -6.853476e-01  7.069969e-01
   outer loop
     vertex -1.585462e+00 -6.946361e+00  9.962500e+01
     vertex -2.031304e+00 -7.219682e+00  9.925000e+01
     vertex -1.668907e+00 -7.311959e+00  9.925000e+01
   endloop
 endfacet
 facet normal -1.401323e-01 -6.931943e-01  7.069969e-01
   outer loop
     vertex -1.585462e+00 -6.946361e+00  9.962500e+01
     vertex -1.668907e+00 -7.311959e+00  9.925000e+01
     vertex -1.302361e+00 -7.386058e+00  9.925000e+01
   endloop
 endfacet
 facet normal -1.054052e-01 -6.993177e-01  7.069969e-01
   outer loop
     vertex -8.859489e-01 -7.069704e+00  9.962500e+01
     vertex -8.393200e-01 -6.697615e+00  1.000000e+02
     vertex -1.172125e+00 -6.647452e+00  1.000000e+02
   endloop
 endfacet
 facet normal -7.041604e-02 -7.037024e-01  7.069969e-01
   outer loop
     vertex -8.859489e-01 -7.069704e+00  9.962500e+01
     vertex -5.044281e-01 -6.731126e+00  1.000000e+02
     vertex -8.393200e-01 -6.697615e+00  1.000000e+02
   endloop
 endfacet
 facet normal -1.242463e-01 -7.046357e-01  6.986067e-01
   outer loop
     vertex -8.859489e-01 -7.069704e+00  9.962500e+01
     vertex -1.172125e+00 -6.647452e+00  1.000000e+02
     vertex -1.585462e+00 -6.946361e+00  9.962500e+01
   endloop
 endfacet
 facet normal -1.213464e-01 -6.881898e-01  7.153110e-01
   outer loop
     vertex -8.859489e-01 -7.069704e+00  9.962500e+01
     vertex -1.585462e+00 -6.946361e+00  9.962500e+01
     vertex -1.302361e+00 -7.386058e+00  9.925000e+01
   endloop
 endfacet
 facet normal -1.054052e-01 -6.993177e-01  7.069969e-01
   outer loop
     vertex -8.859489e-01 -7.069704e+00  9.962500e+01
     vertex -1.302361e+00 -7.386058e+00  9.925000e+01
     vertex -9.325778e-01 -7.441794e+00  9.925000e+01
   endloop
 endfacet
 facet normal -7.041604e-02 -7.037024e-01  7.069969e-01
   outer loop
     vertex -8.859489e-01 -7.069704e+00  9.962500e+01
     vertex -9.325778e-01 -7.441794e+00  9.925000e+01
     vertex -5.604757e-01 -7.479028e+00  9.925000e+01
   endloop
 endfacet
 facet normal -3.525184e-02 -7.063376e-01  7.069969e-01
   outer loop
     vertex -1.776312e-01 -7.122785e+00  9.962500e+01
     vertex -1.682822e-01 -6.747902e+00  1.000000e+02
     vertex -5.044281e-01 -6.731126e+00  1.000000e+02
   endloop
 endfacet
 facet normal  5.598941e-15 -7.072167e-01  7.069969e-01
   outer loop
     vertex -1.776312e-01 -7.122785e+00  9.962500e+01
     vertex  1.682822e-01 -6.747902e+00  1.000000e+02
     vertex -1.682822e-01 -6.747902e+00  1.000000e+02
   endloop
 endfacet
 facet normal -5.222186e-02 -6.968522e-01  7.153110e-01
   outer loop
     vertex -1.776312e-01 -7.122785e+00  9.962500e+01
     vertex -8.859489e-01 -7.069704e+00  9.962500e+01
     vertex -5.604757e-01 -7.479028e+00  9.925000e+01
   endloop
 endfacet
 facet normal -5.346982e-02 -7.135052e-01  6.986067e-01
   outer loop
     vertex -1.776312e-01 -7.122785e+00  9.962500e+01
     vertex -5.044281e-01 -6.731126e+00  1.000000e+02
     vertex -8.859489e-01 -7.069704e+00  9.962500e+01
   endloop
 endfacet
 facet normal -3.525184e-02 -7.063376e-01  7.069969e-01
   outer loop
     vertex -1.776312e-01 -7.122785e+00  9.962500e+01
     vertex -5.604757e-01 -7.479028e+00  9.925000e+01
     vertex -1.869802e-01 -7.497669e+00  9.925000e+01
   endloop
 endfacet
 facet normal  6.718729e-15 -7.072167e-01  7.069969e-01
   outer loop
     vertex -1.776312e-01 -7.122785e+00  9.962500e+01
     vertex -1.869802e-01 -7.497669e+00  9.925000e+01
     vertex  1.869802e-01 -7.497669e+00  9.925000e+01
   endloop
 endfacet
 facet normal  3.525184e-02 -7.063376e-01  7.069969e-01
   outer loop
     vertex  5.324519e-01 -7.105077e+00  9.962500e+01
     vertex  5.044281e-01 -6.731126e+00  1.000000e+02
     vertex  1.682822e-01 -6.747902e+00  1.000000e+02
   endloop
 endfacet
 facet normal  7.041604e-02 -7.037024e-01  7.069969e-01
   outer loop
     vertex  5.324519e-01 -7.105077e+00  9.962500e+01
     vertex  8.393200e-01 -6.697615e+00  1.000000e+02
     vertex  5.044281e-01 -6.731126e+00  1.000000e+02
   endloop
 endfacet
 facet normal  1.783806e-02 -7.152835e-01  6.986067e-01
   outer loop
     vertex  5.324519e-01 -7.105077e+00  9.962500e+01
     vertex  1.682822e-01 -6.747902e+00  1.000000e+02
     vertex -1.776312e-01 -7.122785e+00  9.962500e+01
   endloop
 endfacet
 facet normal  1.742172e-02 -6.985890e-01  7.153110e-01
   outer loop
     vertex  5.324519e-01 -7.105077e+00  9.962500e+01
     vertex -1.776312e-01 -7.122785e+00  9.962500e+01
     vertex  1.869802e-01 -7.497669e+00  9.925000e+01
   endloop
 endfacet
 facet normal  3.525184e-02 -7.063376e-01  7.069969e-01
   outer loop
     vertex  5.324519e-01 -7.105077e+00  9.962500e+01
     vertex  1.869802e-01 -7.497669e+00  9.925000e+01
     vertex  5.604757e-01 -7.479028e+00  9.925000e+01
   endloop
 endfacet
 facet normal  7.041604e-02 -7.037024e-01  7.069969e-01
   outer loop
     vertex  5.324519e-01 -7.105077e+00  9.962500e+01
     vertex  5.604757e-01 -7.479028e+00  9.925000e+01
     vertex  9.325778e-01 -7.441794e+00  9.925000e+01
   endloop
 endfacet
 facet normal  1.401323e-01 -6.931943e-01  7.069969e-01
   outer loop
     vertex  1.237243e+00 -7.016755e+00  9.962500e+01
     vertex  1.302361e+00 -7.386058e+00  9.925000e+01
     vertex  1.668907e+00 -7.311959e+00  9.925000e+01
   endloop
 endfacet
 facet normal  8.896865e-02 -7.099530e-01  6.986067e-01
   outer loop
     vertex  1.237243e+00 -7.016755e+00  9.962500e+01
     vertex  8.393200e-01 -6.697615e+00  1.000000e+02
     vertex  5.324519e-01 -7.105077e+00  9.962500e+01
   endloop
 endfacet
 facet normal  1.054052e-01 -6.993177e-01  7.069969e-01
   outer loop
     vertex  1.237243e+00 -7.016755e+00  9.962500e+01
     vertex  1.172125e+00 -6.647452e+00  1.000000e+02
     vertex  8.393200e-01 -6.697615e+00  1.000000e+02
   endloop
 endfacet
 facet normal  1.401323e-01 -6.931943e-01  7.069969e-01
   outer loop
     vertex  1.237243e+00 -7.016755e+00  9.962500e+01
     vertex  1.502016e+00 -6.580763e+00  1.000000e+02
     vertex  1.172125e+00 -6.647452e+00  1.000000e+02
   endloop
 endfacet
 facet normal  8.689216e-02 -6.933830e-01  7.153110e-01
   outer loop
     vertex  1.237243e+00 -7.016755e+00  9.962500e+01
     vertex  5.324519e-01 -7.105077e+00  9.962500e+01
     vertex  9.325778e-01 -7.441794e+00  9.925000e+01
   endloop
 endfacet
 facet normal  1.054052e-01 -6.993177e-01  7.069969e-01
   outer loop
     vertex  1.237243e+00 -7.016755e+00  9.962500e+01
     vertex  9.325778e-01 -7.441794e+00  9.925000e+01
     vertex  1.302361e+00 -7.386058e+00  9.925000e+01
   endloop
 endfacet
 facet normal  1.745109e-01 -6.853476e-01  7.069969e-01
   outer loop
     vertex  1.929738e+00 -6.858698e+00  9.962500e+01
     vertex  1.668907e+00 -7.311959e+00  9.925000e+01
     vertex  2.031304e+00 -7.219682e+00  9.925000e+01
   endloop
 endfacet
 facet normal  2.084558e-01 -6.757970e-01  7.069969e-01
   outer loop
     vertex  1.929738e+00 -6.858698e+00  9.962500e+01
     vertex  2.031304e+00 -7.219682e+00  9.925000e+01
     vertex  2.388650e+00 -7.109455e+00  9.925000e+01
   endloop
 endfacet
 facet normal  1.592150e-01 -6.975667e-01  6.986067e-01
   outer loop
     vertex  1.929738e+00 -6.858698e+00  9.962500e+01
     vertex  1.502016e+00 -6.580763e+00  1.000000e+02
     vertex  1.237243e+00 -7.016755e+00  9.962500e+01
   endloop
 endfacet
 facet normal  1.745109e-01 -6.853476e-01  7.069969e-01
   outer loop
     vertex  1.929738e+00 -6.858698e+00  9.962500e+01
     vertex  1.828173e+00 -6.497714e+00  1.000000e+02
     vertex  1.502016e+00 -6.580763e+00  1.000000e+02
   endloop
 endfacet
 facet normal  2.084558e-01 -6.757970e-01  7.069969e-01
   outer loop
     vertex  1.929738e+00 -6.858698e+00  9.962500e+01
     vertex  2.149785e+00 -6.398510e+00  1.000000e+02
     vertex  1.828173e+00 -6.497714e+00  1.000000e+02
   endloop
 endfacet
 facet normal  1.554990e-01 -6.812857e-01  7.153110e-01
   outer loop
     vertex  1.929738e+00 -6.858698e+00  9.962500e+01
     vertex  1.237243e+00 -7.016755e+00  9.962500e+01
     vertex  1.668907e+00 -7.311959e+00  9.925000e+01
   endloop
 endfacet
 facet normal  2.418824e-01 -6.645663e-01  7.069969e-01
   outer loop
     vertex  2.603055e+00 -6.632475e+00  9.962500e+01
     vertex  2.388650e+00 -7.109455e+00  9.925000e+01
     vertex  2.740058e+00 -6.981553e+00  9.925000e+01
   endloop
 endfacet
 facet normal  2.747076e-01 -6.516833e-01  7.069969e-01
   outer loop
     vertex  2.603055e+00 -6.632475e+00  9.962500e+01
     vertex  2.740058e+00 -6.981553e+00  9.925000e+01
     vertex  3.084653e+00 -6.836294e+00  9.925000e+01
   endloop
 endfacet
 facet normal  2.418824e-01 -6.645663e-01  7.069969e-01
   outer loop
     vertex  2.603055e+00 -6.632475e+00  9.962500e+01
     vertex  2.466052e+00 -6.283398e+00  1.000000e+02
     vertex  2.149785e+00 -6.398510e+00  1.000000e+02
   endloop
 endfacet
 facet normal  2.747076e-01 -6.516833e-01  7.069969e-01
   outer loop
     vertex  2.603055e+00 -6.632475e+00  9.962500e+01
     vertex  2.776188e+00 -6.152665e+00  1.000000e+02
     vertex  2.466052e+00 -6.283398e+00  1.000000e+02
   endloop
 endfacet
 facet normal  2.225605e-01 -6.624176e-01  7.153110e-01
   outer loop
     vertex  2.603055e+00 -6.632475e+00  9.962500e+01
     vertex  1.929738e+00 -6.858698e+00  9.962500e+01
     vertex  2.388650e+00 -7.109455e+00  9.925000e+01
   endloop
 endfacet
 facet normal  2.278791e-01 -6.782476e-01  6.986067e-01
   outer loop
     vertex  2.603055e+00 -6.632475e+00  9.962500e+01
     vertex  2.149785e+00 -6.398510e+00  1.000000e+02
     vertex  1.929738e+00 -6.858698e+00  9.962500e+01
   endloop
 endfacet
 facet normal  3.068498e-01 -6.371802e-01  7.069969e-01
   outer loop
     vertex  3.250501e+00 -6.340337e+00  9.962500e+01
     vertex  3.084653e+00 -6.836294e+00  9.925000e+01
     vertex  3.421580e+00 -6.674039e+00  9.925000e+01
   endloop
 endfacet
 facet normal  3.382292e-01 -6.210929e-01  7.069969e-01
   outer loop
     vertex  3.250501e+00 -6.340337e+00  9.962500e+01
     vertex  3.421580e+00 -6.674039e+00  9.925000e+01
     vertex  3.750000e+00 -6.495191e+00  9.925000e+01
   endloop
 endfacet
 facet normal  2.874100e-01 -6.369660e-01  7.153110e-01
   outer loop
     vertex  3.250501e+00 -6.340337e+00  9.962500e+01
     vertex  2.603055e+00 -6.632475e+00  9.962500e+01
     vertex  3.084653e+00 -6.836294e+00  9.925000e+01
   endloop
 endfacet
 facet normal  2.942783e-01 -6.521878e-01  6.986067e-01
   outer loop
     vertex  3.250501e+00 -6.340337e+00  9.962500e+01
     vertex  2.776188e+00 -6.152665e+00  1.000000e+02
     vertex  2.603055e+00 -6.632475e+00  9.962500e+01
   endloop
 endfacet
 facet normal  3.068498e-01 -6.371802e-01  7.069969e-01
   outer loop
     vertex  3.250501e+00 -6.340337e+00  9.962500e+01
     vertex  3.079422e+00 -6.006635e+00  1.000000e+02
     vertex  2.776188e+00 -6.152665e+00  1.000000e+02
   endloop
 endfacet
 facet normal  3.382292e-01 -6.210929e-01  7.069969e-01
   outer loop
     vertex  3.250501e+00 -6.340337e+00  9.962500e+01
     vertex  3.375000e+00 -5.845671e+00  1.000000e+02
     vertex  3.079422e+00 -6.006635e+00  1.000000e+02
   endloop
 endfacet
 facet normal  3.687677e-01 -6.034615e-01  7.069969e-01
   outer loop
     vertex  3.865642e+00 -5.985185e+00  9.962500e+01
     vertex  3.750000e+00 -6.495191e+00  9.925000e+01
     vertex  4.069097e+00 -6.300194e+00  9.925000e+01
   endloop
 endfacet
 facet normal  3.983893e-01 -5.843298e-01  7.069969e-01
   outer loop
     vertex  3.865642e+00 -5.985185e+00  9.962500e+01
     vertex  4.069097e+00 -6.300194e+00  9.925000e+01
     vertex  4.378078e+00 -6.089535e+00  9.925000e+01
   endloop
 endfacet
 facet normal  3.577529e-01 -6.196463e-01  6.986067e-01
   outer loop
     vertex  3.865642e+00 -5.985185e+00  9.962500e+01
     vertex  3.375000e+00 -5.845671e+00  1.000000e+02
     vertex  3.250501e+00 -6.340337e+00  9.962500e+01
   endloop
 endfacet
 facet normal  3.687677e-01 -6.034615e-01  7.069969e-01
   outer loop
     vertex  3.865642e+00 -5.985185e+00  9.962500e+01
     vertex  3.662187e+00 -5.670175e+00  1.000000e+02
     vertex  3.375000e+00 -5.845671e+00  1.000000e+02
   endloop
 endfacet
 facet normal  3.983893e-01 -5.843298e-01  7.069969e-01
   outer loop
     vertex  3.865642e+00 -5.985185e+00  9.962500e+01
     vertex  3.940270e+00 -5.480582e+00  1.000000e+02
     vertex  3.662187e+00 -5.670175e+00  1.000000e+02
   endloop
 endfacet
 facet normal  3.494031e-01 -6.051840e-01  7.153110e-01
   outer loop
     vertex  3.865642e+00 -5.985185e+00  9.962500e+01
     vertex  3.250501e+00 -6.340337e+00  9.962500e+01
     vertex  3.750000e+00 -6.495191e+00  9.925000e+01
   endloop
 endfacet
 facet normal  4.270206e-01 -5.637454e-01  7.069969e-01
   outer loop
     vertex  4.442365e+00 -5.570549e+00  9.962500e+01
     vertex  4.378078e+00 -6.089535e+00  9.925000e+01
     vertex  4.676174e+00 -5.863736e+00  9.925000e+01
   endloop
 endfacet
 facet normal  4.545901e-01 -5.417594e-01  7.069969e-01
   outer loop
     vertex  4.442365e+00 -5.570549e+00  9.962500e+01
     vertex  4.676174e+00 -5.863736e+00  9.925000e+01
     vertex  4.962644e+00 -5.623359e+00  9.925000e+01
   endloop
 endfacet
 facet normal  4.270206e-01 -5.637454e-01  7.069969e-01
   outer loop
     vertex  4.442365e+00 -5.570549e+00  9.962500e+01
     vertex  4.208556e+00 -5.277363e+00  1.000000e+02
     vertex  3.940270e+00 -5.480582e+00  1.000000e+02
   endloop
 endfacet
 facet normal  4.545901e-01 -5.417594e-01  7.069969e-01
   outer loop
     vertex  4.442365e+00 -5.570549e+00  9.962500e+01
     vertex  4.466379e+00 -5.061023e+00  1.000000e+02
     vertex  4.208556e+00 -5.277363e+00  1.000000e+02
   endloop
 endfacet
 facet normal  4.079237e-01 -5.673874e-01  7.153110e-01
   outer loop
     vertex  4.442365e+00 -5.570549e+00  9.962500e+01
     vertex  3.865642e+00 -5.985185e+00  9.962500e+01
     vertex  4.378078e+00 -6.089535e+00  9.925000e+01
   endloop
 endfacet
 facet normal  4.176720e-01 -5.809464e-01  6.986067e-01
   outer loop
     vertex  4.442365e+00 -5.570549e+00  9.962500e+01
     vertex  3.940270e+00 -5.480582e+00  1.000000e+02
     vertex  3.865642e+00 -5.985185e+00  9.962500e+01
   endloop
 endfacet
 facet normal  4.810295e-01 -5.184265e-01  7.069969e-01
   outer loop
     vertex  4.974937e+00 -5.100551e+00  9.962500e+01
     vertex  4.962644e+00 -5.623359e+00  9.925000e+01
     vertex  5.236776e+00 -5.369001e+00  9.925000e+01
   endloop
 endfacet
 facet normal  5.062730e-01 -4.938047e-01  7.069969e-01
   outer loop
     vertex  4.974937e+00 -5.100551e+00  9.962500e+01
     vertex  5.236776e+00 -5.369001e+00  9.925000e+01
     vertex  5.497889e+00 -5.101296e+00  9.925000e+01
   endloop
 endfacet
 facet normal  4.810295e-01 -5.184265e-01  7.069969e-01
   outer loop
     vertex  4.974937e+00 -5.100551e+00  9.962500e+01
     vertex  4.713099e+00 -4.832101e+00  1.000000e+02
     vertex  4.466379e+00 -5.061023e+00  1.000000e+02
   endloop
 endfacet
 facet normal  5.062730e-01 -4.938047e-01  7.069969e-01
   outer loop
     vertex  4.974937e+00 -5.100551e+00  9.962500e+01
     vertex  4.948100e+00 -4.591166e+00  1.000000e+02
     vertex  4.713099e+00 -4.832101e+00  1.000000e+02
   endloop
 endfacet
 facet normal  4.623902e-01 -5.239518e-01  7.153110e-01
   outer loop
     vertex  4.974937e+00 -5.100551e+00  9.962500e+01
     vertex  4.442365e+00 -5.570549e+00  9.962500e+01
     vertex  4.962644e+00 -5.623359e+00  9.925000e+01
   endloop
 endfacet
 facet normal  4.734401e-01 -5.364729e-01  6.986067e-01
   outer loop
     vertex  4.974937e+00 -5.100551e+00  9.962500e+01
     vertex  4.466379e+00 -5.061023e+00  1.000000e+02
     vertex  4.442365e+00 -5.570549e+00  9.962500e+01
   endloop
 endfacet
 facet normal  5.302578e-01 -4.679553e-01  7.069969e-01
   outer loop
     vertex  5.458067e+00 -4.579862e+00  9.962500e+01
     vertex  5.497889e+00 -5.101296e+00  9.925000e+01
     vertex  5.745333e+00 -4.820907e+00  9.925000e+01
   endloop
 endfacet
 facet normal  5.529243e-01 -4.409424e-01  7.069969e-01
   outer loop
     vertex  5.458067e+00 -4.579862e+00  9.962500e+01
     vertex  5.745333e+00 -4.820907e+00  9.925000e+01
     vertex  5.978494e+00 -4.528533e+00  9.925000e+01
   endloop
 endfacet
 facet normal  5.302578e-01 -4.679553e-01  7.069969e-01
   outer loop
     vertex  5.458067e+00 -4.579862e+00  9.962500e+01
     vertex  5.170800e+00 -4.338816e+00  1.000000e+02
     vertex  4.948100e+00 -4.591166e+00  1.000000e+02
   endloop
 endfacet
 facet normal  5.529243e-01 -4.409424e-01  7.069969e-01
   outer loop
     vertex  5.458067e+00 -4.579862e+00  9.962500e+01
     vertex  5.380644e+00 -4.075680e+00  1.000000e+02
     vertex  5.170800e+00 -4.338816e+00  1.000000e+02
   endloop
 endfacet
 facet normal  5.122612e-01 -4.753090e-01  7.153110e-01
   outer loop
     vertex  5.458067e+00 -4.579862e+00  9.962500e+01
     vertex  4.974937e+00 -5.100551e+00  9.962500e+01
     vertex  5.497889e+00 -5.101296e+00  9.925000e+01
   endloop
 endfacet
 facet normal  5.245029e-01 -4.866676e-01  6.986067e-01
   outer loop
     vertex  5.458067e+00 -4.579862e+00  9.962500e+01
     vertex  4.948100e+00 -4.591166e+00  1.000000e+02
     vertex  4.974937e+00 -5.100551e+00  9.962500e+01
   endloop
 endfacet
 facet normal  5.742161e-01 -4.128333e-01  7.069969e-01
   outer loop
     vertex  5.886951e+00 -4.013655e+00  9.962500e+01
     vertex  5.978494e+00 -4.528533e+00  9.925000e+01
     vertex  6.196791e+00 -4.224900e+00  9.925000e+01
   endloop
 endfacet
 facet normal  5.940803e-01 -3.836978e-01  7.069969e-01
   outer loop
     vertex  5.886951e+00 -4.013655e+00  9.962500e+01
     vertex  6.196791e+00 -4.224900e+00  9.925000e+01
     vertex  6.399682e+00 -3.910764e+00  9.925000e+01
   endloop
 endfacet
 facet normal  5.703530e-01 -4.320256e-01  6.986067e-01
   outer loop
     vertex  5.886951e+00 -4.013655e+00  9.962500e+01
     vertex  5.380644e+00 -4.075680e+00  1.000000e+02
     vertex  5.458067e+00 -4.579862e+00  9.962500e+01
   endloop
 endfacet
 facet normal  5.742161e-01 -4.128333e-01  7.069969e-01
   outer loop
     vertex  5.886951e+00 -4.013655e+00  9.962500e+01
     vertex  5.577112e+00 -3.802410e+00  1.000000e+02
     vertex  5.380644e+00 -4.075680e+00  1.000000e+02
   endloop
 endfacet
 facet normal  5.940803e-01 -3.836978e-01  7.069969e-01
   outer loop
     vertex  5.886951e+00 -4.013655e+00  9.962500e+01
     vertex  5.759713e+00 -3.519688e+00  1.000000e+02
     vertex  5.577112e+00 -3.802410e+00  1.000000e+02
   endloop
 endfacet
 facet normal  5.570412e-01 -4.219423e-01  7.153110e-01
   outer loop
     vertex  5.886951e+00 -4.013655e+00  9.962500e+01
     vertex  5.458067e+00 -4.579862e+00  9.962500e+01
     vertex  5.978494e+00 -4.528533e+00  9.925000e+01
   endloop
 endfacet
 facet normal  6.105346e-01 -3.730900e-01  6.986067e-01
   outer loop
     vertex  6.257329e+00 -3.407560e+00  9.962500e+01
     vertex  5.759713e+00 -3.519688e+00  1.000000e+02
     vertex  5.886951e+00 -4.013655e+00  9.962500e+01
   endloop
 endfacet
 facet normal  6.124676e-01 -3.536083e-01  7.069969e-01
   outer loop
     vertex  6.257329e+00 -3.407560e+00  9.962500e+01
     vertex  6.399682e+00 -3.910764e+00  9.925000e+01
     vertex  6.586662e+00 -3.586905e+00  9.925000e+01
   endloop
 endfacet
 facet normal  6.293322e-01 -3.226398e-01  7.069969e-01
   outer loop
     vertex  6.257329e+00 -3.407560e+00  9.962500e+01
     vertex  6.586662e+00 -3.586905e+00  9.925000e+01
     vertex  6.757267e+00 -3.254128e+00  9.925000e+01
   endloop
 endfacet
 facet normal  6.124676e-01 -3.536083e-01  7.069969e-01
   outer loop
     vertex  6.257329e+00 -3.407560e+00  9.962500e+01
     vertex  5.927996e+00 -3.228214e+00  1.000000e+02
     vertex  5.759713e+00 -3.519688e+00  1.000000e+02
   endloop
 endfacet
 facet normal  6.293322e-01 -3.226398e-01  7.069969e-01
   outer loop
     vertex  6.257329e+00 -3.407560e+00  9.962500e+01
     vertex  6.081540e+00 -2.928715e+00  1.000000e+02
     vertex  5.927996e+00 -3.228214e+00  1.000000e+02
   endloop
 endfacet
 facet normal  5.962850e-01 -3.643822e-01  7.153110e-01
   outer loop
     vertex  6.257329e+00 -3.407560e+00  9.962500e+01
     vertex  5.886951e+00 -4.013655e+00  9.962500e+01
     vertex  6.399682e+00 -3.910764e+00  9.925000e+01
   endloop
 endfacet
 facet normal  6.296027e-01 -3.032007e-01  7.153110e-01
   outer loop
     vertex  6.565518e+00 -2.767598e+00  9.962500e+01
     vertex  6.257329e+00 -3.407560e+00  9.962500e+01
     vertex  6.757267e+00 -3.254128e+00  9.925000e+01
   endloop
 endfacet
 facet normal  6.446321e-01 -2.908691e-01  7.069969e-01
   outer loop
     vertex  6.565518e+00 -2.767598e+00  9.962500e+01
     vertex  6.757267e+00 -3.254128e+00  9.925000e+01
     vertex  6.911072e+00 -2.913261e+00  9.925000e+01
   endloop
 endfacet
 facet normal  6.583294e-01 -2.583753e-01  7.069969e-01
   outer loop
     vertex  6.565518e+00 -2.767598e+00  9.962500e+01
     vertex  6.911072e+00 -2.913261e+00  9.925000e+01
     vertex  7.047695e+00 -2.565151e+00  9.925000e+01
   endloop
 endfacet
 facet normal  6.446485e-01 -3.104464e-01  6.986067e-01
   outer loop
     vertex  6.565518e+00 -2.767598e+00  9.962500e+01
     vertex  6.081540e+00 -2.928715e+00  1.000000e+02
     vertex  6.257329e+00 -3.407560e+00  9.962500e+01
   endloop
 endfacet
 facet normal  6.446321e-01 -2.908691e-01  7.069969e-01
   outer loop
     vertex  6.565518e+00 -2.767598e+00  9.962500e+01
     vertex  6.219964e+00 -2.621935e+00  1.000000e+02
     vertex  6.081540e+00 -2.928715e+00  1.000000e+02
   endloop
 endfacet
 facet normal  6.583294e-01 -2.583753e-01  7.069969e-01
   outer loop
     vertex  6.565518e+00 -2.767598e+00  9.962500e+01
     vertex  6.342925e+00 -2.308636e+00  1.000000e+02
     vertex  6.219964e+00 -2.621935e+00  1.000000e+02
   endloop
 endfacet
 facet normal  6.566631e-01 -2.390058e-01  7.153110e-01
   outer loop
     vertex  6.808456e+00 -2.100131e+00  9.962500e+01
     vertex  6.565518e+00 -2.767598e+00  9.962500e+01
     vertex  7.047695e+00 -2.565151e+00  9.925000e+01
   endloop
 endfacet
 facet normal  6.703900e-01 -2.252391e-01  7.069969e-01
   outer loop
     vertex  6.808456e+00 -2.100131e+00  9.962500e+01
     vertex  7.047695e+00 -2.565151e+00  9.925000e+01
     vertex  7.166796e+00 -2.210664e+00  9.925000e+01
   endloop
 endfacet
 facet normal  6.807839e-01 -1.915429e-01  7.069969e-01
   outer loop
     vertex  6.808456e+00 -2.100131e+00  9.962500e+01
     vertex  7.166796e+00 -2.210664e+00  9.925000e+01
     vertex  7.268080e+00 -1.850680e+00  9.925000e+01
   endloop
 endfacet
 facet normal  6.723556e-01 -2.447174e-01  6.986067e-01
   outer loop
     vertex  6.808456e+00 -2.100131e+00  9.962500e+01
     vertex  6.342925e+00 -2.308636e+00  1.000000e+02
     vertex  6.565518e+00 -2.767598e+00  9.962500e+01
   endloop
 endfacet
 facet normal  6.703900e-01 -2.252391e-01  7.069969e-01
   outer loop
     vertex  6.808456e+00 -2.100131e+00  9.962500e+01
     vertex  6.450116e+00 -1.989597e+00  1.000000e+02
     vertex  6.342925e+00 -2.308636e+00  1.000000e+02
   endloop
 endfacet
 facet normal  6.807839e-01 -1.915429e-01  7.069969e-01
   outer loop
     vertex  6.808456e+00 -2.100131e+00  9.962500e+01
     vertex  6.541272e+00 -1.665612e+00  1.000000e+02
     vertex  6.450116e+00 -1.989597e+00  1.000000e+02
   endloop
 endfacet
 facet normal  6.894853e-01 -1.573705e-01  7.069969e-01
   outer loop
     vertex  6.983729e+00 -1.411791e+00  9.962500e+01
     vertex  7.268080e+00 -1.850680e+00  9.925000e+01
     vertex  7.351294e+00 -1.486096e+00  9.925000e+01
   endloop
 endfacet
 facet normal  6.964725e-01 -1.228069e-01  7.069969e-01
   outer loop
     vertex  6.983729e+00 -1.411791e+00  9.962500e+01
     vertex  7.351294e+00 -1.486096e+00  9.925000e+01
     vertex  7.416231e+00 -1.117817e+00  9.925000e+01
   endloop
 endfacet
 facet normal  6.771973e-01 -1.724356e-01  7.153110e-01
   outer loop
     vertex  6.983729e+00 -1.411791e+00  9.962500e+01
     vertex  6.808456e+00 -2.100131e+00  9.962500e+01
     vertex  7.268080e+00 -1.850680e+00  9.925000e+01
   endloop
 endfacet
 facet normal  6.894853e-01 -1.573705e-01  7.069969e-01
   outer loop
     vertex  6.983729e+00 -1.411791e+00  9.962500e+01
     vertex  6.616164e+00 -1.337486e+00  1.000000e+02
     vertex  6.541272e+00 -1.665612e+00  1.000000e+02
   endloop
 endfacet
 facet normal  6.964725e-01 -1.228069e-01  7.069969e-01
   outer loop
     vertex  6.983729e+00 -1.411791e+00  9.962500e+01
     vertex  6.674608e+00 -1.006035e+00  1.000000e+02
     vertex  6.616164e+00 -1.337486e+00  1.000000e+02
   endloop
 endfacet
 facet normal  6.933805e-01 -1.765564e-01  6.986067e-01
   outer loop
     vertex  6.983729e+00 -1.411791e+00  9.962500e+01
     vertex  6.541272e+00 -1.665612e+00  1.000000e+02
     vertex  6.808456e+00 -2.100131e+00  9.962500e+01
   endloop
 endfacet
 facet normal  7.017281e-01 -8.793794e-02  7.069969e-01
   outer loop
     vertex  7.089594e+00 -7.094209e-01  9.962500e+01
     vertex  7.416231e+00 -1.117817e+00  9.925000e+01
     vertex  7.462731e+00 -7.467588e-01  9.925000e+01
   endloop
 endfacet
 facet normal  7.052392e-01 -5.285037e-02  7.069969e-01
   outer loop
     vertex  7.089594e+00 -7.094209e-01  9.962500e+01
     vertex  7.462731e+00 -7.467588e-01  9.925000e+01
     vertex  7.490677e+00 -3.738441e-01  9.925000e+01
   endloop
 endfacet
 facet normal  6.910012e-01 -1.041517e-01  7.153110e-01
   outer loop
     vertex  7.089594e+00 -7.094209e-01  9.962500e+01
     vertex  6.983729e+00 -1.411791e+00  9.962500e+01
     vertex  7.416231e+00 -1.117817e+00  9.925000e+01
   endloop
 endfacet
 facet normal  7.075143e-01 -1.066406e-01  6.986067e-01
   outer loop
     vertex  7.089594e+00 -7.094209e-01  9.962500e+01
     vertex  6.674608e+00 -1.006035e+00  1.000000e+02
     vertex  6.983729e+00 -1.411791e+00  9.962500e+01
   endloop
 endfacet
 facet normal  7.017281e-01 -8.793794e-02  7.069969e-01
   outer loop
     vertex  7.089594e+00 -7.094209e-01  9.962500e+01
     vertex  6.716458e+00 -6.720830e-01  1.000000e+02
     vertex  6.674608e+00 -1.006035e+00  1.000000e+02
   endloop
 endfacet
 facet normal  7.052392e-01 -5.285037e-02  7.069969e-01
   outer loop
     vertex  7.089594e+00 -7.094209e-01  9.962500e+01
     vertex  6.741609e+00 -3.364597e-01  1.000000e+02
     vertex  6.716458e+00 -6.720830e-01  1.000000e+02
   endloop
 endfacet
 facet normal  6.979376e-01 -3.483262e-02  7.153110e-01
   outer loop
     vertex  7.089594e+00 -7.094209e-01  9.962500e+01
     vertex  7.490677e+00 -3.738441e-01  9.925000e+01
     vertex  7.125000e+00  0.000000e+00  9.962500e+01
   endloop
 endfacet
 facet normal  7.146165e-01 -3.566502e-02  6.986067e-01
   outer loop
     vertex  7.089594e+00 -7.094209e-01  9.962500e+01
     vertex  7.125000e+00  0.000000e+00  9.962500e+01
     vertex  6.741609e+00 -3.364597e-01  1.000000e+02
   endloop
 endfacet
 facet normal  0.000000e+00  0.000000e+00 -1.000000e+00
   outer loop
     vertex -1.875000e+00  3.750000e+00  0.000000e+00
     vertex -4.676174e+00  5.863736e+00  0.000000e+00
     vertex -4.378078e+00  6.089535e+00  0.000000e+00
   endloop
 endfacet
 facet normal  0.000000e+00  0.000000e+00 -1.000000e+00
   outer loop
     vertex -1.875000e+00  3.750000e+00  0.000000e+00
     vertex -4.962644e+00  5.623359e+00  0.000000e+00
     vertex -4.676174e+00  5.863736e+00  0.000000e+00
   endloop
 endfacet
 facet normal  0.000000e+00  0.000000e+00 -1.000000e+00
   outer loop
     vertex -1.875000e+00  3.750000e+00  0.000000e+00
     vertex -5.236776e+00  5.369001e+00  0.000000e+00
     vertex -4.962644e+00  5.623359e+00  0.000000e+00
   endloop
 endfacet
 facet normal  0.000000e+00  0.000000e+00 -1.000000e+00
   outer loop
     vertex -1.875000e+00  3.750000e+00  0.000000e+00
     vertex -5.497889e+00  5.101296e+00  0.000000e+00
     vertex -5.236776e+00  5.369001e+00  0.000000e+00
   endloop
 endfacet
 facet normal  0.000000e+00  0.000000e+00 -1.000000e+00
   outer loop
     vertex -1.875000e+00  3.750000e+00  0.000000e+00
     vertex -5.745333e+00  4.820907e+00  0.000000e+00
     vertex -5.497889e+00  5.101296e+00  0.000000e+00
   endloop
 endfacet
 facet normal  0.000000e+00  0.000000e+00 -1.000000e+00
   outer loop
     vertex -1.875000e+00  3.750000e+00  0.000000e+00
     vertex -5.978494e+00  4.528533e+00  0.000000e+00
     vertex -5.745333e+00  4.820907e+00  0.000000e+00
   endloop
 endfacet
 facet normal  0.000000e+00  0.000000e+00 -1.000000e+00
   outer loop
     vertex -1.875000e+00  3.750000e+00  0.000000e+00
     vertex -6.196791e+00  4.224900e+00  0.000000e+00
     vertex -5.978494e+00  4.528533e+00  0.000000e+00
   endloop
 endfacet
 facet normal  0.000000e+00  0.000000e+00 -1.000000e+00
   outer loop
     vertex -1.875000e+00  3.750000e+00  0.000000e+00
     vertex -6.399682e+00  3.910764e+00  0.000000e+00
     vertex -6.196791e+00  4.224900e+00  0.000000e+00
   endloop
 endfacet
 facet normal -0.000000e+00  0.000000e+00 -1.000000e+00
   outer loop
     vertex -1.875000e+00  3.750000e+00  0.000000e+00
     vertex -6.586662e+00  3.586905e+00  0.000000e+00
     vertex -6.399682e+00  3.910764e+00  0.000000e+00
   endloop
 endfacet
 facet normal  0.000000e+00  0.000000e+00 -1.000000e+00
   outer loop
     vertex -1.875000e+00  3.750000e+00  0.000000e+00
     vertex -6.757267e+00  3.254128e+00  0.000000e+00
     vertex -6.586662e+00  3.586905e+00  0.000000e+00
   endloop
 endfacet
 facet normal  0.000000e+00  0.000000e+00 -1.000000e+00
   outer loop
     vertex -1.875000e+00  3.750000e+00  0.000000e+00
     vertex -6.911072e+00  2.913261e+00  0.000000e+00
     vertex -6.757267e+00  3.254128e+00  0.000000e+00
   endloop
 endfacet
 facet normal  0.000000e+00  0.000000e+00 -1.000000e+00
   outer loop
     vertex -1.875000e+00  3.750000e+00  0.000000e+00
     vertex -7.047695e+00  2.565151e+00  0.000000e+00
     vertex -6.911072e+00  2.913261e+00  0.000000e+00
   endloop
 endfacet
 facet normal  0.000000e+00  0.000000e+00 -1.000000e+00
   outer loop
     vertex -1.875000e+00  3.750000e+00  0.000000e+00
     vertex -7.166796e+00  2.210664e+00  0.000000e+00
     vertex -7.047695e+00  2.565151e+00  0.000000e+00
   endloop
 endfacet
 facet normal  0.000000e+00  0.000000e+00 -1.000000e+00
   outer loop
     vertex -1.875000e+00  3.750000e+00  0.000000e+00
     vertex -7.268080e+00  1.850680e+00  0.000000e+00
     vertex -7.166796e+00  2.210664e+00  0.000000e+00
   endloop
 endfacet
 facet normal  0.000000e+00  0.000000e+00 -1.000000e+00
   outer loop
     vertex -1.875000e+00  3.750000e+00  0.000000e+00
     vertex -7.351294e+00  1.486096e+00  0.000000e+00
     vertex -7.268080e+00  1.850680e+00  0.000000e+00
   endloop
 endfacet
 facet normal  0.000000e+00  0.000000e+00 -1.000000e+00
   outer loop
     vertex -1.875000e+00  3.750000e+00  0.000000e+00
     vertex -7.416231e+00  1.117817e+00  0.000000e+00
     vertex -7.351294e+00  1.486096e+00  0.000000e+00
   endloop
 endfacet
 facet normal  0.000000e+00  0.000000e+00 -1.000000e+00
   outer loop
     vertex -1.875000e+00  3.750000e+00  0.000000e+00
     vertex -7.462731e+00  7.467588e-01  0.000000e+00
     vertex -7.416231e+00  1.117817e+00  0.000000e+00
   endloop
 endfacet
 facet normal  0.000000e+00  0.000000e+00 -1.000000e+00
   outer loop
     vertex -1.875000e+00  3.750000e+00  0.000000e+00
     vertex -7.490677e+00  3.738441e-01  0.000000e+00
     vertex -7.462731e+00  7.467588e-01  0.000000e+00
   endloop
 endfacet
 facet normal  0.000000e+00  0.000000e+00 -1.000000e+00
   outer loop
     vertex -1.875000e+00  3.750000e+00  0.000000e+00
     vertex -7.500000e+00 -2.572687e-14  0.000000e+00
     vertex -7.490677e+00  3.738441e-01  0.000000e+00
   endloop
 endfacet
 facet normal  0.000000e+00  0.000000e+00 -1.000000e+00
   outer loop
     vertex -1.875000e+00  3.750000e+00  0.000000e+00
     vertex -7.490677e+00 -3.738441e-01  0.000000e+00
     vertex -7.500000e+00 -2.572687e-14  0.000000e+00
   endloop
 endfacet
 facet normal  0.000000e+00  0.000000e+00 -1.000000e+00
   outer loop
     vertex -1.875000e+00  3.750000e+00  0.000000e+00
     vertex -7.462731e+00 -7.467588e-01  0.000000e+00
     vertex -7.490677e+00 -3.738441e-01  0.000000e+00
   endloop
 endfacet
 facet normal  0.000000e+00  0.000000e+00 -1.000000e+00
   outer loop
     vertex -1.875000e+00  3.750000e+00  0.000000e+00
     vertex -7.416231e+00 -1.117817e+00  0.000000e+00
     vertex -7.462731e+00 -7.467588e-01  0.000000e+00
   endloop
 endfacet
 facet normal  0.000000e+00  0.000000e+00 -1.000000e+00
   outer loop
     vertex -1.875000e+00  3.750000e+00  0.000000e+00
     vertex -7.351294e+00 -1.486096e+00  0.000000e+00
     vertex -7.416231e+00 -1.117817e+00  0.000000e+00
   endloop
 endfacet
 facet normal  0.000000e+00  0.000000e+00 -1.000000e+00
   outer loop
     vertex -1.875000e+00  3.750000e+00  0.000000e+00
     vertex -7.268080e+00 -1.850680e+00  0.000000e+00
     vertex -7.351294e+00 -1.486096e+00  0.000000e+00
   endloop
 endfacet
 facet normal  0.000000e+00  0.000000e+00 -1.000000e+00
   outer loop
     vertex -1.875000e+00  3.750000e+00  0.000000e+00
     vertex -7.166796e+00 -2.210664e+00  0.000000e+00
     vertex -7.268080e+00 -1.850680e+00  0.000000e+00
   endloop
 endfacet
 facet normal  0.000000e+00  0.000000e+00 -1.000000e+00
   outer loop
     vertex -1.875000e+00  3.750000e+00  0.000000e+00
     vertex -7.047695e+00 -2.565151e+00  0.000000e+00
     vertex -7.166796e+00 -2.210664e+00  0.000000e+00
   endloop
 endfacet
 facet normal  0.000000e+00  0.000000e+00 -1.000000e+00
   outer loop
     vertex -1.875000e+00  3.750000e+00  0.000000e+00
     vertex -6.911072e+00 -2.913261e+00  0.000000e+00
     vertex -7.047695e+00 -2.565151e+00  0.000000e+00
   endloop
 endfacet
 facet normal  0.000000e+00  0.000000e+00 -1.000000e+00
   outer loop
     vertex -1.875000e+00  3.750000e+00  0.000000e+00
     vertex -6.757267e+00 -3.254128e+00  0.000000e+00
     vertex -6.911072e+00 -2.913261e+00  0.000000e+00
   endloop
 endfacet
 facet normal  0.000000e+00  0.000000e+00 -1.000000e+00
   outer loop
     vertex -1.875000e+00  3.750000e+00  0.000000e+00
     vertex -6.586662e+00 -3.586905e+00  0.000000e+00
     vertex -6.757267e+00 -3.254128e+00  0.000000e+00
   endloop
 endfacet
 facet normal  0.000000e+00  0.000000e+00 -1.000000e+00
   outer loop
     vertex -1.875000e+00  3.750000e+00  0.000000e+00
     vertex -6.399682e+00 -3.910764e+00  0.000000e+00
     vertex -6.586662e+00 -3.586905e+00  0.000000e+00
   endloop
 endfacet
 facet normal  0.000000e+00  0.000000e+00 -1.000000e+00
   outer loop
     vertex -1.875000e+00  3.750000e+00  0.000000e+00
     vertex -6.196791e+00 -4.224900e+00  0.000000e+00
     vertex -6.399682e+00 -3.910764e+00  0.000000e+00
   endloop
 endfacet
 facet normal  0.000000e+00  0.000000e+00 -1.000000e+00
   outer loop
     vertex -1.875000e+00  3.750000e+00  0.000000e+00
     vertex -5.978494e+00 -4.528533e+00  0.000000e+00
     vertex -6.196791e+00 -4.224900e+00  0.000000e+00
   endloop
 endfacet
 facet normal  0.000000e+00  0.000000e+00 -1.000000e+00
   outer loop
     vertex -1.875000e+00  3.750000e+00  0.000000e+00
     vertex -5.745333e+00 -4.820907e+00  0.000000e+00
     vertex -5.978494e+00 -4.528533e+00  0.000000e+00
   endloop
 endfacet
 facet normal  0.000000e+00  0.000000e+00 -1.000000e+00
   outer loop
     vertex -1.875000e+00  3.750000e+00  0.000000e+00
     vertex -5.497889e+00 -5.101296e+00  0.000000e+00
     vertex -5.745333e+00 -4.820907e+00  0.000000e+00
   endloop
 endfacet
 facet normal  0.000000e+00  0.000000e+00 -1.000000e+00
   outer loop
     vertex -1.875000e+00  3.750000e+00  0.000000e+00
     vertex -5.236776e+00 -5.369001e+00  0.000000e+00
     vertex -5.497889e+00 -5.101296e+00  0.000000e+00
   endloop
 endfacet
 facet normal  0.000000e+00  0.000000e+00 -1.000000e+00
   outer loop
     vertex -1.875000e+00  3.750000e+00  0.000000e+00
     vertex -4.962644e+00 -5.623359e+00  0.000000e+00
     vertex -5.236776e+00 -5.369001e+00  0.000000e+00
   endloop
 endfacet
 facet normal  0.000000e+00  0.000000e+00 -1.000000e+00
   outer loop
     vertex -1.875000e+00  3.750000e+00  0.000000e+00
     vertex -4.676174e+00 -5.863736e+00  0.000000e+00
     vertex -4.962644e+00 -5.623359e+00  0.000000e+00
   endloop
 endfacet
 facet normal  0.000000e+00  0.000000e+00 -1.000000e+00
   outer loop
     vertex -1.875000e+00  3.750000e+00  0.000000e+00
     vertex -4.378078e+00 -6.089535e+00  0.000000e+00
     vertex -4.676174e+00 -5.863736e+00  0.000000e+00
   endloop
 endfacet
 facet normal  0.000000e+00  0.000000e+00 -1.000000e+00
   outer loop
     vertex -1.875000e+00  3.750000e+00  0.000000e+00
     vertex -4.069097e+00 -6.300194e+00  0.000000e+00
     vertex -4.378078e+00 -6.089535e+00  0.000000e+00
   endloop
 endfacet
 facet normal  0.000000e+00  0.000000e+00 -1.000000e+00
   outer loop
     vertex -1.875000e+00  3.750000e+00  0.000000e+00
     vertex -3.750000e+00 -6.495191e+00  0.000000e+00
     vertex -4.069097e+00 -6.300194e+00  0.000000e+00
   endloop
 endfacet
 facet normal  0.000000e+00  0.000000e+00 -1.000000e+00
   outer loop
     vertex -1.875000e+00  3.750000e+00  0.000000e+00
     vertex -3.421580e+00 -6.674039e+00  0.000000e+00
     vertex -3.750000e+00 -6.495191e+00  0.000000e+00
   endloop
 endfacet
 facet normal  0.000000e+00  0.000000e+00 -1.000000e+00
   outer loop
     vertex -1.875000e+00  3.750000e+00  0.000000e+00
     vertex -3.084653e+00 -6.836294e+00  0.000000e+00
     vertex -3.421580e+00 -6.674039e+00  0.000000e+00
   endloop
 endfacet
 facet normal  0.000000e+00  0.000000e+00 -1.000000e+00
   outer loop
     vertex -1.875000e+00  3.750000e+00  0.000000e+00
     vertex -2.740058e+00 -6.981553e+00  0.000000e+00
     vertex -3.084653e+00 -6.836294e+00  0.000000e+00
   endloop
 endfacet
 facet normal  0.000000e+00  0.000000e+00 -1.000000e+00
   outer loop
     vertex -1.875000e+00  3.750000e+00  0.000000e+00
     vertex -2.388650e+00 -7.109455e+00  0.000000e+00
     vertex -2.740058e+00 -6.981553e+00  0.000000e+00
   endloop
 endfacet
 facet normal  0.000000e+00  0.000000e+00 -1.000000e+00
   outer loop
     vertex -1.875000e+00  3.750000e+00  0.000000e+00
     vertex -2.031304e+00 -7.219682e+00  0.000000e+00
     vertex -2.388650e+00 -7.109455e+00  0.000000e+00
   endloop
 endfacet
 facet normal  0.000000e+00 -0.000000e+00 -1.000000e+00
   outer loop
     vertex -1.875000e+00  3.750000e+00  0.000000e+00
     vertex -1.668907e+00 -7.311959e+00  0.000000e+00
     vertex -2.031304e+00 -7.219682e+00  0.000000e+00
   endloop
 endfacet
 facet normal  0.000000e+00  0.000000e+00 -1.000000e+00
   outer loop
     vertex -1.875000e+00  3.750000e+00  0.000000e+00
     vertex -1.302361e+00 -7.386058e+00  0.000000e+00
     vertex -1.668907e+00 -7.311959e+00  0.000000e+00
   endloop
 endfacet
 facet normal  0.000000e+00  0.000000e+00 -1.000000e+00
   outer loop
     vertex -1.875000e+00  3.750000e+00  0.000000e+00
     vertex -9.325778e-01 -7.441794e+00  0.000000e+00
     vertex -1.302361e+00 -7.386058e+00  0.000000e+00
   endloop
 endfacet
 facet normal  0.000000e+00  0.000000e+00 -1.000000e+00
   outer loop
     vertex -1.875000e+00  3.750000e+00  0.000000e+00
     vertex -5.604757e-01 -7.479028e+00  0.000000e+00
     vertex -9.325778e-01 -7.441794e+00  0.000000e+00
   endloop
 endfacet
 facet normal  0.000000e+00  0.000000e+00 -1.000000e+00
   outer loop
     vertex -1.875000e+00  3.750000e+00  0.000000e+00
     vertex -1.869802e-01 -7.497669e+00  0.000000e+00
     vertex -5.604757e-01 -7.479028e+00  0.000000e+00
   endloop
 endfacet
 facet normal  0.000000e+00  0.000000e+00 -1.000000e+00
   outer loop
     vertex -1.875000e+00  5.625000e+00  0.000000e+00
     vertex -3.750000e+00  6.495191e+00  0.000000e+00
     vertex -3.421580e+00  6.674039e+00  0.000000e+00
   endloop
 endfacet
 facet normal  0.000000e+00  0.000000e+00 -1.000000e+00
   outer loop
     vertex -1.875000e+00  5.625000e+00  0.000000e+00
     vertex -4.069097e+00  6.300194e+00  0.000000e+00
     vertex -3.750000e+00  6.495191e+00  0.000000e+00
   endloop
 endfacet
 facet normal  0.000000e+00  0.000000e+00 -1.000000e+00
   outer loop
     vertex -1.875000e+00  5.625000e+00  0.000000e+00
     vertex -4.378078e+00  6.089535e+00  0.000000e+00
     vertex -4.069097e+00  6.300194e+00  0.000000e+00
   endloop
 endfacet
 facet normal -0.000000e+00 -0.000000e+00 -1.000000e+00
   outer loop
     vertex -1.875000e+00  5.625000e+00  0.000000e+00
     vertex -1.875000e+00  3.750000e+00  0.000000e+00
     vertex -4.378078e+00  6.089535e+00  0.000000e+00
   endloop
 endfacet
 facet normal  0.000000e+00 -0.000000e+00 -1.000000e+00
   outer loop
     vertex -3.084653e+00  6.836294e+00  0.000000e+00
     vertex -1.875000e+00  5.625000e+00  0.000000e+00
     vertex -3.421580e+00  6.674039e+00  0.000000e+00
   endloop
 endfacet
 facet normal  0.000000e+00 -0.000000e+00 -1.000000e+00
   outer loop
     vertex -2.740058e+00  6.981553e+00  0.000000e+00
     vertex -1.875000e+00  5.625000e+00  0.000000e+00
     vertex -3.084653e+00  6.836294e+00  0.000000e+00
   endloop
 endfacet
 facet normal  0.000000e+00 -0.000000e+00 -1.000000e+00
   outer loop
     vertex -2.388650e+00  7.109455e+00  0.000000e+00
     vertex -1.875000e+00  5.625000e+00  0.000000e+00
     vertex -2.740058e+00  6.981553e+00  0.000000e+00
   endloop
 endfacet
 facet normal  0.000000e+00 -0.000000e+00 -1.000000e+00
   outer loop
     vertex -2.031304e+00  7.219682e+00  0.000000e+00
     vertex -1.875000e+00  5.625000e+00  0.000000e+00
     vertex -2.388650e+00  7.109455e+00  0.000000e+00
   endloop
 endfacet
 facet normal  0.000000e+00  0.000000e+00 -1.000000e+00
   outer loop
     vertex  1.875000e+00  3.750000e+00  0.000000e+00
     vertex  2.388650e+00 -7.109455e+00  0.000000e+00
     vertex  2.031304e+00 -7.219682e+00  0.000000e+00
   endloop
 endfacet
 facet normal  0.000000e+00  0.000000e+00 -1.000000e+00
   outer loop
     vertex  1.875000e+00  3.750000e+00  0.000000e+00
     vertex  2.740058e+00 -6.981553e+00  0.000000e+00
     vertex  2.388650e+00 -7.109455e+00  0.000000e+00
   endloop
 endfacet
 facet normal  0.000000e+00  0.000000e+00 -1.000000e+00
   outer loop
     vertex  1.875000e+00  3.750000e+00  0.000000e+00
     vertex  3.084653e+00 -6.836294e+00  0.000000e+00
     vertex  2.740058e+00 -6.981553e+00  0.000000e+00
   endloop
 endfacet
 facet normal  0.000000e+00  0.000000e+00 -1.000000e+00
   outer loop
     vertex  1.875000e+00  3.750000e+00  0.000000e+00
     vertex  3.421580e+00 -6.674039e+00  0.000000e+00
     vertex  3.084653e+00 -6.836294e+00  0.000000e+00
   endloop
 endfacet
 facet normal  0.000000e+00  0.000000e+00 -1.000000e+00
   outer loop
     vertex  1.875000e+00  3.750000e+00  0.000000e+00
     vertex  3.750000e+00 -6.495191e+00  0.000000e+00
     vertex  3.421580e+00 -6.674039e+00  0.000000e+00
   endloop
 endfacet
 facet normal  0.000000e+00  0.000000e+00 -1.000000e+00
   outer loop
     vertex  1.875000e+00  3.750000e+00  0.000000e+00
     vertex  4.069097e+00 -6.300194e+00  0.000000e+00
     vertex  3.750000e+00 -6.495191e+00  0.000000e+00
   endloop
 endfacet
 facet normal  0.000000e+00  0.000000e+00 -1.000000e+00
   outer loop
     vertex  1.875000e+00  3.750000e+00  0.000000e+00
     vertex  4.378078e+00 -6.089535e+00  0.000000e+00
     vertex  4.069097e+00 -6.300194e+00  0.000000e+00
   endloop
 endfacet
 facet normal  0.000000e+00  0.000000e+00 -1.000000e+00
   outer loop
     vertex  1.875000e+00  3.750000e+00  0.000000e+00
     vertex  4.676174e+00 -5.863736e+00  0.000000e+00
     vertex  4.378078e+00 -6.089535e+00  0.000000e+00
   endloop
 endfacet
 facet normal  0.000000e+00  0.000000e+00 -1.000000e+00
   outer loop
     vertex  1.875000e+00  3.750000e+00  0.000000e+00
     vertex  4.962644e+00 -5.623359e+00  0.000000e+00
     vertex  4.676174e+00 -5.863736e+00  0.000000e+00
   endloop
 endfacet
 facet normal  0.000000e+00  0.000000e+00 -1.000000e+00
   outer loop
     vertex  1.875000e+00  3.750000e+00  0.000000e+00
     vertex  5.236776e+00 -5.369001e+00  0.000000e+00
     vertex  4.962644e+00 -5.623359e+00  0.000000e+00
   endloop
 endfacet
 facet normal  0.000000e+00  0.000000e+00 -1.000000e+00
   outer loop
     vertex  1.875000e+00  3.750000e+00  0.000000e+00
     vertex  5.497889e+00 -5.101296e+00  0.000000e+00
     vertex  5.236776e+00 -5.369001e+00  0.000000e+00
   endloop
 endfacet
 facet normal  0.000000e+00  0.000000e+00 -1.000000e+00
   outer loop
     vertex  1.875000e+00  3.750000e+00  0.000000e+00
     vertex  5.745333e+00 -4.820907e+00  0.000000e+00
     vertex  5.497889e+00 -5.101296e+00  0.000000e+00
   endloop
 endfacet
 facet normal  0.000000e+00  0.000000e+00 -1.000000e+00
   outer loop
     vertex  1.875000e+00  3.750000e+00  0.000000e+00
     vertex  5.978494e+00 -4.528533e+00  0.000000e+00
     vertex  5.745333e+00 -4.820907e+00  0.000000e+00
   endloop
 endfacet
 facet normal  0.000000e+00  0.000000e+00 -1.000000e+00
   outer loop
     vertex  1.875000e+00  3.750000e+00  0.000000e+00
     vertex  6.196791e+00 -4.224900e+00  0.000000e+00
     vertex  5.978494e+00 -4.528533e+00  0.000000e+00
   endloop
 endfacet
 facet normal  0.000000e+00  0.000000e+00 -1.000000e+00
   outer loop
     vertex  1.875000e+00  3.750000e+00  0.000000e+00
     vertex  6.399682e+00 -3.910764e+00  0.000000e+00
     vertex  6.196791e+00 -4.224900e+00  0.000000e+00
   endloop
 endfacet
 facet normal  0.000000e+00  0.000000e+00 -1.000000e+00
   outer loop
     vertex  1.875000e+00  3.750000e+00  0.000000e+00
     vertex  6.586662e+00 -3.586905e+00  0.000000e+00
     vertex  6.399682e+00 -3.910764e+00  0.000000e+00
   endloop
 endfacet
 facet normal  0.000000e+00  0.000000e+00 -1.000000e+00
   outer loop
     vertex  1.875000e+00  3.750000e+00  0.000000e+00
     vertex  6.757267e+00 -3.254128e+00  0.000000e+00
     vertex  6.586662e+00 -3.586905e+00  0.000000e+00
   endloop
 endfacet
 facet normal  0.000000e+00  0.000000e+00 -1.000000e+00
   outer loop
     vertex  1.875000e+00  3.750000e+00  0.000000e+00
     vertex  6.911072e+00 -2.913261e+00  0.000000e+00
     vertex  6.757267e+00 -3.254128e+00  0.000000e+00
   endloop
 endfacet
 facet normal  0.000000e+00  0.000000e+00 -1.000000e+00
   outer loop
     vertex  1.875000e+00  3.750000e+00  0.000000e+00
     vertex  7.047695e+00 -2.565151e+00  0.000000e+00
     vertex  6.911072e+00 -2.913261e+00  0.000000e+00
   endloop
 endfacet
 facet normal  0.000000e+00  0.000000e+00 -1.000000e+00
   outer loop
     vertex  1.875000e+00  3.750000e+00  0.000000e+00
     vertex  7.166796e+00 -2.210664e+00  0.000000e+00
     vertex  7.047695e+00 -2.565151e+00  0.000000e+00
   endloop
 endfacet
 facet normal  0.000000e+00  0.000000e+00 -1.000000e+00
   outer loop
     vertex  1.875000e+00  3.750000e+00  0.000000e+00
     vertex  7.268080e+00 -1.850680e+00  0.000000e+00
     vertex  7.166796e+00 -2.210664e+00  0.000000e+00
   endloop
 endfacet
 facet normal -0.000000e+00  0.000000e+00 -1.000000e+00
   outer loop
     vertex  1.875000e+00  3.750000e+00  0.000000e+00
     vertex -1.869802e-01 -7.497669e+00  0.000000e+00
     vertex -1.875000e+00  3.750000e+00  0.000000e+00
   endloop
 endfacet
 facet normal  0.000000e+00  0.000000e+00 -1.000000e+00
   outer loop
     vertex  1.875000e+00  3.750000e+00  0.000000e+00
     vertex  1.869802e-01 -7.497669e+00  0.000000e+00
     vertex -1.869802e-01 -7.497669e+00  0.000000e+00
   endloop
 endfacet
 facet normal  0.000000e+00  0.000000e+00 -1.000000e+00
   outer loop
     vertex  1.875000e+00  3.750000e+00  0.000000e+00
     vertex  5.604757e-01 -7.479028e+00  0.000000e+00
     vertex  1.869802e-01 -7.497669e+00  0.000000e+00
   endloop
 endfacet
 facet normal  0.000000e+00  0.000000e+00 -1.000000e+00
   outer loop
     vertex  1.875000e+00  3.750000e+00  0.000000e+00
     vertex  9.325778e-01 -7.441794e+00  0.000000e+00
     vertex  5.604757e-01 -7.479028e+00  0.000000e+00
   endloop
 endfacet
 facet normal  0.000000e+00  0.000000e+00 -1.000000e+00
   outer loop
     vertex  1.875000e+00  3.750000e+00  0.000000e+00
     vertex  1.302361e+00 -7.386058e+00  0.000000e+00
     vertex  9.325778e-01 -7.441794e+00  0.000000e+00
   endloop
 endfacet
 facet normal  0.000000e+00  0.000000e+00 -1.000000e+00
   outer loop
     vertex  1.875000e+00  3.750000e+00  0.000000e+00
     vertex  1.668907e+00 -7.311959e+00  0.000000e+00
     vertex  1.302361e+00 -7.386058e+00  0.000000e+00
   endloop
 endfacet
 facet normal  0.000000e+00 -0.000000e+00 -1.000000e+00
   outer loop
     vertex  1.875000e+00  3.750000e+00  0.000000e+00
     vertex  2.031304e+00 -7.219682e+00  0.000000e+00
     vertex  1.668907e+00 -7.311959e+00  0.000000e+00
   endloop
 endfacet
 facet normal  0.000000e+00  0.000000e+00 -1.000000e+00
   outer loop
     vertex -1.668907e+00  7.311959e+00  0.000000e+00
     vertex -1.875000e+00  5.625000e+00  0.000000e+00
     vertex -2.031304e+00  7.219682e+00  0.000000e+00
   endloop
 endfacet
 facet normal -0.000000e+00  0.000000e+00 -1.000000e+00
   outer loop
     vertex  7.351294e+00 -1.486096e+00  0.000000e+00
     vertex  7.268080e+00 -1.850680e+00  0.000000e+00
     vertex  1.875000e+00  3.750000e+00  0.000000e+00
   endloop
 endfacet
 facet normal  0.000000e+00  0.000000e+00 -1.000000e+00
   outer loop
     vertex -1.302361e+00  7.386058e+00  0.000000e+00
     vertex -1.875000e+00  5.625000e+00  0.000000e+00
     vertex -1.668907e+00  7.311959e+00  0.000000e+00
   endloop
 endfacet
 facet normal -0.000000e+00  0.000000e+00 -1.000000e+00
   outer loop
     vertex  7.416231e+00 -1.117817e+00  0.000000e+00
     vertex  7.351294e+00 -1.486096e+00  0.000000e+00
     vertex  1.875000e+00  3.750000e+00  0.000000e+00
   endloop
 endfacet
 facet normal  0.000000e+00  0.000000e+00 -1.000000e+00
   outer loop
     vertex -9.325778e-01  7.441794e+00  0.000000e+00
     vertex -1.875000e+00  5.625000e+00  0.000000e+00
     vertex -1.302361e+00  7.386058e+00  0.000000e+00
   endloop
 endfacet
 facet normal -0.000000e+00  0.000000e+00 -1.000000e+00
   outer loop
     vertex  7.462731e+00 -7.467588e-01  0.000000e+00
     vertex  7.416231e+00 -1.117817e+00  0.000000e+00
     vertex  1.875000e+00  3.750000e+00  0.000000e+00
   endloop
 endfacet
 facet normal  0.000000e+00  0.000000e+00 -1.000000e+00
   outer loop
     vertex -5.604757e-01  7.479028e+00  0.000000e+00
     vertex -1.875000e+00  5.625000e+00  0.000000e+00
     vertex -9.325778e-01  7.441794e+00  0.000000e+00
   endloop
 endfacet
 facet normal -0.000000e+00  0.000000e+00 -1.000000e+00
   outer loop
     vertex  7.490677e+00 -3.738441e-01  0.000000e+00
     vertex  7.462731e+00 -7.467588e-01  0.000000e+00
     vertex  1.875000e+00  3.750000e+00  0.000000e+00
   endloop
 endfacet
 facet normal  0.000000e+00  0.000000e+00 -1.000000e+00
   outer loop
     vertex -1.869802e-01  7.497669e+00  0.000000e+00
     vertex -1.875000e+00  5.625000e+00  0.000000e+00
     vertex -5.604757e-01  7.479028e+00  0.000000e+00
   endloop
 endfacet
 facet normal  0.000000e+00  0.000000e+00 -1.000000e+00
   outer loop
     vertex  1.875000e+00  5.625000e+00  0.000000e+00
     vertex -1.875000e+00  5.625000e+00  0.000000e+00
     vertex -1.869802e-01  7.497669e+00  0.000000e+00
   endloop
 endfacet
 facet normal -0.000000e+00  0.000000e+00 -1.000000e+00
   outer loop
     vertex  7.500000e+00  0.000000e+00  0.000000e+00
     vertex  7.490677e+00 -3.738441e-01  0.000000e+00
     vertex  1.875000e+00  3.750000e+00  0.000000e+00
   endloop
 endfacet
 facet normal -0.000000e+00 -0.000000e+00 -1.000000e+00
   outer loop
     vertex  1.869802e-01  7.497669e+00  0.000000e+00
     vertex  1.875000e+00  5.625000e+00  0.000000e+00
     vertex -1.869802e-01  7.497669e+00  0.000000e+00
   endloop
 endfacet
 facet normal -0.000000e+00 -0.000000e+00 -1.000000e+00
   outer loop
     vertex  7.490677e+00  3.738441e-01  0.000000e+00
     vertex  7.500000e+00  0.000000e+00  0.000000e+00
     vertex  1.875000e+00  3.750000e+00  0.000000e+00
   endloop
 endfacet
 facet normal -0.000000e+00 -0.000000e+00 -1.000000e+00
   outer loop
     vertex  5.604757e-01  7.479028e+00  0.000000e+00
     vertex  1.875000e+00  5.625000e+00  0.000000e+00
     vertex  1.869802e-01  7.497669e+00  0.000000e+00
   endloop
 endfacet
 facet normal -0.000000e+00 -0.000000e+00 -1.000000e+00
   outer loop
     vertex  7.462731e+00  7.467588e-01  0.000000e+00
     vertex  7.490677e+00  3.738441e-01  0.000000e+00
     vertex  1.875000e+00  3.750000e+00  0.000000e+00
   endloop
 endfacet
 facet normal -0.000000e+00 -0.000000e+00 -1.000000e+00
   outer loop
     vertex  9.325778e-01  7.441794e+00  0.000000e+00
     vertex  1.875000e+00  5.625000e+00  0.000000e+00
     vertex  5.604757e-01  7.479028e+00  0.000000e+00
   endloop
 endfacet
 facet normal -0.000000e+00 -0.000000e+00 -1.000000e+00
   outer loop
     vertex  7.416231e+00  1.117817e+00  0.000000e+00
     vertex  7.462731e+00  7.467588e-01  0.000000e+00
     vertex  1.875000e+00  3.750000e+00  0.000000e+00
   endloop
 endfacet
 facet normal -0.000000e+00 -0.000000e+00 -1.000000e+00
   outer loop
     vertex  1.302361e+00  7.386058e+00  0.000000e+00
     vertex  1.875000e+00  5.625000e+00  0.000000e+00
     vertex  9.325778e-01  7.441794e+00  0.000000e+00
   endloop
 endfacet
 facet normal -0.000000e+00 -0.000000e+00 -1.000000e+00
   outer loop
     vertex  7.351294e+00  1.486096e+00  0.000000e+00
     vertex  7.416231e+00  1.117817e+00  0.000000e+00
     vertex  1.875000e+00  3.750000e+00  0.000000e+00
   endloop
 endfacet
 facet normal -0.000000e+00 -0.000000e+00 -1.000000e+00
   outer loop
     vertex  1.668907e+00  7.311959e+00  0.000000e+00
     vertex  1.875000e+00  5.625000e+00  0.000000e+00
     vertex  1.302361e+00  7.386058e+00  0.000000e+00
   endloop
 endfacet
 facet normal -0.000000e+00 -0.000000e+00 -1.000000e+00
   outer loop
     vertex  7.268080e+00  1.850680e+00  0.000000e+00
     vertex  7.351294e+00  1.486096e+00  0.000000e+00
     vertex  1.875000e+00  3.750000e+00  0.000000e+00
   endloop
 endfacet
 facet normal -0.000000e+00  0.000000e+00 -1.000000e+00
   outer loop
     vertex  2.031304e+00  7.219682e+00  0.000000e+00
     vertex  1.875000e+00  5.625000e+00  0.000000e+00
     vertex  1.668907e+00  7.311959e+00  0.000000e+00
   endloop
 endfacet
 facet normal -0.000000e+00 -0.000000e+00 -1.000000e+00
   outer loop
     vertex  7.166796e+00  2.210664e+00  0.000000e+00
     vertex  7.268080e+00  1.850680e+00  0.000000e+00
     vertex  1.875000e+00  3.750000e+00  0.000000e+00
   endloop
 endfacet
 facet normal -0.000000e+00  0.000000e+00 -1.000000e+00
   outer loop
     vertex  2.388650e+00  7.109455e+00  0.000000e+00
     vertex  1.875000e+00  5.625000e+00  0.000000e+00
     vertex  2.031304e+00  7.219682e+00  0.000000e+00
   endloop
 endfacet
 facet normal -0.000000e+00 -0.000000e+00 -1.000000e+00
   outer loop
     vertex  7.047695e+00  2.565151e+00  0.000000e+00
     vertex  7.166796e+00  2.210664e+00  0.000000e+00
     vertex  1.875000e+00  3.750000e+00  0.000000e+00
   endloop
 endfacet
 facet normal -0.000000e+00  0.000000e+00 -1.000000e+00
   outer loop
     vertex  2.740058e+00  6.981553e+00  0.000000e+00
     vertex  1.875000e+00  5.625000e+00  0.000000e+00
     vertex  2.388650e+00  7.109455e+00  0.000000e+00
   endloop
 endfacet
 facet normal -0.000000e+00 -0.000000e+00 -1.000000e+00
   outer loop
     vertex  6.911072e+00  2.913261e+00  0.000000e+00
     vertex  7.047695e+00  2.565151e+00  0.000000e+00
     vertex  1.875000e+00  3.750000e+00  0.000000e+00
   endloop
 endfacet
 facet normal -0.000000e+00  0.000000e+00 -1.000000e+00
   outer loop
     vertex  3.084653e+00  6.836294e+00  0.000000e+00
     vertex  1.875000e+00  5.625000e+00  0.000000e+00
     vertex  2.740058e+00  6.981553e+00  0.000000e+00
   endloop
 endfacet
 facet normal -0.000000e+00 -0.000000e+00 -1.000000e+00
   outer loop
     vertex  6.757267e+00  3.254128e+00  0.000000e+00
     vertex  6.911072e+00  2.913261e+00  0.000000e+00
     vertex  1.875000e+00  3.750000e+00  0.000000e+00
   endloop
 endfacet
 facet normal -0.000000e+00  0.000000e+00 -1.000000e+00
   outer loop
     vertex  3.421580e+00  6.674039e+00  0.000000e+00
     vertex  1.875000e+00  5.625000e+00  0.000000e+00
     vertex  3.084653e+00  6.836294e+00  0.000000e+00
   endloop
 endfacet
 facet normal -0.000000e+00 -0.000000e+00 -1.000000e+00
   outer loop
     vertex  6.586662e+00  3.586905e+00  0.000000e+00
     vertex  6.757267e+00  3.254128e+00  0.000000e+00
     vertex  1.875000e+00  3.750000e+00  0.000000e+00
   endloop
 endfacet
 facet normal -0.000000e+00  0.000000e+00 -1.000000e+00
   outer loop
     vertex  3.750000e+00  6.495191e+00  0.000000e+00
     vertex  1.875000e+00  5.625000e+00  0.000000e+00
     vertex  3.421580e+00  6.674039e+00  0.000000e+00
   endloop
 endfacet
 facet normal  0.000000e+00 -0.000000e+00 -1.000000e+00
   outer loop
     vertex  6.399682e+00  3.910764e+00  0.000000e+00
     vertex  6.586662e+00  3.586905e+00  0.000000e+00
     vertex  1.875000e+00  3.750000e+00  0.000000e+00
   endloop
 endfacet
 facet normal -0.000000e+00  0.000000e+00 -1.000000e+00
   outer loop
     vertex  4.069097e+00  6.300194e+00  0.000000e+00
     vertex  1.875000e+00  5.625000e+00  0.000000e+00
     vertex  3.750000e+00  6.495191e+00  0.000000e+00
   endloop
 endfacet
 facet normal  0.000000e+00 -0.000000e+00 -1.000000e+00
   outer loop
     vertex  6.196791e+00  4.224900e+00  0.000000e+00
     vertex  6.399682e+00  3.910764e+00  0.000000e+00
     vertex  1.875000e+00  3.750000e+00  0.000000e+00
   endloop
 endfacet
 facet normal  0.000000e+00  0.000000e+00 -1.000000e+00
   outer loop
     vertex  4.378078e+00  6.089535e+00  0.000000e+00
     vertex  1.875000e+00  3.750000e+00  0.000000e+00
     vertex  1.875000e+00  5.625000e+00  0.000000e+00
   endloop
 endfacet
 facet normal -0.000000e+00  0.000000e+00 -1.000000e+00
   outer loop
     vertex  4.378078e+00  6.089535e+00  0.000000e+00
     vertex  1.875000e+00  5.625000e+00  0.000000e+00
     vertex  4.069097e+00  6.300194e+00  0.000000e+00
   endloop
 endfacet
 facet normal  0.000000e+00 -0.000000e+00 -1.000000e+00
   outer loop
     vertex  5.978494e+00  4.528533e+00  0.000000e+00
     vertex  6.196791e+00  4.224900e+00  0.000000e+00
     vertex  1.875000e+00  3.750000e+00  0.000000e+00
   endloop
 endfacet
 facet normal -0.000000e+00  0.000000e+00 -1.000000e+00
   outer loop
     vertex  4.676174e+00  5.863736e+00  0.000000e+00
     vertex  1.875000e+00  3.750000e+00  0.000000e+00
     vertex  4.378078e+00  6.089535e+00  0.000000e+00
   endloop
 endfacet
 facet normal  0.000000e+00 -0.000000e+00 -1.000000e+00
   outer loop
     vertex  5.745333e+00  4.820907e+00  0.000000e+00
     vertex  5.978494e+00  4.528533e+00  0.000000e+00
     vertex  1.875000e+00  3.750000e+00  0.000000e+00
   endloop
 endfacet
 facet normal -0.000000e+00  0.000000e+00 -1.000000e+00
   outer loop
     vertex  4.962644e+00  5.623359e+00  0.000000e+00
     vertex  1.875000e+00  3.750000e+00  0.000000e+00
     vertex  4.676174e+00  5.863736e+00  0.000000e+00
   endloop
 endfacet
 facet normal  0.000000e+00 -0.000000e+00 -1.000000e+00
   outer loop
     vertex  5.497889e+00  5.101296e+00  0.000000e+00
     vertex  5.745333e+00  4.820907e+00  0.000000e+00
     vertex  1.875000e+00  3.750000e+00  0.000000e+00
   endloop
 endfacet
 facet normal -0.000000e+00  0.000000e+00 -1.000000e+00
   outer loop
     vertex  5.236776e+00  5.369001e+00  0.000000e+00
     vertex  1.875000e+00  3.750000e+00  0.000000e+00
     vertex  4.962644e+00  5.623359e+00  0.000000e+00
   endloop
 endfacet
 facet normal  0.000000e+00 -0.000000e+00 -1.000000e+00
   outer loop
     vertex  5.236776e+00  5.369001e+00  0.000000e+00
     vertex  5.497889e+00  5.101296e+00  0.000000e+00
     vertex  1.875000e+00  3.750000e+00  0.000000e+00
   endloop
 endfacet
 facet normal  0.000000e+00  0.000000e+00  1.000000e+00
   outer loop
     vertex -1.875000e+00  3.750000e+00  1.000000e+02
     vertex -3.940270e+00  5.480582e+00  1.000000e+02
     vertex -4.208556e+00  5.277363e+00  1.000000e+02
   endloop
 endfacet
 facet normal  0.000000e+00  0.000000e+00  1.000000e+00
   outer loop
     vertex -1.875000e+00  3.750000e+00  1.000000e+02
     vertex -4.208556e+00  5.277363e+00  1.000000e+02
     vertex -4.466379e+00  5.061023e+00  1.000000e+02
   endloop
 endfacet
 facet normal  0.000000e+00  0.000000e+00  1.000000e+00
   outer loop
     vertex -1.875000e+00  3.750000e+00  1.000000e+02
     vertex -4.466379e+00  5.061023e+00  1.000000e+02
     vertex -4.713099e+00  4.832101e+00  1.000000e+02
   endloop
 endfacet
 facet normal  0.000000e+00  0.000000e+00  1.000000e+00
   outer loop
     vertex -1.875000e+00  3.750000e+00  1.000000e+02
     vertex -4.713099e+00  4.832101e+00  1.000000e+02
     vertex -4.948100e+00  4.591166e+00  1.000000e+02
   endloop
 endfacet
 facet normal  0.000000e+00  0.000000e+00  1.000000e+00
   outer loop
     vertex -1.875000e+00  3.750000e+00  1.000000e+02
     vertex -4.948100e+00  4.591166e+00  1.000000e+02
     vertex -5.170800e+00  4.338816e+00  1.000000e+02
   endloop
 endfacet
 facet normal  0.000000e+00  0.000000e+00  1.000000e+00
   outer loop
     vertex -1.875000e+00  3.750000e+00  1.000000e+02
     vertex -5.170800e+00  4.338816e+00  1.000000e+02
     vertex -5.380644e+00  4.075680e+00  1.000000e+02
   endloop
 endfacet
 facet normal  0.000000e+00  0.000000e+00  1.000000e+00
   outer loop
     vertex -1.875000e+00  3.750000e+00  1.000000e+02
     vertex -5.380644e+00  4.075680e+00  1.000000e+02
     vertex -5.577112e+00  3.802410e+00  1.000000e+02
   endloop
 endfacet
 facet normal  0.000000e+00  0.000000e+00  1.000000e+00
   outer loop
     vertex -1.875000e+00  3.750000e+00  1.000000e+02
     vertex -5.577112e+00  3.802410e+00  1.000000e+02
     vertex -5.759713e+00  3.519688e+00  1.000000e+02
   endloop
 endfacet
 facet normal  0.000000e+00  0.000000e+00  1.000000e+00
   outer loop
     vertex -1.875000e+00  3.750000e+00  1.000000e+02
     vertex -5.759713e+00  3.519688e+00  1.000000e+02
     vertex -5.927996e+00  3.228214e+00  1.000000e+02
   endloop
 endfacet
 facet normal  0.000000e+00  0.000000e+00  1.000000e+00
   outer loop
     vertex -1.875000e+00  3.750000e+00  1.000000e+02
     vertex -5.927996e+00  3.228214e+00  1.000000e+02
     vertex -6.081540e+00  2.928715e+00  1.000000e+02
   endloop
 endfacet
 facet normal  0.000000e+00  0.000000e+00  1.000000e+00
   outer loop
     vertex -1.875000e+00  3.750000e+00  1.000000e+02
     vertex -6.081540e+00  2.928715e+00  1.000000e+02
     vertex -6.219964e+00  2.621935e+00  1.000000e+02
   endloop
 endfacet
 facet normal  0.000000e+00  0.000000e+00  1.000000e+00
   outer loop
     vertex -1.875000e+00  3.750000e+00  1.000000e+02
     vertex -6.219964e+00  2.621935e+00  1.000000e+02
     vertex -6.342925e+00  2.308636e+00  1.000000e+02
   endloop
 endfacet
 facet normal  0.000000e+00  0.000000e+00  1.000000e+00
   outer loop
     vertex -1.875000e+00  3.750000e+00  1.000000e+02
     vertex -6.342925e+00  2.308636e+00  1.000000e+02
     vertex -6.450116e+00  1.989597e+00  1.000000e+02
   endloop
 endfacet
 facet normal  0.000000e+00  0.000000e+00  1.000000e+00
   outer loop
     vertex -1.875000e+00  3.750000e+00  1.000000e+02
     vertex -6.450116e+00  1.989597e+00  1.000000e+02
     vertex -6.541272e+00  1.665612e+00  1.000000e+02
   endloop
 endfacet
 facet normal  0.000000e+00  0.000000e+00  1.000000e+00
   outer loop
     vertex -1.875000e+00  3.750000e+00  1.000000e+02
     vertex -6.541272e+00  1.665612e+00  1.000000e+02
     vertex -6.616164e+00  1.337486e+00  1.000000e+02
   endloop
 endfacet
 facet normal  0.000000e+00  0.000000e+00  1.000000e+00
   outer loop
     vertex -1.875000e+00  3.750000e+00  1.000000e+02
     vertex -6.616164e+00  1.337486e+00  1.000000e+02
     vertex -6.674608e+00  1.006035e+00  1.000000e+02
   endloop
 endfacet
 facet normal  0.000000e+00  0.000000e+00  1.000000e+00
   outer loop
     vertex -1.875000e+00  3.750000e+00  1.000000e+02
     vertex -6.674608e+00  1.006035e+00  1.000000e+02
     vertex -6.716458e+00  6.720830e-01  1.000000e+02
   endloop
 endfacet
 facet normal  0.000000e+00  0.000000e+00  1.000000e+00
   outer loop
     vertex -1.875000e+00  3.750000e+00  1.000000e+02
     vertex -6.716458e+00  6.720830e-01  1.000000e+02
     vertex -6.741609e+00  3.364597e-01  1.000000e+02
   endloop
 endfacet
 facet normal  0.000000e+00  0.000000e+00  1.000000e+00
   outer loop
     vertex -1.875000e+00  3.750000e+00  1.000000e+02
     vertex -6.741609e+00  3.364597e-01  1.000000e+02
     vertex -6.750000e+00 -2.315418e-14  1.000000e+02
   endloop
 endfacet
 facet normal  0.000000e+00  0.000000e+00  1.000000e+00
   outer loop
     vertex -1.875000e+00  3.750000e+00  1.000000e+02
     vertex -6.750000e+00 -2.315418e-14  1.000000e+02
     vertex -6.741609e+00 -3.364597e-01  1.000000e+02
   endloop
 endfacet
 facet normal  0.000000e+00  0.000000e+00  1.000000e+00
   outer loop
     vertex -1.875000e+00  3.750000e+00  1.000000e+02
     vertex -6.741609e+00 -3.364597e-01  1.000000e+02
     vertex -6.716458e+00 -6.720830e-01  1.000000e+02
   endloop
 endfacet
 facet normal  0.000000e+00  0.000000e+00  1.000000e+00
   outer loop
     vertex -1.875000e+00  3.750000e+00  1.000000e+02
     vertex -6.716458e+00 -6.720830e-01  1.000000e+02
     vertex -6.674608e+00 -1.006035e+00  1.000000e+02
   endloop
 endfacet
 facet normal  0.000000e+00  0.000000e+00  1.000000e+00
   outer loop
     vertex -1.875000e+00  3.750000e+00  1.000000e+02
     vertex -6.674608e+00 -1.006035e+00  1.000000e+02
     vertex -6.616164e+00 -1.337486e+00  1.000000e+02
   endloop
 endfacet
 facet normal  0.000000e+00  0.000000e+00  1.000000e+00
   outer loop
     vertex -1.875000e+00  3.750000e+00  1.000000e+02
     vertex -6.616164e+00 -1.337486e+00  1.000000e+02
     vertex -6.541272e+00 -1.665612e+00  1.000000e+02
   endloop
 endfacet
 facet normal  0.000000e+00  0.000000e+00  1.000000e+00
   outer loop
     vertex -1.875000e+00  3.750000e+00  1.000000e+02
     vertex -6.541272e+00 -1.665612e+00  1.000000e+02
     vertex -6.450116e+00 -1.989597e+00  1.000000e+02
   endloop
 endfacet
 facet normal  0.000000e+00  0.000000e+00  1.000000e+00
   outer loop
     vertex -1.875000e+00  3.750000e+00  1.000000e+02
     vertex -6.450116e+00 -1.989597e+00  1.000000e+02
     vertex -6.342925e+00 -2.308636e+00  1.000000e+02
   endloop
 endfacet
 facet normal  0.000000e+00  0.000000e+00  1.000000e+00
   outer loop
     vertex -1.875000e+00  3.750000e+00  1.000000e+02
     vertex -6.342925e+00 -2.308636e+00  1.000000e+02
     vertex -6.219964e+00 -2.621935e+00  1.000000e+02
   endloop
 endfacet
 facet normal  0.000000e+00  0.000000e+00  1.000000e+00
   outer loop
     vertex -1.875000e+00  3.750000e+00  1.000000e+02
     vertex -6.219964e+00 -2.621935e+00  1.000000e+02
     vertex -6.081540e+00 -2.928715e+00  1.000000e+02
   endloop
 endfacet
 facet normal  0.000000e+00  0.000000e+00  1.000000e+00
   outer loop
     vertex -1.875000e+00  3.750000e+00  1.000000e+02
     vertex -6.081540e+00 -2.928715e+00  1.000000e+02
     vertex -5.927996e+00 -3.228214e+00  1.000000e+02
   endloop
 endfacet
 facet normal  0.000000e+00  0.000000e+00  1.000000e+00
   outer loop
     vertex -1.875000e+00  3.750000e+00  1.000000e+02
     vertex -5.927996e+00 -3.228214e+00  1.000000e+02
     vertex -5.759713e+00 -3.519688e+00  1.000000e+02
   endloop
 endfacet
 facet normal  0.000000e+00  0.000000e+00  1.000000e+00
   outer loop
     vertex -1.875000e+00  3.750000e+00  1.000000e+02
     vertex -5.759713e+00 -3.519688e+00  1.000000e+02
     vertex -5.577112e+00 -3.802410e+00  1.000000e+02
   endloop
 endfacet
 facet normal  0.000000e+00  0.000000e+00  1.000000e+00
   outer loop
     vertex -1.875000e+00  3.750000e+00  1.000000e+02
     vertex -5.577112e+00 -3.802410e+00  1.000000e+02
     vertex -5.380644e+00 -4.075680e+00  1.000000e+02
   endloop
 endfacet
 facet normal  0.000000e+00  0.000000e+00  1.000000e+00
   outer loop
     vertex -1.875000e+00  3.750000e+00  1.000000e+02
     vertex -5.380644e+00 -4.075680e+00  1.000000e+02
     vertex -5.170800e+00 -4.338816e+00  1.000000e+02
   endloop
 endfacet
 facet normal  0.000000e+00  0.000000e+00  1.000000e+00
   outer loop
     vertex -1.875000e+00  3.750000e+00  1.000000e+02
     vertex -5.170800e+00 -4.338816e+00  1.000000e+02
     vertex -4.948100e+00 -4.591166e+00  1.000000e+02
   endloop
 endfacet
 facet normal  0.000000e+00  0.000000e+00  1.000000e+00
   outer loop
     vertex -1.875000e+00  3.750000e+00  1.000000e+02
     vertex -4.948100e+00 -4.591166e+00  1.000000e+02
     vertex -4.713099e+00 -4.832101e+00  1.000000e+02
   endloop
 endfacet
 facet normal  0.000000e+00  0.000000e+00  1.000000e+00
   outer loop
     vertex -1.875000e+00  3.750000e+00  1.000000e+02
     vertex -4.713099e+00 -4.832101e+00  1.000000e+02
     vertex -4.466379e+00 -5.061023e+00  1.000000e+02
   endloop
 endfacet
 facet normal  0.000000e+00  0.000000e+00  1.000000e+00
   outer loop
     vertex -1.875000e+00  3.750000e+00  1.000000e+02
     vertex -4.466379e+00 -5.061023e+00  1.000000e+02
     vertex -4.208556e+00 -5.277363e+00  1.000000e+02
   endloop
 endfacet
 facet normal  0.000000e+00  0.000000e+00  1.000000e+00
   outer loop
     vertex -1.875000e+00  3.750000e+00  1.000000e+02
     vertex -4.208556e+00 -5.277363e+00  1.000000e+02
     vertex -3.940270e+00 -5.480582e+00  1.000000e+02
   endloop
 endfacet
 facet normal  0.000000e+00  0.000000e+00  1.000000e+00
   outer loop
     vertex -1.875000e+00  3.750000e+00  1.000000e+02
     vertex -3.940270e+00 -5.480582e+00  1.000000e+02
     vertex -3.662187e+00 -5.670175e+00  1.000000e+02
   endloop
 endfacet
 facet normal  0.000000e+00  0.000000e+00  1.000000e+00
   outer loop
     vertex -1.875000e+00  3.750000e+00  1.000000e+02
     vertex -3.662187e+00 -5.670175e+00  1.000000e+02
     vertex -3.375000e+00 -5.845671e+00  1.000000e+02
   endloop
 endfacet
 facet normal  0.000000e+00  0.000000e+00  1.000000e+00
   outer loop
     vertex -1.875000e+00  3.750000e+00  1.000000e+02
     vertex -3.375000e+00 -5.845671e+00  1.000000e+02
     vertex -3.079422e+00 -6.006635e+00  1.000000e+02
   endloop
 endfacet
 facet normal  0.000000e+00  0.000000e+00  1.000000e+00
   outer loop
     vertex -1.875000e+00  3.750000e+00  1.000000e+02
     vertex -3.079422e+00 -6.006635e+00  1.000000e+02
     vertex -2.776188e+00 -6.152665e+00  1.000000e+02
   endloop
 endfacet
 facet normal  0.000000e+00  0.000000e+00  1.000000e+00
   outer loop
     vertex -1.875000e+00  3.750000e+00  1.000000e+02
     vertex -2.776188e+00 -6.152665e+00  1.000000e+02
     vertex -2.466052e+00 -6.283398e+00  1.000000e+02
   endloop
 endfacet
 facet normal  0.000000e+00  0.000000e+00  1.000000e+00
   outer loop
     vertex -1.875000e+00  3.750000e+00  1.000000e+02
     vertex -2.466052e+00 -6.283398e+00  1.000000e+02
     vertex -2.149785e+00 -6.398510e+00  1.000000e+02
   endloop
 endfacet
 facet normal  0.000000e+00  0.000000e+00  1.000000e+00
   outer loop
     vertex -1.875000e+00  3.750000e+00  1.000000e+02
     vertex -2.149785e+00 -6.398510e+00  1.000000e+02
     vertex -1.828173e+00 -6.497714e+00  1.000000e+02
   endloop
 endfacet
 facet normal  0.000000e+00  0.000000e+00  1.000000e+00
   outer loop
     vertex -1.875000e+00  3.750000e+00  1.000000e+02
     vertex -1.828173e+00 -6.497714e+00  1.000000e+02
     vertex -1.502016e+00 -6.580763e+00  1.000000e+02
   endloop
 endfacet
 facet normal  0.000000e+00  0.000000e+00  1.000000e+00
   outer loop
     vertex -1.875000e+00  3.750000e+00  1.000000e+02
     vertex -1.502016e+00 -6.580763e+00  1.000000e+02
     vertex -1.172125e+00 -6.647452e+00  1.000000e+02
   endloop
 endfacet
 facet normal  0.000000e+00  0.000000e+00  1.000000e+00
   outer loop
     vertex -1.875000e+00  3.750000e+00  1.000000e+02
     vertex -1.172125e+00 -6.647452e+00  1.000000e+02
     vertex -8.393200e-01 -6.697615e+00  1.000000e+02
   endloop
 endfacet
 facet normal  0.000000e+00  0.000000e+00  1.000000e+00
   outer loop
     vertex -1.875000e+00  3.750000e+00  1.000000e+02
     vertex -8.393200e-01 -6.697615e+00  1.000000e+02
     vertex -5.044281e-01 -6.731126e+00  1.000000e+02
   endloop
 endfacet
 facet normal  0.000000e+00  0.000000e+00  1.000000e+00
   outer loop
     vertex -1.875000e+00  3.750000e+00  1.000000e+02
     vertex -5.044281e-01 -6.731126e+00  1.000000e+02
     vertex -1.682822e-01 -6.747902e+00  1.000000e+02
   endloop
 endfacet
 facet normal  0.000000e+00  0.000000e+00  1.000000e+00
   outer loop
     vertex -3.662187e+00  5.670175e+00  1.000000e+02
     vertex -3.940270e+00  5.480582e+00  1.000000e+02
     vertex -1.875000e+00  3.750000e+00  1.000000e+02
   endloop
 endfacet
 facet normal  0.000000e+00  0.000000e+00  1.000000e+00
   outer loop
     vertex -3.375000e+00  5.845671e+00  1.000000e+02
     vertex -3.662187e+00  5.670175e+00  1.000000e+02
     vertex -1.875000e+00  3.750000e+00  1.000000e+02
   endloop
 endfacet
 facet normal  0.000000e+00  0.000000e+00  1.000000e+00
   outer loop
     vertex -1.875000e+00  5.625000e+00  1.000000e+02
     vertex -2.776188e+00  6.152665e+00  1.000000e+02
     vertex -3.079422e+00  6.006635e+00  1.000000e+02
   endloop
 endfacet
 facet normal  0.000000e+00  0.000000e+00  1.000000e+00
   outer loop
     vertex -1.875000e+00  5.625000e+00  1.000000e+02
     vertex -3.079422e+00  6.006635e+00  1.000000e+02
     vertex -3.375000e+00  5.845671e+00  1.000000e+02
   endloop
 endfacet
 facet normal  0.000000e+00  0.000000e+00  1.000000e+00
   outer loop
     vertex -1.875000e+00  5.625000e+00  1.000000e+02
     vertex -3.375000e+00  5.845671e+00  1.000000e+02
     vertex -1.875000e+00  3.750000e+00  1.000000e+02
   endloop
 endfacet
 facet normal  0.000000e+00  0.000000e+00  1.000000e+00
   outer loop
     vertex -2.466052e+00  6.283398e+00  1.000000e+02
     vertex -2.776188e+00  6.152665e+00  1.000000e+02
     vertex -1.875000e+00  5.625000e+00  1.000000e+02
   endloop
 endfacet
 facet normal  0.000000e+00  0.000000e+00  1.000000e+00
   outer loop
     vertex -2.149785e+00  6.398510e+00  1.000000e+02
     vertex -2.466052e+00  6.283398e+00  1.000000e+02
     vertex -1.875000e+00  5.625000e+00  1.000000e+02
   endloop
 endfacet
 facet normal  0.000000e+00  0.000000e+00  1.000000e+00
   outer loop
     vertex -1.828173e+00  6.497714e+00  1.000000e+02
     vertex -2.149785e+00  6.398510e+00  1.000000e+02
     vertex -1.875000e+00  5.625000e+00  1.000000e+02
   endloop
 endfacet
 facet normal  0.000000e+00  0.000000e+00  1.000000e+00
   outer loop
     vertex -1.502016e+00  6.580763e+00  1.000000e+02
     vertex -1.828173e+00  6.497714e+00  1.000000e+02
     vertex -1.875000e+00  5.625000e+00  1.000000e+02
   endloop
 endfacet
 facet normal  0.000000e+00  0.000000e+00  1.000000e+00
   outer loop
     vertex -1.172125e+00  6.647452e+00  1.000000e+02
     vertex -1.502016e+00  6.580763e+00  1.000000e+02
     vertex -1.875000e+00  5.625000e+00  1.000000e+02
   endloop
 endfacet
 facet normal  0.000000e+00  0.000000e+00  1.000000e+00
   outer loop
     vertex  1.875000e+00  3.750000e+00  1.000000e+02
     vertex  1.828173e+00 -6.497714e+00  1.000000e+02
     vertex  2.149785e+00 -6.398510e+00  1.000000e+02
   endloop
 endfacet
 facet normal  0.000000e+00  0.000000e+00  1.000000e+00
   outer loop
     vertex  1.875000e+00  3.750000e+00  1.000000e+02
     vertex  2.149785e+00 -6.398510e+00  1.000000e+02
     vertex  2.466052e+00 -6.283398e+00  1.000000e+02
   endloop
 endfacet
 facet normal  0.000000e+00  0.000000e+00  1.000000e+00
   outer loop
     vertex  1.875000e+00  3.750000e+00  1.000000e+02
     vertex  2.466052e+00 -6.283398e+00  1.000000e+02
     vertex  2.776188e+00 -6.152665e+00  1.000000e+02
   endloop
 endfacet
 facet normal  0.000000e+00  0.000000e+00  1.000000e+00
   outer loop
     vertex  1.875000e+00  3.750000e+00  1.000000e+02
     vertex  2.776188e+00 -6.152665e+00  1.000000e+02
     vertex  3.079422e+00 -6.006635e+00  1.000000e+02
   endloop
 endfacet
 facet normal  0.000000e+00  0.000000e+00  1.000000e+00
   outer loop
     vertex  1.875000e+00  3.750000e+00  1.000000e+02
     vertex  3.079422e+00 -6.006635e+00  1.000000e+02
     vertex  3.375000e+00 -5.845671e+00  1.000000e+02
   endloop
 endfacet
 facet normal  0.000000e+00  0.000000e+00  1.000000e+00
   outer loop
     vertex  1.875000e+00  3.750000e+00  1.000000e+02
     vertex  3.375000e+00 -5.845671e+00  1.000000e+02
     vertex  3.662187e+00 -5.670175e+00  1.000000e+02
   endloop
 endfacet
 facet normal  0.000000e+00  0.000000e+00  1.000000e+00
   outer loop
     vertex  1.875000e+00  3.750000e+00  1.000000e+02
     vertex  3.662187e+00 -5.670175e+00  1.000000e+02
     vertex  3.940270e+00 -5.480582e+00  1.000000e+02
   endloop
 endfacet
 facet normal  0.000000e+00  0.000000e+00  1.000000e+00
   outer loop
     vertex  1.875000e+00  3.750000e+00  1.000000e+02
     vertex  3.940270e+00 -5.480582e+00  1.000000e+02
     vertex  4.208556e+00 -5.277363e+00  1.000000e+02
   endloop
 endfacet
 facet normal  0.000000e+00  0.000000e+00  1.000000e+00
   outer loop
     vertex  1.875000e+00  3.750000e+00  1.000000e+02
     vertex  4.208556e+00 -5.277363e+00  1.000000e+02
     vertex  4.466379e+00 -5.061023e+00  1.000000e+02
   endloop
 endfacet
 facet normal  0.000000e+00  0.000000e+00  1.000000e+00
   outer loop
     vertex  1.875000e+00  3.750000e+00  1.000000e+02
     vertex  4.466379e+00 -5.061023e+00  1.000000e+02
     vertex  4.713099e+00 -4.832101e+00  1.000000e+02
   endloop
 endfacet
 facet normal  0.000000e+00  0.000000e+00  1.000000e+00
   outer loop
     vertex  1.875000e+00  3.750000e+00  1.000000e+02
     vertex  4.713099e+00 -4.832101e+00  1.000000e+02
     vertex  4.948100e+00 -4.591166e+00  1.000000e+02
   endloop
 endfacet
 facet normal  0.000000e+00  0.000000e+00  1.000000e+00
   outer loop
     vertex  1.875000e+00  3.750000e+00  1.000000e+02
     vertex  4.948100e+00 -4.591166e+00  1.000000e+02
     vertex  5.170800e+00 -4.338816e+00  1.000000e+02
   endloop
 endfacet
 facet normal  0.000000e+00  0.000000e+00  1.000000e+00
   outer loop
     vertex  1.875000e+00  3.750000e+00  1.000000e+02
     vertex  5.170800e+00 -4.338816e+00  1.000000e+02
     vertex  5.380644e+00 -4.075680e+00  1.000000e+02
   endloop
 endfacet
 facet normal  0.000000e+00  0.000000e+00  1.000000e+00
   outer loop
     vertex  1.875000e+00  3.750000e+00  1.000000e+02
     vertex  5.380644e+00 -4.075680e+00  1.000000e+02
     vertex  5.577112e+00 -3.802410e+00  1.000000e+02
   endloop
 endfacet
 facet normal  0.000000e+00  0.000000e+00  1.000000e+00
   outer loop
     vertex  1.875000e+00  3.750000e+00  1.000000e+02
     vertex  5.577112e+00 -3.802410e+00  1.000000e+02
     vertex  5.759713e+00 -3.519688e+00  1.000000e+02
   endloop
 endfacet
 facet normal  0.000000e+00  0.000000e+00  1.000000e+00
   outer loop
     vertex  1.875000e+00  3.750000e+00  1.000000e+02
     vertex  5.759713e+00 -3.519688e+00  1.000000e+02
     vertex  5.927996e+00 -3.228214e+00  1.000000e+02
   endloop
 endfacet
 facet normal  0.000000e+00  0.000000e+00  1.000000e+00
   outer loop
     vertex  1.875000e+00  3.750000e+00  1.000000e+02
     vertex  5.927996e+00 -3.228214e+00  1.000000e+02
     vertex  6.081540e+00 -2.928715e+00  1.000000e+02
   endloop
 endfacet
 facet normal  0.000000e+00  0.000000e+00  1.000000e+00
   outer loop
     vertex  1.875000e+00  3.750000e+00  1.000000e+02
     vertex  6.081540e+00 -2.928715e+00  1.000000e+02
     vertex  6.219964e+00 -2.621935e+00  1.000000e+02
   endloop
 endfacet
 facet normal  0.000000e+00  0.000000e+00  1.000000e+00
   outer loop
     vertex  1.875000e+00  3.750000e+00  1.000000e+02
     vertex  6.219964e+00 -2.621935e+00  1.000000e+02
     vertex  6.342925e+00 -2.308636e+00  1.000000e+02
   endloop
 endfacet
 facet normal  0.000000e+00  0.000000e+00  1.000000e+00
   outer loop
     vertex  1.875000e+00  3.750000e+00  1.000000e+02
     vertex  6.342925e+00 -2.308636e+00  1.000000e+02
     vertex  6.450116e+00 -1.989597e+00  1.000000e+02
   endloop
 endfacet
 facet normal  0.000000e+00  0.000000e+00  1.000000e+00
   outer loop
     vertex  1.875000e+00  3.750000e+00  1.000000e+02
     vertex  6.450116e+00 -1.989597e+00  1.000000e+02
     vertex  6.541272e+00 -1.665612e+00  1.000000e+02
   endloop
 endfacet
 facet normal  0.000000e+00  0.000000e+00  1.000000e+00
   outer loop
     vertex  1.875000e+00  3.750000e+00  1.000000e+02
     vertex  6.541272e+00 -1.665612e+00  1.000000e+02
     vertex  6.616164e+00 -1.337486e+00  1.000000e+02
   endloop
 endfacet
 facet normal  0.000000e+00  0.000000e+00  1.000000e+00
   outer loop
     vertex  1.875000e+00  3.750000e+00  1.000000e+02
     vertex -1.875000e+00  3.750000e+00  1.000000e+02
     vertex -1.682822e-01 -6.747902e+00  1.000000e+02
   endloop
 endfacet
 facet normal  0.000000e+00  0.000000e+00  1.000000e+00
   outer loop
     vertex  1.875000e+00  3.750000e+00  1.000000e+02
     vertex -1.682822e-01 -6.747902e+00  1.000000e+02
     vertex  1.682822e-01 -6.747902e+00  1.000000e+02
   endloop
 endfacet
 facet normal  0.000000e+00  0.000000e+00  1.000000e+00
   outer loop
     vertex  1.875000e+00  3.750000e+00  1.000000e+02
     vertex  1.682822e-01 -6.747902e+00  1.000000e+02
     vertex  5.044281e-01 -6.731126e+00  1.000000e+02
   endloop
 endfacet
 facet normal  0.000000e+00  0.000000e+00  1.000000e+00
   outer loop
     vertex  1.875000e+00  3.750000e+00  1.000000e+02
     vertex  5.044281e-01 -6.731126e+00  1.000000e+02
     vertex  8.393200e-01 -6.697615e+00  1.000000e+02
   endloop
 endfacet
 facet normal  0.000000e+00  0.000000e+00  1.000000e+00
   outer loop
     vertex  1.875000e+00  3.750000e+00  1.000000e+02
     vertex  8.393200e-01 -6.697615e+00  1.000000e+02
     vertex  1.172125e+00 -6.647452e+00  1.000000e+02
   endloop
 endfacet
 facet normal  0.000000e+00  0.000000e+00  1.000000e+00
   outer loop
     vertex  1.875000e+00  3.750000e+00  1.000000e+02
     vertex  1.172125e+00 -6.647452e+00  1.000000e+02
     vertex  1.502016e+00 -6.580763e+00  1.000000e+02
   endloop
 endfacet
 facet normal  0.000000e+00  0.000000e+00  1.000000e+00
   outer loop
     vertex  1.875000e+00  3.750000e+00  1.000000e+02
     vertex  1.502016e+00 -6.580763e+00  1.000000e+02
     vertex  1.828173e+00 -6.497714e+00  1.000000e+02
   endloop
 endfacet
 facet normal  0.000000e+00  0.000000e+00  1.000000e+00
   outer loop
     vertex  6.674608e+00 -1.006035e+00  1.000000e+02
     vertex  1.875000e+00  3.750000e+00  1.000000e+02
     vertex  6.616164e+00 -1.337486e+00  1.000000e+02
   endloop
 endfacet
 facet normal  0.000000e+00  0.000000e+00  1.000000e+00
   outer loop
     vertex -8.393200e-01  6.697615e+00  1.000000e+02
     vertex -1.172125e+00  6.647452e+00  1.000000e+02
     vertex -1.875000e+00  5.625000e+00  1.000000e+02
   endloop
 endfacet
 facet normal  0.000000e+00  0.000000e+00  1.000000e+00
   outer loop
     vertex  6.716458e+00 -6.720830e-01  1.000000e+02
     vertex  1.875000e+00  3.750000e+00  1.000000e+02
     vertex  6.674608e+00 -1.006035e+00  1.000000e+02
   endloop
 endfacet
 facet normal  0.000000e+00  0.000000e+00  1.000000e+00
   outer loop
     vertex -5.044281e-01  6.731126e+00  1.000000e+02
     vertex -8.393200e-01  6.697615e+00  1.000000e+02
     vertex -1.875000e+00  5.625000e+00  1.000000e+02
   endloop
 endfacet
 facet normal  0.000000e+00  0.000000e+00  1.000000e+00
   outer loop
     vertex  6.741609e+00 -3.364597e-01  1.000000e+02
     vertex  1.875000e+00  3.750000e+00  1.000000e+02
     vertex  6.716458e+00 -6.720830e-01  1.000000e+02
   endloop
 endfacet
 facet normal  0.000000e+00  0.000000e+00  1.000000e+00
   outer loop
     vertex -1.682822e-01  6.747902e+00  1.000000e+02
     vertex -5.044281e-01  6.731126e+00  1.000000e+02
     vertex -1.875000e+00  5.625000e+00  1.000000e+02
   endloop
 endfacet
 facet normal  0.000000e+00  0.000000e+00  1.000000e+00
   outer loop
     vertex  6.750000e+00  0.000000e+00  1.000000e+02
     vertex  1.875000e+00  3.750000e+00  1.000000e+02
     vertex  6.741609e+00 -3.364597e-01  1.000000e+02
   endloop
 endfacet
 facet normal  0.000000e+00  0.000000e+00  1.000000e+00
   outer loop
     vertex  6.741609e+00  3.364597e-01  1.000000e+02
     vertex  1.875000e+00  3.750000e+00  1.000000e+02
     vertex  6.750000e+00  0.000000e+00  1.000000e+02
   endloop
 endfacet
 facet normal  0.000000e+00  0.000000e+00  1.000000e+00
   outer loop
     vertex  6.716458e+00  6.720830e-01  1.000000e+02
     vertex  1.875000e+00  3.750000e+00  1.000000e+02
     vertex  6.741609e+00  3.364597e-01  1.000000e+02
   endloop
 endfacet
 facet normal  0.000000e+00  0.000000e+00  1.000000e+00
   outer loop
     vertex  1.875000e+00  5.625000e+00  1.000000e+02
     vertex  5.044281e-01  6.731126e+00  1.000000e+02
     vertex  1.682822e-01  6.747902e+00  1.000000e+02
   endloop
 endfacet
 facet normal  0.000000e+00  0.000000e+00  1.000000e+00
   outer loop
     vertex  8.393200e-01  6.697615e+00  1.000000e+02
     vertex  5.044281e-01  6.731126e+00  1.000000e+02
     vertex  1.875000e+00  5.625000e+00  1.000000e+02
   endloop
 endfacet
 facet normal  0.000000e+00  0.000000e+00  1.000000e+00
   outer loop
     vertex  6.674608e+00  1.006035e+00  1.000000e+02
     vertex  1.875000e+00  3.750000e+00  1.000000e+02
     vertex  6.716458e+00  6.720830e-01  1.000000e+02
   endloop
 endfacet
 facet normal  0.000000e+00  0.000000e+00  1.000000e+00
   outer loop
     vertex  1.172125e+00  6.647452e+00  1.000000e+02
     vertex  8.393200e-01  6.697615e+00  1.000000e+02
     vertex  1.875000e+00  5.625000e+00  1.000000e+02
   endloop
 endfacet
 facet normal  0.000000e+00  0.000000e+00  1.000000e+00
   outer loop
     vertex  6.616164e+00  1.337486e+00  1.000000e+02
     vertex  1.875000e+00  3.750000e+00  1.000000e+02
     vertex  6.674608e+00  1.006035e+00  1.000000e+02
   endloop
 endfacet
 facet normal  0.000000e+00  0.000000e+00  1.000000e+00
   outer loop
     vertex  1.502016e+00  6.580763e+00  1.000000e+02
     vertex  1.172125e+00  6.647452e+00  1.000000e+02
     vertex  1.875000e+00  5.625000e+00  1.000000e+02
   endloop
 endfacet
 facet normal  0.000000e+00  0.000000e+00  1.000000e+00
   outer loop
     vertex  6.541272e+00  1.665612e+00  1.000000e+02
     vertex  1.875000e+00  3.750000e+00  1.000000e+02
     vertex  6.616164e+00  1.337486e+00  1.000000e+02
   endloop
 endfacet
 facet normal  0.000000e+00  0.000000e+00  1.000000e+00
   outer loop
     vertex  1.828173e+00  6.497714e+00  1.000000e+02
     vertex  1.502016e+00  6.580763e+00  1.000000e+02
     vertex  1.875000e+00  5.625000e+00  1.000000e+02
   endloop
 endfacet
 facet normal  0.000000e+00  0.000000e+00  1.000000e+00
   outer loop
     vertex  6.450116e+00  1.989597e+00  1.000000e+02
     vertex  1.875000e+00  3.750000e+00  1.000000e+02
     vertex  6.541272e+00  1.665612e+00  1.000000e+02
   endloop
 endfacet
 facet normal  0.000000e+00  0.000000e+00  1.000000e+00
   outer loop
     vertex  2.149785e+00  6.398510e+00  1.000000e+02
     vertex  1.828173e+00  6.497714e+00  1.000000e+02
     vertex  1.875000e+00  5.625000e+00  1.000000e+02
   endloop
 endfacet
 facet normal  0.000000e+00  0.000000e+00  1.000000e+00
   outer loop
     vertex  6.342925e+00  2.308636e+00  1.000000e+02
     vertex  1.875000e+00  3.750000e+00  1.000000e+02
     vertex  6.450116e+00  1.989597e+00  1.000000e+02
   endloop
 endfacet
 facet normal  0.000000e+00  0.000000e+00  1.000000e+00
   outer loop
     vertex  2.466052e+00  6.283398e+00  1.000000e+02
     vertex  2.149785e+00  6.398510e+00  1.000000e+02
     vertex  1.875000e+00  5.625000e+00  1.000000e+02
   endloop
 endfacet
 facet normal  0.000000e+00  0.000000e+00  1.000000e+00
   outer loop
     vertex  6.219964e+00  2.621935e+00  1.000000e+02
     vertex  1.875000e+00  3.750000e+00  1.000000e+02
     vertex  6.342925e+00  2.308636e+00  1.000000e+02
   endloop
 endfacet
 facet normal  0.000000e+00  0.000000e+00  1.000000e+00
   outer loop
     vertex  2.776188e+00  6.152665e+00  1.000000e+02
     vertex  2.466052e+00  6.283398e+00  1.000000e+02
     vertex  1.875000e+00  5.625000e+00  1.000000e+02
   endloop
 endfacet
 facet normal  0.000000e+00  0.000000e+00  1.000000e+00
   outer loop
     vertex  6.081540e+00  2.928715e+00  1.000000e+02
     vertex  1.875000e+00  3.750000e+00  1.000000e+02
     vertex  6.219964e+00  2.621935e+00  1.000000e+02
   endloop
 endfacet
 facet normal  0.000000e+00  0.000000e+00  1.000000e+00
   outer loop
     vertex  3.079422e+00  6.006635e+00  1.000000e+02
     vertex  2.776188e+00  6.152665e+00  1.000000e+02
     vertex  1.875000e+00  5.625000e+00  1.000000e+02
   endloop
 endfacet
 facet normal  0.000000e+00  0.000000e+00  1.000000e+00
   outer loop
     vertex  5.927996e+00  3.228214e+00  1.000000e+02
     vertex  1.875000e+00  3.750000e+00  1.000000e+02
     vertex  6.081540e+00  2.928715e+00  1.000000e+02
   endloop
 endfacet
 facet normal  0.000000e+00  0.000000e+00  1.000000e+00
   outer loop
     vertex  3.375000e+00  5.845671e+00  1.000000e+02
     vertex  1.875000e+00  5.625000e+00  1.000000e+02
     vertex  1.875000e+00  3.750000e+00  1.000000e+02
   endloop
 endfacet
 facet normal  0.000000e+00  0.000000e+00  1.000000e+00
   outer loop
     vertex  3.375000e+00  5.845671e+00  1.000000e+02
     vertex  3.079422e+00  6.006635e+00  1.000000e+02
     vertex  1.875000e+00  5.625000e+00  1.000000e+02
   endloop
 endfacet
 facet normal  0.000000e+00  0.000000e+00  1.000000e+00
   outer loop
     vertex  5.759713e+00  3.519688e+00  1.000000e+02
     vertex  1.875000e+00  3.750000e+00  1.000000e+02
     vertex  5.927996e+00  3.228214e+00  1.000000e+02
   endloop
 endfacet
 facet normal  0.000000e+00  0.000000e+00  1.000000e+00
   outer loop
     vertex  3.662187e+00  5.670175e+00  1.000000e+02
     vertex  3.375000e+00  5.845671e+00  1.000000e+02
     vertex  1.875000e+00  3.750000e+00  1.000000e+02
   endloop
 endfacet
 facet normal  0.000000e+00  0.000000e+00  1.000000e+00
   outer loop
     vertex  5.577112e+00  3.802410e+00  1.000000e+02
     vertex  1.875000e+00  3.750000e+00  1.000000e+02
     vertex  5.759713e+00  3.519688e+00  1.000000e+02
   endloop
 endfacet
 facet normal  0.000000e+00  0.000000e+00  1.000000e+00
   outer loop
     vertex  3.940270e+00  5.480582e+00  1.000000e+02
     vertex  3.662187e+00  5.670175e+00  1.000000e+02
     vertex  1.875000e+00  3.750000e+00  1.000000e+02
   endloop
 endfacet
 facet normal  0.000000e+00  0.000000e+00  1.000000e+00
   outer loop
     vertex  5.380644e+00  4.075680e+00  1.000000e+02
     vertex  1.875000e+00  3.750000e+00  1.000000e+02
     vertex  5.577112e+00  3.802410e+00  1.000000e+02
   endloop
 endfacet
 facet normal  0.000000e+00  0.000000e+00  1.000000e+00
   outer loop
     vertex  4.208556e+00  5.277363e+00  1.000000e+02
     vertex  3.940270e+00  5.480582e+00  1.000000e+02
     vertex  1.875000e+00  3.750000e+00  1.000000e+02
   endloop
 endfacet
 facet normal  0.000000e+00  0.000000e+00  1.000000e+00
   outer loop
     vertex  5.170800e+00  4.338816e+00  1.000000e+02
     vertex  1.875000e+00  3.750000e+00  1.000000e+02
     vertex  5.380644e+00  4.075680e+00  1.000000e+02
   endloop
 endfacet
 facet normal  0.000000e+00  0.000000e+00  1.000000e+00
   outer loop
     vertex  4.466379e+00  5.061023e+00  1.000000e+02
     vertex  4.208556e+00  5.277363e+00  1.000000e+02
     vertex  1.875000e+00  3.750000e+00  1.000000e+02
   endloop
 endfacet
 facet normal  0.000000e+00  0.000000e+00  1.000000e+00
   outer loop
     vertex  4.948100e+00  4.591166e+00  1.000000e+02
     vertex  1.875000e+00  3.750000e+00  1.000000e+02
     vertex  5.170800e+00  4.338816e+00  1.000000e+02
   endloop
 endfacet
 facet normal  0.000000e+00  0.000000e+00  1.000000e+00
   outer loop
     vertex  4.713099e+00  4.832101e+00  1.000000e+02
     vertex  4.466379e+00  5.061023e+00  1.000000e+02
     vertex  1.875000e+00  3.750000e+00  1.000000e+02
   endloop
 endfacet
 facet normal  0.000000e+00  0.000000e+00  1.000000e+00
   outer loop
     vertex  4.713099e+00  4.832101e+00  1.000000e+02
     vertex  1.875000e+00  3.750000e+00  1.000000e+02
     vertex  4.948100e+00  4.591166e+00  1.000000e+02
   endloop
 endfacet
 facet normal  0.000000e+00  0.000000e+00  1.000000e+00
   outer loop
     vertex -1.875000e+00  5.625000e+00  1.000000e+02
     vertex  1.875000e+00  5.625000e+00  1.000000e+02
     vertex  1.682822e-01  6.747902e+00  1.000000e+02
   endloop
 endfacet
 facet normal  0.000000e+00  0.000000e+00  1.000000e+00
   outer loop
     vertex -1.875000e+00  5.625000e+00  1.000000e+02
     vertex  1.682822e-01  6.747902e+00  1.000000e+02
     vertex -1.682822e-01  6.747902e+00  1.000000e+02
   endloop
 endfacet
 facet normal  1.000000e+00  0.000000e+00  0.000000e+00
   outer loop
     vertex -1.875000e+00  3.750000e+00  0.000000e+00
     vertex -1.875000e+00  5.625000e+00  1.000000e+02
     vertex -1.875000e+00  3.750000e+00  1.000000e+02
   endloop
 endfacet
 facet normal  1.000000e+00  0.000000e+00 -0.000000e+00
   outer loop
     vertex -1.875000e+00  5.625000e+00  0.000000e+00
     vertex -1.875000e+00  5.625000e+00  1.000000e+02
     vertex -1.875000e+00  3.750000e+00  0.000000e+00
   endloop
 endfacet
 facet normal  0.000000e+00  1.000000e+00 -0.000000e+00
   outer loop
     vertex  1.875000e+00  3.750000e+00  0.000000e+00
     vertex -1.875000e+00  3.750000e+00  1.000000e+02
     vertex  1.875000e+00  3.750000e+00  1.000000e+02
   endloop
 endfacet
 facet normal  0.000000e+00  1.000000e+00  0.000000e+00
   outer loop
     vertex  1.875000e+00  3.750000e+00  0.000000e+00
     vertex -1.875000e+00  3.750000e+00  0.000000e+00
     vertex -1.875000e+00  3.750000e+00  1.000000e+02
   endloop
 endfacet
 facet normal -1.000000e+00  0.000000e+00  0.000000e+00
   outer loop
     vertex  1.875000e+00  3.750000e+00  1.000000e+02
     vertex  1.875000e+00  5.625000e+00  0.000000e+00
     vertex  1.875000e+00  3.750000e+00  0.000000e+00
   endloop
 endfacet
 facet normal -1.000000e+00 -0.000000e+00 -0.000000e+00
   outer loop
     vertex  1.875000e+00  5.625000e+00  1.000000e+02
     vertex  1.875000e+00  5.625000e+00  0.000000e+00
     vertex  1.875000e+00  3.750000e+00  1.000000e+02
   endloop
 endfacet
 facet normal  0.000000e+00 -1.000000e+00  0.000000e+00
   outer loop
     vertex  1.875000e+00  5.625000e+00  0.000000e+00
     vertex  1.875000e+00  5.625000e+00  1.000000e+02
     vertex -1.875000e+00  5.625000e+00  1.000000e+02
   endloop
 endfacet
 facet normal  0.000000e+00 -1.000000e+00  0.000000e+00
   outer loop
     vertex  1.875000e+00  5.625000e+00  0.000000e+00
     vertex -1.875000e+00  5.625000e+00  1.000000e+02
     vertex -1.875000e+00  5.625000e+00  0.000000e+00
   endloop
 endfacet
endsolid
