solid 
 facet normal  9.996892e-01  2.493069e-02 -0.000000e+00
   outer loop
     vertex  1.000000e+01  0.000000e+00  0.000000e+00
     vertex  9.987569e+00  4.984589e-01  4.900000e+01
     vertex  1.000000e+01  0.000000e+00  4.900000e+01
   endloop
 endfacet
 facet normal  9.996892e-01  2.493069e-02 -0.000000e+00
   outer loop
     vertex  9.987569e+00  4.984589e-01  0.000000e+00
     vertex  9.987569e+00  4.984589e-01  4.900000e+01
     vertex  1.000000e+01  0.000000e+00  0.000000e+00
   endloop
 endfacet
 facet normal  9.972038e-01  7.473009e-02 -0.000000e+00
   outer loop
     vertex  9.950308e+00  9.956785e-01  0.000000e+00
     vertex  9.950308e+00  9.956785e-01  4.900000e+01
     vertex  9.987569e+00  4.984589e-01  4.900000e+01
   endloop
 endfacet
 facet normal  9.972038e-01  7.473009e-02  0.000000e+00
   outer loop
     vertex  9.950308e+00  9.956785e-01  0.000000e+00
     vertex  9.987569e+00  4.984589e-01  4.900000e+01
     vertex  9.987569e+00  4.984589e-01  0.000000e+00
   endloop
 endfacet
 facet normal  9.922392e-01  1.243437e-01 -0.000000e+00
   outer loop
     vertex  9.888308e+00  1.490423e+00  0.000000e+00
     vertex  9.888308e+00  1.490423e+00  4.900000e+01
     vertex  9.950308e+00  9.956785e-01  4.900000e+01
   endloop
 endfacet
 facet normal  9.848078e-01  1.736482e-01 -0.000000e+00
   outer loop
     vertex  9.888308e+00  1.490423e+00  0.000000e+00
     vertex  9.801725e+00  1.981461e+00  4.900000e+01
     vertex  9.888308e+00  1.490423e+00  4.900000e+01
   endloop
 endfacet
 facet normal  9.922392e-01  1.243437e-01  0.000000e+00
   outer loop
     vertex  9.888308e+00  1.490423e+00  0.000000e+00
     vertex  9.950308e+00  9.956785e-01  4.900000e+01
     vertex  9.950308e+00  9.956785e-01  0.000000e+00
   endloop
 endfacet
 facet normal  9.848078e-01  1.736482e-01 -0.000000e+00
   outer loop
     vertex  9.801725e+00  1.981461e+00  0.000000e+00
     vertex  9.801725e+00  1.981461e+00  4.900000e+01
     vertex  9.888308e+00  1.490423e+00  0.000000e+00
   endloop
 endfacet
 facet normal  9.749279e-01  2.225209e-01 -0.000000e+00
   outer loop
     vertex  9.690773e+00  2.467574e+00  0.000000e+00
     vertex  9.690773e+00  2.467574e+00  4.900000e+01
     vertex  9.801725e+00  1.981461e+00  4.900000e+01
   endloop
 endfacet
 facet normal  9.749279e-01  2.225209e-01  0.000000e+00
   outer loop
     vertex  9.690773e+00  2.467574e+00  0.000000e+00
     vertex  9.801725e+00  1.981461e+00  4.900000e+01
     vertex  9.801725e+00  1.981461e+00  0.000000e+00
   endloop
 endfacet
 facet normal  9.626242e-01  2.708405e-01 -0.000000e+00
   outer loop
     vertex  9.555728e+00  2.947552e+00  0.000000e+00
     vertex  9.555728e+00  2.947552e+00  4.900000e+01
     vertex  9.690773e+00  2.467574e+00  4.900000e+01
   endloop
 endfacet
 facet normal  9.626242e-01  2.708405e-01  0.000000e+00
   outer loop
     vertex  9.555728e+00  2.947552e+00  0.000000e+00
     vertex  9.690773e+00  2.467574e+00  4.900000e+01
     vertex  9.690773e+00  2.467574e+00  0.000000e+00
   endloop
 endfacet
 facet normal  9.479273e-01  3.184867e-01 -0.000000e+00
   outer loop
     vertex  9.396926e+00  3.420201e+00  0.000000e+00
     vertex  9.396926e+00  3.420201e+00  4.900000e+01
     vertex  9.555728e+00  2.947552e+00  4.900000e+01
   endloop
 endfacet
 facet normal  9.479273e-01  3.184867e-01  0.000000e+00
   outer loop
     vertex  9.396926e+00  3.420201e+00  0.000000e+00
     vertex  9.555728e+00  2.947552e+00  4.900000e+01
     vertex  9.555728e+00  2.947552e+00  0.000000e+00
   endloop
 endfacet
 facet normal  9.308737e-01  3.653410e-01 -0.000000e+00
   outer loop
     vertex  9.214762e+00  3.884348e+00  0.000000e+00
     vertex  9.214762e+00  3.884348e+00  4.900000e+01
     vertex  9.396926e+00  3.420201e+00  4.900000e+01
   endloop
 endfacet
 facet normal  9.308737e-01  3.653410e-01  0.000000e+00
   outer loop
     vertex  9.214762e+00  3.884348e+00  0.000000e+00
     vertex  9.396926e+00  3.420201e+00  4.900000e+01
     vertex  9.396926e+00  3.420201e+00  0.000000e+00
   endloop
 endfacet
 facet normal  9.115059e-01  4.112871e-01 -0.000000e+00
   outer loop
     vertex  9.009689e+00  4.338837e+00  0.000000e+00
     vertex  9.009689e+00  4.338837e+00  4.900000e+01
     vertex  9.214762e+00  3.884348e+00  4.900000e+01
   endloop
 endfacet
 facet normal  9.115059e-01  4.112871e-01  0.000000e+00
   outer loop
     vertex  9.009689e+00  4.338837e+00  0.000000e+00
     vertex  9.214762e+00  3.884348e+00  4.900000e+01
     vertex  9.214762e+00  3.884348e+00  0.000000e+00
   endloop
 endfacet
 facet normal  8.898718e-01  4.562107e-01 -0.000000e+00
   outer loop
     vertex  8.782216e+00  4.782540e+00  0.000000e+00
     vertex  8.782216e+00  4.782540e+00  4.900000e+01
     vertex  9.009689e+00  4.338837e+00  4.900000e+01
   endloop
 endfacet
 facet normal  8.898718e-01  4.562107e-01  0.000000e+00
   outer loop
     vertex  8.782216e+00  4.782540e+00  0.000000e+00
     vertex  9.009689e+00  4.338837e+00  4.900000e+01
     vertex  9.009689e+00  4.338837e+00  0.000000e+00
   endloop
 endfacet
 facet normal  8.660254e-01  5.000000e-01  0.000000e+00
   outer loop
     vertex  8.532909e+00  5.214352e+00  0.000000e+00
     vertex  8.782216e+00  4.782540e+00  4.900000e+01
     vertex  8.782216e+00  4.782540e+00  0.000000e+00
   endloop
 endfacet
 facet normal  8.660254e-01  5.000000e-01 -0.000000e+00
   outer loop
     vertex  8.532909e+00  5.214352e+00  0.000000e+00
     vertex  8.532909e+00  5.214352e+00  4.900000e+01
     vertex  8.782216e+00  4.782540e+00  4.900000e+01
   endloop
 endfacet
 facet normal  8.400259e-01  5.425463e-01  0.000000e+00
   outer loop
     vertex  8.262388e+00  5.633201e+00  0.000000e+00
     vertex  8.532909e+00  5.214352e+00  4.900000e+01
     vertex  8.532909e+00  5.214352e+00  0.000000e+00
   endloop
 endfacet
 facet normal  8.400259e-01  5.425463e-01 -0.000000e+00
   outer loop
     vertex  8.262388e+00  5.633201e+00  0.000000e+00
     vertex  8.262388e+00  5.633201e+00  4.900000e+01
     vertex  8.532909e+00  5.214352e+00  4.900000e+01
   endloop
 endfacet
 facet normal  8.119380e-01  5.837437e-01 -0.000000e+00
   outer loop
     vertex  8.262388e+00  5.633201e+00  0.000000e+00
     vertex  7.971325e+00  6.038044e+00  4.900000e+01
     vertex  8.262388e+00  5.633201e+00  4.900000e+01
   endloop
 endfacet
 facet normal  8.119380e-01  5.837437e-01 -0.000000e+00
   outer loop
     vertex  7.971325e+00  6.038044e+00  0.000000e+00
     vertex  7.971325e+00  6.038044e+00  4.900000e+01
     vertex  8.262388e+00  5.633201e+00  0.000000e+00
   endloop
 endfacet
 facet normal  7.818315e-01  6.234898e-01  0.000000e+00
   outer loop
     vertex  7.660444e+00  6.427876e+00  0.000000e+00
     vertex  7.971325e+00  6.038044e+00  4.900000e+01
     vertex  7.971325e+00  6.038044e+00  0.000000e+00
   endloop
 endfacet
 facet normal  7.818315e-01  6.234898e-01 -0.000000e+00
   outer loop
     vertex  7.660444e+00  6.427876e+00  0.000000e+00
     vertex  7.660444e+00  6.427876e+00  4.900000e+01
     vertex  7.971325e+00  6.038044e+00  4.900000e+01
   endloop
 endfacet
 facet normal  7.497812e-01  6.616858e-01 -0.000000e+00
   outer loop
     vertex  7.330519e+00  6.801727e+00  0.000000e+00
     vertex  7.330519e+00  6.801727e+00  4.900000e+01
     vertex  7.660444e+00  6.427876e+00  4.900000e+01
   endloop
 endfacet
 facet normal  7.158668e-01  6.982368e-01 -0.000000e+00
   outer loop
     vertex  7.330519e+00  6.801727e+00  0.000000e+00
     vertex  6.982368e+00  7.158668e+00  4.900000e+01
     vertex  7.330519e+00  6.801727e+00  4.900000e+01
   endloop
 endfacet
 facet normal  7.497812e-01  6.616858e-01  0.000000e+00
   outer loop
     vertex  7.330519e+00  6.801727e+00  0.000000e+00
     vertex  7.660444e+00  6.427876e+00  4.900000e+01
     vertex  7.660444e+00  6.427876e+00  0.000000e+00
   endloop
 endfacet
 facet normal  6.801727e-01  7.330519e-01 -0.000000e+00
   outer loop
     vertex  6.982368e+00  7.158668e+00  0.000000e+00
     vertex  6.616858e+00  7.497812e+00  4.900000e+01
     vertex  6.982368e+00  7.158668e+00  4.900000e+01
   endloop
 endfacet
 facet normal  7.158668e-01  6.982368e-01 -0.000000e+00
   outer loop
     vertex  6.982368e+00  7.158668e+00  0.000000e+00
     vertex  6.982368e+00  7.158668e+00  4.900000e+01
     vertex  7.330519e+00  6.801727e+00  0.000000e+00
   endloop
 endfacet
 facet normal  6.801727e-01  7.330519e-01 -0.000000e+00
   outer loop
     vertex  6.616858e+00  7.497812e+00  0.000000e+00
     vertex  6.616858e+00  7.497812e+00  4.900000e+01
     vertex  6.982368e+00  7.158668e+00  0.000000e+00
   endloop
 endfacet
 facet normal  6.427876e-01  7.660444e-01 -0.000000e+00
   outer loop
     vertex  6.234898e+00  7.818315e+00  0.000000e+00
     vertex  6.234898e+00  7.818315e+00  4.900000e+01
     vertex  6.616858e+00  7.497812e+00  4.900000e+01
   endloop
 endfacet
 facet normal  6.427876e-01  7.660444e-01  0.000000e+00
   outer loop
     vertex  6.234898e+00  7.818315e+00  0.000000e+00
     vertex  6.616858e+00  7.497812e+00  4.900000e+01
     vertex  6.616858e+00  7.497812e+00  0.000000e+00
   endloop
 endfacet
 facet normal  6.038044e-01  7.971325e-01 -0.000000e+00
   outer loop
     vertex  5.837437e+00  8.119380e+00  0.000000e+00
     vertex  5.837437e+00  8.119380e+00  4.900000e+01
     vertex  6.234898e+00  7.818315e+00  4.900000e+01
   endloop
 endfacet
 facet normal  6.038044e-01  7.971325e-01  0.000000e+00
   outer loop
     vertex  5.837437e+00  8.119380e+00  0.000000e+00
     vertex  6.234898e+00  7.818315e+00  4.900000e+01
     vertex  6.234898e+00  7.818315e+00  0.000000e+00
   endloop
 endfacet
 facet normal  5.633201e-01  8.262388e-01 -0.000000e+00
   outer loop
     vertex  5.425463e+00  8.400259e+00  0.000000e+00
     vertex  5.425463e+00  8.400259e+00  4.900000e+01
     vertex  5.837437e+00  8.119380e+00  4.900000e+01
   endloop
 endfacet
 facet normal  5.214352e-01  8.532909e-01 -0.000000e+00
   outer loop
     vertex  5.425463e+00  8.400259e+00  0.000000e+00
     vertex  5.000000e+00  8.660254e+00  4.900000e+01
     vertex  5.425463e+00  8.400259e+00  4.900000e+01
   endloop
 endfacet
 facet normal  5.633201e-01  8.262388e-01  0.000000e+00
   outer loop
     vertex  5.425463e+00  8.400259e+00  0.000000e+00
     vertex  5.837437e+00  8.119380e+00  4.900000e+01
     vertex  5.837437e+00  8.119380e+00  0.000000e+00
   endloop
 endfacet
 facet normal  5.214352e-01  8.532909e-01 -0.000000e+00
   outer loop
     vertex  5.000000e+00  8.660254e+00  0.000000e+00
     vertex  5.000000e+00  8.660254e+00  4.900000e+01
     vertex  5.425463e+00  8.400259e+00  0.000000e+00
   endloop
 endfacet
 facet normal  4.782540e-01  8.782216e-01 -0.000000e+00
   outer loop
     vertex  4.562107e+00  8.898718e+00  0.000000e+00
     vertex  4.562107e+00  8.898718e+00  4.900000e+01
     vertex  5.000000e+00  8.660254e+00  4.900000e+01
   endloop
 endfacet
 facet normal  4.782540e-01  8.782216e-01  0.000000e+00
   outer loop
     vertex  4.562107e+00  8.898718e+00  0.000000e+00
     vertex  5.000000e+00  8.660254e+00  4.900000e+01
     vertex  5.000000e+00  8.660254e+00  0.000000e+00
   endloop
 endfacet
 facet normal  4.338837e-01  9.009689e-01 -0.000000e+00
   outer loop
     vertex  4.112871e+00  9.115059e+00  0.000000e+00
     vertex  4.112871e+00  9.115059e+00  4.900000e+01
     vertex  4.562107e+00  8.898718e+00  4.900000e+01
   endloop
 endfacet
 facet normal  4.338837e-01  9.009689e-01  0.000000e+00
   outer loop
     vertex  4.112871e+00  9.115059e+00  0.000000e+00
     vertex  4.562107e+00  8.898718e+00  4.900000e+01
     vertex  4.562107e+00  8.898718e+00  0.000000e+00
   endloop
 endfacet
 facet normal  3.884348e-01  9.214762e-01 -0.000000e+00
   outer loop
     vertex  3.653410e+00  9.308737e+00  0.000000e+00
     vertex  3.653410e+00  9.308737e+00  4.900000e+01
     vertex  4.112871e+00  9.115059e+00  4.900000e+01
   endloop
 endfacet
 facet normal  3.884348e-01  9.214762e-01  0.000000e+00
   outer loop
     vertex  3.653410e+00  9.308737e+00  0.000000e+00
     vertex  4.112871e+00  9.115059e+00  4.900000e+01
     vertex  4.112871e+00  9.115059e+00  0.000000e+00
   endloop
 endfacet
 facet normal  3.420201e-01  9.396926e-01 -0.000000e+00
   outer loop
     vertex  3.184867e+00  9.479273e+00  0.000000e+00
     vertex  3.184867e+00  9.479273e+00  4.900000e+01
     vertex  3.653410e+00  9.308737e+00  4.900000e+01
   endloop
 endfacet
 facet normal  2.947552e-01  9.555728e-01 -0.000000e+00
   outer loop
     vertex  3.184867e+00  9.479273e+00  0.000000e+00
     vertex  2.708405e+00  9.626242e+00  4.900000e+01
     vertex  3.184867e+00  9.479273e+00  4.900000e+01
   endloop
 endfacet
 facet normal  3.420201e-01  9.396926e-01  0.000000e+00
   outer loop
     vertex  3.184867e+00  9.479273e+00  0.000000e+00
     vertex  3.653410e+00  9.308737e+00  4.900000e+01
     vertex  3.653410e+00  9.308737e+00  0.000000e+00
   endloop
 endfacet
 facet normal  2.467574e-01  9.690773e-01 -0.000000e+00
   outer loop
     vertex  2.708405e+00  9.626242e+00  0.000000e+00
     vertex  2.225209e+00  9.749279e+00  4.900000e+01
     vertex  2.708405e+00  9.626242e+00  4.900000e+01
   endloop
 endfacet
 facet normal  2.947552e-01  9.555728e-01 -0.000000e+00
   outer loop
     vertex  2.708405e+00  9.626242e+00  0.000000e+00
     vertex  2.708405e+00  9.626242e+00  4.900000e+01
     vertex  3.184867e+00  9.479273e+00  0.000000e+00
   endloop
 endfacet
 facet normal  1.981461e-01  9.801725e-01 -0.000000e+00
   outer loop
     vertex  2.225209e+00  9.749279e+00  0.000000e+00
     vertex  1.736482e+00  9.848078e+00  4.900000e+01
     vertex  2.225209e+00  9.749279e+00  4.900000e+01
   endloop
 endfacet
 facet normal  2.467574e-01  9.690773e-01 -0.000000e+00
   outer loop
     vertex  2.225209e+00  9.749279e+00  0.000000e+00
     vertex  2.225209e+00  9.749279e+00  4.900000e+01
     vertex  2.708405e+00  9.626242e+00  0.000000e+00
   endloop
 endfacet
 facet normal  1.981461e-01  9.801725e-01 -0.000000e+00
   outer loop
     vertex  1.736482e+00  9.848078e+00  0.000000e+00
     vertex  1.736482e+00  9.848078e+00  4.900000e+01
     vertex  2.225209e+00  9.749279e+00  0.000000e+00
   endloop
 endfacet
 facet normal  1.490423e-01  9.888308e-01 -0.000000e+00
   outer loop
     vertex  1.243437e+00  9.922392e+00  0.000000e+00
     vertex  1.243437e+00  9.922392e+00  4.900000e+01
     vertex  1.736482e+00  9.848078e+00  4.900000e+01
   endloop
 endfacet
 facet normal  9.956785e-02  9.950308e-01 -0.000000e+00
   outer loop
     vertex  1.243437e+00  9.922392e+00  0.000000e+00
     vertex  7.473009e-01  9.972038e+00  4.900000e+01
     vertex  1.243437e+00  9.922392e+00  4.900000e+01
   endloop
 endfacet
 facet normal  1.490423e-01  9.888308e-01  0.000000e+00
   outer loop
     vertex  1.243437e+00  9.922392e+00  0.000000e+00
     vertex  1.736482e+00  9.848078e+00  4.900000e+01
     vertex  1.736482e+00  9.848078e+00  0.000000e+00
   endloop
 endfacet
 facet normal  9.956785e-02  9.950308e-01 -0.000000e+00
   outer loop
     vertex  7.473009e-01  9.972038e+00  0.000000e+00
     vertex  7.473009e-01  9.972038e+00  4.900000e+01
     vertex  1.243437e+00  9.922392e+00  0.000000e+00
   endloop
 endfacet
 facet normal  4.984589e-02  9.987569e-01 -0.000000e+00
   outer loop
     vertex  2.493069e-01  9.996892e+00  0.000000e+00
     vertex  2.493069e-01  9.996892e+00  4.900000e+01
     vertex  7.473009e-01  9.972038e+00  4.900000e+01
   endloop
 endfacet
 facet normal  0.000000e+00  1.000000e+00 -0.000000e+00
   outer loop
     vertex  2.493069e-01  9.996892e+00  0.000000e+00
     vertex -2.493069e-01  9.996892e+00  4.900000e+01
     vertex  2.493069e-01  9.996892e+00  4.900000e+01
   endloop
 endfacet
 facet normal  4.984589e-02  9.987569e-01  0.000000e+00
   outer loop
     vertex  2.493069e-01  9.996892e+00  0.000000e+00
     vertex  7.473009e-01  9.972038e+00  4.900000e+01
     vertex  7.473009e-01  9.972038e+00  0.000000e+00
   endloop
 endfacet
 facet normal  0.000000e+00  1.000000e+00  0.000000e+00
   outer loop
     vertex -2.493069e-01  9.996892e+00  0.000000e+00
     vertex -2.493069e-01  9.996892e+00  4.900000e+01
     vertex  2.493069e-01  9.996892e+00  0.000000e+00
   endloop
 endfacet
 facet normal -4.984589e-02  9.987569e-01  0.000000e+00
   outer loop
     vertex -7.473009e-01  9.972038e+00  0.000000e+00
     vertex -7.473009e-01  9.972038e+00  4.900000e+01
     vertex -2.493069e-01  9.996892e+00  4.900000e+01
   endloop
 endfacet
 facet normal -4.984589e-02  9.987569e-01  0.000000e+00
   outer loop
     vertex -7.473009e-01  9.972038e+00  0.000000e+00
     vertex -2.493069e-01  9.996892e+00  4.900000e+01
     vertex -2.493069e-01  9.996892e+00  0.000000e+00
   endloop
 endfacet
 facet normal -9.956785e-02  9.950308e-01  0.000000e+00
   outer loop
     vertex -1.243437e+00  9.922392e+00  0.000000e+00
     vertex -1.243437e+00  9.922392e+00  4.900000e+01
     vertex -7.473009e-01  9.972038e+00  4.900000e+01
   endloop
 endfacet
 facet normal -1.490423e-01  9.888308e-01  0.000000e+00
   outer loop
     vertex -1.243437e+00  9.922392e+00  0.000000e+00
     vertex -1.736482e+00  9.848078e+00  4.900000e+01
     vertex -1.243437e+00  9.922392e+00  4.900000e+01
   endloop
 endfacet
 facet normal -9.956785e-02  9.950308e-01  0.000000e+00
   outer loop
     vertex -1.243437e+00  9.922392e+00  0.000000e+00
     vertex -7.473009e-01  9.972038e+00  4.900000e+01
     vertex -7.473009e-01  9.972038e+00  0.000000e+00
   endloop
 endfacet
 facet normal -1.490423e-01  9.888308e-01  0.000000e+00
   outer loop
     vertex -1.736482e+00  9.848078e+00  0.000000e+00
     vertex -1.736482e+00  9.848078e+00  4.900000e+01
     vertex -1.243437e+00  9.922392e+00  0.000000e+00
   endloop
 endfacet
 facet normal -1.981461e-01  9.801725e-01  0.000000e+00
   outer loop
     vertex -2.225209e+00  9.749279e+00  0.000000e+00
     vertex -1.736482e+00  9.848078e+00  4.900000e+01
     vertex -1.736482e+00  9.848078e+00  0.000000e+00
   endloop
 endfacet
 facet normal -1.981461e-01  9.801725e-01  0.000000e+00
   outer loop
     vertex -2.225209e+00  9.749279e+00  0.000000e+00
     vertex -2.225209e+00  9.749279e+00  4.900000e+01
     vertex -1.736482e+00  9.848078e+00  4.900000e+01
   endloop
 endfacet
 facet normal -2.467574e-01  9.690773e-01  0.000000e+00
   outer loop
     vertex -2.225209e+00  9.749279e+00  0.000000e+00
     vertex -2.708405e+00  9.626242e+00  4.900000e+01
     vertex -2.225209e+00  9.749279e+00  4.900000e+01
   endloop
 endfacet
 facet normal -2.467574e-01  9.690773e-01  0.000000e+00
   outer loop
     vertex -2.708405e+00  9.626242e+00  0.000000e+00
     vertex -2.708405e+00  9.626242e+00  4.900000e+01
     vertex -2.225209e+00  9.749279e+00  0.000000e+00
   endloop
 endfacet
 facet normal -2.947552e-01  9.555728e-01  0.000000e+00
   outer loop
     vertex -3.184867e+00  9.479273e+00  0.000000e+00
     vertex -2.708405e+00  9.626242e+00  4.900000e+01
     vertex -2.708405e+00  9.626242e+00  0.000000e+00
   endloop
 endfacet
 facet normal -2.947552e-01  9.555728e-01  0.000000e+00
   outer loop
     vertex -3.184867e+00  9.479273e+00  0.000000e+00
     vertex -3.184867e+00  9.479273e+00  4.900000e+01
     vertex -2.708405e+00  9.626242e+00  4.900000e+01
   endloop
 endfacet
 facet normal -3.420201e-01  9.396926e-01  0.000000e+00
   outer loop
     vertex -3.184867e+00  9.479273e+00  0.000000e+00
     vertex -3.653410e+00  9.308737e+00  4.900000e+01
     vertex -3.184867e+00  9.479273e+00  4.900000e+01
   endloop
 endfacet
 facet normal -3.420201e-01  9.396926e-01  0.000000e+00
   outer loop
     vertex -3.653410e+00  9.308737e+00  0.000000e+00
     vertex -3.653410e+00  9.308737e+00  4.900000e+01
     vertex -3.184867e+00  9.479273e+00  0.000000e+00
   endloop
 endfacet
 facet normal -3.884348e-01  9.214762e-01  0.000000e+00
   outer loop
     vertex -4.112871e+00  9.115059e+00  0.000000e+00
     vertex -3.653410e+00  9.308737e+00  4.900000e+01
     vertex -3.653410e+00  9.308737e+00  0.000000e+00
   endloop
 endfacet
 facet normal -3.884348e-01  9.214762e-01  0.000000e+00
   outer loop
     vertex -4.112871e+00  9.115059e+00  0.000000e+00
     vertex -4.112871e+00  9.115059e+00  4.900000e+01
     vertex -3.653410e+00  9.308737e+00  4.900000e+01
   endloop
 endfacet
 facet normal -4.338837e-01  9.009689e-01  0.000000e+00
   outer loop
     vertex -4.112871e+00  9.115059e+00  0.000000e+00
     vertex -4.562107e+00  8.898718e+00  4.900000e+01
     vertex -4.112871e+00  9.115059e+00  4.900000e+01
   endloop
 endfacet
 facet normal -4.338837e-01  9.009689e-01  0.000000e+00
   outer loop
     vertex -4.562107e+00  8.898718e+00  0.000000e+00
     vertex -4.562107e+00  8.898718e+00  4.900000e+01
     vertex -4.112871e+00  9.115059e+00  0.000000e+00
   endloop
 endfacet
 facet normal -4.782540e-01  8.782216e-01  0.000000e+00
   outer loop
     vertex -4.562107e+00  8.898718e+00  0.000000e+00
     vertex -5.000000e+00  8.660254e+00  4.900000e+01
     vertex -4.562107e+00  8.898718e+00  4.900000e+01
   endloop
 endfacet
 facet normal -4.782540e-01  8.782216e-01  0.000000e+00
   outer loop
     vertex -5.000000e+00  8.660254e+00  0.000000e+00
     vertex -5.000000e+00  8.660254e+00  4.900000e+01
     vertex -4.562107e+00  8.898718e+00  0.000000e+00
   endloop
 endfacet
 facet normal -5.214352e-01  8.532909e-01  0.000000e+00
   outer loop
     vertex -5.425463e+00  8.400259e+00  0.000000e+00
     vertex -5.000000e+00  8.660254e+00  4.900000e+01
     vertex -5.000000e+00  8.660254e+00  0.000000e+00
   endloop
 endfacet
 facet normal -5.214352e-01  8.532909e-01  0.000000e+00
   outer loop
     vertex -5.425463e+00  8.400259e+00  0.000000e+00
     vertex -5.425463e+00  8.400259e+00  4.900000e+01
     vertex -5.000000e+00  8.660254e+00  4.900000e+01
   endloop
 endfacet
 facet normal -5.633201e-01  8.262388e-01  0.000000e+00
   outer loop
     vertex -5.837437e+00  8.119380e+00  0.000000e+00
     vertex -5.425463e+00  8.400259e+00  4.900000e+01
     vertex -5.425463e+00  8.400259e+00  0.000000e+00
   endloop
 endfacet
 facet normal -5.633201e-01  8.262388e-01  0.000000e+00
   outer loop
     vertex -5.837437e+00  8.119380e+00  0.000000e+00
     vertex -5.837437e+00  8.119380e+00  4.900000e+01
     vertex -5.425463e+00  8.400259e+00  4.900000e+01
   endloop
 endfacet
 facet normal -6.038044e-01  7.971325e-01  0.000000e+00
   outer loop
     vertex -6.234898e+00  7.818315e+00  0.000000e+00
     vertex -5.837437e+00  8.119380e+00  4.900000e+01
     vertex -5.837437e+00  8.119380e+00  0.000000e+00
   endloop
 endfacet
 facet normal -6.038044e-01  7.971325e-01  0.000000e+00
   outer loop
     vertex -6.234898e+00  7.818315e+00  0.000000e+00
     vertex -6.234898e+00  7.818315e+00  4.900000e+01
     vertex -5.837437e+00  8.119380e+00  4.900000e+01
   endloop
 endfacet
 facet normal -6.427876e-01  7.660444e-01  0.000000e+00
   outer loop
     vertex -6.616858e+00  7.497812e+00  0.000000e+00
     vertex -6.234898e+00  7.818315e+00  4.900000e+01
     vertex -6.234898e+00  7.818315e+00  0.000000e+00
   endloop
 endfacet
 facet normal -6.427876e-01  7.660444e-01  0.000000e+00
   outer loop
     vertex -6.616858e+00  7.497812e+00  0.000000e+00
     vertex -6.616858e+00  7.497812e+00  4.900000e+01
     vertex -6.234898e+00  7.818315e+00  4.900000e+01
   endloop
 endfacet
 facet normal -6.801727e-01  7.330519e-01  0.000000e+00
   outer loop
     vertex -6.616858e+00  7.497812e+00  0.000000e+00
     vertex -6.982368e+00  7.158668e+00  4.900000e+01
     vertex -6.616858e+00  7.497812e+00  4.900000e+01
   endloop
 endfacet
 facet normal -6.801727e-01  7.330519e-01  0.000000e+00
   outer loop
     vertex -6.982368e+00  7.158668e+00  0.000000e+00
     vertex -6.982368e+00  7.158668e+00  4.900000e+01
     vertex -6.616858e+00  7.497812e+00  0.000000e+00
   endloop
 endfacet
 facet normal -7.158668e-01  6.982368e-01  0.000000e+00
   outer loop
     vertex -6.982368e+00  7.158668e+00  0.000000e+00
     vertex -7.330519e+00  6.801727e+00  4.900000e+01
     vertex -6.982368e+00  7.158668e+00  4.900000e+01
   endloop
 endfacet
 facet normal -7.158668e-01  6.982368e-01  0.000000e+00
   outer loop
     vertex -7.330519e+00  6.801727e+00  0.000000e+00
     vertex -7.330519e+00  6.801727e+00  4.900000e+01
     vertex -6.982368e+00  7.158668e+00  0.000000e+00
   endloop
 endfacet
 facet normal -7.497812e-01  6.616858e-01  0.000000e+00
   outer loop
     vertex -7.660444e+00  6.427876e+00  0.000000e+00
     vertex -7.660444e+00  6.427876e+00  4.900000e+01
     vertex -7.330519e+00  6.801727e+00  4.900000e+01
   endloop
 endfacet
 facet normal -7.497812e-01  6.616858e-01  0.000000e+00
   outer loop
     vertex -7.660444e+00  6.427876e+00  0.000000e+00
     vertex -7.330519e+00  6.801727e+00  4.900000e+01
     vertex -7.330519e+00  6.801727e+00  0.000000e+00
   endloop
 endfacet
 facet normal -7.818315e-01  6.234898e-01  0.000000e+00
   outer loop
     vertex -7.971325e+00  6.038044e+00  0.000000e+00
     vertex -7.971325e+00  6.038044e+00  4.900000e+01
     vertex -7.660444e+00  6.427876e+00  4.900000e+01
   endloop
 endfacet
 facet normal -7.818315e-01  6.234898e-01  0.000000e+00
   outer loop
     vertex -7.971325e+00  6.038044e+00  0.000000e+00
     vertex -7.660444e+00  6.427876e+00  4.900000e+01
     vertex -7.660444e+00  6.427876e+00  0.000000e+00
   endloop
 endfacet
 facet normal -8.119380e-01  5.837437e-01  0.000000e+00
   outer loop
     vertex -8.262388e+00  5.633201e+00  0.000000e+00
     vertex -8.262388e+00  5.633201e+00  4.900000e+01
     vertex -7.971325e+00  6.038044e+00  4.900000e+01
   endloop
 endfacet
 facet normal -8.119380e-01  5.837437e-01  0.000000e+00
   outer loop
     vertex -8.262388e+00  5.633201e+00  0.000000e+00
     vertex -7.971325e+00  6.038044e+00  4.900000e+01
     vertex -7.971325e+00  6.038044e+00  0.000000e+00
   endloop
 endfacet
 facet normal -8.400259e-01  5.425463e-01  0.000000e+00
   outer loop
     vertex -8.532909e+00  5.214352e+00  0.000000e+00
     vertex -8.532909e+00  5.214352e+00  4.900000e+01
     vertex -8.262388e+00  5.633201e+00  4.900000e+01
   endloop
 endfacet
 facet normal -8.400259e-01  5.425463e-01  0.000000e+00
   outer loop
     vertex -8.532909e+00  5.214352e+00  0.000000e+00
     vertex -8.262388e+00  5.633201e+00  4.900000e+01
     vertex -8.262388e+00  5.633201e+00  0.000000e+00
   endloop
 endfacet
 facet normal -8.660254e-01  5.000000e-01  0.000000e+00
   outer loop
     vertex -8.782216e+00  4.782540e+00  0.000000e+00
     vertex -8.782216e+00  4.782540e+00  4.900000e+01
     vertex -8.532909e+00  5.214352e+00  4.900000e+01
   endloop
 endfacet
 facet normal -8.898718e-01  4.562107e-01  0.000000e+00
   outer loop
     vertex -8.782216e+00  4.782540e+00  0.000000e+00
     vertex -9.009689e+00  4.338837e+00  4.900000e+01
     vertex -8.782216e+00  4.782540e+00  4.900000e+01
   endloop
 endfacet
 facet normal -8.660254e-01  5.000000e-01  0.000000e+00
   outer loop
     vertex -8.782216e+00  4.782540e+00  0.000000e+00
     vertex -8.532909e+00  5.214352e+00  4.900000e+01
     vertex -8.532909e+00  5.214352e+00  0.000000e+00
   endloop
 endfacet
 facet normal -8.898718e-01  4.562107e-01  0.000000e+00
   outer loop
     vertex -9.009689e+00  4.338837e+00  0.000000e+00
     vertex -9.009689e+00  4.338837e+00  4.900000e+01
     vertex -8.782216e+00  4.782540e+00  0.000000e+00
   endloop
 endfacet
 facet normal -9.115059e-01  4.112871e-01  0.000000e+00
   outer loop
     vertex -9.214762e+00  3.884348e+00  0.000000e+00
     vertex -9.214762e+00  3.884348e+00  4.900000e+01
     vertex -9.009689e+00  4.338837e+00  4.900000e+01
   endloop
 endfacet
 facet normal -9.115059e-01  4.112871e-01  0.000000e+00
   outer loop
     vertex -9.214762e+00  3.884348e+00  0.000000e+00
     vertex -9.009689e+00  4.338837e+00  4.900000e+01
     vertex -9.009689e+00  4.338837e+00  0.000000e+00
   endloop
 endfacet
 facet normal -9.308737e-01  3.653410e-01  0.000000e+00
   outer loop
     vertex -9.396926e+00  3.420201e+00  0.000000e+00
     vertex -9.396926e+00  3.420201e+00  4.900000e+01
     vertex -9.214762e+00  3.884348e+00  4.900000e+01
   endloop
 endfacet
 facet normal -9.308737e-01  3.653410e-01  0.000000e+00
   outer loop
     vertex -9.396926e+00  3.420201e+00  0.000000e+00
     vertex -9.214762e+00  3.884348e+00  4.900000e+01
     vertex -9.214762e+00  3.884348e+00  0.000000e+00
   endloop
 endfacet
 facet normal -9.479273e-01  3.184867e-01  0.000000e+00
   outer loop
     vertex -9.555728e+00  2.947552e+00  0.000000e+00
     vertex -9.555728e+00  2.947552e+00  4.900000e+01
     vertex -9.396926e+00  3.420201e+00  4.900000e+01
   endloop
 endfacet
 facet normal -9.479273e-01  3.184867e-01  0.000000e+00
   outer loop
     vertex -9.555728e+00  2.947552e+00  0.000000e+00
     vertex -9.396926e+00  3.420201e+00  4.900000e+01
     vertex -9.396926e+00  3.420201e+00  0.000000e+00
   endloop
 endfacet
 facet normal -9.626242e-01  2.708405e-01  0.000000e+00
   outer loop
     vertex -9.690773e+00  2.467574e+00  0.000000e+00
     vertex -9.690773e+00  2.467574e+00  4.900000e+01
     vertex -9.555728e+00  2.947552e+00  4.900000e+01
   endloop
 endfacet
 facet normal -9.626242e-01  2.708405e-01  0.000000e+00
   outer loop
     vertex -9.690773e+00  2.467574e+00  0.000000e+00
     vertex -9.555728e+00  2.947552e+00  4.900000e+01
     vertex -9.555728e+00  2.947552e+00  0.000000e+00
   endloop
 endfacet
 facet normal -9.749279e-01  2.225209e-01  0.000000e+00
   outer loop
     vertex -9.801725e+00  1.981461e+00  0.000000e+00
     vertex -9.801725e+00  1.981461e+00  4.900000e+01
     vertex -9.690773e+00  2.467574e+00  4.900000e+01
   endloop
 endfacet
 facet normal -9.848078e-01  1.736482e-01  0.000000e+00
   outer loop
     vertex -9.801725e+00  1.981461e+00  0.000000e+00
     vertex -9.888308e+00  1.490423e+00  4.900000e+01
     vertex -9.801725e+00  1.981461e+00  4.900000e+01
   endloop
 endfacet
 facet normal -9.749279e-01  2.225209e-01  0.000000e+00
   outer loop
     vertex -9.801725e+00  1.981461e+00  0.000000e+00
     vertex -9.690773e+00  2.467574e+00  4.900000e+01
     vertex -9.690773e+00  2.467574e+00  0.000000e+00
   endloop
 endfacet
 facet normal -9.848078e-01  1.736482e-01  0.000000e+00
   outer loop
     vertex -9.888308e+00  1.490423e+00  0.000000e+00
     vertex -9.888308e+00  1.490423e+00  4.900000e+01
     vertex -9.801725e+00  1.981461e+00  0.000000e+00
   endloop
 endfacet
 facet normal -9.922392e-01  1.243437e-01  0.000000e+00
   outer loop
     vertex -9.950308e+00  9.956785e-01  0.000000e+00
     vertex -9.950308e+00  9.956785e-01  4.900000e+01
     vertex -9.888308e+00  1.490423e+00  4.900000e+01
   endloop
 endfacet
 facet normal -9.922392e-01  1.243437e-01  0.000000e+00
   outer loop
     vertex -9.950308e+00  9.956785e-01  0.000000e+00
     vertex -9.888308e+00  1.490423e+00  4.900000e+01
     vertex -9.888308e+00  1.490423e+00  0.000000e+00
   endloop
 endfacet
 facet normal -9.972038e-01  7.473009e-02  0.000000e+00
   outer loop
     vertex -9.987569e+00  4.984589e-01  0.000000e+00
     vertex -9.950308e+00  9.956785e-01  4.900000e+01
     vertex -9.950308e+00  9.956785e-01  0.000000e+00
   endloop
 endfacet
 facet normal -9.972038e-01  7.473009e-02  0.000000e+00
   outer loop
     vertex -9.987569e+00  4.984589e-01  0.000000e+00
     vertex -9.987569e+00  4.984589e-01  4.900000e+01
     vertex -9.950308e+00  9.956785e-01  4.900000e+01
   endloop
 endfacet
 facet normal -9.996892e-01  2.493069e-02  0.000000e+00
   outer loop
     vertex -1.000000e+01 -3.430249e-14  0.000000e+00
     vertex -9.987569e+00  4.984589e-01  4.900000e+01
     vertex -9.987569e+00  4.984589e-01  0.000000e+00
   endloop
 endfacet
 facet normal -9.996892e-01  2.493069e-02  0.000000e+00
   outer loop
     vertex -1.000000e+01 -3.430249e-14  0.000000e+00
     vertex -1.000000e+01 -3.430249e-14  4.900000e+01
     vertex -9.987569e+00  4.984589e-01  4.900000e+01
   endloop
 endfacet
 facet normal -9.996892e-01 -2.493069e-02  0.000000e+00
   outer loop
     vertex -9.987569e+00 -4.984589e-01  0.000000e+00
     vertex -1.000000e+01 -3.430249e-14  4.900000e+01
     vertex -1.000000e+01 -3.430249e-14  0.000000e+00
   endloop
 endfacet
 facet normal -9.996892e-01 -2.493069e-02  0.000000e+00
   outer loop
     vertex -9.987569e+00 -4.984589e-01  0.000000e+00
     vertex -9.987569e+00 -4.984589e-01  4.900000e+01
     vertex -1.000000e+01 -3.430249e-14  4.900000e+01
   endloop
 endfacet
 facet normal -9.972038e-01 -7.473009e-02  0.000000e+00
   outer loop
     vertex -9.950308e+00 -9.956785e-01  0.000000e+00
     vertex -9.987569e+00 -4.984589e-01  4.900000e+01
     vertex -9.987569e+00 -4.984589e-01  0.000000e+00
   endloop
 endfacet
 facet normal -9.972038e-01 -7.473009e-02  0.000000e+00
   outer loop
     vertex -9.950308e+00 -9.956785e-01  0.000000e+00
     vertex -9.950308e+00 -9.956785e-01  4.900000e+01
     vertex -9.987569e+00 -4.984589e-01  4.900000e+01
   endloop
 endfacet
 facet normal -9.922392e-01 -1.243437e-01  0.000000e+00
   outer loop
     vertex -9.888308e+00 -1.490423e+00  0.000000e+00
     vertex -9.950308e+00 -9.956785e-01  4.900000e+01
     vertex -9.950308e+00 -9.956785e-01  0.000000e+00
   endloop
 endfacet
 facet normal -9.922392e-01 -1.243437e-01  0.000000e+00
   outer loop
     vertex -9.888308e+00 -1.490423e+00  0.000000e+00
     vertex -9.888308e+00 -1.490423e+00  4.900000e+01
     vertex -9.950308e+00 -9.956785e-01  4.900000e+01
   endloop
 endfacet
 facet normal -9.848078e-01 -1.736482e-01  0.000000e+00
   outer loop
     vertex -9.888308e+00 -1.490423e+00  0.000000e+00
     vertex -9.801725e+00 -1.981461e+00  4.900000e+01
     vertex -9.888308e+00 -1.490423e+00  4.900000e+01
   endloop
 endfacet
 facet normal -9.848078e-01 -1.736482e-01  0.000000e+00
   outer loop
     vertex -9.801725e+00 -1.981461e+00  0.000000e+00
     vertex -9.801725e+00 -1.981461e+00  4.900000e+01
     vertex -9.888308e+00 -1.490423e+00  0.000000e+00
   endloop
 endfacet
 facet normal -9.749279e-01 -2.225209e-01  0.000000e+00
   outer loop
     vertex -9.801725e+00 -1.981461e+00  0.000000e+00
     vertex -9.690773e+00 -2.467574e+00  4.900000e+01
     vertex -9.801725e+00 -1.981461e+00  4.900000e+01
   endloop
 endfacet
 facet normal -9.749279e-01 -2.225209e-01  0.000000e+00
   outer loop
     vertex -9.690773e+00 -2.467574e+00  0.000000e+00
     vertex -9.690773e+00 -2.467574e+00  4.900000e+01
     vertex -9.801725e+00 -1.981461e+00  0.000000e+00
   endloop
 endfacet
 facet normal -9.626242e-01 -2.708405e-01  0.000000e+00
   outer loop
     vertex -9.555728e+00 -2.947552e+00  0.000000e+00
     vertex -9.690773e+00 -2.467574e+00  4.900000e+01
     vertex -9.690773e+00 -2.467574e+00  0.000000e+00
   endloop
 endfacet
 facet normal -9.626242e-01 -2.708405e-01  0.000000e+00
   outer loop
     vertex -9.555728e+00 -2.947552e+00  0.000000e+00
     vertex -9.555728e+00 -2.947552e+00  4.900000e+01
     vertex -9.690773e+00 -2.467574e+00  4.900000e+01
   endloop
 endfacet
 facet normal -9.479273e-01 -3.184867e-01  0.000000e+00
   outer loop
     vertex -9.396926e+00 -3.420201e+00  0.000000e+00
     vertex -9.555728e+00 -2.947552e+00  4.900000e+01
     vertex -9.555728e+00 -2.947552e+00  0.000000e+00
   endloop
 endfacet
 facet normal -9.479273e-01 -3.184867e-01  0.000000e+00
   outer loop
     vertex -9.396926e+00 -3.420201e+00  0.000000e+00
     vertex -9.396926e+00 -3.420201e+00  4.900000e+01
     vertex -9.555728e+00 -2.947552e+00  4.900000e+01
   endloop
 endfacet
 facet normal -9.308737e-01 -3.653410e-01  0.000000e+00
   outer loop
     vertex -9.214762e+00 -3.884348e+00  0.000000e+00
     vertex -9.396926e+00 -3.420201e+00  4.900000e+01
     vertex -9.396926e+00 -3.420201e+00  0.000000e+00
   endloop
 endfacet
 facet normal -9.308737e-01 -3.653410e-01  0.000000e+00
   outer loop
     vertex -9.214762e+00 -3.884348e+00  0.000000e+00
     vertex -9.214762e+00 -3.884348e+00  4.900000e+01
     vertex -9.396926e+00 -3.420201e+00  4.900000e+01
   endloop
 endfacet
 facet normal -9.115059e-01 -4.112871e-01  0.000000e+00
   outer loop
     vertex -9.214762e+00 -3.884348e+00  0.000000e+00
     vertex -9.009689e+00 -4.338837e+00  4.900000e+01
     vertex -9.214762e+00 -3.884348e+00  4.900000e+01
   endloop
 endfacet
 facet normal -9.115059e-01 -4.112871e-01  0.000000e+00
   outer loop
     vertex -9.009689e+00 -4.338837e+00  0.000000e+00
     vertex -9.009689e+00 -4.338837e+00  4.900000e+01
     vertex -9.214762e+00 -3.884348e+00  0.000000e+00
   endloop
 endfacet
 facet normal -8.898718e-01 -4.562107e-01  0.000000e+00
   outer loop
     vertex -9.009689e+00 -4.338837e+00  0.000000e+00
     vertex -8.782216e+00 -4.782540e+00  4.900000e+01
     vertex -9.009689e+00 -4.338837e+00  4.900000e+01
   endloop
 endfacet
 facet normal -8.898718e-01 -4.562107e-01  0.000000e+00
   outer loop
     vertex -8.782216e+00 -4.782540e+00  0.000000e+00
     vertex -8.782216e+00 -4.782540e+00  4.900000e+01
     vertex -9.009689e+00 -4.338837e+00  0.000000e+00
   endloop
 endfacet
 facet normal -8.660254e-01 -5.000000e-01  0.000000e+00
   outer loop
     vertex -8.782216e+00 -4.782540e+00  0.000000e+00
     vertex -8.532909e+00 -5.214352e+00  4.900000e+01
     vertex -8.782216e+00 -4.782540e+00  4.900000e+01
   endloop
 endfacet
 facet normal -8.660254e-01 -5.000000e-01  0.000000e+00
   outer loop
     vertex -8.532909e+00 -5.214352e+00  0.000000e+00
     vertex -8.532909e+00 -5.214352e+00  4.900000e+01
     vertex -8.782216e+00 -4.782540e+00  0.000000e+00
   endloop
 endfacet
 facet normal -8.400259e-01 -5.425463e-01  0.000000e+00
   outer loop
     vertex -8.262388e+00 -5.633201e+00  0.000000e+00
     vertex -8.532909e+00 -5.214352e+00  4.900000e+01
     vertex -8.532909e+00 -5.214352e+00  0.000000e+00
   endloop
 endfacet
 facet normal -8.400259e-01 -5.425463e-01  0.000000e+00
   outer loop
     vertex -8.262388e+00 -5.633201e+00  0.000000e+00
     vertex -8.262388e+00 -5.633201e+00  4.900000e+01
     vertex -8.532909e+00 -5.214352e+00  4.900000e+01
   endloop
 endfacet
 facet normal -8.119380e-01 -5.837437e-01  0.000000e+00
   outer loop
     vertex -7.971325e+00 -6.038044e+00  0.000000e+00
     vertex -8.262388e+00 -5.633201e+00  4.900000e+01
     vertex -8.262388e+00 -5.633201e+00  0.000000e+00
   endloop
 endfacet
 facet normal -8.119380e-01 -5.837437e-01  0.000000e+00
   outer loop
     vertex -7.971325e+00 -6.038044e+00  0.000000e+00
     vertex -7.971325e+00 -6.038044e+00  4.900000e+01
     vertex -8.262388e+00 -5.633201e+00  4.900000e+01
   endloop
 endfacet
 facet normal -7.818315e-01 -6.234898e-01  0.000000e+00
   outer loop
     vertex -7.660444e+00 -6.427876e+00  0.000000e+00
     vertex -7.971325e+00 -6.038044e+00  4.900000e+01
     vertex -7.971325e+00 -6.038044e+00  0.000000e+00
   endloop
 endfacet
 facet normal -7.818315e-01 -6.234898e-01  0.000000e+00
   outer loop
     vertex -7.660444e+00 -6.427876e+00  0.000000e+00
     vertex -7.660444e+00 -6.427876e+00  4.900000e+01
     vertex -7.971325e+00 -6.038044e+00  4.900000e+01
   endloop
 endfacet
 facet normal -7.497812e-01 -6.616858e-01  0.000000e+00
   outer loop
     vertex -7.330519e+00 -6.801727e+00  0.000000e+00
     vertex -7.660444e+00 -6.427876e+00  4.900000e+01
     vertex -7.660444e+00 -6.427876e+00  0.000000e+00
   endloop
 endfacet
 facet normal -7.497812e-01 -6.616858e-01  0.000000e+00
   outer loop
     vertex -7.330519e+00 -6.801727e+00  0.000000e+00
     vertex -7.330519e+00 -6.801727e+00  4.900000e+01
     vertex -7.660444e+00 -6.427876e+00  4.900000e+01
   endloop
 endfacet
 facet normal -7.158668e-01 -6.982368e-01  0.000000e+00
   outer loop
     vertex -6.982368e+00 -7.158668e+00  0.000000e+00
     vertex -7.330519e+00 -6.801727e+00  4.900000e+01
     vertex -7.330519e+00 -6.801727e+00  0.000000e+00
   endloop
 endfacet
 facet normal -7.158668e-01 -6.982368e-01  0.000000e+00
   outer loop
     vertex -6.982368e+00 -7.158668e+00  0.000000e+00
     vertex -6.982368e+00 -7.158668e+00  4.900000e+01
     vertex -7.330519e+00 -6.801727e+00  4.900000e+01
   endloop
 endfacet
 facet normal -6.801727e-01 -7.330519e-01  0.000000e+00
   outer loop
     vertex -6.982368e+00 -7.158668e+00  0.000000e+00
     vertex -6.616858e+00 -7.497812e+00  4.900000e+01
     vertex -6.982368e+00 -7.158668e+00  4.900000e+01
   endloop
 endfacet
 facet normal -6.801727e-01 -7.330519e-01  0.000000e+00
   outer loop
     vertex -6.616858e+00 -7.497812e+00  0.000000e+00
     vertex -6.616858e+00 -7.497812e+00  4.900000e+01
     vertex -6.982368e+00 -7.158668e+00  0.000000e+00
   endloop
 endfacet
 facet normal -6.427876e-01 -7.660444e-01  0.000000e+00
   outer loop
     vertex -6.234898e+00 -7.818315e+00  0.000000e+00
     vertex -6.616858e+00 -7.497812e+00  4.900000e+01
     vertex -6.616858e+00 -7.497812e+00  0.000000e+00
   endloop
 endfacet
 facet normal -6.427876e-01 -7.660444e-01  0.000000e+00
   outer loop
     vertex -6.234898e+00 -7.818315e+00  0.000000e+00
     vertex -6.234898e+00 -7.818315e+00  4.900000e+01
     vertex -6.616858e+00 -7.497812e+00  4.900000e+01
   endloop
 endfacet
 facet normal -6.038044e-01 -7.971325e-01  0.000000e+00
   outer loop
     vertex -5.837437e+00 -8.119380e+00  0.000000e+00
     vertex -6.234898e+00 -7.818315e+00  4.900000e+01
     vertex -6.234898e+00 -7.818315e+00  0.000000e+00
   endloop
 endfacet
 facet normal -6.038044e-01 -7.971325e-01  0.000000e+00
   outer loop
     vertex -5.837437e+00 -8.119380e+00  0.000000e+00
     vertex -5.837437e+00 -8.119380e+00  4.900000e+01
     vertex -6.234898e+00 -7.818315e+00  4.900000e+01
   endloop
 endfacet
 facet normal -5.633201e-01 -8.262388e-01  0.000000e+00
   outer loop
     vertex -5.425463e+00 -8.400259e+00  0.000000e+00
     vertex -5.425463e+00 -8.400259e+00  4.900000e+01
     vertex -5.837437e+00 -8.119380e+00  4.900000e+01
   endloop
 endfacet
 facet normal -5.633201e-01 -8.262388e-01  0.000000e+00
   outer loop
     vertex -5.425463e+00 -8.400259e+00  0.000000e+00
     vertex -5.837437e+00 -8.119380e+00  4.900000e+01
     vertex -5.837437e+00 -8.119380e+00  0.000000e+00
   endloop
 endfacet
 facet normal -5.214352e-01 -8.532909e-01  0.000000e+00
   outer loop
     vertex -5.000000e+00 -8.660254e+00  0.000000e+00
     vertex -5.000000e+00 -8.660254e+00  4.900000e+01
     vertex -5.425463e+00 -8.400259e+00  4.900000e+01
   endloop
 endfacet
 facet normal -4.782540e-01 -8.782216e-01  0.000000e+00
   outer loop
     vertex -5.000000e+00 -8.660254e+00  0.000000e+00
     vertex -4.562107e+00 -8.898718e+00  4.900000e+01
     vertex -5.000000e+00 -8.660254e+00  4.900000e+01
   endloop
 endfacet
 facet normal -5.214352e-01 -8.532909e-01  0.000000e+00
   outer loop
     vertex -5.000000e+00 -8.660254e+00  0.000000e+00
     vertex -5.425463e+00 -8.400259e+00  4.900000e+01
     vertex -5.425463e+00 -8.400259e+00  0.000000e+00
   endloop
 endfacet
 facet normal -4.782540e-01 -8.782216e-01  0.000000e+00
   outer loop
     vertex -4.562107e+00 -8.898718e+00  0.000000e+00
     vertex -4.562107e+00 -8.898718e+00  4.900000e+01
     vertex -5.000000e+00 -8.660254e+00  0.000000e+00
   endloop
 endfacet
 facet normal -4.338837e-01 -9.009689e-01  0.000000e+00
   outer loop
     vertex -4.112871e+00 -9.115059e+00  0.000000e+00
     vertex -4.112871e+00 -9.115059e+00  4.900000e+01
     vertex -4.562107e+00 -8.898718e+00  4.900000e+01
   endloop
 endfacet
 facet normal -4.338837e-01 -9.009689e-01  0.000000e+00
   outer loop
     vertex -4.112871e+00 -9.115059e+00  0.000000e+00
     vertex -4.562107e+00 -8.898718e+00  4.900000e+01
     vertex -4.562107e+00 -8.898718e+00  0.000000e+00
   endloop
 endfacet
 facet normal -3.884348e-01 -9.214762e-01  0.000000e+00
   outer loop
     vertex -3.653410e+00 -9.308737e+00  0.000000e+00
     vertex -3.653410e+00 -9.308737e+00  4.900000e+01
     vertex -4.112871e+00 -9.115059e+00  4.900000e+01
   endloop
 endfacet
 facet normal -3.884348e-01 -9.214762e-01  0.000000e+00
   outer loop
     vertex -3.653410e+00 -9.308737e+00  0.000000e+00
     vertex -4.112871e+00 -9.115059e+00  4.900000e+01
     vertex -4.112871e+00 -9.115059e+00  0.000000e+00
   endloop
 endfacet
 facet normal -3.420201e-01 -9.396926e-01  0.000000e+00
   outer loop
     vertex -3.184867e+00 -9.479273e+00  0.000000e+00
     vertex -3.653410e+00 -9.308737e+00  4.900000e+01
     vertex -3.653410e+00 -9.308737e+00  0.000000e+00
   endloop
 endfacet
 facet normal -3.420201e-01 -9.396926e-01  0.000000e+00
   outer loop
     vertex -3.184867e+00 -9.479273e+00  0.000000e+00
     vertex -3.184867e+00 -9.479273e+00  4.900000e+01
     vertex -3.653410e+00 -9.308737e+00  4.900000e+01
   endloop
 endfacet
 facet normal -2.947552e-01 -9.555728e-01  0.000000e+00
   outer loop
     vertex -3.184867e+00 -9.479273e+00  0.000000e+00
     vertex -2.708405e+00 -9.626242e+00  4.900000e+01
     vertex -3.184867e+00 -9.479273e+00  4.900000e+01
   endloop
 endfacet
 facet normal -2.947552e-01 -9.555728e-01  0.000000e+00
   outer loop
     vertex -2.708405e+00 -9.626242e+00  0.000000e+00
     vertex -2.708405e+00 -9.626242e+00  4.900000e+01
     vertex -3.184867e+00 -9.479273e+00  0.000000e+00
   endloop
 endfacet
 facet normal -2.467574e-01 -9.690773e-01  0.000000e+00
   outer loop
     vertex -2.225209e+00 -9.749279e+00  0.000000e+00
     vertex -2.708405e+00 -9.626242e+00  4.900000e+01
     vertex -2.708405e+00 -9.626242e+00  0.000000e+00
   endloop
 endfacet
 facet normal -2.467574e-01 -9.690773e-01  0.000000e+00
   outer loop
     vertex -2.225209e+00 -9.749279e+00  0.000000e+00
     vertex -2.225209e+00 -9.749279e+00  4.900000e+01
     vertex -2.708405e+00 -9.626242e+00  4.900000e+01
   endloop
 endfacet
 facet normal -1.981461e-01 -9.801725e-01  0.000000e+00
   outer loop
     vertex -2.225209e+00 -9.749279e+00  0.000000e+00
     vertex -1.736482e+00 -9.848078e+00  4.900000e+01
     vertex -2.225209e+00 -9.749279e+00  4.900000e+01
   endloop
 endfacet
 facet normal -1.981461e-01 -9.801725e-01  0.000000e+00
   outer loop
     vertex -1.736482e+00 -9.848078e+00  0.000000e+00
     vertex -1.736482e+00 -9.848078e+00  4.900000e+01
     vertex -2.225209e+00 -9.749279e+00  0.000000e+00
   endloop
 endfacet
 facet normal -1.490423e-01 -9.888308e-01  0.000000e+00
   outer loop
     vertex -1.736482e+00 -9.848078e+00  0.000000e+00
     vertex -1.243437e+00 -9.922392e+00  4.900000e+01
     vertex -1.736482e+00 -9.848078e+00  4.900000e+01
   endloop
 endfacet
 facet normal -1.490423e-01 -9.888308e-01  0.000000e+00
   outer loop
     vertex -1.243437e+00 -9.922392e+00  0.000000e+00
     vertex -1.243437e+00 -9.922392e+00  4.900000e+01
     vertex -1.736482e+00 -9.848078e+00  0.000000e+00
   endloop
 endfacet
 facet normal -9.956785e-02 -9.950308e-01  0.000000e+00
   outer loop
     vertex -7.473009e-01 -9.972038e+00  0.000000e+00
     vertex -1.243437e+00 -9.922392e+00  4.900000e+01
     vertex -1.243437e+00 -9.922392e+00  0.000000e+00
   endloop
 endfacet
 facet normal -9.956785e-02 -9.950308e-01  0.000000e+00
   outer loop
     vertex -7.473009e-01 -9.972038e+00  0.000000e+00
     vertex -7.473009e-01 -9.972038e+00  4.900000e+01
     vertex -1.243437e+00 -9.922392e+00  4.900000e+01
   endloop
 endfacet
 facet normal -4.984589e-02 -9.987569e-01  0.000000e+00
   outer loop
     vertex -7.473009e-01 -9.972038e+00  0.000000e+00
     vertex -2.493069e-01 -9.996892e+00  4.900000e+01
     vertex -7.473009e-01 -9.972038e+00  4.900000e+01
   endloop
 endfacet
 facet normal -4.984589e-02 -9.987569e-01  0.000000e+00
   outer loop
     vertex -2.493069e-01 -9.996892e+00  0.000000e+00
     vertex -2.493069e-01 -9.996892e+00  4.900000e+01
     vertex -7.473009e-01 -9.972038e+00  0.000000e+00
   endloop
 endfacet
 facet normal  7.125181e-15 -1.000000e+00  0.000000e+00
   outer loop
     vertex  2.493069e-01 -9.996892e+00  0.000000e+00
     vertex -2.493069e-01 -9.996892e+00  4.900000e+01
     vertex -2.493069e-01 -9.996892e+00  0.000000e+00
   endloop
 endfacet
 facet normal  7.125181e-15 -1.000000e+00  0.000000e+00
   outer loop
     vertex  2.493069e-01 -9.996892e+00  0.000000e+00
     vertex  2.493069e-01 -9.996892e+00  4.900000e+01
     vertex -2.493069e-01 -9.996892e+00  4.900000e+01
   endloop
 endfacet
 facet normal  4.984589e-02 -9.987569e-01  0.000000e+00
   outer loop
     vertex  2.493069e-01 -9.996892e+00  0.000000e+00
     vertex  7.473009e-01 -9.972038e+00  4.900000e+01
     vertex  2.493069e-01 -9.996892e+00  4.900000e+01
   endloop
 endfacet
 facet normal  4.984589e-02 -9.987569e-01  0.000000e+00
   outer loop
     vertex  7.473009e-01 -9.972038e+00  0.000000e+00
     vertex  7.473009e-01 -9.972038e+00  4.900000e+01
     vertex  2.493069e-01 -9.996892e+00  0.000000e+00
   endloop
 endfacet
 facet normal  9.956785e-02 -9.950308e-01  0.000000e+00
   outer loop
     vertex  1.243437e+00 -9.922392e+00  0.000000e+00
     vertex  7.473009e-01 -9.972038e+00  4.900000e+01
     vertex  7.473009e-01 -9.972038e+00  0.000000e+00
   endloop
 endfacet
 facet normal  9.956785e-02 -9.950308e-01  0.000000e+00
   outer loop
     vertex  1.243437e+00 -9.922392e+00  0.000000e+00
     vertex  1.243437e+00 -9.922392e+00  4.900000e+01
     vertex  7.473009e-01 -9.972038e+00  4.900000e+01
   endloop
 endfacet
 facet normal  1.490423e-01 -9.888308e-01  0.000000e+00
   outer loop
     vertex  1.736482e+00 -9.848078e+00  0.000000e+00
     vertex  1.243437e+00 -9.922392e+00  4.900000e+01
     vertex  1.243437e+00 -9.922392e+00  0.000000e+00
   endloop
 endfacet
 facet normal  1.490423e-01 -9.888308e-01  0.000000e+00
   outer loop
     vertex  1.736482e+00 -9.848078e+00  0.000000e+00
     vertex  1.736482e+00 -9.848078e+00  4.900000e+01
     vertex  1.243437e+00 -9.922392e+00  4.900000e+01
   endloop
 endfacet
 facet normal  1.981461e-01 -9.801725e-01  0.000000e+00
   outer loop
     vertex  1.736482e+00 -9.848078e+00  0.000000e+00
     vertex  2.225209e+00 -9.749279e+00  4.900000e+01
     vertex  1.736482e+00 -9.848078e+00  4.900000e+01
   endloop
 endfacet
 facet normal  2.467574e-01 -9.690773e-01  0.000000e+00
   outer loop
     vertex  2.225209e+00 -9.749279e+00  0.000000e+00
     vertex  2.708405e+00 -9.626242e+00  4.900000e+01
     vertex  2.225209e+00 -9.749279e+00  4.900000e+01
   endloop
 endfacet
 facet normal  1.981461e-01 -9.801725e-01  0.000000e+00
   outer loop
     vertex  2.225209e+00 -9.749279e+00  0.000000e+00
     vertex  2.225209e+00 -9.749279e+00  4.900000e+01
     vertex  1.736482e+00 -9.848078e+00  0.000000e+00
   endloop
 endfacet
 facet normal  2.467574e-01 -9.690773e-01  0.000000e+00
   outer loop
     vertex  2.708405e+00 -9.626242e+00  0.000000e+00
     vertex  2.708405e+00 -9.626242e+00  4.900000e+01
     vertex  2.225209e+00 -9.749279e+00  0.000000e+00
   endloop
 endfacet
 facet normal  2.947552e-01 -9.555728e-01  0.000000e+00
   outer loop
     vertex  3.184867e+00 -9.479273e+00  0.000000e+00
     vertex  3.184867e+00 -9.479273e+00  4.900000e+01
     vertex  2.708405e+00 -9.626242e+00  4.900000e+01
   endloop
 endfacet
 facet normal  2.947552e-01 -9.555728e-01  0.000000e+00
   outer loop
     vertex  3.184867e+00 -9.479273e+00  0.000000e+00
     vertex  2.708405e+00 -9.626242e+00  4.900000e+01
     vertex  2.708405e+00 -9.626242e+00  0.000000e+00
   endloop
 endfacet
 facet normal  3.420201e-01 -9.396926e-01  0.000000e+00
   outer loop
     vertex  3.653410e+00 -9.308737e+00  0.000000e+00
     vertex  3.653410e+00 -9.308737e+00  4.900000e+01
     vertex  3.184867e+00 -9.479273e+00  4.900000e+01
   endloop
 endfacet
 facet normal  3.420201e-01 -9.396926e-01  0.000000e+00
   outer loop
     vertex  3.653410e+00 -9.308737e+00  0.000000e+00
     vertex  3.184867e+00 -9.479273e+00  4.900000e+01
     vertex  3.184867e+00 -9.479273e+00  0.000000e+00
   endloop
 endfacet
 facet normal  3.884348e-01 -9.214762e-01  0.000000e+00
   outer loop
     vertex  4.112871e+00 -9.115059e+00  0.000000e+00
     vertex  4.112871e+00 -9.115059e+00  4.900000e+01
     vertex  3.653410e+00 -9.308737e+00  4.900000e+01
   endloop
 endfacet
 facet normal  3.884348e-01 -9.214762e-01  0.000000e+00
   outer loop
     vertex  4.112871e+00 -9.115059e+00  0.000000e+00
     vertex  3.653410e+00 -9.308737e+00  4.900000e+01
     vertex  3.653410e+00 -9.308737e+00  0.000000e+00
   endloop
 endfacet
 facet normal  4.338837e-01 -9.009689e-01  0.000000e+00
   outer loop
     vertex  4.562107e+00 -8.898718e+00  0.000000e+00
     vertex  4.562107e+00 -8.898718e+00  4.900000e+01
     vertex  4.112871e+00 -9.115059e+00  4.900000e+01
   endloop
 endfacet
 facet normal  4.338837e-01 -9.009689e-01  0.000000e+00
   outer loop
     vertex  4.562107e+00 -8.898718e+00  0.000000e+00
     vertex  4.112871e+00 -9.115059e+00  4.900000e+01
     vertex  4.112871e+00 -9.115059e+00  0.000000e+00
   endloop
 endfacet
 facet normal  4.782540e-01 -8.782216e-01  0.000000e+00
   outer loop
     vertex  5.000000e+00 -8.660254e+00  0.000000e+00
     vertex  5.000000e+00 -8.660254e+00  4.900000e+01
     vertex  4.562107e+00 -8.898718e+00  4.900000e+01
   endloop
 endfacet
 facet normal  5.214352e-01 -8.532909e-01  0.000000e+00
   outer loop
     vertex  5.000000e+00 -8.660254e+00  0.000000e+00
     vertex  5.425463e+00 -8.400259e+00  4.900000e+01
     vertex  5.000000e+00 -8.660254e+00  4.900000e+01
   endloop
 endfacet
 facet normal  4.782540e-01 -8.782216e-01  0.000000e+00
   outer loop
     vertex  5.000000e+00 -8.660254e+00  0.000000e+00
     vertex  4.562107e+00 -8.898718e+00  4.900000e+01
     vertex  4.562107e+00 -8.898718e+00  0.000000e+00
   endloop
 endfacet
 facet normal  5.214352e-01 -8.532909e-01  0.000000e+00
   outer loop
     vertex  5.425463e+00 -8.400259e+00  0.000000e+00
     vertex  5.425463e+00 -8.400259e+00  4.900000e+01
     vertex  5.000000e+00 -8.660254e+00  0.000000e+00
   endloop
 endfacet
 facet normal  5.633201e-01 -8.262388e-01  0.000000e+00
   outer loop
     vertex  5.837437e+00 -8.119380e+00  0.000000e+00
     vertex  5.837437e+00 -8.119380e+00  4.900000e+01
     vertex  5.425463e+00 -8.400259e+00  4.900000e+01
   endloop
 endfacet
 facet normal  5.633201e-01 -8.262388e-01  0.000000e+00
   outer loop
     vertex  5.837437e+00 -8.119380e+00  0.000000e+00
     vertex  5.425463e+00 -8.400259e+00  4.900000e+01
     vertex  5.425463e+00 -8.400259e+00  0.000000e+00
   endloop
 endfacet
 facet normal  6.038044e-01 -7.971325e-01  0.000000e+00
   outer loop
     vertex  6.234898e+00 -7.818315e+00  0.000000e+00
     vertex  6.234898e+00 -7.818315e+00  4.900000e+01
     vertex  5.837437e+00 -8.119380e+00  4.900000e+01
   endloop
 endfacet
 facet normal  6.038044e-01 -7.971325e-01  0.000000e+00
   outer loop
     vertex  6.234898e+00 -7.818315e+00  0.000000e+00
     vertex  5.837437e+00 -8.119380e+00  4.900000e+01
     vertex  5.837437e+00 -8.119380e+00  0.000000e+00
   endloop
 endfacet
 facet normal  6.427876e-01 -7.660444e-01  0.000000e+00
   outer loop
     vertex  6.616858e+00 -7.497812e+00  0.000000e+00
     vertex  6.616858e+00 -7.497812e+00  4.900000e+01
     vertex  6.234898e+00 -7.818315e+00  4.900000e+01
   endloop
 endfacet
 facet normal  6.427876e-01 -7.660444e-01  0.000000e+00
   outer loop
     vertex  6.616858e+00 -7.497812e+00  0.000000e+00
     vertex  6.234898e+00 -7.818315e+00  4.900000e+01
     vertex  6.234898e+00 -7.818315e+00  0.000000e+00
   endloop
 endfacet
 facet normal  6.801727e-01 -7.330519e-01  0.000000e+00
   outer loop
     vertex  6.982368e+00 -7.158668e+00  0.000000e+00
     vertex  6.982368e+00 -7.158668e+00  4.900000e+01
     vertex  6.616858e+00 -7.497812e+00  4.900000e+01
   endloop
 endfacet
 facet normal  6.801727e-01 -7.330519e-01  0.000000e+00
   outer loop
     vertex  6.982368e+00 -7.158668e+00  0.000000e+00
     vertex  6.616858e+00 -7.497812e+00  4.900000e+01
     vertex  6.616858e+00 -7.497812e+00  0.000000e+00
   endloop
 endfacet
 facet normal  7.158668e-01 -6.982368e-01  0.000000e+00
   outer loop
     vertex  7.330519e+00 -6.801727e+00  0.000000e+00
     vertex  7.330519e+00 -6.801727e+00  4.900000e+01
     vertex  6.982368e+00 -7.158668e+00  4.900000e+01
   endloop
 endfacet
 facet normal  7.158668e-01 -6.982368e-01  0.000000e+00
   outer loop
     vertex  7.330519e+00 -6.801727e+00  0.000000e+00
     vertex  6.982368e+00 -7.158668e+00  4.900000e+01
     vertex  6.982368e+00 -7.158668e+00  0.000000e+00
   endloop
 endfacet
 facet normal  7.497812e-01 -6.616858e-01  0.000000e+00
   outer loop
     vertex  7.660444e+00 -6.427876e+00  0.000000e+00
     vertex  7.330519e+00 -6.801727e+00  4.900000e+01
     vertex  7.330519e+00 -6.801727e+00  0.000000e+00
   endloop
 endfacet
 facet normal  7.497812e-01 -6.616858e-01  0.000000e+00
   outer loop
     vertex  7.660444e+00 -6.427876e+00  0.000000e+00
     vertex  7.660444e+00 -6.427876e+00  4.900000e+01
     vertex  7.330519e+00 -6.801727e+00  4.900000e+01
   endloop
 endfacet
 facet normal  7.818315e-01 -6.234898e-01  0.000000e+00
   outer loop
     vertex  7.971325e+00 -6.038044e+00  0.000000e+00
     vertex  7.660444e+00 -6.427876e+00  4.900000e+01
     vertex  7.660444e+00 -6.427876e+00  0.000000e+00
   endloop
 endfacet
 facet normal  7.818315e-01 -6.234898e-01  0.000000e+00
   outer loop
     vertex  7.971325e+00 -6.038044e+00  0.000000e+00
     vertex  7.971325e+00 -6.038044e+00  4.900000e+01
     vertex  7.660444e+00 -6.427876e+00  4.900000e+01
   endloop
 endfacet
 facet normal  8.119380e-01 -5.837437e-01  0.000000e+00
   outer loop
     vertex  8.262388e+00 -5.633201e+00  0.000000e+00
     vertex  7.971325e+00 -6.038044e+00  4.900000e+01
     vertex  7.971325e+00 -6.038044e+00  0.000000e+00
   endloop
 endfacet
 facet normal  8.119380e-01 -5.837437e-01  0.000000e+00
   outer loop
     vertex  8.262388e+00 -5.633201e+00  0.000000e+00
     vertex  8.262388e+00 -5.633201e+00  4.900000e+01
     vertex  7.971325e+00 -6.038044e+00  4.900000e+01
   endloop
 endfacet
 facet normal  8.400259e-01 -5.425463e-01  0.000000e+00
   outer loop
     vertex  8.532909e+00 -5.214352e+00  0.000000e+00
     vertex  8.262388e+00 -5.633201e+00  4.900000e+01
     vertex  8.262388e+00 -5.633201e+00  0.000000e+00
   endloop
 endfacet
 facet normal  8.400259e-01 -5.425463e-01  0.000000e+00
   outer loop
     vertex  8.532909e+00 -5.214352e+00  0.000000e+00
     vertex  8.532909e+00 -5.214352e+00  4.900000e+01
     vertex  8.262388e+00 -5.633201e+00  4.900000e+01
   endloop
 endfacet
 facet normal  8.660254e-01 -5.000000e-01  0.000000e+00
   outer loop
     vertex  8.782216e+00 -4.782540e+00  0.000000e+00
     vertex  8.782216e+00 -4.782540e+00  4.900000e+01
     vertex  8.532909e+00 -5.214352e+00  4.900000e+01
   endloop
 endfacet
 facet normal  8.660254e-01 -5.000000e-01  0.000000e+00
   outer loop
     vertex  8.782216e+00 -4.782540e+00  0.000000e+00
     vertex  8.532909e+00 -5.214352e+00  4.900000e+01
     vertex  8.532909e+00 -5.214352e+00  0.000000e+00
   endloop
 endfacet
 facet normal  8.898718e-01 -4.562107e-01  0.000000e+00
   outer loop
     vertex  9.009689e+00 -4.338837e+00  0.000000e+00
     vertex  9.009689e+00 -4.338837e+00  4.900000e+01
     vertex  8.782216e+00 -4.782540e+00  4.900000e+01
   endloop
 endfacet
 facet normal  8.898718e-01 -4.562107e-01  0.000000e+00
   outer loop
     vertex  9.009689e+00 -4.338837e+00  0.000000e+00
     vertex  8.782216e+00 -4.782540e+00  4.900000e+01
     vertex  8.782216e+00 -4.782540e+00  0.000000e+00
   endloop
 endfacet
 facet normal  9.115059e-01 -4.112871e-01  0.000000e+00
   outer loop
     vertex  9.214762e+00 -3.884348e+00  0.000000e+00
     vertex  9.214762e+00 -3.884348e+00  4.900000e+01
     vertex  9.009689e+00 -4.338837e+00  4.900000e+01
   endloop
 endfacet
 facet normal  9.115059e-01 -4.112871e-01  0.000000e+00
   outer loop
     vertex  9.214762e+00 -3.884348e+00  0.000000e+00
     vertex  9.009689e+00 -4.338837e+00  4.900000e+01
     vertex  9.009689e+00 -4.338837e+00  0.000000e+00
   endloop
 endfacet
 facet normal  9.308737e-01 -3.653410e-01  0.000000e+00
   outer loop
     vertex  9.396926e+00 -3.420201e+00  0.000000e+00
     vertex  9.396926e+00 -3.420201e+00  4.900000e+01
     vertex  9.214762e+00 -3.884348e+00  4.900000e+01
   endloop
 endfacet
 facet normal  9.308737e-01 -3.653410e-01  0.000000e+00
   outer loop
     vertex  9.396926e+00 -3.420201e+00  0.000000e+00
     vertex  9.214762e+00 -3.884348e+00  4.900000e+01
     vertex  9.214762e+00 -3.884348e+00  0.000000e+00
   endloop
 endfacet
 facet normal  9.479273e-01 -3.184867e-01  0.000000e+00
   outer loop
     vertex  9.555728e+00 -2.947552e+00  0.000000e+00
     vertex  9.555728e+00 -2.947552e+00  4.900000e+01
     vertex  9.396926e+00 -3.420201e+00  4.900000e+01
   endloop
 endfacet
 facet normal  9.479273e-01 -3.184867e-01  0.000000e+00
   outer loop
     vertex  9.555728e+00 -2.947552e+00  0.000000e+00
     vertex  9.396926e+00 -3.420201e+00  4.900000e+01
     vertex  9.396926e+00 -3.420201e+00  0.000000e+00
   endloop
 endfacet
 facet normal  9.626242e-01 -2.708405e-01  0.000000e+00
   outer loop
     vertex  9.690773e+00 -2.467574e+00  0.000000e+00
     vertex  9.690773e+00 -2.467574e+00  4.900000e+01
     vertex  9.555728e+00 -2.947552e+00  4.900000e+01
   endloop
 endfacet
 facet normal  9.626242e-01 -2.708405e-01  0.000000e+00
   outer loop
     vertex  9.690773e+00 -2.467574e+00  0.000000e+00
     vertex  9.555728e+00 -2.947552e+00  4.900000e+01
     vertex  9.555728e+00 -2.947552e+00  0.000000e+00
   endloop
 endfacet
 facet normal  9.749279e-01 -2.225209e-01  0.000000e+00
   outer loop
     vertex  9.801725e+00 -1.981461e+00  0.000000e+00
     vertex  9.801725e+00 -1.981461e+00  4.900000e+01
     vertex  9.690773e+00 -2.467574e+00  4.900000e+01
   endloop
 endfacet
 facet normal  9.749279e-01 -2.225209e-01  0.000000e+00
   outer loop
     vertex  9.801725e+00 -1.981461e+00  0.000000e+00
     vertex  9.690773e+00 -2.467574e+00  4.900000e+01
     vertex  9.690773e+00 -2.467574e+00  0.000000e+00
   endloop
 endfacet
 facet normal  9.848078e-01 -1.736482e-01  0.000000e+00
   outer loop
     vertex  9.888308e+00 -1.490423e+00  0.000000e+00
     vertex  9.888308e+00 -1.490423e+00  4.900000e+01
     vertex  9.801725e+00 -1.981461e+00  4.900000e+01
   endloop
 endfacet
 facet normal  9.848078e-01 -1.736482e-01  0.000000e+00
   outer loop
     vertex  9.888308e+00 -1.490423e+00  0.000000e+00
     vertex  9.801725e+00 -1.981461e+00  4.900000e+01
     vertex  9.801725e+00 -1.981461e+00  0.000000e+00
   endloop
 endfacet
 facet normal  9.922392e-01 -1.243437e-01  0.000000e+00
   outer loop
     vertex  9.950308e+00 -9.956785e-01  0.000000e+00
     vertex  9.950308e+00 -9.956785e-01  4.900000e+01
     vertex  9.888308e+00 -1.490423e+00  4.900000e+01
   endloop
 endfacet
 facet normal  9.922392e-01 -1.243437e-01  0.000000e+00
   outer loop
     vertex  9.950308e+00 -9.956785e-01  0.000000e+00
     vertex  9.888308e+00 -1.490423e+00  4.900000e+01
     vertex  9.888308e+00 -1.490423e+00  0.000000e+00
   endloop
 endfacet
 facet normal  9.972038e-01 -7.473009e-02  0.000000e+00
   outer loop
     vertex  9.987569e+00 -4.984589e-01  0.000000e+00
     vertex  9.987569e+00 -4.984589e-01  4.900000e+01
     vertex  9.950308e+00 -9.956785e-01  4.900000e+01
   endloop
 endfacet
 facet normal  9.996892e-01 -2.493069e-02  0.000000e+00
   outer loop
     vertex  9.987569e+00 -4.984589e-01  0.000000e+00
     vertex  1.000000e+01  0.000000e+00  4.900000e+01
     vertex  9.987569e+00 -4.984589e-01  4.900000e+01
   endloop
 endfacet
 facet normal  9.972038e-01 -7.473009e-02  0.000000e+00
   outer loop
     vertex  9.987569e+00 -4.984589e-01  0.000000e+00
     vertex  9.950308e+00 -9.956785e-01  4.900000e+01
     vertex  9.950308e+00 -9.956785e-01  0.000000e+00
   endloop
 endfacet
 facet normal  9.996892e-01 -2.493069e-02  0.000000e+00
   outer loop
     vertex  1.000000e+01  0.000000e+00  0.000000e+00
     vertex  1.000000e+01  0.000000e+00  4.900000e+01
     vertex  9.987569e+00 -4.984589e-01  0.000000e+00
   endloop
 endfacet
 facet normal  7.069969e-01  1.763140e-02  7.069969e-01
   outer loop
     vertex  9.500000e+00  0.000000e+00  4.950000e+01
     vertex  1.000000e+01  0.000000e+00  4.900000e+01
     vertex  9.987569e+00  4.984589e-01  4.900000e+01
   endloop
 endfacet
 facet normal  7.069969e-01  1.763140e-02  7.069969e-01
   outer loop
     vertex  8.988812e+00  4.486130e-01  5.000000e+01
     vertex  9.000000e+00  0.000000e+00  5.000000e+01
     vertex  9.500000e+00  0.000000e+00  4.950000e+01
   endloop
 endfacet
 facet normal  7.069969e-01 -1.763140e-02  7.069969e-01
   outer loop
     vertex  9.500000e+00  0.000000e+00  4.950000e+01
     vertex  9.987569e+00 -4.984589e-01  4.900000e+01
     vertex  1.000000e+01  0.000000e+00  4.900000e+01
   endloop
 endfacet
 facet normal  7.069969e-01 -1.763140e-02  7.069969e-01
   outer loop
     vertex  9.000000e+00  0.000000e+00  5.000000e+01
     vertex  8.988812e+00 -4.486130e-01  5.000000e+01
     vertex  9.500000e+00  0.000000e+00  4.950000e+01
   endloop
 endfacet
 facet normal  7.052392e-01  5.285037e-02  7.069969e-01
   outer loop
     vertex  9.452792e+00  9.458945e-01  4.950000e+01
     vertex  9.987569e+00  4.984589e-01  4.900000e+01
     vertex  9.950308e+00  9.956785e-01  4.900000e+01
   endloop
 endfacet
 facet normal  7.017281e-01  8.793794e-02  7.069969e-01
   outer loop
     vertex  9.452792e+00  9.458945e-01  4.950000e+01
     vertex  9.950308e+00  9.956785e-01  4.900000e+01
     vertex  9.888308e+00  1.490423e+00  4.900000e+01
   endloop
 endfacet
 facet normal  7.052392e-01  5.285037e-02  7.069969e-01
   outer loop
     vertex  9.452792e+00  9.458945e-01  4.950000e+01
     vertex  8.955277e+00  8.961106e-01  5.000000e+01
     vertex  8.988812e+00  4.486130e-01  5.000000e+01
   endloop
 endfacet
 facet normal  7.017281e-01  8.793794e-02  7.069969e-01
   outer loop
     vertex  9.452792e+00  9.458945e-01  4.950000e+01
     vertex  8.899477e+00  1.341380e+00  5.000000e+01
     vertex  8.955277e+00  8.961106e-01  5.000000e+01
   endloop
 endfacet
 facet normal  6.979376e-01  3.483262e-02  7.153110e-01
   outer loop
     vertex  9.452792e+00  9.458945e-01  4.950000e+01
     vertex  9.500000e+00  0.000000e+00  4.950000e+01
     vertex  9.987569e+00  4.984589e-01  4.900000e+01
   endloop
 endfacet
 facet normal  7.146165e-01  3.566502e-02  6.986067e-01
   outer loop
     vertex  9.452792e+00  9.458945e-01  4.950000e+01
     vertex  8.988812e+00  4.486130e-01  5.000000e+01
     vertex  9.500000e+00  0.000000e+00  4.950000e+01
   endloop
 endfacet
 facet normal  6.964725e-01  1.228069e-01  7.069969e-01
   outer loop
     vertex  9.311639e+00  1.882388e+00  4.950000e+01
     vertex  9.888308e+00  1.490423e+00  4.900000e+01
     vertex  9.801725e+00  1.981461e+00  4.900000e+01
   endloop
 endfacet
 facet normal  6.894853e-01  1.573705e-01  7.069969e-01
   outer loop
     vertex  9.311639e+00  1.882388e+00  4.950000e+01
     vertex  9.801725e+00  1.981461e+00  4.900000e+01
     vertex  9.690773e+00  2.467574e+00  4.900000e+01
   endloop
 endfacet
 facet normal  6.964725e-01  1.228069e-01  7.069969e-01
   outer loop
     vertex  9.311639e+00  1.882388e+00  4.950000e+01
     vertex  8.821552e+00  1.783315e+00  5.000000e+01
     vertex  8.899477e+00  1.341380e+00  5.000000e+01
   endloop
 endfacet
 facet normal  6.894853e-01  1.573705e-01  7.069969e-01
   outer loop
     vertex  9.311639e+00  1.882388e+00  4.950000e+01
     vertex  8.721696e+00  2.220817e+00  5.000000e+01
     vertex  8.821552e+00  1.783315e+00  5.000000e+01
   endloop
 endfacet
 facet normal  6.910012e-01  1.041517e-01  7.153110e-01
   outer loop
     vertex  9.311639e+00  1.882388e+00  4.950000e+01
     vertex  9.452792e+00  9.458945e-01  4.950000e+01
     vertex  9.888308e+00  1.490423e+00  4.900000e+01
   endloop
 endfacet
 facet normal  7.075143e-01  1.066406e-01  6.986067e-01
   outer loop
     vertex  9.311639e+00  1.882388e+00  4.950000e+01
     vertex  8.899477e+00  1.341380e+00  5.000000e+01
     vertex  9.452792e+00  9.458945e-01  4.950000e+01
   endloop
 endfacet
 facet normal  6.807839e-01  1.915429e-01  7.069969e-01
   outer loop
     vertex  9.077942e+00  2.800174e+00  4.950000e+01
     vertex  9.690773e+00  2.467574e+00  4.900000e+01
     vertex  9.555728e+00  2.947552e+00  4.900000e+01
   endloop
 endfacet
 facet normal  6.703900e-01  2.252391e-01  7.069969e-01
   outer loop
     vertex  9.077942e+00  2.800174e+00  4.950000e+01
     vertex  9.555728e+00  2.947552e+00  4.900000e+01
     vertex  9.396926e+00  3.420201e+00  4.900000e+01
   endloop
 endfacet
 facet normal  6.933805e-01  1.765564e-01  6.986067e-01
   outer loop
     vertex  9.077942e+00  2.800174e+00  4.950000e+01
     vertex  8.721696e+00  2.220817e+00  5.000000e+01
     vertex  9.311639e+00  1.882388e+00  4.950000e+01
   endloop
 endfacet
 facet normal  6.807839e-01  1.915429e-01  7.069969e-01
   outer loop
     vertex  9.077942e+00  2.800174e+00  4.950000e+01
     vertex  8.600155e+00  2.652797e+00  5.000000e+01
     vertex  8.721696e+00  2.220817e+00  5.000000e+01
   endloop
 endfacet
 facet normal  6.703900e-01  2.252391e-01  7.069969e-01
   outer loop
     vertex  9.077942e+00  2.800174e+00  4.950000e+01
     vertex  8.457234e+00  3.078181e+00  5.000000e+01
     vertex  8.600155e+00  2.652797e+00  5.000000e+01
   endloop
 endfacet
 facet normal  6.771973e-01  1.724356e-01  7.153110e-01
   outer loop
     vertex  9.077942e+00  2.800174e+00  4.950000e+01
     vertex  9.311639e+00  1.882388e+00  4.950000e+01
     vertex  9.690773e+00  2.467574e+00  4.900000e+01
   endloop
 endfacet
 facet normal  6.583294e-01  2.583753e-01  7.069969e-01
   outer loop
     vertex  8.754024e+00  3.690131e+00  4.950000e+01
     vertex  9.396926e+00  3.420201e+00  4.900000e+01
     vertex  9.214762e+00  3.884348e+00  4.900000e+01
   endloop
 endfacet
 facet normal  6.446321e-01  2.908691e-01  7.069969e-01
   outer loop
     vertex  8.754024e+00  3.690131e+00  4.950000e+01
     vertex  9.214762e+00  3.884348e+00  4.900000e+01
     vertex  9.009689e+00  4.338837e+00  4.900000e+01
   endloop
 endfacet
 facet normal  6.566631e-01  2.390058e-01  7.153110e-01
   outer loop
     vertex  8.754024e+00  3.690131e+00  4.950000e+01
     vertex  9.077942e+00  2.800174e+00  4.950000e+01
     vertex  9.396926e+00  3.420201e+00  4.900000e+01
   endloop
 endfacet
 facet normal  6.583294e-01  2.583753e-01  7.069969e-01
   outer loop
     vertex  8.754024e+00  3.690131e+00  4.950000e+01
     vertex  8.293286e+00  3.495913e+00  5.000000e+01
     vertex  8.457234e+00  3.078181e+00  5.000000e+01
   endloop
 endfacet
 facet normal  6.446321e-01  2.908691e-01  7.069969e-01
   outer loop
     vertex  8.754024e+00  3.690131e+00  4.950000e+01
     vertex  8.108720e+00  3.904954e+00  5.000000e+01
     vertex  8.293286e+00  3.495913e+00  5.000000e+01
   endloop
 endfacet
 facet normal  6.723556e-01  2.447174e-01  6.986067e-01
   outer loop
     vertex  8.754024e+00  3.690131e+00  4.950000e+01
     vertex  8.457234e+00  3.078181e+00  5.000000e+01
     vertex  9.077942e+00  2.800174e+00  4.950000e+01
   endloop
 endfacet
 facet normal  6.293322e-01  3.226398e-01  7.069969e-01
   outer loop
     vertex  8.343105e+00  4.543413e+00  4.950000e+01
     vertex  9.009689e+00  4.338837e+00  4.900000e+01
     vertex  8.782216e+00  4.782540e+00  4.900000e+01
   endloop
 endfacet
 facet normal  6.124676e-01  3.536083e-01  7.069969e-01
   outer loop
     vertex  8.343105e+00  4.543413e+00  4.950000e+01
     vertex  8.782216e+00  4.782540e+00  4.900000e+01
     vertex  8.532909e+00  5.214352e+00  4.900000e+01
   endloop
 endfacet
 facet normal  6.293322e-01  3.226398e-01  7.069969e-01
   outer loop
     vertex  8.343105e+00  4.543413e+00  4.950000e+01
     vertex  7.903994e+00  4.304286e+00  5.000000e+01
     vertex  8.108720e+00  3.904954e+00  5.000000e+01
   endloop
 endfacet
 facet normal  6.124676e-01  3.536083e-01  7.069969e-01
   outer loop
     vertex  8.343105e+00  4.543413e+00  4.950000e+01
     vertex  7.679618e+00  4.692917e+00  5.000000e+01
     vertex  7.903994e+00  4.304286e+00  5.000000e+01
   endloop
 endfacet
 facet normal  6.296027e-01  3.032007e-01  7.153110e-01
   outer loop
     vertex  8.343105e+00  4.543413e+00  4.950000e+01
     vertex  8.754024e+00  3.690131e+00  4.950000e+01
     vertex  9.009689e+00  4.338837e+00  4.900000e+01
   endloop
 endfacet
 facet normal  6.446485e-01  3.104464e-01  6.986067e-01
   outer loop
     vertex  8.343105e+00  4.543413e+00  4.950000e+01
     vertex  8.108720e+00  3.904954e+00  5.000000e+01
     vertex  8.754024e+00  3.690131e+00  4.950000e+01
   endloop
 endfacet
 facet normal  5.962850e-01  3.643822e-01  7.153110e-01
   outer loop
     vertex  7.849268e+00  5.351541e+00  4.950000e+01
     vertex  8.343105e+00  4.543413e+00  4.950000e+01
     vertex  8.532909e+00  5.214352e+00  4.900000e+01
   endloop
 endfacet
 facet normal  5.940803e-01  3.836978e-01  7.069969e-01
   outer loop
     vertex  7.849268e+00  5.351541e+00  4.950000e+01
     vertex  8.532909e+00  5.214352e+00  4.900000e+01
     vertex  8.262388e+00  5.633201e+00  4.900000e+01
   endloop
 endfacet
 facet normal  5.742161e-01  4.128333e-01  7.069969e-01
   outer loop
     vertex  7.849268e+00  5.351541e+00  4.950000e+01
     vertex  8.262388e+00  5.633201e+00  4.900000e+01
     vertex  7.971325e+00  6.038044e+00  4.900000e+01
   endloop
 endfacet
 facet normal  6.105346e-01  3.730900e-01  6.986067e-01
   outer loop
     vertex  7.849268e+00  5.351541e+00  4.950000e+01
     vertex  7.679618e+00  4.692917e+00  5.000000e+01
     vertex  8.343105e+00  4.543413e+00  4.950000e+01
   endloop
 endfacet
 facet normal  5.940803e-01  3.836978e-01  7.069969e-01
   outer loop
     vertex  7.849268e+00  5.351541e+00  4.950000e+01
     vertex  7.436149e+00  5.069881e+00  5.000000e+01
     vertex  7.679618e+00  4.692917e+00  5.000000e+01
   endloop
 endfacet
 facet normal  5.742161e-01  4.128333e-01  7.069969e-01
   outer loop
     vertex  7.849268e+00  5.351541e+00  4.950000e+01
     vertex  7.174193e+00  5.434240e+00  5.000000e+01
     vertex  7.436149e+00  5.069881e+00  5.000000e+01
   endloop
 endfacet
 facet normal  5.529243e-01  4.409424e-01  7.069969e-01
   outer loop
     vertex  7.277422e+00  6.106482e+00  4.950000e+01
     vertex  7.971325e+00  6.038044e+00  4.900000e+01
     vertex  7.660444e+00  6.427876e+00  4.900000e+01
   endloop
 endfacet
 facet normal  5.302578e-01  4.679553e-01  7.069969e-01
   outer loop
     vertex  7.277422e+00  6.106482e+00  4.950000e+01
     vertex  7.660444e+00  6.427876e+00  4.900000e+01
     vertex  7.330519e+00  6.801727e+00  4.900000e+01
   endloop
 endfacet
 facet normal  5.570412e-01  4.219423e-01  7.153110e-01
   outer loop
     vertex  7.277422e+00  6.106482e+00  4.950000e+01
     vertex  7.849268e+00  5.351541e+00  4.950000e+01
     vertex  7.971325e+00  6.038044e+00  4.900000e+01
   endloop
 endfacet
 facet normal  5.529243e-01  4.409424e-01  7.069969e-01
   outer loop
     vertex  7.277422e+00  6.106482e+00  4.950000e+01
     vertex  6.894400e+00  5.785088e+00  5.000000e+01
     vertex  7.174193e+00  5.434240e+00  5.000000e+01
   endloop
 endfacet
 facet normal  5.302578e-01  4.679553e-01  7.069969e-01
   outer loop
     vertex  7.277422e+00  6.106482e+00  4.950000e+01
     vertex  6.597467e+00  6.121555e+00  5.000000e+01
     vertex  6.894400e+00  5.785088e+00  5.000000e+01
   endloop
 endfacet
 facet normal  5.703530e-01  4.320256e-01  6.986067e-01
   outer loop
     vertex  7.277422e+00  6.106482e+00  4.950000e+01
     vertex  7.174193e+00  5.434240e+00  5.000000e+01
     vertex  7.849268e+00  5.351541e+00  4.950000e+01
   endloop
 endfacet
 facet normal  5.062730e-01  4.938047e-01  7.069969e-01
   outer loop
     vertex  6.633250e+00  6.800735e+00  4.950000e+01
     vertex  7.330519e+00  6.801727e+00  4.900000e+01
     vertex  6.982368e+00  7.158668e+00  4.900000e+01
   endloop
 endfacet
 facet normal  4.810295e-01  5.184265e-01  7.069969e-01
   outer loop
     vertex  6.633250e+00  6.800735e+00  4.950000e+01
     vertex  6.982368e+00  7.158668e+00  4.900000e+01
     vertex  6.616858e+00  7.497812e+00  4.900000e+01
   endloop
 endfacet
 facet normal  5.062730e-01  4.938047e-01  7.069969e-01
   outer loop
     vertex  6.633250e+00  6.800735e+00  4.950000e+01
     vertex  6.284131e+00  6.442802e+00  5.000000e+01
     vertex  6.597467e+00  6.121555e+00  5.000000e+01
   endloop
 endfacet
 facet normal  4.810295e-01  5.184265e-01  7.069969e-01
   outer loop
     vertex  6.633250e+00  6.800735e+00  4.950000e+01
     vertex  5.955173e+00  6.748031e+00  5.000000e+01
     vertex  6.284131e+00  6.442802e+00  5.000000e+01
   endloop
 endfacet
 facet normal  5.122612e-01  4.753090e-01  7.153110e-01
   outer loop
     vertex  6.633250e+00  6.800735e+00  4.950000e+01
     vertex  7.277422e+00  6.106482e+00  4.950000e+01
     vertex  7.330519e+00  6.801727e+00  4.900000e+01
   endloop
 endfacet
 facet normal  5.245029e-01  4.866676e-01  6.986067e-01
   outer loop
     vertex  6.633250e+00  6.800735e+00  4.950000e+01
     vertex  6.597467e+00  6.121555e+00  5.000000e+01
     vertex  7.277422e+00  6.106482e+00  4.950000e+01
   endloop
 endfacet
 facet normal  4.623902e-01  5.239518e-01  7.153110e-01
   outer loop
     vertex  5.923153e+00  7.427399e+00  4.950000e+01
     vertex  6.633250e+00  6.800735e+00  4.950000e+01
     vertex  6.616858e+00  7.497812e+00  4.900000e+01
   endloop
 endfacet
 facet normal  4.545901e-01  5.417594e-01  7.069969e-01
   outer loop
     vertex  5.923153e+00  7.427399e+00  4.950000e+01
     vertex  6.616858e+00  7.497812e+00  4.900000e+01
     vertex  6.234898e+00  7.818315e+00  4.900000e+01
   endloop
 endfacet
 facet normal  4.270206e-01  5.637454e-01  7.069969e-01
   outer loop
     vertex  5.923153e+00  7.427399e+00  4.950000e+01
     vertex  6.234898e+00  7.818315e+00  4.900000e+01
     vertex  5.837437e+00  8.119380e+00  4.900000e+01
   endloop
 endfacet
 facet normal  4.734401e-01  5.364729e-01  6.986067e-01
   outer loop
     vertex  5.923153e+00  7.427399e+00  4.950000e+01
     vertex  5.955173e+00  6.748031e+00  5.000000e+01
     vertex  6.633250e+00  6.800735e+00  4.950000e+01
   endloop
 endfacet
 facet normal  4.545901e-01  5.417594e-01  7.069969e-01
   outer loop
     vertex  5.923153e+00  7.427399e+00  4.950000e+01
     vertex  5.611408e+00  7.036483e+00  5.000000e+01
     vertex  5.955173e+00  6.748031e+00  5.000000e+01
   endloop
 endfacet
 facet normal  4.270206e-01  5.637454e-01  7.069969e-01
   outer loop
     vertex  5.923153e+00  7.427399e+00  4.950000e+01
     vertex  5.253693e+00  7.307442e+00  5.000000e+01
     vertex  5.611408e+00  7.036483e+00  5.000000e+01
   endloop
 endfacet
 facet normal  3.983893e-01  5.843298e-01  7.069969e-01
   outer loop
     vertex  5.154190e+00  7.980246e+00  4.950000e+01
     vertex  5.837437e+00  8.119380e+00  4.900000e+01
     vertex  5.425463e+00  8.400259e+00  4.900000e+01
   endloop
 endfacet
 facet normal  3.687677e-01  6.034615e-01  7.069969e-01
   outer loop
     vertex  5.154190e+00  7.980246e+00  4.950000e+01
     vertex  5.425463e+00  8.400259e+00  4.900000e+01
     vertex  5.000000e+00  8.660254e+00  4.900000e+01
   endloop
 endfacet
 facet normal  3.983893e-01  5.843298e-01  7.069969e-01
   outer loop
     vertex  5.154190e+00  7.980246e+00  4.950000e+01
     vertex  4.882916e+00  7.560233e+00  5.000000e+01
     vertex  5.253693e+00  7.307442e+00  5.000000e+01
   endloop
 endfacet
 facet normal  3.687677e-01  6.034615e-01  7.069969e-01
   outer loop
     vertex  5.154190e+00  7.980246e+00  4.950000e+01
     vertex  4.500000e+00  7.794229e+00  5.000000e+01
     vertex  4.882916e+00  7.560233e+00  5.000000e+01
   endloop
 endfacet
 facet normal  4.079237e-01  5.673874e-01  7.153110e-01
   outer loop
     vertex  5.154190e+00  7.980246e+00  4.950000e+01
     vertex  5.923153e+00  7.427399e+00  4.950000e+01
     vertex  5.837437e+00  8.119380e+00  4.900000e+01
   endloop
 endfacet
 facet normal  4.176720e-01  5.809464e-01  6.986067e-01
   outer loop
     vertex  5.154190e+00  7.980246e+00  4.950000e+01
     vertex  5.253693e+00  7.307442e+00  5.000000e+01
     vertex  5.923153e+00  7.427399e+00  4.950000e+01
   endloop
 endfacet
 facet normal  3.577529e-01  6.196463e-01  6.986067e-01
   outer loop
     vertex  4.334001e+00  8.453782e+00  4.950000e+01
     vertex  4.500000e+00  7.794229e+00  5.000000e+01
     vertex  5.154190e+00  7.980246e+00  4.950000e+01
   endloop
 endfacet
 facet normal  3.382292e-01  6.210929e-01  7.069969e-01
   outer loop
     vertex  4.334001e+00  8.453782e+00  4.950000e+01
     vertex  5.000000e+00  8.660254e+00  4.900000e+01
     vertex  4.562107e+00  8.898718e+00  4.900000e+01
   endloop
 endfacet
 facet normal  3.068498e-01  6.371802e-01  7.069969e-01
   outer loop
     vertex  4.334001e+00  8.453782e+00  4.950000e+01
     vertex  4.562107e+00  8.898718e+00  4.900000e+01
     vertex  4.112871e+00  9.115059e+00  4.900000e+01
   endloop
 endfacet
 facet normal  3.382292e-01  6.210929e-01  7.069969e-01
   outer loop
     vertex  4.334001e+00  8.453782e+00  4.950000e+01
     vertex  4.105896e+00  8.008846e+00  5.000000e+01
     vertex  4.500000e+00  7.794229e+00  5.000000e+01
   endloop
 endfacet
 facet normal  3.068498e-01  6.371802e-01  7.069969e-01
   outer loop
     vertex  4.334001e+00  8.453782e+00  4.950000e+01
     vertex  3.701584e+00  8.203553e+00  5.000000e+01
     vertex  4.105896e+00  8.008846e+00  5.000000e+01
   endloop
 endfacet
 facet normal  3.494031e-01  6.051840e-01  7.153110e-01
   outer loop
     vertex  4.334001e+00  8.453782e+00  4.950000e+01
     vertex  5.154190e+00  7.980246e+00  4.950000e+01
     vertex  5.000000e+00  8.660254e+00  4.900000e+01
   endloop
 endfacet
 facet normal  2.747076e-01  6.516833e-01  7.069969e-01
   outer loop
     vertex  3.470740e+00  8.843301e+00  4.950000e+01
     vertex  4.112871e+00  9.115059e+00  4.900000e+01
     vertex  3.653410e+00  9.308737e+00  4.900000e+01
   endloop
 endfacet
 facet normal  2.418824e-01  6.645663e-01  7.069969e-01
   outer loop
     vertex  3.470740e+00  8.843301e+00  4.950000e+01
     vertex  3.653410e+00  9.308737e+00  4.900000e+01
     vertex  3.184867e+00  9.479273e+00  4.900000e+01
   endloop
 endfacet
 facet normal  2.874100e-01  6.369660e-01  7.153110e-01
   outer loop
     vertex  3.470740e+00  8.843301e+00  4.950000e+01
     vertex  4.334001e+00  8.453782e+00  4.950000e+01
     vertex  4.112871e+00  9.115059e+00  4.900000e+01
   endloop
 endfacet
 facet normal  2.942783e-01  6.521878e-01  6.986067e-01
   outer loop
     vertex  3.470740e+00  8.843301e+00  4.950000e+01
     vertex  3.701584e+00  8.203553e+00  5.000000e+01
     vertex  4.334001e+00  8.453782e+00  4.950000e+01
   endloop
 endfacet
 facet normal  2.747076e-01  6.516833e-01  7.069969e-01
   outer loop
     vertex  3.470740e+00  8.843301e+00  4.950000e+01
     vertex  3.288069e+00  8.377864e+00  5.000000e+01
     vertex  3.701584e+00  8.203553e+00  5.000000e+01
   endloop
 endfacet
 facet normal  2.418824e-01  6.645663e-01  7.069969e-01
   outer loop
     vertex  3.470740e+00  8.843301e+00  4.950000e+01
     vertex  2.866380e+00  8.531346e+00  5.000000e+01
     vertex  3.288069e+00  8.377864e+00  5.000000e+01
   endloop
 endfacet
 facet normal  2.084558e-01  6.757970e-01  7.069969e-01
   outer loop
     vertex  2.572984e+00  9.144930e+00  4.950000e+01
     vertex  3.184867e+00  9.479273e+00  4.900000e+01
     vertex  2.708405e+00  9.626242e+00  4.900000e+01
   endloop
 endfacet
 facet normal  1.745109e-01  6.853476e-01  7.069969e-01
   outer loop
     vertex  2.572984e+00  9.144930e+00  4.950000e+01
     vertex  2.708405e+00  9.626242e+00  4.900000e+01
     vertex  2.225209e+00  9.749279e+00  4.900000e+01
   endloop
 endfacet
 facet normal  2.084558e-01  6.757970e-01  7.069969e-01
   outer loop
     vertex  2.572984e+00  9.144930e+00  4.950000e+01
     vertex  2.437564e+00  8.663618e+00  5.000000e+01
     vertex  2.866380e+00  8.531346e+00  5.000000e+01
   endloop
 endfacet
 facet normal  1.745109e-01  6.853476e-01  7.069969e-01
   outer loop
     vertex  2.572984e+00  9.144930e+00  4.950000e+01
     vertex  2.002688e+00  8.774351e+00  5.000000e+01
     vertex  2.437564e+00  8.663618e+00  5.000000e+01
   endloop
 endfacet
 facet normal  2.225605e-01  6.624176e-01  7.153110e-01
   outer loop
     vertex  2.572984e+00  9.144930e+00  4.950000e+01
     vertex  3.470740e+00  8.843301e+00  4.950000e+01
     vertex  3.184867e+00  9.479273e+00  4.900000e+01
   endloop
 endfacet
 facet normal  2.278791e-01  6.782476e-01  6.986067e-01
   outer loop
     vertex  2.572984e+00  9.144930e+00  4.950000e+01
     vertex  2.866380e+00  8.531346e+00  5.000000e+01
     vertex  3.470740e+00  8.843301e+00  4.950000e+01
   endloop
 endfacet
 facet normal  1.592150e-01  6.975667e-01  6.986067e-01
   outer loop
     vertex  1.649658e+00  9.355674e+00  4.950000e+01
     vertex  2.002688e+00  8.774351e+00  5.000000e+01
     vertex  2.572984e+00  9.144930e+00  4.950000e+01
   endloop
 endfacet
 facet normal  1.401323e-01  6.931943e-01  7.069969e-01
   outer loop
     vertex  1.649658e+00  9.355674e+00  4.950000e+01
     vertex  2.225209e+00  9.749279e+00  4.900000e+01
     vertex  1.736482e+00  9.848078e+00  4.900000e+01
   endloop
 endfacet
 facet normal  1.054052e-01  6.993177e-01  7.069969e-01
   outer loop
     vertex  1.649658e+00  9.355674e+00  4.950000e+01
     vertex  1.736482e+00  9.848078e+00  4.900000e+01
     vertex  1.243437e+00  9.922392e+00  4.900000e+01
   endloop
 endfacet
 facet normal  1.401323e-01  6.931943e-01  7.069969e-01
   outer loop
     vertex  1.649658e+00  9.355674e+00  4.950000e+01
     vertex  1.562834e+00  8.863270e+00  5.000000e+01
     vertex  2.002688e+00  8.774351e+00  5.000000e+01
   endloop
 endfacet
 facet normal  1.054052e-01  6.993177e-01  7.069969e-01
   outer loop
     vertex  1.649658e+00  9.355674e+00  4.950000e+01
     vertex  1.119093e+00  8.930153e+00  5.000000e+01
     vertex  1.562834e+00  8.863270e+00  5.000000e+01
   endloop
 endfacet
 facet normal  1.554990e-01  6.812857e-01  7.153110e-01
   outer loop
     vertex  1.649658e+00  9.355674e+00  4.950000e+01
     vertex  2.572984e+00  9.144930e+00  4.950000e+01
     vertex  2.225209e+00  9.749279e+00  4.900000e+01
   endloop
 endfacet
 facet normal  7.041604e-02  7.037024e-01  7.069969e-01
   outer loop
     vertex  7.099359e-01  9.473436e+00  4.950000e+01
     vertex  1.243437e+00  9.922392e+00  4.900000e+01
     vertex  7.473009e-01  9.972038e+00  4.900000e+01
   endloop
 endfacet
 facet normal  3.525184e-02  7.063376e-01  7.069969e-01
   outer loop
     vertex  7.099359e-01  9.473436e+00  4.950000e+01
     vertex  7.473009e-01  9.972038e+00  4.900000e+01
     vertex  2.493069e-01  9.996892e+00  4.900000e+01
   endloop
 endfacet
 facet normal  8.689216e-02  6.933830e-01  7.153110e-01
   outer loop
     vertex  7.099359e-01  9.473436e+00  4.950000e+01
     vertex  1.649658e+00  9.355674e+00  4.950000e+01
     vertex  1.243437e+00  9.922392e+00  4.900000e+01
   endloop
 endfacet
 facet normal  8.896865e-02  7.099530e-01  6.986067e-01
   outer loop
     vertex  7.099359e-01  9.473436e+00  4.950000e+01
     vertex  1.119093e+00  8.930153e+00  5.000000e+01
     vertex  1.649658e+00  9.355674e+00  4.950000e+01
   endloop
 endfacet
 facet normal  7.041604e-02  7.037024e-01  7.069969e-01
   outer loop
     vertex  7.099359e-01  9.473436e+00  4.950000e+01
     vertex  6.725708e-01  8.974834e+00  5.000000e+01
     vertex  1.119093e+00  8.930153e+00  5.000000e+01
   endloop
 endfacet
 facet normal  3.525184e-02  7.063376e-01  7.069969e-01
   outer loop
     vertex  7.099359e-01  9.473436e+00  4.950000e+01
     vertex  2.243762e-01  8.997203e+00  5.000000e+01
     vertex  6.725708e-01  8.974834e+00  5.000000e+01
   endloop
 endfacet
 facet normal  0.000000e+00  7.072167e-01  7.069969e-01
   outer loop
     vertex -2.368416e-01  9.497047e+00  4.950000e+01
     vertex  2.493069e-01  9.996892e+00  4.900000e+01
     vertex -2.493069e-01  9.996892e+00  4.900000e+01
   endloop
 endfacet
 facet normal -3.525184e-02  7.063376e-01  7.069969e-01
   outer loop
     vertex -2.368416e-01  9.497047e+00  4.950000e+01
     vertex -2.493069e-01  9.996892e+00  4.900000e+01
     vertex -7.473009e-01  9.972038e+00  4.900000e+01
   endloop
 endfacet
 facet normal  0.000000e+00  7.072167e-01  7.069969e-01
   outer loop
     vertex -2.368416e-01  9.497047e+00  4.950000e+01
     vertex -2.243762e-01  8.997203e+00  5.000000e+01
     vertex  2.243762e-01  8.997203e+00  5.000000e+01
   endloop
 endfacet
 facet normal -3.525184e-02  7.063376e-01  7.069969e-01
   outer loop
     vertex -2.368416e-01  9.497047e+00  4.950000e+01
     vertex -6.725708e-01  8.974834e+00  5.000000e+01
     vertex -2.243762e-01  8.997203e+00  5.000000e+01
   endloop
 endfacet
 facet normal  1.742172e-02  6.985890e-01  7.153110e-01
   outer loop
     vertex -2.368416e-01  9.497047e+00  4.950000e+01
     vertex  7.099359e-01  9.473436e+00  4.950000e+01
     vertex  2.493069e-01  9.996892e+00  4.900000e+01
   endloop
 endfacet
 facet normal  1.783806e-02  7.152835e-01  6.986067e-01
   outer loop
     vertex -2.368416e-01  9.497047e+00  4.950000e+01
     vertex  2.243762e-01  8.997203e+00  5.000000e+01
     vertex  7.099359e-01  9.473436e+00  4.950000e+01
   endloop
 endfacet
 facet normal -5.222186e-02  6.968522e-01  7.153110e-01
   outer loop
     vertex -1.181265e+00  9.426272e+00  4.950000e+01
     vertex -2.368416e-01  9.497047e+00  4.950000e+01
     vertex -7.473009e-01  9.972038e+00  4.900000e+01
   endloop
 endfacet
 facet normal -5.346982e-02  7.135052e-01  6.986067e-01
   outer loop
     vertex -1.181265e+00  9.426272e+00  4.950000e+01
     vertex -6.725708e-01  8.974834e+00  5.000000e+01
     vertex -2.368416e-01  9.497047e+00  4.950000e+01
   endloop
 endfacet
 facet normal -7.041604e-02  7.037024e-01  7.069969e-01
   outer loop
     vertex -1.181265e+00  9.426272e+00  4.950000e+01
     vertex -7.473009e-01  9.972038e+00  4.900000e+01
     vertex -1.243437e+00  9.922392e+00  4.900000e+01
   endloop
 endfacet
 facet normal -1.054052e-01  6.993177e-01  7.069969e-01
   outer loop
     vertex -1.181265e+00  9.426272e+00  4.950000e+01
     vertex -1.243437e+00  9.922392e+00  4.900000e+01
     vertex -1.736482e+00  9.848078e+00  4.900000e+01
   endloop
 endfacet
 facet normal -7.041604e-02  7.037024e-01  7.069969e-01
   outer loop
     vertex -1.181265e+00  9.426272e+00  4.950000e+01
     vertex -1.119093e+00  8.930153e+00  5.000000e+01
     vertex -6.725708e-01  8.974834e+00  5.000000e+01
   endloop
 endfacet
 facet normal -1.054052e-01  6.993177e-01  7.069969e-01
   outer loop
     vertex -1.181265e+00  9.426272e+00  4.950000e+01
     vertex -1.562834e+00  8.863270e+00  5.000000e+01
     vertex -1.119093e+00  8.930153e+00  5.000000e+01
   endloop
 endfacet
 facet normal -1.401323e-01  6.931943e-01  7.069969e-01
   outer loop
     vertex -2.113949e+00  9.261815e+00  4.950000e+01
     vertex -1.736482e+00  9.848078e+00  4.900000e+01
     vertex -2.225209e+00  9.749279e+00  4.900000e+01
   endloop
 endfacet
 facet normal -1.745109e-01  6.853476e-01  7.069969e-01
   outer loop
     vertex -2.113949e+00  9.261815e+00  4.950000e+01
     vertex -2.225209e+00  9.749279e+00  4.900000e+01
     vertex -2.708405e+00  9.626242e+00  4.900000e+01
   endloop
 endfacet
 facet normal -1.213464e-01  6.881898e-01  7.153110e-01
   outer loop
     vertex -2.113949e+00  9.261815e+00  4.950000e+01
     vertex -1.181265e+00  9.426272e+00  4.950000e+01
     vertex -1.736482e+00  9.848078e+00  4.900000e+01
   endloop
 endfacet
 facet normal -1.401323e-01  6.931943e-01  7.069969e-01
   outer loop
     vertex -2.113949e+00  9.261815e+00  4.950000e+01
     vertex -2.002688e+00  8.774351e+00  5.000000e+01
     vertex -1.562834e+00  8.863270e+00  5.000000e+01
   endloop
 endfacet
 facet normal -1.745109e-01  6.853476e-01  7.069969e-01
   outer loop
     vertex -2.113949e+00  9.261815e+00  4.950000e+01
     vertex -2.437564e+00  8.663618e+00  5.000000e+01
     vertex -2.002688e+00  8.774351e+00  5.000000e+01
   endloop
 endfacet
 facet normal -1.242463e-01  7.046357e-01  6.986067e-01
   outer loop
     vertex -2.113949e+00  9.261815e+00  4.950000e+01
     vertex -1.562834e+00  8.863270e+00  5.000000e+01
     vertex -1.181265e+00  9.426272e+00  4.950000e+01
   endloop
 endfacet
 facet normal -1.937879e-01  6.887633e-01  6.986067e-01
   outer loop
     vertex -3.025623e+00  9.005310e+00  4.950000e+01
     vertex -2.437564e+00  8.663618e+00  5.000000e+01
     vertex -2.113949e+00  9.261815e+00  4.950000e+01
   endloop
 endfacet
 facet normal -2.084558e-01  6.757970e-01  7.069969e-01
   outer loop
     vertex -3.025623e+00  9.005310e+00  4.950000e+01
     vertex -2.708405e+00  9.626242e+00  4.900000e+01
     vertex -3.184867e+00  9.479273e+00  4.900000e+01
   endloop
 endfacet
 facet normal -2.418824e-01  6.645663e-01  7.069969e-01
   outer loop
     vertex -3.025623e+00  9.005310e+00  4.950000e+01
     vertex -3.184867e+00  9.479273e+00  4.900000e+01
     vertex -3.653410e+00  9.308737e+00  4.900000e+01
   endloop
 endfacet
 facet normal -2.084558e-01  6.757970e-01  7.069969e-01
   outer loop
     vertex -3.025623e+00  9.005310e+00  4.950000e+01
     vertex -2.866380e+00  8.531346e+00  5.000000e+01
     vertex -2.437564e+00  8.663618e+00  5.000000e+01
   endloop
 endfacet
 facet normal -2.418824e-01  6.645663e-01  7.069969e-01
   outer loop
     vertex -3.025623e+00  9.005310e+00  4.950000e+01
     vertex -3.288069e+00  8.377864e+00  5.000000e+01
     vertex -2.866380e+00  8.531346e+00  5.000000e+01
   endloop
 endfacet
 facet normal -1.892650e-01  6.726878e-01  7.153110e-01
   outer loop
     vertex -3.025623e+00  9.005310e+00  4.950000e+01
     vertex -2.113949e+00  9.261815e+00  4.950000e+01
     vertex -2.708405e+00  9.626242e+00  4.900000e+01
   endloop
 endfacet
 facet normal -2.553026e-01  6.505004e-01  7.153110e-01
   outer loop
     vertex -3.907227e+00  8.659306e+00  4.950000e+01
     vertex -3.025623e+00  9.005310e+00  4.950000e+01
     vertex -3.653410e+00  9.308737e+00  4.900000e+01
   endloop
 endfacet
 facet normal -2.614037e-01  6.660456e-01  6.986067e-01
   outer loop
     vertex -3.907227e+00  8.659306e+00  4.950000e+01
     vertex -3.288069e+00  8.377864e+00  5.000000e+01
     vertex -3.025623e+00  9.005310e+00  4.950000e+01
   endloop
 endfacet
 facet normal -2.747076e-01  6.516833e-01  7.069969e-01
   outer loop
     vertex -3.907227e+00  8.659306e+00  4.950000e+01
     vertex -3.653410e+00  9.308737e+00  4.900000e+01
     vertex -4.112871e+00  9.115059e+00  4.900000e+01
   endloop
 endfacet
 facet normal -3.068498e-01  6.371802e-01  7.069969e-01
   outer loop
     vertex -3.907227e+00  8.659306e+00  4.950000e+01
     vertex -4.112871e+00  9.115059e+00  4.900000e+01
     vertex -4.562107e+00  8.898718e+00  4.900000e+01
   endloop
 endfacet
 facet normal -2.747076e-01  6.516833e-01  7.069969e-01
   outer loop
     vertex -3.907227e+00  8.659306e+00  4.950000e+01
     vertex -3.701584e+00  8.203553e+00  5.000000e+01
     vertex -3.288069e+00  8.377864e+00  5.000000e+01
   endloop
 endfacet
 facet normal -3.068498e-01  6.371802e-01  7.069969e-01
   outer loop
     vertex -3.907227e+00  8.659306e+00  4.950000e+01
     vertex -4.105896e+00  8.008846e+00  5.000000e+01
     vertex -3.701584e+00  8.203553e+00  5.000000e+01
   endloop
 endfacet
 facet normal -3.382292e-01  6.210929e-01  7.069969e-01
   outer loop
     vertex -4.750000e+00  8.227241e+00  4.950000e+01
     vertex -4.562107e+00  8.898718e+00  4.900000e+01
     vertex -5.000000e+00  8.660254e+00  4.900000e+01
   endloop
 endfacet
 facet normal -3.687677e-01  6.034615e-01  7.069969e-01
   outer loop
     vertex -4.750000e+00  8.227241e+00  4.950000e+01
     vertex -5.000000e+00  8.660254e+00  4.900000e+01
     vertex -5.425463e+00  8.400259e+00  4.900000e+01
   endloop
 endfacet
 facet normal -3.188029e-01  6.218480e-01  7.153110e-01
   outer loop
     vertex -4.750000e+00  8.227241e+00  4.950000e+01
     vertex -3.907227e+00  8.659306e+00  4.950000e+01
     vertex -4.562107e+00  8.898718e+00  4.900000e+01
   endloop
 endfacet
 facet normal -3.382292e-01  6.210929e-01  7.069969e-01
   outer loop
     vertex -4.750000e+00  8.227241e+00  4.950000e+01
     vertex -4.500000e+00  7.794229e+00  5.000000e+01
     vertex -4.105896e+00  8.008846e+00  5.000000e+01
   endloop
 endfacet
 facet normal -3.687677e-01  6.034615e-01  7.069969e-01
   outer loop
     vertex -4.750000e+00  8.227241e+00  4.950000e+01
     vertex -4.882916e+00  7.560233e+00  5.000000e+01
     vertex -4.500000e+00  7.794229e+00  5.000000e+01
   endloop
 endfacet
 facet normal -3.264214e-01  6.367085e-01  6.986067e-01
   outer loop
     vertex -4.750000e+00  8.227241e+00  4.950000e+01
     vertex -4.105896e+00  8.008846e+00  5.000000e+01
     vertex -3.907227e+00  8.659306e+00  4.950000e+01
   endloop
 endfacet
 facet normal -3.881950e-01  6.010435e-01  6.986067e-01
   outer loop
     vertex -5.545565e+00  7.713411e+00  4.950000e+01
     vertex -4.882916e+00  7.560233e+00  5.000000e+01
     vertex -4.750000e+00  8.227241e+00  4.950000e+01
   endloop
 endfacet
 facet normal -3.983893e-01  5.843298e-01  7.069969e-01
   outer loop
     vertex -5.545565e+00  7.713411e+00  4.950000e+01
     vertex -5.425463e+00  8.400259e+00  4.900000e+01
     vertex -5.837437e+00  8.119380e+00  4.900000e+01
   endloop
 endfacet
 facet normal -4.270206e-01  5.637454e-01  7.069969e-01
   outer loop
     vertex -5.545565e+00  7.713411e+00  4.950000e+01
     vertex -5.837437e+00  8.119380e+00  4.900000e+01
     vertex -6.234898e+00  7.818315e+00  4.900000e+01
   endloop
 endfacet
 facet normal -3.983893e-01  5.843298e-01  7.069969e-01
   outer loop
     vertex -5.545565e+00  7.713411e+00  4.950000e+01
     vertex -5.253693e+00  7.307442e+00  5.000000e+01
     vertex -4.882916e+00  7.560233e+00  5.000000e+01
   endloop
 endfacet
 facet normal -4.270206e-01  5.637454e-01  7.069969e-01
   outer loop
     vertex -5.545565e+00  7.713411e+00  4.950000e+01
     vertex -5.611408e+00  7.036483e+00  5.000000e+01
     vertex -5.253693e+00  7.307442e+00  5.000000e+01
   endloop
 endfacet
 facet normal -3.791347e-01  5.870154e-01  7.153110e-01
   outer loop
     vertex -5.545565e+00  7.713411e+00  4.950000e+01
     vertex -4.750000e+00  8.227241e+00  4.950000e+01
     vertex -5.425463e+00  8.400259e+00  4.900000e+01
   endloop
 endfacet
 facet normal -4.356986e-01  5.463487e-01  7.153110e-01
   outer loop
     vertex -6.286015e+00  7.122921e+00  4.950000e+01
     vertex -5.545565e+00  7.713411e+00  4.950000e+01
     vertex -6.234898e+00  7.818315e+00  4.900000e+01
   endloop
 endfacet
 facet normal -4.461106e-01  5.594050e-01  6.986067e-01
   outer loop
     vertex -6.286015e+00  7.122921e+00  4.950000e+01
     vertex -5.611408e+00  7.036483e+00  5.000000e+01
     vertex -5.545565e+00  7.713411e+00  4.950000e+01
   endloop
 endfacet
 facet normal -4.545901e-01  5.417594e-01  7.069969e-01
   outer loop
     vertex -6.286015e+00  7.122921e+00  4.950000e+01
     vertex -6.234898e+00  7.818315e+00  4.900000e+01
     vertex -6.616858e+00  7.497812e+00  4.900000e+01
   endloop
 endfacet
 facet normal -4.810295e-01  5.184265e-01  7.069969e-01
   outer loop
     vertex -6.286015e+00  7.122921e+00  4.950000e+01
     vertex -6.616858e+00  7.497812e+00  4.900000e+01
     vertex -6.982368e+00  7.158668e+00  4.900000e+01
   endloop
 endfacet
 facet normal -4.545901e-01  5.417594e-01  7.069969e-01
   outer loop
     vertex -6.286015e+00  7.122921e+00  4.950000e+01
     vertex -5.955173e+00  6.748031e+00  5.000000e+01
     vertex -5.611408e+00  7.036483e+00  5.000000e+01
   endloop
 endfacet
 facet normal -4.810295e-01  5.184265e-01  7.069969e-01
   outer loop
     vertex -6.286015e+00  7.122921e+00  4.950000e+01
     vertex -6.284131e+00  6.442802e+00  5.000000e+01
     vertex -5.955173e+00  6.748031e+00  5.000000e+01
   endloop
 endfacet
 facet normal -5.062730e-01  4.938047e-01  7.069969e-01
   outer loop
     vertex -6.963993e+00  6.461641e+00  4.950000e+01
     vertex -6.982368e+00  7.158668e+00  4.900000e+01
     vertex -7.330519e+00  6.801727e+00  4.900000e+01
   endloop
 endfacet
 facet normal -5.302578e-01  4.679553e-01  7.069969e-01
   outer loop
     vertex -6.963993e+00  6.461641e+00  4.950000e+01
     vertex -7.330519e+00  6.801727e+00  4.900000e+01
     vertex -7.660444e+00  6.427876e+00  4.900000e+01
   endloop
 endfacet
 facet normal -4.879323e-01  5.002522e-01  7.153110e-01
   outer loop
     vertex -6.963993e+00  6.461641e+00  4.950000e+01
     vertex -6.286015e+00  7.122921e+00  4.950000e+01
     vertex -6.982368e+00  7.158668e+00  4.900000e+01
   endloop
 endfacet
 facet normal -5.062730e-01  4.938047e-01  7.069969e-01
   outer loop
     vertex -6.963993e+00  6.461641e+00  4.950000e+01
     vertex -6.597467e+00  6.121555e+00  5.000000e+01
     vertex -6.284131e+00  6.442802e+00  5.000000e+01
   endloop
 endfacet
 facet normal -5.302578e-01  4.679553e-01  7.069969e-01
   outer loop
     vertex -6.963993e+00  6.461641e+00  4.950000e+01
     vertex -6.894400e+00  5.785088e+00  5.000000e+01
     vertex -6.597467e+00  6.121555e+00  5.000000e+01
   endloop
 endfacet
 facet normal -4.995926e-01  5.122069e-01  6.986067e-01
   outer loop
     vertex -6.963993e+00  6.461641e+00  4.950000e+01
     vertex -6.284131e+00  6.442802e+00  5.000000e+01
     vertex -6.286015e+00  7.122921e+00  4.950000e+01
   endloop
 endfacet
 facet normal -5.481093e-01  4.599183e-01  6.986067e-01
   outer loop
     vertex -7.572759e+00  5.736142e+00  4.950000e+01
     vertex -6.894400e+00  5.785088e+00  5.000000e+01
     vertex -6.963993e+00  6.461641e+00  4.950000e+01
   endloop
 endfacet
 facet normal -5.529243e-01  4.409424e-01  7.069969e-01
   outer loop
     vertex -7.572759e+00  5.736142e+00  4.950000e+01
     vertex -7.660444e+00  6.427876e+00  4.900000e+01
     vertex -7.971325e+00  6.038044e+00  4.900000e+01
   endloop
 endfacet
 facet normal -5.742161e-01  4.128333e-01  7.069969e-01
   outer loop
     vertex -7.572759e+00  5.736142e+00  4.950000e+01
     vertex -7.971325e+00  6.038044e+00  4.900000e+01
     vertex -8.262388e+00  5.633201e+00  4.900000e+01
   endloop
 endfacet
 facet normal -5.529243e-01  4.409424e-01  7.069969e-01
   outer loop
     vertex -7.572759e+00  5.736142e+00  4.950000e+01
     vertex -7.174193e+00  5.434240e+00  5.000000e+01
     vertex -6.894400e+00  5.785088e+00  5.000000e+01
   endloop
 endfacet
 facet normal -5.742161e-01  4.128333e-01  7.069969e-01
   outer loop
     vertex -7.572759e+00  5.736142e+00  4.950000e+01
     vertex -7.436149e+00  5.069881e+00  5.000000e+01
     vertex -7.174193e+00  5.434240e+00  5.000000e+01
   endloop
 endfacet
 facet normal -5.353166e-01  4.491840e-01  7.153110e-01
   outer loop
     vertex -7.572759e+00  5.736142e+00  4.950000e+01
     vertex -6.963993e+00  6.461641e+00  4.950000e+01
     vertex -7.660444e+00  6.427876e+00  4.900000e+01
   endloop
 endfacet
 facet normal -5.911787e-01  4.030588e-01  6.986067e-01
   outer loop
     vertex -8.106263e+00  4.953634e+00  4.950000e+01
     vertex -7.436149e+00  5.069881e+00  5.000000e+01
     vertex -7.572759e+00  5.736142e+00  4.950000e+01
   endloop
 endfacet
 facet normal -5.773808e-01  3.936516e-01  7.153110e-01
   outer loop
     vertex -8.106263e+00  4.953634e+00  4.950000e+01
     vertex -7.572759e+00  5.736142e+00  4.950000e+01
     vertex -8.262388e+00  5.633201e+00  4.900000e+01
   endloop
 endfacet
 facet normal -5.940803e-01  3.836978e-01  7.069969e-01
   outer loop
     vertex -8.106263e+00  4.953634e+00  4.950000e+01
     vertex -8.262388e+00  5.633201e+00  4.900000e+01
     vertex -8.532909e+00  5.214352e+00  4.900000e+01
   endloop
 endfacet
 facet normal -6.124676e-01  3.536083e-01  7.069969e-01
   outer loop
     vertex -8.106263e+00  4.953634e+00  4.950000e+01
     vertex -8.532909e+00  5.214352e+00  4.900000e+01
     vertex -8.782216e+00  4.782540e+00  4.900000e+01
   endloop
 endfacet
 facet normal -5.940803e-01  3.836978e-01  7.069969e-01
   outer loop
     vertex -8.106263e+00  4.953634e+00  4.950000e+01
     vertex -7.679618e+00  4.692917e+00  5.000000e+01
     vertex -7.436149e+00  5.069881e+00  5.000000e+01
   endloop
 endfacet
 facet normal -6.124676e-01  3.536083e-01  7.069969e-01
   outer loop
     vertex -8.106263e+00  4.953634e+00  4.950000e+01
     vertex -7.903994e+00  4.304286e+00  5.000000e+01
     vertex -7.679618e+00  4.692917e+00  5.000000e+01
   endloop
 endfacet
 facet normal -6.293322e-01  3.226398e-01  7.069969e-01
   outer loop
     vertex -8.559204e+00  4.121896e+00  4.950000e+01
     vertex -8.782216e+00  4.782540e+00  4.900000e+01
     vertex -9.009689e+00  4.338837e+00  4.900000e+01
   endloop
 endfacet
 facet normal -6.446321e-01  2.908691e-01  7.069969e-01
   outer loop
     vertex -8.559204e+00  4.121896e+00  4.950000e+01
     vertex -9.009689e+00  4.338837e+00  4.900000e+01
     vertex -9.214762e+00  3.884348e+00  4.900000e+01
   endloop
 endfacet
 facet normal -6.137067e-01  3.342069e-01  7.153110e-01
   outer loop
     vertex -8.559204e+00  4.121896e+00  4.950000e+01
     vertex -8.106263e+00  4.953634e+00  4.950000e+01
     vertex -8.782216e+00  4.782540e+00  4.900000e+01
   endloop
 endfacet
 facet normal -6.293322e-01  3.226398e-01  7.069969e-01
   outer loop
     vertex -8.559204e+00  4.121896e+00  4.950000e+01
     vertex -8.108720e+00  3.904954e+00  5.000000e+01
     vertex -7.903994e+00  4.304286e+00  5.000000e+01
   endloop
 endfacet
 facet normal -6.446321e-01  2.908691e-01  7.069969e-01
   outer loop
     vertex -8.559204e+00  4.121896e+00  4.950000e+01
     vertex -8.293286e+00  3.495913e+00  5.000000e+01
     vertex -8.108720e+00  3.904954e+00  5.000000e+01
   endloop
 endfacet
 facet normal -6.283727e-01  3.421935e-01  6.986067e-01
   outer loop
     vertex -8.559204e+00  4.121896e+00  4.950000e+01
     vertex -7.903994e+00  4.304286e+00  5.000000e+01
     vertex -8.106263e+00  4.953634e+00  4.950000e+01
   endloop
 endfacet
 facet normal -6.593216e-01  2.779274e-01  6.986067e-01
   outer loop
     vertex -8.927080e+00  3.249191e+00  4.950000e+01
     vertex -8.293286e+00  3.495913e+00  5.000000e+01
     vertex -8.559204e+00  4.121896e+00  4.950000e+01
   endloop
 endfacet
 facet normal -6.583294e-01  2.583753e-01  7.069969e-01
   outer loop
     vertex -8.927080e+00  3.249191e+00  4.950000e+01
     vertex -9.214762e+00  3.884348e+00  4.900000e+01
     vertex -9.396926e+00  3.420201e+00  4.900000e+01
   endloop
 endfacet
 facet normal -6.703900e-01  2.252391e-01  7.069969e-01
   outer loop
     vertex -8.927080e+00  3.249191e+00  4.950000e+01
     vertex -9.396926e+00  3.420201e+00  4.900000e+01
     vertex -9.555728e+00  2.947552e+00  4.900000e+01
   endloop
 endfacet
 facet normal -6.583294e-01  2.583753e-01  7.069969e-01
   outer loop
     vertex -8.927080e+00  3.249191e+00  4.950000e+01
     vertex -8.457234e+00  3.078181e+00  5.000000e+01
     vertex -8.293286e+00  3.495913e+00  5.000000e+01
   endloop
 endfacet
 facet normal -6.703900e-01  2.252391e-01  7.069969e-01
   outer loop
     vertex -8.927080e+00  3.249191e+00  4.950000e+01
     vertex -8.600155e+00  2.652797e+00  5.000000e+01
     vertex -8.457234e+00  3.078181e+00  5.000000e+01
   endloop
 endfacet
 facet normal -6.439333e-01  2.714407e-01  7.153110e-01
   outer loop
     vertex -8.927080e+00  3.249191e+00  4.950000e+01
     vertex -8.559204e+00  4.121896e+00  4.950000e+01
     vertex -9.214762e+00  3.884348e+00  4.900000e+01
   endloop
 endfacet
 facet normal -6.677602e-01  2.059768e-01  7.153110e-01
   outer loop
     vertex -9.206234e+00  2.344195e+00  4.950000e+01
     vertex -8.927080e+00  3.249191e+00  4.950000e+01
     vertex -9.555728e+00  2.947552e+00  4.900000e+01
   endloop
 endfacet
 facet normal -6.837180e-01  2.108991e-01  6.986067e-01
   outer loop
     vertex -9.206234e+00  2.344195e+00  4.950000e+01
     vertex -8.600155e+00  2.652797e+00  5.000000e+01
     vertex -8.927080e+00  3.249191e+00  4.950000e+01
   endloop
 endfacet
 facet normal -6.807839e-01  1.915429e-01  7.069969e-01
   outer loop
     vertex -9.206234e+00  2.344195e+00  4.950000e+01
     vertex -9.555728e+00  2.947552e+00  4.900000e+01
     vertex -9.690773e+00  2.467574e+00  4.900000e+01
   endloop
 endfacet
 facet normal -6.894853e-01  1.573705e-01  7.069969e-01
   outer loop
     vertex -9.206234e+00  2.344195e+00  4.950000e+01
     vertex -9.690773e+00  2.467574e+00  4.900000e+01
     vertex -9.801725e+00  1.981461e+00  4.900000e+01
   endloop
 endfacet
 facet normal -6.807839e-01  1.915429e-01  7.069969e-01
   outer loop
     vertex -9.206234e+00  2.344195e+00  4.950000e+01
     vertex -8.721696e+00  2.220817e+00  5.000000e+01
     vertex -8.600155e+00  2.652797e+00  5.000000e+01
   endloop
 endfacet
 facet normal -6.894853e-01  1.573705e-01  7.069969e-01
   outer loop
     vertex -9.206234e+00  2.344195e+00  4.950000e+01
     vertex -8.821552e+00  1.783315e+00  5.000000e+01
     vertex -8.721696e+00  2.220817e+00  5.000000e+01
   endloop
 endfacet
 facet normal -6.849507e-01  1.384658e-01  7.153110e-01
   outer loop
     vertex -9.393893e+00  1.415902e+00  4.950000e+01
     vertex -9.206234e+00  2.344195e+00  4.950000e+01
     vertex -9.801725e+00  1.981461e+00  4.900000e+01
   endloop
 endfacet
 facet normal -6.964725e-01  1.228069e-01  7.069969e-01
   outer loop
     vertex -9.393893e+00  1.415902e+00  4.950000e+01
     vertex -9.801725e+00  1.981461e+00  4.900000e+01
     vertex -9.888308e+00  1.490423e+00  4.900000e+01
   endloop
 endfacet
 facet normal -7.017281e-01  8.793794e-02  7.069969e-01
   outer loop
     vertex -9.393893e+00  1.415902e+00  4.950000e+01
     vertex -9.888308e+00  1.490423e+00  4.900000e+01
     vertex -9.950308e+00  9.956785e-01  4.900000e+01
   endloop
 endfacet
 facet normal -7.013192e-01  1.417747e-01  6.986067e-01
   outer loop
     vertex -9.393893e+00  1.415902e+00  4.950000e+01
     vertex -8.821552e+00  1.783315e+00  5.000000e+01
     vertex -9.206234e+00  2.344195e+00  4.950000e+01
   endloop
 endfacet
 facet normal -6.964725e-01  1.228069e-01  7.069969e-01
   outer loop
     vertex -9.393893e+00  1.415902e+00  4.950000e+01
     vertex -8.899477e+00  1.341380e+00  5.000000e+01
     vertex -8.821552e+00  1.783315e+00  5.000000e+01
   endloop
 endfacet
 facet normal -7.017281e-01  8.793794e-02  7.069969e-01
   outer loop
     vertex -9.393893e+00  1.415902e+00  4.950000e+01
     vertex -8.955277e+00  8.961106e-01  5.000000e+01
     vertex -8.899477e+00  1.341380e+00  5.000000e+01
   endloop
 endfacet
 facet normal -7.119504e-01  7.124138e-02  6.986067e-01
   outer loop
     vertex -9.488191e+00  4.735359e-01  4.950000e+01
     vertex -8.955277e+00  8.961106e-01  5.000000e+01
     vertex -9.393893e+00  1.415902e+00  4.950000e+01
   endloop
 endfacet
 facet normal -7.052392e-01  5.285037e-02  7.069969e-01
   outer loop
     vertex -9.488191e+00  4.735359e-01  4.950000e+01
     vertex -9.950308e+00  9.956785e-01  4.900000e+01
     vertex -9.987569e+00  4.984589e-01  4.900000e+01
   endloop
 endfacet
 facet normal -7.069969e-01  1.763140e-02  7.069969e-01
   outer loop
     vertex -9.488191e+00  4.735359e-01  4.950000e+01
     vertex -9.987569e+00  4.984589e-01  4.900000e+01
     vertex -1.000000e+01 -3.430249e-14  4.900000e+01
   endloop
 endfacet
 facet normal -6.953337e-01  6.957863e-02  7.153110e-01
   outer loop
     vertex -9.488191e+00  4.735359e-01  4.950000e+01
     vertex -9.393893e+00  1.415902e+00  4.950000e+01
     vertex -9.950308e+00  9.956785e-01  4.900000e+01
   endloop
 endfacet
 facet normal -7.052392e-01  5.285037e-02  7.069969e-01
   outer loop
     vertex -9.488191e+00  4.735359e-01  4.950000e+01
     vertex -8.988812e+00  4.486130e-01  5.000000e+01
     vertex -8.955277e+00  8.961106e-01  5.000000e+01
   endloop
 endfacet
 facet normal -7.069969e-01  1.763140e-02  7.069969e-01
   outer loop
     vertex -9.488191e+00  4.735359e-01  4.950000e+01
     vertex -9.000000e+00 -3.087224e-14  5.000000e+01
     vertex -8.988812e+00  4.486130e-01  5.000000e+01
   endloop
 endfacet
 facet normal -7.069969e-01 -1.763140e-02  7.069969e-01
   outer loop
     vertex -9.488191e+00 -4.735359e-01  4.950000e+01
     vertex -1.000000e+01 -3.430249e-14  4.900000e+01
     vertex -9.987569e+00 -4.984589e-01  4.900000e+01
   endloop
 endfacet
 facet normal -7.052392e-01 -5.285037e-02  7.069969e-01
   outer loop
     vertex -9.488191e+00 -4.735359e-01  4.950000e+01
     vertex -9.987569e+00 -4.984589e-01  4.900000e+01
     vertex -9.950308e+00 -9.956785e-01  4.900000e+01
   endloop
 endfacet
 facet normal -6.988062e-01  1.310702e-15  7.153110e-01
   outer loop
     vertex -9.488191e+00 -4.735359e-01  4.950000e+01
     vertex -9.488191e+00  4.735359e-01  4.950000e+01
     vertex -1.000000e+01 -3.430249e-14  4.900000e+01
   endloop
 endfacet
 facet normal -7.155059e-01  1.342025e-15  6.986067e-01
   outer loop
     vertex -9.488191e+00 -4.735359e-01  4.950000e+01
     vertex -9.000000e+00 -3.087224e-14  5.000000e+01
     vertex -9.488191e+00  4.735359e-01  4.950000e+01
   endloop
 endfacet
 facet normal -7.069969e-01 -1.763140e-02  7.069969e-01
   outer loop
     vertex -9.488191e+00 -4.735359e-01  4.950000e+01
     vertex -8.988812e+00 -4.486130e-01  5.000000e+01
     vertex -9.000000e+00 -3.087224e-14  5.000000e+01
   endloop
 endfacet
 facet normal -7.052392e-01 -5.285037e-02  7.069969e-01
   outer loop
     vertex -9.488191e+00 -4.735359e-01  4.950000e+01
     vertex -8.955277e+00 -8.961106e-01  5.000000e+01
     vertex -8.988812e+00 -4.486130e-01  5.000000e+01
   endloop
 endfacet
 facet normal -7.119504e-01 -7.124138e-02  6.986067e-01
   outer loop
     vertex -9.393893e+00 -1.415902e+00  4.950000e+01
     vertex -8.955277e+00 -8.961106e-01  5.000000e+01
     vertex -9.488191e+00 -4.735359e-01  4.950000e+01
   endloop
 endfacet
 facet normal -7.017281e-01 -8.793794e-02  7.069969e-01
   outer loop
     vertex -9.393893e+00 -1.415902e+00  4.950000e+01
     vertex -9.950308e+00 -9.956785e-01  4.900000e+01
     vertex -9.888308e+00 -1.490423e+00  4.900000e+01
   endloop
 endfacet
 facet normal -6.964725e-01 -1.228069e-01  7.069969e-01
   outer loop
     vertex -9.393893e+00 -1.415902e+00  4.950000e+01
     vertex -9.888308e+00 -1.490423e+00  4.900000e+01
     vertex -9.801725e+00 -1.981461e+00  4.900000e+01
   endloop
 endfacet
 facet normal -6.953337e-01 -6.957863e-02  7.153110e-01
   outer loop
     vertex -9.393893e+00 -1.415902e+00  4.950000e+01
     vertex -9.488191e+00 -4.735359e-01  4.950000e+01
     vertex -9.950308e+00 -9.956785e-01  4.900000e+01
   endloop
 endfacet
 facet normal -7.017281e-01 -8.793794e-02  7.069969e-01
   outer loop
     vertex -9.393893e+00 -1.415902e+00  4.950000e+01
     vertex -8.899477e+00 -1.341380e+00  5.000000e+01
     vertex -8.955277e+00 -8.961106e-01  5.000000e+01
   endloop
 endfacet
 facet normal -6.964725e-01 -1.228069e-01  7.069969e-01
   outer loop
     vertex -9.393893e+00 -1.415902e+00  4.950000e+01
     vertex -8.821552e+00 -1.783315e+00  5.000000e+01
     vertex -8.899477e+00 -1.341380e+00  5.000000e+01
   endloop
 endfacet
 facet normal -7.013192e-01 -1.417747e-01  6.986067e-01
   outer loop
     vertex -9.206234e+00 -2.344195e+00  4.950000e+01
     vertex -8.821552e+00 -1.783315e+00  5.000000e+01
     vertex -9.393893e+00 -1.415902e+00  4.950000e+01
   endloop
 endfacet
 facet normal -6.849507e-01 -1.384658e-01  7.153110e-01
   outer loop
     vertex -9.206234e+00 -2.344195e+00  4.950000e+01
     vertex -9.393893e+00 -1.415902e+00  4.950000e+01
     vertex -9.801725e+00 -1.981461e+00  4.900000e+01
   endloop
 endfacet
 facet normal -6.894853e-01 -1.573705e-01  7.069969e-01
   outer loop
     vertex -9.206234e+00 -2.344195e+00  4.950000e+01
     vertex -9.801725e+00 -1.981461e+00  4.900000e+01
     vertex -9.690773e+00 -2.467574e+00  4.900000e+01
   endloop
 endfacet
 facet normal -6.807839e-01 -1.915429e-01  7.069969e-01
   outer loop
     vertex -9.206234e+00 -2.344195e+00  4.950000e+01
     vertex -9.690773e+00 -2.467574e+00  4.900000e+01
     vertex -9.555728e+00 -2.947552e+00  4.900000e+01
   endloop
 endfacet
 facet normal -6.894853e-01 -1.573705e-01  7.069969e-01
   outer loop
     vertex -9.206234e+00 -2.344195e+00  4.950000e+01
     vertex -8.721696e+00 -2.220817e+00  5.000000e+01
     vertex -8.821552e+00 -1.783315e+00  5.000000e+01
   endloop
 endfacet
 facet normal -6.807839e-01 -1.915429e-01  7.069969e-01
   outer loop
     vertex -9.206234e+00 -2.344195e+00  4.950000e+01
     vertex -8.600155e+00 -2.652797e+00  5.000000e+01
     vertex -8.721696e+00 -2.220817e+00  5.000000e+01
   endloop
 endfacet
 facet normal -6.677602e-01 -2.059768e-01  7.153110e-01
   outer loop
     vertex -8.927080e+00 -3.249191e+00  4.950000e+01
     vertex -9.206234e+00 -2.344195e+00  4.950000e+01
     vertex -9.555728e+00 -2.947552e+00  4.900000e+01
   endloop
 endfacet
 facet normal -6.703900e-01 -2.252391e-01  7.069969e-01
   outer loop
     vertex -8.927080e+00 -3.249191e+00  4.950000e+01
     vertex -9.555728e+00 -2.947552e+00  4.900000e+01
     vertex -9.396926e+00 -3.420201e+00  4.900000e+01
   endloop
 endfacet
 facet normal -6.583294e-01 -2.583753e-01  7.069969e-01
   outer loop
     vertex -8.927080e+00 -3.249191e+00  4.950000e+01
     vertex -9.396926e+00 -3.420201e+00  4.900000e+01
     vertex -9.214762e+00 -3.884348e+00  4.900000e+01
   endloop
 endfacet
 facet normal -6.837180e-01 -2.108991e-01  6.986067e-01
   outer loop
     vertex -8.927080e+00 -3.249191e+00  4.950000e+01
     vertex -8.600155e+00 -2.652797e+00  5.000000e+01
     vertex -9.206234e+00 -2.344195e+00  4.950000e+01
   endloop
 endfacet
 facet normal -6.703900e-01 -2.252391e-01  7.069969e-01
   outer loop
     vertex -8.927080e+00 -3.249191e+00  4.950000e+01
     vertex -8.457234e+00 -3.078181e+00  5.000000e+01
     vertex -8.600155e+00 -2.652797e+00  5.000000e+01
   endloop
 endfacet
 facet normal -6.583294e-01 -2.583753e-01  7.069969e-01
   outer loop
     vertex -8.927080e+00 -3.249191e+00  4.950000e+01
     vertex -8.293286e+00 -3.495913e+00  5.000000e+01
     vertex -8.457234e+00 -3.078181e+00  5.000000e+01
   endloop
 endfacet
 facet normal -6.446321e-01 -2.908691e-01  7.069969e-01
   outer loop
     vertex -8.559204e+00 -4.121896e+00  4.950000e+01
     vertex -8.108720e+00 -3.904954e+00  5.000000e+01
     vertex -8.293286e+00 -3.495913e+00  5.000000e+01
   endloop
 endfacet
 facet normal -6.293322e-01 -3.226398e-01  7.069969e-01
   outer loop
     vertex -8.559204e+00 -4.121896e+00  4.950000e+01
     vertex -7.903994e+00 -4.304286e+00  5.000000e+01
     vertex -8.108720e+00 -3.904954e+00  5.000000e+01
   endloop
 endfacet
 facet normal -6.593216e-01 -2.779274e-01  6.986067e-01
   outer loop
     vertex -8.559204e+00 -4.121896e+00  4.950000e+01
     vertex -8.293286e+00 -3.495913e+00  5.000000e+01
     vertex -8.927080e+00 -3.249191e+00  4.950000e+01
   endloop
 endfacet
 facet normal -6.439333e-01 -2.714407e-01  7.153110e-01
   outer loop
     vertex -8.559204e+00 -4.121896e+00  4.950000e+01
     vertex -8.927080e+00 -3.249191e+00  4.950000e+01
     vertex -9.214762e+00 -3.884348e+00  4.900000e+01
   endloop
 endfacet
 facet normal -6.446321e-01 -2.908691e-01  7.069969e-01
   outer loop
     vertex -8.559204e+00 -4.121896e+00  4.950000e+01
     vertex -9.214762e+00 -3.884348e+00  4.900000e+01
     vertex -9.009689e+00 -4.338837e+00  4.900000e+01
   endloop
 endfacet
 facet normal -6.293322e-01 -3.226398e-01  7.069969e-01
   outer loop
     vertex -8.559204e+00 -4.121896e+00  4.950000e+01
     vertex -9.009689e+00 -4.338837e+00  4.900000e+01
     vertex -8.782216e+00 -4.782540e+00  4.900000e+01
   endloop
 endfacet
 facet normal -6.137067e-01 -3.342069e-01  7.153110e-01
   outer loop
     vertex -8.106263e+00 -4.953634e+00  4.950000e+01
     vertex -8.559204e+00 -4.121896e+00  4.950000e+01
     vertex -8.782216e+00 -4.782540e+00  4.900000e+01
   endloop
 endfacet
 facet normal -6.124676e-01 -3.536083e-01  7.069969e-01
   outer loop
     vertex -8.106263e+00 -4.953634e+00  4.950000e+01
     vertex -7.679618e+00 -4.692917e+00  5.000000e+01
     vertex -7.903994e+00 -4.304286e+00  5.000000e+01
   endloop
 endfacet
 facet normal -5.940803e-01 -3.836978e-01  7.069969e-01
   outer loop
     vertex -8.106263e+00 -4.953634e+00  4.950000e+01
     vertex -7.436149e+00 -5.069881e+00  5.000000e+01
     vertex -7.679618e+00 -4.692917e+00  5.000000e+01
   endloop
 endfacet
 facet normal -6.283727e-01 -3.421935e-01  6.986067e-01
   outer loop
     vertex -8.106263e+00 -4.953634e+00  4.950000e+01
     vertex -7.903994e+00 -4.304286e+00  5.000000e+01
     vertex -8.559204e+00 -4.121896e+00  4.950000e+01
   endloop
 endfacet
 facet normal -6.124676e-01 -3.536083e-01  7.069969e-01
   outer loop
     vertex -8.106263e+00 -4.953634e+00  4.950000e+01
     vertex -8.782216e+00 -4.782540e+00  4.900000e+01
     vertex -8.532909e+00 -5.214352e+00  4.900000e+01
   endloop
 endfacet
 facet normal -5.940803e-01 -3.836978e-01  7.069969e-01
   outer loop
     vertex -8.106263e+00 -4.953634e+00  4.950000e+01
     vertex -8.532909e+00 -5.214352e+00  4.900000e+01
     vertex -8.262388e+00 -5.633201e+00  4.900000e+01
   endloop
 endfacet
 facet normal -5.742161e-01 -4.128333e-01  7.069969e-01
   outer loop
     vertex -7.572759e+00 -5.736142e+00  4.950000e+01
     vertex -7.174193e+00 -5.434240e+00  5.000000e+01
     vertex -7.436149e+00 -5.069881e+00  5.000000e+01
   endloop
 endfacet
 facet normal -5.529243e-01 -4.409424e-01  7.069969e-01
   outer loop
     vertex -7.572759e+00 -5.736142e+00  4.950000e+01
     vertex -6.894400e+00 -5.785088e+00  5.000000e+01
     vertex -7.174193e+00 -5.434240e+00  5.000000e+01
   endloop
 endfacet
 facet normal -5.911787e-01 -4.030588e-01  6.986067e-01
   outer loop
     vertex -7.572759e+00 -5.736142e+00  4.950000e+01
     vertex -7.436149e+00 -5.069881e+00  5.000000e+01
     vertex -8.106263e+00 -4.953634e+00  4.950000e+01
   endloop
 endfacet
 facet normal -5.773808e-01 -3.936516e-01  7.153110e-01
   outer loop
     vertex -7.572759e+00 -5.736142e+00  4.950000e+01
     vertex -8.106263e+00 -4.953634e+00  4.950000e+01
     vertex -8.262388e+00 -5.633201e+00  4.900000e+01
   endloop
 endfacet
 facet normal -5.742161e-01 -4.128333e-01  7.069969e-01
   outer loop
     vertex -7.572759e+00 -5.736142e+00  4.950000e+01
     vertex -8.262388e+00 -5.633201e+00  4.900000e+01
     vertex -7.971325e+00 -6.038044e+00  4.900000e+01
   endloop
 endfacet
 facet normal -5.529243e-01 -4.409424e-01  7.069969e-01
   outer loop
     vertex -7.572759e+00 -5.736142e+00  4.950000e+01
     vertex -7.971325e+00 -6.038044e+00  4.900000e+01
     vertex -7.660444e+00 -6.427876e+00  4.900000e+01
   endloop
 endfacet
 facet normal -5.302578e-01 -4.679553e-01  7.069969e-01
   outer loop
     vertex -6.963993e+00 -6.461641e+00  4.950000e+01
     vertex -6.597467e+00 -6.121555e+00  5.000000e+01
     vertex -6.894400e+00 -5.785088e+00  5.000000e+01
   endloop
 endfacet
 facet normal -5.062730e-01 -4.938047e-01  7.069969e-01
   outer loop
     vertex -6.963993e+00 -6.461641e+00  4.950000e+01
     vertex -6.284131e+00 -6.442802e+00  5.000000e+01
     vertex -6.597467e+00 -6.121555e+00  5.000000e+01
   endloop
 endfacet
 facet normal -5.353166e-01 -4.491840e-01  7.153110e-01
   outer loop
     vertex -6.963993e+00 -6.461641e+00  4.950000e+01
     vertex -7.572759e+00 -5.736142e+00  4.950000e+01
     vertex -7.660444e+00 -6.427876e+00  4.900000e+01
   endloop
 endfacet
 facet normal -5.302578e-01 -4.679553e-01  7.069969e-01
   outer loop
     vertex -6.963993e+00 -6.461641e+00  4.950000e+01
     vertex -7.660444e+00 -6.427876e+00  4.900000e+01
     vertex -7.330519e+00 -6.801727e+00  4.900000e+01
   endloop
 endfacet
 facet normal -5.062730e-01 -4.938047e-01  7.069969e-01
   outer loop
     vertex -6.963993e+00 -6.461641e+00  4.950000e+01
     vertex -7.330519e+00 -6.801727e+00  4.900000e+01
     vertex -6.982368e+00 -7.158668e+00  4.900000e+01
   endloop
 endfacet
 facet normal -5.481093e-01 -4.599183e-01  6.986067e-01
   outer loop
     vertex -6.963993e+00 -6.461641e+00  4.950000e+01
     vertex -6.894400e+00 -5.785088e+00  5.000000e+01
     vertex -7.572759e+00 -5.736142e+00  4.950000e+01
   endloop
 endfacet
 facet normal -4.810295e-01 -5.184265e-01  7.069969e-01
   outer loop
     vertex -6.286015e+00 -7.122921e+00  4.950000e+01
     vertex -5.955173e+00 -6.748031e+00  5.000000e+01
     vertex -6.284131e+00 -6.442802e+00  5.000000e+01
   endloop
 endfacet
 facet normal -4.545901e-01 -5.417594e-01  7.069969e-01
   outer loop
     vertex -6.286015e+00 -7.122921e+00  4.950000e+01
     vertex -5.611408e+00 -7.036483e+00  5.000000e+01
     vertex -5.955173e+00 -6.748031e+00  5.000000e+01
   endloop
 endfacet
 facet normal -4.995926e-01 -5.122069e-01  6.986067e-01
   outer loop
     vertex -6.286015e+00 -7.122921e+00  4.950000e+01
     vertex -6.284131e+00 -6.442802e+00  5.000000e+01
     vertex -6.963993e+00 -6.461641e+00  4.950000e+01
   endloop
 endfacet
 facet normal -4.810295e-01 -5.184265e-01  7.069969e-01
   outer loop
     vertex -6.286015e+00 -7.122921e+00  4.950000e+01
     vertex -6.982368e+00 -7.158668e+00  4.900000e+01
     vertex -6.616858e+00 -7.497812e+00  4.900000e+01
   endloop
 endfacet
 facet normal -4.545901e-01 -5.417594e-01  7.069969e-01
   outer loop
     vertex -6.286015e+00 -7.122921e+00  4.950000e+01
     vertex -6.616858e+00 -7.497812e+00  4.900000e+01
     vertex -6.234898e+00 -7.818315e+00  4.900000e+01
   endloop
 endfacet
 facet normal -4.879323e-01 -5.002522e-01  7.153110e-01
   outer loop
     vertex -6.286015e+00 -7.122921e+00  4.950000e+01
     vertex -6.963993e+00 -6.461641e+00  4.950000e+01
     vertex -6.982368e+00 -7.158668e+00  4.900000e+01
   endloop
 endfacet
 facet normal -4.270206e-01 -5.637454e-01  7.069969e-01
   outer loop
     vertex -5.545565e+00 -7.713411e+00  4.950000e+01
     vertex -5.253693e+00 -7.307442e+00  5.000000e+01
     vertex -5.611408e+00 -7.036483e+00  5.000000e+01
   endloop
 endfacet
 facet normal -3.983893e-01 -5.843298e-01  7.069969e-01
   outer loop
     vertex -5.545565e+00 -7.713411e+00  4.950000e+01
     vertex -4.882916e+00 -7.560233e+00  5.000000e+01
     vertex -5.253693e+00 -7.307442e+00  5.000000e+01
   endloop
 endfacet
 facet normal -4.270206e-01 -5.637454e-01  7.069969e-01
   outer loop
     vertex -5.545565e+00 -7.713411e+00  4.950000e+01
     vertex -6.234898e+00 -7.818315e+00  4.900000e+01
     vertex -5.837437e+00 -8.119380e+00  4.900000e+01
   endloop
 endfacet
 facet normal -3.983893e-01 -5.843298e-01  7.069969e-01
   outer loop
     vertex -5.545565e+00 -7.713411e+00  4.950000e+01
     vertex -5.837437e+00 -8.119380e+00  4.900000e+01
     vertex -5.425463e+00 -8.400259e+00  4.900000e+01
   endloop
 endfacet
 facet normal -4.461106e-01 -5.594050e-01  6.986067e-01
   outer loop
     vertex -5.545565e+00 -7.713411e+00  4.950000e+01
     vertex -5.611408e+00 -7.036483e+00  5.000000e+01
     vertex -6.286015e+00 -7.122921e+00  4.950000e+01
   endloop
 endfacet
 facet normal -4.356986e-01 -5.463487e-01  7.153110e-01
   outer loop
     vertex -5.545565e+00 -7.713411e+00  4.950000e+01
     vertex -6.286015e+00 -7.122921e+00  4.950000e+01
     vertex -6.234898e+00 -7.818315e+00  4.900000e+01
   endloop
 endfacet
 facet normal -3.687677e-01 -6.034615e-01  7.069969e-01
   outer loop
     vertex -4.750000e+00 -8.227241e+00  4.950000e+01
     vertex -4.500000e+00 -7.794229e+00  5.000000e+01
     vertex -4.882916e+00 -7.560233e+00  5.000000e+01
   endloop
 endfacet
 facet normal -3.382292e-01 -6.210929e-01  7.069969e-01
   outer loop
     vertex -4.750000e+00 -8.227241e+00  4.950000e+01
     vertex -4.105896e+00 -8.008846e+00  5.000000e+01
     vertex -4.500000e+00 -7.794229e+00  5.000000e+01
   endloop
 endfacet
 facet normal -3.791347e-01 -5.870154e-01  7.153110e-01
   outer loop
     vertex -4.750000e+00 -8.227241e+00  4.950000e+01
     vertex -5.545565e+00 -7.713411e+00  4.950000e+01
     vertex -5.425463e+00 -8.400259e+00  4.900000e+01
   endloop
 endfacet
 facet normal -3.881950e-01 -6.010435e-01  6.986067e-01
   outer loop
     vertex -4.750000e+00 -8.227241e+00  4.950000e+01
     vertex -4.882916e+00 -7.560233e+00  5.000000e+01
     vertex -5.545565e+00 -7.713411e+00  4.950000e+01
   endloop
 endfacet
 facet normal -3.687677e-01 -6.034615e-01  7.069969e-01
   outer loop
     vertex -4.750000e+00 -8.227241e+00  4.950000e+01
     vertex -5.425463e+00 -8.400259e+00  4.900000e+01
     vertex -5.000000e+00 -8.660254e+00  4.900000e+01
   endloop
 endfacet
 facet normal -3.382292e-01 -6.210929e-01  7.069969e-01
   outer loop
     vertex -4.750000e+00 -8.227241e+00  4.950000e+01
     vertex -5.000000e+00 -8.660254e+00  4.900000e+01
     vertex -4.562107e+00 -8.898718e+00  4.900000e+01
   endloop
 endfacet
 facet normal -3.188029e-01 -6.218480e-01  7.153110e-01
   outer loop
     vertex -3.907227e+00 -8.659306e+00  4.950000e+01
     vertex -4.750000e+00 -8.227241e+00  4.950000e+01
     vertex -4.562107e+00 -8.898718e+00  4.900000e+01
   endloop
 endfacet
 facet normal -3.068498e-01 -6.371802e-01  7.069969e-01
   outer loop
     vertex -3.907227e+00 -8.659306e+00  4.950000e+01
     vertex -3.701584e+00 -8.203553e+00  5.000000e+01
     vertex -4.105896e+00 -8.008846e+00  5.000000e+01
   endloop
 endfacet
 facet normal -2.747076e-01 -6.516833e-01  7.069969e-01
   outer loop
     vertex -3.907227e+00 -8.659306e+00  4.950000e+01
     vertex -3.288069e+00 -8.377864e+00  5.000000e+01
     vertex -3.701584e+00 -8.203553e+00  5.000000e+01
   endloop
 endfacet
 facet normal -3.264214e-01 -6.367085e-01  6.986067e-01
   outer loop
     vertex -3.907227e+00 -8.659306e+00  4.950000e+01
     vertex -4.105896e+00 -8.008846e+00  5.000000e+01
     vertex -4.750000e+00 -8.227241e+00  4.950000e+01
   endloop
 endfacet
 facet normal -3.068498e-01 -6.371802e-01  7.069969e-01
   outer loop
     vertex -3.907227e+00 -8.659306e+00  4.950000e+01
     vertex -4.562107e+00 -8.898718e+00  4.900000e+01
     vertex -4.112871e+00 -9.115059e+00  4.900000e+01
   endloop
 endfacet
 facet normal -2.747076e-01 -6.516833e-01  7.069969e-01
   outer loop
     vertex -3.907227e+00 -8.659306e+00  4.950000e+01
     vertex -4.112871e+00 -9.115059e+00  4.900000e+01
     vertex -3.653410e+00 -9.308737e+00  4.900000e+01
   endloop
 endfacet
 facet normal -2.418824e-01 -6.645663e-01  7.069969e-01
   outer loop
     vertex -3.025623e+00 -9.005310e+00  4.950000e+01
     vertex -2.866380e+00 -8.531346e+00  5.000000e+01
     vertex -3.288069e+00 -8.377864e+00  5.000000e+01
   endloop
 endfacet
 facet normal -2.084558e-01 -6.757970e-01  7.069969e-01
   outer loop
     vertex -3.025623e+00 -9.005310e+00  4.950000e+01
     vertex -2.437564e+00 -8.663618e+00  5.000000e+01
     vertex -2.866380e+00 -8.531346e+00  5.000000e+01
   endloop
 endfacet
 facet normal -2.614037e-01 -6.660456e-01  6.986067e-01
   outer loop
     vertex -3.025623e+00 -9.005310e+00  4.950000e+01
     vertex -3.288069e+00 -8.377864e+00  5.000000e+01
     vertex -3.907227e+00 -8.659306e+00  4.950000e+01
   endloop
 endfacet
 facet normal -2.553026e-01 -6.505004e-01  7.153110e-01
   outer loop
     vertex -3.025623e+00 -9.005310e+00  4.950000e+01
     vertex -3.907227e+00 -8.659306e+00  4.950000e+01
     vertex -3.653410e+00 -9.308737e+00  4.900000e+01
   endloop
 endfacet
 facet normal -2.418824e-01 -6.645663e-01  7.069969e-01
   outer loop
     vertex -3.025623e+00 -9.005310e+00  4.950000e+01
     vertex -3.653410e+00 -9.308737e+00  4.900000e+01
     vertex -3.184867e+00 -9.479273e+00  4.900000e+01
   endloop
 endfacet
 facet normal -2.084558e-01 -6.757970e-01  7.069969e-01
   outer loop
     vertex -3.025623e+00 -9.005310e+00  4.950000e+01
     vertex -3.184867e+00 -9.479273e+00  4.900000e+01
     vertex -2.708405e+00 -9.626242e+00  4.900000e+01
   endloop
 endfacet
 facet normal -1.745109e-01 -6.853476e-01  7.069969e-01
   outer loop
     vertex -2.113949e+00 -9.261815e+00  4.950000e+01
     vertex -2.002688e+00 -8.774351e+00  5.000000e+01
     vertex -2.437564e+00 -8.663618e+00  5.000000e+01
   endloop
 endfacet
 facet normal -1.401323e-01 -6.931943e-01  7.069969e-01
   outer loop
     vertex -2.113949e+00 -9.261815e+00  4.950000e+01
     vertex -1.562834e+00 -8.863270e+00  5.000000e+01
     vertex -2.002688e+00 -8.774351e+00  5.000000e+01
   endloop
 endfacet
 facet normal -1.892650e-01 -6.726878e-01  7.153110e-01
   outer loop
     vertex -2.113949e+00 -9.261815e+00  4.950000e+01
     vertex -3.025623e+00 -9.005310e+00  4.950000e+01
     vertex -2.708405e+00 -9.626242e+00  4.900000e+01
   endloop
 endfacet
 facet normal -1.937879e-01 -6.887633e-01  6.986067e-01
   outer loop
     vertex -2.113949e+00 -9.261815e+00  4.950000e+01
     vertex -2.437564e+00 -8.663618e+00  5.000000e+01
     vertex -3.025623e+00 -9.005310e+00  4.950000e+01
   endloop
 endfacet
 facet normal -1.745109e-01 -6.853476e-01  7.069969e-01
   outer loop
     vertex -2.113949e+00 -9.261815e+00  4.950000e+01
     vertex -2.708405e+00 -9.626242e+00  4.900000e+01
     vertex -2.225209e+00 -9.749279e+00  4.900000e+01
   endloop
 endfacet
 facet normal -1.401323e-01 -6.931943e-01  7.069969e-01
   outer loop
     vertex -2.113949e+00 -9.261815e+00  4.950000e+01
     vertex -2.225209e+00 -9.749279e+00  4.900000e+01
     vertex -1.736482e+00 -9.848078e+00  4.900000e+01
   endloop
 endfacet
 facet normal -1.054052e-01 -6.993177e-01  7.069969e-01
   outer loop
     vertex -1.181265e+00 -9.426272e+00  4.950000e+01
     vertex -1.119093e+00 -8.930153e+00  5.000000e+01
     vertex -1.562834e+00 -8.863270e+00  5.000000e+01
   endloop
 endfacet
 facet normal -7.041604e-02 -7.037024e-01  7.069969e-01
   outer loop
     vertex -1.181265e+00 -9.426272e+00  4.950000e+01
     vertex -6.725708e-01 -8.974834e+00  5.000000e+01
     vertex -1.119093e+00 -8.930153e+00  5.000000e+01
   endloop
 endfacet
 facet normal -1.242463e-01 -7.046357e-01  6.986067e-01
   outer loop
     vertex -1.181265e+00 -9.426272e+00  4.950000e+01
     vertex -1.562834e+00 -8.863270e+00  5.000000e+01
     vertex -2.113949e+00 -9.261815e+00  4.950000e+01
   endloop
 endfacet
 facet normal -1.213464e-01 -6.881898e-01  7.153110e-01
   outer loop
     vertex -1.181265e+00 -9.426272e+00  4.950000e+01
     vertex -2.113949e+00 -9.261815e+00  4.950000e+01
     vertex -1.736482e+00 -9.848078e+00  4.900000e+01
   endloop
 endfacet
 facet normal -1.054052e-01 -6.993177e-01  7.069969e-01
   outer loop
     vertex -1.181265e+00 -9.426272e+00  4.950000e+01
     vertex -1.736482e+00 -9.848078e+00  4.900000e+01
     vertex -1.243437e+00 -9.922392e+00  4.900000e+01
   endloop
 endfacet
 facet normal -7.041604e-02 -7.037024e-01  7.069969e-01
   outer loop
     vertex -1.181265e+00 -9.426272e+00  4.950000e+01
     vertex -1.243437e+00 -9.922392e+00  4.900000e+01
     vertex -7.473009e-01 -9.972038e+00  4.900000e+01
   endloop
 endfacet
 facet normal -3.525184e-02 -7.063376e-01  7.069969e-01
   outer loop
     vertex -2.368416e-01 -9.497047e+00  4.950000e+01
     vertex -2.243762e-01 -8.997203e+00  5.000000e+01
     vertex -6.725708e-01 -8.974834e+00  5.000000e+01
   endloop
 endfacet
 facet normal  5.598941e-15 -7.072167e-01  7.069969e-01
   outer loop
     vertex -2.368416e-01 -9.497047e+00  4.950000e+01
     vertex  2.243762e-01 -8.997203e+00  5.000000e+01
     vertex -2.243762e-01 -8.997203e+00  5.000000e+01
   endloop
 endfacet
 facet normal -5.222186e-02 -6.968522e-01  7.153110e-01
   outer loop
     vertex -2.368416e-01 -9.497047e+00  4.950000e+01
     vertex -1.181265e+00 -9.426272e+00  4.950000e+01
     vertex -7.473009e-01 -9.972038e+00  4.900000e+01
   endloop
 endfacet
 facet normal -5.346982e-02 -7.135052e-01  6.986067e-01
   outer loop
     vertex -2.368416e-01 -9.497047e+00  4.950000e+01
     vertex -6.725708e-01 -8.974834e+00  5.000000e+01
     vertex -1.181265e+00 -9.426272e+00  4.950000e+01
   endloop
 endfacet
 facet normal -3.525184e-02 -7.063376e-01  7.069969e-01
   outer loop
     vertex -2.368416e-01 -9.497047e+00  4.950000e+01
     vertex -7.473009e-01 -9.972038e+00  4.900000e+01
     vertex -2.493069e-01 -9.996892e+00  4.900000e+01
   endloop
 endfacet
 facet normal  5.039047e-15 -7.072167e-01  7.069969e-01
   outer loop
     vertex -2.368416e-01 -9.497047e+00  4.950000e+01
     vertex -2.493069e-01 -9.996892e+00  4.900000e+01
     vertex  2.493069e-01 -9.996892e+00  4.900000e+01
   endloop
 endfacet
 facet normal  3.525184e-02 -7.063376e-01  7.069969e-01
   outer loop
     vertex  7.099359e-01 -9.473436e+00  4.950000e+01
     vertex  6.725708e-01 -8.974834e+00  5.000000e+01
     vertex  2.243762e-01 -8.997203e+00  5.000000e+01
   endloop
 endfacet
 facet normal  7.041604e-02 -7.037024e-01  7.069969e-01
   outer loop
     vertex  7.099359e-01 -9.473436e+00  4.950000e+01
     vertex  1.119093e+00 -8.930153e+00  5.000000e+01
     vertex  6.725708e-01 -8.974834e+00  5.000000e+01
   endloop
 endfacet
 facet normal  1.783806e-02 -7.152835e-01  6.986067e-01
   outer loop
     vertex  7.099359e-01 -9.473436e+00  4.950000e+01
     vertex  2.243762e-01 -8.997203e+00  5.000000e+01
     vertex -2.368416e-01 -9.497047e+00  4.950000e+01
   endloop
 endfacet
 facet normal  1.742172e-02 -6.985890e-01  7.153110e-01
   outer loop
     vertex  7.099359e-01 -9.473436e+00  4.950000e+01
     vertex -2.368416e-01 -9.497047e+00  4.950000e+01
     vertex  2.493069e-01 -9.996892e+00  4.900000e+01
   endloop
 endfacet
 facet normal  3.525184e-02 -7.063376e-01  7.069969e-01
   outer loop
     vertex  7.099359e-01 -9.473436e+00  4.950000e+01
     vertex  2.493069e-01 -9.996892e+00  4.900000e+01
     vertex  7.473009e-01 -9.972038e+00  4.900000e+01
   endloop
 endfacet
 facet normal  7.041604e-02 -7.037024e-01  7.069969e-01
   outer loop
     vertex  7.099359e-01 -9.473436e+00  4.950000e+01
     vertex  7.473009e-01 -9.972038e+00  4.900000e+01
     vertex  1.243437e+00 -9.922392e+00  4.900000e+01
   endloop
 endfacet
 facet normal  1.401323e-01 -6.931943e-01  7.069969e-01
   outer loop
     vertex  1.649658e+00 -9.355674e+00  4.950000e+01
     vertex  1.736482e+00 -9.848078e+00  4.900000e+01
     vertex  2.225209e+00 -9.749279e+00  4.900000e+01
   endloop
 endfacet
 facet normal  8.896865e-02 -7.099530e-01  6.986067e-01
   outer loop
     vertex  1.649658e+00 -9.355674e+00  4.950000e+01
     vertex  1.119093e+00 -8.930153e+00  5.000000e+01
     vertex  7.099359e-01 -9.473436e+00  4.950000e+01
   endloop
 endfacet
 facet normal  1.054052e-01 -6.993177e-01  7.069969e-01
   outer loop
     vertex  1.649658e+00 -9.355674e+00  4.950000e+01
     vertex  1.562834e+00 -8.863270e+00  5.000000e+01
     vertex  1.119093e+00 -8.930153e+00  5.000000e+01
   endloop
 endfacet
 facet normal  1.401323e-01 -6.931943e-01  7.069969e-01
   outer loop
     vertex  1.649658e+00 -9.355674e+00  4.950000e+01
     vertex  2.002688e+00 -8.774351e+00  5.000000e+01
     vertex  1.562834e+00 -8.863270e+00  5.000000e+01
   endloop
 endfacet
 facet normal  8.689216e-02 -6.933830e-01  7.153110e-01
   outer loop
     vertex  1.649658e+00 -9.355674e+00  4.950000e+01
     vertex  7.099359e-01 -9.473436e+00  4.950000e+01
     vertex  1.243437e+00 -9.922392e+00  4.900000e+01
   endloop
 endfacet
 facet normal  1.054052e-01 -6.993177e-01  7.069969e-01
   outer loop
     vertex  1.649658e+00 -9.355674e+00  4.950000e+01
     vertex  1.243437e+00 -9.922392e+00  4.900000e+01
     vertex  1.736482e+00 -9.848078e+00  4.900000e+01
   endloop
 endfacet
 facet normal  1.745109e-01 -6.853476e-01  7.069969e-01
   outer loop
     vertex  2.572984e+00 -9.144930e+00  4.950000e+01
     vertex  2.225209e+00 -9.749279e+00  4.900000e+01
     vertex  2.708405e+00 -9.626242e+00  4.900000e+01
   endloop
 endfacet
 facet normal  2.084558e-01 -6.757970e-01  7.069969e-01
   outer loop
     vertex  2.572984e+00 -9.144930e+00  4.950000e+01
     vertex  2.708405e+00 -9.626242e+00  4.900000e+01
     vertex  3.184867e+00 -9.479273e+00  4.900000e+01
   endloop
 endfacet
 facet normal  1.592150e-01 -6.975667e-01  6.986067e-01
   outer loop
     vertex  2.572984e+00 -9.144930e+00  4.950000e+01
     vertex  2.002688e+00 -8.774351e+00  5.000000e+01
     vertex  1.649658e+00 -9.355674e+00  4.950000e+01
   endloop
 endfacet
 facet normal  1.745109e-01 -6.853476e-01  7.069969e-01
   outer loop
     vertex  2.572984e+00 -9.144930e+00  4.950000e+01
     vertex  2.437564e+00 -8.663618e+00  5.000000e+01
     vertex  2.002688e+00 -8.774351e+00  5.000000e+01
   endloop
 endfacet
 facet normal  2.084558e-01 -6.757970e-01  7.069969e-01
   outer loop
     vertex  2.572984e+00 -9.144930e+00  4.950000e+01
     vertex  2.866380e+00 -8.531346e+00  5.000000e+01
     vertex  2.437564e+00 -8.663618e+00  5.000000e+01
   endloop
 endfacet
 facet normal  1.554990e-01 -6.812857e-01  7.153110e-01
   outer loop
     vertex  2.572984e+00 -9.144930e+00  4.950000e+01
     vertex  1.649658e+00 -9.355674e+00  4.950000e+01
     vertex  2.225209e+00 -9.749279e+00  4.900000e+01
   endloop
 endfacet
 facet normal  2.418824e-01 -6.645663e-01  7.069969e-01
   outer loop
     vertex  3.470740e+00 -8.843301e+00  4.950000e+01
     vertex  3.184867e+00 -9.479273e+00  4.900000e+01
     vertex  3.653410e+00 -9.308737e+00  4.900000e+01
   endloop
 endfacet
 facet normal  2.747076e-01 -6.516833e-01  7.069969e-01
   outer loop
     vertex  3.470740e+00 -8.843301e+00  4.950000e+01
     vertex  3.653410e+00 -9.308737e+00  4.900000e+01
     vertex  4.112871e+00 -9.115059e+00  4.900000e+01
   endloop
 endfacet
 facet normal  2.418824e-01 -6.645663e-01  7.069969e-01
   outer loop
     vertex  3.470740e+00 -8.843301e+00  4.950000e+01
     vertex  3.288069e+00 -8.377864e+00  5.000000e+01
     vertex  2.866380e+00 -8.531346e+00  5.000000e+01
   endloop
 endfacet
 facet normal  2.747076e-01 -6.516833e-01  7.069969e-01
   outer loop
     vertex  3.470740e+00 -8.843301e+00  4.950000e+01
     vertex  3.701584e+00 -8.203553e+00  5.000000e+01
     vertex  3.288069e+00 -8.377864e+00  5.000000e+01
   endloop
 endfacet
 facet normal  2.225605e-01 -6.624176e-01  7.153110e-01
   outer loop
     vertex  3.470740e+00 -8.843301e+00  4.950000e+01
     vertex  2.572984e+00 -9.144930e+00  4.950000e+01
     vertex  3.184867e+00 -9.479273e+00  4.900000e+01
   endloop
 endfacet
 facet normal  2.278791e-01 -6.782476e-01  6.986067e-01
   outer loop
     vertex  3.470740e+00 -8.843301e+00  4.950000e+01
     vertex  2.866380e+00 -8.531346e+00  5.000000e+01
     vertex  2.572984e+00 -9.144930e+00  4.950000e+01
   endloop
 endfacet
 facet normal  3.068498e-01 -6.371802e-01  7.069969e-01
   outer loop
     vertex  4.334001e+00 -8.453782e+00  4.950000e+01
     vertex  4.112871e+00 -9.115059e+00  4.900000e+01
     vertex  4.562107e+00 -8.898718e+00  4.900000e+01
   endloop
 endfacet
 facet normal  3.382292e-01 -6.210929e-01  7.069969e-01
   outer loop
     vertex  4.334001e+00 -8.453782e+00  4.950000e+01
     vertex  4.562107e+00 -8.898718e+00  4.900000e+01
     vertex  5.000000e+00 -8.660254e+00  4.900000e+01
   endloop
 endfacet
 facet normal  2.942783e-01 -6.521878e-01  6.986067e-01
   outer loop
     vertex  4.334001e+00 -8.453782e+00  4.950000e+01
     vertex  3.701584e+00 -8.203553e+00  5.000000e+01
     vertex  3.470740e+00 -8.843301e+00  4.950000e+01
   endloop
 endfacet
 facet normal  2.874100e-01 -6.369660e-01  7.153110e-01
   outer loop
     vertex  4.334001e+00 -8.453782e+00  4.950000e+01
     vertex  3.470740e+00 -8.843301e+00  4.950000e+01
     vertex  4.112871e+00 -9.115059e+00  4.900000e+01
   endloop
 endfacet
 facet normal  3.068498e-01 -6.371802e-01  7.069969e-01
   outer loop
     vertex  4.334001e+00 -8.453782e+00  4.950000e+01
     vertex  4.105896e+00 -8.008846e+00  5.000000e+01
     vertex  3.701584e+00 -8.203553e+00  5.000000e+01
   endloop
 endfacet
 facet normal  3.382292e-01 -6.210929e-01  7.069969e-01
   outer loop
     vertex  4.334001e+00 -8.453782e+00  4.950000e+01
     vertex  4.500000e+00 -7.794229e+00  5.000000e+01
     vertex  4.105896e+00 -8.008846e+00  5.000000e+01
   endloop
 endfacet
 facet normal  3.687677e-01 -6.034615e-01  7.069969e-01
   outer loop
     vertex  5.154190e+00 -7.980246e+00  4.950000e+01
     vertex  5.000000e+00 -8.660254e+00  4.900000e+01
     vertex  5.425463e+00 -8.400259e+00  4.900000e+01
   endloop
 endfacet
 facet normal  3.983893e-01 -5.843298e-01  7.069969e-01
   outer loop
     vertex  5.154190e+00 -7.980246e+00  4.950000e+01
     vertex  5.425463e+00 -8.400259e+00  4.900000e+01
     vertex  5.837437e+00 -8.119380e+00  4.900000e+01
   endloop
 endfacet
 facet normal  3.687677e-01 -6.034615e-01  7.069969e-01
   outer loop
     vertex  5.154190e+00 -7.980246e+00  4.950000e+01
     vertex  4.882916e+00 -7.560233e+00  5.000000e+01
     vertex  4.500000e+00 -7.794229e+00  5.000000e+01
   endloop
 endfacet
 facet normal  3.983893e-01 -5.843298e-01  7.069969e-01
   outer loop
     vertex  5.154190e+00 -7.980246e+00  4.950000e+01
     vertex  5.253693e+00 -7.307442e+00  5.000000e+01
     vertex  4.882916e+00 -7.560233e+00  5.000000e+01
   endloop
 endfacet
 facet normal  3.577529e-01 -6.196463e-01  6.986067e-01
   outer loop
     vertex  5.154190e+00 -7.980246e+00  4.950000e+01
     vertex  4.500000e+00 -7.794229e+00  5.000000e+01
     vertex  4.334001e+00 -8.453782e+00  4.950000e+01
   endloop
 endfacet
 facet normal  3.494031e-01 -6.051840e-01  7.153110e-01
   outer loop
     vertex  5.154190e+00 -7.980246e+00  4.950000e+01
     vertex  4.334001e+00 -8.453782e+00  4.950000e+01
     vertex  5.000000e+00 -8.660254e+00  4.900000e+01
   endloop
 endfacet
 facet normal  4.270206e-01 -5.637454e-01  7.069969e-01
   outer loop
     vertex  5.923153e+00 -7.427399e+00  4.950000e+01
     vertex  5.837437e+00 -8.119380e+00  4.900000e+01
     vertex  6.234898e+00 -7.818315e+00  4.900000e+01
   endloop
 endfacet
 facet normal  4.545901e-01 -5.417594e-01  7.069969e-01
   outer loop
     vertex  5.923153e+00 -7.427399e+00  4.950000e+01
     vertex  6.234898e+00 -7.818315e+00  4.900000e+01
     vertex  6.616858e+00 -7.497812e+00  4.900000e+01
   endloop
 endfacet
 facet normal  4.270206e-01 -5.637454e-01  7.069969e-01
   outer loop
     vertex  5.923153e+00 -7.427399e+00  4.950000e+01
     vertex  5.611408e+00 -7.036483e+00  5.000000e+01
     vertex  5.253693e+00 -7.307442e+00  5.000000e+01
   endloop
 endfacet
 facet normal  4.545901e-01 -5.417594e-01  7.069969e-01
   outer loop
     vertex  5.923153e+00 -7.427399e+00  4.950000e+01
     vertex  5.955173e+00 -6.748031e+00  5.000000e+01
     vertex  5.611408e+00 -7.036483e+00  5.000000e+01
   endloop
 endfacet
 facet normal  4.176720e-01 -5.809464e-01  6.986067e-01
   outer loop
     vertex  5.923153e+00 -7.427399e+00  4.950000e+01
     vertex  5.253693e+00 -7.307442e+00  5.000000e+01
     vertex  5.154190e+00 -7.980246e+00  4.950000e+01
   endloop
 endfacet
 facet normal  4.079237e-01 -5.673874e-01  7.153110e-01
   outer loop
     vertex  5.923153e+00 -7.427399e+00  4.950000e+01
     vertex  5.154190e+00 -7.980246e+00  4.950000e+01
     vertex  5.837437e+00 -8.119380e+00  4.900000e+01
   endloop
 endfacet
 facet normal  4.810295e-01 -5.184265e-01  7.069969e-01
   outer loop
     vertex  6.633250e+00 -6.800735e+00  4.950000e+01
     vertex  6.616858e+00 -7.497812e+00  4.900000e+01
     vertex  6.982368e+00 -7.158668e+00  4.900000e+01
   endloop
 endfacet
 facet normal  5.062730e-01 -4.938047e-01  7.069969e-01
   outer loop
     vertex  6.633250e+00 -6.800735e+00  4.950000e+01
     vertex  6.982368e+00 -7.158668e+00  4.900000e+01
     vertex  7.330519e+00 -6.801727e+00  4.900000e+01
   endloop
 endfacet
 facet normal  4.810295e-01 -5.184265e-01  7.069969e-01
   outer loop
     vertex  6.633250e+00 -6.800735e+00  4.950000e+01
     vertex  6.284131e+00 -6.442802e+00  5.000000e+01
     vertex  5.955173e+00 -6.748031e+00  5.000000e+01
   endloop
 endfacet
 facet normal  5.062730e-01 -4.938047e-01  7.069969e-01
   outer loop
     vertex  6.633250e+00 -6.800735e+00  4.950000e+01
     vertex  6.597467e+00 -6.121555e+00  5.000000e+01
     vertex  6.284131e+00 -6.442802e+00  5.000000e+01
   endloop
 endfacet
 facet normal  4.623902e-01 -5.239518e-01  7.153110e-01
   outer loop
     vertex  6.633250e+00 -6.800735e+00  4.950000e+01
     vertex  5.923153e+00 -7.427399e+00  4.950000e+01
     vertex  6.616858e+00 -7.497812e+00  4.900000e+01
   endloop
 endfacet
 facet normal  4.734401e-01 -5.364729e-01  6.986067e-01
   outer loop
     vertex  6.633250e+00 -6.800735e+00  4.950000e+01
     vertex  5.955173e+00 -6.748031e+00  5.000000e+01
     vertex  5.923153e+00 -7.427399e+00  4.950000e+01
   endloop
 endfacet
 facet normal  5.302578e-01 -4.679553e-01  7.069969e-01
   outer loop
     vertex  7.277422e+00 -6.106482e+00  4.950000e+01
     vertex  7.330519e+00 -6.801727e+00  4.900000e+01
     vertex  7.660444e+00 -6.427876e+00  4.900000e+01
   endloop
 endfacet
 facet normal  5.529243e-01 -4.409424e-01  7.069969e-01
   outer loop
     vertex  7.277422e+00 -6.106482e+00  4.950000e+01
     vertex  7.660444e+00 -6.427876e+00  4.900000e+01
     vertex  7.971325e+00 -6.038044e+00  4.900000e+01
   endloop
 endfacet
 facet normal  5.302578e-01 -4.679553e-01  7.069969e-01
   outer loop
     vertex  7.277422e+00 -6.106482e+00  4.950000e+01
     vertex  6.894400e+00 -5.785088e+00  5.000000e+01
     vertex  6.597467e+00 -6.121555e+00  5.000000e+01
   endloop
 endfacet
 facet normal  5.529243e-01 -4.409424e-01  7.069969e-01
   outer loop
     vertex  7.277422e+00 -6.106482e+00  4.950000e+01
     vertex  7.174193e+00 -5.434240e+00  5.000000e+01
     vertex  6.894400e+00 -5.785088e+00  5.000000e+01
   endloop
 endfacet
 facet normal  5.122612e-01 -4.753090e-01  7.153110e-01
   outer loop
     vertex  7.277422e+00 -6.106482e+00  4.950000e+01
     vertex  6.633250e+00 -6.800735e+00  4.950000e+01
     vertex  7.330519e+00 -6.801727e+00  4.900000e+01
   endloop
 endfacet
 facet normal  5.245029e-01 -4.866676e-01  6.986067e-01
   outer loop
     vertex  7.277422e+00 -6.106482e+00  4.950000e+01
     vertex  6.597467e+00 -6.121555e+00  5.000000e+01
     vertex  6.633250e+00 -6.800735e+00  4.950000e+01
   endloop
 endfacet
 facet normal  5.742161e-01 -4.128333e-01  7.069969e-01
   outer loop
     vertex  7.849268e+00 -5.351541e+00  4.950000e+01
     vertex  7.971325e+00 -6.038044e+00  4.900000e+01
     vertex  8.262388e+00 -5.633201e+00  4.900000e+01
   endloop
 endfacet
 facet normal  5.940803e-01 -3.836978e-01  7.069969e-01
   outer loop
     vertex  7.849268e+00 -5.351541e+00  4.950000e+01
     vertex  8.262388e+00 -5.633201e+00  4.900000e+01
     vertex  8.532909e+00 -5.214352e+00  4.900000e+01
   endloop
 endfacet
 facet normal  5.742161e-01 -4.128333e-01  7.069969e-01
   outer loop
     vertex  7.849268e+00 -5.351541e+00  4.950000e+01
     vertex  7.436149e+00 -5.069881e+00  5.000000e+01
     vertex  7.174193e+00 -5.434240e+00  5.000000e+01
   endloop
 endfacet
 facet normal  5.940803e-01 -3.836978e-01  7.069969e-01
   outer loop
     vertex  7.849268e+00 -5.351541e+00  4.950000e+01
     vertex  7.679618e+00 -4.692917e+00  5.000000e+01
     vertex  7.436149e+00 -5.069881e+00  5.000000e+01
   endloop
 endfacet
 facet normal  5.570412e-01 -4.219423e-01  7.153110e-01
   outer loop
     vertex  7.849268e+00 -5.351541e+00  4.950000e+01
     vertex  7.277422e+00 -6.106482e+00  4.950000e+01
     vertex  7.971325e+00 -6.038044e+00  4.900000e+01
   endloop
 endfacet
 facet normal  5.703530e-01 -4.320256e-01  6.986067e-01
   outer loop
     vertex  7.849268e+00 -5.351541e+00  4.950000e+01
     vertex  7.174193e+00 -5.434240e+00  5.000000e+01
     vertex  7.277422e+00 -6.106482e+00  4.950000e+01
   endloop
 endfacet
 facet normal  6.124676e-01 -3.536083e-01  7.069969e-01
   outer loop
     vertex  8.343105e+00 -4.543413e+00  4.950000e+01
     vertex  8.532909e+00 -5.214352e+00  4.900000e+01
     vertex  8.782216e+00 -4.782540e+00  4.900000e+01
   endloop
 endfacet
 facet normal  6.293322e-01 -3.226398e-01  7.069969e-01
   outer loop
     vertex  8.343105e+00 -4.543413e+00  4.950000e+01
     vertex  8.782216e+00 -4.782540e+00  4.900000e+01
     vertex  9.009689e+00 -4.338837e+00  4.900000e+01
   endloop
 endfacet
 facet normal  6.124676e-01 -3.536083e-01  7.069969e-01
   outer loop
     vertex  8.343105e+00 -4.543413e+00  4.950000e+01
     vertex  7.903994e+00 -4.304286e+00  5.000000e+01
     vertex  7.679618e+00 -4.692917e+00  5.000000e+01
   endloop
 endfacet
 facet normal  6.293322e-01 -3.226398e-01  7.069969e-01
   outer loop
     vertex  8.343105e+00 -4.543413e+00  4.950000e+01
     vertex  8.108720e+00 -3.904954e+00  5.000000e+01
     vertex  7.903994e+00 -4.304286e+00  5.000000e+01
   endloop
 endfacet
 facet normal  5.962850e-01 -3.643822e-01  7.153110e-01
   outer loop
     vertex  8.343105e+00 -4.543413e+00  4.950000e+01
     vertex  7.849268e+00 -5.351541e+00  4.950000e+01
     vertex  8.532909e+00 -5.214352e+00  4.900000e+01
   endloop
 endfacet
 facet normal  6.105346e-01 -3.730900e-01  6.986067e-01
   outer loop
     vertex  8.343105e+00 -4.543413e+00  4.950000e+01
     vertex  7.679618e+00 -4.692917e+00  5.000000e+01
     vertex  7.849268e+00 -5.351541e+00  4.950000e+01
   endloop
 endfacet
 facet normal  6.446321e-01 -2.908691e-01  7.069969e-01
   outer loop
     vertex  8.754024e+00 -3.690131e+00  4.950000e+01
     vertex  9.009689e+00 -4.338837e+00  4.900000e+01
     vertex  9.214762e+00 -3.884348e+00  4.900000e+01
   endloop
 endfacet
 facet normal  6.583294e-01 -2.583753e-01  7.069969e-01
   outer loop
     vertex  8.754024e+00 -3.690131e+00  4.950000e+01
     vertex  9.214762e+00 -3.884348e+00  4.900000e+01
     vertex  9.396926e+00 -3.420201e+00  4.900000e+01
   endloop
 endfacet
 facet normal  6.446321e-01 -2.908691e-01  7.069969e-01
   outer loop
     vertex  8.754024e+00 -3.690131e+00  4.950000e+01
     vertex  8.293286e+00 -3.495913e+00  5.000000e+01
     vertex  8.108720e+00 -3.904954e+00  5.000000e+01
   endloop
 endfacet
 facet normal  6.583294e-01 -2.583753e-01  7.069969e-01
   outer loop
     vertex  8.754024e+00 -3.690131e+00  4.950000e+01
     vertex  8.457234e+00 -3.078181e+00  5.000000e+01
     vertex  8.293286e+00 -3.495913e+00  5.000000e+01
   endloop
 endfacet
 facet normal  6.446485e-01 -3.104464e-01  6.986067e-01
   outer loop
     vertex  8.754024e+00 -3.690131e+00  4.950000e+01
     vertex  8.108720e+00 -3.904954e+00  5.000000e+01
     vertex  8.343105e+00 -4.543413e+00  4.950000e+01
   endloop
 endfacet
 facet normal  6.296027e-01 -3.032007e-01  7.153110e-01
   outer loop
     vertex  8.754024e+00 -3.690131e+00  4.950000e+01
     vertex  8.343105e+00 -4.543413e+00  4.950000e+01
     vertex  9.009689e+00 -4.338837e+00  4.900000e+01
   endloop
 endfacet
 facet normal  6.566631e-01 -2.390058e-01  7.153110e-01
   outer loop
     vertex  9.077942e+00 -2.800174e+00  4.950000e+01
     vertex  8.754024e+00 -3.690131e+00  4.950000e+01
     vertex  9.396926e+00 -3.420201e+00  4.900000e+01
   endloop
 endfacet
 facet normal  6.703900e-01 -2.252391e-01  7.069969e-01
   outer loop
     vertex  9.077942e+00 -2.800174e+00  4.950000e+01
     vertex  9.396926e+00 -3.420201e+00  4.900000e+01
     vertex  9.555728e+00 -2.947552e+00  4.900000e+01
   endloop
 endfacet
 facet normal  6.807839e-01 -1.915429e-01  7.069969e-01
   outer loop
     vertex  9.077942e+00 -2.800174e+00  4.950000e+01
     vertex  9.555728e+00 -2.947552e+00  4.900000e+01
     vertex  9.690773e+00 -2.467574e+00  4.900000e+01
   endloop
 endfacet
 facet normal  6.723556e-01 -2.447174e-01  6.986067e-01
   outer loop
     vertex  9.077942e+00 -2.800174e+00  4.950000e+01
     vertex  8.457234e+00 -3.078181e+00  5.000000e+01
     vertex  8.754024e+00 -3.690131e+00  4.950000e+01
   endloop
 endfacet
 facet normal  6.703900e-01 -2.252391e-01  7.069969e-01
   outer loop
     vertex  9.077942e+00 -2.800174e+00  4.950000e+01
     vertex  8.600155e+00 -2.652797e+00  5.000000e+01
     vertex  8.457234e+00 -3.078181e+00  5.000000e+01
   endloop
 endfacet
 facet normal  6.807839e-01 -1.915429e-01  7.069969e-01
   outer loop
     vertex  9.077942e+00 -2.800174e+00  4.950000e+01
     vertex  8.721696e+00 -2.220817e+00  5.000000e+01
     vertex  8.600155e+00 -2.652797e+00  5.000000e+01
   endloop
 endfacet
 facet normal  6.894853e-01 -1.573705e-01  7.069969e-01
   outer loop
     vertex  9.311639e+00 -1.882388e+00  4.950000e+01
     vertex  9.690773e+00 -2.467574e+00  4.900000e+01
     vertex  9.801725e+00 -1.981461e+00  4.900000e+01
   endloop
 endfacet
 facet normal  6.964725e-01 -1.228069e-01  7.069969e-01
   outer loop
     vertex  9.311639e+00 -1.882388e+00  4.950000e+01
     vertex  9.801725e+00 -1.981461e+00  4.900000e+01
     vertex  9.888308e+00 -1.490423e+00  4.900000e+01
   endloop
 endfacet
 facet normal  6.771973e-01 -1.724356e-01  7.153110e-01
   outer loop
     vertex  9.311639e+00 -1.882388e+00  4.950000e+01
     vertex  9.077942e+00 -2.800174e+00  4.950000e+01
     vertex  9.690773e+00 -2.467574e+00  4.900000e+01
   endloop
 endfacet
 facet normal  6.894853e-01 -1.573705e-01  7.069969e-01
   outer loop
     vertex  9.311639e+00 -1.882388e+00  4.950000e+01
     vertex  8.821552e+00 -1.783315e+00  5.000000e+01
     vertex  8.721696e+00 -2.220817e+00  5.000000e+01
   endloop
 endfacet
 facet normal  6.964725e-01 -1.228069e-01  7.069969e-01
   outer loop
     vertex  9.311639e+00 -1.882388e+00  4.950000e+01
     vertex  8.899477e+00 -1.341380e+00  5.000000e+01
     vertex  8.821552e+00 -1.783315e+00  5.000000e+01
   endloop
 endfacet
 facet normal  6.933805e-01 -1.765564e-01  6.986067e-01
   outer loop
     vertex  9.311639e+00 -1.882388e+00  4.950000e+01
     vertex  8.721696e+00 -2.220817e+00  5.000000e+01
     vertex  9.077942e+00 -2.800174e+00  4.950000e+01
   endloop
 endfacet
 facet normal  7.017281e-01 -8.793794e-02  7.069969e-01
   outer loop
     vertex  9.452792e+00 -9.458945e-01  4.950000e+01
     vertex  9.888308e+00 -1.490423e+00  4.900000e+01
     vertex  9.950308e+00 -9.956785e-01  4.900000e+01
   endloop
 endfacet
 facet normal  7.052392e-01 -5.285037e-02  7.069969e-01
   outer loop
     vertex  9.452792e+00 -9.458945e-01  4.950000e+01
     vertex  9.950308e+00 -9.956785e-01  4.900000e+01
     vertex  9.987569e+00 -4.984589e-01  4.900000e+01
   endloop
 endfacet
 facet normal  6.979376e-01 -3.483262e-02  7.153110e-01
   outer loop
     vertex  9.452792e+00 -9.458945e-01  4.950000e+01
     vertex  9.987569e+00 -4.984589e-01  4.900000e+01
     vertex  9.500000e+00  0.000000e+00  4.950000e+01
   endloop
 endfacet
 facet normal  6.910012e-01 -1.041517e-01  7.153110e-01
   outer loop
     vertex  9.452792e+00 -9.458945e-01  4.950000e+01
     vertex  9.311639e+00 -1.882388e+00  4.950000e+01
     vertex  9.888308e+00 -1.490423e+00  4.900000e+01
   endloop
 endfacet
 facet normal  7.075143e-01 -1.066406e-01  6.986067e-01
   outer loop
     vertex  9.452792e+00 -9.458945e-01  4.950000e+01
     vertex  8.899477e+00 -1.341380e+00  5.000000e+01
     vertex  9.311639e+00 -1.882388e+00  4.950000e+01
   endloop
 endfacet
 facet normal  7.017281e-01 -8.793794e-02  7.069969e-01
   outer loop
     vertex  9.452792e+00 -9.458945e-01  4.950000e+01
     vertex  8.955277e+00 -8.961106e-01  5.000000e+01
     vertex  8.899477e+00 -1.341380e+00  5.000000e+01
   endloop
 endfacet
 facet normal  7.052392e-01 -5.285037e-02  7.069969e-01
   outer loop
     vertex  9.452792e+00 -9.458945e-01  4.950000e+01
     vertex  8.988812e+00 -4.486130e-01  5.000000e+01
     vertex  8.955277e+00 -8.961106e-01  5.000000e+01
   endloop
 endfacet
 facet normal  7.146165e-01 -3.566502e-02  6.986067e-01
   outer loop
     vertex  9.452792e+00 -9.458945e-01  4.950000e+01
     vertex  9.500000e+00  0.000000e+00  4.950000e+01
     vertex  8.988812e+00 -4.486130e-01  5.000000e+01
   endloop
 endfacet
 facet normal  0.000000e+00  0.000000e+00 -1.000000e+00
   outer loop
     vertex -2.500000e+00  5.000000e+00  0.000000e+00
     vertex -6.234898e+00  7.818315e+00  0.000000e+00
     vertex -5.837437e+00  8.119380e+00  0.000000e+00
   endloop
 endfacet
 facet normal  0.000000e+00  0.000000e+00 -1.000000e+00
   outer loop
     vertex -2.500000e+00  5.000000e+00  0.000000e+00
     vertex -6.616858e+00  7.497812e+00  0.000000e+00
     vertex -6.234898e+00  7.818315e+00  0.000000e+00
   endloop
 endfacet
 facet normal  0.000000e+00  0.000000e+00 -1.000000e+00
   outer loop
     vertex -2.500000e+00  5.000000e+00  0.000000e+00
     vertex -6.982368e+00  7.158668e+00  0.000000e+00
     vertex -6.616858e+00  7.497812e+00  0.000000e+00
   endloop
 endfacet
 facet normal  0.000000e+00  0.000000e+00 -1.000000e+00
   outer loop
     vertex -2.500000e+00  5.000000e+00  0.000000e+00
     vertex -7.330519e+00  6.801727e+00  0.000000e+00
     vertex -6.982368e+00  7.158668e+00  0.000000e+00
   endloop
 endfacet
 facet normal  0.000000e+00  0.000000e+00 -1.000000e+00
   outer loop
     vertex -2.500000e+00  5.000000e+00  0.000000e+00
     vertex -7.660444e+00  6.427876e+00  0.000000e+00
     vertex -7.330519e+00  6.801727e+00  0.000000e+00
   endloop
 endfacet
 facet normal  0.000000e+00  0.000000e+00 -1.000000e+00
   outer loop
     vertex -2.500000e+00  5.000000e+00  0.000000e+00
     vertex -7.971325e+00  6.038044e+00  0.000000e+00
     vertex -7.660444e+00  6.427876e+00  0.000000e+00
   endloop
 endfacet
 facet normal  0.000000e+00  0.000000e+00 -1.000000e+00
   outer loop
     vertex -2.500000e+00  5.000000e+00  0.000000e+00
     vertex -8.262388e+00  5.633201e+00  0.000000e+00
     vertex -7.971325e+00  6.038044e+00  0.000000e+00
   endloop
 endfacet
 facet normal  0.000000e+00  0.000000e+00 -1.000000e+00
   outer loop
     vertex -2.500000e+00  5.000000e+00  0.000000e+00
     vertex -8.532909e+00  5.214352e+00  0.000000e+00
     vertex -8.262388e+00  5.633201e+00  0.000000e+00
   endloop
 endfacet
 facet normal -0.000000e+00  0.000000e+00 -1.000000e+00
   outer loop
     vertex -2.500000e+00  5.000000e+00  0.000000e+00
     vertex -8.782216e+00  4.782540e+00  0.000000e+00
     vertex -8.532909e+00  5.214352e+00  0.000000e+00
   endloop
 endfacet
 facet normal  0.000000e+00  0.000000e+00 -1.000000e+00
   outer loop
     vertex -2.500000e+00  5.000000e+00  0.000000e+00
     vertex -9.009689e+00  4.338837e+00  0.000000e+00
     vertex -8.782216e+00  4.782540e+00  0.000000e+00
   endloop
 endfacet
 facet normal  0.000000e+00  0.000000e+00 -1.000000e+00
   outer loop
     vertex -2.500000e+00  5.000000e+00  0.000000e+00
     vertex -9.214762e+00  3.884348e+00  0.000000e+00
     vertex -9.009689e+00  4.338837e+00  0.000000e+00
   endloop
 endfacet
 facet normal  0.000000e+00  0.000000e+00 -1.000000e+00
   outer loop
     vertex -2.500000e+00  5.000000e+00  0.000000e+00
     vertex -9.396926e+00  3.420201e+00  0.000000e+00
     vertex -9.214762e+00  3.884348e+00  0.000000e+00
   endloop
 endfacet
 facet normal  0.000000e+00  0.000000e+00 -1.000000e+00
   outer loop
     vertex -2.500000e+00  5.000000e+00  0.000000e+00
     vertex -9.555728e+00  2.947552e+00  0.000000e+00
     vertex -9.396926e+00  3.420201e+00  0.000000e+00
   endloop
 endfacet
 facet normal  0.000000e+00  0.000000e+00 -1.000000e+00
   outer loop
     vertex -2.500000e+00  5.000000e+00  0.000000e+00
     vertex -9.690773e+00  2.467574e+00  0.000000e+00
     vertex -9.555728e+00  2.947552e+00  0.000000e+00
   endloop
 endfacet
 facet normal  0.000000e+00  0.000000e+00 -1.000000e+00
   outer loop
     vertex -2.500000e+00  5.000000e+00  0.000000e+00
     vertex -9.801725e+00  1.981461e+00  0.000000e+00
     vertex -9.690773e+00  2.467574e+00  0.000000e+00
   endloop
 endfacet
 facet normal  0.000000e+00  0.000000e+00 -1.000000e+00
   outer loop
     vertex -2.500000e+00  5.000000e+00  0.000000e+00
     vertex -9.888308e+00  1.490423e+00  0.000000e+00
     vertex -9.801725e+00  1.981461e+00  0.000000e+00
   endloop
 endfacet
 facet normal  0.000000e+00  0.000000e+00 -1.000000e+00
   outer loop
     vertex -2.500000e+00  5.000000e+00  0.000000e+00
     vertex -9.950308e+00  9.956785e-01  0.000000e+00
     vertex -9.888308e+00  1.490423e+00  0.000000e+00
   endloop
 endfacet
 facet normal  0.000000e+00  0.000000e+00 -1.000000e+00
   outer loop
     vertex -2.500000e+00  5.000000e+00  0.000000e+00
     vertex -9.987569e+00  4.984589e-01  0.000000e+00
     vertex -9.950308e+00  9.956785e-01  0.000000e+00
   endloop
 endfacet
 facet normal  0.000000e+00  0.000000e+00 -1.000000e+00
   outer loop
     vertex -2.500000e+00  5.000000e+00  0.000000e+00
     vertex -1.000000e+01 -3.430249e-14  0.000000e+00
     vertex -9.987569e+00  4.984589e-01  0.000000e+00
   endloop
 endfacet
 facet normal  0.000000e+00  0.000000e+00 -1.000000e+00
   outer loop
     vertex -2.500000e+00  5.000000e+00  0.000000e+00
     vertex -9.987569e+00 -4.984589e-01  0.000000e+00
     vertex -1.000000e+01 -3.430249e-14  0.000000e+00
   endloop
 endfacet
 facet normal  0.000000e+00  0.000000e+00 -1.000000e+00
   outer loop
     vertex -2.500000e+00  5.000000e+00  0.000000e+00
     vertex -9.950308e+00 -9.956785e-01  0.000000e+00
     vertex -9.987569e+00 -4.984589e-01  0.000000e+00
   endloop
 endfacet
 facet normal  0.000000e+00  0.000000e+00 -1.000000e+00
   outer loop
     vertex -2.500000e+00  5.000000e+00  0.000000e+00
     vertex -9.888308e+00 -1.490423e+00  0.000000e+00
     vertex -9.950308e+00 -9.956785e-01  0.000000e+00
   endloop
 endfacet
 facet normal  0.000000e+00  0.000000e+00 -1.000000e+00
   outer loop
     vertex -2.500000e+00  5.000000e+00  0.000000e+00
     vertex -9.801725e+00 -1.981461e+00  0.000000e+00
     vertex -9.888308e+00 -1.490423e+00  0.000000e+00
   endloop
 endfacet
 facet normal  0.000000e+00  0.000000e+00 -1.000000e+00
   outer loop
     vertex -2.500000e+00  5.000000e+00  0.000000e+00
     vertex -9.690773e+00 -2.467574e+00  0.000000e+00
     vertex -9.801725e+00 -1.981461e+00  0.000000e+00
   endloop
 endfacet
 facet normal  0.000000e+00  0.000000e+00 -1.000000e+00
   outer loop
     vertex -2.500000e+00  5.000000e+00  0.000000e+00
     vertex -9.555728e+00 -2.947552e+00  0.000000e+00
     vertex -9.690773e+00 -2.467574e+00  0.000000e+00
   endloop
 endfacet
 facet normal  0.000000e+00  0.000000e+00 -1.000000e+00
   outer loop
     vertex -2.500000e+00  5.000000e+00  0.000000e+00
     vertex -9.396926e+00 -3.420201e+00  0.000000e+00
     vertex -9.555728e+00 -2.947552e+00  0.000000e+00
   endloop
 endfacet
 facet normal  0.000000e+00  0.000000e+00 -1.000000e+00
   outer loop
     vertex -2.500000e+00  5.000000e+00  0.000000e+00
     vertex -9.214762e+00 -3.884348e+00  0.000000e+00
     vertex -9.396926e+00 -3.420201e+00  0.000000e+00
   endloop
 endfacet
 facet normal  0.000000e+00  0.000000e+00 -1.000000e+00
   outer loop
     vertex -2.500000e+00  5.000000e+00  0.000000e+00
     vertex -9.009689e+00 -4.338837e+00  0.000000e+00
     vertex -9.214762e+00 -3.884348e+00  0.000000e+00
   endloop
 endfacet
 facet normal  0.000000e+00  0.000000e+00 -1.000000e+00
   outer loop
     vertex -2.500000e+00  5.000000e+00  0.000000e+00
     vertex -8.782216e+00 -4.782540e+00  0.000000e+00
     vertex -9.009689e+00 -4.338837e+00  0.000000e+00
   endloop
 endfacet
 facet normal  0.000000e+00  0.000000e+00 -1.000000e+00
   outer loop
     vertex -2.500000e+00  5.000000e+00  0.000000e+00
     vertex -8.532909e+00 -5.214352e+00  0.000000e+00
     vertex -8.782216e+00 -4.782540e+00  0.000000e+00
   endloop
 endfacet
 facet normal  0.000000e+00  0.000000e+00 -1.000000e+00
   outer loop
     vertex -2.500000e+00  5.000000e+00  0.000000e+00
     vertex -8.262388e+00 -5.633201e+00  0.000000e+00
     vertex -8.532909e+00 -5.214352e+00  0.000000e+00
   endloop
 endfacet
 facet normal  0.000000e+00  0.000000e+00 -1.000000e+00
   outer loop
     vertex -2.500000e+00  5.000000e+00  0.000000e+00
     vertex -7.971325e+00 -6.038044e+00  0.000000e+00
     vertex -8.262388e+00 -5.633201e+00  0.000000e+00
   endloop
 endfacet
 facet normal  0.000000e+00  0.000000e+00 -1.000000e+00
   outer loop
     vertex -2.500000e+00  5.000000e+00  0.000000e+00
     vertex -7.660444e+00 -6.427876e+00  0.000000e+00
     vertex -7.971325e+00 -6.038044e+00  0.000000e+00
   endloop
 endfacet
 facet normal  0.000000e+00  0.000000e+00 -1.000000e+00
   outer loop
     vertex -2.500000e+00  5.000000e+00  0.000000e+00
     vertex -7.330519e+00 -6.801727e+00  0.000000e+00
     vertex -7.660444e+00 -6.427876e+00  0.000000e+00
   endloop
 endfacet
 facet normal  0.000000e+00  0.000000e+00 -1.000000e+00
   outer loop
     vertex -2.500000e+00  5.000000e+00  0.000000e+00
     vertex -6.982368e+00 -7.158668e+00  0.000000e+00
     vertex -7.330519e+00 -6.801727e+00  0.000000e+00
   endloop
 endfacet
 facet normal  0.000000e+00  0.000000e+00 -1.000000e+00
   outer loop
     vertex -2.500000e+00  5.000000e+00  0.000000e+00
     vertex -6.616858e+00 -7.497812e+00  0.000000e+00
     vertex -6.982368e+00 -7.158668e+00  0.000000e+00
   endloop
 endfacet
 facet normal  0.000000e+00  0.000000e+00 -1.000000e+00
   outer loop
     vertex -2.500000e+00  5.000000e+00  0.000000e+00
     vertex -6.234898e+00 -7.818315e+00  0.000000e+00
     vertex -6.616858e+00 -7.497812e+00  0.000000e+00
   endloop
 endfacet
 facet normal  0.000000e+00  0.000000e+00 -1.000000e+00
   outer loop
     vertex -2.500000e+00  5.000000e+00  0.000000e+00
     vertex -5.837437e+00 -8.119380e+00  0.000000e+00
     vertex -6.234898e+00 -7.818315e+00  0.000000e+00
   endloop
 endfacet
 facet normal  0.000000e+00  0.000000e+00 -1.000000e+00
   outer loop
     vertex -2.500000e+00  5.000000e+00  0.000000e+00
     vertex -5.425463e+00 -8.400259e+00  0.000000e+00
     vertex -5.837437e+00 -8.119380e+00  0.000000e+00
   endloop
 endfacet
 facet normal  0.000000e+00  0.000000e+00 -1.000000e+00
   outer loop
     vertex -2.500000e+00  5.000000e+00  0.000000e+00
     vertex -5.000000e+00 -8.660254e+00  0.000000e+00
     vertex -5.425463e+00 -8.400259e+00  0.000000e+00
   endloop
 endfacet
 facet normal  0.000000e+00  0.000000e+00 -1.000000e+00
   outer loop
     vertex -2.500000e+00  5.000000e+00  0.000000e+00
     vertex -4.562107e+00 -8.898718e+00  0.000000e+00
     vertex -5.000000e+00 -8.660254e+00  0.000000e+00
   endloop
 endfacet
 facet normal  0.000000e+00  0.000000e+00 -1.000000e+00
   outer loop
     vertex -2.500000e+00  5.000000e+00  0.000000e+00
     vertex -4.112871e+00 -9.115059e+00  0.000000e+00
     vertex -4.562107e+00 -8.898718e+00  0.000000e+00
   endloop
 endfacet
 facet normal  0.000000e+00  0.000000e+00 -1.000000e+00
   outer loop
     vertex -2.500000e+00  5.000000e+00  0.000000e+00
     vertex -3.653410e+00 -9.308737e+00  0.000000e+00
     vertex -4.112871e+00 -9.115059e+00  0.000000e+00
   endloop
 endfacet
 facet normal  0.000000e+00  0.000000e+00 -1.000000e+00
   outer loop
     vertex -2.500000e+00  5.000000e+00  0.000000e+00
     vertex -3.184867e+00 -9.479273e+00  0.000000e+00
     vertex -3.653410e+00 -9.308737e+00  0.000000e+00
   endloop
 endfacet
 facet normal  0.000000e+00  0.000000e+00 -1.000000e+00
   outer loop
     vertex -2.500000e+00  5.000000e+00  0.000000e+00
     vertex -2.708405e+00 -9.626242e+00  0.000000e+00
     vertex -3.184867e+00 -9.479273e+00  0.000000e+00
   endloop
 endfacet
 facet normal  0.000000e+00 -0.000000e+00 -1.000000e+00
   outer loop
     vertex -2.500000e+00  5.000000e+00  0.000000e+00
     vertex -2.225209e+00 -9.749279e+00  0.000000e+00
     vertex -2.708405e+00 -9.626242e+00  0.000000e+00
   endloop
 endfacet
 facet normal  0.000000e+00  0.000000e+00 -1.000000e+00
   outer loop
     vertex -2.500000e+00  5.000000e+00  0.000000e+00
     vertex -1.736482e+00 -9.848078e+00  0.000000e+00
     vertex -2.225209e+00 -9.749279e+00  0.000000e+00
   endloop
 endfacet
 facet normal  0.000000e+00  0.000000e+00 -1.000000e+00
   outer loop
     vertex -2.500000e+00  5.000000e+00  0.000000e+00
     vertex -1.243437e+00 -9.922392e+00  0.000000e+00
     vertex -1.736482e+00 -9.848078e+00  0.000000e+00
   endloop
 endfacet
 facet normal  0.000000e+00  0.000000e+00 -1.000000e+00
   outer loop
     vertex -2.500000e+00  5.000000e+00  0.000000e+00
     vertex -7.473009e-01 -9.972038e+00  0.000000e+00
     vertex -1.243437e+00 -9.922392e+00  0.000000e+00
   endloop
 endfacet
 facet normal  0.000000e+00  0.000000e+00 -1.000000e+00
   outer loop
     vertex -2.500000e+00  5.000000e+00  0.000000e+00
     vertex -2.493069e-01 -9.996892e+00  0.000000e+00
     vertex -7.473009e-01 -9.972038e+00  0.000000e+00
   endloop
 endfacet
 facet normal -0.000000e+00 -0.000000e+00 -1.000000e+00
   outer loop
     vertex -2.500000e+00  7.500000e+00  0.000000e+00
     vertex -2.500000e+00  5.000000e+00  0.000000e+00
     vertex -5.837437e+00  8.119380e+00  0.000000e+00
   endloop
 endfacet
 facet normal  0.000000e+00  0.000000e+00 -1.000000e+00
   outer loop
     vertex -2.500000e+00  7.500000e+00  0.000000e+00
     vertex -5.000000e+00  8.660254e+00  0.000000e+00
     vertex -4.562107e+00  8.898718e+00  0.000000e+00
   endloop
 endfacet
 facet normal  0.000000e+00  0.000000e+00 -1.000000e+00
   outer loop
     vertex -2.500000e+00  7.500000e+00  0.000000e+00
     vertex -5.425463e+00  8.400259e+00  0.000000e+00
     vertex -5.000000e+00  8.660254e+00  0.000000e+00
   endloop
 endfacet
 facet normal  0.000000e+00  0.000000e+00 -1.000000e+00
   outer loop
     vertex -2.500000e+00  7.500000e+00  0.000000e+00
     vertex -5.837437e+00  8.119380e+00  0.000000e+00
     vertex -5.425463e+00  8.400259e+00  0.000000e+00
   endloop
 endfacet
 facet normal  0.000000e+00 -0.000000e+00 -1.000000e+00
   outer loop
     vertex -4.112871e+00  9.115059e+00  0.000000e+00
     vertex -2.500000e+00  7.500000e+00  0.000000e+00
     vertex -4.562107e+00  8.898718e+00  0.000000e+00
   endloop
 endfacet
 facet normal  0.000000e+00 -0.000000e+00 -1.000000e+00
   outer loop
     vertex -3.653410e+00  9.308737e+00  0.000000e+00
     vertex -2.500000e+00  7.500000e+00  0.000000e+00
     vertex -4.112871e+00  9.115059e+00  0.000000e+00
   endloop
 endfacet
 facet normal  0.000000e+00 -0.000000e+00 -1.000000e+00
   outer loop
     vertex -3.184867e+00  9.479273e+00  0.000000e+00
     vertex -2.500000e+00  7.500000e+00  0.000000e+00
     vertex -3.653410e+00  9.308737e+00  0.000000e+00
   endloop
 endfacet
 facet normal  0.000000e+00 -0.000000e+00 -1.000000e+00
   outer loop
     vertex -2.708405e+00  9.626242e+00  0.000000e+00
     vertex -2.500000e+00  7.500000e+00  0.000000e+00
     vertex -3.184867e+00  9.479273e+00  0.000000e+00
   endloop
 endfacet
 facet normal  0.000000e+00  0.000000e+00 -1.000000e+00
   outer loop
     vertex  2.500000e+00  5.000000e+00  0.000000e+00
     vertex  3.184867e+00 -9.479273e+00  0.000000e+00
     vertex  2.708405e+00 -9.626242e+00  0.000000e+00
   endloop
 endfacet
 facet normal  0.000000e+00  0.000000e+00 -1.000000e+00
   outer loop
     vertex  2.500000e+00  5.000000e+00  0.000000e+00
     vertex  3.653410e+00 -9.308737e+00  0.000000e+00
     vertex  3.184867e+00 -9.479273e+00  0.000000e+00
   endloop
 endfacet
 facet normal  0.000000e+00  0.000000e+00 -1.000000e+00
   outer loop
     vertex  2.500000e+00  5.000000e+00  0.000000e+00
     vertex  4.112871e+00 -9.115059e+00  0.000000e+00
     vertex  3.653410e+00 -9.308737e+00  0.000000e+00
   endloop
 endfacet
 facet normal  0.000000e+00  0.000000e+00 -1.000000e+00
   outer loop
     vertex  2.500000e+00  5.000000e+00  0.000000e+00
     vertex  4.562107e+00 -8.898718e+00  0.000000e+00
     vertex  4.112871e+00 -9.115059e+00  0.000000e+00
   endloop
 endfacet
 facet normal  0.000000e+00  0.000000e+00 -1.000000e+00
   outer loop
     vertex  2.500000e+00  5.000000e+00  0.000000e+00
     vertex  5.000000e+00 -8.660254e+00  0.000000e+00
     vertex  4.562107e+00 -8.898718e+00  0.000000e+00
   endloop
 endfacet
 facet normal  0.000000e+00  0.000000e+00 -1.000000e+00
   outer loop
     vertex  2.500000e+00  5.000000e+00  0.000000e+00
     vertex  5.425463e+00 -8.400259e+00  0.000000e+00
     vertex  5.000000e+00 -8.660254e+00  0.000000e+00
   endloop
 endfacet
 facet normal  0.000000e+00  0.000000e+00 -1.000000e+00
   outer loop
     vertex  2.500000e+00  5.000000e+00  0.000000e+00
     vertex  5.837437e+00 -8.119380e+00  0.000000e+00
     vertex  5.425463e+00 -8.400259e+00  0.000000e+00
   endloop
 endfacet
 facet normal  0.000000e+00  0.000000e+00 -1.000000e+00
   outer loop
     vertex  2.500000e+00  5.000000e+00  0.000000e+00
     vertex  6.234898e+00 -7.818315e+00  0.000000e+00
     vertex  5.837437e+00 -8.119380e+00  0.000000e+00
   endloop
 endfacet
 facet normal  0.000000e+00  0.000000e+00 -1.000000e+00
   outer loop
     vertex  2.500000e+00  5.000000e+00  0.000000e+00
     vertex  6.616858e+00 -7.497812e+00  0.000000e+00
     vertex  6.234898e+00 -7.818315e+00  0.000000e+00
   endloop
 endfacet
 facet normal  0.000000e+00  0.000000e+00 -1.000000e+00
   outer loop
     vertex  2.500000e+00  5.000000e+00  0.000000e+00
     vertex  6.982368e+00 -7.158668e+00  0.000000e+00
     vertex  6.616858e+00 -7.497812e+00  0.000000e+00
   endloop
 endfacet
 facet normal  0.000000e+00  0.000000e+00 -1.000000e+00
   outer loop
     vertex  2.500000e+00  5.000000e+00  0.000000e+00
     vertex  7.330519e+00 -6.801727e+00  0.000000e+00
     vertex  6.982368e+00 -7.158668e+00  0.000000e+00
   endloop
 endfacet
 facet normal  0.000000e+00  0.000000e+00 -1.000000e+00
   outer loop
     vertex  2.500000e+00  5.000000e+00  0.000000e+00
     vertex  7.660444e+00 -6.427876e+00  0.000000e+00
     vertex  7.330519e+00 -6.801727e+00  0.000000e+00
   endloop
 endfacet
 facet normal  0.000000e+00  0.000000e+00 -1.000000e+00
   outer loop
     vertex  2.500000e+00  5.000000e+00  0.000000e+00
     vertex  7.971325e+00 -6.038044e+00  0.000000e+00
     vertex  7.660444e+00 -6.427876e+00  0.000000e+00
   endloop
 endfacet
 facet normal  0.000000e+00  0.000000e+00 -1.000000e+00
   outer loop
     vertex  2.500000e+00  5.000000e+00  0.000000e+00
     vertex  8.262388e+00 -5.633201e+00  0.000000e+00
     vertex  7.971325e+00 -6.038044e+00  0.000000e+00
   endloop
 endfacet
 facet normal  0.000000e+00  0.000000e+00 -1.000000e+00
   outer loop
     vertex  2.500000e+00  5.000000e+00  0.000000e+00
     vertex  8.532909e+00 -5.214352e+00  0.000000e+00
     vertex  8.262388e+00 -5.633201e+00  0.000000e+00
   endloop
 endfacet
 facet normal  0.000000e+00  0.000000e+00 -1.000000e+00
   outer loop
     vertex  2.500000e+00  5.000000e+00  0.000000e+00
     vertex  8.782216e+00 -4.782540e+00  0.000000e+00
     vertex  8.532909e+00 -5.214352e+00  0.000000e+00
   endloop
 endfacet
 facet normal  0.000000e+00  0.000000e+00 -1.000000e+00
   outer loop
     vertex  2.500000e+00  5.000000e+00  0.000000e+00
     vertex  9.009689e+00 -4.338837e+00  0.000000e+00
     vertex  8.782216e+00 -4.782540e+00  0.000000e+00
   endloop
 endfacet
 facet normal  0.000000e+00  0.000000e+00 -1.000000e+00
   outer loop
     vertex  2.500000e+00  5.000000e+00  0.000000e+00
     vertex  9.214762e+00 -3.884348e+00  0.000000e+00
     vertex  9.009689e+00 -4.338837e+00  0.000000e+00
   endloop
 endfacet
 facet normal  0.000000e+00  0.000000e+00 -1.000000e+00
   outer loop
     vertex  2.500000e+00  5.000000e+00  0.000000e+00
     vertex  9.396926e+00 -3.420201e+00  0.000000e+00
     vertex  9.214762e+00 -3.884348e+00  0.000000e+00
   endloop
 endfacet
 facet normal  0.000000e+00  0.000000e+00 -1.000000e+00
   outer loop
     vertex  2.500000e+00  5.000000e+00  0.000000e+00
     vertex  9.555728e+00 -2.947552e+00  0.000000e+00
     vertex  9.396926e+00 -3.420201e+00  0.000000e+00
   endloop
 endfacet
 facet normal  0.000000e+00  0.000000e+00 -1.000000e+00
   outer loop
     vertex  2.500000e+00  5.000000e+00  0.000000e+00
     vertex  9.690773e+00 -2.467574e+00  0.000000e+00
     vertex  9.555728e+00 -2.947552e+00  0.000000e+00
   endloop
 endfacet
 facet normal -0.000000e+00  0.000000e+00 -1.000000e+00
   outer loop
     vertex  2.500000e+00  5.000000e+00  0.000000e+00
     vertex -2.493069e-01 -9.996892e+00  0.000000e+00
     vertex -2.500000e+00  5.000000e+00  0.000000e+00
   endloop
 endfacet
 facet normal  0.000000e+00  0.000000e+00 -1.000000e+00
   outer loop
     vertex  2.500000e+00  5.000000e+00  0.000000e+00
     vertex  2.493069e-01 -9.996892e+00  0.000000e+00
     vertex -2.493069e-01 -9.996892e+00  0.000000e+00
   endloop
 endfacet
 facet normal  0.000000e+00  0.000000e+00 -1.000000e+00
   outer loop
     vertex  2.500000e+00  5.000000e+00  0.000000e+00
     vertex  7.473009e-01 -9.972038e+00  0.000000e+00
     vertex  2.493069e-01 -9.996892e+00  0.000000e+00
   endloop
 endfacet
 facet normal  0.000000e+00  0.000000e+00 -1.000000e+00
   outer loop
     vertex  2.500000e+00  5.000000e+00  0.000000e+00
     vertex  1.243437e+00 -9.922392e+00  0.000000e+00
     vertex  7.473009e-01 -9.972038e+00  0.000000e+00
   endloop
 endfacet
 facet normal  0.000000e+00  0.000000e+00 -1.000000e+00
   outer loop
     vertex  2.500000e+00  5.000000e+00  0.000000e+00
     vertex  1.736482e+00 -9.848078e+00  0.000000e+00
     vertex  1.243437e+00 -9.922392e+00  0.000000e+00
   endloop
 endfacet
 facet normal  0.000000e+00  0.000000e+00 -1.000000e+00
   outer loop
     vertex  2.500000e+00  5.000000e+00  0.000000e+00
     vertex  2.225209e+00 -9.749279e+00  0.000000e+00
     vertex  1.736482e+00 -9.848078e+00  0.000000e+00
   endloop
 endfacet
 facet normal  0.000000e+00 -0.000000e+00 -1.000000e+00
   outer loop
     vertex  2.500000e+00  5.000000e+00  0.000000e+00
     vertex  2.708405e+00 -9.626242e+00  0.000000e+00
     vertex  2.225209e+00 -9.749279e+00  0.000000e+00
   endloop
 endfacet
 facet normal  0.000000e+00  0.000000e+00 -1.000000e+00
   outer loop
     vertex -2.225209e+00  9.749279e+00  0.000000e+00
     vertex -2.500000e+00  7.500000e+00  0.000000e+00
     vertex -2.708405e+00  9.626242e+00  0.000000e+00
   endloop
 endfacet
 facet normal -0.000000e+00  0.000000e+00 -1.000000e+00
   outer loop
     vertex  9.801725e+00 -1.981461e+00  0.000000e+00
     vertex  9.690773e+00 -2.467574e+00  0.000000e+00
     vertex  2.500000e+00  5.000000e+00  0.000000e+00
   endloop
 endfacet
 facet normal  0.000000e+00  0.000000e+00 -1.000000e+00
   outer loop
     vertex -1.736482e+00  9.848078e+00  0.000000e+00
     vertex -2.500000e+00  7.500000e+00  0.000000e+00
     vertex -2.225209e+00  9.749279e+00  0.000000e+00
   endloop
 endfacet
 facet normal -0.000000e+00  0.000000e+00 -1.000000e+00
   outer loop
     vertex  9.888308e+00 -1.490423e+00  0.000000e+00
     vertex  9.801725e+00 -1.981461e+00  0.000000e+00
     vertex  2.500000e+00  5.000000e+00  0.000000e+00
   endloop
 endfacet
 facet normal  0.000000e+00  0.000000e+00 -1.000000e+00
   outer loop
     vertex -1.243437e+00  9.922392e+00  0.000000e+00
     vertex -2.500000e+00  7.500000e+00  0.000000e+00
     vertex -1.736482e+00  9.848078e+00  0.000000e+00
   endloop
 endfacet
 facet normal -0.000000e+00  0.000000e+00 -1.000000e+00
   outer loop
     vertex  9.950308e+00 -9.956785e-01  0.000000e+00
     vertex  9.888308e+00 -1.490423e+00  0.000000e+00
     vertex  2.500000e+00  5.000000e+00  0.000000e+00
   endloop
 endfacet
 facet normal  0.000000e+00  0.000000e+00 -1.000000e+00
   outer loop
     vertex -7.473009e-01  9.972038e+00  0.000000e+00
     vertex -2.500000e+00  7.500000e+00  0.000000e+00
     vertex -1.243437e+00  9.922392e+00  0.000000e+00
   endloop
 endfacet
 facet normal -0.000000e+00  0.000000e+00 -1.000000e+00
   outer loop
     vertex  9.987569e+00 -4.984589e-01  0.000000e+00
     vertex  9.950308e+00 -9.956785e-01  0.000000e+00
     vertex  2.500000e+00  5.000000e+00  0.000000e+00
   endloop
 endfacet
 facet normal  0.000000e+00  0.000000e+00 -1.000000e+00
   outer loop
     vertex -2.493069e-01  9.996892e+00  0.000000e+00
     vertex -2.500000e+00  7.500000e+00  0.000000e+00
     vertex -7.473009e-01  9.972038e+00  0.000000e+00
   endloop
 endfacet
 facet normal -0.000000e+00  0.000000e+00 -1.000000e+00
   outer loop
     vertex  1.000000e+01  0.000000e+00  0.000000e+00
     vertex  9.987569e+00 -4.984589e-01  0.000000e+00
     vertex  2.500000e+00  5.000000e+00  0.000000e+00
   endloop
 endfacet
 facet normal -0.000000e+00  0.000000e+00 -1.000000e+00
   outer loop
     vertex  2.493069e-01  9.996892e+00  0.000000e+00
     vertex -2.500000e+00  7.500000e+00  0.000000e+00
     vertex -2.493069e-01  9.996892e+00  0.000000e+00
   endloop
 endfacet
 facet normal  0.000000e+00 -0.000000e+00 -1.000000e+00
   outer loop
     vertex  2.493069e-01  9.996892e+00  0.000000e+00
     vertex  2.500000e+00  7.500000e+00  0.000000e+00
     vertex -2.500000e+00  7.500000e+00  0.000000e+00
   endloop
 endfacet
 facet normal -0.000000e+00 -0.000000e+00 -1.000000e+00
   outer loop
     vertex  9.987569e+00  4.984589e-01  0.000000e+00
     vertex  1.000000e+01  0.000000e+00  0.000000e+00
     vertex  2.500000e+00  5.000000e+00  0.000000e+00
   endloop
 endfacet
 facet normal -0.000000e+00 -0.000000e+00 -1.000000e+00
   outer loop
     vertex  7.473009e-01  9.972038e+00  0.000000e+00
     vertex  2.500000e+00  7.500000e+00  0.000000e+00
     vertex  2.493069e-01  9.996892e+00  0.000000e+00
   endloop
 endfacet
 facet normal -0.000000e+00 -0.000000e+00 -1.000000e+00
   outer loop
     vertex  9.950308e+00  9.956785e-01  0.000000e+00
     vertex  9.987569e+00  4.984589e-01  0.000000e+00
     vertex  2.500000e+00  5.000000e+00  0.000000e+00
   endloop
 endfacet
 facet normal -0.000000e+00 -0.000000e+00 -1.000000e+00
   outer loop
     vertex  1.243437e+00  9.922392e+00  0.000000e+00
     vertex  2.500000e+00  7.500000e+00  0.000000e+00
     vertex  7.473009e-01  9.972038e+00  0.000000e+00
   endloop
 endfacet
 facet normal -0.000000e+00 -0.000000e+00 -1.000000e+00
   outer loop
     vertex  9.888308e+00  1.490423e+00  0.000000e+00
     vertex  9.950308e+00  9.956785e-01  0.000000e+00
     vertex  2.500000e+00  5.000000e+00  0.000000e+00
   endloop
 endfacet
 facet normal -0.000000e+00 -0.000000e+00 -1.000000e+00
   outer loop
     vertex  1.736482e+00  9.848078e+00  0.000000e+00
     vertex  2.500000e+00  7.500000e+00  0.000000e+00
     vertex  1.243437e+00  9.922392e+00  0.000000e+00
   endloop
 endfacet
 facet normal -0.000000e+00 -0.000000e+00 -1.000000e+00
   outer loop
     vertex  9.801725e+00  1.981461e+00  0.000000e+00
     vertex  9.888308e+00  1.490423e+00  0.000000e+00
     vertex  2.500000e+00  5.000000e+00  0.000000e+00
   endloop
 endfacet
 facet normal -0.000000e+00 -0.000000e+00 -1.000000e+00
   outer loop
     vertex  2.225209e+00  9.749279e+00  0.000000e+00
     vertex  2.500000e+00  7.500000e+00  0.000000e+00
     vertex  1.736482e+00  9.848078e+00  0.000000e+00
   endloop
 endfacet
 facet normal -0.000000e+00 -0.000000e+00 -1.000000e+00
   outer loop
     vertex  9.690773e+00  2.467574e+00  0.000000e+00
     vertex  9.801725e+00  1.981461e+00  0.000000e+00
     vertex  2.500000e+00  5.000000e+00  0.000000e+00
   endloop
 endfacet
 facet normal -0.000000e+00  0.000000e+00 -1.000000e+00
   outer loop
     vertex  2.708405e+00  9.626242e+00  0.000000e+00
     vertex  2.500000e+00  7.500000e+00  0.000000e+00
     vertex  2.225209e+00  9.749279e+00  0.000000e+00
   endloop
 endfacet
 facet normal -0.000000e+00 -0.000000e+00 -1.000000e+00
   outer loop
     vertex  9.555728e+00  2.947552e+00  0.000000e+00
     vertex  9.690773e+00  2.467574e+00  0.000000e+00
     vertex  2.500000e+00  5.000000e+00  0.000000e+00
   endloop
 endfacet
 facet normal -0.000000e+00  0.000000e+00 -1.000000e+00
   outer loop
     vertex  3.184867e+00  9.479273e+00  0.000000e+00
     vertex  2.500000e+00  7.500000e+00  0.000000e+00
     vertex  2.708405e+00  9.626242e+00  0.000000e+00
   endloop
 endfacet
 facet normal -0.000000e+00 -0.000000e+00 -1.000000e+00
   outer loop
     vertex  9.396926e+00  3.420201e+00  0.000000e+00
     vertex  9.555728e+00  2.947552e+00  0.000000e+00
     vertex  2.500000e+00  5.000000e+00  0.000000e+00
   endloop
 endfacet
 facet normal -0.000000e+00  0.000000e+00 -1.000000e+00
   outer loop
     vertex  3.653410e+00  9.308737e+00  0.000000e+00
     vertex  2.500000e+00  7.500000e+00  0.000000e+00
     vertex  3.184867e+00  9.479273e+00  0.000000e+00
   endloop
 endfacet
 facet normal -0.000000e+00 -0.000000e+00 -1.000000e+00
   outer loop
     vertex  9.214762e+00  3.884348e+00  0.000000e+00
     vertex  9.396926e+00  3.420201e+00  0.000000e+00
     vertex  2.500000e+00  5.000000e+00  0.000000e+00
   endloop
 endfacet
 facet normal -0.000000e+00  0.000000e+00 -1.000000e+00
   outer loop
     vertex  4.112871e+00  9.115059e+00  0.000000e+00
     vertex  2.500000e+00  7.500000e+00  0.000000e+00
     vertex  3.653410e+00  9.308737e+00  0.000000e+00
   endloop
 endfacet
 facet normal -0.000000e+00 -0.000000e+00 -1.000000e+00
   outer loop
     vertex  9.009689e+00  4.338837e+00  0.000000e+00
     vertex  9.214762e+00  3.884348e+00  0.000000e+00
     vertex  2.500000e+00  5.000000e+00  0.000000e+00
   endloop
 endfacet
 facet normal -0.000000e+00  0.000000e+00 -1.000000e+00
   outer loop
     vertex  4.562107e+00  8.898718e+00  0.000000e+00
     vertex  2.500000e+00  7.500000e+00  0.000000e+00
     vertex  4.112871e+00  9.115059e+00  0.000000e+00
   endloop
 endfacet
 facet normal -0.000000e+00 -0.000000e+00 -1.000000e+00
   outer loop
     vertex  8.782216e+00  4.782540e+00  0.000000e+00
     vertex  9.009689e+00  4.338837e+00  0.000000e+00
     vertex  2.500000e+00  5.000000e+00  0.000000e+00
   endloop
 endfacet
 facet normal -0.000000e+00  0.000000e+00 -1.000000e+00
   outer loop
     vertex  5.000000e+00  8.660254e+00  0.000000e+00
     vertex  2.500000e+00  7.500000e+00  0.000000e+00
     vertex  4.562107e+00  8.898718e+00  0.000000e+00
   endloop
 endfacet
 facet normal  0.000000e+00 -0.000000e+00 -1.000000e+00
   outer loop
     vertex  8.532909e+00  5.214352e+00  0.000000e+00
     vertex  8.782216e+00  4.782540e+00  0.000000e+00
     vertex  2.500000e+00  5.000000e+00  0.000000e+00
   endloop
 endfacet
 facet normal -0.000000e+00  0.000000e+00 -1.000000e+00
   outer loop
     vertex  5.425463e+00  8.400259e+00  0.000000e+00
     vertex  2.500000e+00  7.500000e+00  0.000000e+00
     vertex  5.000000e+00  8.660254e+00  0.000000e+00
   endloop
 endfacet
 facet normal  0.000000e+00 -0.000000e+00 -1.000000e+00
   outer loop
     vertex  8.262388e+00  5.633201e+00  0.000000e+00
     vertex  8.532909e+00  5.214352e+00  0.000000e+00
     vertex  2.500000e+00  5.000000e+00  0.000000e+00
   endloop
 endfacet
 facet normal  0.000000e+00  0.000000e+00 -1.000000e+00
   outer loop
     vertex  5.837437e+00  8.119380e+00  0.000000e+00
     vertex  2.500000e+00  5.000000e+00  0.000000e+00
     vertex  2.500000e+00  7.500000e+00  0.000000e+00
   endloop
 endfacet
 facet normal -0.000000e+00  0.000000e+00 -1.000000e+00
   outer loop
     vertex  5.837437e+00  8.119380e+00  0.000000e+00
     vertex  2.500000e+00  7.500000e+00  0.000000e+00
     vertex  5.425463e+00  8.400259e+00  0.000000e+00
   endloop
 endfacet
 facet normal  0.000000e+00 -0.000000e+00 -1.000000e+00
   outer loop
     vertex  7.971325e+00  6.038044e+00  0.000000e+00
     vertex  8.262388e+00  5.633201e+00  0.000000e+00
     vertex  2.500000e+00  5.000000e+00  0.000000e+00
   endloop
 endfacet
 facet normal -0.000000e+00  0.000000e+00 -1.000000e+00
   outer loop
     vertex  6.234898e+00  7.818315e+00  0.000000e+00
     vertex  2.500000e+00  5.000000e+00  0.000000e+00
     vertex  5.837437e+00  8.119380e+00  0.000000e+00
   endloop
 endfacet
 facet normal  0.000000e+00 -0.000000e+00 -1.000000e+00
   outer loop
     vertex  7.660444e+00  6.427876e+00  0.000000e+00
     vertex  7.971325e+00  6.038044e+00  0.000000e+00
     vertex  2.500000e+00  5.000000e+00  0.000000e+00
   endloop
 endfacet
 facet normal -0.000000e+00  0.000000e+00 -1.000000e+00
   outer loop
     vertex  6.616858e+00  7.497812e+00  0.000000e+00
     vertex  2.500000e+00  5.000000e+00  0.000000e+00
     vertex  6.234898e+00  7.818315e+00  0.000000e+00
   endloop
 endfacet
 facet normal  0.000000e+00 -0.000000e+00 -1.000000e+00
   outer loop
     vertex  7.330519e+00  6.801727e+00  0.000000e+00
     vertex  7.660444e+00  6.427876e+00  0.000000e+00
     vertex  2.500000e+00  5.000000e+00  0.000000e+00
   endloop
 endfacet
 facet normal -0.000000e+00  0.000000e+00 -1.000000e+00
   outer loop
     vertex  6.982368e+00  7.158668e+00  0.000000e+00
     vertex  2.500000e+00  5.000000e+00  0.000000e+00
     vertex  6.616858e+00  7.497812e+00  0.000000e+00
   endloop
 endfacet
 facet normal  0.000000e+00 -0.000000e+00 -1.000000e+00
   outer loop
     vertex  6.982368e+00  7.158668e+00  0.000000e+00
     vertex  7.330519e+00  6.801727e+00  0.000000e+00
     vertex  2.500000e+00  5.000000e+00  0.000000e+00
   endloop
 endfacet
 facet normal  0.000000e+00  0.000000e+00  1.000000e+00
   outer loop
     vertex -2.500000e+00  5.000000e+00  5.000000e+01
     vertex -5.253693e+00  7.307442e+00  5.000000e+01
     vertex -5.611408e+00  7.036483e+00  5.000000e+01
   endloop
 endfacet
 facet normal  0.000000e+00  0.000000e+00  1.000000e+00
   outer loop
     vertex -2.500000e+00  5.000000e+00  5.000000e+01
     vertex -5.611408e+00  7.036483e+00  5.000000e+01
     vertex -5.955173e+00  6.748031e+00  5.000000e+01
   endloop
 endfacet
 facet normal  0.000000e+00  0.000000e+00  1.000000e+00
   outer loop
     vertex -2.500000e+00  5.000000e+00  5.000000e+01
     vertex -5.955173e+00  6.748031e+00  5.000000e+01
     vertex -6.284131e+00  6.442802e+00  5.000000e+01
   endloop
 endfacet
 facet normal  0.000000e+00  0.000000e+00  1.000000e+00
   outer loop
     vertex -2.500000e+00  5.000000e+00  5.000000e+01
     vertex -6.284131e+00  6.442802e+00  5.000000e+01
     vertex -6.597467e+00  6.121555e+00  5.000000e+01
   endloop
 endfacet
 facet normal  0.000000e+00  0.000000e+00  1.000000e+00
   outer loop
     vertex -2.500000e+00  5.000000e+00  5.000000e+01
     vertex -6.597467e+00  6.121555e+00  5.000000e+01
     vertex -6.894400e+00  5.785088e+00  5.000000e+01
   endloop
 endfacet
 facet normal  0.000000e+00  0.000000e+00  1.000000e+00
   outer loop
     vertex -2.500000e+00  5.000000e+00  5.000000e+01
     vertex -6.894400e+00  5.785088e+00  5.000000e+01
     vertex -7.174193e+00  5.434240e+00  5.000000e+01
   endloop
 endfacet
 facet normal  0.000000e+00  0.000000e+00  1.000000e+00
   outer loop
     vertex -2.500000e+00  5.000000e+00  5.000000e+01
     vertex -7.174193e+00  5.434240e+00  5.000000e+01
     vertex -7.436149e+00  5.069881e+00  5.000000e+01
   endloop
 endfacet
 facet normal  0.000000e+00  0.000000e+00  1.000000e+00
   outer loop
     vertex -2.500000e+00  5.000000e+00  5.000000e+01
     vertex -7.436149e+00  5.069881e+00  5.000000e+01
     vertex -7.679618e+00  4.692917e+00  5.000000e+01
   endloop
 endfacet
 facet normal  0.000000e+00  0.000000e+00  1.000000e+00
   outer loop
     vertex -2.500000e+00  5.000000e+00  5.000000e+01
     vertex -7.679618e+00  4.692917e+00  5.000000e+01
     vertex -7.903994e+00  4.304286e+00  5.000000e+01
   endloop
 endfacet
 facet normal  0.000000e+00  0.000000e+00  1.000000e+00
   outer loop
     vertex -2.500000e+00  5.000000e+00  5.000000e+01
     vertex -7.903994e+00  4.304286e+00  5.000000e+01
     vertex -8.108720e+00  3.904954e+00  5.000000e+01
   endloop
 endfacet
 facet normal  0.000000e+00  0.000000e+00  1.000000e+00
   outer loop
     vertex -2.500000e+00  5.000000e+00  5.000000e+01
     vertex -8.108720e+00  3.904954e+00  5.000000e+01
     vertex -8.293286e+00  3.495913e+00  5.000000e+01
   endloop
 endfacet
 facet normal  0.000000e+00  0.000000e+00  1.000000e+00
   outer loop
     vertex -2.500000e+00  5.000000e+00  5.000000e+01
     vertex -8.293286e+00  3.495913e+00  5.000000e+01
     vertex -8.457234e+00  3.078181e+00  5.000000e+01
   endloop
 endfacet
 facet normal  0.000000e+00  0.000000e+00  1.000000e+00
   outer loop
     vertex -2.500000e+00  5.000000e+00  5.000000e+01
     vertex -8.457234e+00  3.078181e+00  5.000000e+01
     vertex -8.600155e+00  2.652797e+00  5.000000e+01
   endloop
 endfacet
 facet normal  0.000000e+00  0.000000e+00  1.000000e+00
   outer loop
     vertex -2.500000e+00  5.000000e+00  5.000000e+01
     vertex -8.600155e+00  2.652797e+00  5.000000e+01
     vertex -8.721696e+00  2.220817e+00  5.000000e+01
   endloop
 endfacet
 facet normal  0.000000e+00  0.000000e+00  1.000000e+00
   outer loop
     vertex -2.500000e+00  5.000000e+00  5.000000e+01
     vertex -8.721696e+00  2.220817e+00  5.000000e+01
     vertex -8.821552e+00  1.783315e+00  5.000000e+01
   endloop
 endfacet
 facet normal  0.000000e+00  0.000000e+00  1.000000e+00
   outer loop
     vertex -2.500000e+00  5.000000e+00  5.000000e+01
     vertex -8.821552e+00  1.783315e+00  5.000000e+01
     vertex -8.899477e+00  1.341380e+00  5.000000e+01
   endloop
 endfacet
 facet normal  0.000000e+00  0.000000e+00  1.000000e+00
   outer loop
     vertex -2.500000e+00  5.000000e+00  5.000000e+01
     vertex -8.899477e+00  1.341380e+00  5.000000e+01
     vertex -8.955277e+00  8.961106e-01  5.000000e+01
   endloop
 endfacet
 facet normal  0.000000e+00  0.000000e+00  1.000000e+00
   outer loop
     vertex -2.500000e+00  5.000000e+00  5.000000e+01
     vertex -8.955277e+00  8.961106e-01  5.000000e+01
     vertex -8.988812e+00  4.486130e-01  5.000000e+01
   endloop
 endfacet
 facet normal  0.000000e+00  0.000000e+00  1.000000e+00
   outer loop
     vertex -2.500000e+00  5.000000e+00  5.000000e+01
     vertex -8.988812e+00  4.486130e-01  5.000000e+01
     vertex -9.000000e+00 -3.087224e-14  5.000000e+01
   endloop
 endfacet
 facet normal  0.000000e+00  0.000000e+00  1.000000e+00
   outer loop
     vertex -2.500000e+00  5.000000e+00  5.000000e+01
     vertex -9.000000e+00 -3.087224e-14  5.000000e+01
     vertex -8.988812e+00 -4.486130e-01  5.000000e+01
   endloop
 endfacet
 facet normal  0.000000e+00  0.000000e+00  1.000000e+00
   outer loop
     vertex -2.500000e+00  5.000000e+00  5.000000e+01
     vertex -8.988812e+00 -4.486130e-01  5.000000e+01
     vertex -8.955277e+00 -8.961106e-01  5.000000e+01
   endloop
 endfacet
 facet normal  0.000000e+00  0.000000e+00  1.000000e+00
   outer loop
     vertex -2.500000e+00  5.000000e+00  5.000000e+01
     vertex -8.955277e+00 -8.961106e-01  5.000000e+01
     vertex -8.899477e+00 -1.341380e+00  5.000000e+01
   endloop
 endfacet
 facet normal  0.000000e+00  0.000000e+00  1.000000e+00
   outer loop
     vertex -2.500000e+00  5.000000e+00  5.000000e+01
     vertex -8.899477e+00 -1.341380e+00  5.000000e+01
     vertex -8.821552e+00 -1.783315e+00  5.000000e+01
   endloop
 endfacet
 facet normal  0.000000e+00  0.000000e+00  1.000000e+00
   outer loop
     vertex -2.500000e+00  5.000000e+00  5.000000e+01
     vertex -8.821552e+00 -1.783315e+00  5.000000e+01
     vertex -8.721696e+00 -2.220817e+00  5.000000e+01
   endloop
 endfacet
 facet normal  0.000000e+00  0.000000e+00  1.000000e+00
   outer loop
     vertex -2.500000e+00  5.000000e+00  5.000000e+01
     vertex -8.721696e+00 -2.220817e+00  5.000000e+01
     vertex -8.600155e+00 -2.652797e+00  5.000000e+01
   endloop
 endfacet
 facet normal  0.000000e+00  0.000000e+00  1.000000e+00
   outer loop
     vertex -2.500000e+00  5.000000e+00  5.000000e+01
     vertex -8.600155e+00 -2.652797e+00  5.000000e+01
     vertex -8.457234e+00 -3.078181e+00  5.000000e+01
   endloop
 endfacet
 facet normal  0.000000e+00  0.000000e+00  1.000000e+00
   outer loop
     vertex -2.500000e+00  5.000000e+00  5.000000e+01
     vertex -8.457234e+00 -3.078181e+00  5.000000e+01
     vertex -8.293286e+00 -3.495913e+00  5.000000e+01
   endloop
 endfacet
 facet normal  0.000000e+00  0.000000e+00  1.000000e+00
   outer loop
     vertex -2.500000e+00  5.000000e+00  5.000000e+01
     vertex -8.293286e+00 -3.495913e+00  5.000000e+01
     vertex -8.108720e+00 -3.904954e+00  5.000000e+01
   endloop
 endfacet
 facet normal  0.000000e+00  0.000000e+00  1.000000e+00
   outer loop
     vertex -2.500000e+00  5.000000e+00  5.000000e+01
     vertex -8.108720e+00 -3.904954e+00  5.000000e+01
     vertex -7.903994e+00 -4.304286e+00  5.000000e+01
   endloop
 endfacet
 facet normal  0.000000e+00  0.000000e+00  1.000000e+00
   outer loop
     vertex -2.500000e+00  5.000000e+00  5.000000e+01
     vertex -7.903994e+00 -4.304286e+00  5.000000e+01
     vertex -7.679618e+00 -4.692917e+00  5.000000e+01
   endloop
 endfacet
 facet normal  0.000000e+00  0.000000e+00  1.000000e+00
   outer loop
     vertex -2.500000e+00  5.000000e+00  5.000000e+01
     vertex -7.679618e+00 -4.692917e+00  5.000000e+01
     vertex -7.436149e+00 -5.069881e+00  5.000000e+01
   endloop
 endfacet
 facet normal  0.000000e+00  0.000000e+00  1.000000e+00
   outer loop
     vertex -2.500000e+00  5.000000e+00  5.000000e+01
     vertex -7.436149e+00 -5.069881e+00  5.000000e+01
     vertex -7.174193e+00 -5.434240e+00  5.000000e+01
   endloop
 endfacet
 facet normal  0.000000e+00  0.000000e+00  1.000000e+00
   outer loop
     vertex -2.500000e+00  5.000000e+00  5.000000e+01
     vertex -7.174193e+00 -5.434240e+00  5.000000e+01
     vertex -6.894400e+00 -5.785088e+00  5.000000e+01
   endloop
 endfacet
 facet normal  0.000000e+00  0.000000e+00  1.000000e+00
   outer loop
     vertex -2.500000e+00  5.000000e+00  5.000000e+01
     vertex -6.894400e+00 -5.785088e+00  5.000000e+01
     vertex -6.597467e+00 -6.121555e+00  5.000000e+01
   endloop
 endfacet
 facet normal  0.000000e+00  0.000000e+00  1.000000e+00
   outer loop
     vertex -2.500000e+00  5.000000e+00  5.000000e+01
     vertex -6.597467e+00 -6.121555e+00  5.000000e+01
     vertex -6.284131e+00 -6.442802e+00  5.000000e+01
   endloop
 endfacet
 facet normal  0.000000e+00  0.000000e+00  1.000000e+00
   outer loop
     vertex -2.500000e+00  5.000000e+00  5.000000e+01
     vertex -6.284131e+00 -6.442802e+00  5.000000e+01
     vertex -5.955173e+00 -6.748031e+00  5.000000e+01
   endloop
 endfacet
 facet normal  0.000000e+00  0.000000e+00  1.000000e+00
   outer loop
     vertex -2.500000e+00  5.000000e+00  5.000000e+01
     vertex -5.955173e+00 -6.748031e+00  5.000000e+01
     vertex -5.611408e+00 -7.036483e+00  5.000000e+01
   endloop
 endfacet
 facet normal  0.000000e+00  0.000000e+00  1.000000e+00
   outer loop
     vertex -2.500000e+00  5.000000e+00  5.000000e+01
     vertex -5.611408e+00 -7.036483e+00  5.000000e+01
     vertex -5.253693e+00 -7.307442e+00  5.000000e+01
   endloop
 endfacet
 facet normal  0.000000e+00  0.000000e+00  1.000000e+00
   outer loop
     vertex -2.500000e+00  5.000000e+00  5.000000e+01
     vertex -5.253693e+00 -7.307442e+00  5.000000e+01
     vertex -4.882916e+00 -7.560233e+00  5.000000e+01
   endloop
 endfacet
 facet normal  0.000000e+00  0.000000e+00  1.000000e+00
   outer loop
     vertex -2.500000e+00  5.000000e+00  5.000000e+01
     vertex -4.882916e+00 -7.560233e+00  5.000000e+01
     vertex -4.500000e+00 -7.794229e+00  5.000000e+01
   endloop
 endfacet
 facet normal  0.000000e+00  0.000000e+00  1.000000e+00
   outer loop
     vertex -2.500000e+00  5.000000e+00  5.000000e+01
     vertex -4.500000e+00 -7.794229e+00  5.000000e+01
     vertex -4.105896e+00 -8.008846e+00  5.000000e+01
   endloop
 endfacet
 facet normal  0.000000e+00  0.000000e+00  1.000000e+00
   outer loop
     vertex -2.500000e+00  5.000000e+00  5.000000e+01
     vertex -4.105896e+00 -8.008846e+00  5.000000e+01
     vertex -3.701584e+00 -8.203553e+00  5.000000e+01
   endloop
 endfacet
 facet normal  0.000000e+00  0.000000e+00  1.000000e+00
   outer loop
     vertex -2.500000e+00  5.000000e+00  5.000000e+01
     vertex -3.701584e+00 -8.203553e+00  5.000000e+01
     vertex -3.288069e+00 -8.377864e+00  5.000000e+01
   endloop
 endfacet
 facet normal  0.000000e+00  0.000000e+00  1.000000e+00
   outer loop
     vertex -2.500000e+00  5.000000e+00  5.000000e+01
     vertex -3.288069e+00 -8.377864e+00  5.000000e+01
     vertex -2.866380e+00 -8.531346e+00  5.000000e+01
   endloop
 endfacet
 facet normal  0.000000e+00  0.000000e+00  1.000000e+00
   outer loop
     vertex -2.500000e+00  5.000000e+00  5.000000e+01
     vertex -2.866380e+00 -8.531346e+00  5.000000e+01
     vertex -2.437564e+00 -8.663618e+00  5.000000e+01
   endloop
 endfacet
 facet normal  0.000000e+00  0.000000e+00  1.000000e+00
   outer loop
     vertex -2.500000e+00  5.000000e+00  5.000000e+01
     vertex -2.437564e+00 -8.663618e+00  5.000000e+01
     vertex -2.002688e+00 -8.774351e+00  5.000000e+01
   endloop
 endfacet
 facet normal  0.000000e+00  0.000000e+00  1.000000e+00
   outer loop
     vertex -2.500000e+00  5.000000e+00  5.000000e+01
     vertex -2.002688e+00 -8.774351e+00  5.000000e+01
     vertex -1.562834e+00 -8.863270e+00  5.000000e+01
   endloop
 endfacet
 facet normal  0.000000e+00  0.000000e+00  1.000000e+00
   outer loop
     vertex -2.500000e+00  5.000000e+00  5.000000e+01
     vertex -1.562834e+00 -8.863270e+00  5.000000e+01
     vertex -1.119093e+00 -8.930153e+00  5.000000e+01
   endloop
 endfacet
 facet normal  0.000000e+00  0.000000e+00  1.000000e+00
   outer loop
     vertex -2.500000e+00  5.000000e+00  5.000000e+01
     vertex -1.119093e+00 -8.930153e+00  5.000000e+01
     vertex -6.725708e-01 -8.974834e+00  5.000000e+01
   endloop
 endfacet
 facet normal  0.000000e+00  0.000000e+00  1.000000e+00
   outer loop
     vertex -2.500000e+00  5.000000e+00  5.000000e+01
     vertex -6.725708e-01 -8.974834e+00  5.000000e+01
     vertex -2.243762e-01 -8.997203e+00  5.000000e+01
   endloop
 endfacet
 facet normal  0.000000e+00  0.000000e+00  1.000000e+00
   outer loop
     vertex -4.882916e+00  7.560233e+00  5.000000e+01
     vertex -5.253693e+00  7.307442e+00  5.000000e+01
     vertex -2.500000e+00  5.000000e+00  5.000000e+01
   endloop
 endfacet
 facet normal  0.000000e+00  0.000000e+00  1.000000e+00
   outer loop
     vertex -4.500000e+00  7.794229e+00  5.000000e+01
     vertex -4.882916e+00  7.560233e+00  5.000000e+01
     vertex -2.500000e+00  5.000000e+00  5.000000e+01
   endloop
 endfacet
 facet normal  0.000000e+00  0.000000e+00  1.000000e+00
   outer loop
     vertex -2.500000e+00  7.500000e+00  5.000000e+01
     vertex -3.701584e+00  8.203553e+00  5.000000e+01
     vertex -4.105896e+00  8.008846e+00  5.000000e+01
   endloop
 endfacet
 facet normal  0.000000e+00  0.000000e+00  1.000000e+00
   outer loop
     vertex -2.500000e+00  7.500000e+00  5.000000e+01
     vertex -4.105896e+00  8.008846e+00  5.000000e+01
     vertex -4.500000e+00  7.794229e+00  5.000000e+01
   endloop
 endfacet
 facet normal  0.000000e+00  0.000000e+00  1.000000e+00
   outer loop
     vertex -2.500000e+00  7.500000e+00  5.000000e+01
     vertex -4.500000e+00  7.794229e+00  5.000000e+01
     vertex -2.500000e+00  5.000000e+00  5.000000e+01
   endloop
 endfacet
 facet normal  0.000000e+00  0.000000e+00  1.000000e+00
   outer loop
     vertex -3.288069e+00  8.377864e+00  5.000000e+01
     vertex -3.701584e+00  8.203553e+00  5.000000e+01
     vertex -2.500000e+00  7.500000e+00  5.000000e+01
   endloop
 endfacet
 facet normal  0.000000e+00  0.000000e+00  1.000000e+00
   outer loop
     vertex -2.866380e+00  8.531346e+00  5.000000e+01
     vertex -3.288069e+00  8.377864e+00  5.000000e+01
     vertex -2.500000e+00  7.500000e+00  5.000000e+01
   endloop
 endfacet
 facet normal  0.000000e+00  0.000000e+00  1.000000e+00
   outer loop
     vertex -2.437564e+00  8.663618e+00  5.000000e+01
     vertex -2.866380e+00  8.531346e+00  5.000000e+01
     vertex -2.500000e+00  7.500000e+00  5.000000e+01
   endloop
 endfacet
 facet normal  0.000000e+00  0.000000e+00  1.000000e+00
   outer loop
     vertex -2.002688e+00  8.774351e+00  5.000000e+01
     vertex -2.437564e+00  8.663618e+00  5.000000e+01
     vertex -2.500000e+00  7.500000e+00  5.000000e+01
   endloop
 endfacet
 facet normal  0.000000e+00  0.000000e+00  1.000000e+00
   outer loop
     vertex -1.562834e+00  8.863270e+00  5.000000e+01
     vertex -2.002688e+00  8.774351e+00  5.000000e+01
     vertex -2.500000e+00  7.500000e+00  5.000000e+01
   endloop
 endfacet
 facet normal  0.000000e+00  0.000000e+00  1.000000e+00
   outer loop
     vertex  2.500000e+00  5.000000e+00  5.000000e+01
     vertex  2.437564e+00 -8.663618e+00  5.000000e+01
     vertex  2.866380e+00 -8.531346e+00  5.000000e+01
   endloop
 endfacet
 facet normal  0.000000e+00  0.000000e+00  1.000000e+00
   outer loop
     vertex  2.500000e+00  5.000000e+00  5.000000e+01
     vertex  2.866380e+00 -8.531346e+00  5.000000e+01
     vertex  3.288069e+00 -8.377864e+00  5.000000e+01
   endloop
 endfacet
 facet normal  0.000000e+00  0.000000e+00  1.000000e+00
   outer loop
     vertex  2.500000e+00  5.000000e+00  5.000000e+01
     vertex  3.288069e+00 -8.377864e+00  5.000000e+01
     vertex  3.701584e+00 -8.203553e+00  5.000000e+01
   endloop
 endfacet
 facet normal  0.000000e+00  0.000000e+00  1.000000e+00
   outer loop
     vertex  2.500000e+00  5.000000e+00  5.000000e+01
     vertex  3.701584e+00 -8.203553e+00  5.000000e+01
     vertex  4.105896e+00 -8.008846e+00  5.000000e+01
   endloop
 endfacet
 facet normal  0.000000e+00  0.000000e+00  1.000000e+00
   outer loop
     vertex  2.500000e+00  5.000000e+00  5.000000e+01
     vertex  4.105896e+00 -8.008846e+00  5.000000e+01
     vertex  4.500000e+00 -7.794229e+00  5.000000e+01
   endloop
 endfacet
 facet normal  0.000000e+00  0.000000e+00  1.000000e+00
   outer loop
     vertex  2.500000e+00  5.000000e+00  5.000000e+01
     vertex  4.500000e+00 -7.794229e+00  5.000000e+01
     vertex  4.882916e+00 -7.560233e+00  5.000000e+01
   endloop
 endfacet
 facet normal  0.000000e+00  0.000000e+00  1.000000e+00
   outer loop
     vertex  2.500000e+00  5.000000e+00  5.000000e+01
     vertex  4.882916e+00 -7.560233e+00  5.000000e+01
     vertex  5.253693e+00 -7.307442e+00  5.000000e+01
   endloop
 endfacet
 facet normal  0.000000e+00  0.000000e+00  1.000000e+00
   outer loop
     vertex  2.500000e+00  5.000000e+00  5.000000e+01
     vertex  5.253693e+00 -7.307442e+00  5.000000e+01
     vertex  5.611408e+00 -7.036483e+00  5.000000e+01
   endloop
 endfacet
 facet normal  0.000000e+00  0.000000e+00  1.000000e+00
   outer loop
     vertex  2.500000e+00  5.000000e+00  5.000000e+01
     vertex  5.611408e+00 -7.036483e+00  5.000000e+01
     vertex  5.955173e+00 -6.748031e+00  5.000000e+01
   endloop
 endfacet
 facet normal  0.000000e+00  0.000000e+00  1.000000e+00
   outer loop
     vertex  2.500000e+00  5.000000e+00  5.000000e+01
     vertex  5.955173e+00 -6.748031e+00  5.000000e+01
     vertex  6.284131e+00 -6.442802e+00  5.000000e+01
   endloop
 endfacet
 facet normal  0.000000e+00  0.000000e+00  1.000000e+00
   outer loop
     vertex  2.500000e+00  5.000000e+00  5.000000e+01
     vertex  6.284131e+00 -6.442802e+00  5.000000e+01
     vertex  6.597467e+00 -6.121555e+00  5.000000e+01
   endloop
 endfacet
 facet normal  0.000000e+00  0.000000e+00  1.000000e+00
   outer loop
     vertex  2.500000e+00  5.000000e+00  5.000000e+01
     vertex  6.597467e+00 -6.121555e+00  5.000000e+01
     vertex  6.894400e+00 -5.785088e+00  5.000000e+01
   endloop
 endfacet
 facet normal  0.000000e+00  0.000000e+00  1.000000e+00
   outer loop
     vertex  2.500000e+00  5.000000e+00  5.000000e+01
     vertex  6.894400e+00 -5.785088e+00  5.000000e+01
     vertex  7.174193e+00 -5.434240e+00  5.000000e+01
   endloop
 endfacet
 facet normal  0.000000e+00  0.000000e+00  1.000000e+00
   outer loop
     vertex  2.500000e+00  5.000000e+00  5.000000e+01
     vertex  7.174193e+00 -5.434240e+00  5.000000e+01
     vertex  7.436149e+00 -5.069881e+00  5.000000e+01
   endloop
 endfacet
 facet normal  0.000000e+00  0.000000e+00  1.000000e+00
   outer loop
     vertex  2.500000e+00  5.000000e+00  5.000000e+01
     vertex  7.436149e+00 -5.069881e+00  5.000000e+01
     vertex  7.679618e+00 -4.692917e+00  5.000000e+01
   endloop
 endfacet
 facet normal  0.000000e+00  0.000000e+00  1.000000e+00
   outer loop
     vertex  2.500000e+00  5.000000e+00  5.000000e+01
     vertex  7.679618e+00 -4.692917e+00  5.000000e+01
     vertex  7.903994e+00 -4.304286e+00  5.000000e+01
   endloop
 endfacet
 facet normal  0.000000e+00  0.000000e+00  1.000000e+00
   outer loop
     vertex  2.500000e+00  5.000000e+00  5.000000e+01
     vertex  7.903994e+00 -4.304286e+00  5.000000e+01
     vertex  8.108720e+00 -3.904954e+00  5.000000e+01
   endloop
 endfacet
 facet normal  0.000000e+00  0.000000e+00  1.000000e+00
   outer loop
     vertex  2.500000e+00  5.000000e+00  5.000000e+01
     vertex  8.108720e+00 -3.904954e+00  5.000000e+01
     vertex  8.293286e+00 -3.495913e+00  5.000000e+01
   endloop
 endfacet
 facet normal  0.000000e+00  0.000000e+00  1.000000e+00
   outer loop
     vertex  2.500000e+00  5.000000e+00  5.000000e+01
     vertex  8.293286e+00 -3.495913e+00  5.000000e+01
     vertex  8.457234e+00 -3.078181e+00  5.000000e+01
   endloop
 endfacet
 facet normal  0.000000e+00  0.000000e+00  1.000000e+00
   outer loop
     vertex  2.500000e+00  5.000000e+00  5.000000e+01
     vertex  8.457234e+00 -3.078181e+00  5.000000e+01
     vertex  8.600155e+00 -2.652797e+00  5.000000e+01
   endloop
 endfacet
 facet normal  0.000000e+00  0.000000e+00  1.000000e+00
   outer loop
     vertex  2.500000e+00  5.000000e+00  5.000000e+01
     vertex  8.600155e+00 -2.652797e+00  5.000000e+01
     vertex  8.721696e+00 -2.220817e+00  5.000000e+01
   endloop
 endfacet
 facet normal  0.000000e+00  0.000000e+00  1.000000e+00
   outer loop
     vertex  2.500000e+00  5.000000e+00  5.000000e+01
     vertex  8.721696e+00 -2.220817e+00  5.000000e+01
     vertex  8.821552e+00 -1.783315e+00  5.000000e+01
   endloop
 endfacet
 facet normal  0.000000e+00  0.000000e+00  1.000000e+00
   outer loop
     vertex  2.500000e+00  5.000000e+00  5.000000e+01
     vertex -2.500000e+00  5.000000e+00  5.000000e+01
     vertex -2.243762e-01 -8.997203e+00  5.000000e+01
   endloop
 endfacet
 facet normal  0.000000e+00  0.000000e+00  1.000000e+00
   outer loop
     vertex  2.500000e+00  5.000000e+00  5.000000e+01
     vertex -2.243762e-01 -8.997203e+00  5.000000e+01
     vertex  2.243762e-01 -8.997203e+00  5.000000e+01
   endloop
 endfacet
 facet normal  0.000000e+00  0.000000e+00  1.000000e+00
   outer loop
     vertex  2.500000e+00  5.000000e+00  5.000000e+01
     vertex  2.243762e-01 -8.997203e+00  5.000000e+01
     vertex  6.725708e-01 -8.974834e+00  5.000000e+01
   endloop
 endfacet
 facet normal  0.000000e+00  0.000000e+00  1.000000e+00
   outer loop
     vertex  2.500000e+00  5.000000e+00  5.000000e+01
     vertex  6.725708e-01 -8.974834e+00  5.000000e+01
     vertex  1.119093e+00 -8.930153e+00  5.000000e+01
   endloop
 endfacet
 facet normal  0.000000e+00  0.000000e+00  1.000000e+00
   outer loop
     vertex  2.500000e+00  5.000000e+00  5.000000e+01
     vertex  1.119093e+00 -8.930153e+00  5.000000e+01
     vertex  1.562834e+00 -8.863270e+00  5.000000e+01
   endloop
 endfacet
 facet normal  0.000000e+00  0.000000e+00  1.000000e+00
   outer loop
     vertex  2.500000e+00  5.000000e+00  5.000000e+01
     vertex  1.562834e+00 -8.863270e+00  5.000000e+01
     vertex  2.002688e+00 -8.774351e+00  5.000000e+01
   endloop
 endfacet
 facet normal  0.000000e+00  0.000000e+00  1.000000e+00
   outer loop
     vertex  2.500000e+00  5.000000e+00  5.000000e+01
     vertex  2.002688e+00 -8.774351e+00  5.000000e+01
     vertex  2.437564e+00 -8.663618e+00  5.000000e+01
   endloop
 endfacet
 facet normal  0.000000e+00  0.000000e+00  1.000000e+00
   outer loop
     vertex  8.899477e+00 -1.341380e+00  5.000000e+01
     vertex  2.500000e+00  5.000000e+00  5.000000e+01
     vertex  8.821552e+00 -1.783315e+00  5.000000e+01
   endloop
 endfacet
 facet normal  0.000000e+00  0.000000e+00  1.000000e+00
   outer loop
     vertex -1.119093e+00  8.930153e+00  5.000000e+01
     vertex -1.562834e+00  8.863270e+00  5.000000e+01
     vertex -2.500000e+00  7.500000e+00  5.000000e+01
   endloop
 endfacet
 facet normal  0.000000e+00  0.000000e+00  1.000000e+00
   outer loop
     vertex  8.955277e+00 -8.961106e-01  5.000000e+01
     vertex  2.500000e+00  5.000000e+00  5.000000e+01
     vertex  8.899477e+00 -1.341380e+00  5.000000e+01
   endloop
 endfacet
 facet normal  0.000000e+00  0.000000e+00  1.000000e+00
   outer loop
     vertex -6.725708e-01  8.974834e+00  5.000000e+01
     vertex -1.119093e+00  8.930153e+00  5.000000e+01
     vertex -2.500000e+00  7.500000e+00  5.000000e+01
   endloop
 endfacet
 facet normal  0.000000e+00  0.000000e+00  1.000000e+00
   outer loop
     vertex  8.988812e+00 -4.486130e-01  5.000000e+01
     vertex  2.500000e+00  5.000000e+00  5.000000e+01
     vertex  8.955277e+00 -8.961106e-01  5.000000e+01
   endloop
 endfacet
 facet normal  0.000000e+00  0.000000e+00  1.000000e+00
   outer loop
     vertex -2.243762e-01  8.997203e+00  5.000000e+01
     vertex -6.725708e-01  8.974834e+00  5.000000e+01
     vertex -2.500000e+00  7.500000e+00  5.000000e+01
   endloop
 endfacet
 facet normal  0.000000e+00  0.000000e+00  1.000000e+00
   outer loop
     vertex  9.000000e+00  0.000000e+00  5.000000e+01
     vertex  2.500000e+00  5.000000e+00  5.000000e+01
     vertex  8.988812e+00 -4.486130e-01  5.000000e+01
   endloop
 endfacet
 facet normal  0.000000e+00  0.000000e+00  1.000000e+00
   outer loop
     vertex  8.988812e+00  4.486130e-01  5.000000e+01
     vertex  2.500000e+00  5.000000e+00  5.000000e+01
     vertex  9.000000e+00  0.000000e+00  5.000000e+01
   endloop
 endfacet
 facet normal  0.000000e+00  0.000000e+00  1.000000e+00
   outer loop
     vertex  8.955277e+00  8.961106e-01  5.000000e+01
     vertex  2.500000e+00  5.000000e+00  5.000000e+01
     vertex  8.988812e+00  4.486130e-01  5.000000e+01
   endloop
 endfacet
 facet normal  0.000000e+00  0.000000e+00  1.000000e+00
   outer loop
     vertex  2.500000e+00  7.500000e+00  5.000000e+01
     vertex  6.725708e-01  8.974834e+00  5.000000e+01
     vertex  2.243762e-01  8.997203e+00  5.000000e+01
   endloop
 endfacet
 facet normal  0.000000e+00  0.000000e+00  1.000000e+00
   outer loop
     vertex  1.119093e+00  8.930153e+00  5.000000e+01
     vertex  6.725708e-01  8.974834e+00  5.000000e+01
     vertex  2.500000e+00  7.500000e+00  5.000000e+01
   endloop
 endfacet
 facet normal  0.000000e+00  0.000000e+00  1.000000e+00
   outer loop
     vertex  8.899477e+00  1.341380e+00  5.000000e+01
     vertex  2.500000e+00  5.000000e+00  5.000000e+01
     vertex  8.955277e+00  8.961106e-01  5.000000e+01
   endloop
 endfacet
 facet normal  0.000000e+00  0.000000e+00  1.000000e+00
   outer loop
     vertex  1.562834e+00  8.863270e+00  5.000000e+01
     vertex  1.119093e+00  8.930153e+00  5.000000e+01
     vertex  2.500000e+00  7.500000e+00  5.000000e+01
   endloop
 endfacet
 facet normal  0.000000e+00  0.000000e+00  1.000000e+00
   outer loop
     vertex  8.821552e+00  1.783315e+00  5.000000e+01
     vertex  2.500000e+00  5.000000e+00  5.000000e+01
     vertex  8.899477e+00  1.341380e+00  5.000000e+01
   endloop
 endfacet
 facet normal  0.000000e+00  0.000000e+00  1.000000e+00
   outer loop
     vertex  2.002688e+00  8.774351e+00  5.000000e+01
     vertex  1.562834e+00  8.863270e+00  5.000000e+01
     vertex  2.500000e+00  7.500000e+00  5.000000e+01
   endloop
 endfacet
 facet normal  0.000000e+00  0.000000e+00  1.000000e+00
   outer loop
     vertex  8.721696e+00  2.220817e+00  5.000000e+01
     vertex  2.500000e+00  5.000000e+00  5.000000e+01
     vertex  8.821552e+00  1.783315e+00  5.000000e+01
   endloop
 endfacet
 facet normal  0.000000e+00  0.000000e+00  1.000000e+00
   outer loop
     vertex  2.437564e+00  8.663618e+00  5.000000e+01
     vertex  2.002688e+00  8.774351e+00  5.000000e+01
     vertex  2.500000e+00  7.500000e+00  5.000000e+01
   endloop
 endfacet
 facet normal  0.000000e+00  0.000000e+00  1.000000e+00
   outer loop
     vertex  8.600155e+00  2.652797e+00  5.000000e+01
     vertex  2.500000e+00  5.000000e+00  5.000000e+01
     vertex  8.721696e+00  2.220817e+00  5.000000e+01
   endloop
 endfacet
 facet normal  0.000000e+00  0.000000e+00  1.000000e+00
   outer loop
     vertex  2.866380e+00  8.531346e+00  5.000000e+01
     vertex  2.437564e+00  8.663618e+00  5.000000e+01
     vertex  2.500000e+00  7.500000e+00  5.000000e+01
   endloop
 endfacet
 facet normal  0.000000e+00  0.000000e+00  1.000000e+00
   outer loop
     vertex  8.457234e+00  3.078181e+00  5.000000e+01
     vertex  2.500000e+00  5.000000e+00  5.000000e+01
     vertex  8.600155e+00  2.652797e+00  5.000000e+01
   endloop
 endfacet
 facet normal  0.000000e+00  0.000000e+00  1.000000e+00
   outer loop
     vertex  3.288069e+00  8.377864e+00  5.000000e+01
     vertex  2.866380e+00  8.531346e+00  5.000000e+01
     vertex  2.500000e+00  7.500000e+00  5.000000e+01
   endloop
 endfacet
 facet normal  0.000000e+00  0.000000e+00  1.000000e+00
   outer loop
     vertex  8.293286e+00  3.495913e+00  5.000000e+01
     vertex  2.500000e+00  5.000000e+00  5.000000e+01
     vertex  8.457234e+00  3.078181e+00  5.000000e+01
   endloop
 endfacet
 facet normal  0.000000e+00  0.000000e+00  1.000000e+00
   outer loop
     vertex  3.701584e+00  8.203553e+00  5.000000e+01
     vertex  3.288069e+00  8.377864e+00  5.000000e+01
     vertex  2.500000e+00  7.500000e+00  5.000000e+01
   endloop
 endfacet
 facet normal  0.000000e+00  0.000000e+00  1.000000e+00
   outer loop
     vertex  8.108720e+00  3.904954e+00  5.000000e+01
     vertex  2.500000e+00  5.000000e+00  5.000000e+01
     vertex  8.293286e+00  3.495913e+00  5.000000e+01
   endloop
 endfacet
 facet normal  0.000000e+00  0.000000e+00  1.000000e+00
   outer loop
     vertex  4.105896e+00  8.008846e+00  5.000000e+01
     vertex  3.701584e+00  8.203553e+00  5.000000e+01
     vertex  2.500000e+00  7.500000e+00  5.000000e+01
   endloop
 endfacet
 facet normal  0.000000e+00  0.000000e+00  1.000000e+00
   outer loop
     vertex  7.903994e+00  4.304286e+00  5.000000e+01
     vertex  2.500000e+00  5.000000e+00  5.000000e+01
     vertex  8.108720e+00  3.904954e+00  5.000000e+01
   endloop
 endfacet
 facet normal  0.000000e+00  0.000000e+00  1.000000e+00
   outer loop
     vertex  4.500000e+00  7.794229e+00  5.000000e+01
     vertex  2.500000e+00  7.500000e+00  5.000000e+01
     vertex  2.500000e+00  5.000000e+00  5.000000e+01
   endloop
 endfacet
 facet normal  0.000000e+00  0.000000e+00  1.000000e+00
   outer loop
     vertex  4.500000e+00  7.794229e+00  5.000000e+01
     vertex  4.105896e+00  8.008846e+00  5.000000e+01
     vertex  2.500000e+00  7.500000e+00  5.000000e+01
   endloop
 endfacet
 facet normal  0.000000e+00  0.000000e+00  1.000000e+00
   outer loop
     vertex  7.679618e+00  4.692917e+00  5.000000e+01
     vertex  2.500000e+00  5.000000e+00  5.000000e+01
     vertex  7.903994e+00  4.304286e+00  5.000000e+01
   endloop
 endfacet
 facet normal  0.000000e+00  0.000000e+00  1.000000e+00
   outer loop
     vertex  4.882916e+00  7.560233e+00  5.000000e+01
     vertex  4.500000e+00  7.794229e+00  5.000000e+01
     vertex  2.500000e+00  5.000000e+00  5.000000e+01
   endloop
 endfacet
 facet normal  0.000000e+00  0.000000e+00  1.000000e+00
   outer loop
     vertex  7.436149e+00  5.069881e+00  5.000000e+01
     vertex  2.500000e+00  5.000000e+00  5.000000e+01
     vertex  7.679618e+00  4.692917e+00  5.000000e+01
   endloop
 endfacet
 facet normal  0.000000e+00  0.000000e+00  1.000000e+00
   outer loop
     vertex  5.253693e+00  7.307442e+00  5.000000e+01
     vertex  4.882916e+00  7.560233e+00  5.000000e+01
     vertex  2.500000e+00  5.000000e+00  5.000000e+01
   endloop
 endfacet
 facet normal  0.000000e+00  0.000000e+00  1.000000e+00
   outer loop
     vertex  7.174193e+00  5.434240e+00  5.000000e+01
     vertex  2.500000e+00  5.000000e+00  5.000000e+01
     vertex  7.436149e+00  5.069881e+00  5.000000e+01
   endloop
 endfacet
 facet normal  0.000000e+00  0.000000e+00  1.000000e+00
   outer loop
     vertex  5.611408e+00  7.036483e+00  5.000000e+01
     vertex  5.253693e+00  7.307442e+00  5.000000e+01
     vertex  2.500000e+00  5.000000e+00  5.000000e+01
   endloop
 endfacet
 facet normal  0.000000e+00  0.000000e+00  1.000000e+00
   outer loop
     vertex  6.894400e+00  5.785088e+00  5.000000e+01
     vertex  2.500000e+00  5.000000e+00  5.000000e+01
     vertex  7.174193e+00  5.434240e+00  5.000000e+01
   endloop
 endfacet
 facet normal  0.000000e+00  0.000000e+00  1.000000e+00
   outer loop
     vertex  5.955173e+00  6.748031e+00  5.000000e+01
     vertex  5.611408e+00  7.036483e+00  5.000000e+01
     vertex  2.500000e+00  5.000000e+00  5.000000e+01
   endloop
 endfacet
 facet normal  0.000000e+00  0.000000e+00  1.000000e+00
   outer loop
     vertex  6.597467e+00  6.121555e+00  5.000000e+01
     vertex  2.500000e+00  5.000000e+00  5.000000e+01
     vertex  6.894400e+00  5.785088e+00  5.000000e+01
   endloop
 endfacet
 facet normal  0.000000e+00  0.000000e+00  1.000000e+00
   outer loop
     vertex  6.284131e+00  6.442802e+00  5.000000e+01
     vertex  5.955173e+00  6.748031e+00  5.000000e+01
     vertex  2.500000e+00  5.000000e+00  5.000000e+01
   endloop
 endfacet
 facet normal  0.000000e+00  0.000000e+00  1.000000e+00
   outer loop
     vertex  6.284131e+00  6.442802e+00  5.000000e+01
     vertex  2.500000e+00  5.000000e+00  5.000000e+01
     vertex  6.597467e+00  6.121555e+00  5.000000e+01
   endloop
 endfacet
 facet normal  0.000000e+00  0.000000e+00  1.000000e+00
   outer loop
     vertex -2.500000e+00  7.500000e+00  5.000000e+01
     vertex  2.500000e+00  7.500000e+00  5.000000e+01
     vertex  2.243762e-01  8.997203e+00  5.000000e+01
   endloop
 endfacet
 facet normal  0.000000e+00  0.000000e+00  1.000000e+00
   outer loop
     vertex -2.500000e+00  7.500000e+00  5.000000e+01
     vertex  2.243762e-01  8.997203e+00  5.000000e+01
     vertex -2.243762e-01  8.997203e+00  5.000000e+01
   endloop
 endfacet
 facet normal  1.000000e+00  0.000000e+00 -0.000000e+00
   outer loop
     vertex -2.500000e+00  7.500000e+00  0.000000e+00
     vertex -2.500000e+00  7.500000e+00  5.000000e+01
     vertex -2.500000e+00  5.000000e+00  5.000000e+01
   endloop
 endfacet
 facet normal  1.000000e+00  0.000000e+00  0.000000e+00
   outer loop
     vertex -2.500000e+00  7.500000e+00  0.000000e+00
     vertex -2.500000e+00  5.000000e+00  5.000000e+01
     vertex -2.500000e+00  5.000000e+00  0.000000e+00
   endloop
 endfacet
 facet normal  0.000000e+00  1.000000e+00 -0.000000e+00
   outer loop
     vertex  2.500000e+00  5.000000e+00  0.000000e+00
     vertex -2.500000e+00  5.000000e+00  5.000000e+01
     vertex  2.500000e+00  5.000000e+00  5.000000e+01
   endloop
 endfacet
 facet normal  0.000000e+00  1.000000e+00  0.000000e+00
   outer loop
     vertex  2.500000e+00  5.000000e+00  0.000000e+00
     vertex -2.500000e+00  5.000000e+00  0.000000e+00
     vertex -2.500000e+00  5.000000e+00  5.000000e+01
   endloop
 endfacet
 facet normal -1.000000e+00  0.000000e+00 -0.000000e+00
   outer loop
     vertex  2.500000e+00  7.500000e+00  5.000000e+01
     vertex  2.500000e+00  7.500000e+00  0.000000e+00
     vertex  2.500000e+00  5.000000e+00  0.000000e+00
   endloop
 endfacet
 facet normal -1.000000e+00 -0.000000e+00  0.000000e+00
   outer loop
     vertex  2.500000e+00  7.500000e+00  5.000000e+01
     vertex  2.500000e+00  5.000000e+00  0.000000e+00
     vertex  2.500000e+00  5.000000e+00  5.000000e+01
   endloop
 endfacet
 facet normal  0.000000e+00 -1.000000e+00  0.000000e+00
   outer loop
     vertex  2.500000e+00  7.500000e+00  0.000000e+00
     vertex  2.500000e+00  7.500000e+00  5.000000e+01
     vertex -2.500000e+00  7.500000e+00  5.000000e+01
   endloop
 endfacet
 facet normal  0.000000e+00 -1.000000e+00  0.000000e+00
   outer loop
     vertex  2.500000e+00  7.500000e+00  0.000000e+00
     vertex -2.500000e+00  7.500000e+00  5.000000e+01
     vertex -2.500000e+00  7.500000e+00  0.000000e+00
   endloop
 endfacet
endsolid
